country_name,iso3,year,boundary_name,wsdi_days,n_valid_cells,n_total_cells,grid_coverage_rate,wsdi_source_dataset,wsdi_source_version,base_period,aggregation,n_valid_years_1951_2018,time_coverage_rate,passes_time_coverage,wsdi_source_status,wsdi_missing_reason
Australia,AUS,1995,Australia,8.272672620405375,289,299,0.9665551839464883,HadEX3,3.0.4,1961-1990,grid_center_arithmetic_mean,68,1.0,True,available,
Australia,AUS,1996,Australia,5.087108667666928,290,299,0.9698996655518395,HadEX3,3.0.4,1961-1990,grid_center_arithmetic_mean,68,1.0,True,available,
Australia,AUS,1997,Australia,4.295687207507427,289,299,0.9665551839464883,HadEX3,3.0.4,1961-1990,grid_center_arithmetic_mean,68,1.0,True,available,
Australia,AUS,1998,Australia,13.085069915999112,290,299,0.9698996655518395,HadEX3,3.0.4,1961-1990,grid_center_arithmetic_mean,68,1.0,True,available,
Australia,AUS,1999,Australia,4.095538592852395,290,299,0.9698996655518395,HadEX3,3.0.4,1961-1990,grid_center_arithmetic_mean,68,1.0,True,available,
Australia,AUS,2000,Australia,3.3937758114574286,290,299,0.9698996655518395,HadEX3,3.0.4,1961-1990,grid_center_arithmetic_mean,68,1.0,True,available,
Australia,AUS,2001,Australia,6.65962926966363,290,299,0.9698996655518395,HadEX3,3.0.4,1961-1990,grid_center_arithmetic_mean,68,1.0,True,available,
Australia,AUS,2002,Australia,17.607603250289785,290,299,0.9698996655518395,HadEX3,3.0.4,1961-1990,grid_center_arithmetic_mean,68,1.0,True,available,
Australia,AUS,2003,Australia,7.972137541195442,290,299,0.9698996655518395,HadEX3,3.0.4,1961-1990,grid_center_arithmetic_mean,68,1.0,True,available,
Australia,AUS,2004,Australia,9.318152982279145,290,299,0.9698996655518395,HadEX3,3.0.4,1961-1990,grid_center_arithmetic_mean,68,1.0,True,available,
Australia,AUS,2005,Australia,18.432831354387876,290,299,0.9698996655518395,HadEX3,3.0.4,1961-1990,grid_center_arithmetic_mean,68,1.0,True,available,
Australia,AUS,2006,Australia,6.855143505026554,290,299,0.9698996655518395,HadEX3,3.0.4,1961-1990,grid_center_arithmetic_mean,68,1.0,True,available,
Australia,AUS,2007,Australia,12.06501451474985,289,299,0.9665551839464883,HadEX3,3.0.4,1961-1990,grid_center_arithmetic_mean,68,1.0,True,available,
Australia,AUS,2008,Australia,5.799526021709491,289,299,0.9665551839464883,HadEX3,3.0.4,1961-1990,grid_center_arithmetic_mean,68,1.0,True,available,
Australia,AUS,2009,Australia,17.293419765603954,290,299,0.9698996655518395,HadEX3,3.0.4,1961-1990,grid_center_arithmetic_mean,68,1.0,True,available,
Australia,AUS,2010,Australia,6.628964473050216,290,299,0.9698996655518395,HadEX3,3.0.4,1961-1990,grid_center_arithmetic_mean,68,1.0,True,available,
Australia,AUS,2011,Australia,5.018441885529921,290,299,0.9698996655518395,HadEX3,3.0.4,1961-1990,grid_center_arithmetic_mean,68,1.0,True,available,
Australia,AUS,2012,Australia,6.086431932581011,290,299,0.9698996655518395,HadEX3,3.0.4,1961-1990,grid_center_arithmetic_mean,68,1.0,True,available,
Australia,AUS,2013,Australia,18.62538745485503,290,299,0.9698996655518395,HadEX3,3.0.4,1961-1990,grid_center_arithmetic_mean,68,1.0,True,available,
Australia,AUS,2014,Australia,13.070585553399448,290,299,0.9698996655518395,HadEX3,3.0.4,1961-1990,grid_center_arithmetic_mean,68,1.0,True,available,
Australia,AUS,2015,Australia,12.795817938755299,290,299,0.9698996655518395,HadEX3,3.0.4,1961-1990,grid_center_arithmetic_mean,68,1.0,True,available,
Australia,AUS,2016,Australia,16.85088971458298,289,299,0.9665551839464883,HadEX3,3.0.4,1961-1990,grid_center_arithmetic_mean,68,1.0,True,available,
Australia,AUS,2017,Australia,16.178288652413134,138,299,0.46153846153846156,HadEX3,3.0.4,1961-1990,grid_center_arithmetic_mean,68,1.0,True,available,
Australia,AUS,2018,Australia,15.043041683790339,131,299,0.43812709030100333,HadEX3,3.0.4,1961-1990,grid_center_arithmetic_mean,68,1.0,True,available,
Austria,AUT,1995,Austria,7.351431131362915,4,4,1.0,HadEX3,3.0.4,1961-1990,grid_center_arithmetic_mean,68,1.0,True,available,
Austria,AUT,1996,Austria,7.789752840995789,4,4,1.0,HadEX3,3.0.4,1961-1990,grid_center_arithmetic_mean,68,1.0,True,available,
Austria,AUT,1997,Austria,10.731755256652832,4,4,1.0,HadEX3,3.0.4,1961-1990,grid_center_arithmetic_mean,68,1.0,True,available,
Austria,AUT,1998,Austria,23.259093284606934,4,4,1.0,HadEX3,3.0.4,1961-1990,grid_center_arithmetic_mean,68,1.0,True,available,
Austria,AUT,1999,Austria,11.351438760757446,4,4,1.0,HadEX3,3.0.4,1961-1990,grid_center_arithmetic_mean,68,1.0,True,available,
Austria,AUT,2000,Austria,18.2256441116333,4,4,1.0,HadEX3,3.0.4,1961-1990,grid_center_arithmetic_mean,68,1.0,True,available,
Austria,AUT,2001,Austria,9.643765449523926,4,4,1.0,HadEX3,3.0.4,1961-1990,grid_center_arithmetic_mean,68,1.0,True,available,
Austria,AUT,2002,Austria,21.713912963867188,4,4,1.0,HadEX3,3.0.4,1961-1990,grid_center_arithmetic_mean,68,1.0,True,available,
Austria,AUT,2003,Austria,31.56557559967041,4,4,1.0,HadEX3,3.0.4,1961-1990,grid_center_arithmetic_mean,68,1.0,True,available,
Austria,AUT,2004,Austria,10.80124831199646,4,4,1.0,HadEX3,3.0.4,1961-1990,grid_center_arithmetic_mean,68,1.0,True,available,
Austria,AUT,2005,Austria,14.873090505599976,4,4,1.0,HadEX3,3.0.4,1961-1990,grid_center_arithmetic_mean,68,1.0,True,available,
Austria,AUT,2006,Austria,24.461344242095947,4,4,1.0,HadEX3,3.0.4,1961-1990,grid_center_arithmetic_mean,68,1.0,True,available,
Austria,AUT,2007,Austria,34.16373825073242,4,4,1.0,HadEX3,3.0.4,1961-1990,grid_center_arithmetic_mean,68,1.0,True,available,
Austria,AUT,2008,Austria,14.676999807357788,4,4,1.0,HadEX3,3.0.4,1961-1990,grid_center_arithmetic_mean,68,1.0,True,available,
Austria,AUT,2009,Austria,16.96356773376465,4,4,1.0,HadEX3,3.0.4,1961-1990,grid_center_arithmetic_mean,68,1.0,True,available,
Austria,AUT,2010,Austria,9.50453782081604,4,4,1.0,HadEX3,3.0.4,1961-1990,grid_center_arithmetic_mean,68,1.0,True,available,
Austria,AUT,2011,Austria,24.680668830871582,4,4,1.0,HadEX3,3.0.4,1961-1990,grid_center_arithmetic_mean,68,1.0,True,available,
Austria,AUT,2012,Austria,24.61418056488037,4,4,1.0,HadEX3,3.0.4,1961-1990,grid_center_arithmetic_mean,68,1.0,True,available,
Austria,AUT,2013,Austria,13.676518201828003,4,4,1.0,HadEX3,3.0.4,1961-1990,grid_center_arithmetic_mean,68,1.0,True,available,
Austria,AUT,2014,Austria,20.343978881835938,4,4,1.0,HadEX3,3.0.4,1961-1990,grid_center_arithmetic_mean,68,1.0,True,available,
Austria,AUT,2015,Austria,39.510921478271484,4,4,1.0,HadEX3,3.0.4,1961-1990,grid_center_arithmetic_mean,68,1.0,True,available,
Austria,AUT,2016,Austria,17.626888275146484,4,4,1.0,HadEX3,3.0.4,1961-1990,grid_center_arithmetic_mean,68,1.0,True,available,
Austria,AUT,2017,Austria,19.857701301574707,4,4,1.0,HadEX3,3.0.4,1961-1990,grid_center_arithmetic_mean,68,1.0,True,available,
Austria,AUT,2018,Austria,38.687374114990234,4,4,1.0,HadEX3,3.0.4,1961-1990,grid_center_arithmetic_mean,68,1.0,True,available,
Belgium,BEL,1995,Belgium,10.77463150024414,1,1,1.0,HadEX3,3.0.4,1961-1990,grid_center_arithmetic_mean,68,1.0,True,available,
Belgium,BEL,1996,Belgium,4.546045303344727,1,1,1.0,HadEX3,3.0.4,1961-1990,grid_center_arithmetic_mean,68,1.0,True,available,
Belgium,BEL,1997,Belgium,11.491044998168945,1,1,1.0,HadEX3,3.0.4,1961-1990,grid_center_arithmetic_mean,68,1.0,True,available,
Belgium,BEL,1998,Belgium,19.709470748901367,1,1,1.0,HadEX3,3.0.4,1961-1990,grid_center_arithmetic_mean,68,1.0,True,available,
Belgium,BEL,1999,Belgium,10.605339050292969,1,1,1.0,HadEX3,3.0.4,1961-1990,grid_center_arithmetic_mean,68,1.0,True,available,
Belgium,BEL,2000,Belgium,11.868287086486816,1,1,1.0,HadEX3,3.0.4,1961-1990,grid_center_arithmetic_mean,68,1.0,True,available,
Belgium,BEL,2001,Belgium,5.381298065185547,1,1,1.0,HadEX3,3.0.4,1961-1990,grid_center_arithmetic_mean,68,1.0,True,available,
Belgium,BEL,2002,Belgium,18.01819610595703,1,1,1.0,HadEX3,3.0.4,1961-1990,grid_center_arithmetic_mean,68,1.0,True,available,
Belgium,BEL,2003,Belgium,24.600963592529297,1,1,1.0,HadEX3,3.0.4,1961-1990,grid_center_arithmetic_mean,68,1.0,True,available,
Belgium,BEL,2004,Belgium,11.006437301635742,1,1,1.0,HadEX3,3.0.4,1961-1990,grid_center_arithmetic_mean,68,1.0,True,available,
Belgium,BEL,2005,Belgium,20.29530143737793,1,1,1.0,HadEX3,3.0.4,1961-1990,grid_center_arithmetic_mean,68,1.0,True,available,
Belgium,BEL,2006,Belgium,25.16317367553711,1,1,1.0,HadEX3,3.0.4,1961-1990,grid_center_arithmetic_mean,68,1.0,True,available,
Belgium,BEL,2007,Belgium,25.69841766357422,1,1,1.0,HadEX3,3.0.4,1961-1990,grid_center_arithmetic_mean,68,1.0,True,available,
Belgium,BEL,2008,Belgium,10.525053024291992,1,1,1.0,HadEX3,3.0.4,1961-1990,grid_center_arithmetic_mean,68,1.0,True,available,
Belgium,BEL,2009,Belgium,11.635458946228027,1,1,1.0,HadEX3,3.0.4,1961-1990,grid_center_arithmetic_mean,68,1.0,True,available,
Belgium,BEL,2010,Belgium,4.10503625869751,1,1,1.0,HadEX3,3.0.4,1961-1990,grid_center_arithmetic_mean,68,1.0,True,available,
Belgium,BEL,2011,Belgium,21.6796875,1,1,1.0,HadEX3,3.0.4,1961-1990,grid_center_arithmetic_mean,68,1.0,True,available,
Belgium,BEL,2012,Belgium,14.181999206542969,1,1,1.0,HadEX3,3.0.4,1961-1990,grid_center_arithmetic_mean,68,1.0,True,available,
Belgium,BEL,2013,Belgium,5.973151683807373,1,1,1.0,HadEX3,3.0.4,1961-1990,grid_center_arithmetic_mean,68,1.0,True,available,
Belgium,BEL,2014,Belgium,17.76035499572754,1,1,1.0,HadEX3,3.0.4,1961-1990,grid_center_arithmetic_mean,68,1.0,True,available,
Belgium,BEL,2015,Belgium,29.87656593322754,1,1,1.0,HadEX3,3.0.4,1961-1990,grid_center_arithmetic_mean,68,1.0,True,available,
Belgium,BEL,2016,Belgium,14.186626434326172,1,1,1.0,HadEX3,3.0.4,1961-1990,grid_center_arithmetic_mean,68,1.0,True,available,
Belgium,BEL,2017,Belgium,12.565021514892578,1,1,1.0,HadEX3,3.0.4,1961-1990,grid_center_arithmetic_mean,68,1.0,True,available,
Belgium,BEL,2018,Belgium,32.89573287963867,1,1,1.0,HadEX3,3.0.4,1961-1990,grid_center_arithmetic_mean,68,1.0,True,available,
Bangladesh,BGD,1995,Bangladesh,6.6966582298278805,5,5,1.0,HadEX3,3.0.4,1961-1990,grid_center_arithmetic_mean,68,1.0,True,available,
Bangladesh,BGD,1996,Bangladesh,7.46376142501831,5,5,1.0,HadEX3,3.0.4,1961-1990,grid_center_arithmetic_mean,68,1.0,True,available,
Bangladesh,BGD,1997,Bangladesh,8.539276218414306,5,5,1.0,HadEX3,3.0.4,1961-1990,grid_center_arithmetic_mean,68,1.0,True,available,
Bangladesh,BGD,1998,Bangladesh,20.15386505126953,5,5,1.0,HadEX3,3.0.4,1961-1990,grid_center_arithmetic_mean,68,1.0,True,available,
Bangladesh,BGD,1999,Bangladesh,15.995520782470702,5,5,1.0,HadEX3,3.0.4,1961-1990,grid_center_arithmetic_mean,68,1.0,True,available,
Bangladesh,BGD,2000,Bangladesh,10.496526336669922,5,5,1.0,HadEX3,3.0.4,1961-1990,grid_center_arithmetic_mean,68,1.0,True,available,
Bangladesh,BGD,2001,Bangladesh,10.493428039550782,5,5,1.0,HadEX3,3.0.4,1961-1990,grid_center_arithmetic_mean,68,1.0,True,available,
Bangladesh,BGD,2002,Bangladesh,10.633681488037109,5,5,1.0,HadEX3,3.0.4,1961-1990,grid_center_arithmetic_mean,68,1.0,True,available,
Bangladesh,BGD,2003,Bangladesh,5.479648685455322,5,5,1.0,HadEX3,3.0.4,1961-1990,grid_center_arithmetic_mean,68,1.0,True,available,
Bangladesh,BGD,2004,Bangladesh,9.777034759521484,5,5,1.0,HadEX3,3.0.4,1961-1990,grid_center_arithmetic_mean,68,1.0,True,available,
Bangladesh,BGD,2005,Bangladesh,12.59833583831787,5,5,1.0,HadEX3,3.0.4,1961-1990,grid_center_arithmetic_mean,68,1.0,True,available,
Bangladesh,BGD,2006,Bangladesh,27.068470764160157,5,5,1.0,HadEX3,3.0.4,1961-1990,grid_center_arithmetic_mean,68,1.0,True,available,
Bangladesh,BGD,2007,Bangladesh,20.39101505279541,5,5,1.0,HadEX3,3.0.4,1961-1990,grid_center_arithmetic_mean,68,1.0,True,available,
Bangladesh,BGD,2008,Bangladesh,16.402806282043457,5,5,1.0,HadEX3,3.0.4,1961-1990,grid_center_arithmetic_mean,68,1.0,True,available,
Bangladesh,BGD,2009,Bangladesh,39.270867919921876,5,5,1.0,HadEX3,3.0.4,1961-1990,grid_center_arithmetic_mean,68,1.0,True,available,
Bangladesh,BGD,2010,Bangladesh,20.858654403686522,5,5,1.0,HadEX3,3.0.4,1961-1990,grid_center_arithmetic_mean,68,1.0,True,available,
Bangladesh,BGD,2011,Bangladesh,25.10926513671875,5,5,1.0,HadEX3,3.0.4,1961-1990,grid_center_arithmetic_mean,68,1.0,True,available,
Bangladesh,BGD,2012,Bangladesh,14.362358665466308,5,5,1.0,HadEX3,3.0.4,1961-1990,grid_center_arithmetic_mean,68,1.0,True,available,
Bangladesh,BGD,2013,Bangladesh,31.288972473144533,5,5,1.0,HadEX3,3.0.4,1961-1990,grid_center_arithmetic_mean,68,1.0,True,available,
Bangladesh,BGD,2014,Bangladesh,27.833589935302733,5,5,1.0,HadEX3,3.0.4,1961-1990,grid_center_arithmetic_mean,68,1.0,True,available,
Bangladesh,BGD,2015,Bangladesh,27.707755279541015,5,5,1.0,HadEX3,3.0.4,1961-1990,grid_center_arithmetic_mean,68,1.0,True,available,
Bangladesh,BGD,2016,Bangladesh,34.93363304138184,5,5,1.0,HadEX3,3.0.4,1961-1990,grid_center_arithmetic_mean,68,1.0,True,available,
Bangladesh,BGD,2017,Bangladesh,37.22387199401855,5,5,1.0,HadEX3,3.0.4,1961-1990,grid_center_arithmetic_mean,68,1.0,True,available,
Bangladesh,BGD,2018,Bangladesh,22.15741958618164,5,5,1.0,HadEX3,3.0.4,1961-1990,grid_center_arithmetic_mean,68,1.0,True,available,
Brazil,BRA,1995,Brazil,15.558872312704722,300,301,0.9966777408637874,HadEX3,3.0.4,1961-1990,grid_center_arithmetic_mean,68,1.0,True,available,
Brazil,BRA,1996,Brazil,7.449992216775815,300,301,0.9966777408637874,HadEX3,3.0.4,1961-1990,grid_center_arithmetic_mean,68,1.0,True,available,
Brazil,BRA,1997,Brazil,19.80915781656901,300,301,0.9966777408637874,HadEX3,3.0.4,1961-1990,grid_center_arithmetic_mean,68,1.0,True,available,
Brazil,BRA,1998,Brazil,38.16166542967161,300,301,0.9966777408637874,HadEX3,3.0.4,1961-1990,grid_center_arithmetic_mean,68,1.0,True,available,
Brazil,BRA,1999,Brazil,12.672879394491513,300,301,0.9966777408637874,HadEX3,3.0.4,1961-1990,grid_center_arithmetic_mean,68,1.0,True,available,
Brazil,BRA,2000,Brazil,7.90610781232516,300,301,0.9966777408637874,HadEX3,3.0.4,1961-1990,grid_center_arithmetic_mean,68,1.0,True,available,
Brazil,BRA,2001,Brazil,21.96992870648702,300,301,0.9966777408637874,HadEX3,3.0.4,1961-1990,grid_center_arithmetic_mean,68,1.0,True,available,
Brazil,BRA,2002,Brazil,27.649114571412404,300,301,0.9966777408637874,HadEX3,3.0.4,1961-1990,grid_center_arithmetic_mean,68,1.0,True,available,
Brazil,BRA,2003,Brazil,28.358404749234516,300,301,0.9966777408637874,HadEX3,3.0.4,1961-1990,grid_center_arithmetic_mean,68,1.0,True,available,
Brazil,BRA,2004,Brazil,20.55875586748123,300,301,0.9966777408637874,HadEX3,3.0.4,1961-1990,grid_center_arithmetic_mean,68,1.0,True,available,
Brazil,BRA,2005,Brazil,43.991349166234336,300,301,0.9966777408637874,HadEX3,3.0.4,1961-1990,grid_center_arithmetic_mean,68,1.0,True,available,
Brazil,BRA,2006,Brazil,27.656490001678467,300,301,0.9966777408637874,HadEX3,3.0.4,1961-1990,grid_center_arithmetic_mean,68,1.0,True,available,
Brazil,BRA,2007,Brazil,39.17538277308146,300,301,0.9966777408637874,HadEX3,3.0.4,1961-1990,grid_center_arithmetic_mean,68,1.0,True,available,
Brazil,BRA,2008,Brazil,28.56233536720276,300,301,0.9966777408637874,HadEX3,3.0.4,1961-1990,grid_center_arithmetic_mean,68,1.0,True,available,
Brazil,BRA,2009,Brazil,35.870371024345474,299,301,0.9933554817275747,HadEX3,3.0.4,1961-1990,grid_center_arithmetic_mean,68,1.0,True,available,
Brazil,BRA,2010,Brazil,55.50639685420288,299,301,0.9933554817275747,HadEX3,3.0.4,1961-1990,grid_center_arithmetic_mean,68,1.0,True,available,
Brazil,BRA,2011,Brazil,32.45687044848999,300,301,0.9966777408637874,HadEX3,3.0.4,1961-1990,grid_center_arithmetic_mean,68,1.0,True,available,
Brazil,BRA,2012,Brazil,45.21654466629028,300,301,0.9966777408637874,HadEX3,3.0.4,1961-1990,grid_center_arithmetic_mean,68,1.0,True,available,
Brazil,BRA,2013,Brazil,27.838613013426464,300,301,0.9966777408637874,HadEX3,3.0.4,1961-1990,grid_center_arithmetic_mean,68,1.0,True,available,
Brazil,BRA,2014,Brazil,32.1486188394052,297,301,0.9867109634551495,HadEX3,3.0.4,1961-1990,grid_center_arithmetic_mean,68,1.0,True,available,
Brazil,BRA,2015,Brazil,73.33687432607015,297,301,0.9867109634551495,HadEX3,3.0.4,1961-1990,grid_center_arithmetic_mean,68,1.0,True,available,
Brazil,BRA,2016,Brazil,72.53666537415748,255,301,0.8471760797342193,HadEX3,3.0.4,1961-1990,grid_center_arithmetic_mean,68,1.0,True,available,
Brazil,BRA,2017,Brazil,37.640597441136194,277,301,0.920265780730897,HadEX3,3.0.4,1961-1990,grid_center_arithmetic_mean,68,1.0,True,available,
Brazil,BRA,2018,Brazil,47.90231366936429,251,301,0.8338870431893688,HadEX3,3.0.4,1961-1990,grid_center_arithmetic_mean,68,1.0,True,available,
Canada,CAN,1995,Canada,8.475399663108727,688,710,0.9690140845070423,HadEX3,3.0.4,1961-1990,grid_center_arithmetic_mean,68,1.0,True,available,
Canada,CAN,1996,Canada,5.147083702475526,688,710,0.9690140845070423,HadEX3,3.0.4,1961-1990,grid_center_arithmetic_mean,68,1.0,True,available,
Canada,CAN,1997,Canada,5.863248943372867,688,710,0.9690140845070423,HadEX3,3.0.4,1961-1990,grid_center_arithmetic_mean,68,1.0,True,available,
Canada,CAN,1998,Canada,13.79415087887021,688,710,0.9690140845070423,HadEX3,3.0.4,1961-1990,grid_center_arithmetic_mean,68,1.0,True,available,
Canada,CAN,1999,Canada,7.810935180894164,688,710,0.9690140845070423,HadEX3,3.0.4,1961-1990,grid_center_arithmetic_mean,68,1.0,True,available,
Canada,CAN,2000,Canada,6.087046361744924,688,710,0.9690140845070423,HadEX3,3.0.4,1961-1990,grid_center_arithmetic_mean,68,1.0,True,available,
Canada,CAN,2001,Canada,6.469713470097198,688,710,0.9690140845070423,HadEX3,3.0.4,1961-1990,grid_center_arithmetic_mean,68,1.0,True,available,
Canada,CAN,2002,Canada,10.498261818878872,688,710,0.9690140845070423,HadEX3,3.0.4,1961-1990,grid_center_arithmetic_mean,68,1.0,True,available,
Canada,CAN,2003,Canada,8.213161694449047,688,710,0.9690140845070423,HadEX3,3.0.4,1961-1990,grid_center_arithmetic_mean,68,1.0,True,available,
Canada,CAN,2004,Canada,3.065172303029401,688,710,0.9690140845070423,HadEX3,3.0.4,1961-1990,grid_center_arithmetic_mean,68,1.0,True,available,
Canada,CAN,2005,Canada,11.399825984655424,688,710,0.9690140845070423,HadEX3,3.0.4,1961-1990,grid_center_arithmetic_mean,68,1.0,True,available,
Canada,CAN,2006,Canada,13.688550392209097,688,710,0.9690140845070423,HadEX3,3.0.4,1961-1990,grid_center_arithmetic_mean,68,1.0,True,available,
Canada,CAN,2007,Canada,5.132210995395516,688,710,0.9690140845070423,HadEX3,3.0.4,1961-1990,grid_center_arithmetic_mean,68,1.0,True,available,
Canada,CAN,2008,Canada,4.264487376696495,688,710,0.9690140845070423,HadEX3,3.0.4,1961-1990,grid_center_arithmetic_mean,68,1.0,True,available,
Canada,CAN,2009,Canada,9.167410422549692,688,710,0.9690140845070423,HadEX3,3.0.4,1961-1990,grid_center_arithmetic_mean,68,1.0,True,available,
Canada,CAN,2010,Canada,20.443983459195426,688,710,0.9690140845070423,HadEX3,3.0.4,1961-1990,grid_center_arithmetic_mean,68,1.0,True,available,
Canada,CAN,2011,Canada,9.847323229146559,688,710,0.9690140845070423,HadEX3,3.0.4,1961-1990,grid_center_arithmetic_mean,68,1.0,True,available,
Canada,CAN,2012,Canada,10.330313350052334,688,710,0.9690140845070423,HadEX3,3.0.4,1961-1990,grid_center_arithmetic_mean,68,1.0,True,available,
Canada,CAN,2013,Canada,8.68393842330159,688,710,0.9690140845070423,HadEX3,3.0.4,1961-1990,grid_center_arithmetic_mean,68,1.0,True,available,
Canada,CAN,2014,Canada,3.5715097143899563,688,710,0.9690140845070423,HadEX3,3.0.4,1961-1990,grid_center_arithmetic_mean,68,1.0,True,available,
Canada,CAN,2015,Canada,8.834291429367177,688,710,0.9690140845070423,HadEX3,3.0.4,1961-1990,grid_center_arithmetic_mean,68,1.0,True,available,
Canada,CAN,2016,Canada,10.040435451407765,688,710,0.9690140845070423,HadEX3,3.0.4,1961-1990,grid_center_arithmetic_mean,68,1.0,True,available,
Canada,CAN,2017,Canada,9.24504356380812,688,710,0.9690140845070423,HadEX3,3.0.4,1961-1990,grid_center_arithmetic_mean,68,1.0,True,available,
Canada,CAN,2018,Canada,4.3928163680782975,470,710,0.6619718309859155,HadEX3,3.0.4,1961-1990,grid_center_arithmetic_mean,68,1.0,True,available,
Switzerland,CHE,1995,Switzerland,7.6567769050598145,3,3,1.0,HadEX3,3.0.4,1961-1990,grid_center_arithmetic_mean,68,1.0,True,available,
Switzerland,CHE,1996,Switzerland,6.921897093454997,3,3,1.0,HadEX3,3.0.4,1961-1990,grid_center_arithmetic_mean,68,1.0,True,available,
Switzerland,CHE,1997,Switzerland,12.179792404174805,3,3,1.0,HadEX3,3.0.4,1961-1990,grid_center_arithmetic_mean,68,1.0,True,available,
Switzerland,CHE,1998,Switzerland,24.60598882039388,3,3,1.0,HadEX3,3.0.4,1961-1990,grid_center_arithmetic_mean,68,1.0,True,available,
Switzerland,CHE,1999,Switzerland,12.258726755777994,3,3,1.0,HadEX3,3.0.4,1961-1990,grid_center_arithmetic_mean,68,1.0,True,available,
Switzerland,CHE,2000,Switzerland,13.70333194732666,3,3,1.0,HadEX3,3.0.4,1961-1990,grid_center_arithmetic_mean,68,1.0,True,available,
Switzerland,CHE,2001,Switzerland,11.0632537206014,3,3,1.0,HadEX3,3.0.4,1961-1990,grid_center_arithmetic_mean,68,1.0,True,available,
Switzerland,CHE,2002,Switzerland,19.099456787109375,3,3,1.0,HadEX3,3.0.4,1961-1990,grid_center_arithmetic_mean,68,1.0,True,available,
Switzerland,CHE,2003,Switzerland,37.45765050252279,3,3,1.0,HadEX3,3.0.4,1961-1990,grid_center_arithmetic_mean,68,1.0,True,available,
Switzerland,CHE,2004,Switzerland,12.460050900777182,3,3,1.0,HadEX3,3.0.4,1961-1990,grid_center_arithmetic_mean,68,1.0,True,available,
Switzerland,CHE,2005,Switzerland,19.983685811360676,3,3,1.0,HadEX3,3.0.4,1961-1990,grid_center_arithmetic_mean,68,1.0,True,available,
Switzerland,CHE,2006,Switzerland,25.423738479614258,3,3,1.0,HadEX3,3.0.4,1961-1990,grid_center_arithmetic_mean,68,1.0,True,available,
Switzerland,CHE,2007,Switzerland,33.39744186401367,3,3,1.0,HadEX3,3.0.4,1961-1990,grid_center_arithmetic_mean,68,1.0,True,available,
Switzerland,CHE,2008,Switzerland,13.3612060546875,3,3,1.0,HadEX3,3.0.4,1961-1990,grid_center_arithmetic_mean,68,1.0,True,available,
Switzerland,CHE,2009,Switzerland,17.12513319651286,3,3,1.0,HadEX3,3.0.4,1961-1990,grid_center_arithmetic_mean,68,1.0,True,available,
Switzerland,CHE,2010,Switzerland,7.03048578898112,3,3,1.0,HadEX3,3.0.4,1961-1990,grid_center_arithmetic_mean,68,1.0,True,available,
Switzerland,CHE,2011,Switzerland,27.9445743560791,3,3,1.0,HadEX3,3.0.4,1961-1990,grid_center_arithmetic_mean,68,1.0,True,available,
Switzerland,CHE,2012,Switzerland,22.833477020263672,3,3,1.0,HadEX3,3.0.4,1961-1990,grid_center_arithmetic_mean,68,1.0,True,available,
Switzerland,CHE,2013,Switzerland,10.134337743123373,3,3,1.0,HadEX3,3.0.4,1961-1990,grid_center_arithmetic_mean,68,1.0,True,available,
Switzerland,CHE,2014,Switzerland,19.828847885131836,3,3,1.0,HadEX3,3.0.4,1961-1990,grid_center_arithmetic_mean,68,1.0,True,available,
Switzerland,CHE,2015,Switzerland,39.600050608317055,3,3,1.0,HadEX3,3.0.4,1961-1990,grid_center_arithmetic_mean,68,1.0,True,available,
Switzerland,CHE,2016,Switzerland,19.05670166015625,3,3,1.0,HadEX3,3.0.4,1961-1990,grid_center_arithmetic_mean,68,1.0,True,available,
Switzerland,CHE,2017,Switzerland,25.3046449025472,3,3,1.0,HadEX3,3.0.4,1961-1990,grid_center_arithmetic_mean,68,1.0,True,available,
Switzerland,CHE,2018,Switzerland,36.44027455647787,3,3,1.0,HadEX3,3.0.4,1961-1990,grid_center_arithmetic_mean,68,1.0,True,available,
Chile,CHL,1995,Chile,2.126941719651222,30,33,0.9090909090909091,HadEX3,3.0.4,1961-1990,grid_center_arithmetic_mean,68,1.0,True,available,
Chile,CHL,1996,Chile,2.3902553776899973,30,33,0.9090909090909091,HadEX3,3.0.4,1961-1990,grid_center_arithmetic_mean,68,1.0,True,available,
Chile,CHL,1997,Chile,15.706621513764064,30,33,0.9090909090909091,HadEX3,3.0.4,1961-1990,grid_center_arithmetic_mean,68,1.0,True,available,
Chile,CHL,1998,Chile,7.895945743719737,30,33,0.9090909090909091,HadEX3,3.0.4,1961-1990,grid_center_arithmetic_mean,68,1.0,True,available,
Chile,CHL,1999,Chile,0.39705919303620857,30,33,0.9090909090909091,HadEX3,3.0.4,1961-1990,grid_center_arithmetic_mean,68,1.0,True,available,
Chile,CHL,2000,Chile,0.28993755479653677,30,33,0.9090909090909091,HadEX3,3.0.4,1961-1990,grid_center_arithmetic_mean,68,1.0,True,available,
Chile,CHL,2001,Chile,1.0504655420780182,30,33,0.9090909090909091,HadEX3,3.0.4,1961-1990,grid_center_arithmetic_mean,68,1.0,True,available,
Chile,CHL,2002,Chile,2.3370103130737943,30,33,0.9090909090909091,HadEX3,3.0.4,1961-1990,grid_center_arithmetic_mean,68,1.0,True,available,
Chile,CHL,2003,Chile,2.3111103494962055,30,33,0.9090909090909091,HadEX3,3.0.4,1961-1990,grid_center_arithmetic_mean,68,1.0,True,available,
Chile,CHL,2004,Chile,3.7413347283999125,30,33,0.9090909090909091,HadEX3,3.0.4,1961-1990,grid_center_arithmetic_mean,68,1.0,True,available,
Chile,CHL,2005,Chile,2.570723609843602,30,33,0.9090909090909091,HadEX3,3.0.4,1961-1990,grid_center_arithmetic_mean,68,1.0,True,available,
Chile,CHL,2006,Chile,1.4164398290216922,30,33,0.9090909090909091,HadEX3,3.0.4,1961-1990,grid_center_arithmetic_mean,68,1.0,True,available,
Chile,CHL,2007,Chile,1.1472645377119381,30,33,0.9090909090909091,HadEX3,3.0.4,1961-1990,grid_center_arithmetic_mean,68,1.0,True,available,
Chile,CHL,2008,Chile,7.326546823978424,30,33,0.9090909090909091,HadEX3,3.0.4,1961-1990,grid_center_arithmetic_mean,68,1.0,True,available,
Chile,CHL,2009,Chile,3.680332537492116,30,33,0.9090909090909091,HadEX3,3.0.4,1961-1990,grid_center_arithmetic_mean,68,1.0,True,available,
Chile,CHL,2010,Chile,1.9063492139180502,30,33,0.9090909090909091,HadEX3,3.0.4,1961-1990,grid_center_arithmetic_mean,68,1.0,True,available,
Chile,CHL,2011,Chile,1.639417325456937,30,33,0.9090909090909091,HadEX3,3.0.4,1961-1990,grid_center_arithmetic_mean,68,1.0,True,available,
Chile,CHL,2012,Chile,6.342786073684692,30,33,0.9090909090909091,HadEX3,3.0.4,1961-1990,grid_center_arithmetic_mean,68,1.0,True,available,
Chile,CHL,2013,Chile,10.214898045857748,30,33,0.9090909090909091,HadEX3,3.0.4,1961-1990,grid_center_arithmetic_mean,68,1.0,True,available,
Chile,CHL,2014,Chile,3.9119001706441243,30,33,0.9090909090909091,HadEX3,3.0.4,1961-1990,grid_center_arithmetic_mean,68,1.0,True,available,
Chile,CHL,2015,Chile,4.7198890257626775,30,33,0.9090909090909091,HadEX3,3.0.4,1961-1990,grid_center_arithmetic_mean,68,1.0,True,available,
Chile,CHL,2016,Chile,7.261249303817749,30,33,0.9090909090909091,HadEX3,3.0.4,1961-1990,grid_center_arithmetic_mean,68,1.0,True,available,
Chile,CHL,2017,Chile,6.596860913435618,30,33,0.9090909090909091,HadEX3,3.0.4,1961-1990,grid_center_arithmetic_mean,68,1.0,True,available,
Chile,CHL,2018,Chile,0.8910221822302917,29,33,0.8787878787878788,HadEX3,3.0.4,1961-1990,grid_center_arithmetic_mean,68,1.0,True,available,
China,CHN,1995,China,6.68744713986124,409,411,0.9951338199513382,HadEX3,3.0.4,1961-1990,grid_center_arithmetic_mean,68,1.0,True,available,
China,CHN,1996,China,5.951183279161057,409,411,0.9951338199513382,HadEX3,3.0.4,1961-1990,grid_center_arithmetic_mean,68,1.0,True,available,
China,CHN,1997,China,11.692027850955506,409,411,0.9951338199513382,HadEX3,3.0.4,1961-1990,grid_center_arithmetic_mean,68,1.0,True,available,
China,CHN,1998,China,17.45232787050653,409,411,0.9951338199513382,HadEX3,3.0.4,1961-1990,grid_center_arithmetic_mean,68,1.0,True,available,
China,CHN,1999,China,11.874566543364583,409,411,0.9951338199513382,HadEX3,3.0.4,1961-1990,grid_center_arithmetic_mean,68,1.0,True,available,
China,CHN,2000,China,6.815129824838895,409,411,0.9951338199513382,HadEX3,3.0.4,1961-1990,grid_center_arithmetic_mean,68,1.0,True,available,
China,CHN,2001,China,10.22078944884769,409,411,0.9951338199513382,HadEX3,3.0.4,1961-1990,grid_center_arithmetic_mean,68,1.0,True,available,
China,CHN,2002,China,16.45359324709419,409,411,0.9951338199513382,HadEX3,3.0.4,1961-1990,grid_center_arithmetic_mean,68,1.0,True,available,
China,CHN,2003,China,7.8796554908775756,409,411,0.9951338199513382,HadEX3,3.0.4,1961-1990,grid_center_arithmetic_mean,68,1.0,True,available,
China,CHN,2004,China,9.645222866739212,409,411,0.9951338199513382,HadEX3,3.0.4,1961-1990,grid_center_arithmetic_mean,68,1.0,True,available,
China,CHN,2005,China,8.949190770501321,409,411,0.9951338199513382,HadEX3,3.0.4,1961-1990,grid_center_arithmetic_mean,68,1.0,True,available,
China,CHN,2006,China,17.63348557138793,409,411,0.9951338199513382,HadEX3,3.0.4,1961-1990,grid_center_arithmetic_mean,68,1.0,True,available,
China,CHN,2007,China,17.450958640184844,409,411,0.9951338199513382,HadEX3,3.0.4,1961-1990,grid_center_arithmetic_mean,68,1.0,True,available,
China,CHN,2008,China,12.40535853136431,409,411,0.9951338199513382,HadEX3,3.0.4,1961-1990,grid_center_arithmetic_mean,68,1.0,True,available,
China,CHN,2009,China,13.172359970787626,409,411,0.9951338199513382,HadEX3,3.0.4,1961-1990,grid_center_arithmetic_mean,68,1.0,True,available,
China,CHN,2010,China,15.428869562218999,409,411,0.9951338199513382,HadEX3,3.0.4,1961-1990,grid_center_arithmetic_mean,68,1.0,True,available,
China,CHN,2011,China,9.924200458748125,409,411,0.9951338199513382,HadEX3,3.0.4,1961-1990,grid_center_arithmetic_mean,68,1.0,True,available,
China,CHN,2012,China,4.5504274394518,409,411,0.9951338199513382,HadEX3,3.0.4,1961-1990,grid_center_arithmetic_mean,68,1.0,True,available,
China,CHN,2013,China,17.66296329766439,409,411,0.9951338199513382,HadEX3,3.0.4,1961-1990,grid_center_arithmetic_mean,68,1.0,True,available,
China,CHN,2014,China,12.094703354870486,409,411,0.9951338199513382,HadEX3,3.0.4,1961-1990,grid_center_arithmetic_mean,68,1.0,True,available,
China,CHN,2015,China,13.055299614344365,409,411,0.9951338199513382,HadEX3,3.0.4,1961-1990,grid_center_arithmetic_mean,68,1.0,True,available,
China,CHN,2016,China,16.565485666316995,409,411,0.9951338199513382,HadEX3,3.0.4,1961-1990,grid_center_arithmetic_mean,68,1.0,True,available,
China,CHN,2017,China,13.843066887051085,409,411,0.9951338199513382,HadEX3,3.0.4,1961-1990,grid_center_arithmetic_mean,68,1.0,True,available,
China,CHN,2018,China,12.850156645320155,409,411,0.9951338199513382,HadEX3,3.0.4,1961-1990,grid_center_arithmetic_mean,68,1.0,True,available,
Côte d'Ivoire,CIV,1995,Côte d'Ivoire,,,11,,HadEX3,3.0.4,1961-1990,grid_center_arithmetic_mean,0,0.0,False,missing_in_source_or_coverage_filter,failed_time_coverage
Côte d'Ivoire,CIV,1996,Côte d'Ivoire,,,11,,HadEX3,3.0.4,1961-1990,grid_center_arithmetic_mean,0,0.0,False,missing_in_source_or_coverage_filter,failed_time_coverage
Côte d'Ivoire,CIV,1997,Côte d'Ivoire,,,11,,HadEX3,3.0.4,1961-1990,grid_center_arithmetic_mean,0,0.0,False,missing_in_source_or_coverage_filter,failed_time_coverage
Côte d'Ivoire,CIV,1998,Côte d'Ivoire,,,11,,HadEX3,3.0.4,1961-1990,grid_center_arithmetic_mean,0,0.0,False,missing_in_source_or_coverage_filter,failed_time_coverage
Côte d'Ivoire,CIV,1999,Côte d'Ivoire,,,11,,HadEX3,3.0.4,1961-1990,grid_center_arithmetic_mean,0,0.0,False,missing_in_source_or_coverage_filter,failed_time_coverage
Côte d'Ivoire,CIV,2000,Côte d'Ivoire,,,11,,HadEX3,3.0.4,1961-1990,grid_center_arithmetic_mean,0,0.0,False,missing_in_source_or_coverage_filter,failed_time_coverage
Côte d'Ivoire,CIV,2001,Côte d'Ivoire,,,11,,HadEX3,3.0.4,1961-1990,grid_center_arithmetic_mean,0,0.0,False,missing_in_source_or_coverage_filter,failed_time_coverage
Côte d'Ivoire,CIV,2002,Côte d'Ivoire,,,11,,HadEX3,3.0.4,1961-1990,grid_center_arithmetic_mean,0,0.0,False,missing_in_source_or_coverage_filter,failed_time_coverage
Côte d'Ivoire,CIV,2003,Côte d'Ivoire,,,11,,HadEX3,3.0.4,1961-1990,grid_center_arithmetic_mean,0,0.0,False,missing_in_source_or_coverage_filter,failed_time_coverage
Côte d'Ivoire,CIV,2004,Côte d'Ivoire,,,11,,HadEX3,3.0.4,1961-1990,grid_center_arithmetic_mean,0,0.0,False,missing_in_source_or_coverage_filter,failed_time_coverage
Côte d'Ivoire,CIV,2005,Côte d'Ivoire,,,11,,HadEX3,3.0.4,1961-1990,grid_center_arithmetic_mean,0,0.0,False,missing_in_source_or_coverage_filter,failed_time_coverage
Côte d'Ivoire,CIV,2006,Côte d'Ivoire,,,11,,HadEX3,3.0.4,1961-1990,grid_center_arithmetic_mean,0,0.0,False,missing_in_source_or_coverage_filter,failed_time_coverage
Côte d'Ivoire,CIV,2007,Côte d'Ivoire,,,11,,HadEX3,3.0.4,1961-1990,grid_center_arithmetic_mean,0,0.0,False,missing_in_source_or_coverage_filter,failed_time_coverage
Côte d'Ivoire,CIV,2008,Côte d'Ivoire,,,11,,HadEX3,3.0.4,1961-1990,grid_center_arithmetic_mean,0,0.0,False,missing_in_source_or_coverage_filter,failed_time_coverage
Côte d'Ivoire,CIV,2009,Côte d'Ivoire,,,11,,HadEX3,3.0.4,1961-1990,grid_center_arithmetic_mean,0,0.0,False,missing_in_source_or_coverage_filter,failed_time_coverage
Côte d'Ivoire,CIV,2010,Côte d'Ivoire,,,11,,HadEX3,3.0.4,1961-1990,grid_center_arithmetic_mean,0,0.0,False,missing_in_source_or_coverage_filter,failed_time_coverage
Côte d'Ivoire,CIV,2011,Côte d'Ivoire,,,11,,HadEX3,3.0.4,1961-1990,grid_center_arithmetic_mean,0,0.0,False,missing_in_source_or_coverage_filter,failed_time_coverage
Côte d'Ivoire,CIV,2012,Côte d'Ivoire,,,11,,HadEX3,3.0.4,1961-1990,grid_center_arithmetic_mean,0,0.0,False,missing_in_source_or_coverage_filter,failed_time_coverage
Côte d'Ivoire,CIV,2013,Côte d'Ivoire,,,11,,HadEX3,3.0.4,1961-1990,grid_center_arithmetic_mean,0,0.0,False,missing_in_source_or_coverage_filter,failed_time_coverage
Côte d'Ivoire,CIV,2014,Côte d'Ivoire,,,11,,HadEX3,3.0.4,1961-1990,grid_center_arithmetic_mean,0,0.0,False,missing_in_source_or_coverage_filter,failed_time_coverage
Côte d'Ivoire,CIV,2015,Côte d'Ivoire,,,11,,HadEX3,3.0.4,1961-1990,grid_center_arithmetic_mean,0,0.0,False,missing_in_source_or_coverage_filter,failed_time_coverage
Côte d'Ivoire,CIV,2016,Côte d'Ivoire,,,11,,HadEX3,3.0.4,1961-1990,grid_center_arithmetic_mean,0,0.0,False,missing_in_source_or_coverage_filter,failed_time_coverage
Côte d'Ivoire,CIV,2017,Côte d'Ivoire,,,11,,HadEX3,3.0.4,1961-1990,grid_center_arithmetic_mean,0,0.0,False,missing_in_source_or_coverage_filter,failed_time_coverage
Côte d'Ivoire,CIV,2018,Côte d'Ivoire,,,11,,HadEX3,3.0.4,1961-1990,grid_center_arithmetic_mean,0,0.0,False,missing_in_source_or_coverage_filter,failed_time_coverage
Colombia,COL,1995,Colombia,,,40,,HadEX3,3.0.4,1961-1990,grid_center_arithmetic_mean,54,0.7941176470588235,False,missing_in_source_or_coverage_filter,failed_time_coverage
Colombia,COL,1996,Colombia,,,40,,HadEX3,3.0.4,1961-1990,grid_center_arithmetic_mean,54,0.7941176470588235,False,missing_in_source_or_coverage_filter,failed_time_coverage
Colombia,COL,1997,Colombia,,,40,,HadEX3,3.0.4,1961-1990,grid_center_arithmetic_mean,54,0.7941176470588235,False,missing_in_source_or_coverage_filter,failed_time_coverage
Colombia,COL,1998,Colombia,,,40,,HadEX3,3.0.4,1961-1990,grid_center_arithmetic_mean,54,0.7941176470588235,False,missing_in_source_or_coverage_filter,failed_time_coverage
Colombia,COL,1999,Colombia,,,40,,HadEX3,3.0.4,1961-1990,grid_center_arithmetic_mean,54,0.7941176470588235,False,missing_in_source_or_coverage_filter,failed_time_coverage
Colombia,COL,2000,Colombia,,,40,,HadEX3,3.0.4,1961-1990,grid_center_arithmetic_mean,54,0.7941176470588235,False,missing_in_source_or_coverage_filter,failed_time_coverage
Colombia,COL,2001,Colombia,,,40,,HadEX3,3.0.4,1961-1990,grid_center_arithmetic_mean,54,0.7941176470588235,False,missing_in_source_or_coverage_filter,failed_time_coverage
Colombia,COL,2002,Colombia,,,40,,HadEX3,3.0.4,1961-1990,grid_center_arithmetic_mean,54,0.7941176470588235,False,missing_in_source_or_coverage_filter,failed_time_coverage
Colombia,COL,2003,Colombia,,,40,,HadEX3,3.0.4,1961-1990,grid_center_arithmetic_mean,54,0.7941176470588235,False,missing_in_source_or_coverage_filter,failed_time_coverage
Colombia,COL,2004,Colombia,,,40,,HadEX3,3.0.4,1961-1990,grid_center_arithmetic_mean,54,0.7941176470588235,False,missing_in_source_or_coverage_filter,failed_time_coverage
Colombia,COL,2005,Colombia,,,40,,HadEX3,3.0.4,1961-1990,grid_center_arithmetic_mean,54,0.7941176470588235,False,missing_in_source_or_coverage_filter,failed_time_coverage
Colombia,COL,2006,Colombia,,,40,,HadEX3,3.0.4,1961-1990,grid_center_arithmetic_mean,54,0.7941176470588235,False,missing_in_source_or_coverage_filter,failed_time_coverage
Colombia,COL,2007,Colombia,,,40,,HadEX3,3.0.4,1961-1990,grid_center_arithmetic_mean,54,0.7941176470588235,False,missing_in_source_or_coverage_filter,failed_time_coverage
Colombia,COL,2008,Colombia,,,40,,HadEX3,3.0.4,1961-1990,grid_center_arithmetic_mean,54,0.7941176470588235,False,missing_in_source_or_coverage_filter,failed_time_coverage
Colombia,COL,2009,Colombia,,,40,,HadEX3,3.0.4,1961-1990,grid_center_arithmetic_mean,54,0.7941176470588235,False,missing_in_source_or_coverage_filter,failed_time_coverage
Colombia,COL,2010,Colombia,,,40,,HadEX3,3.0.4,1961-1990,grid_center_arithmetic_mean,54,0.7941176470588235,False,missing_in_source_or_coverage_filter,failed_time_coverage
Colombia,COL,2011,Colombia,,,40,,HadEX3,3.0.4,1961-1990,grid_center_arithmetic_mean,54,0.7941176470588235,False,missing_in_source_or_coverage_filter,failed_time_coverage
Colombia,COL,2012,Colombia,,,40,,HadEX3,3.0.4,1961-1990,grid_center_arithmetic_mean,54,0.7941176470588235,False,missing_in_source_or_coverage_filter,failed_time_coverage
Colombia,COL,2013,Colombia,,,40,,HadEX3,3.0.4,1961-1990,grid_center_arithmetic_mean,54,0.7941176470588235,False,missing_in_source_or_coverage_filter,failed_time_coverage
Colombia,COL,2014,Colombia,,,40,,HadEX3,3.0.4,1961-1990,grid_center_arithmetic_mean,54,0.7941176470588235,False,missing_in_source_or_coverage_filter,failed_time_coverage
Colombia,COL,2015,Colombia,,,40,,HadEX3,3.0.4,1961-1990,grid_center_arithmetic_mean,54,0.7941176470588235,False,missing_in_source_or_coverage_filter,failed_time_coverage
Colombia,COL,2016,Colombia,,,40,,HadEX3,3.0.4,1961-1990,grid_center_arithmetic_mean,54,0.7941176470588235,False,missing_in_source_or_coverage_filter,failed_time_coverage
Colombia,COL,2017,Colombia,,,40,,HadEX3,3.0.4,1961-1990,grid_center_arithmetic_mean,54,0.7941176470588235,False,missing_in_source_or_coverage_filter,failed_time_coverage
Colombia,COL,2018,Colombia,,,40,,HadEX3,3.0.4,1961-1990,grid_center_arithmetic_mean,54,0.7941176470588235,False,missing_in_source_or_coverage_filter,failed_time_coverage
Czech Republic,CZE,1995,Czech Republic,8.607577896118164,5,5,1.0,HadEX3,3.0.4,1961-1990,grid_center_arithmetic_mean,68,1.0,True,available,
Czech Republic,CZE,1996,Czech Republic,7.514644050598145,5,5,1.0,HadEX3,3.0.4,1961-1990,grid_center_arithmetic_mean,68,1.0,True,available,
Czech Republic,CZE,1997,Czech Republic,10.26490478515625,5,5,1.0,HadEX3,3.0.4,1961-1990,grid_center_arithmetic_mean,68,1.0,True,available,
Czech Republic,CZE,1998,Czech Republic,20.258652877807616,5,5,1.0,HadEX3,3.0.4,1961-1990,grid_center_arithmetic_mean,68,1.0,True,available,
Czech Republic,CZE,1999,Czech Republic,10.733320236206055,5,5,1.0,HadEX3,3.0.4,1961-1990,grid_center_arithmetic_mean,68,1.0,True,available,
Czech Republic,CZE,2000,Czech Republic,16.696576499938963,5,5,1.0,HadEX3,3.0.4,1961-1990,grid_center_arithmetic_mean,68,1.0,True,available,
Czech Republic,CZE,2001,Czech Republic,6.208170795440674,5,5,1.0,HadEX3,3.0.4,1961-1990,grid_center_arithmetic_mean,68,1.0,True,available,
Czech Republic,CZE,2002,Czech Republic,22.50918312072754,5,5,1.0,HadEX3,3.0.4,1961-1990,grid_center_arithmetic_mean,68,1.0,True,available,
Czech Republic,CZE,2003,Czech Republic,23.198497772216797,5,5,1.0,HadEX3,3.0.4,1961-1990,grid_center_arithmetic_mean,68,1.0,True,available,
Czech Republic,CZE,2004,Czech Republic,9.197862243652343,5,5,1.0,HadEX3,3.0.4,1961-1990,grid_center_arithmetic_mean,68,1.0,True,available,
Czech Republic,CZE,2005,Czech Republic,14.698453521728515,5,5,1.0,HadEX3,3.0.4,1961-1990,grid_center_arithmetic_mean,68,1.0,True,available,
Czech Republic,CZE,2006,Czech Republic,24.770057678222656,5,5,1.0,HadEX3,3.0.4,1961-1990,grid_center_arithmetic_mean,68,1.0,True,available,
Czech Republic,CZE,2007,Czech Republic,29.953975677490234,5,5,1.0,HadEX3,3.0.4,1961-1990,grid_center_arithmetic_mean,68,1.0,True,available,
Czech Republic,CZE,2008,Czech Republic,12.763323974609374,5,5,1.0,HadEX3,3.0.4,1961-1990,grid_center_arithmetic_mean,68,1.0,True,available,
Czech Republic,CZE,2009,Czech Republic,15.157958984375,5,5,1.0,HadEX3,3.0.4,1961-1990,grid_center_arithmetic_mean,68,1.0,True,available,
Czech Republic,CZE,2010,Czech Republic,7.898941421508789,5,5,1.0,HadEX3,3.0.4,1961-1990,grid_center_arithmetic_mean,68,1.0,True,available,
Czech Republic,CZE,2011,Czech Republic,18.494429779052734,5,5,1.0,HadEX3,3.0.4,1961-1990,grid_center_arithmetic_mean,68,1.0,True,available,
Czech Republic,CZE,2012,Czech Republic,17.68168125152588,5,5,1.0,HadEX3,3.0.4,1961-1990,grid_center_arithmetic_mean,68,1.0,True,available,
Czech Republic,CZE,2013,Czech Republic,9.95123224258423,5,5,1.0,HadEX3,3.0.4,1961-1990,grid_center_arithmetic_mean,68,1.0,True,available,
Czech Republic,CZE,2014,Czech Republic,19.491443252563478,5,5,1.0,HadEX3,3.0.4,1961-1990,grid_center_arithmetic_mean,68,1.0,True,available,
Czech Republic,CZE,2015,Czech Republic,34.915575408935545,5,5,1.0,HadEX3,3.0.4,1961-1990,grid_center_arithmetic_mean,68,1.0,True,available,
Czech Republic,CZE,2016,Czech Republic,16.585418701171875,5,5,1.0,HadEX3,3.0.4,1961-1990,grid_center_arithmetic_mean,68,1.0,True,available,
Czech Republic,CZE,2017,Czech Republic,12.315473937988282,5,5,1.0,HadEX3,3.0.4,1961-1990,grid_center_arithmetic_mean,68,1.0,True,available,
Czech Republic,CZE,2018,Czech Republic,37.93846054077149,5,5,1.0,HadEX3,3.0.4,1961-1990,grid_center_arithmetic_mean,68,1.0,True,available,
Germany,DEU,1995,Germany,9.006394648551941,20,20,1.0,HadEX3,3.0.4,1961-1990,grid_center_arithmetic_mean,68,1.0,True,available,
Germany,DEU,1996,Germany,6.445304012298584,20,20,1.0,HadEX3,3.0.4,1961-1990,grid_center_arithmetic_mean,68,1.0,True,available,
Germany,DEU,1997,Germany,11.641915702819825,20,20,1.0,HadEX3,3.0.4,1961-1990,grid_center_arithmetic_mean,68,1.0,True,available,
Germany,DEU,1998,Germany,20.178302097320557,20,20,1.0,HadEX3,3.0.4,1961-1990,grid_center_arithmetic_mean,68,1.0,True,available,
Germany,DEU,1999,Germany,12.213219213485718,20,20,1.0,HadEX3,3.0.4,1961-1990,grid_center_arithmetic_mean,68,1.0,True,available,
Germany,DEU,2000,Germany,14.540830898284913,20,20,1.0,HadEX3,3.0.4,1961-1990,grid_center_arithmetic_mean,68,1.0,True,available,
Germany,DEU,2001,Germany,5.705038619041443,20,20,1.0,HadEX3,3.0.4,1961-1990,grid_center_arithmetic_mean,68,1.0,True,available,
Germany,DEU,2002,Germany,21.483916187286376,20,20,1.0,HadEX3,3.0.4,1961-1990,grid_center_arithmetic_mean,68,1.0,True,available,
Germany,DEU,2003,Germany,23.35294771194458,20,20,1.0,HadEX3,3.0.4,1961-1990,grid_center_arithmetic_mean,68,1.0,True,available,
Germany,DEU,2004,Germany,10.453327894210815,20,20,1.0,HadEX3,3.0.4,1961-1990,grid_center_arithmetic_mean,68,1.0,True,available,
Germany,DEU,2005,Germany,18.39045238494873,20,20,1.0,HadEX3,3.0.4,1961-1990,grid_center_arithmetic_mean,68,1.0,True,available,
Germany,DEU,2006,Germany,27.06893825531006,20,20,1.0,HadEX3,3.0.4,1961-1990,grid_center_arithmetic_mean,68,1.0,True,available,
Germany,DEU,2007,Germany,27.778300285339355,20,20,1.0,HadEX3,3.0.4,1961-1990,grid_center_arithmetic_mean,68,1.0,True,available,
Germany,DEU,2008,Germany,11.248028421401978,20,20,1.0,HadEX3,3.0.4,1961-1990,grid_center_arithmetic_mean,68,1.0,True,available,
Germany,DEU,2009,Germany,13.962674522399903,20,20,1.0,HadEX3,3.0.4,1961-1990,grid_center_arithmetic_mean,68,1.0,True,available,
Germany,DEU,2010,Germany,5.350219035148621,20,20,1.0,HadEX3,3.0.4,1961-1990,grid_center_arithmetic_mean,68,1.0,True,available,
Germany,DEU,2011,Germany,19.439267778396605,20,20,1.0,HadEX3,3.0.4,1961-1990,grid_center_arithmetic_mean,68,1.0,True,available,
Germany,DEU,2012,Germany,13.952443742752076,20,20,1.0,HadEX3,3.0.4,1961-1990,grid_center_arithmetic_mean,68,1.0,True,available,
Germany,DEU,2013,Germany,6.882693910598755,20,20,1.0,HadEX3,3.0.4,1961-1990,grid_center_arithmetic_mean,68,1.0,True,available,
Germany,DEU,2014,Germany,19.07681703567505,20,20,1.0,HadEX3,3.0.4,1961-1990,grid_center_arithmetic_mean,68,1.0,True,available,
Germany,DEU,2015,Germany,32.290033149719235,20,20,1.0,HadEX3,3.0.4,1961-1990,grid_center_arithmetic_mean,68,1.0,True,available,
Germany,DEU,2016,Germany,16.646819019317626,20,20,1.0,HadEX3,3.0.4,1961-1990,grid_center_arithmetic_mean,68,1.0,True,available,
Germany,DEU,2017,Germany,11.37391414642334,20,20,1.0,HadEX3,3.0.4,1961-1990,grid_center_arithmetic_mean,68,1.0,True,available,
Germany,DEU,2018,Germany,35.346065521240234,20,20,1.0,HadEX3,3.0.4,1961-1990,grid_center_arithmetic_mean,68,1.0,True,available,
Denmark,DNK,1995,Denmark,10.617657343546549,3,3,1.0,HadEX3,3.0.4,1961-1990,grid_center_arithmetic_mean,68,1.0,True,available,
Denmark,DNK,1996,Denmark,7.207452456156413,3,3,1.0,HadEX3,3.0.4,1961-1990,grid_center_arithmetic_mean,68,1.0,True,available,
Denmark,DNK,1997,Denmark,18.32600975036621,3,3,1.0,HadEX3,3.0.4,1961-1990,grid_center_arithmetic_mean,68,1.0,True,available,
Denmark,DNK,1998,Denmark,15.26825745900472,3,3,1.0,HadEX3,3.0.4,1961-1990,grid_center_arithmetic_mean,68,1.0,True,available,
Denmark,DNK,1999,Denmark,14.91316827138265,3,3,1.0,HadEX3,3.0.4,1961-1990,grid_center_arithmetic_mean,68,1.0,True,available,
Denmark,DNK,2000,Denmark,16.198264122009277,3,3,1.0,HadEX3,3.0.4,1961-1990,grid_center_arithmetic_mean,68,1.0,True,available,
Denmark,DNK,2001,Denmark,5.580559730529785,3,3,1.0,HadEX3,3.0.4,1961-1990,grid_center_arithmetic_mean,68,1.0,True,available,
Denmark,DNK,2002,Denmark,28.131463368733723,3,3,1.0,HadEX3,3.0.4,1961-1990,grid_center_arithmetic_mean,68,1.0,True,available,
Denmark,DNK,2003,Denmark,17.392803192138672,3,3,1.0,HadEX3,3.0.4,1961-1990,grid_center_arithmetic_mean,68,1.0,True,available,
Denmark,DNK,2004,Denmark,9.701022466023764,3,3,1.0,HadEX3,3.0.4,1961-1990,grid_center_arithmetic_mean,68,1.0,True,available,
Denmark,DNK,2005,Denmark,21.852532068888348,3,3,1.0,HadEX3,3.0.4,1961-1990,grid_center_arithmetic_mean,68,1.0,True,available,
Denmark,DNK,2006,Denmark,39.688944498697914,3,3,1.0,HadEX3,3.0.4,1961-1990,grid_center_arithmetic_mean,68,1.0,True,available,
Denmark,DNK,2007,Denmark,27.41788101196289,3,3,1.0,HadEX3,3.0.4,1961-1990,grid_center_arithmetic_mean,68,1.0,True,available,
Denmark,DNK,2008,Denmark,15.03573195139567,3,3,1.0,HadEX3,3.0.4,1961-1990,grid_center_arithmetic_mean,68,1.0,True,available,
Denmark,DNK,2009,Denmark,14.137639045715332,3,3,1.0,HadEX3,3.0.4,1961-1990,grid_center_arithmetic_mean,68,1.0,True,available,
Denmark,DNK,2010,Denmark,4.877061208089192,3,3,1.0,HadEX3,3.0.4,1961-1990,grid_center_arithmetic_mean,68,1.0,True,available,
Denmark,DNK,2011,Denmark,15.955059369405111,3,3,1.0,HadEX3,3.0.4,1961-1990,grid_center_arithmetic_mean,68,1.0,True,available,
Denmark,DNK,2012,Denmark,10.72031307220459,3,3,1.0,HadEX3,3.0.4,1961-1990,grid_center_arithmetic_mean,68,1.0,True,available,
Denmark,DNK,2013,Denmark,7.240568955739339,3,3,1.0,HadEX3,3.0.4,1961-1990,grid_center_arithmetic_mean,68,1.0,True,available,
Denmark,DNK,2014,Denmark,25.367183685302734,3,3,1.0,HadEX3,3.0.4,1961-1990,grid_center_arithmetic_mean,68,1.0,True,available,
Denmark,DNK,2015,Denmark,28.22679074605306,3,3,1.0,HadEX3,3.0.4,1961-1990,grid_center_arithmetic_mean,68,1.0,True,available,
Denmark,DNK,2016,Denmark,18.35353724161784,3,3,1.0,HadEX3,3.0.4,1961-1990,grid_center_arithmetic_mean,68,1.0,True,available,
Denmark,DNK,2017,Denmark,5.872737884521484,3,3,1.0,HadEX3,3.0.4,1961-1990,grid_center_arithmetic_mean,68,1.0,True,available,
Denmark,DNK,2018,Denmark,34.75111643473307,3,3,1.0,HadEX3,3.0.4,1961-1990,grid_center_arithmetic_mean,68,1.0,True,available,
Egypt,EGY,1995,Arab Republic of Egypt,9.139075158220349,33,37,0.8918918918918919,HadEX3,3.0.4,1961-1990,grid_center_arithmetic_mean,68,1.0,True,available,
Egypt,EGY,1996,Arab Republic of Egypt,4.548595896272948,33,37,0.8918918918918919,HadEX3,3.0.4,1961-1990,grid_center_arithmetic_mean,68,1.0,True,available,
Egypt,EGY,1997,Arab Republic of Egypt,8.572412339123813,33,37,0.8918918918918919,HadEX3,3.0.4,1961-1990,grid_center_arithmetic_mean,68,1.0,True,available,
Egypt,EGY,1998,Arab Republic of Egypt,22.31166049838066,32,37,0.8648648648648649,HadEX3,3.0.4,1961-1990,grid_center_arithmetic_mean,68,1.0,True,available,
Egypt,EGY,1999,Arab Republic of Egypt,13.016260334939668,33,37,0.8918918918918919,HadEX3,3.0.4,1961-1990,grid_center_arithmetic_mean,68,1.0,True,available,
Egypt,EGY,2000,Arab Republic of Egypt,7.157453413932554,31,37,0.8378378378378378,HadEX3,3.0.4,1961-1990,grid_center_arithmetic_mean,68,1.0,True,available,
Egypt,EGY,2001,Arab Republic of Egypt,12.080676526734322,33,37,0.8918918918918919,HadEX3,3.0.4,1961-1990,grid_center_arithmetic_mean,68,1.0,True,available,
Egypt,EGY,2002,Arab Republic of Egypt,13.287747094125459,33,37,0.8918918918918919,HadEX3,3.0.4,1961-1990,grid_center_arithmetic_mean,68,1.0,True,available,
Egypt,EGY,2003,Arab Republic of Egypt,15.402531305948893,33,37,0.8918918918918919,HadEX3,3.0.4,1961-1990,grid_center_arithmetic_mean,68,1.0,True,available,
Egypt,EGY,2004,Arab Republic of Egypt,10.432449694835778,33,37,0.8918918918918919,HadEX3,3.0.4,1961-1990,grid_center_arithmetic_mean,68,1.0,True,available,
Egypt,EGY,2005,Arab Republic of Egypt,5.2854926766771255,33,37,0.8918918918918919,HadEX3,3.0.4,1961-1990,grid_center_arithmetic_mean,68,1.0,True,available,
Egypt,EGY,2006,Arab Republic of Egypt,4.28839582566059,33,37,0.8918918918918919,HadEX3,3.0.4,1961-1990,grid_center_arithmetic_mean,68,1.0,True,available,
Egypt,EGY,2007,Arab Republic of Egypt,19.95627498626709,33,37,0.8918918918918919,HadEX3,3.0.4,1961-1990,grid_center_arithmetic_mean,68,1.0,True,available,
Egypt,EGY,2008,Arab Republic of Egypt,14.607889406608813,33,37,0.8918918918918919,HadEX3,3.0.4,1961-1990,grid_center_arithmetic_mean,68,1.0,True,available,
Egypt,EGY,2009,Arab Republic of Egypt,11.473543094866203,33,37,0.8918918918918919,HadEX3,3.0.4,1961-1990,grid_center_arithmetic_mean,68,1.0,True,available,
Egypt,EGY,2010,Arab Republic of Egypt,64.75436580181122,32,37,0.8648648648648649,HadEX3,3.0.4,1961-1990,grid_center_arithmetic_mean,68,1.0,True,available,
Egypt,EGY,2011,Arab Republic of Egypt,6.2068438453059045,31,37,0.8378378378378378,HadEX3,3.0.4,1961-1990,grid_center_arithmetic_mean,68,1.0,True,available,
Egypt,EGY,2012,Arab Republic of Egypt,30.6703246331984,31,37,0.8378378378378378,HadEX3,3.0.4,1961-1990,grid_center_arithmetic_mean,68,1.0,True,available,
Egypt,EGY,2013,Arab Republic of Egypt,7.8261318514423985,31,37,0.8378378378378378,HadEX3,3.0.4,1961-1990,grid_center_arithmetic_mean,68,1.0,True,available,
Egypt,EGY,2014,Arab Republic of Egypt,13.660012398996662,31,37,0.8378378378378378,HadEX3,3.0.4,1961-1990,grid_center_arithmetic_mean,68,1.0,True,available,
Egypt,EGY,2015,Arab Republic of Egypt,35.17605455460087,31,37,0.8378378378378378,HadEX3,3.0.4,1961-1990,grid_center_arithmetic_mean,68,1.0,True,available,
Egypt,EGY,2016,Arab Republic of Egypt,22.061272651918472,31,37,0.8378378378378378,HadEX3,3.0.4,1961-1990,grid_center_arithmetic_mean,68,1.0,True,available,
Egypt,EGY,2017,Arab Republic of Egypt,14.433660291856334,31,37,0.8378378378378378,HadEX3,3.0.4,1961-1990,grid_center_arithmetic_mean,68,1.0,True,available,
Egypt,EGY,2018,Arab Republic of Egypt,25.136283659165905,31,37,0.8378378378378378,HadEX3,3.0.4,1961-1990,grid_center_arithmetic_mean,68,1.0,True,available,
Spain,ESP,1995,Spain,15.85326372493397,22,24,0.9166666666666666,HadEX3,3.0.4,1961-1990,grid_center_arithmetic_mean,68,1.0,True,available,
Spain,ESP,1996,Spain,5.974047595804388,22,24,0.9166666666666666,HadEX3,3.0.4,1961-1990,grid_center_arithmetic_mean,68,1.0,True,available,
Spain,ESP,1997,Spain,18.572902115908537,22,24,0.9166666666666666,HadEX3,3.0.4,1961-1990,grid_center_arithmetic_mean,68,1.0,True,available,
Spain,ESP,1998,Spain,17.230661392211914,22,24,0.9166666666666666,HadEX3,3.0.4,1961-1990,grid_center_arithmetic_mean,68,1.0,True,available,
Spain,ESP,1999,Spain,5.317726135253906,22,24,0.9166666666666666,HadEX3,3.0.4,1961-1990,grid_center_arithmetic_mean,68,1.0,True,available,
Spain,ESP,2000,Spain,8.40199292789806,22,24,0.9166666666666666,HadEX3,3.0.4,1961-1990,grid_center_arithmetic_mean,68,1.0,True,available,
Spain,ESP,2001,Spain,12.758405642075973,22,24,0.9166666666666666,HadEX3,3.0.4,1961-1990,grid_center_arithmetic_mean,68,1.0,True,available,
Spain,ESP,2002,Spain,13.645779479633678,22,24,0.9166666666666666,HadEX3,3.0.4,1961-1990,grid_center_arithmetic_mean,68,1.0,True,available,
Spain,ESP,2003,Spain,26.621407942338422,22,24,0.9166666666666666,HadEX3,3.0.4,1961-1990,grid_center_arithmetic_mean,68,1.0,True,available,
Spain,ESP,2004,Spain,13.15318558432839,22,24,0.9166666666666666,HadEX3,3.0.4,1961-1990,grid_center_arithmetic_mean,68,1.0,True,available,
Spain,ESP,2005,Spain,15.743687889792703,22,24,0.9166666666666666,HadEX3,3.0.4,1961-1990,grid_center_arithmetic_mean,68,1.0,True,available,
Spain,ESP,2006,Spain,15.106250719590621,22,24,0.9166666666666666,HadEX3,3.0.4,1961-1990,grid_center_arithmetic_mean,68,1.0,True,available,
Spain,ESP,2007,Spain,12.482389255003495,22,24,0.9166666666666666,HadEX3,3.0.4,1961-1990,grid_center_arithmetic_mean,68,1.0,True,available,
Spain,ESP,2008,Spain,6.2859722700986,22,24,0.9166666666666666,HadEX3,3.0.4,1961-1990,grid_center_arithmetic_mean,68,1.0,True,available,
Spain,ESP,2009,Spain,17.390757430683482,22,24,0.9166666666666666,HadEX3,3.0.4,1961-1990,grid_center_arithmetic_mean,68,1.0,True,available,
Spain,ESP,2010,Spain,5.184099760922519,22,24,0.9166666666666666,HadEX3,3.0.4,1961-1990,grid_center_arithmetic_mean,68,1.0,True,available,
Spain,ESP,2011,Spain,20.118132894689385,22,24,0.9166666666666666,HadEX3,3.0.4,1961-1990,grid_center_arithmetic_mean,68,1.0,True,available,
Spain,ESP,2012,Spain,17.530146338722922,22,24,0.9166666666666666,HadEX3,3.0.4,1961-1990,grid_center_arithmetic_mean,68,1.0,True,available,
Spain,ESP,2013,Spain,8.506476228887385,22,24,0.9166666666666666,HadEX3,3.0.4,1961-1990,grid_center_arithmetic_mean,68,1.0,True,available,
Spain,ESP,2014,Spain,20.650113452564586,22,24,0.9166666666666666,HadEX3,3.0.4,1961-1990,grid_center_arithmetic_mean,68,1.0,True,available,
Spain,ESP,2015,Spain,33.02767918326638,22,24,0.9166666666666666,HadEX3,3.0.4,1961-1990,grid_center_arithmetic_mean,68,1.0,True,available,
Spain,ESP,2016,Spain,13.398829763585871,22,24,0.9166666666666666,HadEX3,3.0.4,1961-1990,grid_center_arithmetic_mean,68,1.0,True,available,
Spain,ESP,2017,Spain,35.34405500238592,22,24,0.9166666666666666,HadEX3,3.0.4,1961-1990,grid_center_arithmetic_mean,68,1.0,True,available,
Spain,ESP,2018,Spain,16.001888621937145,22,24,0.9166666666666666,HadEX3,3.0.4,1961-1990,grid_center_arithmetic_mean,68,1.0,True,available,
Finland,FIN,1995,Finland,6.316682687827519,28,28,1.0,HadEX3,3.0.4,1961-1990,grid_center_arithmetic_mean,68,1.0,True,available,
Finland,FIN,1996,Finland,12.0626939364842,28,28,1.0,HadEX3,3.0.4,1961-1990,grid_center_arithmetic_mean,68,1.0,True,available,
Finland,FIN,1997,Finland,15.065149681908744,28,28,1.0,HadEX3,3.0.4,1961-1990,grid_center_arithmetic_mean,68,1.0,True,available,
Finland,FIN,1998,Finland,5.0527529035295755,28,28,1.0,HadEX3,3.0.4,1961-1990,grid_center_arithmetic_mean,68,1.0,True,available,
Finland,FIN,1999,Finland,10.678950309753418,28,28,1.0,HadEX3,3.0.4,1961-1990,grid_center_arithmetic_mean,68,1.0,True,available,
Finland,FIN,2000,Finland,19.296542269842966,28,28,1.0,HadEX3,3.0.4,1961-1990,grid_center_arithmetic_mean,68,1.0,True,available,
Finland,FIN,2001,Finland,11.352988651820592,28,28,1.0,HadEX3,3.0.4,1961-1990,grid_center_arithmetic_mean,68,1.0,True,available,
Finland,FIN,2002,Finland,27.813170228685653,28,28,1.0,HadEX3,3.0.4,1961-1990,grid_center_arithmetic_mean,68,1.0,True,available,
Finland,FIN,2003,Finland,15.641305242265974,28,28,1.0,HadEX3,3.0.4,1961-1990,grid_center_arithmetic_mean,68,1.0,True,available,
Finland,FIN,2004,Finland,10.310726370130267,28,28,1.0,HadEX3,3.0.4,1961-1990,grid_center_arithmetic_mean,68,1.0,True,available,
Finland,FIN,2005,Finland,24.63663707460676,28,28,1.0,HadEX3,3.0.4,1961-1990,grid_center_arithmetic_mean,68,1.0,True,available,
Finland,FIN,2006,Finland,40.07065085002354,28,28,1.0,HadEX3,3.0.4,1961-1990,grid_center_arithmetic_mean,68,1.0,True,available,
Finland,FIN,2007,Finland,23.57084587642125,28,28,1.0,HadEX3,3.0.4,1961-1990,grid_center_arithmetic_mean,68,1.0,True,available,
Finland,FIN,2008,Finland,12.15076950618199,28,28,1.0,HadEX3,3.0.4,1961-1990,grid_center_arithmetic_mean,68,1.0,True,available,
Finland,FIN,2009,Finland,9.29692382471902,28,28,1.0,HadEX3,3.0.4,1961-1990,grid_center_arithmetic_mean,68,1.0,True,available,
Finland,FIN,2010,Finland,10.593835183552333,28,28,1.0,HadEX3,3.0.4,1961-1990,grid_center_arithmetic_mean,68,1.0,True,available,
Finland,FIN,2011,Finland,15.989386558532715,28,28,1.0,HadEX3,3.0.4,1961-1990,grid_center_arithmetic_mean,68,1.0,True,available,
Finland,FIN,2012,Finland,4.701879262924194,28,28,1.0,HadEX3,3.0.4,1961-1990,grid_center_arithmetic_mean,68,1.0,True,available,
Finland,FIN,2013,Finland,18.102537563868932,28,28,1.0,HadEX3,3.0.4,1961-1990,grid_center_arithmetic_mean,68,1.0,True,available,
Finland,FIN,2014,Finland,31.16324063709804,28,28,1.0,HadEX3,3.0.4,1961-1990,grid_center_arithmetic_mean,68,1.0,True,available,
Finland,FIN,2015,Finland,27.906774520874023,28,28,1.0,HadEX3,3.0.4,1961-1990,grid_center_arithmetic_mean,68,1.0,True,available,
Finland,FIN,2016,Finland,17.636985301971436,28,28,1.0,HadEX3,3.0.4,1961-1990,grid_center_arithmetic_mean,68,1.0,True,available,
Finland,FIN,2017,Finland,3.635733331952776,28,28,1.0,HadEX3,3.0.4,1961-1990,grid_center_arithmetic_mean,68,1.0,True,available,
Finland,FIN,2018,Finland,29.05682155064174,28,28,1.0,HadEX3,3.0.4,1961-1990,grid_center_arithmetic_mean,68,1.0,True,available,
France,FRA,1995,France,10.404755691002155,29,29,1.0,HadEX3,3.0.4,1961-1990,grid_center_arithmetic_mean,68,1.0,True,available,
France,FRA,1996,France,4.843310208156191,29,29,1.0,HadEX3,3.0.4,1961-1990,grid_center_arithmetic_mean,68,1.0,True,available,
France,FRA,1997,France,12.52230351546715,29,29,1.0,HadEX3,3.0.4,1961-1990,grid_center_arithmetic_mean,68,1.0,True,available,
France,FRA,1998,France,20.767751364872375,29,29,1.0,HadEX3,3.0.4,1961-1990,grid_center_arithmetic_mean,68,1.0,True,available,
France,FRA,1999,France,9.34460738609577,29,29,1.0,HadEX3,3.0.4,1961-1990,grid_center_arithmetic_mean,68,1.0,True,available,
France,FRA,2000,France,10.030782041878537,29,29,1.0,HadEX3,3.0.4,1961-1990,grid_center_arithmetic_mean,68,1.0,True,available,
France,FRA,2001,France,8.555529775290653,29,29,1.0,HadEX3,3.0.4,1961-1990,grid_center_arithmetic_mean,68,1.0,True,available,
France,FRA,2002,France,15.65565641995134,29,29,1.0,HadEX3,3.0.4,1961-1990,grid_center_arithmetic_mean,68,1.0,True,available,
France,FRA,2003,France,30.989264718417463,29,29,1.0,HadEX3,3.0.4,1961-1990,grid_center_arithmetic_mean,68,1.0,True,available,
France,FRA,2004,France,12.008380133530189,29,29,1.0,HadEX3,3.0.4,1961-1990,grid_center_arithmetic_mean,68,1.0,True,available,
France,FRA,2005,France,19.648753791019836,29,29,1.0,HadEX3,3.0.4,1961-1990,grid_center_arithmetic_mean,68,1.0,True,available,
France,FRA,2006,France,22.80868799933072,29,29,1.0,HadEX3,3.0.4,1961-1990,grid_center_arithmetic_mean,68,1.0,True,available,
France,FRA,2007,France,25.91773144952182,29,29,1.0,HadEX3,3.0.4,1961-1990,grid_center_arithmetic_mean,68,1.0,True,available,
France,FRA,2008,France,9.795054748140533,29,29,1.0,HadEX3,3.0.4,1961-1990,grid_center_arithmetic_mean,68,1.0,True,available,
France,FRA,2009,France,13.32791986136601,29,29,1.0,HadEX3,3.0.4,1961-1990,grid_center_arithmetic_mean,68,1.0,True,available,
France,FRA,2010,France,4.917894947117772,29,29,1.0,HadEX3,3.0.4,1961-1990,grid_center_arithmetic_mean,68,1.0,True,available,
France,FRA,2011,France,25.213957950986664,29,29,1.0,HadEX3,3.0.4,1961-1990,grid_center_arithmetic_mean,68,1.0,True,available,
France,FRA,2012,France,18.058706546651905,29,29,1.0,HadEX3,3.0.4,1961-1990,grid_center_arithmetic_mean,68,1.0,True,available,
France,FRA,2013,France,7.704945613598001,29,29,1.0,HadEX3,3.0.4,1961-1990,grid_center_arithmetic_mean,68,1.0,True,available,
France,FRA,2014,France,18.341031765115673,29,29,1.0,HadEX3,3.0.4,1961-1990,grid_center_arithmetic_mean,68,1.0,True,available,
France,FRA,2015,France,32.73204717964962,29,29,1.0,HadEX3,3.0.4,1961-1990,grid_center_arithmetic_mean,68,1.0,True,available,
France,FRA,2016,France,14.6225706626629,29,29,1.0,HadEX3,3.0.4,1961-1990,grid_center_arithmetic_mean,68,1.0,True,available,
France,FRA,2017,France,21.33463902309023,29,29,1.0,HadEX3,3.0.4,1961-1990,grid_center_arithmetic_mean,68,1.0,True,available,
France,FRA,2018,France,30.20350719320363,29,29,1.0,HadEX3,3.0.4,1961-1990,grid_center_arithmetic_mean,68,1.0,True,available,
United Kingdom,GBR,1995,United Kingdom,16.622711695157566,13,16,0.8125,HadEX3,3.0.4,1961-1990,grid_center_arithmetic_mean,68,1.0,True,available,
United Kingdom,GBR,1996,United Kingdom,3.2640000123244066,13,16,0.8125,HadEX3,3.0.4,1961-1990,grid_center_arithmetic_mean,68,1.0,True,available,
United Kingdom,GBR,1997,United Kingdom,12.673441153306227,13,16,0.8125,HadEX3,3.0.4,1961-1990,grid_center_arithmetic_mean,68,1.0,True,available,
United Kingdom,GBR,1998,United Kingdom,15.531397085923414,13,16,0.8125,HadEX3,3.0.4,1961-1990,grid_center_arithmetic_mean,68,1.0,True,available,
United Kingdom,GBR,1999,United Kingdom,9.706862449645996,13,16,0.8125,HadEX3,3.0.4,1961-1990,grid_center_arithmetic_mean,68,1.0,True,available,
United Kingdom,GBR,2000,United Kingdom,7.760515763209416,13,16,0.8125,HadEX3,3.0.4,1961-1990,grid_center_arithmetic_mean,68,1.0,True,available,
United Kingdom,GBR,2001,United Kingdom,4.0826996106367845,13,16,0.8125,HadEX3,3.0.4,1961-1990,grid_center_arithmetic_mean,68,1.0,True,available,
United Kingdom,GBR,2002,United Kingdom,13.870262219355656,13,16,0.8125,HadEX3,3.0.4,1961-1990,grid_center_arithmetic_mean,68,1.0,True,available,
United Kingdom,GBR,2003,United Kingdom,18.398084200345554,13,16,0.8125,HadEX3,3.0.4,1961-1990,grid_center_arithmetic_mean,68,1.0,True,available,
United Kingdom,GBR,2004,United Kingdom,8.30907447521503,13,16,0.8125,HadEX3,3.0.4,1961-1990,grid_center_arithmetic_mean,68,1.0,True,available,
United Kingdom,GBR,2005,United Kingdom,16.382846465477577,13,16,0.8125,HadEX3,3.0.4,1961-1990,grid_center_arithmetic_mean,68,1.0,True,available,
United Kingdom,GBR,2006,United Kingdom,23.975967700664814,13,16,0.8125,HadEX3,3.0.4,1961-1990,grid_center_arithmetic_mean,68,1.0,True,available,
United Kingdom,GBR,2007,United Kingdom,20.379265271700344,13,16,0.8125,HadEX3,3.0.4,1961-1990,grid_center_arithmetic_mean,68,1.0,True,available,
United Kingdom,GBR,2008,United Kingdom,12.136826075040377,13,16,0.8125,HadEX3,3.0.4,1961-1990,grid_center_arithmetic_mean,68,1.0,True,available,
United Kingdom,GBR,2009,United Kingdom,10.346635231604942,13,16,0.8125,HadEX3,3.0.4,1961-1990,grid_center_arithmetic_mean,68,1.0,True,available,
United Kingdom,GBR,2010,United Kingdom,3.438028390590961,13,16,0.8125,HadEX3,3.0.4,1961-1990,grid_center_arithmetic_mean,68,1.0,True,available,
United Kingdom,GBR,2011,United Kingdom,18.24034412090595,13,16,0.8125,HadEX3,3.0.4,1961-1990,grid_center_arithmetic_mean,68,1.0,True,available,
United Kingdom,GBR,2012,United Kingdom,14.074522018432617,13,16,0.8125,HadEX3,3.0.4,1961-1990,grid_center_arithmetic_mean,68,1.0,True,available,
United Kingdom,GBR,2013,United Kingdom,6.853724699753982,13,16,0.8125,HadEX3,3.0.4,1961-1990,grid_center_arithmetic_mean,68,1.0,True,available,
United Kingdom,GBR,2014,United Kingdom,15.446109845088078,13,16,0.8125,HadEX3,3.0.4,1961-1990,grid_center_arithmetic_mean,68,1.0,True,available,
United Kingdom,GBR,2015,United Kingdom,20.49646047445444,13,16,0.8125,HadEX3,3.0.4,1961-1990,grid_center_arithmetic_mean,68,1.0,True,available,
United Kingdom,GBR,2016,United Kingdom,11.273035049438477,13,16,0.8125,HadEX3,3.0.4,1961-1990,grid_center_arithmetic_mean,68,1.0,True,available,
United Kingdom,GBR,2017,United Kingdom,9.102572551140419,13,16,0.8125,HadEX3,3.0.4,1961-1990,grid_center_arithmetic_mean,68,1.0,True,available,
United Kingdom,GBR,2018,United Kingdom,28.083955177894005,13,16,0.8125,HadEX3,3.0.4,1961-1990,grid_center_arithmetic_mean,68,1.0,True,available,
Greece,GRC,1995,Greece,5.061683893203735,4,6,0.6666666666666666,HadEX3,3.0.4,1961-1990,grid_center_arithmetic_mean,68,1.0,True,available,
Greece,GRC,1996,Greece,8.186967134475708,4,6,0.6666666666666666,HadEX3,3.0.4,1961-1990,grid_center_arithmetic_mean,68,1.0,True,available,
Greece,GRC,1997,Greece,8.097485184669495,4,6,0.6666666666666666,HadEX3,3.0.4,1961-1990,grid_center_arithmetic_mean,68,1.0,True,available,
Greece,GRC,1998,Greece,22.48650598526001,4,6,0.6666666666666666,HadEX3,3.0.4,1961-1990,grid_center_arithmetic_mean,68,1.0,True,available,
Greece,GRC,1999,Greece,12.574856519699097,4,6,0.6666666666666666,HadEX3,3.0.4,1961-1990,grid_center_arithmetic_mean,68,1.0,True,available,
Greece,GRC,2000,Greece,24.154297351837158,4,6,0.6666666666666666,HadEX3,3.0.4,1961-1990,grid_center_arithmetic_mean,68,1.0,True,available,
Greece,GRC,2001,Greece,16.754523754119873,4,6,0.6666666666666666,HadEX3,3.0.4,1961-1990,grid_center_arithmetic_mean,68,1.0,True,available,
Greece,GRC,2002,Greece,21.65327787399292,4,6,0.6666666666666666,HadEX3,3.0.4,1961-1990,grid_center_arithmetic_mean,68,1.0,True,available,
Greece,GRC,2003,Greece,33.36501169204712,4,6,0.6666666666666666,HadEX3,3.0.4,1961-1990,grid_center_arithmetic_mean,68,1.0,True,available,
Greece,GRC,2004,Greece,12.206176519393921,4,6,0.6666666666666666,HadEX3,3.0.4,1961-1990,grid_center_arithmetic_mean,68,1.0,True,available,
Greece,GRC,2005,Greece,10.493383169174194,4,6,0.6666666666666666,HadEX3,3.0.4,1961-1990,grid_center_arithmetic_mean,68,1.0,True,available,
Greece,GRC,2006,Greece,20.036483764648438,4,6,0.6666666666666666,HadEX3,3.0.4,1961-1990,grid_center_arithmetic_mean,68,1.0,True,available,
Greece,GRC,2007,Greece,40.713990211486816,4,6,0.6666666666666666,HadEX3,3.0.4,1961-1990,grid_center_arithmetic_mean,68,1.0,True,available,
Greece,GRC,2008,Greece,24.07962417602539,4,6,0.6666666666666666,HadEX3,3.0.4,1961-1990,grid_center_arithmetic_mean,68,1.0,True,available,
Greece,GRC,2009,Greece,15.538854598999023,4,6,0.6666666666666666,HadEX3,3.0.4,1961-1990,grid_center_arithmetic_mean,68,1.0,True,available,
Greece,GRC,2010,Greece,18.838521480560303,4,6,0.6666666666666666,HadEX3,3.0.4,1961-1990,grid_center_arithmetic_mean,68,1.0,True,available,
Greece,GRC,2011,Greece,26.761776447296143,4,6,0.6666666666666666,HadEX3,3.0.4,1961-1990,grid_center_arithmetic_mean,68,1.0,True,available,
Greece,GRC,2012,Greece,45.71809005737305,4,6,0.6666666666666666,HadEX3,3.0.4,1961-1990,grid_center_arithmetic_mean,68,1.0,True,available,
Greece,GRC,2013,Greece,26.933802127838135,4,6,0.6666666666666666,HadEX3,3.0.4,1961-1990,grid_center_arithmetic_mean,68,1.0,True,available,
Greece,GRC,2014,Greece,20.169716358184814,4,6,0.6666666666666666,HadEX3,3.0.4,1961-1990,grid_center_arithmetic_mean,68,1.0,True,available,
Greece,GRC,2015,Greece,39.93896961212158,4,6,0.6666666666666666,HadEX3,3.0.4,1961-1990,grid_center_arithmetic_mean,68,1.0,True,available,
Greece,GRC,2016,Greece,18.139432907104492,4,6,0.6666666666666666,HadEX3,3.0.4,1961-1990,grid_center_arithmetic_mean,68,1.0,True,available,
Greece,GRC,2017,Greece,28.105026245117188,4,6,0.6666666666666666,HadEX3,3.0.4,1961-1990,grid_center_arithmetic_mean,68,1.0,True,available,
Greece,GRC,2018,Greece,33.53922080993652,4,6,0.6666666666666666,HadEX3,3.0.4,1961-1990,grid_center_arithmetic_mean,68,1.0,True,available,
Croatia,HRV,1995,Croatia,6.731814543406169,3,3,1.0,HadEX3,3.0.4,1961-1990,grid_center_arithmetic_mean,68,1.0,True,available,
Croatia,HRV,1996,Croatia,8.261247634887695,3,3,1.0,HadEX3,3.0.4,1961-1990,grid_center_arithmetic_mean,68,1.0,True,available,
Croatia,HRV,1997,Croatia,10.935541152954102,3,3,1.0,HadEX3,3.0.4,1961-1990,grid_center_arithmetic_mean,68,1.0,True,available,
Croatia,HRV,1998,Croatia,24.791244506835938,3,3,1.0,HadEX3,3.0.4,1961-1990,grid_center_arithmetic_mean,68,1.0,True,available,
Croatia,HRV,1999,Croatia,11.835268020629883,3,3,1.0,HadEX3,3.0.4,1961-1990,grid_center_arithmetic_mean,68,1.0,True,available,
Croatia,HRV,2000,Croatia,21.5343017578125,3,3,1.0,HadEX3,3.0.4,1961-1990,grid_center_arithmetic_mean,68,1.0,True,available,
Croatia,HRV,2001,Croatia,12.619355201721191,3,3,1.0,HadEX3,3.0.4,1961-1990,grid_center_arithmetic_mean,68,1.0,True,available,
Croatia,HRV,2002,Croatia,22.36151186625163,3,3,1.0,HadEX3,3.0.4,1961-1990,grid_center_arithmetic_mean,68,1.0,True,available,
Croatia,HRV,2003,Croatia,35.79696782430013,3,3,1.0,HadEX3,3.0.4,1961-1990,grid_center_arithmetic_mean,68,1.0,True,available,
Croatia,HRV,2004,Croatia,12.097695350646973,3,3,1.0,HadEX3,3.0.4,1961-1990,grid_center_arithmetic_mean,68,1.0,True,available,
Croatia,HRV,2005,Croatia,14.336035092671713,3,3,1.0,HadEX3,3.0.4,1961-1990,grid_center_arithmetic_mean,68,1.0,True,available,
Croatia,HRV,2006,Croatia,25.086579004923504,3,3,1.0,HadEX3,3.0.4,1961-1990,grid_center_arithmetic_mean,68,1.0,True,available,
Croatia,HRV,2007,Croatia,38.2068837483724,3,3,1.0,HadEX3,3.0.4,1961-1990,grid_center_arithmetic_mean,68,1.0,True,available,
Croatia,HRV,2008,Croatia,17.765167236328125,3,3,1.0,HadEX3,3.0.4,1961-1990,grid_center_arithmetic_mean,68,1.0,True,available,
Croatia,HRV,2009,Croatia,17.42420832316081,3,3,1.0,HadEX3,3.0.4,1961-1990,grid_center_arithmetic_mean,68,1.0,True,available,
Croatia,HRV,2010,Croatia,11.919601758321127,3,3,1.0,HadEX3,3.0.4,1961-1990,grid_center_arithmetic_mean,68,1.0,True,available,
Croatia,HRV,2011,Croatia,28.537906010945637,3,3,1.0,HadEX3,3.0.4,1961-1990,grid_center_arithmetic_mean,68,1.0,True,available,
Croatia,HRV,2012,Croatia,32.60338274637858,3,3,1.0,HadEX3,3.0.4,1961-1990,grid_center_arithmetic_mean,68,1.0,True,available,
Croatia,HRV,2013,Croatia,18.9669132232666,3,3,1.0,HadEX3,3.0.4,1961-1990,grid_center_arithmetic_mean,68,1.0,True,available,
Croatia,HRV,2014,Croatia,21.524394989013672,3,3,1.0,HadEX3,3.0.4,1961-1990,grid_center_arithmetic_mean,68,1.0,True,available,
Croatia,HRV,2015,Croatia,41.32768122355143,3,3,1.0,HadEX3,3.0.4,1961-1990,grid_center_arithmetic_mean,68,1.0,True,available,
Croatia,HRV,2016,Croatia,17.654475529988606,3,3,1.0,HadEX3,3.0.4,1961-1990,grid_center_arithmetic_mean,68,1.0,True,available,
Croatia,HRV,2017,Croatia,24.77852439880371,3,3,1.0,HadEX3,3.0.4,1961-1990,grid_center_arithmetic_mean,68,1.0,True,available,
Croatia,HRV,2018,Croatia,38.746177673339844,3,3,1.0,HadEX3,3.0.4,1961-1990,grid_center_arithmetic_mean,68,1.0,True,available,
Hungary,HUN,1995,Hungary,8.000565814971925,5,5,1.0,HadEX3,3.0.4,1961-1990,grid_center_arithmetic_mean,68,1.0,True,available,
Hungary,HUN,1996,Hungary,8.16970739364624,5,5,1.0,HadEX3,3.0.4,1961-1990,grid_center_arithmetic_mean,68,1.0,True,available,
Hungary,HUN,1997,Hungary,9.031512641906739,5,5,1.0,HadEX3,3.0.4,1961-1990,grid_center_arithmetic_mean,68,1.0,True,available,
Hungary,HUN,1998,Hungary,20.526462173461915,5,5,1.0,HadEX3,3.0.4,1961-1990,grid_center_arithmetic_mean,68,1.0,True,available,
Hungary,HUN,1999,Hungary,10.418167686462402,5,5,1.0,HadEX3,3.0.4,1961-1990,grid_center_arithmetic_mean,68,1.0,True,available,
Hungary,HUN,2000,Hungary,20.955564117431642,5,5,1.0,HadEX3,3.0.4,1961-1990,grid_center_arithmetic_mean,68,1.0,True,available,
Hungary,HUN,2001,Hungary,9.043383598327637,5,5,1.0,HadEX3,3.0.4,1961-1990,grid_center_arithmetic_mean,68,1.0,True,available,
Hungary,HUN,2002,Hungary,23.96744041442871,5,5,1.0,HadEX3,3.0.4,1961-1990,grid_center_arithmetic_mean,68,1.0,True,available,
Hungary,HUN,2003,Hungary,26.386889266967774,5,5,1.0,HadEX3,3.0.4,1961-1990,grid_center_arithmetic_mean,68,1.0,True,available,
Hungary,HUN,2004,Hungary,9.89025421142578,5,5,1.0,HadEX3,3.0.4,1961-1990,grid_center_arithmetic_mean,68,1.0,True,available,
Hungary,HUN,2005,Hungary,12.545818901062011,5,5,1.0,HadEX3,3.0.4,1961-1990,grid_center_arithmetic_mean,68,1.0,True,available,
Hungary,HUN,2006,Hungary,22.73108673095703,5,5,1.0,HadEX3,3.0.4,1961-1990,grid_center_arithmetic_mean,68,1.0,True,available,
Hungary,HUN,2007,Hungary,35.124785614013675,5,5,1.0,HadEX3,3.0.4,1961-1990,grid_center_arithmetic_mean,68,1.0,True,available,
Hungary,HUN,2008,Hungary,16.97909812927246,5,5,1.0,HadEX3,3.0.4,1961-1990,grid_center_arithmetic_mean,68,1.0,True,available,
Hungary,HUN,2009,Hungary,13.93961696624756,5,5,1.0,HadEX3,3.0.4,1961-1990,grid_center_arithmetic_mean,68,1.0,True,available,
Hungary,HUN,2010,Hungary,12.456840705871581,5,5,1.0,HadEX3,3.0.4,1961-1990,grid_center_arithmetic_mean,68,1.0,True,available,
Hungary,HUN,2011,Hungary,20.67360954284668,5,5,1.0,HadEX3,3.0.4,1961-1990,grid_center_arithmetic_mean,68,1.0,True,available,
Hungary,HUN,2012,Hungary,28.42599983215332,5,5,1.0,HadEX3,3.0.4,1961-1990,grid_center_arithmetic_mean,68,1.0,True,available,
Hungary,HUN,2013,Hungary,17.604555892944337,5,5,1.0,HadEX3,3.0.4,1961-1990,grid_center_arithmetic_mean,68,1.0,True,available,
Hungary,HUN,2014,Hungary,20.504346466064455,5,5,1.0,HadEX3,3.0.4,1961-1990,grid_center_arithmetic_mean,68,1.0,True,available,
Hungary,HUN,2015,Hungary,37.53337707519531,5,5,1.0,HadEX3,3.0.4,1961-1990,grid_center_arithmetic_mean,68,1.0,True,available,
Hungary,HUN,2016,Hungary,15.969467544555664,5,5,1.0,HadEX3,3.0.4,1961-1990,grid_center_arithmetic_mean,68,1.0,True,available,
Hungary,HUN,2017,Hungary,18.17909355163574,5,5,1.0,HadEX3,3.0.4,1961-1990,grid_center_arithmetic_mean,68,1.0,True,available,
Hungary,HUN,2018,Hungary,37.88573455810547,5,5,1.0,HadEX3,3.0.4,1961-1990,grid_center_arithmetic_mean,68,1.0,True,available,
Indonesia,IDN,1995,Indonesia,1.7657503588446255,29,68,0.4264705882352941,HadEX3,3.0.4,1961-1990,grid_center_arithmetic_mean,61,0.8970588235294118,True,available,
Indonesia,IDN,1996,Indonesia,0.45696574968418907,28,68,0.4117647058823529,HadEX3,3.0.4,1961-1990,grid_center_arithmetic_mean,61,0.8970588235294118,True,available,
Indonesia,IDN,1997,Indonesia,10.531781332833427,28,68,0.4117647058823529,HadEX3,3.0.4,1961-1990,grid_center_arithmetic_mean,61,0.8970588235294118,True,available,
Indonesia,IDN,1998,Indonesia,29.38828992843628,29,68,0.4264705882352941,HadEX3,3.0.4,1961-1990,grid_center_arithmetic_mean,61,0.8970588235294118,True,available,
Indonesia,IDN,1999,Indonesia,1.3813837720402355,29,68,0.4264705882352941,HadEX3,3.0.4,1961-1990,grid_center_arithmetic_mean,61,0.8970588235294118,True,available,
Indonesia,IDN,2000,Indonesia,4.145927540187178,29,68,0.4264705882352941,HadEX3,3.0.4,1961-1990,grid_center_arithmetic_mean,61,0.8970588235294118,True,available,
Indonesia,IDN,2001,Indonesia,9.178060659046832,29,68,0.4264705882352941,HadEX3,3.0.4,1961-1990,grid_center_arithmetic_mean,61,0.8970588235294118,True,available,
Indonesia,IDN,2002,Indonesia,19.759459084477918,29,68,0.4264705882352941,HadEX3,3.0.4,1961-1990,grid_center_arithmetic_mean,61,0.8970588235294118,True,available,
Indonesia,IDN,2003,Indonesia,10.96415583018599,29,68,0.4264705882352941,HadEX3,3.0.4,1961-1990,grid_center_arithmetic_mean,61,0.8970588235294118,True,available,
Indonesia,IDN,2004,Indonesia,14.083800571305412,28,68,0.4117647058823529,HadEX3,3.0.4,1961-1990,grid_center_arithmetic_mean,61,0.8970588235294118,True,available,
Indonesia,IDN,2005,Indonesia,10.612120976735806,29,68,0.4264705882352941,HadEX3,3.0.4,1961-1990,grid_center_arithmetic_mean,61,0.8970588235294118,True,available,
Indonesia,IDN,2006,Indonesia,13.709927788487187,27,68,0.39705882352941174,HadEX3,3.0.4,1961-1990,grid_center_arithmetic_mean,61,0.8970588235294118,True,available,
Indonesia,IDN,2007,Indonesia,5.633844247886112,28,68,0.4117647058823529,HadEX3,3.0.4,1961-1990,grid_center_arithmetic_mean,61,0.8970588235294118,True,available,
Indonesia,IDN,2008,Indonesia,4.940413656058134,27,68,0.39705882352941174,HadEX3,3.0.4,1961-1990,grid_center_arithmetic_mean,61,0.8970588235294118,True,available,
Indonesia,IDN,2009,Indonesia,9.708776337759835,28,68,0.4117647058823529,HadEX3,3.0.4,1961-1990,grid_center_arithmetic_mean,61,0.8970588235294118,True,available,
Indonesia,IDN,2010,Indonesia,10.107454468464029,29,68,0.4264705882352941,HadEX3,3.0.4,1961-1990,grid_center_arithmetic_mean,61,0.8970588235294118,True,available,
Indonesia,IDN,2011,Indonesia,7.40353513615472,28,68,0.4117647058823529,HadEX3,3.0.4,1961-1990,grid_center_arithmetic_mean,61,0.8970588235294118,True,available,
Indonesia,IDN,2012,Indonesia,,,68,,HadEX3,3.0.4,1961-1990,grid_center_arithmetic_mean,61,0.8970588235294118,True,missing_in_source_or_coverage_filter,missing_annual_value
Indonesia,IDN,2013,Indonesia,,,68,,HadEX3,3.0.4,1961-1990,grid_center_arithmetic_mean,61,0.8970588235294118,True,missing_in_source_or_coverage_filter,missing_annual_value
Indonesia,IDN,2014,Indonesia,,,68,,HadEX3,3.0.4,1961-1990,grid_center_arithmetic_mean,61,0.8970588235294118,True,missing_in_source_or_coverage_filter,missing_annual_value
Indonesia,IDN,2015,Indonesia,,,68,,HadEX3,3.0.4,1961-1990,grid_center_arithmetic_mean,61,0.8970588235294118,True,missing_in_source_or_coverage_filter,missing_annual_value
Indonesia,IDN,2016,Indonesia,,,68,,HadEX3,3.0.4,1961-1990,grid_center_arithmetic_mean,61,0.8970588235294118,True,missing_in_source_or_coverage_filter,missing_annual_value
Indonesia,IDN,2017,Indonesia,,,68,,HadEX3,3.0.4,1961-1990,grid_center_arithmetic_mean,61,0.8970588235294118,True,missing_in_source_or_coverage_filter,missing_annual_value
Indonesia,IDN,2018,Indonesia,,,68,,HadEX3,3.0.4,1961-1990,grid_center_arithmetic_mean,61,0.8970588235294118,True,missing_in_source_or_coverage_filter,missing_annual_value
India,IND,1995,India,11.463583331841688,104,107,0.9719626168224299,HadEX3,3.0.4,1961-1990,grid_center_arithmetic_mean,68,1.0,True,available,
India,IND,1996,India,5.532960894016119,104,107,0.9719626168224299,HadEX3,3.0.4,1961-1990,grid_center_arithmetic_mean,68,1.0,True,available,
India,IND,1997,India,6.061753269571525,104,107,0.9719626168224299,HadEX3,3.0.4,1961-1990,grid_center_arithmetic_mean,68,1.0,True,available,
India,IND,1998,India,18.285347525890057,104,107,0.9719626168224299,HadEX3,3.0.4,1961-1990,grid_center_arithmetic_mean,68,1.0,True,available,
India,IND,1999,India,16.627889046302208,104,107,0.9719626168224299,HadEX3,3.0.4,1961-1990,grid_center_arithmetic_mean,68,1.0,True,available,
India,IND,2000,India,19.788916835418114,104,107,0.9719626168224299,HadEX3,3.0.4,1961-1990,grid_center_arithmetic_mean,68,1.0,True,available,
India,IND,2001,India,19.101109403830307,104,107,0.9719626168224299,HadEX3,3.0.4,1961-1990,grid_center_arithmetic_mean,68,1.0,True,available,
India,IND,2002,India,28.851318900401775,104,107,0.9719626168224299,HadEX3,3.0.4,1961-1990,grid_center_arithmetic_mean,68,1.0,True,available,
India,IND,2003,India,11.58123328594061,104,107,0.9719626168224299,HadEX3,3.0.4,1961-1990,grid_center_arithmetic_mean,68,1.0,True,available,
India,IND,2004,India,19.981268946941082,104,107,0.9719626168224299,HadEX3,3.0.4,1961-1990,grid_center_arithmetic_mean,68,1.0,True,available,
India,IND,2005,India,12.375407260197859,104,107,0.9719626168224299,HadEX3,3.0.4,1961-1990,grid_center_arithmetic_mean,68,1.0,True,available,
India,IND,2006,India,27.62229414169605,104,107,0.9719626168224299,HadEX3,3.0.4,1961-1990,grid_center_arithmetic_mean,68,1.0,True,available,
India,IND,2007,India,13.3519607094618,104,107,0.9719626168224299,HadEX3,3.0.4,1961-1990,grid_center_arithmetic_mean,68,1.0,True,available,
India,IND,2008,India,16.677409640871563,104,107,0.9719626168224299,HadEX3,3.0.4,1961-1990,grid_center_arithmetic_mean,68,1.0,True,available,
India,IND,2009,India,31.36849371286539,104,107,0.9719626168224299,HadEX3,3.0.4,1961-1990,grid_center_arithmetic_mean,68,1.0,True,available,
India,IND,2010,India,26.667299110155838,104,107,0.9719626168224299,HadEX3,3.0.4,1961-1990,grid_center_arithmetic_mean,68,1.0,True,available,
India,IND,2011,India,14.60241118302712,104,107,0.9719626168224299,HadEX3,3.0.4,1961-1990,grid_center_arithmetic_mean,68,1.0,True,available,
India,IND,2012,India,17.023713634564327,104,107,0.9719626168224299,HadEX3,3.0.4,1961-1990,grid_center_arithmetic_mean,68,1.0,True,available,
India,IND,2013,India,12.728362184304457,104,107,0.9719626168224299,HadEX3,3.0.4,1961-1990,grid_center_arithmetic_mean,68,1.0,True,available,
India,IND,2014,India,22.845635533332825,104,107,0.9719626168224299,HadEX3,3.0.4,1961-1990,grid_center_arithmetic_mean,68,1.0,True,available,
India,IND,2015,India,27.27998204414661,104,107,0.9719626168224299,HadEX3,3.0.4,1961-1990,grid_center_arithmetic_mean,68,1.0,True,available,
India,IND,2016,India,34.79012393951416,104,107,0.9719626168224299,HadEX3,3.0.4,1961-1990,grid_center_arithmetic_mean,68,1.0,True,available,
India,IND,2017,India,29.99634416286762,104,107,0.9719626168224299,HadEX3,3.0.4,1961-1990,grid_center_arithmetic_mean,68,1.0,True,available,
India,IND,2018,India,20.153231987586388,104,107,0.9719626168224299,HadEX3,3.0.4,1961-1990,grid_center_arithmetic_mean,68,1.0,True,available,
Ireland,IRL,1995,Ireland,20.495585441589355,4,5,0.8,HadEX3,3.0.4,1961-1990,grid_center_arithmetic_mean,68,1.0,True,available,
Ireland,IRL,1996,Ireland,2.4680458903312683,4,5,0.8,HadEX3,3.0.4,1961-1990,grid_center_arithmetic_mean,68,1.0,True,available,
Ireland,IRL,1997,Ireland,12.900417566299438,4,5,0.8,HadEX3,3.0.4,1961-1990,grid_center_arithmetic_mean,68,1.0,True,available,
Ireland,IRL,1998,Ireland,15.673010349273682,4,5,0.8,HadEX3,3.0.4,1961-1990,grid_center_arithmetic_mean,68,1.0,True,available,
Ireland,IRL,1999,Ireland,7.435609698295593,4,5,0.8,HadEX3,3.0.4,1961-1990,grid_center_arithmetic_mean,68,1.0,True,available,
Ireland,IRL,2000,Ireland,5.391107439994812,4,5,0.8,HadEX3,3.0.4,1961-1990,grid_center_arithmetic_mean,68,1.0,True,available,
Ireland,IRL,2001,Ireland,3.623043417930603,4,5,0.8,HadEX3,3.0.4,1961-1990,grid_center_arithmetic_mean,68,1.0,True,available,
Ireland,IRL,2002,Ireland,9.510755777359009,4,5,0.8,HadEX3,3.0.4,1961-1990,grid_center_arithmetic_mean,68,1.0,True,available,
Ireland,IRL,2003,Ireland,16.6896710395813,4,5,0.8,HadEX3,3.0.4,1961-1990,grid_center_arithmetic_mean,68,1.0,True,available,
Ireland,IRL,2004,Ireland,7.549449324607849,4,5,0.8,HadEX3,3.0.4,1961-1990,grid_center_arithmetic_mean,68,1.0,True,available,
Ireland,IRL,2005,Ireland,13.848339319229126,4,5,0.8,HadEX3,3.0.4,1961-1990,grid_center_arithmetic_mean,68,1.0,True,available,
Ireland,IRL,2006,Ireland,18.42745065689087,4,5,0.8,HadEX3,3.0.4,1961-1990,grid_center_arithmetic_mean,68,1.0,True,available,
Ireland,IRL,2007,Ireland,18.47316551208496,4,5,0.8,HadEX3,3.0.4,1961-1990,grid_center_arithmetic_mean,68,1.0,True,available,
Ireland,IRL,2008,Ireland,10.93326187133789,4,5,0.8,HadEX3,3.0.4,1961-1990,grid_center_arithmetic_mean,68,1.0,True,available,
Ireland,IRL,2009,Ireland,10.14902925491333,4,5,0.8,HadEX3,3.0.4,1961-1990,grid_center_arithmetic_mean,68,1.0,True,available,
Ireland,IRL,2010,Ireland,3.105639696121216,4,5,0.8,HadEX3,3.0.4,1961-1990,grid_center_arithmetic_mean,68,1.0,True,available,
Ireland,IRL,2011,Ireland,18.169618606567383,4,5,0.8,HadEX3,3.0.4,1961-1990,grid_center_arithmetic_mean,68,1.0,True,available,
Ireland,IRL,2012,Ireland,13.512465953826904,4,5,0.8,HadEX3,3.0.4,1961-1990,grid_center_arithmetic_mean,68,1.0,True,available,
Ireland,IRL,2013,Ireland,7.011507868766785,4,5,0.8,HadEX3,3.0.4,1961-1990,grid_center_arithmetic_mean,68,1.0,True,available,
Ireland,IRL,2014,Ireland,11.799965620040894,4,5,0.8,HadEX3,3.0.4,1961-1990,grid_center_arithmetic_mean,68,1.0,True,available,
Ireland,IRL,2015,Ireland,16.054025650024414,4,5,0.8,HadEX3,3.0.4,1961-1990,grid_center_arithmetic_mean,68,1.0,True,available,
Ireland,IRL,2016,Ireland,8.811398983001709,4,5,0.8,HadEX3,3.0.4,1961-1990,grid_center_arithmetic_mean,68,1.0,True,available,
Ireland,IRL,2017,Ireland,9.380344152450562,4,5,0.8,HadEX3,3.0.4,1961-1990,grid_center_arithmetic_mean,68,1.0,True,available,
Ireland,IRL,2018,Ireland,22.011497497558594,4,5,0.8,HadEX3,3.0.4,1961-1990,grid_center_arithmetic_mean,68,1.0,True,available,
Iceland,ISL,1995,Iceland,5.110406875610352,8,9,0.8888888888888888,HadEX3,3.0.4,1961-1990,grid_center_arithmetic_mean,68,1.0,True,available,
Iceland,ISL,1996,Iceland,9.695433795452118,8,9,0.8888888888888888,HadEX3,3.0.4,1961-1990,grid_center_arithmetic_mean,68,1.0,True,available,
Iceland,ISL,1997,Iceland,7.910120904445648,8,9,0.8888888888888888,HadEX3,3.0.4,1961-1990,grid_center_arithmetic_mean,68,1.0,True,available,
Iceland,ISL,1998,Iceland,5.305676341056824,8,9,0.8888888888888888,HadEX3,3.0.4,1961-1990,grid_center_arithmetic_mean,68,1.0,True,available,
Iceland,ISL,1999,Iceland,7.29081118106842,8,9,0.8888888888888888,HadEX3,3.0.4,1961-1990,grid_center_arithmetic_mean,68,1.0,True,available,
Iceland,ISL,2000,Iceland,5.9566532373428345,8,9,0.8888888888888888,HadEX3,3.0.4,1961-1990,grid_center_arithmetic_mean,68,1.0,True,available,
Iceland,ISL,2001,Iceland,10.243657231330872,8,9,0.8888888888888888,HadEX3,3.0.4,1961-1990,grid_center_arithmetic_mean,68,1.0,True,available,
Iceland,ISL,2002,Iceland,20.93308448791504,8,9,0.8888888888888888,HadEX3,3.0.4,1961-1990,grid_center_arithmetic_mean,68,1.0,True,available,
Iceland,ISL,2003,Iceland,29.589649438858032,8,9,0.8888888888888888,HadEX3,3.0.4,1961-1990,grid_center_arithmetic_mean,68,1.0,True,available,
Iceland,ISL,2004,Iceland,18.680659890174866,8,9,0.8888888888888888,HadEX3,3.0.4,1961-1990,grid_center_arithmetic_mean,68,1.0,True,available,
Iceland,ISL,2005,Iceland,19.248480319976807,8,9,0.8888888888888888,HadEX3,3.0.4,1961-1990,grid_center_arithmetic_mean,68,1.0,True,available,
Iceland,ISL,2006,Iceland,23.438985109329224,8,9,0.8888888888888888,HadEX3,3.0.4,1961-1990,grid_center_arithmetic_mean,68,1.0,True,available,
Iceland,ISL,2007,Iceland,20.523430109024048,8,9,0.8888888888888888,HadEX3,3.0.4,1961-1990,grid_center_arithmetic_mean,68,1.0,True,available,
Iceland,ISL,2008,Iceland,13.201427936553955,8,9,0.8888888888888888,HadEX3,3.0.4,1961-1990,grid_center_arithmetic_mean,68,1.0,True,available,
Iceland,ISL,2009,Iceland,13.764396071434021,8,9,0.8888888888888888,HadEX3,3.0.4,1961-1990,grid_center_arithmetic_mean,68,1.0,True,available,
Iceland,ISL,2010,Iceland,37.40618419647217,8,9,0.8888888888888888,HadEX3,3.0.4,1961-1990,grid_center_arithmetic_mean,68,1.0,True,available,
Iceland,ISL,2011,Iceland,13.163798451423645,8,9,0.8888888888888888,HadEX3,3.0.4,1961-1990,grid_center_arithmetic_mean,68,1.0,True,available,
Iceland,ISL,2012,Iceland,19.702563762664795,8,9,0.8888888888888888,HadEX3,3.0.4,1961-1990,grid_center_arithmetic_mean,68,1.0,True,available,
Iceland,ISL,2013,Iceland,3.8410692512989044,8,9,0.8888888888888888,HadEX3,3.0.4,1961-1990,grid_center_arithmetic_mean,68,1.0,True,available,
Iceland,ISL,2014,Iceland,16.06539821624756,8,9,0.8888888888888888,HadEX3,3.0.4,1961-1990,grid_center_arithmetic_mean,68,1.0,True,available,
Iceland,ISL,2015,Iceland,6.152019828557968,8,9,0.8888888888888888,HadEX3,3.0.4,1961-1990,grid_center_arithmetic_mean,68,1.0,True,available,
Iceland,ISL,2016,Iceland,23.244715929031372,8,9,0.8888888888888888,HadEX3,3.0.4,1961-1990,grid_center_arithmetic_mean,68,1.0,True,available,
Iceland,ISL,2017,Iceland,5.435358077287674,8,9,0.8888888888888888,HadEX3,3.0.4,1961-1990,grid_center_arithmetic_mean,68,1.0,True,available,
Iceland,ISL,2018,Iceland,5.600806355476379,8,9,0.8888888888888888,HadEX3,3.0.4,1961-1990,grid_center_arithmetic_mean,68,1.0,True,available,
Israel,ISR,1995,Israel,1.387964904308319,2,2,1.0,HadEX3,3.0.4,1961-1990,grid_center_arithmetic_mean,68,1.0,True,available,
Israel,ISR,1996,Israel,0.6905296742916107,2,2,1.0,HadEX3,3.0.4,1961-1990,grid_center_arithmetic_mean,68,1.0,True,available,
Israel,ISR,1997,Israel,5.640374183654785,2,2,1.0,HadEX3,3.0.4,1961-1990,grid_center_arithmetic_mean,68,1.0,True,available,
Israel,ISR,1998,Israel,30.547937393188477,2,2,1.0,HadEX3,3.0.4,1961-1990,grid_center_arithmetic_mean,68,1.0,True,available,
Israel,ISR,1999,Israel,13.40350341796875,2,2,1.0,HadEX3,3.0.4,1961-1990,grid_center_arithmetic_mean,68,1.0,True,available,
Israel,ISR,2000,Israel,9.57373332977295,2,2,1.0,HadEX3,3.0.4,1961-1990,grid_center_arithmetic_mean,68,1.0,True,available,
Israel,ISR,2001,Israel,11.99927806854248,2,2,1.0,HadEX3,3.0.4,1961-1990,grid_center_arithmetic_mean,68,1.0,True,available,
Israel,ISR,2002,Israel,14.704796314239502,2,2,1.0,HadEX3,3.0.4,1961-1990,grid_center_arithmetic_mean,68,1.0,True,available,
Israel,ISR,2003,Israel,12.63794469833374,2,2,1.0,HadEX3,3.0.4,1961-1990,grid_center_arithmetic_mean,68,1.0,True,available,
Israel,ISR,2004,Israel,6.441946268081665,2,2,1.0,HadEX3,3.0.4,1961-1990,grid_center_arithmetic_mean,68,1.0,True,available,
Israel,ISR,2005,Israel,3.0207715034484863,2,2,1.0,HadEX3,3.0.4,1961-1990,grid_center_arithmetic_mean,68,1.0,True,available,
Israel,ISR,2006,Israel,2.3061234951019287,2,2,1.0,HadEX3,3.0.4,1961-1990,grid_center_arithmetic_mean,68,1.0,True,available,
Israel,ISR,2007,Israel,16.43882179260254,2,2,1.0,HadEX3,3.0.4,1961-1990,grid_center_arithmetic_mean,68,1.0,True,available,
Israel,ISR,2008,Israel,13.948073387145996,2,2,1.0,HadEX3,3.0.4,1961-1990,grid_center_arithmetic_mean,68,1.0,True,available,
Israel,ISR,2009,Israel,12.975159645080566,2,2,1.0,HadEX3,3.0.4,1961-1990,grid_center_arithmetic_mean,68,1.0,True,available,
Israel,ISR,2010,Israel,68.59919357299805,2,2,1.0,HadEX3,3.0.4,1961-1990,grid_center_arithmetic_mean,68,1.0,True,available,
Israel,ISR,2011,Israel,5.987095832824707,2,2,1.0,HadEX3,3.0.4,1961-1990,grid_center_arithmetic_mean,68,1.0,True,available,
Israel,ISR,2012,Israel,35.081769943237305,2,2,1.0,HadEX3,3.0.4,1961-1990,grid_center_arithmetic_mean,68,1.0,True,available,
Israel,ISR,2013,Israel,8.785231113433838,2,2,1.0,HadEX3,3.0.4,1961-1990,grid_center_arithmetic_mean,68,1.0,True,available,
Israel,ISR,2014,Israel,15.316073894500732,2,2,1.0,HadEX3,3.0.4,1961-1990,grid_center_arithmetic_mean,68,1.0,True,available,
Israel,ISR,2015,Israel,38.14098358154297,2,2,1.0,HadEX3,3.0.4,1961-1990,grid_center_arithmetic_mean,68,1.0,True,available,
Israel,ISR,2016,Israel,24.39980411529541,2,2,1.0,HadEX3,3.0.4,1961-1990,grid_center_arithmetic_mean,68,1.0,True,available,
Israel,ISR,2017,Israel,16.560754776000977,2,2,1.0,HadEX3,3.0.4,1961-1990,grid_center_arithmetic_mean,68,1.0,True,available,
Israel,ISR,2018,Israel,29.837112426757812,2,2,1.0,HadEX3,3.0.4,1961-1990,grid_center_arithmetic_mean,68,1.0,True,available,
Italy,ITA,1995,Italy,7.167157570521037,12,16,0.75,HadEX3,3.0.4,1961-1990,grid_center_arithmetic_mean,68,1.0,True,available,
Italy,ITA,1996,Italy,8.234686533610025,12,16,0.75,HadEX3,3.0.4,1961-1990,grid_center_arithmetic_mean,68,1.0,True,available,
Italy,ITA,1997,Italy,13.803659915924072,12,16,0.75,HadEX3,3.0.4,1961-1990,grid_center_arithmetic_mean,68,1.0,True,available,
Italy,ITA,1998,Italy,26.508709748586018,12,16,0.75,HadEX3,3.0.4,1961-1990,grid_center_arithmetic_mean,68,1.0,True,available,
Italy,ITA,1999,Italy,13.629536072413126,12,16,0.75,HadEX3,3.0.4,1961-1990,grid_center_arithmetic_mean,68,1.0,True,available,
Italy,ITA,2000,Italy,17.93969464302063,12,16,0.75,HadEX3,3.0.4,1961-1990,grid_center_arithmetic_mean,68,1.0,True,available,
Italy,ITA,2001,Italy,16.309030055999756,12,16,0.75,HadEX3,3.0.4,1961-1990,grid_center_arithmetic_mean,68,1.0,True,available,
Italy,ITA,2002,Italy,20.651994387308758,12,16,0.75,HadEX3,3.0.4,1961-1990,grid_center_arithmetic_mean,68,1.0,True,available,
Italy,ITA,2003,Italy,44.300760904947914,12,16,0.75,HadEX3,3.0.4,1961-1990,grid_center_arithmetic_mean,68,1.0,True,available,
Italy,ITA,2004,Italy,13.704383929570517,12,16,0.75,HadEX3,3.0.4,1961-1990,grid_center_arithmetic_mean,68,1.0,True,available,
Italy,ITA,2005,Italy,18.770344495773315,12,16,0.75,HadEX3,3.0.4,1961-1990,grid_center_arithmetic_mean,68,1.0,True,available,
Italy,ITA,2006,Italy,28.681263128916424,12,16,0.75,HadEX3,3.0.4,1961-1990,grid_center_arithmetic_mean,68,1.0,True,available,
Italy,ITA,2007,Italy,39.19117418924967,12,16,0.75,HadEX3,3.0.4,1961-1990,grid_center_arithmetic_mean,68,1.0,True,available,
Italy,ITA,2008,Italy,17.509753068288166,12,16,0.75,HadEX3,3.0.4,1961-1990,grid_center_arithmetic_mean,68,1.0,True,available,
Italy,ITA,2009,Italy,21.114839394887287,12,16,0.75,HadEX3,3.0.4,1961-1990,grid_center_arithmetic_mean,68,1.0,True,available,
Italy,ITA,2010,Italy,10.640714089075724,12,16,0.75,HadEX3,3.0.4,1961-1990,grid_center_arithmetic_mean,68,1.0,True,available,
Italy,ITA,2011,Italy,33.48219521840414,12,16,0.75,HadEX3,3.0.4,1961-1990,grid_center_arithmetic_mean,68,1.0,True,available,
Italy,ITA,2012,Italy,32.91563765207926,12,16,0.75,HadEX3,3.0.4,1961-1990,grid_center_arithmetic_mean,68,1.0,True,available,
Italy,ITA,2013,Italy,16.971861203511555,12,16,0.75,HadEX3,3.0.4,1961-1990,grid_center_arithmetic_mean,68,1.0,True,available,
Italy,ITA,2014,Italy,22.873535474141438,12,16,0.75,HadEX3,3.0.4,1961-1990,grid_center_arithmetic_mean,68,1.0,True,available,
Italy,ITA,2015,Italy,43.07736746470133,12,16,0.75,HadEX3,3.0.4,1961-1990,grid_center_arithmetic_mean,68,1.0,True,available,
Italy,ITA,2016,Italy,21.365017731984455,12,16,0.75,HadEX3,3.0.4,1961-1990,grid_center_arithmetic_mean,68,1.0,True,available,
Italy,ITA,2017,Italy,30.783479690551758,12,16,0.75,HadEX3,3.0.4,1961-1990,grid_center_arithmetic_mean,68,1.0,True,available,
Italy,ITA,2018,Italy,37.64286390940348,12,16,0.75,HadEX3,3.0.4,1961-1990,grid_center_arithmetic_mean,68,1.0,True,available,
Japan,JPN,1995,Japan,4.41407322883606,12,13,0.9230769230769231,HadEX3,3.0.4,1961-1990,grid_center_arithmetic_mean,68,1.0,True,available,
Japan,JPN,1996,Japan,1.6653764247894287,12,13,0.9230769230769231,HadEX3,3.0.4,1961-1990,grid_center_arithmetic_mean,68,1.0,True,available,
Japan,JPN,1997,Japan,4.68855615456899,12,13,0.9230769230769231,HadEX3,3.0.4,1961-1990,grid_center_arithmetic_mean,68,1.0,True,available,
Japan,JPN,1998,Japan,13.51046892007192,12,13,0.9230769230769231,HadEX3,3.0.4,1961-1990,grid_center_arithmetic_mean,68,1.0,True,available,
Japan,JPN,1999,Japan,9.035469810167948,12,13,0.9230769230769231,HadEX3,3.0.4,1961-1990,grid_center_arithmetic_mean,68,1.0,True,available,
Japan,JPN,2000,Japan,4.640770316123962,12,13,0.9230769230769231,HadEX3,3.0.4,1961-1990,grid_center_arithmetic_mean,68,1.0,True,available,
Japan,JPN,2001,Japan,8.484820465246836,12,13,0.9230769230769231,HadEX3,3.0.4,1961-1990,grid_center_arithmetic_mean,68,1.0,True,available,
Japan,JPN,2002,Japan,9.794840971628824,12,13,0.9230769230769231,HadEX3,3.0.4,1961-1990,grid_center_arithmetic_mean,68,1.0,True,available,
Japan,JPN,2003,Japan,2.24244191745917,12,13,0.9230769230769231,HadEX3,3.0.4,1961-1990,grid_center_arithmetic_mean,68,1.0,True,available,
Japan,JPN,2004,Japan,7.92909562587738,12,13,0.9230769230769231,HadEX3,3.0.4,1961-1990,grid_center_arithmetic_mean,68,1.0,True,available,
Japan,JPN,2005,Japan,5.279832561810811,12,13,0.9230769230769231,HadEX3,3.0.4,1961-1990,grid_center_arithmetic_mean,68,1.0,True,available,
Japan,JPN,2006,Japan,3.916174511114756,12,13,0.9230769230769231,HadEX3,3.0.4,1961-1990,grid_center_arithmetic_mean,68,1.0,True,available,
Japan,JPN,2007,Japan,10.414920568466187,12,13,0.9230769230769231,HadEX3,3.0.4,1961-1990,grid_center_arithmetic_mean,68,1.0,True,available,
Japan,JPN,2008,Japan,9.107402602831522,12,13,0.9230769230769231,HadEX3,3.0.4,1961-1990,grid_center_arithmetic_mean,68,1.0,True,available,
Japan,JPN,2009,Japan,3.666844646135966,12,13,0.9230769230769231,HadEX3,3.0.4,1961-1990,grid_center_arithmetic_mean,68,1.0,True,available,
Japan,JPN,2010,Japan,13.064514875411987,12,13,0.9230769230769231,HadEX3,3.0.4,1961-1990,grid_center_arithmetic_mean,68,1.0,True,available,
Japan,JPN,2011,Japan,10.369524161020914,12,13,0.9230769230769231,HadEX3,3.0.4,1961-1990,grid_center_arithmetic_mean,68,1.0,True,available,
Japan,JPN,2012,Japan,6.746023178100586,12,13,0.9230769230769231,HadEX3,3.0.4,1961-1990,grid_center_arithmetic_mean,68,1.0,True,available,
Japan,JPN,2013,Japan,13.929309725761414,12,13,0.9230769230769231,HadEX3,3.0.4,1961-1990,grid_center_arithmetic_mean,68,1.0,True,available,
Japan,JPN,2014,Japan,4.433155874411265,12,13,0.9230769230769231,HadEX3,3.0.4,1961-1990,grid_center_arithmetic_mean,68,1.0,True,available,
Japan,JPN,2015,Japan,6.201599836349487,12,13,0.9230769230769231,HadEX3,3.0.4,1961-1990,grid_center_arithmetic_mean,68,1.0,True,available,
Japan,JPN,2016,Japan,6.439132452011108,12,13,0.9230769230769231,HadEX3,3.0.4,1961-1990,grid_center_arithmetic_mean,68,1.0,True,available,
Japan,JPN,2017,Japan,3.6522169212500253,12,13,0.9230769230769231,HadEX3,3.0.4,1961-1990,grid_center_arithmetic_mean,68,1.0,True,available,
Japan,JPN,2018,Japan,14.230210582415262,12,13,0.9230769230769231,HadEX3,3.0.4,1961-1990,grid_center_arithmetic_mean,68,1.0,True,available,
Kazakhstan,KAZ,1995,Kazakhstan,18.601739247639973,141,141,1.0,HadEX3,3.0.4,1961-1990,grid_center_arithmetic_mean,68,1.0,True,available,
Kazakhstan,KAZ,1996,Kazakhstan,7.351191818291414,141,141,1.0,HadEX3,3.0.4,1961-1990,grid_center_arithmetic_mean,68,1.0,True,available,
Kazakhstan,KAZ,1997,Kazakhstan,16.66442568082336,141,141,1.0,HadEX3,3.0.4,1961-1990,grid_center_arithmetic_mean,68,1.0,True,available,
Kazakhstan,KAZ,1998,Kazakhstan,15.47928584213798,141,141,1.0,HadEX3,3.0.4,1961-1990,grid_center_arithmetic_mean,68,1.0,True,available,
Kazakhstan,KAZ,1999,Kazakhstan,14.709720652154152,141,141,1.0,HadEX3,3.0.4,1961-1990,grid_center_arithmetic_mean,68,1.0,True,available,
Kazakhstan,KAZ,2000,Kazakhstan,6.376555600910322,141,141,1.0,HadEX3,3.0.4,1961-1990,grid_center_arithmetic_mean,68,1.0,True,available,
Kazakhstan,KAZ,2001,Kazakhstan,15.142726911720654,141,141,1.0,HadEX3,3.0.4,1961-1990,grid_center_arithmetic_mean,68,1.0,True,available,
Kazakhstan,KAZ,2002,Kazakhstan,24.59136583449993,141,141,1.0,HadEX3,3.0.4,1961-1990,grid_center_arithmetic_mean,68,1.0,True,available,
Kazakhstan,KAZ,2003,Kazakhstan,11.596638408958489,141,141,1.0,HadEX3,3.0.4,1961-1990,grid_center_arithmetic_mean,68,1.0,True,available,
Kazakhstan,KAZ,2004,Kazakhstan,13.648824942027423,141,141,1.0,HadEX3,3.0.4,1961-1990,grid_center_arithmetic_mean,68,1.0,True,available,
Kazakhstan,KAZ,2005,Kazakhstan,11.876152112974342,141,141,1.0,HadEX3,3.0.4,1961-1990,grid_center_arithmetic_mean,68,1.0,True,available,
Kazakhstan,KAZ,2006,Kazakhstan,18.058170318603516,141,141,1.0,HadEX3,3.0.4,1961-1990,grid_center_arithmetic_mean,68,1.0,True,available,
Kazakhstan,KAZ,2007,Kazakhstan,22.693745471061543,141,141,1.0,HadEX3,3.0.4,1961-1990,grid_center_arithmetic_mean,68,1.0,True,available,
Kazakhstan,KAZ,2008,Kazakhstan,30.611124512151623,141,141,1.0,HadEX3,3.0.4,1961-1990,grid_center_arithmetic_mean,68,1.0,True,available,
Kazakhstan,KAZ,2009,Kazakhstan,9.032920889820613,141,141,1.0,HadEX3,3.0.4,1961-1990,grid_center_arithmetic_mean,68,1.0,True,available,
Kazakhstan,KAZ,2010,Kazakhstan,25.079442829105027,141,141,1.0,HadEX3,3.0.4,1961-1990,grid_center_arithmetic_mean,68,1.0,True,available,
Kazakhstan,KAZ,2011,Kazakhstan,11.088755749641582,141,141,1.0,HadEX3,3.0.4,1961-1990,grid_center_arithmetic_mean,68,1.0,True,available,
Kazakhstan,KAZ,2012,Kazakhstan,21.305413093972714,141,141,1.0,HadEX3,3.0.4,1961-1990,grid_center_arithmetic_mean,68,1.0,True,available,
Kazakhstan,KAZ,2013,Kazakhstan,15.552026620147922,141,141,1.0,HadEX3,3.0.4,1961-1990,grid_center_arithmetic_mean,68,1.0,True,available,
Kazakhstan,KAZ,2014,Kazakhstan,12.255374363973631,141,141,1.0,HadEX3,3.0.4,1961-1990,grid_center_arithmetic_mean,68,1.0,True,available,
Kazakhstan,KAZ,2015,Kazakhstan,16.43482675958187,141,141,1.0,HadEX3,3.0.4,1961-1990,grid_center_arithmetic_mean,68,1.0,True,available,
Kazakhstan,KAZ,2016,Kazakhstan,21.518021404320468,141,141,1.0,HadEX3,3.0.4,1961-1990,grid_center_arithmetic_mean,68,1.0,True,available,
Kazakhstan,KAZ,2017,Kazakhstan,8.919159936566725,141,141,1.0,HadEX3,3.0.4,1961-1990,grid_center_arithmetic_mean,68,1.0,True,available,
Kazakhstan,KAZ,2018,Kazakhstan,6.566825274034595,141,141,1.0,HadEX3,3.0.4,1961-1990,grid_center_arithmetic_mean,68,1.0,True,available,
Kenya,KEN,1995,Kenya,,,21,,HadEX3,3.0.4,1961-1990,grid_center_arithmetic_mean,0,0.0,False,missing_in_source_or_coverage_filter,failed_time_coverage
Kenya,KEN,1996,Kenya,,,21,,HadEX3,3.0.4,1961-1990,grid_center_arithmetic_mean,0,0.0,False,missing_in_source_or_coverage_filter,failed_time_coverage
Kenya,KEN,1997,Kenya,,,21,,HadEX3,3.0.4,1961-1990,grid_center_arithmetic_mean,0,0.0,False,missing_in_source_or_coverage_filter,failed_time_coverage
Kenya,KEN,1998,Kenya,,,21,,HadEX3,3.0.4,1961-1990,grid_center_arithmetic_mean,0,0.0,False,missing_in_source_or_coverage_filter,failed_time_coverage
Kenya,KEN,1999,Kenya,,,21,,HadEX3,3.0.4,1961-1990,grid_center_arithmetic_mean,0,0.0,False,missing_in_source_or_coverage_filter,failed_time_coverage
Kenya,KEN,2000,Kenya,,,21,,HadEX3,3.0.4,1961-1990,grid_center_arithmetic_mean,0,0.0,False,missing_in_source_or_coverage_filter,failed_time_coverage
Kenya,KEN,2001,Kenya,,,21,,HadEX3,3.0.4,1961-1990,grid_center_arithmetic_mean,0,0.0,False,missing_in_source_or_coverage_filter,failed_time_coverage
Kenya,KEN,2002,Kenya,,,21,,HadEX3,3.0.4,1961-1990,grid_center_arithmetic_mean,0,0.0,False,missing_in_source_or_coverage_filter,failed_time_coverage
Kenya,KEN,2003,Kenya,,,21,,HadEX3,3.0.4,1961-1990,grid_center_arithmetic_mean,0,0.0,False,missing_in_source_or_coverage_filter,failed_time_coverage
Kenya,KEN,2004,Kenya,,,21,,HadEX3,3.0.4,1961-1990,grid_center_arithmetic_mean,0,0.0,False,missing_in_source_or_coverage_filter,failed_time_coverage
Kenya,KEN,2005,Kenya,,,21,,HadEX3,3.0.4,1961-1990,grid_center_arithmetic_mean,0,0.0,False,missing_in_source_or_coverage_filter,failed_time_coverage
Kenya,KEN,2006,Kenya,,,21,,HadEX3,3.0.4,1961-1990,grid_center_arithmetic_mean,0,0.0,False,missing_in_source_or_coverage_filter,failed_time_coverage
Kenya,KEN,2007,Kenya,,,21,,HadEX3,3.0.4,1961-1990,grid_center_arithmetic_mean,0,0.0,False,missing_in_source_or_coverage_filter,failed_time_coverage
Kenya,KEN,2008,Kenya,,,21,,HadEX3,3.0.4,1961-1990,grid_center_arithmetic_mean,0,0.0,False,missing_in_source_or_coverage_filter,failed_time_coverage
Kenya,KEN,2009,Kenya,,,21,,HadEX3,3.0.4,1961-1990,grid_center_arithmetic_mean,0,0.0,False,missing_in_source_or_coverage_filter,failed_time_coverage
Kenya,KEN,2010,Kenya,,,21,,HadEX3,3.0.4,1961-1990,grid_center_arithmetic_mean,0,0.0,False,missing_in_source_or_coverage_filter,failed_time_coverage
Kenya,KEN,2011,Kenya,,,21,,HadEX3,3.0.4,1961-1990,grid_center_arithmetic_mean,0,0.0,False,missing_in_source_or_coverage_filter,failed_time_coverage
Kenya,KEN,2012,Kenya,,,21,,HadEX3,3.0.4,1961-1990,grid_center_arithmetic_mean,0,0.0,False,missing_in_source_or_coverage_filter,failed_time_coverage
Kenya,KEN,2013,Kenya,,,21,,HadEX3,3.0.4,1961-1990,grid_center_arithmetic_mean,0,0.0,False,missing_in_source_or_coverage_filter,failed_time_coverage
Kenya,KEN,2014,Kenya,,,21,,HadEX3,3.0.4,1961-1990,grid_center_arithmetic_mean,0,0.0,False,missing_in_source_or_coverage_filter,failed_time_coverage
Kenya,KEN,2015,Kenya,,,21,,HadEX3,3.0.4,1961-1990,grid_center_arithmetic_mean,0,0.0,False,missing_in_source_or_coverage_filter,failed_time_coverage
Kenya,KEN,2016,Kenya,,,21,,HadEX3,3.0.4,1961-1990,grid_center_arithmetic_mean,0,0.0,False,missing_in_source_or_coverage_filter,failed_time_coverage
Kenya,KEN,2017,Kenya,,,21,,HadEX3,3.0.4,1961-1990,grid_center_arithmetic_mean,0,0.0,False,missing_in_source_or_coverage_filter,failed_time_coverage
Kenya,KEN,2018,Kenya,,,21,,HadEX3,3.0.4,1961-1990,grid_center_arithmetic_mean,0,0.0,False,missing_in_source_or_coverage_filter,failed_time_coverage
Korea,KOR,1995,Republic of Korea,2.620709240436554,4,6,0.6666666666666666,HadEX3,3.0.4,1961-1990,grid_center_arithmetic_mean,68,1.0,True,available,
Korea,KOR,1996,Republic of Korea,1.585893154144287,4,6,0.6666666666666666,HadEX3,3.0.4,1961-1990,grid_center_arithmetic_mean,68,1.0,True,available,
Korea,KOR,1997,Republic of Korea,8.671964168548584,4,6,0.6666666666666666,HadEX3,3.0.4,1961-1990,grid_center_arithmetic_mean,68,1.0,True,available,
Korea,KOR,1998,Republic of Korea,17.21213674545288,4,6,0.6666666666666666,HadEX3,3.0.4,1961-1990,grid_center_arithmetic_mean,68,1.0,True,available,
Korea,KOR,1999,Republic of Korea,9.178398609161377,4,6,0.6666666666666666,HadEX3,3.0.4,1961-1990,grid_center_arithmetic_mean,68,1.0,True,available,
Korea,KOR,2000,Republic of Korea,5.528719782829285,4,6,0.6666666666666666,HadEX3,3.0.4,1961-1990,grid_center_arithmetic_mean,68,1.0,True,available,
Korea,KOR,2001,Republic of Korea,9.91017770767212,4,6,0.6666666666666666,HadEX3,3.0.4,1961-1990,grid_center_arithmetic_mean,68,1.0,True,available,
Korea,KOR,2002,Republic of Korea,16.007585763931274,4,6,0.6666666666666666,HadEX3,3.0.4,1961-1990,grid_center_arithmetic_mean,68,1.0,True,available,
Korea,KOR,2003,Republic of Korea,3.477559447288513,4,6,0.6666666666666666,HadEX3,3.0.4,1961-1990,grid_center_arithmetic_mean,68,1.0,True,available,
Korea,KOR,2004,Republic of Korea,6.379330158233643,4,6,0.6666666666666666,HadEX3,3.0.4,1961-1990,grid_center_arithmetic_mean,68,1.0,True,available,
Korea,KOR,2005,Republic of Korea,5.422513246536255,4,6,0.6666666666666666,HadEX3,3.0.4,1961-1990,grid_center_arithmetic_mean,68,1.0,True,available,
Korea,KOR,2006,Republic of Korea,8.257222771644592,4,6,0.6666666666666666,HadEX3,3.0.4,1961-1990,grid_center_arithmetic_mean,68,1.0,True,available,
Korea,KOR,2007,Republic of Korea,13.41744613647461,4,6,0.6666666666666666,HadEX3,3.0.4,1961-1990,grid_center_arithmetic_mean,68,1.0,True,available,
Korea,KOR,2008,Republic of Korea,11.572818994522095,4,6,0.6666666666666666,HadEX3,3.0.4,1961-1990,grid_center_arithmetic_mean,68,1.0,True,available,
Korea,KOR,2009,Republic of Korea,8.794145822525024,4,6,0.6666666666666666,HadEX3,3.0.4,1961-1990,grid_center_arithmetic_mean,68,1.0,True,available,
Korea,KOR,2010,Republic of Korea,8.2986900806427,4,6,0.6666666666666666,HadEX3,3.0.4,1961-1990,grid_center_arithmetic_mean,68,1.0,True,available,
Korea,KOR,2011,Republic of Korea,4.587384819984436,4,6,0.6666666666666666,HadEX3,3.0.4,1961-1990,grid_center_arithmetic_mean,68,1.0,True,available,
Korea,KOR,2012,Republic of Korea,2.6995524764060974,4,6,0.6666666666666666,HadEX3,3.0.4,1961-1990,grid_center_arithmetic_mean,68,1.0,True,available,
Korea,KOR,2013,Republic of Korea,11.590171337127686,4,6,0.6666666666666666,HadEX3,3.0.4,1961-1990,grid_center_arithmetic_mean,68,1.0,True,available,
Korea,KOR,2014,Republic of Korea,5.630309581756592,4,6,0.6666666666666666,HadEX3,3.0.4,1961-1990,grid_center_arithmetic_mean,68,1.0,True,available,
Korea,KOR,2015,Republic of Korea,5.282786846160889,4,6,0.6666666666666666,HadEX3,3.0.4,1961-1990,grid_center_arithmetic_mean,68,1.0,True,available,
Korea,KOR,2016,Republic of Korea,7.847452402114868,4,6,0.6666666666666666,HadEX3,3.0.4,1961-1990,grid_center_arithmetic_mean,68,1.0,True,available,
Korea,KOR,2017,Republic of Korea,6.966239809989929,4,6,0.6666666666666666,HadEX3,3.0.4,1961-1990,grid_center_arithmetic_mean,68,1.0,True,available,
Korea,KOR,2018,Republic of Korea,14.722858667373657,4,6,0.6666666666666666,HadEX3,3.0.4,1961-1990,grid_center_arithmetic_mean,68,1.0,True,available,
Sri Lanka,LKA,1995,Sri Lanka,,,1,,HadEX3,3.0.4,1961-1990,grid_center_arithmetic_mean,0,0.0,False,missing_in_source_or_coverage_filter,failed_time_coverage
Sri Lanka,LKA,1996,Sri Lanka,,,1,,HadEX3,3.0.4,1961-1990,grid_center_arithmetic_mean,0,0.0,False,missing_in_source_or_coverage_filter,failed_time_coverage
Sri Lanka,LKA,1997,Sri Lanka,,,1,,HadEX3,3.0.4,1961-1990,grid_center_arithmetic_mean,0,0.0,False,missing_in_source_or_coverage_filter,failed_time_coverage
Sri Lanka,LKA,1998,Sri Lanka,,,1,,HadEX3,3.0.4,1961-1990,grid_center_arithmetic_mean,0,0.0,False,missing_in_source_or_coverage_filter,failed_time_coverage
Sri Lanka,LKA,1999,Sri Lanka,,,1,,HadEX3,3.0.4,1961-1990,grid_center_arithmetic_mean,0,0.0,False,missing_in_source_or_coverage_filter,failed_time_coverage
Sri Lanka,LKA,2000,Sri Lanka,,,1,,HadEX3,3.0.4,1961-1990,grid_center_arithmetic_mean,0,0.0,False,missing_in_source_or_coverage_filter,failed_time_coverage
Sri Lanka,LKA,2001,Sri Lanka,,,1,,HadEX3,3.0.4,1961-1990,grid_center_arithmetic_mean,0,0.0,False,missing_in_source_or_coverage_filter,failed_time_coverage
Sri Lanka,LKA,2002,Sri Lanka,,,1,,HadEX3,3.0.4,1961-1990,grid_center_arithmetic_mean,0,0.0,False,missing_in_source_or_coverage_filter,failed_time_coverage
Sri Lanka,LKA,2003,Sri Lanka,,,1,,HadEX3,3.0.4,1961-1990,grid_center_arithmetic_mean,0,0.0,False,missing_in_source_or_coverage_filter,failed_time_coverage
Sri Lanka,LKA,2004,Sri Lanka,,,1,,HadEX3,3.0.4,1961-1990,grid_center_arithmetic_mean,0,0.0,False,missing_in_source_or_coverage_filter,failed_time_coverage
Sri Lanka,LKA,2005,Sri Lanka,,,1,,HadEX3,3.0.4,1961-1990,grid_center_arithmetic_mean,0,0.0,False,missing_in_source_or_coverage_filter,failed_time_coverage
Sri Lanka,LKA,2006,Sri Lanka,,,1,,HadEX3,3.0.4,1961-1990,grid_center_arithmetic_mean,0,0.0,False,missing_in_source_or_coverage_filter,failed_time_coverage
Sri Lanka,LKA,2007,Sri Lanka,,,1,,HadEX3,3.0.4,1961-1990,grid_center_arithmetic_mean,0,0.0,False,missing_in_source_or_coverage_filter,failed_time_coverage
Sri Lanka,LKA,2008,Sri Lanka,,,1,,HadEX3,3.0.4,1961-1990,grid_center_arithmetic_mean,0,0.0,False,missing_in_source_or_coverage_filter,failed_time_coverage
Sri Lanka,LKA,2009,Sri Lanka,,,1,,HadEX3,3.0.4,1961-1990,grid_center_arithmetic_mean,0,0.0,False,missing_in_source_or_coverage_filter,failed_time_coverage
Sri Lanka,LKA,2010,Sri Lanka,,,1,,HadEX3,3.0.4,1961-1990,grid_center_arithmetic_mean,0,0.0,False,missing_in_source_or_coverage_filter,failed_time_coverage
Sri Lanka,LKA,2011,Sri Lanka,,,1,,HadEX3,3.0.4,1961-1990,grid_center_arithmetic_mean,0,0.0,False,missing_in_source_or_coverage_filter,failed_time_coverage
Sri Lanka,LKA,2012,Sri Lanka,,,1,,HadEX3,3.0.4,1961-1990,grid_center_arithmetic_mean,0,0.0,False,missing_in_source_or_coverage_filter,failed_time_coverage
Sri Lanka,LKA,2013,Sri Lanka,,,1,,HadEX3,3.0.4,1961-1990,grid_center_arithmetic_mean,0,0.0,False,missing_in_source_or_coverage_filter,failed_time_coverage
Sri Lanka,LKA,2014,Sri Lanka,,,1,,HadEX3,3.0.4,1961-1990,grid_center_arithmetic_mean,0,0.0,False,missing_in_source_or_coverage_filter,failed_time_coverage
Sri Lanka,LKA,2015,Sri Lanka,,,1,,HadEX3,3.0.4,1961-1990,grid_center_arithmetic_mean,0,0.0,False,missing_in_source_or_coverage_filter,failed_time_coverage
Sri Lanka,LKA,2016,Sri Lanka,,,1,,HadEX3,3.0.4,1961-1990,grid_center_arithmetic_mean,0,0.0,False,missing_in_source_or_coverage_filter,failed_time_coverage
Sri Lanka,LKA,2017,Sri Lanka,,,1,,HadEX3,3.0.4,1961-1990,grid_center_arithmetic_mean,0,0.0,False,missing_in_source_or_coverage_filter,failed_time_coverage
Sri Lanka,LKA,2018,Sri Lanka,,,1,,HadEX3,3.0.4,1961-1990,grid_center_arithmetic_mean,0,0.0,False,missing_in_source_or_coverage_filter,failed_time_coverage
Lithuania,LTU,1995,Lithuania,12.661872863769531,5,5,1.0,HadEX3,3.0.4,1961-1990,grid_center_arithmetic_mean,68,1.0,True,available,
Lithuania,LTU,1996,Lithuania,11.048820114135742,5,5,1.0,HadEX3,3.0.4,1961-1990,grid_center_arithmetic_mean,68,1.0,True,available,
Lithuania,LTU,1997,Lithuania,17.999082946777342,5,5,1.0,HadEX3,3.0.4,1961-1990,grid_center_arithmetic_mean,68,1.0,True,available,
Lithuania,LTU,1998,Lithuania,14.173445892333984,5,5,1.0,HadEX3,3.0.4,1961-1990,grid_center_arithmetic_mean,68,1.0,True,available,
Lithuania,LTU,1999,Lithuania,15.320229530334473,5,5,1.0,HadEX3,3.0.4,1961-1990,grid_center_arithmetic_mean,68,1.0,True,available,
Lithuania,LTU,2000,Lithuania,22.3446907043457,5,5,1.0,HadEX3,3.0.4,1961-1990,grid_center_arithmetic_mean,68,1.0,True,available,
Lithuania,LTU,2001,Lithuania,8.405116653442382,5,5,1.0,HadEX3,3.0.4,1961-1990,grid_center_arithmetic_mean,68,1.0,True,available,
Lithuania,LTU,2002,Lithuania,33.03290634155273,5,5,1.0,HadEX3,3.0.4,1961-1990,grid_center_arithmetic_mean,68,1.0,True,available,
Lithuania,LTU,2003,Lithuania,14.716726112365723,5,5,1.0,HadEX3,3.0.4,1961-1990,grid_center_arithmetic_mean,68,1.0,True,available,
Lithuania,LTU,2004,Lithuania,7.066072177886963,5,5,1.0,HadEX3,3.0.4,1961-1990,grid_center_arithmetic_mean,68,1.0,True,available,
Lithuania,LTU,2005,Lithuania,20.71950454711914,5,5,1.0,HadEX3,3.0.4,1961-1990,grid_center_arithmetic_mean,68,1.0,True,available,
Lithuania,LTU,2006,Lithuania,36.86418838500977,5,5,1.0,HadEX3,3.0.4,1961-1990,grid_center_arithmetic_mean,68,1.0,True,available,
Lithuania,LTU,2007,Lithuania,31.90554542541504,5,5,1.0,HadEX3,3.0.4,1961-1990,grid_center_arithmetic_mean,68,1.0,True,available,
Lithuania,LTU,2008,Lithuania,16.90118827819824,5,5,1.0,HadEX3,3.0.4,1961-1990,grid_center_arithmetic_mean,68,1.0,True,available,
Lithuania,LTU,2009,Lithuania,12.14446964263916,5,5,1.0,HadEX3,3.0.4,1961-1990,grid_center_arithmetic_mean,68,1.0,True,available,
Lithuania,LTU,2010,Lithuania,13.684375381469726,5,5,1.0,HadEX3,3.0.4,1961-1990,grid_center_arithmetic_mean,68,1.0,True,available,
Lithuania,LTU,2011,Lithuania,14.498030662536621,5,5,1.0,HadEX3,3.0.4,1961-1990,grid_center_arithmetic_mean,68,1.0,True,available,
Lithuania,LTU,2012,Lithuania,9.895303344726562,5,5,1.0,HadEX3,3.0.4,1961-1990,grid_center_arithmetic_mean,68,1.0,True,available,
Lithuania,LTU,2013,Lithuania,12.70129680633545,5,5,1.0,HadEX3,3.0.4,1961-1990,grid_center_arithmetic_mean,68,1.0,True,available,
Lithuania,LTU,2014,Lithuania,30.77922668457031,5,5,1.0,HadEX3,3.0.4,1961-1990,grid_center_arithmetic_mean,68,1.0,True,available,
Lithuania,LTU,2015,Lithuania,32.77900924682617,5,5,1.0,HadEX3,3.0.4,1961-1990,grid_center_arithmetic_mean,68,1.0,True,available,
Lithuania,LTU,2016,Lithuania,17.160367584228517,5,5,1.0,HadEX3,3.0.4,1961-1990,grid_center_arithmetic_mean,68,1.0,True,available,
Lithuania,LTU,2017,Lithuania,6.920972061157227,5,5,1.0,HadEX3,3.0.4,1961-1990,grid_center_arithmetic_mean,68,1.0,True,available,
Lithuania,LTU,2018,Lithuania,34.489173126220706,5,5,1.0,HadEX3,3.0.4,1961-1990,grid_center_arithmetic_mean,68,1.0,True,available,
Morocco,MAR,1995,Morocco,21.209605534871418,15,15,1.0,HadEX3,3.0.4,1961-1990,grid_center_arithmetic_mean,68,1.0,True,available,
Morocco,MAR,1996,Morocco,7.060462443033854,15,15,1.0,HadEX3,3.0.4,1961-1990,grid_center_arithmetic_mean,68,1.0,True,available,
Morocco,MAR,1997,Morocco,17.268881543477377,15,15,1.0,HadEX3,3.0.4,1961-1990,grid_center_arithmetic_mean,68,1.0,True,available,
Morocco,MAR,1998,Morocco,17.745483080546062,15,15,1.0,HadEX3,3.0.4,1961-1990,grid_center_arithmetic_mean,68,1.0,True,available,
Morocco,MAR,1999,Morocco,7.464711729685465,15,15,1.0,HadEX3,3.0.4,1961-1990,grid_center_arithmetic_mean,68,1.0,True,available,
Morocco,MAR,2000,Morocco,10.115196736653646,15,15,1.0,HadEX3,3.0.4,1961-1990,grid_center_arithmetic_mean,68,1.0,True,available,
Morocco,MAR,2001,Morocco,11.50802895228068,15,15,1.0,HadEX3,3.0.4,1961-1990,grid_center_arithmetic_mean,68,1.0,True,available,
Morocco,MAR,2002,Morocco,9.071310679117838,15,15,1.0,HadEX3,3.0.4,1961-1990,grid_center_arithmetic_mean,68,1.0,True,available,
Morocco,MAR,2003,Morocco,17.63434228897095,15,15,1.0,HadEX3,3.0.4,1961-1990,grid_center_arithmetic_mean,68,1.0,True,available,
Morocco,MAR,2004,Morocco,12.461010233561199,15,15,1.0,HadEX3,3.0.4,1961-1990,grid_center_arithmetic_mean,68,1.0,True,available,
Morocco,MAR,2005,Morocco,9.502143796284994,15,15,1.0,HadEX3,3.0.4,1961-1990,grid_center_arithmetic_mean,68,1.0,True,available,
Morocco,MAR,2006,Morocco,10.265468660990397,15,15,1.0,HadEX3,3.0.4,1961-1990,grid_center_arithmetic_mean,68,1.0,True,available,
Morocco,MAR,2007,Morocco,7.2810142993927,15,15,1.0,HadEX3,3.0.4,1961-1990,grid_center_arithmetic_mean,68,1.0,True,available,
Morocco,MAR,2008,Morocco,6.326043128967285,15,15,1.0,HadEX3,3.0.4,1961-1990,grid_center_arithmetic_mean,68,1.0,True,available,
Morocco,MAR,2009,Morocco,16.356061108907063,15,15,1.0,HadEX3,3.0.4,1961-1990,grid_center_arithmetic_mean,68,1.0,True,available,
Morocco,MAR,2010,Morocco,9.198925081888834,15,15,1.0,HadEX3,3.0.4,1961-1990,grid_center_arithmetic_mean,68,1.0,True,available,
Morocco,MAR,2011,Morocco,14.635366249084473,15,15,1.0,HadEX3,3.0.4,1961-1990,grid_center_arithmetic_mean,68,1.0,True,available,
Morocco,MAR,2012,Morocco,13.908359781901042,15,15,1.0,HadEX3,3.0.4,1961-1990,grid_center_arithmetic_mean,68,1.0,True,available,
Morocco,MAR,2013,Morocco,7.33289098739624,15,15,1.0,HadEX3,3.0.4,1961-1990,grid_center_arithmetic_mean,68,1.0,True,available,
Morocco,MAR,2014,Morocco,16.59314931233724,15,15,1.0,HadEX3,3.0.4,1961-1990,grid_center_arithmetic_mean,68,1.0,True,available,
Morocco,MAR,2015,Morocco,31.39488957722982,15,15,1.0,HadEX3,3.0.4,1961-1990,grid_center_arithmetic_mean,68,1.0,True,available,
Morocco,MAR,2016,Morocco,11.850600814819336,15,15,1.0,HadEX3,3.0.4,1961-1990,grid_center_arithmetic_mean,68,1.0,True,available,
Morocco,MAR,2017,Morocco,30.980749384562174,15,15,1.0,HadEX3,3.0.4,1961-1990,grid_center_arithmetic_mean,68,1.0,True,available,
Morocco,MAR,2018,Morocco,8.190689214070638,15,15,1.0,HadEX3,3.0.4,1961-1990,grid_center_arithmetic_mean,68,1.0,True,available,
Mexico,MEX,1995,Mexico,18.93606646631805,71,75,0.9466666666666667,HadEX3,3.0.4,1961-1990,grid_center_arithmetic_mean,68,1.0,True,available,
Mexico,MEX,1996,Mexico,19.919534454882985,71,75,0.9466666666666667,HadEX3,3.0.4,1961-1990,grid_center_arithmetic_mean,68,1.0,True,available,
Mexico,MEX,1997,Mexico,18.110993492771204,71,75,0.9466666666666667,HadEX3,3.0.4,1961-1990,grid_center_arithmetic_mean,68,1.0,True,available,
Mexico,MEX,1998,Mexico,28.47771517659577,71,75,0.9466666666666667,HadEX3,3.0.4,1961-1990,grid_center_arithmetic_mean,68,1.0,True,available,
Mexico,MEX,1999,Mexico,17.261878967285156,71,75,0.9466666666666667,HadEX3,3.0.4,1961-1990,grid_center_arithmetic_mean,68,1.0,True,available,
Mexico,MEX,2000,Mexico,20.363368652236293,71,75,0.9466666666666667,HadEX3,3.0.4,1961-1990,grid_center_arithmetic_mean,68,1.0,True,available,
Mexico,MEX,2001,Mexico,19.460011710583323,71,75,0.9466666666666667,HadEX3,3.0.4,1961-1990,grid_center_arithmetic_mean,68,1.0,True,available,
Mexico,MEX,2002,Mexico,19.40507871332303,71,75,0.9466666666666667,HadEX3,3.0.4,1961-1990,grid_center_arithmetic_mean,68,1.0,True,available,
Mexico,MEX,2003,Mexico,24.334521333936234,71,75,0.9466666666666667,HadEX3,3.0.4,1961-1990,grid_center_arithmetic_mean,68,1.0,True,available,
Mexico,MEX,2004,Mexico,18.019104608347718,71,75,0.9466666666666667,HadEX3,3.0.4,1961-1990,grid_center_arithmetic_mean,68,1.0,True,available,
Mexico,MEX,2005,Mexico,24.098202920295822,71,75,0.9466666666666667,HadEX3,3.0.4,1961-1990,grid_center_arithmetic_mean,68,1.0,True,available,
Mexico,MEX,2006,Mexico,21.851431497385803,71,75,0.9466666666666667,HadEX3,3.0.4,1961-1990,grid_center_arithmetic_mean,68,1.0,True,available,
Mexico,MEX,2007,Mexico,17.70560159817548,71,75,0.9466666666666667,HadEX3,3.0.4,1961-1990,grid_center_arithmetic_mean,68,1.0,True,available,
Mexico,MEX,2008,Mexico,19.23763897049595,71,75,0.9466666666666667,HadEX3,3.0.4,1961-1990,grid_center_arithmetic_mean,68,1.0,True,available,
Mexico,MEX,2009,Mexico,32.561387747106416,71,75,0.9466666666666667,HadEX3,3.0.4,1961-1990,grid_center_arithmetic_mean,68,1.0,True,available,
Mexico,MEX,2010,Mexico,19.373451004565602,71,75,0.9466666666666667,HadEX3,3.0.4,1961-1990,grid_center_arithmetic_mean,68,1.0,True,available,
Mexico,MEX,2011,Mexico,32.91072340414558,71,75,0.9466666666666667,HadEX3,3.0.4,1961-1990,grid_center_arithmetic_mean,68,1.0,True,available,
Mexico,MEX,2012,Mexico,22.60711776034933,71,75,0.9466666666666667,HadEX3,3.0.4,1961-1990,grid_center_arithmetic_mean,68,1.0,True,available,
Mexico,MEX,2013,Mexico,18.844605284677424,71,75,0.9466666666666667,HadEX3,3.0.4,1961-1990,grid_center_arithmetic_mean,68,1.0,True,available,
Mexico,MEX,2014,Mexico,23.830993195654642,71,75,0.9466666666666667,HadEX3,3.0.4,1961-1990,grid_center_arithmetic_mean,68,1.0,True,available,
Mexico,MEX,2015,Mexico,22.26228511165565,71,75,0.9466666666666667,HadEX3,3.0.4,1961-1990,grid_center_arithmetic_mean,68,1.0,True,available,
Mexico,MEX,2016,Mexico,26.451151015053334,71,75,0.9466666666666667,HadEX3,3.0.4,1961-1990,grid_center_arithmetic_mean,68,1.0,True,available,
Mexico,MEX,2017,Mexico,28.46942123896639,71,75,0.9466666666666667,HadEX3,3.0.4,1961-1990,grid_center_arithmetic_mean,68,1.0,True,available,
Mexico,MEX,2018,Mexico,37.05463371557348,68,75,0.9066666666666666,HadEX3,3.0.4,1961-1990,grid_center_arithmetic_mean,68,1.0,True,available,
Mauritius,MUS,1995,Mauritius,,,,,HadEX3,3.0.4,1961-1990,grid_center_arithmetic_mean,,,,missing_in_source_or_coverage_filter,no_grid_center
Mauritius,MUS,1996,Mauritius,,,,,HadEX3,3.0.4,1961-1990,grid_center_arithmetic_mean,,,,missing_in_source_or_coverage_filter,no_grid_center
Mauritius,MUS,1997,Mauritius,,,,,HadEX3,3.0.4,1961-1990,grid_center_arithmetic_mean,,,,missing_in_source_or_coverage_filter,no_grid_center
Mauritius,MUS,1998,Mauritius,,,,,HadEX3,3.0.4,1961-1990,grid_center_arithmetic_mean,,,,missing_in_source_or_coverage_filter,no_grid_center
Mauritius,MUS,1999,Mauritius,,,,,HadEX3,3.0.4,1961-1990,grid_center_arithmetic_mean,,,,missing_in_source_or_coverage_filter,no_grid_center
Mauritius,MUS,2000,Mauritius,,,,,HadEX3,3.0.4,1961-1990,grid_center_arithmetic_mean,,,,missing_in_source_or_coverage_filter,no_grid_center
Mauritius,MUS,2001,Mauritius,,,,,HadEX3,3.0.4,1961-1990,grid_center_arithmetic_mean,,,,missing_in_source_or_coverage_filter,no_grid_center
Mauritius,MUS,2002,Mauritius,,,,,HadEX3,3.0.4,1961-1990,grid_center_arithmetic_mean,,,,missing_in_source_or_coverage_filter,no_grid_center
Mauritius,MUS,2003,Mauritius,,,,,HadEX3,3.0.4,1961-1990,grid_center_arithmetic_mean,,,,missing_in_source_or_coverage_filter,no_grid_center
Mauritius,MUS,2004,Mauritius,,,,,HadEX3,3.0.4,1961-1990,grid_center_arithmetic_mean,,,,missing_in_source_or_coverage_filter,no_grid_center
Mauritius,MUS,2005,Mauritius,,,,,HadEX3,3.0.4,1961-1990,grid_center_arithmetic_mean,,,,missing_in_source_or_coverage_filter,no_grid_center
Mauritius,MUS,2006,Mauritius,,,,,HadEX3,3.0.4,1961-1990,grid_center_arithmetic_mean,,,,missing_in_source_or_coverage_filter,no_grid_center
Mauritius,MUS,2007,Mauritius,,,,,HadEX3,3.0.4,1961-1990,grid_center_arithmetic_mean,,,,missing_in_source_or_coverage_filter,no_grid_center
Mauritius,MUS,2008,Mauritius,,,,,HadEX3,3.0.4,1961-1990,grid_center_arithmetic_mean,,,,missing_in_source_or_coverage_filter,no_grid_center
Mauritius,MUS,2009,Mauritius,,,,,HadEX3,3.0.4,1961-1990,grid_center_arithmetic_mean,,,,missing_in_source_or_coverage_filter,no_grid_center
Mauritius,MUS,2010,Mauritius,,,,,HadEX3,3.0.4,1961-1990,grid_center_arithmetic_mean,,,,missing_in_source_or_coverage_filter,no_grid_center
Mauritius,MUS,2011,Mauritius,,,,,HadEX3,3.0.4,1961-1990,grid_center_arithmetic_mean,,,,missing_in_source_or_coverage_filter,no_grid_center
Mauritius,MUS,2012,Mauritius,,,,,HadEX3,3.0.4,1961-1990,grid_center_arithmetic_mean,,,,missing_in_source_or_coverage_filter,no_grid_center
Mauritius,MUS,2013,Mauritius,,,,,HadEX3,3.0.4,1961-1990,grid_center_arithmetic_mean,,,,missing_in_source_or_coverage_filter,no_grid_center
Mauritius,MUS,2014,Mauritius,,,,,HadEX3,3.0.4,1961-1990,grid_center_arithmetic_mean,,,,missing_in_source_or_coverage_filter,no_grid_center
Mauritius,MUS,2015,Mauritius,,,,,HadEX3,3.0.4,1961-1990,grid_center_arithmetic_mean,,,,missing_in_source_or_coverage_filter,no_grid_center
Mauritius,MUS,2016,Mauritius,,,,,HadEX3,3.0.4,1961-1990,grid_center_arithmetic_mean,,,,missing_in_source_or_coverage_filter,no_grid_center
Mauritius,MUS,2017,Mauritius,,,,,HadEX3,3.0.4,1961-1990,grid_center_arithmetic_mean,,,,missing_in_source_or_coverage_filter,no_grid_center
Mauritius,MUS,2018,Mauritius,,,,,HadEX3,3.0.4,1961-1990,grid_center_arithmetic_mean,,,,missing_in_source_or_coverage_filter,no_grid_center
Malaysia,MYS,1995,Malaysia,2.919184446334839,4,11,0.36363636363636365,HadEX3,3.0.4,1961-1990,grid_center_arithmetic_mean,61,0.8970588235294118,True,available,
Malaysia,MYS,1996,Malaysia,3.5306328535079956,4,11,0.36363636363636365,HadEX3,3.0.4,1961-1990,grid_center_arithmetic_mean,61,0.8970588235294118,True,available,
Malaysia,MYS,1997,Malaysia,9.391347169876099,4,11,0.36363636363636365,HadEX3,3.0.4,1961-1990,grid_center_arithmetic_mean,61,0.8970588235294118,True,available,
Malaysia,MYS,1998,Malaysia,30.49912166595459,4,11,0.36363636363636365,HadEX3,3.0.4,1961-1990,grid_center_arithmetic_mean,61,0.8970588235294118,True,available,
Malaysia,MYS,1999,Malaysia,2.23324316740036,4,11,0.36363636363636365,HadEX3,3.0.4,1961-1990,grid_center_arithmetic_mean,61,0.8970588235294118,True,available,
Malaysia,MYS,2000,Malaysia,4.673940002918243,4,11,0.36363636363636365,HadEX3,3.0.4,1961-1990,grid_center_arithmetic_mean,61,0.8970588235294118,True,available,
Malaysia,MYS,2001,Malaysia,5.677221968770027,4,11,0.36363636363636365,HadEX3,3.0.4,1961-1990,grid_center_arithmetic_mean,61,0.8970588235294118,True,available,
Malaysia,MYS,2002,Malaysia,13.840603351593018,4,11,0.36363636363636365,HadEX3,3.0.4,1961-1990,grid_center_arithmetic_mean,61,0.8970588235294118,True,available,
Malaysia,MYS,2003,Malaysia,6.864938259124756,4,11,0.36363636363636365,HadEX3,3.0.4,1961-1990,grid_center_arithmetic_mean,61,0.8970588235294118,True,available,
Malaysia,MYS,2004,Malaysia,16.964651107788086,4,11,0.36363636363636365,HadEX3,3.0.4,1961-1990,grid_center_arithmetic_mean,61,0.8970588235294118,True,available,
Malaysia,MYS,2005,Malaysia,11.926367998123169,4,11,0.36363636363636365,HadEX3,3.0.4,1961-1990,grid_center_arithmetic_mean,61,0.8970588235294118,True,available,
Malaysia,MYS,2006,Malaysia,11.28637969493866,4,11,0.36363636363636365,HadEX3,3.0.4,1961-1990,grid_center_arithmetic_mean,61,0.8970588235294118,True,available,
Malaysia,MYS,2007,Malaysia,4.285609602928162,4,11,0.36363636363636365,HadEX3,3.0.4,1961-1990,grid_center_arithmetic_mean,61,0.8970588235294118,True,available,
Malaysia,MYS,2008,Malaysia,5.589165851473808,4,11,0.36363636363636365,HadEX3,3.0.4,1961-1990,grid_center_arithmetic_mean,61,0.8970588235294118,True,available,
Malaysia,MYS,2009,Malaysia,10.905560851097107,4,11,0.36363636363636365,HadEX3,3.0.4,1961-1990,grid_center_arithmetic_mean,61,0.8970588235294118,True,available,
Malaysia,MYS,2010,Malaysia,16.38832575082779,4,11,0.36363636363636365,HadEX3,3.0.4,1961-1990,grid_center_arithmetic_mean,61,0.8970588235294118,True,available,
Malaysia,MYS,2011,Malaysia,5.0204631090164185,4,11,0.36363636363636365,HadEX3,3.0.4,1961-1990,grid_center_arithmetic_mean,61,0.8970588235294118,True,available,
Malaysia,MYS,2012,Malaysia,,,11,,HadEX3,3.0.4,1961-1990,grid_center_arithmetic_mean,61,0.8970588235294118,True,missing_in_source_or_coverage_filter,missing_annual_value
Malaysia,MYS,2013,Malaysia,,,11,,HadEX3,3.0.4,1961-1990,grid_center_arithmetic_mean,61,0.8970588235294118,True,missing_in_source_or_coverage_filter,missing_annual_value
Malaysia,MYS,2014,Malaysia,,,11,,HadEX3,3.0.4,1961-1990,grid_center_arithmetic_mean,61,0.8970588235294118,True,missing_in_source_or_coverage_filter,missing_annual_value
Malaysia,MYS,2015,Malaysia,,,11,,HadEX3,3.0.4,1961-1990,grid_center_arithmetic_mean,61,0.8970588235294118,True,missing_in_source_or_coverage_filter,missing_annual_value
Malaysia,MYS,2016,Malaysia,,,11,,HadEX3,3.0.4,1961-1990,grid_center_arithmetic_mean,61,0.8970588235294118,True,missing_in_source_or_coverage_filter,missing_annual_value
Malaysia,MYS,2017,Malaysia,,,11,,HadEX3,3.0.4,1961-1990,grid_center_arithmetic_mean,61,0.8970588235294118,True,missing_in_source_or_coverage_filter,missing_annual_value
Malaysia,MYS,2018,Malaysia,,,11,,HadEX3,3.0.4,1961-1990,grid_center_arithmetic_mean,61,0.8970588235294118,True,missing_in_source_or_coverage_filter,missing_annual_value
Namibia,NAM,1995,Namibia,0.8314246695775253,13,33,0.3939393939393939,HadEX3,3.0.4,1961-1990,grid_center_arithmetic_mean,68,1.0,True,available,
Namibia,NAM,1996,Namibia,0.0,13,33,0.3939393939393939,HadEX3,3.0.4,1961-1990,grid_center_arithmetic_mean,68,1.0,True,available,
Namibia,NAM,1997,Namibia,1.7522530509875371,13,33,0.3939393939393939,HadEX3,3.0.4,1961-1990,grid_center_arithmetic_mean,68,1.0,True,available,
Namibia,NAM,1998,Namibia,8.282457021566538,13,33,0.3939393939393939,HadEX3,3.0.4,1961-1990,grid_center_arithmetic_mean,68,1.0,True,available,
Namibia,NAM,1999,Namibia,3.6251444082993727,13,33,0.3939393939393939,HadEX3,3.0.4,1961-1990,grid_center_arithmetic_mean,68,1.0,True,available,
Namibia,NAM,2000,Namibia,0.8314246695775253,13,33,0.3939393939393939,HadEX3,3.0.4,1961-1990,grid_center_arithmetic_mean,68,1.0,True,available,
Namibia,NAM,2001,Namibia,0.0,13,33,0.3939393939393939,HadEX3,3.0.4,1961-1990,grid_center_arithmetic_mean,68,1.0,True,available,
Namibia,NAM,2002,Namibia,0.7264779237183657,11,33,0.3333333333333333,HadEX3,3.0.4,1961-1990,grid_center_arithmetic_mean,68,1.0,True,available,
Namibia,NAM,2003,Namibia,3.5543136271563442,11,33,0.3333333333333333,HadEX3,3.0.4,1961-1990,grid_center_arithmetic_mean,68,1.0,True,available,
Namibia,NAM,2004,Namibia,0.890673999602978,13,33,0.3939393939393939,HadEX3,3.0.4,1961-1990,grid_center_arithmetic_mean,68,1.0,True,available,
Namibia,NAM,2005,Namibia,2.493343483317982,11,33,0.3333333333333333,HadEX3,3.0.4,1961-1990,grid_center_arithmetic_mean,68,1.0,True,available,
Namibia,NAM,2006,Namibia,0.1460424317763402,13,33,0.3939393939393939,HadEX3,3.0.4,1961-1990,grid_center_arithmetic_mean,68,1.0,True,available,
Namibia,NAM,2007,Namibia,8.115901451844435,13,33,0.3939393939393939,HadEX3,3.0.4,1961-1990,grid_center_arithmetic_mean,68,1.0,True,available,
Namibia,NAM,2008,Namibia,0.1582133715802973,11,33,0.3333333333333333,HadEX3,3.0.4,1961-1990,grid_center_arithmetic_mean,68,1.0,True,available,
Namibia,NAM,2009,Namibia,2.191876173019409,11,33,0.3333333333333333,HadEX3,3.0.4,1961-1990,grid_center_arithmetic_mean,68,1.0,True,available,
Namibia,NAM,2010,Namibia,7.45772088657726,11,33,0.3333333333333333,HadEX3,3.0.4,1961-1990,grid_center_arithmetic_mean,68,1.0,True,available,
Namibia,NAM,2011,Namibia,1.0128256678581238,11,33,0.3333333333333333,HadEX3,3.0.4,1961-1990,grid_center_arithmetic_mean,68,1.0,True,available,
Namibia,NAM,2012,Namibia,4.890004213039692,13,33,0.3939393939393939,HadEX3,3.0.4,1961-1990,grid_center_arithmetic_mean,68,1.0,True,available,
Namibia,NAM,2013,Namibia,2.420956299855159,13,33,0.3939393939393939,HadEX3,3.0.4,1961-1990,grid_center_arithmetic_mean,68,1.0,True,available,
Namibia,NAM,2014,Namibia,7.308251821077787,13,33,0.3939393939393939,HadEX3,3.0.4,1961-1990,grid_center_arithmetic_mean,68,1.0,True,available,
Namibia,NAM,2015,Namibia,31.96457077906682,13,33,0.3939393939393939,HadEX3,3.0.4,1961-1990,grid_center_arithmetic_mean,68,1.0,True,available,
Namibia,NAM,2016,Namibia,20.084120823786808,13,33,0.3939393939393939,HadEX3,3.0.4,1961-1990,grid_center_arithmetic_mean,68,1.0,True,available,
Namibia,NAM,2017,Namibia,18.04695364145132,13,33,0.3939393939393939,HadEX3,3.0.4,1961-1990,grid_center_arithmetic_mean,68,1.0,True,available,
Namibia,NAM,2018,Namibia,1.799483521418138,11,33,0.3333333333333333,HadEX3,3.0.4,1961-1990,grid_center_arithmetic_mean,68,1.0,True,available,
Nigeria,NGA,1995,Nigeria,,,31,,HadEX3,3.0.4,1961-1990,grid_center_arithmetic_mean,0,0.0,False,missing_in_source_or_coverage_filter,failed_time_coverage
Nigeria,NGA,1996,Nigeria,,,31,,HadEX3,3.0.4,1961-1990,grid_center_arithmetic_mean,0,0.0,False,missing_in_source_or_coverage_filter,failed_time_coverage
Nigeria,NGA,1997,Nigeria,,,31,,HadEX3,3.0.4,1961-1990,grid_center_arithmetic_mean,0,0.0,False,missing_in_source_or_coverage_filter,failed_time_coverage
Nigeria,NGA,1998,Nigeria,,,31,,HadEX3,3.0.4,1961-1990,grid_center_arithmetic_mean,0,0.0,False,missing_in_source_or_coverage_filter,failed_time_coverage
Nigeria,NGA,1999,Nigeria,,,31,,HadEX3,3.0.4,1961-1990,grid_center_arithmetic_mean,0,0.0,False,missing_in_source_or_coverage_filter,failed_time_coverage
Nigeria,NGA,2000,Nigeria,,,31,,HadEX3,3.0.4,1961-1990,grid_center_arithmetic_mean,0,0.0,False,missing_in_source_or_coverage_filter,failed_time_coverage
Nigeria,NGA,2001,Nigeria,,,31,,HadEX3,3.0.4,1961-1990,grid_center_arithmetic_mean,0,0.0,False,missing_in_source_or_coverage_filter,failed_time_coverage
Nigeria,NGA,2002,Nigeria,,,31,,HadEX3,3.0.4,1961-1990,grid_center_arithmetic_mean,0,0.0,False,missing_in_source_or_coverage_filter,failed_time_coverage
Nigeria,NGA,2003,Nigeria,,,31,,HadEX3,3.0.4,1961-1990,grid_center_arithmetic_mean,0,0.0,False,missing_in_source_or_coverage_filter,failed_time_coverage
Nigeria,NGA,2004,Nigeria,,,31,,HadEX3,3.0.4,1961-1990,grid_center_arithmetic_mean,0,0.0,False,missing_in_source_or_coverage_filter,failed_time_coverage
Nigeria,NGA,2005,Nigeria,,,31,,HadEX3,3.0.4,1961-1990,grid_center_arithmetic_mean,0,0.0,False,missing_in_source_or_coverage_filter,failed_time_coverage
Nigeria,NGA,2006,Nigeria,,,31,,HadEX3,3.0.4,1961-1990,grid_center_arithmetic_mean,0,0.0,False,missing_in_source_or_coverage_filter,failed_time_coverage
Nigeria,NGA,2007,Nigeria,,,31,,HadEX3,3.0.4,1961-1990,grid_center_arithmetic_mean,0,0.0,False,missing_in_source_or_coverage_filter,failed_time_coverage
Nigeria,NGA,2008,Nigeria,,,31,,HadEX3,3.0.4,1961-1990,grid_center_arithmetic_mean,0,0.0,False,missing_in_source_or_coverage_filter,failed_time_coverage
Nigeria,NGA,2009,Nigeria,,,31,,HadEX3,3.0.4,1961-1990,grid_center_arithmetic_mean,0,0.0,False,missing_in_source_or_coverage_filter,failed_time_coverage
Nigeria,NGA,2010,Nigeria,,,31,,HadEX3,3.0.4,1961-1990,grid_center_arithmetic_mean,0,0.0,False,missing_in_source_or_coverage_filter,failed_time_coverage
Nigeria,NGA,2011,Nigeria,,,31,,HadEX3,3.0.4,1961-1990,grid_center_arithmetic_mean,0,0.0,False,missing_in_source_or_coverage_filter,failed_time_coverage
Nigeria,NGA,2012,Nigeria,,,31,,HadEX3,3.0.4,1961-1990,grid_center_arithmetic_mean,0,0.0,False,missing_in_source_or_coverage_filter,failed_time_coverage
Nigeria,NGA,2013,Nigeria,,,31,,HadEX3,3.0.4,1961-1990,grid_center_arithmetic_mean,0,0.0,False,missing_in_source_or_coverage_filter,failed_time_coverage
Nigeria,NGA,2014,Nigeria,,,31,,HadEX3,3.0.4,1961-1990,grid_center_arithmetic_mean,0,0.0,False,missing_in_source_or_coverage_filter,failed_time_coverage
Nigeria,NGA,2015,Nigeria,,,31,,HadEX3,3.0.4,1961-1990,grid_center_arithmetic_mean,0,0.0,False,missing_in_source_or_coverage_filter,failed_time_coverage
Nigeria,NGA,2016,Nigeria,,,31,,HadEX3,3.0.4,1961-1990,grid_center_arithmetic_mean,0,0.0,False,missing_in_source_or_coverage_filter,failed_time_coverage
Nigeria,NGA,2017,Nigeria,,,31,,HadEX3,3.0.4,1961-1990,grid_center_arithmetic_mean,0,0.0,False,missing_in_source_or_coverage_filter,failed_time_coverage
Nigeria,NGA,2018,Nigeria,,,31,,HadEX3,3.0.4,1961-1990,grid_center_arithmetic_mean,0,0.0,False,missing_in_source_or_coverage_filter,failed_time_coverage
Netherlands,NLD,1995,Netherlands,11.355113506317139,2,2,1.0,HadEX3,3.0.4,1961-1990,grid_center_arithmetic_mean,68,1.0,True,available,
Netherlands,NLD,1996,Netherlands,4.837332487106323,2,2,1.0,HadEX3,3.0.4,1961-1990,grid_center_arithmetic_mean,68,1.0,True,available,
Netherlands,NLD,1997,Netherlands,12.530776500701904,2,2,1.0,HadEX3,3.0.4,1961-1990,grid_center_arithmetic_mean,68,1.0,True,available,
Netherlands,NLD,1998,Netherlands,17.975040435791016,2,2,1.0,HadEX3,3.0.4,1961-1990,grid_center_arithmetic_mean,68,1.0,True,available,
Netherlands,NLD,1999,Netherlands,11.912344455718994,2,2,1.0,HadEX3,3.0.4,1961-1990,grid_center_arithmetic_mean,68,1.0,True,available,
Netherlands,NLD,2000,Netherlands,13.017384052276611,2,2,1.0,HadEX3,3.0.4,1961-1990,grid_center_arithmetic_mean,68,1.0,True,available,
Netherlands,NLD,2001,Netherlands,4.64737868309021,2,2,1.0,HadEX3,3.0.4,1961-1990,grid_center_arithmetic_mean,68,1.0,True,available,
Netherlands,NLD,2002,Netherlands,20.46220588684082,2,2,1.0,HadEX3,3.0.4,1961-1990,grid_center_arithmetic_mean,68,1.0,True,available,
Netherlands,NLD,2003,Netherlands,20.955153465270996,2,2,1.0,HadEX3,3.0.4,1961-1990,grid_center_arithmetic_mean,68,1.0,True,available,
Netherlands,NLD,2004,Netherlands,10.577225685119629,2,2,1.0,HadEX3,3.0.4,1961-1990,grid_center_arithmetic_mean,68,1.0,True,available,
Netherlands,NLD,2005,Netherlands,20.159232139587402,2,2,1.0,HadEX3,3.0.4,1961-1990,grid_center_arithmetic_mean,68,1.0,True,available,
Netherlands,NLD,2006,Netherlands,29.420955657958984,2,2,1.0,HadEX3,3.0.4,1961-1990,grid_center_arithmetic_mean,68,1.0,True,available,
Netherlands,NLD,2007,Netherlands,25.31253147125244,2,2,1.0,HadEX3,3.0.4,1961-1990,grid_center_arithmetic_mean,68,1.0,True,available,
Netherlands,NLD,2008,Netherlands,11.347156047821045,2,2,1.0,HadEX3,3.0.4,1961-1990,grid_center_arithmetic_mean,68,1.0,True,available,
Netherlands,NLD,2009,Netherlands,11.927498817443848,2,2,1.0,HadEX3,3.0.4,1961-1990,grid_center_arithmetic_mean,68,1.0,True,available,
Netherlands,NLD,2010,Netherlands,4.024134278297424,2,2,1.0,HadEX3,3.0.4,1961-1990,grid_center_arithmetic_mean,68,1.0,True,available,
Netherlands,NLD,2011,Netherlands,19.488656997680664,2,2,1.0,HadEX3,3.0.4,1961-1990,grid_center_arithmetic_mean,68,1.0,True,available,
Netherlands,NLD,2012,Netherlands,12.612664222717285,2,2,1.0,HadEX3,3.0.4,1961-1990,grid_center_arithmetic_mean,68,1.0,True,available,
Netherlands,NLD,2013,Netherlands,6.071085453033447,2,2,1.0,HadEX3,3.0.4,1961-1990,grid_center_arithmetic_mean,68,1.0,True,available,
Netherlands,NLD,2014,Netherlands,18.90589427947998,2,2,1.0,HadEX3,3.0.4,1961-1990,grid_center_arithmetic_mean,68,1.0,True,available,
Netherlands,NLD,2015,Netherlands,28.477298736572266,2,2,1.0,HadEX3,3.0.4,1961-1990,grid_center_arithmetic_mean,68,1.0,True,available,
Netherlands,NLD,2016,Netherlands,15.066386222839355,2,2,1.0,HadEX3,3.0.4,1961-1990,grid_center_arithmetic_mean,68,1.0,True,available,
Netherlands,NLD,2017,Netherlands,9.124494075775146,2,2,1.0,HadEX3,3.0.4,1961-1990,grid_center_arithmetic_mean,68,1.0,True,available,
Netherlands,NLD,2018,Netherlands,33.099985122680664,2,2,1.0,HadEX3,3.0.4,1961-1990,grid_center_arithmetic_mean,68,1.0,True,available,
Norway,NOR,1995,Norway,4.64565309047699,25,25,1.0,HadEX3,3.0.4,1961-1990,grid_center_arithmetic_mean,68,1.0,True,available,
Norway,NOR,1996,Norway,7.525700149536132,25,25,1.0,HadEX3,3.0.4,1961-1990,grid_center_arithmetic_mean,68,1.0,True,available,
Norway,NOR,1997,Norway,15.581851921081544,25,25,1.0,HadEX3,3.0.4,1961-1990,grid_center_arithmetic_mean,68,1.0,True,available,
Norway,NOR,1998,Norway,6.247015929222107,25,25,1.0,HadEX3,3.0.4,1961-1990,grid_center_arithmetic_mean,68,1.0,True,available,
Norway,NOR,1999,Norway,10.195227861404419,25,25,1.0,HadEX3,3.0.4,1961-1990,grid_center_arithmetic_mean,68,1.0,True,available,
Norway,NOR,2000,Norway,15.099992790222167,25,25,1.0,HadEX3,3.0.4,1961-1990,grid_center_arithmetic_mean,68,1.0,True,available,
Norway,NOR,2001,Norway,9.659695224761963,25,25,1.0,HadEX3,3.0.4,1961-1990,grid_center_arithmetic_mean,68,1.0,True,available,
Norway,NOR,2002,Norway,27.446044540405275,25,25,1.0,HadEX3,3.0.4,1961-1990,grid_center_arithmetic_mean,68,1.0,True,available,
Norway,NOR,2003,Norway,18.362630195617676,25,25,1.0,HadEX3,3.0.4,1961-1990,grid_center_arithmetic_mean,68,1.0,True,available,
Norway,NOR,2004,Norway,12.286571769714355,25,25,1.0,HadEX3,3.0.4,1961-1990,grid_center_arithmetic_mean,68,1.0,True,available,
Norway,NOR,2005,Norway,22.003843078613283,25,25,1.0,HadEX3,3.0.4,1961-1990,grid_center_arithmetic_mean,68,1.0,True,available,
Norway,NOR,2006,Norway,36.412476501464845,25,25,1.0,HadEX3,3.0.4,1961-1990,grid_center_arithmetic_mean,68,1.0,True,available,
Norway,NOR,2007,Norway,22.21773063659668,25,25,1.0,HadEX3,3.0.4,1961-1990,grid_center_arithmetic_mean,68,1.0,True,available,
Norway,NOR,2008,Norway,12.480215606689454,25,25,1.0,HadEX3,3.0.4,1961-1990,grid_center_arithmetic_mean,68,1.0,True,available,
Norway,NOR,2009,Norway,11.496626148223877,25,25,1.0,HadEX3,3.0.4,1961-1990,grid_center_arithmetic_mean,68,1.0,True,available,
Norway,NOR,2010,Norway,5.489153366088868,25,25,1.0,HadEX3,3.0.4,1961-1990,grid_center_arithmetic_mean,68,1.0,True,available,
Norway,NOR,2011,Norway,15.87799388885498,25,25,1.0,HadEX3,3.0.4,1961-1990,grid_center_arithmetic_mean,68,1.0,True,available,
Norway,NOR,2012,Norway,6.7910947561264035,25,25,1.0,HadEX3,3.0.4,1961-1990,grid_center_arithmetic_mean,68,1.0,True,available,
Norway,NOR,2013,Norway,13.038005676269531,25,25,1.0,HadEX3,3.0.4,1961-1990,grid_center_arithmetic_mean,68,1.0,True,available,
Norway,NOR,2014,Norway,26.590865478515624,25,25,1.0,HadEX3,3.0.4,1961-1990,grid_center_arithmetic_mean,68,1.0,True,available,
Norway,NOR,2015,Norway,23.996382751464843,25,25,1.0,HadEX3,3.0.4,1961-1990,grid_center_arithmetic_mean,68,1.0,True,available,
Norway,NOR,2016,Norway,18.481016006469726,25,25,1.0,HadEX3,3.0.4,1961-1990,grid_center_arithmetic_mean,68,1.0,True,available,
Norway,NOR,2017,Norway,6.460892868041992,25,25,1.0,HadEX3,3.0.4,1961-1990,grid_center_arithmetic_mean,68,1.0,True,available,
Norway,NOR,2018,Norway,27.777329711914064,25,25,1.0,HadEX3,3.0.4,1961-1990,grid_center_arithmetic_mean,68,1.0,True,available,
New Zealand,NZL,1995,New Zealand,4.007273453474045,10,12,0.8333333333333334,HadEX3,3.0.4,1961-1990,grid_center_arithmetic_mean,67,0.9852941176470589,True,available,
New Zealand,NZL,1996,New Zealand,3.5463999629020693,10,12,0.8333333333333334,HadEX3,3.0.4,1961-1990,grid_center_arithmetic_mean,67,0.9852941176470589,True,available,
New Zealand,NZL,1997,New Zealand,3.564622950553894,10,12,0.8333333333333334,HadEX3,3.0.4,1961-1990,grid_center_arithmetic_mean,67,0.9852941176470589,True,available,
New Zealand,NZL,1998,New Zealand,4.921767222881317,10,12,0.8333333333333334,HadEX3,3.0.4,1961-1990,grid_center_arithmetic_mean,67,0.9852941176470589,True,available,
New Zealand,NZL,1999,New Zealand,12.033578395843506,10,12,0.8333333333333334,HadEX3,3.0.4,1961-1990,grid_center_arithmetic_mean,67,0.9852941176470589,True,available,
New Zealand,NZL,2000,New Zealand,5.633750414848327,10,12,0.8333333333333334,HadEX3,3.0.4,1961-1990,grid_center_arithmetic_mean,67,0.9852941176470589,True,available,
New Zealand,NZL,2001,New Zealand,6.343949961662292,10,12,0.8333333333333334,HadEX3,3.0.4,1961-1990,grid_center_arithmetic_mean,67,0.9852941176470589,True,available,
New Zealand,NZL,2002,New Zealand,3.446433037519455,10,12,0.8333333333333334,HadEX3,3.0.4,1961-1990,grid_center_arithmetic_mean,67,0.9852941176470589,True,available,
New Zealand,NZL,2003,New Zealand,6.286885237693786,10,12,0.8333333333333334,HadEX3,3.0.4,1961-1990,grid_center_arithmetic_mean,67,0.9852941176470589,True,available,
New Zealand,NZL,2004,New Zealand,3.04858775138855,10,12,0.8333333333333334,HadEX3,3.0.4,1961-1990,grid_center_arithmetic_mean,67,0.9852941176470589,True,available,
New Zealand,NZL,2005,New Zealand,4.129794549942017,10,12,0.8333333333333334,HadEX3,3.0.4,1961-1990,grid_center_arithmetic_mean,67,0.9852941176470589,True,available,
New Zealand,NZL,2006,New Zealand,5.930168676376343,10,12,0.8333333333333334,HadEX3,3.0.4,1961-1990,grid_center_arithmetic_mean,67,0.9852941176470589,True,available,
New Zealand,NZL,2007,New Zealand,7.712884783744812,10,12,0.8333333333333334,HadEX3,3.0.4,1961-1990,grid_center_arithmetic_mean,67,0.9852941176470589,True,available,
New Zealand,NZL,2008,New Zealand,4.856486201286316,10,12,0.8333333333333334,HadEX3,3.0.4,1961-1990,grid_center_arithmetic_mean,67,0.9852941176470589,True,available,
New Zealand,NZL,2009,New Zealand,2.382798659801483,10,12,0.8333333333333334,HadEX3,3.0.4,1961-1990,grid_center_arithmetic_mean,67,0.9852941176470589,True,available,
New Zealand,NZL,2010,New Zealand,6.883231496810913,10,12,0.8333333333333334,HadEX3,3.0.4,1961-1990,grid_center_arithmetic_mean,67,0.9852941176470589,True,available,
New Zealand,NZL,2011,New Zealand,5.1464248418807985,10,12,0.8333333333333334,HadEX3,3.0.4,1961-1990,grid_center_arithmetic_mean,67,0.9852941176470589,True,available,
New Zealand,NZL,2012,New Zealand,2.1637648582458495,10,12,0.8333333333333334,HadEX3,3.0.4,1961-1990,grid_center_arithmetic_mean,67,0.9852941176470589,True,available,
New Zealand,NZL,2013,New Zealand,13.842717933654786,10,12,0.8333333333333334,HadEX3,3.0.4,1961-1990,grid_center_arithmetic_mean,67,0.9852941176470589,True,available,
New Zealand,NZL,2014,New Zealand,1.9798235423862933,10,12,0.8333333333333334,HadEX3,3.0.4,1961-1990,grid_center_arithmetic_mean,67,0.9852941176470589,True,available,
New Zealand,NZL,2015,New Zealand,1.5798616662621499,10,12,0.8333333333333334,HadEX3,3.0.4,1961-1990,grid_center_arithmetic_mean,67,0.9852941176470589,True,available,
New Zealand,NZL,2016,New Zealand,9.894542980194093,10,12,0.8333333333333334,HadEX3,3.0.4,1961-1990,grid_center_arithmetic_mean,67,0.9852941176470589,True,available,
New Zealand,NZL,2017,New Zealand,11.460366106033325,10,12,0.8333333333333334,HadEX3,3.0.4,1961-1990,grid_center_arithmetic_mean,67,0.9852941176470589,True,available,
New Zealand,NZL,2018,New Zealand,,,12,,HadEX3,3.0.4,1961-1990,grid_center_arithmetic_mean,67,0.9852941176470589,True,missing_in_source_or_coverage_filter,missing_annual_value
Pakistan,PAK,1995,Pakistan,9.010760307312012,33,33,1.0,HadEX3,3.0.4,1961-1990,grid_center_arithmetic_mean,68,1.0,True,available,
Pakistan,PAK,1996,Pakistan,3.607340780171481,33,33,1.0,HadEX3,3.0.4,1961-1990,grid_center_arithmetic_mean,68,1.0,True,available,
Pakistan,PAK,1997,Pakistan,2.3139970248395745,33,33,1.0,HadEX3,3.0.4,1961-1990,grid_center_arithmetic_mean,68,1.0,True,available,
Pakistan,PAK,1998,Pakistan,20.574103499903824,33,33,1.0,HadEX3,3.0.4,1961-1990,grid_center_arithmetic_mean,68,1.0,True,available,
Pakistan,PAK,1999,Pakistan,14.370323773586389,33,33,1.0,HadEX3,3.0.4,1961-1990,grid_center_arithmetic_mean,68,1.0,True,available,
Pakistan,PAK,2000,Pakistan,16.572708534471918,33,33,1.0,HadEX3,3.0.4,1961-1990,grid_center_arithmetic_mean,68,1.0,True,available,
Pakistan,PAK,2001,Pakistan,26.92406619678844,33,33,1.0,HadEX3,3.0.4,1961-1990,grid_center_arithmetic_mean,68,1.0,True,available,
Pakistan,PAK,2002,Pakistan,22.063881715138752,33,33,1.0,HadEX3,3.0.4,1961-1990,grid_center_arithmetic_mean,68,1.0,True,available,
Pakistan,PAK,2003,Pakistan,9.540907281817812,33,33,1.0,HadEX3,3.0.4,1961-1990,grid_center_arithmetic_mean,68,1.0,True,available,
Pakistan,PAK,2004,Pakistan,24.75214131673177,33,33,1.0,HadEX3,3.0.4,1961-1990,grid_center_arithmetic_mean,68,1.0,True,available,
Pakistan,PAK,2005,Pakistan,7.339684211846554,33,33,1.0,HadEX3,3.0.4,1961-1990,grid_center_arithmetic_mean,68,1.0,True,available,
Pakistan,PAK,2006,Pakistan,26.85284082817309,33,33,1.0,HadEX3,3.0.4,1961-1990,grid_center_arithmetic_mean,68,1.0,True,available,
Pakistan,PAK,2007,Pakistan,11.722781672622219,33,33,1.0,HadEX3,3.0.4,1961-1990,grid_center_arithmetic_mean,68,1.0,True,available,
Pakistan,PAK,2008,Pakistan,20.781356753724992,33,33,1.0,HadEX3,3.0.4,1961-1990,grid_center_arithmetic_mean,68,1.0,True,available,
Pakistan,PAK,2009,Pakistan,15.960986946568344,33,33,1.0,HadEX3,3.0.4,1961-1990,grid_center_arithmetic_mean,68,1.0,True,available,
Pakistan,PAK,2010,Pakistan,26.843713529182203,33,33,1.0,HadEX3,3.0.4,1961-1990,grid_center_arithmetic_mean,68,1.0,True,available,
Pakistan,PAK,2011,Pakistan,11.07360383236047,33,33,1.0,HadEX3,3.0.4,1961-1990,grid_center_arithmetic_mean,68,1.0,True,available,
Pakistan,PAK,2012,Pakistan,7.955977476004398,33,33,1.0,HadEX3,3.0.4,1961-1990,grid_center_arithmetic_mean,68,1.0,True,available,
Pakistan,PAK,2013,Pakistan,17.086603583711565,33,33,1.0,HadEX3,3.0.4,1961-1990,grid_center_arithmetic_mean,68,1.0,True,available,
Pakistan,PAK,2014,Pakistan,17.15776232517127,33,33,1.0,HadEX3,3.0.4,1961-1990,grid_center_arithmetic_mean,68,1.0,True,available,
Pakistan,PAK,2015,Pakistan,19.60686883059415,33,33,1.0,HadEX3,3.0.4,1961-1990,grid_center_arithmetic_mean,68,1.0,True,available,
Pakistan,PAK,2016,Pakistan,31.684618458603367,33,33,1.0,HadEX3,3.0.4,1961-1990,grid_center_arithmetic_mean,68,1.0,True,available,
Pakistan,PAK,2017,Pakistan,24.72069399284594,33,33,1.0,HadEX3,3.0.4,1961-1990,grid_center_arithmetic_mean,68,1.0,True,available,
Pakistan,PAK,2018,Pakistan,19.53754355690696,33,33,1.0,HadEX3,3.0.4,1961-1990,grid_center_arithmetic_mean,68,1.0,True,available,
Philippines,PHL,1995,Philippines,9.405035058657328,6,8,0.75,HadEX3,3.0.4,1961-1990,grid_center_arithmetic_mean,68,1.0,True,available,
Philippines,PHL,1996,Philippines,5.3425443569819135,6,8,0.75,HadEX3,3.0.4,1961-1990,grid_center_arithmetic_mean,68,1.0,True,available,
Philippines,PHL,1997,Philippines,7.198646664619446,6,8,0.75,HadEX3,3.0.4,1961-1990,grid_center_arithmetic_mean,68,1.0,True,available,
Philippines,PHL,1998,Philippines,46.044134775797524,6,8,0.75,HadEX3,3.0.4,1961-1990,grid_center_arithmetic_mean,68,1.0,True,available,
Philippines,PHL,1999,Philippines,9.926075339317322,6,8,0.75,HadEX3,3.0.4,1961-1990,grid_center_arithmetic_mean,68,1.0,True,available,
Philippines,PHL,2000,Philippines,8.737444579601288,6,8,0.75,HadEX3,3.0.4,1961-1990,grid_center_arithmetic_mean,68,1.0,True,available,
Philippines,PHL,2001,Philippines,6.263973211248715,6,8,0.75,HadEX3,3.0.4,1961-1990,grid_center_arithmetic_mean,68,1.0,True,available,
Philippines,PHL,2002,Philippines,9.999391794204712,6,8,0.75,HadEX3,3.0.4,1961-1990,grid_center_arithmetic_mean,68,1.0,True,available,
Philippines,PHL,2003,Philippines,7.916300475597382,6,8,0.75,HadEX3,3.0.4,1961-1990,grid_center_arithmetic_mean,68,1.0,True,available,
Philippines,PHL,2004,Philippines,13.118826587994894,6,8,0.75,HadEX3,3.0.4,1961-1990,grid_center_arithmetic_mean,68,1.0,True,available,
Philippines,PHL,2005,Philippines,14.666791756947836,6,8,0.75,HadEX3,3.0.4,1961-1990,grid_center_arithmetic_mean,68,1.0,True,available,
Philippines,PHL,2006,Philippines,5.8132673899332685,6,8,0.75,HadEX3,3.0.4,1961-1990,grid_center_arithmetic_mean,68,1.0,True,available,
Philippines,PHL,2007,Philippines,15.666120608647665,6,8,0.75,HadEX3,3.0.4,1961-1990,grid_center_arithmetic_mean,68,1.0,True,available,
Philippines,PHL,2008,Philippines,3.956408659617106,6,8,0.75,HadEX3,3.0.4,1961-1990,grid_center_arithmetic_mean,68,1.0,True,available,
Philippines,PHL,2009,Philippines,2.945433124899864,6,8,0.75,HadEX3,3.0.4,1961-1990,grid_center_arithmetic_mean,68,1.0,True,available,
Philippines,PHL,2010,Philippines,14.770730177561441,6,8,0.75,HadEX3,3.0.4,1961-1990,grid_center_arithmetic_mean,68,1.0,True,available,
Philippines,PHL,2011,Philippines,4.594513714313507,6,8,0.75,HadEX3,3.0.4,1961-1990,grid_center_arithmetic_mean,68,1.0,True,available,
Philippines,PHL,2012,Philippines,14.653572837511698,6,8,0.75,HadEX3,3.0.4,1961-1990,grid_center_arithmetic_mean,68,1.0,True,available,
Philippines,PHL,2013,Philippines,8.908897066116333,5,8,0.625,HadEX3,3.0.4,1961-1990,grid_center_arithmetic_mean,68,1.0,True,available,
Philippines,PHL,2014,Philippines,8.427380466461182,5,8,0.625,HadEX3,3.0.4,1961-1990,grid_center_arithmetic_mean,68,1.0,True,available,
Philippines,PHL,2015,Philippines,17.308375549316406,5,8,0.625,HadEX3,3.0.4,1961-1990,grid_center_arithmetic_mean,68,1.0,True,available,
Philippines,PHL,2016,Philippines,9.207562065124511,5,8,0.625,HadEX3,3.0.4,1961-1990,grid_center_arithmetic_mean,68,1.0,True,available,
Philippines,PHL,2017,Philippines,14.933072328567505,5,8,0.625,HadEX3,3.0.4,1961-1990,grid_center_arithmetic_mean,68,1.0,True,available,
Philippines,PHL,2018,Philippines,15.580935287475587,5,8,0.625,HadEX3,3.0.4,1961-1990,grid_center_arithmetic_mean,68,1.0,True,available,
Poland,POL,1995,Poland,10.733336194356282,15,15,1.0,HadEX3,3.0.4,1961-1990,grid_center_arithmetic_mean,68,1.0,True,available,
Poland,POL,1996,Poland,8.783025360107422,15,15,1.0,HadEX3,3.0.4,1961-1990,grid_center_arithmetic_mean,68,1.0,True,available,
Poland,POL,1997,Poland,13.233137702941894,15,15,1.0,HadEX3,3.0.4,1961-1990,grid_center_arithmetic_mean,68,1.0,True,available,
Poland,POL,1998,Poland,17.389533360799152,15,15,1.0,HadEX3,3.0.4,1961-1990,grid_center_arithmetic_mean,68,1.0,True,available,
Poland,POL,1999,Poland,12.302186075846354,15,15,1.0,HadEX3,3.0.4,1961-1990,grid_center_arithmetic_mean,68,1.0,True,available,
Poland,POL,2000,Poland,19.04202562967936,15,15,1.0,HadEX3,3.0.4,1961-1990,grid_center_arithmetic_mean,68,1.0,True,available,
Poland,POL,2001,Poland,6.477056312561035,15,15,1.0,HadEX3,3.0.4,1961-1990,grid_center_arithmetic_mean,68,1.0,True,available,
Poland,POL,2002,Poland,28.156512832641603,15,15,1.0,HadEX3,3.0.4,1961-1990,grid_center_arithmetic_mean,68,1.0,True,available,
Poland,POL,2003,Poland,18.24700673421224,15,15,1.0,HadEX3,3.0.4,1961-1990,grid_center_arithmetic_mean,68,1.0,True,available,
Poland,POL,2004,Poland,7.9567669550577795,15,15,1.0,HadEX3,3.0.4,1961-1990,grid_center_arithmetic_mean,68,1.0,True,available,
Poland,POL,2005,Poland,16.81285940806071,15,15,1.0,HadEX3,3.0.4,1961-1990,grid_center_arithmetic_mean,68,1.0,True,available,
Poland,POL,2006,Poland,30.188686752319335,15,15,1.0,HadEX3,3.0.4,1961-1990,grid_center_arithmetic_mean,68,1.0,True,available,
Poland,POL,2007,Poland,30.61404406229655,15,15,1.0,HadEX3,3.0.4,1961-1990,grid_center_arithmetic_mean,68,1.0,True,available,
Poland,POL,2008,Poland,14.615578206380208,15,15,1.0,HadEX3,3.0.4,1961-1990,grid_center_arithmetic_mean,68,1.0,True,available,
Poland,POL,2009,Poland,13.24827537536621,15,15,1.0,HadEX3,3.0.4,1961-1990,grid_center_arithmetic_mean,68,1.0,True,available,
Poland,POL,2010,Poland,9.897861671447753,15,15,1.0,HadEX3,3.0.4,1961-1990,grid_center_arithmetic_mean,68,1.0,True,available,
Poland,POL,2011,Poland,15.32414124806722,15,15,1.0,HadEX3,3.0.4,1961-1990,grid_center_arithmetic_mean,68,1.0,True,available,
Poland,POL,2012,Poland,15.214565149943034,15,15,1.0,HadEX3,3.0.4,1961-1990,grid_center_arithmetic_mean,68,1.0,True,available,
Poland,POL,2013,Poland,10.971373176574707,15,15,1.0,HadEX3,3.0.4,1961-1990,grid_center_arithmetic_mean,68,1.0,True,available,
Poland,POL,2014,Poland,23.867538706461588,15,15,1.0,HadEX3,3.0.4,1961-1990,grid_center_arithmetic_mean,68,1.0,True,available,
Poland,POL,2015,Poland,32.68774274190267,15,15,1.0,HadEX3,3.0.4,1961-1990,grid_center_arithmetic_mean,68,1.0,True,available,
Poland,POL,2016,Poland,16.807574844360353,15,15,1.0,HadEX3,3.0.4,1961-1990,grid_center_arithmetic_mean,68,1.0,True,available,
Poland,POL,2017,Poland,9.652024904886881,15,15,1.0,HadEX3,3.0.4,1961-1990,grid_center_arithmetic_mean,68,1.0,True,available,
Poland,POL,2018,Poland,36.006360626220705,15,15,1.0,HadEX3,3.0.4,1961-1990,grid_center_arithmetic_mean,68,1.0,True,available,
Portugal,PRT,1995,Portugal,19.575848007202147,5,5,1.0,HadEX3,3.0.4,1961-1990,grid_center_arithmetic_mean,68,1.0,True,available,
Portugal,PRT,1996,Portugal,6.2838129043579105,5,5,1.0,HadEX3,3.0.4,1961-1990,grid_center_arithmetic_mean,68,1.0,True,available,
Portugal,PRT,1997,Portugal,22.03656005859375,5,5,1.0,HadEX3,3.0.4,1961-1990,grid_center_arithmetic_mean,68,1.0,True,available,
Portugal,PRT,1998,Portugal,18.35413017272949,5,5,1.0,HadEX3,3.0.4,1961-1990,grid_center_arithmetic_mean,68,1.0,True,available,
Portugal,PRT,1999,Portugal,5.665709209442139,5,5,1.0,HadEX3,3.0.4,1961-1990,grid_center_arithmetic_mean,68,1.0,True,available,
Portugal,PRT,2000,Portugal,8.535653018951416,5,5,1.0,HadEX3,3.0.4,1961-1990,grid_center_arithmetic_mean,68,1.0,True,available,
Portugal,PRT,2001,Portugal,11.860244178771973,5,5,1.0,HadEX3,3.0.4,1961-1990,grid_center_arithmetic_mean,68,1.0,True,available,
Portugal,PRT,2002,Portugal,14.317048835754395,5,5,1.0,HadEX3,3.0.4,1961-1990,grid_center_arithmetic_mean,68,1.0,True,available,
Portugal,PRT,2003,Portugal,21.790276718139648,5,5,1.0,HadEX3,3.0.4,1961-1990,grid_center_arithmetic_mean,68,1.0,True,available,
Portugal,PRT,2004,Portugal,12.922287559509277,5,5,1.0,HadEX3,3.0.4,1961-1990,grid_center_arithmetic_mean,68,1.0,True,available,
Portugal,PRT,2005,Portugal,14.653576850891113,5,5,1.0,HadEX3,3.0.4,1961-1990,grid_center_arithmetic_mean,68,1.0,True,available,
Portugal,PRT,2006,Portugal,12.580253219604492,5,5,1.0,HadEX3,3.0.4,1961-1990,grid_center_arithmetic_mean,68,1.0,True,available,
Portugal,PRT,2007,Portugal,9.395639801025391,5,5,1.0,HadEX3,3.0.4,1961-1990,grid_center_arithmetic_mean,68,1.0,True,available,
Portugal,PRT,2008,Portugal,6.559333610534668,5,5,1.0,HadEX3,3.0.4,1961-1990,grid_center_arithmetic_mean,68,1.0,True,available,
Portugal,PRT,2009,Portugal,18.494753646850587,5,5,1.0,HadEX3,3.0.4,1961-1990,grid_center_arithmetic_mean,68,1.0,True,available,
Portugal,PRT,2010,Portugal,4.937757778167724,5,5,1.0,HadEX3,3.0.4,1961-1990,grid_center_arithmetic_mean,68,1.0,True,available,
Portugal,PRT,2011,Portugal,20.095501327514647,5,5,1.0,HadEX3,3.0.4,1961-1990,grid_center_arithmetic_mean,68,1.0,True,available,
Portugal,PRT,2012,Portugal,15.58695583343506,5,5,1.0,HadEX3,3.0.4,1961-1990,grid_center_arithmetic_mean,68,1.0,True,available,
Portugal,PRT,2013,Portugal,7.532883358001709,5,5,1.0,HadEX3,3.0.4,1961-1990,grid_center_arithmetic_mean,68,1.0,True,available,
Portugal,PRT,2014,Portugal,20.146599197387694,5,5,1.0,HadEX3,3.0.4,1961-1990,grid_center_arithmetic_mean,68,1.0,True,available,
Portugal,PRT,2015,Portugal,31.07696418762207,5,5,1.0,HadEX3,3.0.4,1961-1990,grid_center_arithmetic_mean,68,1.0,True,available,
Portugal,PRT,2016,Portugal,12.63641586303711,5,5,1.0,HadEX3,3.0.4,1961-1990,grid_center_arithmetic_mean,68,1.0,True,available,
Portugal,PRT,2017,Portugal,36.448726654052734,5,5,1.0,HadEX3,3.0.4,1961-1990,grid_center_arithmetic_mean,68,1.0,True,available,
Portugal,PRT,2018,Portugal,12.642232894897461,5,5,1.0,HadEX3,3.0.4,1961-1990,grid_center_arithmetic_mean,68,1.0,True,available,
Romania,ROU,1995,Romania,8.681865119934082,10,10,1.0,HadEX3,3.0.4,1961-1990,grid_center_arithmetic_mean,68,1.0,True,available,
Romania,ROU,1996,Romania,8.811941242218017,10,10,1.0,HadEX3,3.0.4,1961-1990,grid_center_arithmetic_mean,68,1.0,True,available,
Romania,ROU,1997,Romania,6.4539186477661135,10,10,1.0,HadEX3,3.0.4,1961-1990,grid_center_arithmetic_mean,68,1.0,True,available,
Romania,ROU,1998,Romania,19.15033721923828,10,10,1.0,HadEX3,3.0.4,1961-1990,grid_center_arithmetic_mean,68,1.0,True,available,
Romania,ROU,1999,Romania,12.726076126098633,10,10,1.0,HadEX3,3.0.4,1961-1990,grid_center_arithmetic_mean,68,1.0,True,available,
Romania,ROU,2000,Romania,20.79556522369385,10,10,1.0,HadEX3,3.0.4,1961-1990,grid_center_arithmetic_mean,68,1.0,True,available,
Romania,ROU,2001,Romania,11.145906066894531,10,10,1.0,HadEX3,3.0.4,1961-1990,grid_center_arithmetic_mean,68,1.0,True,available,
Romania,ROU,2002,Romania,26.819800186157227,10,10,1.0,HadEX3,3.0.4,1961-1990,grid_center_arithmetic_mean,68,1.0,True,available,
Romania,ROU,2003,Romania,22.433816146850585,10,10,1.0,HadEX3,3.0.4,1961-1990,grid_center_arithmetic_mean,68,1.0,True,available,
Romania,ROU,2004,Romania,8.93975863456726,10,10,1.0,HadEX3,3.0.4,1961-1990,grid_center_arithmetic_mean,68,1.0,True,available,
Romania,ROU,2005,Romania,10.945502376556396,10,10,1.0,HadEX3,3.0.4,1961-1990,grid_center_arithmetic_mean,68,1.0,True,available,
Romania,ROU,2006,Romania,16.411298274993896,10,10,1.0,HadEX3,3.0.4,1961-1990,grid_center_arithmetic_mean,68,1.0,True,available,
Romania,ROU,2007,Romania,39.747977828979494,10,10,1.0,HadEX3,3.0.4,1961-1990,grid_center_arithmetic_mean,68,1.0,True,available,
Romania,ROU,2008,Romania,20.05915775299072,10,10,1.0,HadEX3,3.0.4,1961-1990,grid_center_arithmetic_mean,68,1.0,True,available,
Romania,ROU,2009,Romania,11.271305656433105,10,10,1.0,HadEX3,3.0.4,1961-1990,grid_center_arithmetic_mean,68,1.0,True,available,
Romania,ROU,2010,Romania,20.541877841949464,10,10,1.0,HadEX3,3.0.4,1961-1990,grid_center_arithmetic_mean,68,1.0,True,available,
Romania,ROU,2011,Romania,17.35777006149292,10,10,1.0,HadEX3,3.0.4,1961-1990,grid_center_arithmetic_mean,68,1.0,True,available,
Romania,ROU,2012,Romania,38.59388465881348,10,10,1.0,HadEX3,3.0.4,1961-1990,grid_center_arithmetic_mean,68,1.0,True,available,
Romania,ROU,2013,Romania,20.62838077545166,10,10,1.0,HadEX3,3.0.4,1961-1990,grid_center_arithmetic_mean,68,1.0,True,available,
Romania,ROU,2014,Romania,19.000840950012208,10,10,1.0,HadEX3,3.0.4,1961-1990,grid_center_arithmetic_mean,68,1.0,True,available,
Romania,ROU,2015,Romania,36.46781425476074,10,10,1.0,HadEX3,3.0.4,1961-1990,grid_center_arithmetic_mean,68,1.0,True,available,
Romania,ROU,2016,Romania,16.767855167388916,10,10,1.0,HadEX3,3.0.4,1961-1990,grid_center_arithmetic_mean,68,1.0,True,available,
Romania,ROU,2017,Romania,20.534726333618163,10,10,1.0,HadEX3,3.0.4,1961-1990,grid_center_arithmetic_mean,68,1.0,True,available,
Romania,ROU,2018,Romania,34.10609378814697,10,10,1.0,HadEX3,3.0.4,1961-1990,grid_center_arithmetic_mean,68,1.0,True,available,
Russia,RUS,1995,Russian Federation,17.789693769091873,1224,1242,0.9855072463768116,HadEX3,3.0.4,1961-1990,grid_center_arithmetic_mean,68,1.0,True,available,
Russia,RUS,1996,Russian Federation,7.991502700970064,1224,1242,0.9855072463768116,HadEX3,3.0.4,1961-1990,grid_center_arithmetic_mean,68,1.0,True,available,
Russia,RUS,1997,Russian Federation,12.051608092255062,1224,1242,0.9855072463768116,HadEX3,3.0.4,1961-1990,grid_center_arithmetic_mean,68,1.0,True,available,
Russia,RUS,1998,Russian Federation,11.588410385391292,1224,1242,0.9855072463768116,HadEX3,3.0.4,1961-1990,grid_center_arithmetic_mean,68,1.0,True,available,
Russia,RUS,1999,Russian Federation,9.484522346431524,1224,1242,0.9855072463768116,HadEX3,3.0.4,1961-1990,grid_center_arithmetic_mean,68,1.0,True,available,
Russia,RUS,2000,Russian Federation,9.090016697649084,1224,1242,0.9855072463768116,HadEX3,3.0.4,1961-1990,grid_center_arithmetic_mean,68,1.0,True,available,
Russia,RUS,2001,Russian Federation,11.61647222381012,1224,1242,0.9855072463768116,HadEX3,3.0.4,1961-1990,grid_center_arithmetic_mean,68,1.0,True,available,
Russia,RUS,2002,Russian Federation,17.38020711280162,1224,1242,0.9855072463768116,HadEX3,3.0.4,1961-1990,grid_center_arithmetic_mean,68,1.0,True,available,
Russia,RUS,2003,Russian Federation,12.127565144226441,1224,1242,0.9855072463768116,HadEX3,3.0.4,1961-1990,grid_center_arithmetic_mean,68,1.0,True,available,
Russia,RUS,2004,Russian Federation,8.410430252259852,1224,1242,0.9855072463768116,HadEX3,3.0.4,1961-1990,grid_center_arithmetic_mean,68,1.0,True,available,
Russia,RUS,2005,Russian Federation,14.155310555415994,1224,1242,0.9855072463768116,HadEX3,3.0.4,1961-1990,grid_center_arithmetic_mean,68,1.0,True,available,
Russia,RUS,2006,Russian Federation,10.370887163807364,1224,1242,0.9855072463768116,HadEX3,3.0.4,1961-1990,grid_center_arithmetic_mean,68,1.0,True,available,
Russia,RUS,2007,Russian Federation,23.166131010242538,1224,1242,0.9855072463768116,HadEX3,3.0.4,1961-1990,grid_center_arithmetic_mean,68,1.0,True,available,
Russia,RUS,2008,Russian Federation,15.429542762002134,1224,1242,0.9855072463768116,HadEX3,3.0.4,1961-1990,grid_center_arithmetic_mean,68,1.0,True,available,
Russia,RUS,2009,Russian Federation,10.87819484324237,1224,1242,0.9855072463768116,HadEX3,3.0.4,1961-1990,grid_center_arithmetic_mean,68,1.0,True,available,
Russia,RUS,2010,Russian Federation,15.35385587295286,1224,1242,0.9855072463768116,HadEX3,3.0.4,1961-1990,grid_center_arithmetic_mean,68,1.0,True,available,
Russia,RUS,2011,Russian Federation,18.28470717010155,1224,1242,0.9855072463768116,HadEX3,3.0.4,1961-1990,grid_center_arithmetic_mean,68,1.0,True,available,
Russia,RUS,2012,Russian Federation,15.235847052162379,1224,1242,0.9855072463768116,HadEX3,3.0.4,1961-1990,grid_center_arithmetic_mean,68,1.0,True,available,
Russia,RUS,2013,Russian Federation,11.248668611439225,1224,1242,0.9855072463768116,HadEX3,3.0.4,1961-1990,grid_center_arithmetic_mean,68,1.0,True,available,
Russia,RUS,2014,Russian Federation,15.239633338124145,1224,1242,0.9855072463768116,HadEX3,3.0.4,1961-1990,grid_center_arithmetic_mean,68,1.0,True,available,
Russia,RUS,2015,Russian Federation,17.859026207643396,1224,1242,0.9855072463768116,HadEX3,3.0.4,1961-1990,grid_center_arithmetic_mean,68,1.0,True,available,
Russia,RUS,2016,Russian Federation,22.871599242139876,1224,1242,0.9855072463768116,HadEX3,3.0.4,1961-1990,grid_center_arithmetic_mean,68,1.0,True,available,
Russia,RUS,2017,Russian Federation,16.05007007133727,1224,1242,0.9855072463768116,HadEX3,3.0.4,1961-1990,grid_center_arithmetic_mean,68,1.0,True,available,
Russia,RUS,2018,Russian Federation,12.48603142569073,1224,1242,0.9855072463768116,HadEX3,3.0.4,1961-1990,grid_center_arithmetic_mean,68,1.0,True,available,
Singapore,SGP,1995,Singapore,,,,,HadEX3,3.0.4,1961-1990,grid_center_arithmetic_mean,,,,missing_in_source_or_coverage_filter,no_grid_center
Singapore,SGP,1996,Singapore,,,,,HadEX3,3.0.4,1961-1990,grid_center_arithmetic_mean,,,,missing_in_source_or_coverage_filter,no_grid_center
Singapore,SGP,1997,Singapore,,,,,HadEX3,3.0.4,1961-1990,grid_center_arithmetic_mean,,,,missing_in_source_or_coverage_filter,no_grid_center
Singapore,SGP,1998,Singapore,,,,,HadEX3,3.0.4,1961-1990,grid_center_arithmetic_mean,,,,missing_in_source_or_coverage_filter,no_grid_center
Singapore,SGP,1999,Singapore,,,,,HadEX3,3.0.4,1961-1990,grid_center_arithmetic_mean,,,,missing_in_source_or_coverage_filter,no_grid_center
Singapore,SGP,2000,Singapore,,,,,HadEX3,3.0.4,1961-1990,grid_center_arithmetic_mean,,,,missing_in_source_or_coverage_filter,no_grid_center
Singapore,SGP,2001,Singapore,,,,,HadEX3,3.0.4,1961-1990,grid_center_arithmetic_mean,,,,missing_in_source_or_coverage_filter,no_grid_center
Singapore,SGP,2002,Singapore,,,,,HadEX3,3.0.4,1961-1990,grid_center_arithmetic_mean,,,,missing_in_source_or_coverage_filter,no_grid_center
Singapore,SGP,2003,Singapore,,,,,HadEX3,3.0.4,1961-1990,grid_center_arithmetic_mean,,,,missing_in_source_or_coverage_filter,no_grid_center
Singapore,SGP,2004,Singapore,,,,,HadEX3,3.0.4,1961-1990,grid_center_arithmetic_mean,,,,missing_in_source_or_coverage_filter,no_grid_center
Singapore,SGP,2005,Singapore,,,,,HadEX3,3.0.4,1961-1990,grid_center_arithmetic_mean,,,,missing_in_source_or_coverage_filter,no_grid_center
Singapore,SGP,2006,Singapore,,,,,HadEX3,3.0.4,1961-1990,grid_center_arithmetic_mean,,,,missing_in_source_or_coverage_filter,no_grid_center
Singapore,SGP,2007,Singapore,,,,,HadEX3,3.0.4,1961-1990,grid_center_arithmetic_mean,,,,missing_in_source_or_coverage_filter,no_grid_center
Singapore,SGP,2008,Singapore,,,,,HadEX3,3.0.4,1961-1990,grid_center_arithmetic_mean,,,,missing_in_source_or_coverage_filter,no_grid_center
Singapore,SGP,2009,Singapore,,,,,HadEX3,3.0.4,1961-1990,grid_center_arithmetic_mean,,,,missing_in_source_or_coverage_filter,no_grid_center
Singapore,SGP,2010,Singapore,,,,,HadEX3,3.0.4,1961-1990,grid_center_arithmetic_mean,,,,missing_in_source_or_coverage_filter,no_grid_center
Singapore,SGP,2011,Singapore,,,,,HadEX3,3.0.4,1961-1990,grid_center_arithmetic_mean,,,,missing_in_source_or_coverage_filter,no_grid_center
Singapore,SGP,2012,Singapore,,,,,HadEX3,3.0.4,1961-1990,grid_center_arithmetic_mean,,,,missing_in_source_or_coverage_filter,no_grid_center
Singapore,SGP,2013,Singapore,,,,,HadEX3,3.0.4,1961-1990,grid_center_arithmetic_mean,,,,missing_in_source_or_coverage_filter,no_grid_center
Singapore,SGP,2014,Singapore,,,,,HadEX3,3.0.4,1961-1990,grid_center_arithmetic_mean,,,,missing_in_source_or_coverage_filter,no_grid_center
Singapore,SGP,2015,Singapore,,,,,HadEX3,3.0.4,1961-1990,grid_center_arithmetic_mean,,,,missing_in_source_or_coverage_filter,no_grid_center
Singapore,SGP,2016,Singapore,,,,,HadEX3,3.0.4,1961-1990,grid_center_arithmetic_mean,,,,missing_in_source_or_coverage_filter,no_grid_center
Singapore,SGP,2017,Singapore,,,,,HadEX3,3.0.4,1961-1990,grid_center_arithmetic_mean,,,,missing_in_source_or_coverage_filter,no_grid_center
Singapore,SGP,2018,Singapore,,,,,HadEX3,3.0.4,1961-1990,grid_center_arithmetic_mean,,,,missing_in_source_or_coverage_filter,no_grid_center
Serbia,SRB,1995,Serbia,6.422347187995911,4,4,1.0,HadEX3,3.0.4,1961-1990,grid_center_arithmetic_mean,68,1.0,True,available,
Serbia,SRB,1996,Serbia,8.156753778457642,4,4,1.0,HadEX3,3.0.4,1961-1990,grid_center_arithmetic_mean,68,1.0,True,available,
Serbia,SRB,1997,Serbia,8.171143651008606,4,4,1.0,HadEX3,3.0.4,1961-1990,grid_center_arithmetic_mean,68,1.0,True,available,
Serbia,SRB,1998,Serbia,22.55742645263672,4,4,1.0,HadEX3,3.0.4,1961-1990,grid_center_arithmetic_mean,68,1.0,True,available,
Serbia,SRB,1999,Serbia,10.76491117477417,4,4,1.0,HadEX3,3.0.4,1961-1990,grid_center_arithmetic_mean,68,1.0,True,available,
Serbia,SRB,2000,Serbia,23.10620355606079,4,4,1.0,HadEX3,3.0.4,1961-1990,grid_center_arithmetic_mean,68,1.0,True,available,
Serbia,SRB,2001,Serbia,11.739765167236328,4,4,1.0,HadEX3,3.0.4,1961-1990,grid_center_arithmetic_mean,68,1.0,True,available,
Serbia,SRB,2002,Serbia,23.278932094573975,4,4,1.0,HadEX3,3.0.4,1961-1990,grid_center_arithmetic_mean,68,1.0,True,available,
Serbia,SRB,2003,Serbia,29.906624794006348,4,4,1.0,HadEX3,3.0.4,1961-1990,grid_center_arithmetic_mean,68,1.0,True,available,
Serbia,SRB,2004,Serbia,11.661041021347046,4,4,1.0,HadEX3,3.0.4,1961-1990,grid_center_arithmetic_mean,68,1.0,True,available,
Serbia,SRB,2005,Serbia,11.550106525421143,4,4,1.0,HadEX3,3.0.4,1961-1990,grid_center_arithmetic_mean,68,1.0,True,available,
Serbia,SRB,2006,Serbia,20.689419269561768,4,4,1.0,HadEX3,3.0.4,1961-1990,grid_center_arithmetic_mean,68,1.0,True,available,
Serbia,SRB,2007,Serbia,38.853013038635254,4,4,1.0,HadEX3,3.0.4,1961-1990,grid_center_arithmetic_mean,68,1.0,True,available,
Serbia,SRB,2008,Serbia,20.338029384613037,4,4,1.0,HadEX3,3.0.4,1961-1990,grid_center_arithmetic_mean,68,1.0,True,available,
Serbia,SRB,2009,Serbia,14.304056644439697,4,4,1.0,HadEX3,3.0.4,1961-1990,grid_center_arithmetic_mean,68,1.0,True,available,
Serbia,SRB,2010,Serbia,15.292598724365234,4,4,1.0,HadEX3,3.0.4,1961-1990,grid_center_arithmetic_mean,68,1.0,True,available,
Serbia,SRB,2011,Serbia,24.264691829681396,4,4,1.0,HadEX3,3.0.4,1961-1990,grid_center_arithmetic_mean,68,1.0,True,available,
Serbia,SRB,2012,Serbia,37.79071044921875,4,4,1.0,HadEX3,3.0.4,1961-1990,grid_center_arithmetic_mean,68,1.0,True,available,
Serbia,SRB,2013,Serbia,22.91512632369995,4,4,1.0,HadEX3,3.0.4,1961-1990,grid_center_arithmetic_mean,68,1.0,True,available,
Serbia,SRB,2014,Serbia,19.69392967224121,4,4,1.0,HadEX3,3.0.4,1961-1990,grid_center_arithmetic_mean,68,1.0,True,available,
Serbia,SRB,2015,Serbia,39.9517879486084,4,4,1.0,HadEX3,3.0.4,1961-1990,grid_center_arithmetic_mean,68,1.0,True,available,
Serbia,SRB,2016,Serbia,15.924101829528809,4,4,1.0,HadEX3,3.0.4,1961-1990,grid_center_arithmetic_mean,68,1.0,True,available,
Serbia,SRB,2017,Serbia,23.781850814819336,4,4,1.0,HadEX3,3.0.4,1961-1990,grid_center_arithmetic_mean,68,1.0,True,available,
Serbia,SRB,2018,Serbia,36.46773147583008,4,4,1.0,HadEX3,3.0.4,1961-1990,grid_center_arithmetic_mean,68,1.0,True,available,
Slovak Republic,SVK,1995,Slovak Republic,8.969939549763998,3,3,1.0,HadEX3,3.0.4,1961-1990,grid_center_arithmetic_mean,68,1.0,True,available,
Slovak Republic,SVK,1996,Slovak Republic,8.297868887583414,3,3,1.0,HadEX3,3.0.4,1961-1990,grid_center_arithmetic_mean,68,1.0,True,available,
Slovak Republic,SVK,1997,Slovak Republic,9.89410400390625,3,3,1.0,HadEX3,3.0.4,1961-1990,grid_center_arithmetic_mean,68,1.0,True,available,
Slovak Republic,SVK,1998,Slovak Republic,19.394013086954754,3,3,1.0,HadEX3,3.0.4,1961-1990,grid_center_arithmetic_mean,68,1.0,True,available,
Slovak Republic,SVK,1999,Slovak Republic,10.443168958028158,3,3,1.0,HadEX3,3.0.4,1961-1990,grid_center_arithmetic_mean,68,1.0,True,available,
Slovak Republic,SVK,2000,Slovak Republic,19.817611694335938,3,3,1.0,HadEX3,3.0.4,1961-1990,grid_center_arithmetic_mean,68,1.0,True,available,
Slovak Republic,SVK,2001,Slovak Republic,7.71364688873291,3,3,1.0,HadEX3,3.0.4,1961-1990,grid_center_arithmetic_mean,68,1.0,True,available,
Slovak Republic,SVK,2002,Slovak Republic,24.603195190429688,3,3,1.0,HadEX3,3.0.4,1961-1990,grid_center_arithmetic_mean,68,1.0,True,available,
Slovak Republic,SVK,2003,Slovak Republic,23.730236053466797,3,3,1.0,HadEX3,3.0.4,1961-1990,grid_center_arithmetic_mean,68,1.0,True,available,
Slovak Republic,SVK,2004,Slovak Republic,8.947478294372559,3,3,1.0,HadEX3,3.0.4,1961-1990,grid_center_arithmetic_mean,68,1.0,True,available,
Slovak Republic,SVK,2005,Slovak Republic,13.48487122853597,3,3,1.0,HadEX3,3.0.4,1961-1990,grid_center_arithmetic_mean,68,1.0,True,available,
Slovak Republic,SVK,2006,Slovak Republic,24.533167521158855,3,3,1.0,HadEX3,3.0.4,1961-1990,grid_center_arithmetic_mean,68,1.0,True,available,
Slovak Republic,SVK,2007,Slovak Republic,33.06245422363281,3,3,1.0,HadEX3,3.0.4,1961-1990,grid_center_arithmetic_mean,68,1.0,True,available,
Slovak Republic,SVK,2008,Slovak Republic,15.62614885965983,3,3,1.0,HadEX3,3.0.4,1961-1990,grid_center_arithmetic_mean,68,1.0,True,available,
Slovak Republic,SVK,2009,Slovak Republic,13.886488596598307,3,3,1.0,HadEX3,3.0.4,1961-1990,grid_center_arithmetic_mean,68,1.0,True,available,
Slovak Republic,SVK,2010,Slovak Republic,11.015519460042318,3,3,1.0,HadEX3,3.0.4,1961-1990,grid_center_arithmetic_mean,68,1.0,True,available,
Slovak Republic,SVK,2011,Slovak Republic,18.710160573323567,3,3,1.0,HadEX3,3.0.4,1961-1990,grid_center_arithmetic_mean,68,1.0,True,available,
Slovak Republic,SVK,2012,Slovak Republic,23.282052357991535,3,3,1.0,HadEX3,3.0.4,1961-1990,grid_center_arithmetic_mean,68,1.0,True,available,
Slovak Republic,SVK,2013,Slovak Republic,14.634083112080893,3,3,1.0,HadEX3,3.0.4,1961-1990,grid_center_arithmetic_mean,68,1.0,True,available,
Slovak Republic,SVK,2014,Slovak Republic,21.257762273152668,3,3,1.0,HadEX3,3.0.4,1961-1990,grid_center_arithmetic_mean,68,1.0,True,available,
Slovak Republic,SVK,2015,Slovak Republic,35.66656366984049,3,3,1.0,HadEX3,3.0.4,1961-1990,grid_center_arithmetic_mean,68,1.0,True,available,
Slovak Republic,SVK,2016,Slovak Republic,16.21834373474121,3,3,1.0,HadEX3,3.0.4,1961-1990,grid_center_arithmetic_mean,68,1.0,True,available,
Slovak Republic,SVK,2017,Slovak Republic,14.865154902140299,3,3,1.0,HadEX3,3.0.4,1961-1990,grid_center_arithmetic_mean,68,1.0,True,available,
Slovak Republic,SVK,2018,Slovak Republic,37.830727895100914,3,3,1.0,HadEX3,3.0.4,1961-1990,grid_center_arithmetic_mean,68,1.0,True,available,
Slovenia,SVN,1995,Slovenia,7.001473426818848,1,1,1.0,HadEX3,3.0.4,1961-1990,grid_center_arithmetic_mean,68,1.0,True,available,
Slovenia,SVN,1996,Slovenia,8.423310279846191,1,1,1.0,HadEX3,3.0.4,1961-1990,grid_center_arithmetic_mean,68,1.0,True,available,
Slovenia,SVN,1997,Slovenia,12.594162940979004,1,1,1.0,HadEX3,3.0.4,1961-1990,grid_center_arithmetic_mean,68,1.0,True,available,
Slovenia,SVN,1998,Slovenia,25.973129272460938,1,1,1.0,HadEX3,3.0.4,1961-1990,grid_center_arithmetic_mean,68,1.0,True,available,
Slovenia,SVN,1999,Slovenia,12.84841537475586,1,1,1.0,HadEX3,3.0.4,1961-1990,grid_center_arithmetic_mean,68,1.0,True,available,
Slovenia,SVN,2000,Slovenia,19.79343605041504,1,1,1.0,HadEX3,3.0.4,1961-1990,grid_center_arithmetic_mean,68,1.0,True,available,
Slovenia,SVN,2001,Slovenia,13.663591384887695,1,1,1.0,HadEX3,3.0.4,1961-1990,grid_center_arithmetic_mean,68,1.0,True,available,
Slovenia,SVN,2002,Slovenia,21.96279525756836,1,1,1.0,HadEX3,3.0.4,1961-1990,grid_center_arithmetic_mean,68,1.0,True,available,
Slovenia,SVN,2003,Slovenia,39.34733581542969,1,1,1.0,HadEX3,3.0.4,1961-1990,grid_center_arithmetic_mean,68,1.0,True,available,
Slovenia,SVN,2004,Slovenia,12.453006744384766,1,1,1.0,HadEX3,3.0.4,1961-1990,grid_center_arithmetic_mean,68,1.0,True,available,
Slovenia,SVN,2005,Slovenia,16.25156593322754,1,1,1.0,HadEX3,3.0.4,1961-1990,grid_center_arithmetic_mean,68,1.0,True,available,
Slovenia,SVN,2006,Slovenia,26.832677841186523,1,1,1.0,HadEX3,3.0.4,1961-1990,grid_center_arithmetic_mean,68,1.0,True,available,
Slovenia,SVN,2007,Slovenia,38.374549865722656,1,1,1.0,HadEX3,3.0.4,1961-1990,grid_center_arithmetic_mean,68,1.0,True,available,
Slovenia,SVN,2008,Slovenia,16.779457092285156,1,1,1.0,HadEX3,3.0.4,1961-1990,grid_center_arithmetic_mean,68,1.0,True,available,
Slovenia,SVN,2009,Slovenia,19.099931716918945,1,1,1.0,HadEX3,3.0.4,1961-1990,grid_center_arithmetic_mean,68,1.0,True,available,
Slovenia,SVN,2010,Slovenia,10.902613639831543,1,1,1.0,HadEX3,3.0.4,1961-1990,grid_center_arithmetic_mean,68,1.0,True,available,
Slovenia,SVN,2011,Slovenia,30.96549415588379,1,1,1.0,HadEX3,3.0.4,1961-1990,grid_center_arithmetic_mean,68,1.0,True,available,
Slovenia,SVN,2012,Slovenia,30.865009307861328,1,1,1.0,HadEX3,3.0.4,1961-1990,grid_center_arithmetic_mean,68,1.0,True,available,
Slovenia,SVN,2013,Slovenia,16.741958618164062,1,1,1.0,HadEX3,3.0.4,1961-1990,grid_center_arithmetic_mean,68,1.0,True,available,
Slovenia,SVN,2014,Slovenia,21.97025489807129,1,1,1.0,HadEX3,3.0.4,1961-1990,grid_center_arithmetic_mean,68,1.0,True,available,
Slovenia,SVN,2015,Slovenia,42.501853942871094,1,1,1.0,HadEX3,3.0.4,1961-1990,grid_center_arithmetic_mean,68,1.0,True,available,
Slovenia,SVN,2016,Slovenia,19.262357711791992,1,1,1.0,HadEX3,3.0.4,1961-1990,grid_center_arithmetic_mean,68,1.0,True,available,
Slovenia,SVN,2017,Slovenia,26.38393211364746,1,1,1.0,HadEX3,3.0.4,1961-1990,grid_center_arithmetic_mean,68,1.0,True,available,
Slovenia,SVN,2018,Slovenia,39.05939865112305,1,1,1.0,HadEX3,3.0.4,1961-1990,grid_center_arithmetic_mean,68,1.0,True,available,
Sweden,SWE,1995,Sweden,5.538857037021268,31,32,0.96875,HadEX3,3.0.4,1961-1990,grid_center_arithmetic_mean,68,1.0,True,available,
Sweden,SWE,1996,Sweden,8.978868376824163,31,32,0.96875,HadEX3,3.0.4,1961-1990,grid_center_arithmetic_mean,68,1.0,True,available,
Sweden,SWE,1997,Sweden,18.597404910672097,31,32,0.96875,HadEX3,3.0.4,1961-1990,grid_center_arithmetic_mean,68,1.0,True,available,
Sweden,SWE,1998,Sweden,7.829222617610808,31,32,0.96875,HadEX3,3.0.4,1961-1990,grid_center_arithmetic_mean,68,1.0,True,available,
Sweden,SWE,1999,Sweden,12.337465501600697,31,32,0.96875,HadEX3,3.0.4,1961-1990,grid_center_arithmetic_mean,68,1.0,True,available,
Sweden,SWE,2000,Sweden,17.0221804957236,31,32,0.96875,HadEX3,3.0.4,1961-1990,grid_center_arithmetic_mean,68,1.0,True,available,
Sweden,SWE,2001,Sweden,8.3951294191422,31,32,0.96875,HadEX3,3.0.4,1961-1990,grid_center_arithmetic_mean,68,1.0,True,available,
Sweden,SWE,2002,Sweden,30.812388266286543,31,32,0.96875,HadEX3,3.0.4,1961-1990,grid_center_arithmetic_mean,68,1.0,True,available,
Sweden,SWE,2003,Sweden,18.499611516152658,31,32,0.96875,HadEX3,3.0.4,1961-1990,grid_center_arithmetic_mean,68,1.0,True,available,
Sweden,SWE,2004,Sweden,10.852424590818343,31,32,0.96875,HadEX3,3.0.4,1961-1990,grid_center_arithmetic_mean,68,1.0,True,available,
Sweden,SWE,2005,Sweden,23.761867154029108,31,32,0.96875,HadEX3,3.0.4,1961-1990,grid_center_arithmetic_mean,68,1.0,True,available,
Sweden,SWE,2006,Sweden,40.46047542941186,31,32,0.96875,HadEX3,3.0.4,1961-1990,grid_center_arithmetic_mean,68,1.0,True,available,
Sweden,SWE,2007,Sweden,23.216900856264175,31,32,0.96875,HadEX3,3.0.4,1961-1990,grid_center_arithmetic_mean,68,1.0,True,available,
Sweden,SWE,2008,Sweden,13.218914893365675,31,32,0.96875,HadEX3,3.0.4,1961-1990,grid_center_arithmetic_mean,68,1.0,True,available,
Sweden,SWE,2009,Sweden,12.195018368382607,31,32,0.96875,HadEX3,3.0.4,1961-1990,grid_center_arithmetic_mean,68,1.0,True,available,
Sweden,SWE,2010,Sweden,6.47284137049029,31,32,0.96875,HadEX3,3.0.4,1961-1990,grid_center_arithmetic_mean,68,1.0,True,available,
Sweden,SWE,2011,Sweden,16.215147049196304,31,32,0.96875,HadEX3,3.0.4,1961-1990,grid_center_arithmetic_mean,68,1.0,True,available,
Sweden,SWE,2012,Sweden,7.082887011189615,31,32,0.96875,HadEX3,3.0.4,1961-1990,grid_center_arithmetic_mean,68,1.0,True,available,
Sweden,SWE,2013,Sweden,13.338241269511562,31,32,0.96875,HadEX3,3.0.4,1961-1990,grid_center_arithmetic_mean,68,1.0,True,available,
Sweden,SWE,2014,Sweden,29.306578851515248,31,32,0.96875,HadEX3,3.0.4,1961-1990,grid_center_arithmetic_mean,68,1.0,True,available,
Sweden,SWE,2015,Sweden,26.432449833039314,31,32,0.96875,HadEX3,3.0.4,1961-1990,grid_center_arithmetic_mean,68,1.0,True,available,
Sweden,SWE,2016,Sweden,17.50683464542512,31,32,0.96875,HadEX3,3.0.4,1961-1990,grid_center_arithmetic_mean,68,1.0,True,available,
Sweden,SWE,2017,Sweden,4.829986595338391,31,32,0.96875,HadEX3,3.0.4,1961-1990,grid_center_arithmetic_mean,68,1.0,True,available,
Sweden,SWE,2018,Sweden,31.5727479380946,31,32,0.96875,HadEX3,3.0.4,1961-1990,grid_center_arithmetic_mean,68,1.0,True,available,
Thailand,THA,1995,Thailand,10.400976022084555,18,18,1.0,HadEX3,3.0.4,1961-1990,grid_center_arithmetic_mean,68,1.0,True,available,
Thailand,THA,1996,Thailand,9.120174566904703,18,18,1.0,HadEX3,3.0.4,1961-1990,grid_center_arithmetic_mean,68,1.0,True,available,
Thailand,THA,1997,Thailand,42.82645511627197,18,18,1.0,HadEX3,3.0.4,1961-1990,grid_center_arithmetic_mean,68,1.0,True,available,
Thailand,THA,1998,Thailand,64.91849242316351,18,18,1.0,HadEX3,3.0.4,1961-1990,grid_center_arithmetic_mean,68,1.0,True,available,
Thailand,THA,1999,Thailand,13.355014880498251,18,18,1.0,HadEX3,3.0.4,1961-1990,grid_center_arithmetic_mean,68,1.0,True,available,
Thailand,THA,2000,Thailand,14.586211469438341,18,18,1.0,HadEX3,3.0.4,1961-1990,grid_center_arithmetic_mean,68,1.0,True,available,
Thailand,THA,2001,Thailand,20.28053771124946,18,18,1.0,HadEX3,3.0.4,1961-1990,grid_center_arithmetic_mean,68,1.0,True,available,
Thailand,THA,2002,Thailand,14.211074034372965,18,18,1.0,HadEX3,3.0.4,1961-1990,grid_center_arithmetic_mean,68,1.0,True,available,
Thailand,THA,2003,Thailand,21.897091229756672,18,18,1.0,HadEX3,3.0.4,1961-1990,grid_center_arithmetic_mean,68,1.0,True,available,
Thailand,THA,2004,Thailand,29.399755477905273,18,18,1.0,HadEX3,3.0.4,1961-1990,grid_center_arithmetic_mean,68,1.0,True,available,
Thailand,THA,2005,Thailand,27.933988359239365,18,18,1.0,HadEX3,3.0.4,1961-1990,grid_center_arithmetic_mean,68,1.0,True,available,
Thailand,THA,2006,Thailand,32.69008784823947,18,18,1.0,HadEX3,3.0.4,1961-1990,grid_center_arithmetic_mean,68,1.0,True,available,
Thailand,THA,2007,Thailand,21.191568268669975,18,18,1.0,HadEX3,3.0.4,1961-1990,grid_center_arithmetic_mean,68,1.0,True,available,
Thailand,THA,2008,Thailand,8.620830959743923,18,18,1.0,HadEX3,3.0.4,1961-1990,grid_center_arithmetic_mean,68,1.0,True,available,
Thailand,THA,2009,Thailand,24.2495756149292,18,18,1.0,HadEX3,3.0.4,1961-1990,grid_center_arithmetic_mean,68,1.0,True,available,
Thailand,THA,2010,Thailand,41.8580207824707,18,18,1.0,HadEX3,3.0.4,1961-1990,grid_center_arithmetic_mean,68,1.0,True,available,
Thailand,THA,2011,Thailand,3.986979517671797,18,18,1.0,HadEX3,3.0.4,1961-1990,grid_center_arithmetic_mean,68,1.0,True,available,
Thailand,THA,2012,Thailand,31.941151195102268,18,18,1.0,HadEX3,3.0.4,1961-1990,grid_center_arithmetic_mean,68,1.0,True,available,
Thailand,THA,2013,Thailand,30.93919511941763,13,18,0.7222222222222222,HadEX3,3.0.4,1961-1990,grid_center_arithmetic_mean,68,1.0,True,available,
Thailand,THA,2014,Thailand,33.00743528512808,13,18,0.7222222222222222,HadEX3,3.0.4,1961-1990,grid_center_arithmetic_mean,68,1.0,True,available,
Thailand,THA,2015,Thailand,39.09302491408128,13,18,0.7222222222222222,HadEX3,3.0.4,1961-1990,grid_center_arithmetic_mean,68,1.0,True,available,
Thailand,THA,2016,Thailand,23.244329599233772,13,18,0.7222222222222222,HadEX3,3.0.4,1961-1990,grid_center_arithmetic_mean,68,1.0,True,available,
Thailand,THA,2017,Thailand,20.26207337012658,13,18,0.7222222222222222,HadEX3,3.0.4,1961-1990,grid_center_arithmetic_mean,68,1.0,True,available,
Thailand,THA,2018,Thailand,10.511412473825308,13,18,0.7222222222222222,HadEX3,3.0.4,1961-1990,grid_center_arithmetic_mean,68,1.0,True,available,
Turkey,TUR,1995,Türkiye,6.779843185887192,33,34,0.9705882352941176,HadEX3,3.0.4,1961-1990,grid_center_arithmetic_mean,68,1.0,True,available,
Turkey,TUR,1996,Türkiye,9.35468341365005,33,34,0.9705882352941176,HadEX3,3.0.4,1961-1990,grid_center_arithmetic_mean,68,1.0,True,available,
Turkey,TUR,1997,Türkiye,4.830482641855876,33,34,0.9705882352941176,HadEX3,3.0.4,1961-1990,grid_center_arithmetic_mean,68,1.0,True,available,
Turkey,TUR,1998,Türkiye,21.143798365737453,33,34,0.9705882352941176,HadEX3,3.0.4,1961-1990,grid_center_arithmetic_mean,68,1.0,True,available,
Turkey,TUR,1999,Türkiye,18.547273780360367,33,34,0.9705882352941176,HadEX3,3.0.4,1961-1990,grid_center_arithmetic_mean,68,1.0,True,available,
Turkey,TUR,2000,Türkiye,12.917685133038145,33,34,0.9705882352941176,HadEX3,3.0.4,1961-1990,grid_center_arithmetic_mean,68,1.0,True,available,
Turkey,TUR,2001,Türkiye,17.5746539144805,33,34,0.9705882352941176,HadEX3,3.0.4,1961-1990,grid_center_arithmetic_mean,68,1.0,True,available,
Turkey,TUR,2002,Türkiye,20.962114276308,33,34,0.9705882352941176,HadEX3,3.0.4,1961-1990,grid_center_arithmetic_mean,68,1.0,True,available,
Turkey,TUR,2003,Türkiye,11.66673924706199,33,34,0.9705882352941176,HadEX3,3.0.4,1961-1990,grid_center_arithmetic_mean,68,1.0,True,available,
Turkey,TUR,2004,Türkiye,9.453776908643318,33,34,0.9705882352941176,HadEX3,3.0.4,1961-1990,grid_center_arithmetic_mean,68,1.0,True,available,
Turkey,TUR,2005,Türkiye,7.717954043186072,33,34,0.9705882352941176,HadEX3,3.0.4,1961-1990,grid_center_arithmetic_mean,68,1.0,True,available,
Turkey,TUR,2006,Türkiye,13.446004954251377,33,34,0.9705882352941176,HadEX3,3.0.4,1961-1990,grid_center_arithmetic_mean,68,1.0,True,available,
Turkey,TUR,2007,Türkiye,30.685610684481535,33,34,0.9705882352941176,HadEX3,3.0.4,1961-1990,grid_center_arithmetic_mean,68,1.0,True,available,
Turkey,TUR,2008,Türkiye,19.116366530909684,33,34,0.9705882352941176,HadEX3,3.0.4,1961-1990,grid_center_arithmetic_mean,68,1.0,True,available,
Turkey,TUR,2009,Türkiye,10.270094987117883,33,34,0.9705882352941176,HadEX3,3.0.4,1961-1990,grid_center_arithmetic_mean,68,1.0,True,available,
Turkey,TUR,2010,Türkiye,44.97392908732096,33,34,0.9705882352941176,HadEX3,3.0.4,1961-1990,grid_center_arithmetic_mean,68,1.0,True,available,
Turkey,TUR,2011,Türkiye,9.617884780421402,33,34,0.9705882352941176,HadEX3,3.0.4,1961-1990,grid_center_arithmetic_mean,68,1.0,True,available,
Turkey,TUR,2012,Türkiye,34.089101675784946,33,34,0.9705882352941176,HadEX3,3.0.4,1961-1990,grid_center_arithmetic_mean,68,1.0,True,available,
Turkey,TUR,2013,Türkiye,17.607766209226668,33,34,0.9705882352941176,HadEX3,3.0.4,1961-1990,grid_center_arithmetic_mean,68,1.0,True,available,
Turkey,TUR,2014,Türkiye,16.385548909505207,33,34,0.9705882352941176,HadEX3,3.0.4,1961-1990,grid_center_arithmetic_mean,68,1.0,True,available,
Turkey,TUR,2015,Türkiye,33.94823895078717,33,34,0.9705882352941176,HadEX3,3.0.4,1961-1990,grid_center_arithmetic_mean,68,1.0,True,available,
Turkey,TUR,2016,Türkiye,27.001938675389145,33,34,0.9705882352941176,HadEX3,3.0.4,1961-1990,grid_center_arithmetic_mean,68,1.0,True,available,
Turkey,TUR,2017,Türkiye,26.852065577651516,33,34,0.9705882352941176,HadEX3,3.0.4,1961-1990,grid_center_arithmetic_mean,68,1.0,True,available,
Turkey,TUR,2018,Türkiye,27.177214073412348,33,34,0.9705882352941176,HadEX3,3.0.4,1961-1990,grid_center_arithmetic_mean,68,1.0,True,available,
Uganda,UGA,1995,Uganda,,,8,,HadEX3,3.0.4,1961-1990,grid_center_arithmetic_mean,0,0.0,False,missing_in_source_or_coverage_filter,failed_time_coverage
Uganda,UGA,1996,Uganda,,,8,,HadEX3,3.0.4,1961-1990,grid_center_arithmetic_mean,0,0.0,False,missing_in_source_or_coverage_filter,failed_time_coverage
Uganda,UGA,1997,Uganda,,,8,,HadEX3,3.0.4,1961-1990,grid_center_arithmetic_mean,0,0.0,False,missing_in_source_or_coverage_filter,failed_time_coverage
Uganda,UGA,1998,Uganda,,,8,,HadEX3,3.0.4,1961-1990,grid_center_arithmetic_mean,0,0.0,False,missing_in_source_or_coverage_filter,failed_time_coverage
Uganda,UGA,1999,Uganda,,,8,,HadEX3,3.0.4,1961-1990,grid_center_arithmetic_mean,0,0.0,False,missing_in_source_or_coverage_filter,failed_time_coverage
Uganda,UGA,2000,Uganda,,,8,,HadEX3,3.0.4,1961-1990,grid_center_arithmetic_mean,0,0.0,False,missing_in_source_or_coverage_filter,failed_time_coverage
Uganda,UGA,2001,Uganda,,,8,,HadEX3,3.0.4,1961-1990,grid_center_arithmetic_mean,0,0.0,False,missing_in_source_or_coverage_filter,failed_time_coverage
Uganda,UGA,2002,Uganda,,,8,,HadEX3,3.0.4,1961-1990,grid_center_arithmetic_mean,0,0.0,False,missing_in_source_or_coverage_filter,failed_time_coverage
Uganda,UGA,2003,Uganda,,,8,,HadEX3,3.0.4,1961-1990,grid_center_arithmetic_mean,0,0.0,False,missing_in_source_or_coverage_filter,failed_time_coverage
Uganda,UGA,2004,Uganda,,,8,,HadEX3,3.0.4,1961-1990,grid_center_arithmetic_mean,0,0.0,False,missing_in_source_or_coverage_filter,failed_time_coverage
Uganda,UGA,2005,Uganda,,,8,,HadEX3,3.0.4,1961-1990,grid_center_arithmetic_mean,0,0.0,False,missing_in_source_or_coverage_filter,failed_time_coverage
Uganda,UGA,2006,Uganda,,,8,,HadEX3,3.0.4,1961-1990,grid_center_arithmetic_mean,0,0.0,False,missing_in_source_or_coverage_filter,failed_time_coverage
Uganda,UGA,2007,Uganda,,,8,,HadEX3,3.0.4,1961-1990,grid_center_arithmetic_mean,0,0.0,False,missing_in_source_or_coverage_filter,failed_time_coverage
Uganda,UGA,2008,Uganda,,,8,,HadEX3,3.0.4,1961-1990,grid_center_arithmetic_mean,0,0.0,False,missing_in_source_or_coverage_filter,failed_time_coverage
Uganda,UGA,2009,Uganda,,,8,,HadEX3,3.0.4,1961-1990,grid_center_arithmetic_mean,0,0.0,False,missing_in_source_or_coverage_filter,failed_time_coverage
Uganda,UGA,2010,Uganda,,,8,,HadEX3,3.0.4,1961-1990,grid_center_arithmetic_mean,0,0.0,False,missing_in_source_or_coverage_filter,failed_time_coverage
Uganda,UGA,2011,Uganda,,,8,,HadEX3,3.0.4,1961-1990,grid_center_arithmetic_mean,0,0.0,False,missing_in_source_or_coverage_filter,failed_time_coverage
Uganda,UGA,2012,Uganda,,,8,,HadEX3,3.0.4,1961-1990,grid_center_arithmetic_mean,0,0.0,False,missing_in_source_or_coverage_filter,failed_time_coverage
Uganda,UGA,2013,Uganda,,,8,,HadEX3,3.0.4,1961-1990,grid_center_arithmetic_mean,0,0.0,False,missing_in_source_or_coverage_filter,failed_time_coverage
Uganda,UGA,2014,Uganda,,,8,,HadEX3,3.0.4,1961-1990,grid_center_arithmetic_mean,0,0.0,False,missing_in_source_or_coverage_filter,failed_time_coverage
Uganda,UGA,2015,Uganda,,,8,,HadEX3,3.0.4,1961-1990,grid_center_arithmetic_mean,0,0.0,False,missing_in_source_or_coverage_filter,failed_time_coverage
Uganda,UGA,2016,Uganda,,,8,,HadEX3,3.0.4,1961-1990,grid_center_arithmetic_mean,0,0.0,False,missing_in_source_or_coverage_filter,failed_time_coverage
Uganda,UGA,2017,Uganda,,,8,,HadEX3,3.0.4,1961-1990,grid_center_arithmetic_mean,0,0.0,False,missing_in_source_or_coverage_filter,failed_time_coverage
Uganda,UGA,2018,Uganda,,,8,,HadEX3,3.0.4,1961-1990,grid_center_arithmetic_mean,0,0.0,False,missing_in_source_or_coverage_filter,failed_time_coverage
United States,USA,1995,United States of America,9.323233350887094,465,474,0.9810126582278481,HadEX3,3.0.4,1961-1990,grid_center_arithmetic_mean,68,1.0,True,available,
United States,USA,1996,United States of America,6.099955798284982,465,474,0.9810126582278481,HadEX3,3.0.4,1961-1990,grid_center_arithmetic_mean,68,1.0,True,available,
United States,USA,1997,United States of America,5.767657828202812,465,474,0.9810126582278481,HadEX3,3.0.4,1961-1990,grid_center_arithmetic_mean,68,1.0,True,available,
United States,USA,1998,United States of America,10.937270972036547,465,474,0.9810126582278481,HadEX3,3.0.4,1961-1990,grid_center_arithmetic_mean,68,1.0,True,available,
United States,USA,1999,United States of America,6.270238134425173,465,474,0.9810126582278481,HadEX3,3.0.4,1961-1990,grid_center_arithmetic_mean,68,1.0,True,available,
United States,USA,2000,United States of America,6.283752250543205,465,474,0.9810126582278481,HadEX3,3.0.4,1961-1990,grid_center_arithmetic_mean,68,1.0,True,available,
United States,USA,2001,United States of America,4.657300016187852,465,474,0.9810126582278481,HadEX3,3.0.4,1961-1990,grid_center_arithmetic_mean,68,1.0,True,available,
United States,USA,2002,United States of America,11.237629361306468,465,474,0.9810126582278481,HadEX3,3.0.4,1961-1990,grid_center_arithmetic_mean,68,1.0,True,available,
United States,USA,2003,United States of America,10.458413871770263,465,474,0.9810126582278481,HadEX3,3.0.4,1961-1990,grid_center_arithmetic_mean,68,1.0,True,available,
United States,USA,2004,United States of America,7.958803785456124,465,474,0.9810126582278481,HadEX3,3.0.4,1961-1990,grid_center_arithmetic_mean,68,1.0,True,available,
United States,USA,2005,United States of America,10.102705874237962,465,474,0.9810126582278481,HadEX3,3.0.4,1961-1990,grid_center_arithmetic_mean,68,1.0,True,available,
United States,USA,2006,United States of America,7.768580106509629,465,474,0.9810126582278481,HadEX3,3.0.4,1961-1990,grid_center_arithmetic_mean,68,1.0,True,available,
United States,USA,2007,United States of America,9.046153373743898,465,474,0.9810126582278481,HadEX3,3.0.4,1961-1990,grid_center_arithmetic_mean,68,1.0,True,available,
United States,USA,2008,United States of America,2.7271352837162635,465,474,0.9810126582278481,HadEX3,3.0.4,1961-1990,grid_center_arithmetic_mean,68,1.0,True,available,
United States,USA,2009,United States of America,6.401572488328462,465,474,0.9810126582278481,HadEX3,3.0.4,1961-1990,grid_center_arithmetic_mean,68,1.0,True,available,
United States,USA,2010,United States of America,8.100897882574348,465,474,0.9810126582278481,HadEX3,3.0.4,1961-1990,grid_center_arithmetic_mean,68,1.0,True,available,
United States,USA,2011,United States of America,8.155606830760997,465,474,0.9810126582278481,HadEX3,3.0.4,1961-1990,grid_center_arithmetic_mean,68,1.0,True,available,
United States,USA,2012,United States of America,11.322881493517148,465,474,0.9810126582278481,HadEX3,3.0.4,1961-1990,grid_center_arithmetic_mean,68,1.0,True,available,
United States,USA,2013,United States of America,7.115108289641719,465,474,0.9810126582278481,HadEX3,3.0.4,1961-1990,grid_center_arithmetic_mean,68,1.0,True,available,
United States,USA,2014,United States of America,7.43829558440434,465,474,0.9810126582278481,HadEX3,3.0.4,1961-1990,grid_center_arithmetic_mean,68,1.0,True,available,
United States,USA,2015,United States of America,12.630599778698336,465,474,0.9810126582278481,HadEX3,3.0.4,1961-1990,grid_center_arithmetic_mean,68,1.0,True,available,
United States,USA,2016,United States of America,12.206589650082332,465,474,0.9810126582278481,HadEX3,3.0.4,1961-1990,grid_center_arithmetic_mean,68,1.0,True,available,
United States,USA,2017,United States of America,11.401110290711927,465,474,0.9810126582278481,HadEX3,3.0.4,1961-1990,grid_center_arithmetic_mean,68,1.0,True,available,
United States,USA,2018,United States of America,10.56611055456182,465,474,0.9810126582278481,HadEX3,3.0.4,1961-1990,grid_center_arithmetic_mean,68,1.0,True,available,
Vietnam,VNM,1995,Viet Nam,7.430665334065755,9,11,0.8181818181818182,HadEX3,3.0.4,1961-1990,grid_center_arithmetic_mean,68,1.0,True,available,
Vietnam,VNM,1996,Viet Nam,7.534887101915148,9,11,0.8181818181818182,HadEX3,3.0.4,1961-1990,grid_center_arithmetic_mean,68,1.0,True,available,
Vietnam,VNM,1997,Viet Nam,31.462430953979492,9,11,0.8181818181818182,HadEX3,3.0.4,1961-1990,grid_center_arithmetic_mean,68,1.0,True,available,
Vietnam,VNM,1998,Viet Nam,49.831126319037544,9,11,0.8181818181818182,HadEX3,3.0.4,1961-1990,grid_center_arithmetic_mean,68,1.0,True,available,
Vietnam,VNM,1999,Viet Nam,11.639334678649902,9,11,0.8181818181818182,HadEX3,3.0.4,1961-1990,grid_center_arithmetic_mean,68,1.0,True,available,
Vietnam,VNM,2000,Viet Nam,13.025785446166992,9,11,0.8181818181818182,HadEX3,3.0.4,1961-1990,grid_center_arithmetic_mean,68,1.0,True,available,
Vietnam,VNM,2001,Viet Nam,16.6427092022366,9,11,0.8181818181818182,HadEX3,3.0.4,1961-1990,grid_center_arithmetic_mean,68,1.0,True,available,
Vietnam,VNM,2002,Viet Nam,15.396638022528755,9,11,0.8181818181818182,HadEX3,3.0.4,1961-1990,grid_center_arithmetic_mean,68,1.0,True,available,
Vietnam,VNM,2003,Viet Nam,18.993447409735786,9,11,0.8181818181818182,HadEX3,3.0.4,1961-1990,grid_center_arithmetic_mean,68,1.0,True,available,
Vietnam,VNM,2004,Viet Nam,23.720882839626736,9,11,0.8181818181818182,HadEX3,3.0.4,1961-1990,grid_center_arithmetic_mean,68,1.0,True,available,
Vietnam,VNM,2005,Viet Nam,27.432569715711807,9,11,0.8181818181818182,HadEX3,3.0.4,1961-1990,grid_center_arithmetic_mean,68,1.0,True,available,
Vietnam,VNM,2006,Viet Nam,30.414989471435547,9,11,0.8181818181818182,HadEX3,3.0.4,1961-1990,grid_center_arithmetic_mean,68,1.0,True,available,
Vietnam,VNM,2007,Viet Nam,17.565975930955673,9,11,0.8181818181818182,HadEX3,3.0.4,1961-1990,grid_center_arithmetic_mean,68,1.0,True,available,
Vietnam,VNM,2008,Viet Nam,10.740548769632975,9,11,0.8181818181818182,HadEX3,3.0.4,1961-1990,grid_center_arithmetic_mean,68,1.0,True,available,
Vietnam,VNM,2009,Viet Nam,21.792426427205402,9,11,0.8181818181818182,HadEX3,3.0.4,1961-1990,grid_center_arithmetic_mean,68,1.0,True,available,
Vietnam,VNM,2010,Viet Nam,35.88366826375326,9,11,0.8181818181818182,HadEX3,3.0.4,1961-1990,grid_center_arithmetic_mean,68,1.0,True,available,
Vietnam,VNM,2011,Viet Nam,4.461617151896159,9,11,0.8181818181818182,HadEX3,3.0.4,1961-1990,grid_center_arithmetic_mean,68,1.0,True,available,
Vietnam,VNM,2012,Viet Nam,24.621285650465225,9,11,0.8181818181818182,HadEX3,3.0.4,1961-1990,grid_center_arithmetic_mean,68,1.0,True,available,
Vietnam,VNM,2013,Viet Nam,11.245075872966222,7,11,0.6363636363636364,HadEX3,3.0.4,1961-1990,grid_center_arithmetic_mean,68,1.0,True,available,
Vietnam,VNM,2014,Viet Nam,20.80459976196289,7,11,0.6363636363636364,HadEX3,3.0.4,1961-1990,grid_center_arithmetic_mean,68,1.0,True,available,
Vietnam,VNM,2015,Viet Nam,41.31365122113909,7,11,0.6363636363636364,HadEX3,3.0.4,1961-1990,grid_center_arithmetic_mean,68,1.0,True,available,
Vietnam,VNM,2016,Viet Nam,20.33209991455078,7,11,0.6363636363636364,HadEX3,3.0.4,1961-1990,grid_center_arithmetic_mean,68,1.0,True,available,
Vietnam,VNM,2017,Viet Nam,13.886785098484584,7,11,0.6363636363636364,HadEX3,3.0.4,1961-1990,grid_center_arithmetic_mean,68,1.0,True,available,
Vietnam,VNM,2018,Viet Nam,10.621290751865931,7,11,0.6363636363636364,HadEX3,3.0.4,1961-1990,grid_center_arithmetic_mean,68,1.0,True,available,
South Africa,ZAF,1995,South Africa,1.175951569867523,46,47,0.9787234042553191,HadEX3,3.0.4,1961-1990,grid_center_arithmetic_mean,68,1.0,True,available,
South Africa,ZAF,1996,South Africa,0.0,46,47,0.9787234042553191,HadEX3,3.0.4,1961-1990,grid_center_arithmetic_mean,68,1.0,True,available,
South Africa,ZAF,1997,South Africa,1.416499645975621,46,47,0.9787234042553191,HadEX3,3.0.4,1961-1990,grid_center_arithmetic_mean,68,1.0,True,available,
South Africa,ZAF,1998,South Africa,4.984672589146572,46,47,0.9787234042553191,HadEX3,3.0.4,1961-1990,grid_center_arithmetic_mean,68,1.0,True,available,
South Africa,ZAF,1999,South Africa,4.445003913796467,46,47,0.9787234042553191,HadEX3,3.0.4,1961-1990,grid_center_arithmetic_mean,68,1.0,True,available,
South Africa,ZAF,2000,South Africa,0.41547064863793226,46,47,0.9787234042553191,HadEX3,3.0.4,1961-1990,grid_center_arithmetic_mean,68,1.0,True,available,
South Africa,ZAF,2001,South Africa,0.0,46,47,0.9787234042553191,HadEX3,3.0.4,1961-1990,grid_center_arithmetic_mean,68,1.0,True,available,
South Africa,ZAF,2002,South Africa,0.5988160042983034,46,47,0.9787234042553191,HadEX3,3.0.4,1961-1990,grid_center_arithmetic_mean,68,1.0,True,available,
South Africa,ZAF,2003,South Africa,1.792535706868638,46,47,0.9787234042553191,HadEX3,3.0.4,1961-1990,grid_center_arithmetic_mean,68,1.0,True,available,
South Africa,ZAF,2004,South Africa,1.6109940616980842,46,47,0.9787234042553191,HadEX3,3.0.4,1961-1990,grid_center_arithmetic_mean,68,1.0,True,available,
South Africa,ZAF,2005,South Africa,0.9682158177475566,46,47,0.9787234042553191,HadEX3,3.0.4,1961-1990,grid_center_arithmetic_mean,68,1.0,True,available,
South Africa,ZAF,2006,South Africa,0.11767392654133879,46,47,0.9787234042553191,HadEX3,3.0.4,1961-1990,grid_center_arithmetic_mean,68,1.0,True,available,
South Africa,ZAF,2007,South Africa,6.10154256095057,46,47,0.9787234042553191,HadEX3,3.0.4,1961-1990,grid_center_arithmetic_mean,68,1.0,True,available,
South Africa,ZAF,2008,South Africa,0.3034813862455928,46,47,0.9787234042553191,HadEX3,3.0.4,1961-1990,grid_center_arithmetic_mean,68,1.0,True,available,
South Africa,ZAF,2009,South Africa,0.43666728569761565,46,47,0.9787234042553191,HadEX3,3.0.4,1961-1990,grid_center_arithmetic_mean,68,1.0,True,available,
South Africa,ZAF,2010,South Africa,2.2222807086680247,46,47,0.9787234042553191,HadEX3,3.0.4,1961-1990,grid_center_arithmetic_mean,68,1.0,True,available,
South Africa,ZAF,2011,South Africa,1.0628645663028178,46,47,0.9787234042553191,HadEX3,3.0.4,1961-1990,grid_center_arithmetic_mean,68,1.0,True,available,
South Africa,ZAF,2012,South Africa,4.958831461875335,46,47,0.9787234042553191,HadEX3,3.0.4,1961-1990,grid_center_arithmetic_mean,68,1.0,True,available,
South Africa,ZAF,2013,South Africa,4.471090767694556,46,47,0.9787234042553191,HadEX3,3.0.4,1961-1990,grid_center_arithmetic_mean,68,1.0,True,available,
South Africa,ZAF,2014,South Africa,5.688596258992734,46,47,0.9787234042553191,HadEX3,3.0.4,1961-1990,grid_center_arithmetic_mean,68,1.0,True,available,
South Africa,ZAF,2015,South Africa,27.119117928587873,46,47,0.9787234042553191,HadEX3,3.0.4,1961-1990,grid_center_arithmetic_mean,68,1.0,True,available,
South Africa,ZAF,2016,South Africa,15.9534998976666,46,47,0.9787234042553191,HadEX3,3.0.4,1961-1990,grid_center_arithmetic_mean,68,1.0,True,available,
South Africa,ZAF,2017,South Africa,11.535325055537017,46,47,0.9787234042553191,HadEX3,3.0.4,1961-1990,grid_center_arithmetic_mean,68,1.0,True,available,
South Africa,ZAF,2018,South Africa,5.391807893048162,46,47,0.9787234042553191,HadEX3,3.0.4,1961-1990,grid_center_arithmetic_mean,68,1.0,True,available,
Zambia,ZMB,1995,Zambia,,,28,,HadEX3,3.0.4,1961-1990,grid_center_arithmetic_mean,0,0.0,False,missing_in_source_or_coverage_filter,failed_time_coverage
Zambia,ZMB,1996,Zambia,,,28,,HadEX3,3.0.4,1961-1990,grid_center_arithmetic_mean,0,0.0,False,missing_in_source_or_coverage_filter,failed_time_coverage
Zambia,ZMB,1997,Zambia,,,28,,HadEX3,3.0.4,1961-1990,grid_center_arithmetic_mean,0,0.0,False,missing_in_source_or_coverage_filter,failed_time_coverage
Zambia,ZMB,1998,Zambia,,,28,,HadEX3,3.0.4,1961-1990,grid_center_arithmetic_mean,0,0.0,False,missing_in_source_or_coverage_filter,failed_time_coverage
Zambia,ZMB,1999,Zambia,,,28,,HadEX3,3.0.4,1961-1990,grid_center_arithmetic_mean,0,0.0,False,missing_in_source_or_coverage_filter,failed_time_coverage
Zambia,ZMB,2000,Zambia,,,28,,HadEX3,3.0.4,1961-1990,grid_center_arithmetic_mean,0,0.0,False,missing_in_source_or_coverage_filter,failed_time_coverage
Zambia,ZMB,2001,Zambia,,,28,,HadEX3,3.0.4,1961-1990,grid_center_arithmetic_mean,0,0.0,False,missing_in_source_or_coverage_filter,failed_time_coverage
Zambia,ZMB,2002,Zambia,,,28,,HadEX3,3.0.4,1961-1990,grid_center_arithmetic_mean,0,0.0,False,missing_in_source_or_coverage_filter,failed_time_coverage
Zambia,ZMB,2003,Zambia,,,28,,HadEX3,3.0.4,1961-1990,grid_center_arithmetic_mean,0,0.0,False,missing_in_source_or_coverage_filter,failed_time_coverage
Zambia,ZMB,2004,Zambia,,,28,,HadEX3,3.0.4,1961-1990,grid_center_arithmetic_mean,0,0.0,False,missing_in_source_or_coverage_filter,failed_time_coverage
Zambia,ZMB,2005,Zambia,,,28,,HadEX3,3.0.4,1961-1990,grid_center_arithmetic_mean,0,0.0,False,missing_in_source_or_coverage_filter,failed_time_coverage
Zambia,ZMB,2006,Zambia,,,28,,HadEX3,3.0.4,1961-1990,grid_center_arithmetic_mean,0,0.0,False,missing_in_source_or_coverage_filter,failed_time_coverage
Zambia,ZMB,2007,Zambia,,,28,,HadEX3,3.0.4,1961-1990,grid_center_arithmetic_mean,0,0.0,False,missing_in_source_or_coverage_filter,failed_time_coverage
Zambia,ZMB,2008,Zambia,,,28,,HadEX3,3.0.4,1961-1990,grid_center_arithmetic_mean,0,0.0,False,missing_in_source_or_coverage_filter,failed_time_coverage
Zambia,ZMB,2009,Zambia,,,28,,HadEX3,3.0.4,1961-1990,grid_center_arithmetic_mean,0,0.0,False,missing_in_source_or_coverage_filter,failed_time_coverage
Zambia,ZMB,2010,Zambia,,,28,,HadEX3,3.0.4,1961-1990,grid_center_arithmetic_mean,0,0.0,False,missing_in_source_or_coverage_filter,failed_time_coverage
Zambia,ZMB,2011,Zambia,,,28,,HadEX3,3.0.4,1961-1990,grid_center_arithmetic_mean,0,0.0,False,missing_in_source_or_coverage_filter,failed_time_coverage
Zambia,ZMB,2012,Zambia,,,28,,HadEX3,3.0.4,1961-1990,grid_center_arithmetic_mean,0,0.0,False,missing_in_source_or_coverage_filter,failed_time_coverage
Zambia,ZMB,2013,Zambia,,,28,,HadEX3,3.0.4,1961-1990,grid_center_arithmetic_mean,0,0.0,False,missing_in_source_or_coverage_filter,failed_time_coverage
Zambia,ZMB,2014,Zambia,,,28,,HadEX3,3.0.4,1961-1990,grid_center_arithmetic_mean,0,0.0,False,missing_in_source_or_coverage_filter,failed_time_coverage
Zambia,ZMB,2015,Zambia,,,28,,HadEX3,3.0.4,1961-1990,grid_center_arithmetic_mean,0,0.0,False,missing_in_source_or_coverage_filter,failed_time_coverage
Zambia,ZMB,2016,Zambia,,,28,,HadEX3,3.0.4,1961-1990,grid_center_arithmetic_mean,0,0.0,False,missing_in_source_or_coverage_filter,failed_time_coverage
Zambia,ZMB,2017,Zambia,,,28,,HadEX3,3.0.4,1961-1990,grid_center_arithmetic_mean,0,0.0,False,missing_in_source_or_coverage_filter,failed_time_coverage
Zambia,ZMB,2018,Zambia,,,28,,HadEX3,3.0.4,1961-1990,grid_center_arithmetic_mean,0,0.0,False,missing_in_source_or_coverage_filter,failed_time_coverage
