country_name,iso3,year,growth,debt_gdp,ConstantGDP,country_id,ln_constantgdp,duplicate_key,sample_common
Singapore,SGP,1995,.07175,.6982299999999999,147.208,SGP,4.991846552644073,0,0
Pakistan,PAK,1995,.05062,.52329,13013.947,PAK,9.47377690750937,0,0
Kazakhstan,KAZ,1995,-.082,,4099.395,KAZ,8.318594680828598,0,0
Canada,CAN,1995,.02682,1.00084,1261.782,CAN,7.140280286499723,0,0
Brazil,BRA,1995,.04417,,705.992,BRA,6.559603905984281,0,0
Austria,AUT,1995,.02668,.68238,261.842,AUT,5.567741268416121,0,0
Germany,DEU,1995,.01512,.54893,2560.18,DEU,7.8478328475018,0,0
Czech Republic,CZE,1995,,.13476,3339.113,CZE,8.113460481838816,0,0
Serbia,SRB,1995,,,,SRB,,0,0
Egypt,EGY,1995,.04484,,2280.717,EGY,7.732245146196212,0,0
Bangladesh,BGD,1995,.04925,,6543.227,BGD,8.786185747833574,0,0
Taiwan Province of China,TWN,1995,.06499,,7572.687,TWN,8.932303237215171,0,0
Indonesia,IDN,1995,.0822,,3911022.1,IDN,15.1793093044504,0,0
Romania,ROU,1995,.07138,,551.604,ROU,6.312830397524471,0,0
Greece,GRC,1995,.021,1.00387,149.99,GRC,5.010568625207268,0,0
Portugal,PRT,1995,.02307,.62215,159.644,PRT,5.072946336243476,0,0
Denmark,DNK,1995,.03039,.71454,1617.4,DNK,7.388575200661722,0,0
Norway,NOR,1995,.04153,.32943,2931.766,NOR,7.983360250817541,0,0
Zambia,ZMB,1995,.02898,,39.692,ZMB,3.681149656051995,0,0
Switzerland,CHE,1995,.00519,.49274,461.2,CHE,6.133831788394904,0,0
India,IND,1995,.07574,.7087600000000001,52051.021,IND,10.85997968960481,0,0
Ireland,IRL,1995,.09593,.78522,107.736,IRL,4.679683790147741,0,0
United States,USA,1995,.02685,,11413.025,USA,9.342510526035737,0,0
Morocco,MAR,1995,-.06328,.7222,433.982,MAR,6.07300305858593,0,0
Chile,CHL,1995,.08933,.1725,77759.32799999999,CHL,11.26137379712167,0,0
Namibia,NAM,1995,.04115,.17991,64.194,NAM,4.161909748384525,0,0
Mexico,MEX,1995,-.0591,,13650.312,MEX,9.521517657494742,0,0
New Zealand,NZL,1995,.04913,.43482,130.418,NZL,4.870744676776165,0,0
Malaysia,MYS,1995,.0983,.3816599999999999,460.542,MYS,6.132404056748145,0,0
Slovak Republic,SVK,1995,.07872,.21312,40.539,SVK,3.702264473724059,0,0
Australia,AUS,1995,.02959,.31097,1155.779,AUS,7.052529854485184,0,0
Russia,RUS,1995,-.041,,64589.733,RUS,11.07581074525114,0,0
Nigeria,NGA,1995,.01872,.24172,57899.978,NGA,10.96647228359556,0,0
Israel,ISR,1995,.09654,,584.476,ISR,6.370715719333437,0,0
Côte d'Ivoire,CIV,1995,.05572,,14897.855,CIV,9.60897252183881,0,0
Netherlands,NLD,1995,.03132,.7303000000000001,535.592,NLD,6.283372677185675,0,0
Hong Kong SAR,HKG,1995,.02374,,1433.682,HKG,7.268001239245599,0,0
Sri Lanka,LKA,1995,.06051,.77807,3806.14,LKA,8.244370831204803,0,0
Italy,ITA,1995,.02887,1.19088,1590.971,ITA,7.372099800641808,0,0
Sweden,SWE,1995,.04094,.68696,3445.822,SWE,8.144917761662056,0,0
Iceland,ISL,1995,.00117,.56109,1494.785,ISL,7.309737662773718,0,0
Lithuania,LTU,1995,,,19.352,LTU,2.962795773307726,0,0
Spain,ESP,1995,.04122,.61586,760.373,ESP,6.633809102356299,0,0
Japan,JPN,1995,.02342,.80687,475140.9,JPN,13.07136667060928,0,0
Mauritius,MUS,1995,.04288,,191.406,MUS,5.254396826489899,0,0
France,FRA,1995,.02457,.57802,1681.575,FRA,7.427486133218645,0,0
Slovenia,SVN,1995,.041,.18228,22.659,SVN,3.120557123999421,0,0
Uganda,UGA,1995,.09174,,28356.865,UGA,10.2526244315174,0,0
Philippines,PHL,1995,.04625,.60849,5845.375,PHL,8.673406029247658,0,0
Hungary,HUN,1995,.02541,.83868,29079.098,HUN,10.27777491328469,0,0
Kenya,KEN,1995,.04287,,3474.342,KEN,8.153160387551456,0,0
Croatia,HRV,1995,.06634,,32.796,HRV,3.490306556733931,0,0
Turkey,TUR,1995,.0719,,597.202,TUR,6.39225541462125,0,0
Thailand,THA,1995,.0812,,5068.875,THA,8.530874178472102,0,0
Korea,KOR,1995,.09736,.08485,750665.5,KOR,13.52871542539833,0,0
Finland,FIN,1995,.04233,.55204,137.609,FIN,4.924416330337045,0,0
Colombia,COL,1995,.05202,,412802.541,COL,12.9307246486538,0,0
Belgium,BEL,1995,.02385,1.31286,314.871,BEL,5.752163031138333,0,0
Poland,POL,1995,.06728,.48576,912.4349999999999,POL,6.816116850042753,0,0
South Africa,ZAF,1995,.031,,2463.307,ZAF,7.809260035095212,0,0
Vietnam,VNM,1995,.0954,,1012050.306,VNM,13.82748883708024,0,0
United Kingdom,GBR,1995,.02406,.4349499999999999,1622.576,GBR,7.391770288775525,0,0
China,CHN,1995,.11016,.21424,11618.511,CHN,9.360354881059154,0,0
China,CHN,1996,.09968,.21221,12776.66,CHN,9.455375347921851,0,0
Denmark,DNK,1996,.029,.68316,1664.3,DNK,7.417159893592681,0,0
Vietnam,VNM,1996,.0934,,1106576.022,VNM,13.91678114103861,0,0
Ireland,IRL,1996,.09092,.69833,117.531,IRL,4.766702128574489,0,0
New Zealand,NZL,1996,.04056,.37258,135.708,NZL,4.910505518677191,0,0
United Kingdom,GBR,1996,.02615,.43541,1665.005,GBR,7.417583405413038,0,0
Uganda,UGA,1996,.06595,,30226.899,UGA,10.31648750229347,0,0
Finland,FIN,1996,.03662,.55363,142.648,FIN,4.960380057231745,0,0
Philippines,PHL,1996,.0586,.53074,6187.936,PHL,8.730356869040893,0,0
Thailand,THA,1996,.05652,.15193,5355.365,THA,8.585854141156593,0,0
France,FRA,1996,.01347,.60595,1704.221,FRA,7.440863393815293,0,0
Slovak Republic,SVK,1996,.06941,.30339,43.353,SVK,3.769375904984303,0,0
Kenya,KEN,1996,.04479,,3629.969,KEN,8.196979387277528,0,0
Brazil,BRA,1996,.02209,,721.586,BRA,6.581451567229829,0,0
Iceland,ISL,1996,.04498,.53691,1562.015,ISL,7.353731933426506,0,0
Mexico,MEX,1996,.06218,.42537,14499.129,MEX,9.581843857638937,0,0
Egypt,EGY,1996,.04879,,2391.987,EGY,7.779879680273146,0,0
Greece,GRC,1996,.01382,1.03724,152.063,GRC,5.024294908659996,0,0
Czech Republic,CZE,1996,.04525,.11506,3490.208,CZE,8.157716612274401,0,0
Hong Kong SAR,HKG,1996,.04258,,1494.735,HKG,7.309704212587731,0,0
Mauritius,MUS,1996,.05588,,202.101,MUS,5.308767572442856,0,0
Norway,NOR,1996,.04969,.28637,3077.459,NOR,8.031859535467833,0,0
Spain,ESP,1996,.02421,.6544199999999999,778.783,ESP,6.657732444805768,0,0
Hungary,HUN,1996,.00101,.7116800000000001,29108.537,HUN,10.27878677783329,0,0
Canada,CAN,1996,.01689,1.00244,1283.093,CAN,7.157028848348721,0,0
Netherlands,NLD,1996,.03416,.71246,553.886,NLD,6.316958889399177,0,0
Indonesia,IDN,1996,.07818,,4216785.6,IDN,15.25458368960552,0,0
Japan,JPN,1996,.03075,.8526,489753.7,JPN,13.10165789065319,0,0
Poland,POL,1996,.06239,.43024,969.3630000000001,POL,6.87663915474393,0,0
Namibia,NAM,1996,.03196,.18725,66.246,NAM,4.193375085685055,0,0
Belgium,BEL,1996,.01321,1.29004,319.032,BEL,5.765291411233408,0,0
Pakistan,PAK,1996,.06599,.52534,13872.751,PAK,9.537681835386527,0,0
Slovenia,SVN,1996,.03301,.21598,23.407,SVN,3.153035122927768,0,0
Croatia,HRV,1996,.05874,,34.722,HRV,3.547373491819757,0,0
Colombia,COL,1996,.02056,.23286,421289.161,COL,12.95107472012606,0,0
Nigeria,NGA,1996,.04052,.179,60246.104,NGA,11.00619318536169,0,0
Lithuania,LTU,1996,.05239,,20.366,LTU,3.013866843749474,0,0
Malaysia,MYS,1996,.10002,.32769,506.606,MYS,6.227733581161079,0,0
Serbia,SRB,1996,,,,SRB,,0,0
Singapore,SGP,1996,.07471,.71272,158.207,SGP,5.06390430214226,0,0
United States,USA,1996,.03773,,11843.6,USA,9.379542916276984,0,0
Sweden,SWE,1996,.01705,.6893699999999999,3504.563,SWE,8.161821112665656,0,0
Romania,ROU,1996,.03948,,573.3819999999999,ROU,6.3515521612579,0,0
Portugal,PRT,1996,.03504,.63312,165.239,PRT,5.107392910706814,0,0
India,IND,1996,.0755,.67133,55980.723,IND,10.93276267831295,0,0
Israel,ISR,1996,.05841,,618.6130000000001,ISR,6.427479875225756,0,0
Turkey,TUR,1996,.07007,,639.049,TUR,6.459981133753716,0,0
Taiwan Province of China,TWN,1996,.06177,,8040.421,TWN,8.992236723986188,0,0
Bangladesh,BGD,1996,.04622,,6845.66,BGD,8.831370153819437,0,0
South Africa,ZAF,1996,.043,,2569.229,ZAF,7.851361132880263,0,0
Austria,AUT,1996,.02398,.6818000000000001,268.122,AUT,5.591442100808497,0,0
Switzerland,CHE,1996,.00568,.50559,463.82,CHE,6.139496545927063,0,0
Kazakhstan,KAZ,1996,.005,,4119.892,KAZ,8.323582228407757,0,0
Russia,RUS,1996,-.03581,,62276.592,RUS,11.03934090383414,0,0
Sri Lanka,LKA,1996,.12162,.76227,4269.047,LKA,8.359145896301479,0,0
Chile,CHL,1996,.04985,.14584,81635.499,CHL,11.31001948311585,0,0
Zambia,ZMB,1996,.06219,,42.16,ZMB,3.741471904233107,0,0
Côte d'Ivoire,CIV,1996,.08136,,16109.899,CIV,9.687189206753478,0,0
Italy,ITA,1996,.01525,1.18896,1615.228,ITA,7.387231402162885,0,0
Australia,AUS,1996,.03968,.293,1201.645,AUS,7.091446730375212,0,0
Morocco,MAR,1996,.1346,.65335,492.394,MAR,6.199279209020786,0,0
Korea,KOR,1996,.0799,.07811,810646.9,KOR,13.60558784987913,0,0
Germany,DEU,1996,.01031,.57721,2586.58,DEU,7.858091818793206,0,0
Portugal,PRT,1997,.04401,.58716,172.511,PRT,5.150461002554256,0,0
Hungary,HUN,1997,.02978,.62196,29975.352,HUN,10.30813072294603,0,0
Switzerland,CHE,1997,.02067,.52943,473.409,CHE,6.159959708306014,0,0
Sweden,SWE,1997,.03065,.6770499999999999,3611.978,SWE,8.192010823709911,0,0
Mexico,MEX,1997,.07199,.3912,15542.903,MEX,9.65135941471196,0,0
Spain,ESP,1997,.03865,.64286,808.8869999999999,ESP,6.69565922868695,0,0
Turkey,TUR,1997,.07528,,687.154,TUR,6.532558430129228,0,0
Finland,FIN,1997,.06398,.52235,151.774,FIN,5.022392572294414,0,0
Hong Kong SAR,HKG,1997,.051,,1570.962,HKG,7.359443449548055,0,0
Norway,NOR,1997,.05092,.25973,3234.166,NOR,8.081526368442491,0,0
Denmark,DNK,1997,.03166,.64388,1717,DNK,7.448333860897476,0,0
Israel,ISR,1997,.0361,,640.948,ISR,6.462948330385072,0,0
Namibia,NAM,1997,.04216,.17717,69.039,NAM,4.234671562313379,0,0
Mauritius,MUS,1997,.05687,,213.596,MUS,5.364086380318935,0,0
Czech Republic,CZE,1997,-.00596,.12124,3469.412,CZE,8.151740406132649,0,0
Croatia,HRV,1997,.06645,,37.029,HRV,3.611701389429901,0,0
Australia,AUS,1997,.04723,.25864,1258.404,AUS,7.137599530378559,0,0
Belgium,BEL,1997,.03793,1.24271,331.134,BEL,5.802523127290812,0,0
Philippines,PHL,1997,.05186,.56891,6508.866,PHL,8.78092052648077,0,0
Netherlands,NLD,1997,.04246,.65696,577.402,NLD,6.358538731026091,0,0
Slovenia,SVN,1997,.05171,.22097,24.618,SVN,3.203477882688104,0,0
New Zealand,NZL,1997,.02443,.34643,139.024,NZL,4.93464658009685,0,0
India,IND,1997,.0405,.6900799999999999,58247.872,IND,10.97246283857179,0,0
Ireland,IRL,1997,.10747,.61578,130.162,IRL,4.86877982849648,0,0
Singapore,SGP,1997,.08316,.7078700000000001,171.364,SGP,5.143789949097404,0,0
Canada,CAN,1997,.0428,.95272,1338.011,CAN,7.19893946188009,0,0
Japan,JPN,1997,.01363,.9131699999999999,496428.8,JPN,13.11519534835726,0,0
France,FRA,1997,.02515,.61985,1747.084,FRA,7.465703391405151,0,0
Morocco,MAR,1997,-.02012,.6795600000000001,482.488,MAR,6.178956050003444,0,0
Uganda,UGA,1997,.0462,.44195,31623.439,UGA,10.3616538651278,0,0
Germany,DEU,1997,.01854,.58826,2634.54,DEU,7.876463872680785,0,0
Indonesia,IDN,1997,.047,,4414970.1,IDN,15.30051161963033,0,0
Greece,GRC,1997,.03603,1.02599,157.542,GRC,5.059692089383119,0,0
Slovak Republic,SVK,1997,.04445,.32825,45.28,SVK,3.812865433894927,0,0
Brazil,BRA,1997,.03395,,746.082,BRA,6.614835513734093,0,0
Italy,ITA,1997,.01926,1.1649,1646.332,ITA,7.406305061991644,0,0
Vietnam,VNM,1997,.08152,,1196780.652,VNM,13.99514571962782,0,0
Kenya,KEN,1997,.00411,,3644.89,KEN,8.201081465660909,0,0
Chile,CHL,1997,.07392,.1278,87669.781,CHL,11.38133254657563,0,0
Korea,KOR,1997,.06282,.09694,861573.3,KOR,13.66651541548621,0,0
United States,USA,1997,.04447,,12370.3,USA,9.423053717315574,0,0
Sri Lanka,LKA,1997,.10291,.70147,4708.378,LKA,8.457098754027196,0,0
Egypt,EGY,1997,.05919,,2533.573,EGY,7.837385838394675,0,0
Bangladesh,BGD,1997,.0449,,7153.02,BGD,8.875289924134114,0,0
Russia,RUS,1997,.01376,.51519,63133.44,RUS,11.05300586061051,0,0
South Africa,ZAF,1997,.026,,2636.029,ZAF,7.877028897079332,0,0
Serbia,SRB,1997,,,3425.253,SRB,8.138930616581312,0,0
Zambia,ZMB,1997,.03814,,43.768,ZMB,3.778902956761525,0,0
Kazakhstan,KAZ,1997,.017,,4189.93,KAZ,8.340439306332716,0,0
Colombia,COL,1997,.0343,.25263,435740.617,COL,12.98480243016133,0,0
United Kingdom,GBR,1997,.0488,.43896,1746.257,GBR,7.465229919152972,0,0
Austria,AUT,1997,.02146,.63373,273.875,AUT,5.61267179791563,0,0
Pakistan,PAK,1997,.01703,.5277499999999999,14108.96,PAK,9.554565335539325,0,0
Côte d'Ivoire,CIV,1997,.05723,.84182,17031.813,CIV,9.742838227180021,0,0
Nigeria,NGA,1997,.02886,.1714,61984.756,NGA,11.03464376282827,0,0
Lithuania,LTU,1997,.08364,,22.07,LTU,3.094219220268645,0,0
Malaysia,MYS,1997,.07327,.2962,543.727,MYS,6.298447282657698,0,0
Iceland,ISL,1997,.04141,.5105499999999999,1626.697,ISL,7.394306857546203,0,0
Poland,POL,1997,.07086,.42564,1038.056,POL,6.945105012174251,0,0
Romania,ROU,1997,-.06053,,538.675,ROU,6.289112420590297,0,0
Taiwan Province of China,TWN,1997,.06051,.24982,8526.981,TWN,9.050990650523312,0,0
Thailand,THA,1997,-.02754,.40455,5207.901,THA,8.557932174491137,0,0
China,CHN,1997,.09319,.20394,13967.297,CHN,9.544473947488651,0,0
Egypt,EGY,1998,.07543,.73824,2724.675,EGY,7.910104433929537,0,0
Singapore,SGP,1998,-.02191,.84646,167.609,SGP,5.121633885890238,0,1
Russia,RUS,1998,-.05319,1.35193,59775.411,RUS,10.99834966808708,0,0
Zambia,ZMB,1998,-.00386,,43.599,ZMB,3.775034214312143,0,0
France,FRA,1998,.03466,.62103,1807.639,FRA,7.499776852874191,0,0
Czech Republic,CZE,1998,-.00393,.13877,3455.772,CZE,8.14780115552546,0,0
Ireland,IRL,1998,.08765,.51414,141.571,IRL,4.952801358024885,0,0
Greece,GRC,1998,.03437,1.00785,162.956,GRC,5.09348022571646,0,0
Sweden,SWE,1998,.04246,.6540300000000001,3765.336,SWE,8.23359237927996,0,0
Germany,DEU,1998,.02102,.59438,2689.92,DEU,7.897266732376697,0,0
Namibia,NAM,1998,.03291,.19574,71.31100000000001,NAM,4.26705059322053,0,0
Poland,POL,1998,.04982,.38562,1089.769,POL,6.993721026158068,0,0
Denmark,DNK,1998,.02324,.60319,1756.9,DNK,7.471306171371008,0,0
Belgium,BEL,1998,.01962,1.19186,337.631,BEL,5.821953583150727,0,0
Hong Kong SAR,HKG,1998,-.05883,,1478.548,HKG,7.298815804102034,0,0
Lithuania,LTU,1998,.07668,.21695,23.762,LTU,3.168087666036095,0,0
Israel,ISR,1998,.04102,,667.237,ISR,6.503145305142422,0,0
Colombia,COL,1998,.0057,.27453,438223.398,COL,12.99048410042773,0,0
Norway,NOR,1998,.02726,.2377,3322.326,NOR,8.108420419012873,0,0
Sri Lanka,LKA,1998,-.01646,.7424299999999999,4630.887,LKA,8.440503705405678,0,0
Australia,AUS,1998,.04687,.23657,1317.391,AUS,7.183408544545182,0,0
Chile,CHL,1998,.04181,.12115,91335.156,CHL,11.42229105270735,0,0
United States,USA,1998,.04483,,12924.875,USA,9.466909028149979,0,0
Croatia,HRV,1998,.01862,.23329,37.719,HRV,3.630163946279154,0,0
Romania,ROU,1998,-.04818,,512.724,ROU,6.23973768869464,0,0
South Africa,ZAF,1998,.005,,2649.21,ZAF,7.882016761328146,0,0
Thailand,THA,1998,-.07634,.49881,4810.328,THA,8.478520552043079,0,0
Nigeria,NGA,1998,.02496,.15811,63531.649,NGA,11.05929347016487,0,0
Uganda,UGA,1998,.06074,.4509300000000001,33544.254,UGA,10.42062086096598,0,0
Brazil,BRA,1998,.00338,,748.605,BRA,6.618211474582408,0,0
Portugal,PRT,1998,.04808,.55616,180.805,PRT,5.197419102442944,0,0
Finland,FIN,1998,.05454,.46843,160.052,FIN,5.075498762432767,0,0
Spain,ESP,1998,.04469,.6235499999999999,845.034,ESP,6.73937686323409,0,0
Switzerland,CHE,1998,.02731,.55291,486.34,CHE,6.186907967779913,0,0
Japan,JPN,1998,-.01773,1.01602,487629,JPN,13.09731014980018,0,0
Indonesia,IDN,1998,-.13127,,3835427.9,IDN,15.15979156413415,0,0
Hungary,HUN,1998,.03848,.60422,31128.837,HUN,10.34588990327744,0,0
India,IND,1998,.06184,.69284,61850.072,IND,11.03246854192667,0,1
Slovenia,SVN,1998,.03063,.22821,25.372,SVN,3.233646203771651,0,0
Malaysia,MYS,1998,-.07359,.33636,503.715,MYS,6.222010631938933,0,0
Canada,CAN,1998,.03893,.9329000000000001,1390.098,CAN,7.237129527236598,0,0
Mexico,MEX,1998,.06185,.39708,16504.244,MEX,9.711372838936517,0,0
Korea,KOR,1998,-.04939,.13817,819020.8,KOR,13.61586475933811,0,0
Slovak Republic,SVK,1998,.03826,.33852,47.012,SVK,3.850402888270608,0,0
Côte d'Ivoire,CIV,1998,.04931,.7515999999999999,17871.597,CIV,9.790967971815711,0,0
Turkey,TUR,1998,.03092,,708.404,TUR,6.563014552420123,0,0
New Zealand,NZL,1998,.004,.34476,139.58,NZL,4.938637913589005,0,0
Taiwan Province of China,TWN,1998,.04205,.23687,8885.523999999999,TWN,9.092178714651661,0,0
Iceland,ISL,1998,.0701,.43271,1740.735,ISL,7.462062716810088,0,0
United Kingdom,GBR,1998,.03246,.41789,1802.946,GBR,7.497177272671609,0,0
Vietnam,VNM,1998,.05765,,1265773.144,VNM,14.05119367447637,0,0
Austria,AUT,1998,.03493,.69197,283.442,AUT,5.647007516699412,0,0
Italy,ITA,1998,.01804,1.13887,1676.039,ITA,7.424188550461031,0,0
Kazakhstan,KAZ,1998,-.019,,4110.321,KAZ,8.321256406630244,0,0
Bangladesh,BGD,1998,.05177,,7523.334,BGD,8.925764669756671,0,0
Serbia,SRB,1998,.05343,,3608.251,SRB,8.190978446390293,0,0
Mauritius,MUS,1998,.06072,,226.565,MUS,5.423031879470873,0,0
Netherlands,NLD,1998,.04654,.6268,604.272,NLD,6.404024427692013,0,0
China,CHN,1998,.07934,.20438,15075.453,CHN,9.620823070895145,0,0
Pakistan,PAK,1998,.03494,.53816,14601.916,PAK,9.588908031962859,0,0
Kenya,KEN,1998,.02983,.38498,3753.603,KEN,8.230471457691573,0,0
Morocco,MAR,1998,.07979,.6452,520.987,MAR,6.255725089426705,0,0
Philippines,PHL,1998,-.00514,.50773,6475.405,PHL,8.775766432874226,0,0
Morocco,MAR,1999,.00529,.63363,523.745,MAR,6.2610049246514,0,0
Spain,ESP,1999,.04745,.60853,885.133,ESP,6.785737916202524,0,0
Austria,AUT,1999,.03762,.6134000000000001,294.104,AUT,5.683933446283508,0,0
Finland,FIN,1999,.04389,.44021,167.077,FIN,5.11845478399734,0,0
Netherlands,NLD,1999,.05038,.58601,634.718,NLD,6.453180805765341,0,0
Hong Kong SAR,HKG,1999,.02507,,1515.611,HKG,7.323573936969783,0,0
South Africa,ZAF,1999,.024,,2712.791,ZAF,7.905733273200499,0,0
Poland,POL,1999,.04524,.39233,1139.073,POL,7.037970052701587,0,0
Norway,NOR,1999,.02183,.25126,3394.841,NOR,8.130012205317279,0,0
Australia,AUS,1999,.0442,.22504,1375.626,AUS,7.226664179222761,0,0
Serbia,SRB,1999,-.10326,,3235.681,SRB,8.081994694827237,0,0
Namibia,NAM,1999,.03366,.21797,73.712,NAM,4.300165608193561,0,0
Czech Republic,CZE,1999,.01378,.15088,3503.405,CZE,8.161490631701549,0,0
United States,USA,1999,.04788,,13543.775,USA,9.513682311152833,0,0
Mauritius,MUS,1999,.02611,,232.48,MUS,5.448804199821973,0,0
Brazil,BRA,1999,.00468,,752.1079999999999,BRA,6.622879930659179,0,0
Switzerland,CHE,1999,.01647,.5196500000000001,494.351,CHE,6.203245791199395,0,0
Côte d'Ivoire,CIV,1999,.01618,.78018,18160.675,CIV,9.807013821068036,0,0
Japan,JPN,1999,-.00348,1.13549,485934,JPN,13.0938280911915,0,0
Belgium,BEL,1999,.03543,1.15362,349.592,BEL,5.856766760224359,0,0
United Kingdom,GBR,1999,.02944,.40275,1856.033,GBR,7.526196693360494,0,0
Bangladesh,BGD,1999,.0467,,7874.688,BGD,8.97140884386136,0,0
Mexico,MEX,1999,.02755,.41667,16958.941,MEX,9.738550466358635,0,0
Uganda,UGA,1999,.07953,.47718,36212.061,UGA,10.49714751911838,0,0
Zambia,ZMB,1999,.0465,,45.627,ZMB,3.820499646558341,0,0
India,IND,1999,.08846,.7126699999999999,67321.14999999999,IND,11.11722973074945,0,1
Nigeria,NGA,1999,.00522,.46114,63863.185,NGA,11.06449833975103,0,0
Ireland,IRL,1999,.1053,.4657,156.478,IRL,5.052915425018733,0,0
Indonesia,IDN,1999,.00791,,3865772.2,IDN,15.16767201306192,0,0
Singapore,SGP,1999,.05718,.8532,177.193,SGP,5.177239534004697,0,1
Kenya,KEN,1999,.02199,.38409,3836.155,KEN,8.25222584186062,0,0
Slovak Republic,SVK,1999,-.00473,.47126,46.79,SVK,3.845669504878125,0,0
Italy,ITA,1999,.01678,1.13059,1704.161,ITA,7.440828186494045,0,0
China,CHN,1999,.07757,.21609,16244.883,CHN,9.695533245861197,0,0
Pakistan,PAK,1999,.04182,.60737,15212.587,PAK,9.62987845626053,0,0
Chile,CHL,1999,-.00274,.13277,91085.234,CHL,11.41955098449056,0,0
Canada,CAN,1999,.05141,.8896599999999999,1461.563,CAN,7.287261690019784,0,0
Croatia,HRV,1999,-.00936,.30007,37.366,HRV,3.620761200037646,0,0
New Zealand,NZL,1999,.04493,.31996,145.852,NZL,4.982592408938259,0,0
Israel,ISR,1999,.03288,,689.174,ISR,6.53549377904374,0,0
Greece,GRC,1999,.02659,1.02843,167.289,GRC,5.11972285568171,0,0
Slovenia,SVN,1999,.05268,.23817,26.708,SVN,3.284963145995622,0,0
Kazakhstan,KAZ,1999,.027,,4221.3,KAZ,8.34789841646232,0,0
Korea,KOR,1999,.11617,.15759,914168.6,KOR,13.72577029731988,0,0
Hungary,HUN,1999,.03086,.60297,32089.491,HUN,10.37628387233897,0,0
France,FRA,1999,.03261,.6142,1866.581,FRA,7.531863694144879,0,0
Thailand,THA,1999,.04572,.56585,5030.271,THA,8.523229138382048,0,0
Russia,RUS,1999,.06347,.92379,63569.653,RUS,11.05989148136593,0,0
Colombia,COL,1999,-.04204,.33982,419800.419,COL,12.9475346844625,0,0
Malaysia,MYS,1999,.06131,.34363,534.598,MYS,6.281515062582969,0,0
Philippines,PHL,1999,.03346,.54218,6692.1,PHL,8.808683005210845,0,0
Lithuania,LTU,1999,-.01088,.28002,23.504,LTU,3.157170619431521,0,0
Denmark,DNK,1999,.02971,.56789,1809.1,DNK,7.500584763027216,0,0
Vietnam,VNM,1999,.04774,,1326195.912,VNM,14.09782518542083,0,0
Portugal,PRT,1999,.03907,.55406,187.868,PRT,5.23573958856331,0,0
Sri Lanka,LKA,1999,.02879,.7769499999999999,4764.222,LKA,8.46888952888569,0,0
Germany,DEU,1999,.02127,.60349,2747.13,DEU,7.918312009329353,0,0
Romania,ROU,1999,-.0115,,506.828,ROU,6.228171695539619,0,0
Turkey,TUR,1999,-.03053,,686.778,TUR,6.532011095895239,0,0
Iceland,ISL,1999,.03898,.7553700000000001,1808.588,ISL,7.500301709318096,0,0
Taiwan Province of China,TWN,1999,.06732,.2369,9483.696,TWN,9.157329392685895,0,0
Egypt,EGY,1999,.0611,.72398,2891.15,EGY,7.969409625831202,0,0
Sweden,SWE,1999,.04201,.6028199999999999,3923.522,SWE,8.274744998790242,0,0
Kenya,KEN,2000,.00347,.43122,3849.464,KEN,8.255689196810497,0,0
South Africa,ZAF,2000,.042,.37929,2826.728,ZAF,7.946875137995646,0,1
Norway,NOR,2000,.03443,.28809,3511.74,NOR,8.163866920123851,0,1
Morocco,MAR,2000,.01593,.6486,532.086,MAR,6.276805130412361,0,0
Indonesia,IDN,2000,.04979,.87437,4058235.6,IDN,15.21625885583932,0,0
Hungary,HUN,2000,.04409,.55638,33504.437,HUN,10.41943315680392,0,0
Slovenia,SVN,2000,.03499,.26085,27.643,SVN,3.319372531359826,0,0
Germany,DEU,2000,.02879,.59239,2826.22,DEU,7.946695408763618,0,1
Italy,ITA,2000,.03882,1.08743,1770.319,ITA,7.478915035317823,0,1
Japan,JPN,2000,.02978,1.18498,500406.6,JPN,13.12317624693635,0,0
Pakistan,PAK,2000,.03908,.61673,15807.077,PAK,9.668213030125099,0,0
United States,USA,2000,.04078,,14096.025,USA,9.55364812172717,0,0
Portugal,PRT,2000,.03816,.54193,195.038,PRT,5.273194411373577,0,1
Vietnam,VNM,2000,.06787,.24755,1416209.069,VNM,14.16349418993584,0,0
Romania,ROU,2000,.02921,.29558,521.631,ROU,6.256960441361739,0,0
Bangladesh,BGD,2000,.05293,,8291.521000000001,BGD,9.022988705365172,0,0
Lithuania,LTU,2000,.03344,.23485,24.29,LTU,3.190064743014081,0,0
China,CHN,2000,.08572,.22708,17637.471,CHN,9.777780951935764,0,0
Belgium,BEL,2000,.03717,1.09589,362.585,BEL,5.893258929566564,0,1
Canada,CAN,2000,.05139,.80437,1536.666,CAN,7.337370413483011,0,1
Colombia,COL,2000,.02925,.37988,432079,COL,12.97636372087787,0,0
Spain,ESP,2000,.05053,.57841,929.8579999999999,ESP,6.835031886317233,0,1
Israel,ISR,2000,.08591,.7720600000000001,748.384,ISR,6.617916215229659,0,0
Ireland,IRL,2000,.09405,.36412,171.194,IRL,5.142797416364519,0,1
India,IND,2000,.03841,.74941,69907.076,IND,11.1549221534275,0,1
Sri Lanka,LKA,2000,.08418,.7920199999999999,5165.256,LKA,8.549709944701071,0,0
Czech Republic,CZE,2000,.04011,.16895,3643.915,CZE,8.200813932092425,0,1
Netherlands,NLD,2000,.04228,.52155,661.552,NLD,6.494588589686934,0,1
New Zealand,NZL,2000,.04212,.30025,151.996,NZL,5.023854204710537,0,1
Uganda,UGA,2000,.03941,.48545,37639.307,UGA,10.53580418226522,0,0
Iceland,ISL,2000,.04905,.74847,1897.303,ISL,7.548188683063167,0,0
Kazakhstan,KAZ,2000,.098,,4635,KAZ,8.441391477999955,0,0
Serbia,SRB,2000,.06055,2.00635,3431.605,SRB,8.140783360744024,0,0
United Kingdom,GBR,2000,.04524,.37549,1940.007,GBR,7.570446860298286,0,1
Mexico,MEX,2000,.05029,.38455,17811.854,MEX,9.787619469686689,0,0
Egypt,EGY,2000,.05383,.71687,3046.789,EGY,8.021843528146835,0,0
Denmark,DNK,2000,.0372,.53553,1876.4,DNK,7.537110326454303,0,1
Turkey,TUR,2000,.06985,.51234,734.751,TUR,6.599531666305245,0,0
Zambia,ZMB,2000,.03897,2.60964,47.405,ZMB,3.858727708369922,0,0
Switzerland,CHE,2000,.0373,.51656,512.788,CHE,6.239862504396616,0,0
Slovak Republic,SVK,2000,.00789,.50598,47.159,SVK,3.853524871033836,0,0
Brazil,BRA,2000,.04388,.62198,785.111,BRA,6.665825109060076,0,0
Namibia,NAM,2000,.03497,.20859,76.29000000000001,NAM,4.334541868102138,0,0
Korea,KOR,2000,.09202,.16087,998289.1,KOR,13.81379819270335,0,1
Mauritius,MUS,2000,.08192,.5694400000000001,251.526,MUS,5.527546363918149,0,0
Hong Kong SAR,HKG,2000,.07663,,1631.759,HKG,7.397413853050905,0,0
Nigeria,NGA,2000,.05519,.40903,67387.47500000001,NGA,11.11821444877117,0,0
Philippines,PHL,2000,.04383,.5920300000000001,6985.384,PHL,8.851575245126309,0,1
Singapore,SGP,2000,.09038,.82256,193.209,SGP,5.263772504544355,0,1
Poland,POL,2000,.0426,.36275,1187.594,POL,7.079684690670712,0,1
Finland,FIN,2000,.05754,.42447,176.69,FIN,5.174396784628558,0,1
France,FRA,2000,.04367,.59721,1948.09,FRA,7.574604684367269,0,1
Austria,AUT,2000,.0319,.66109,303.485,AUT,5.715332185884437,0,1
Malaysia,MYS,2000,.08671,.32518,580.951,MYS,6.364666415945919,0,0
Côte d'Ivoire,CIV,2000,-.02068,.7398699999999999,17785.04,CIV,9.786112933466335,0,0
Croatia,HRV,2000,.03749,.35434,38.767,HRV,3.657569369271821,0,0
Australia,AUS,2000,.03108,.19458,1418.385,AUS,7.257274179407971,0,1
Greece,GRC,2000,.04138,1.08854,174.211,GRC,5.160267208234204,0,1
Russia,RUS,2000,.10054,.5586800000000001,69961.23,RUS,11.15569651045312,0,0
Taiwan Province of China,TWN,2000,.06314,.26227,10082.522,TWN,9.218558708743656,0,0
Sweden,SWE,2000,.04631,.50441,4105.226,SWE,8.320016075182274,0,1
Chile,CHL,2000,.04972,.13146,95613.64599999999,CHL,11.4680708294388,0,0
Thailand,THA,2000,.04455,.57826,5254.382,THA,8.566817674111821,0,0
Israel,ISR,2001,.00271,.81107,750.4109999999999,ISR,6.620621056433189,0,0
Canada,CAN,2001,.01875,.81462,1565.48,CAN,7.355947765213758,0,1
France,FRA,2001,.01842,.59324,1983.974,FRA,7.592857182920239,0,1
Sri Lanka,LKA,2001,-.01948,.8436400000000001,5064.64,LKA,8.530038338144918,0,0
Denmark,DNK,2001,.00954,.50096,1894.3,DNK,7.546604656134233,0,1
Belgium,BEL,2001,.011,1.08217,366.573,BEL,5.904197682938827,0,1
United States,USA,2001,.00956,.53485,14230.725,USA,9.563158638485987,0,1
Austria,AUT,2001,.01317,.67238,307.482,AUT,5.728416548947874,0,1
Uganda,UGA,2001,.08765,.51352,40938.569,UGA,10.61982790501377,0,0
South Africa,ZAF,2001,.027,.38045,2903.049,ZAF,7.973516842972775,0,1
Korea,KOR,2001,.04726,.16625,1045467.7,KOR,13.85997490306464,0,1
Netherlands,NLD,2001,.02328,.49414,676.953,NLD,6.517601846573223,0,1
Australia,AUS,2001,.02584,.17076,1455.029,AUS,7.282781110678445,0,1
Germany,DEU,2001,.0164,.58062,2872.56,DEU,7.962958897233225,0,1
Czech Republic,CZE,2001,.02917,.22597,3750.216,CZE,8.229568717305639,0,1
New Zealand,NZL,2001,.02525,.2816,155.834,NZL,5.048791338126347,0,1
Finland,FIN,2001,.0264,.40897,181.355,FIN,5.200456436344151,0,1
Poland,POL,2001,.01205,.37037,1201.908,POL,7.091665573064389,0,1
Philippines,PHL,2001,.03049,.59471,7198.382,PHL,8.881611557528103,0,1
Indonesia,IDN,2001,.03643,.73702,4206096.2,IDN,15.25204550707071,0,0
Morocco,MAR,2001,.07552,.6043500000000001,572.269,MAR,6.349609160553228,0,0
Portugal,PRT,2001,.01944,.5738,198.828,PRT,5.29244012937516,0,1
Spain,ESP,2001,.03919,.54052,966.301,ESP,6.873475379880025,0,1
India,IND,2001,.04824,.8011,73279.36199999999,IND,11.20203429297823,0,1
Romania,ROU,2001,.05218,.27409,548.851,ROU,6.307827002123102,0,0
Singapore,SGP,2001,-.01071,.94471,191.14,SGP,5.253006143838033,0,1
Ireland,IRL,2001,.05306,.33578,180.277,IRL,5.194494556902981,0,1
Sweden,SWE,2001,.01361,.51981,4161.091,SWE,8.333532578486652,0,1
Chile,CHL,2001,.03154,.14348,98629.33500000001,CHL,11.49912401155483,0,0
Côte d'Ivoire,CIV,2001,.00121,.71172,17806.626,CIV,9.787325914204391,0,0
Iceland,ISL,2001,.03841,.8249599999999999,1970.177,ISL,7.585878665411706,0,0
Norway,NOR,2001,.02163,.27335,3587.713,NOR,8.18527023112768,0,1
Taiwan Province of China,TWN,2001,-.01402,.30126,9941.179,TWN,9.204440904286832,0,0
Bangladesh,BGD,2001,.05077,,8712.498,BGD,9.072513825513516,0,0
Greece,GRC,2001,.0465,1.10535,182.313,GRC,5.205724990167889,0,1
Russia,RUS,2001,.05082,.44438,73516.427,RUS,11.20526415682792,0,0
Nigeria,NGA,2001,.06667,.37705,71880.095,NGA,11.18275466254381,0,0
Colombia,COL,2001,.01678,.41095,439329,COL,12.9930038418984,0,0
Lithuania,LTU,2001,.06642,.22882,25.903,LTU,3.254358792113532,0,0
Malaysia,MYS,2001,.00518,.38065,583.958,MYS,6.369829062433798,0,1
Thailand,THA,2001,.03444,.5753199999999999,5435.356,THA,8.600680298790133,0,1
Turkey,TUR,2001,-.05459,.75571,694.638,TUR,6.543390846559024,0,0
Mauritius,MUS,2001,.03214,.58184,259.61,MUS,5.559180504889261,0,0
Serbia,SRB,2001,.06779,.95891,3664.217,SRB,8.206369948931126,0,0
Zambia,ZMB,2001,.05317,2.10243,49.925,ZMB,3.910521879301879,0,0
Hungary,HUN,2001,.04062,.52205,34865.397,HUN,10.45925012636785,0,0
Hong Kong SAR,HKG,2001,.00561,,1640.911,HKG,7.403006854396883,0,0
Slovenia,SVN,2001,.02828,.26324,28.425,SVN,3.3472690396366,0,0
Croatia,HRV,2001,.03113,.36588,39.974,HRV,3.68822924277235,0,0
Egypt,EGY,2001,.03524,.7914600000000001,3154.161,EGY,8.056477812510591,0,0
Mexico,MEX,2001,-.00451,.37315,17731.551,MEX,9.783100874091611,0,0
Vietnam,VNM,2001,.06895,.2542,1513855.283,VNM,14.23017012254565,0,0
Kenya,KEN,2001,.03979,.41276,4002.63,KEN,8.294706924043604,0,0
Namibia,NAM,2001,.02393,.24393,78.11499999999999,NAM,4.358182099863867,0,0
Kazakhstan,KAZ,2001,.13499,,5260.7,KAZ,8.568019376725326,0,0
Italy,ITA,2001,.02006,1.08513,1805.838,ITA,7.498780028956878,0,1
Japan,JPN,2001,.00285,1.26843,501830.7,JPN,13.12601809079594,0,0
Pakistan,PAK,2001,.03638,.6514799999999999,16382.114,PAK,9.703945408908616,0,0
United Kingdom,GBR,2001,.02391,.34824,1986.393,GBR,7.5940757102248,0,1
Brazil,BRA,2001,.0139,.6733100000000001,796.023,BRA,6.679628079899308,0,0
China,CHN,2001,.08319,.24252,19104.81,CHN,9.857695414790983,0,0
Slovak Republic,SVK,2001,.02925,.51351,48.538,SVK,3.882346996318145,0,0
Switzerland,CHE,2001,.01631,.50453,521.151,CHE,6.256039827016839,0,0
Poland,POL,2002,.01443,.41426,1219.257,POL,7.105996935808046,0,1
Colombia,COL,2002,.02504,.47545,450330,COL,13.01773592632233,0,1
Bangladesh,BGD,2002,.03833,,9046.464,BGD,9.110129242111672,0,0
Australia,AUS,2002,.04147,.14985,1515.375,AUS,7.323418212066747,0,1
China,CHN,2002,.09214,.25553,20865.193,CHN,9.945837642922964,0,1
Belgium,BEL,2002,.01707,1.05437,372.829,BEL,5.921119869485545,0,1
Croatia,HRV,2002,.05799,.36453,42.292,HRV,3.74459794287028,0,0
Korea,KOR,2002,.07744,.16444,1126428.7,KOR,13.93456274346473,0,1
France,FRA,2002,.01123,.61255,2006.261,FRA,7.604028069729338,0,1
Sri Lanka,LKA,2002,.03727,.96301,5253.379,LKA,8.566626767599379,0,0
United Kingdom,GBR,2002,.01709,.35339,2020.341,GBR,7.611021588029316,0,1
Canada,CAN,2002,.02999,.79604,1612.433,CAN,7.385499497419089,0,1
Greece,GRC,2002,.04683,1.07871,190.851,GRC,5.251493018894567,0,1
South Africa,ZAF,2002,.037,.31801,3010.473,ZAF,8.009852488254419,0,1
Mauritius,MUS,2002,.01627,.6295499999999999,263.834,MUS,5.575320117497522,0,0
Côte d'Ivoire,CIV,2002,-.01668,.62982,17509.675,CIV,9.770508864285256,0,0
Nigeria,NGA,2002,.14604,.30724,82377.739,NGA,11.31907052163139,0,0
United States,USA,2002,.017,.55859,14472.7,USA,9.580019395170163,0,1
Hungary,HUN,2002,.0473,.55557,36514.551,HUN,10.50546611766203,0,0
Ireland,IRL,2002,.059,.3089,190.913,IRL,5.251817826893986,0,1
New Zealand,NZL,2002,.04706,.26396,163.168,NZL,5.094780344872746,0,1
Thailand,THA,2002,.06149,.54901,5769.577,THA,8.660354046589516,0,1
Pakistan,PAK,2002,.02623,.60531,16811.857,PAK,9.729839690259663,0,0
Zambia,ZMB,2002,.04506,1.80244,52.175,ZMB,3.954603452963264,0,0
Namibia,NAM,2002,.0668,.22187,83.333,NAM,4.422844629186137,0,0
Taiwan Province of China,TWN,2002,.05484,.29779,10486.321,TWN,9.25782692490883,0,0
Egypt,EGY,2002,.03186,.85776,3254.637,EGY,8.087836027686443,0,0
Slovak Republic,SVK,2002,.04417,.4564800000000001,50.682,SVK,3.925570817973415,0,0
Japan,JPN,2002,.00085,1.34627,502257.3,JPN,13.12686781716588,0,0
Morocco,MAR,2002,.03316,.59372,591.246,MAR,6.382232174455562,0,0
Uganda,UGA,2002,.07057,.54711,43827.579,UGA,10.68801855574765,0,0
Israel,ISR,2002,-.00153,.87213,749.264,ISR,6.619091391374222,0,1
Brazil,BRA,2002,.03053,.76095,820.328,BRA,6.709704260279626,0,0
Netherlands,NLD,2002,.00246,.48693,678.62,NLD,6.520061324359092,0,1
Chile,CHL,2002,.03203,.15045,101788.234,CHL,11.53064979685095,0,0
Switzerland,CHE,2002,.00381,.56867,523.134,CHE,6.259837645396823,0,0
Hong Kong SAR,HKG,2002,.01657,,1668.096,HKG,7.419438135219361,0,0
Lithuania,LTU,2002,.06544,.22127,27.598,LTU,3.317743306329362,0,0
Sweden,SWE,2002,.02278,.49857,4255.869,SWE,8.356054250472576,0,1
Italy,ITA,2002,.0027,1.05948,1810.714,ITA,7.501476521613131,0,1
Philippines,PHL,2002,.03716,.65184,7465.894,PHL,8.918100461677518,0,1
Vietnam,VNM,2002,.0708,.27711,1621040.943,VNM,14.29857905826435,0,0
India,IND,2002,.03804,.84304,76066.765,IND,11.23936672046685,0,1
Iceland,ISL,2002,.00542,.8130700000000001,1980.861,ISL,7.591286877654227,0,0
Spain,ESP,2002,.02756,.51237,992.927,ESP,6.900657146740627,0,1
Romania,ROU,2002,.05703,.27383,580.152,ROU,6.36329013817191,0,0
Finland,FIN,2002,.01687,.40129,184.415,FIN,5.217188652716563,0,1
Singapore,SGP,2002,.03923,.9631000000000001,198.639,SGP,5.291489106954456,0,1
Turkey,TUR,2002,.06436,.7118899999999999,739.342,TUR,6.605760601445815,0,0
Czech Republic,CZE,2002,.01513,.25703,3806.974,CZE,8.244589926834616,0,1
Portugal,PRT,2002,.00771,.60044,200.361,PRT,5.300120739493132,0,1
Kazakhstan,KAZ,2002,.09799,.17592,5776.2,KAZ,8.661501306011976,0,0
Serbia,SRB,2002,.06541,.6842,3903.895,SRB,8.26973005167949,0,0
Indonesia,IDN,2002,.04499,.62339,4395348.4,IDN,15.29605735785945,0,0
Russia,RUS,2002,.04746,.37577,77005.63800000001,RUS,11.25163391893453,0,0
Germany,DEU,2002,-.00234,.59823,2865.83,DEU,7.960613290508818,0,1
Norway,NOR,2002,.01457,.34041,3640.003,NOR,8.199739784806271,0,1
Kenya,KEN,2002,.00481,.4201,4021.9,KEN,8.299509706771389,0,0
Slovenia,SVN,2002,.03283,.27682,29.358,SVN,3.379565081535041,0,0
Austria,AUT,2002,.01484,.6744,312.046,AUT,5.743150612839314,0,1
Mexico,MEX,2002,-.00237,.39866,17689.6,MEX,9.780732175253187,0,0
Malaysia,MYS,2002,.05391,.3953199999999999,615.4400000000001,MYS,6.422337459150679,0,1
Denmark,DNK,2002,.00454,.5032,1902.9,DNK,7.551134317307961,0,1
Australia,AUS,2003,.03018,.13165,1561.108,AUS,7.353151104541125,0,1
Egypt,EGY,2003,.03193,.97095,3358.572,EGY,8.119271162619153,0,0
Namibia,NAM,2003,.03477,.27146,86.23099999999999,NAM,4.457029741789023,0,0
Japan,JPN,2003,.0138,1.40242,509189,JPN,13.1405745429183,0,0
Romania,ROU,2003,.02341,.2488,593.734,ROU,6.386431407617343,0,0
Austria,AUT,2003,.01142,.66412,315.608,AUT,5.754500937192909,0,1
Iceland,ISL,2003,.02281,.84072,2026.053,ISL,7.613844844387491,0,0
Korea,KOR,2003,.03075,.19102,1161063.3,KOR,13.96484678115758,0,1
Mauritius,MUS,2003,.05984,.66947,279.622,MUS,5.633438691098293,0,0
Belgium,BEL,2003,.01038,1.01659,376.699,BEL,5.931446460062139,0,1
Netherlands,NLD,2003,.00098,.49804,679.285,NLD,6.521040774398914,0,1
Finland,FIN,2003,.02012,.42697,188.125,FIN,5.237106635503141,0,1
Indonesia,IDN,2003,.0478,.55643,4605462.3,IDN,15.3427536135122,0,1
Greece,GRC,2003,.05797,1.04259,201.914,GRC,5.307841864172846,0,1
Switzerland,CHE,2003,-.00338,.5618500000000001,521.366,CHE,6.256452290320648,0,0
Nigeria,NGA,2003,.09503,.29886,90205.77099999999,NGA,11.40984868404843,0,0
Portugal,PRT,2003,-.00931,.63897,198.497,PRT,5.290773986662911,0,1
Hong Kong SAR,HKG,2003,.03056,,1719.079,HKG,7.449543961278577,0,0
Germany,DEU,2003,-.0053,.63344,2850.64,DEU,7.955298809456067,0,1
Sweden,SWE,2003,.01881,.4945600000000001,4335.923,SWE,8.374689784659218,0,1
Ireland,IRL,2003,.03013,.29832,196.666,IRL,5.281506858395401,0,1
Denmark,DNK,2003,.00441,.48162,1911.3,DNK,7.555538917790552,0,1
Taiwan Province of China,TWN,2003,.04225,.3215,10929.32,TWN,9.299204365145545,0,0
Norway,NOR,2003,.01096,.43114,3679.911,NOR,8.210643846087912,0,1
Kazakhstan,KAZ,2003,.093,.14962,6313.4,KAZ,8.750429637678298,0,0
Spain,ESP,2003,.02939,.47687,1022.112,ESP,6.929626353800305,0,1
Bangladesh,BGD,2003,.0474,.37044,9475.227000000001,BGD,9.156435987447285,0,0
Malaysia,MYS,2003,.05789,.41393,651.066,MYS,6.478611019558191,0,1
Philippines,PHL,2003,.05087,.71393,7845.677,PHL,8.967717958448223,0,1
Croatia,HRV,2003,.05571,.37844,44.648,HRV,3.798809513486133,0,0
Uganda,UGA,2003,.06159,.55139,46526.86,UGA,10.74778505921751,0,0
Vietnam,VNM,2003,.07341,.29835,1740044.417,VNM,14.3694211978764,0,0
Mexico,MEX,2003,.01186,.42133,17899.318,MEX,9.792517890544342,0,0
Slovak Republic,SVK,2003,.04857,.4363900000000001,53.144,SVK,3.97300521036294,0,0
China,CHN,2003,.10121,.26418,22977.025,CHN,10.04225008262168,0,1
United States,USA,2003,.02796,.5895600000000001,14877.325,USA,9.607593520720872,0,1
Côte d'Ivoire,CIV,2003,-.0136,.56381,17271.625,CIV,9.756820260518465,0,0
Serbia,SRB,2003,.0456,.64446,4081.9,SRB,8.314317845274516,0,0
Russia,RUS,2003,.07356,.28334,82669.961,RUS,11.32261158649144,0,1
Italy,ITA,2003,.00067,1.05114,1811.92,ITA,7.502142335517904,0,1
South Africa,ZAF,2003,.02949,.31514,3099.254,ZAF,8.038916716352254,0,1
United Kingdom,GBR,2003,.03219,.36642,2085.366,GBR,7.64269965839598,0,1
Colombia,COL,2003,.03918,.4504,467975,COL,13.05617015466953,0,1
Morocco,MAR,2003,.06317,.5692900000000001,628.5940000000001,MAR,6.443485579297232,0,0
Czech Republic,CZE,2003,.03301,.28062,3932.636,CZE,8.277065217932654,0,1
Chile,CHL,2003,.04723,.12573,106595.943,CHL,11.5768007318283,0,0
Kenya,KEN,2003,.02949,.43792,4140.504,KEN,8.328572798540188,0,0
Zambia,ZMB,2003,.06945,1.59458,55.798,ZMB,4.021738026451009,0,0
France,FRA,2003,.0099,.65363,2026.126,FRA,7.613880874385182,0,1
Singapore,SGP,2003,.04548,.99131,207.673,SGP,5.335964727246597,0,1
Sri Lanka,LKA,2003,.0594,.8645,5565.447,LKA,8.624332583934024,0,0
Slovenia,SVN,2003,.03195,.27028,30.296,SVN,3.411015690599493,0,0
Canada,CAN,2003,.01806,.75912,1641.56,CAN,7.403402288207849,0,1
Israel,ISR,2003,.01435,.89724,760.013,ISR,6.633335538397241,0,1
Lithuania,LTU,2003,.10532,.20368,30.505,LTU,3.417890604603816,0,1
Pakistan,PAK,2003,.05167,.56326,17680.556,PAK,9.780220783660958,0,0
Turkey,TUR,2003,.05799,.63612,782.217,TUR,6.66213219565722,0,0
Hungary,HUN,2003,.03939,.58174,37952.78,HUN,10.54409803442276,0,1
Poland,POL,2003,.03523,.46237,1262.217,POL,7.140624977606421,0,1
New Zealand,NZL,2003,.04425,.24718,170.388,NZL,5.138078189380221,0,1
Brazil,BRA,2003,.01141,.71514,829.688,BRA,6.721049726506712,0,0
India,IND,2003,.0786,.85883,82045.98,IND,11.31503510080243,0,1
Thailand,THA,2003,.07189,.475,6184.367,THA,8.729779935207477,0,1
Uganda,UGA,2004,.05803,.48966,49226.973,UGA,10.80419698396362,0,0
Spain,ESP,2004,.03115,.45333,1053.946,ESP,6.960296494392248,0,1
Israel,ISR,2004,.0465,.8833199999999999,795.356,ISR,6.678789813164535,0,1
Colombia,COL,2004,.05333,.41482,492932,COL,13.10812651247698,0,1
Greece,GRC,2004,.05378,1.05493,212.773,GRC,5.360225869718331,0,1
Bangladesh,BGD,2004,.0524,.36585,9971.683000000001,BGD,9.207504655128941,0,0
Philippines,PHL,2004,.06569,.7108199999999999,8361.078,PHL,9.031342645134171,0,1
Ireland,IRL,2004,.06788,.28103,210.015,IRL,5.347178956737999,0,1
Chile,CHL,2004,.06674,.10314,113710.428,CHL,11.64141039057264,0,0
Vietnam,VNM,2004,.07789,.29363,1875584.211,VNM,14.44443074805593,0,0
Nigeria,NGA,2004,.10442,.25201,99625.061,NGA,11.50916902838844,0,0
Korea,KOR,2004,.05184,.21603,1221248.6,KOR,14.01538433597204,0,1
Denmark,DNK,2004,.02778,.4621500000000001,1964.4,DNK,7.58294213416509,0,1
Belgium,BEL,2004,.03571,.9717,390.152,BEL,5.966536406783131,0,1
Taiwan Province of China,TWN,2004,.06952,.33446,11689.118,TWN,9.366413602517891,0,0
Czech Republic,CZE,2004,.04736,.28289,4118.899,CZE,8.32334117362076,0,1
Finland,FIN,2004,.04005,.42577,195.66,FIN,5.276378459029282,0,1
Egypt,EGY,2004,.04092,.96512,3496.008,EGY,8.159377025102327,0,0
Mauritius,MUS,2004,.04299,.59421,291.644,MUS,5.675533880383879,0,0
United States,USA,2004,.03848,.66438,15449.775,USA,9.645349719113053,0,1
Hungary,HUN,2004,.04963,.58907,39836.422,HUN,10.5925368984285,0,1
Indonesia,IDN,2004,.05031,.5132800000000001,4837157.2,IDN,15.39183775076017,0,1
Croatia,HRV,2004,.0417,.3995900000000001,46.51,HRV,3.839667343236006,0,0
Thailand,THA,2004,.06289,.46267,6573.323,THA,8.790774767479167,0,1
Hong Kong SAR,HKG,2004,.087,.01925,1868.64,HKG,7.532966172530255,0,0
Côte d'Ivoire,CIV,2004,.01232,.56718,17484.372,CIV,9.769062732352607,0,0
France,FRA,2004,.02525,.66877,2077.276,FRA,7.63881269901508,0,1
China,CHN,2004,.10115,.26,25301.188,CHN,10.13860663013493,0,1
Germany,DEU,2004,.01165,.6496500000000001,2883.86,DEU,7.966884953537236,0,1
Romania,ROU,2004,.10428,.21329,655.649,ROU,6.485625584772274,0,0
Morocco,MAR,2004,.04802,.54431,658.779,MAR,6.490388121656997,0,0
Kenya,KEN,2004,.04635,.40755,4332.418,KEN,8.373881094693973,0,1
Turkey,TUR,2004,.09925,.57045,859.855,TUR,6.756763770381029,0,0
Namibia,NAM,2004,.06632,.29179,91.95,NAM,4.52124495105033,0,0
Netherlands,NLD,2004,.02013,.50095,692.962,NLD,6.540975163631628,0,1
Canada,CAN,2004,.03092,.7188899999999999,1692.323,CAN,7.433857420292552,0,1
Portugal,PRT,2004,.01789,.6709900000000001,202.047,PRT,5.308500343604305,0,1
Lithuania,LTU,2004,.06309,.18615,32.429,LTU,3.479053084197791,0,1
Sweden,SWE,2004,.0418,.48656,4517.147,SWE,8.415635878848779,0,1
United Kingdom,GBR,2004,.02326,.39666,2133.872,GBR,7.665693448806894,0,1
Sri Lanka,LKA,2004,.05445,.8649899999999999,5868.489,LKA,8.677352469124177,0,0
Switzerland,CHE,2004,.02508,.5706,534.4400000000001,CHE,6.281219469720694,0,0
Japan,JPN,2004,.02113,1.48839,519947.9,JPN,13.16148389323033,0,0
Brazil,BRA,2004,.0576,.68025,877.477,BRA,6.777050744170301,0,0
Italy,ITA,2004,.01474,1.04742,1838.627,ITA,7.516774376408308,0,1
South Africa,ZAF,2004,.04555,.30733,3240.412,ZAF,8.083455761195992,0,1
Mexico,MEX,2004,.03565,.38906,18537.508,MEX,9.827551418003749,0,0
Serbia,SRB,2004,.06687,.57583,4354.852,SRB,8.379045904782615,0,0
Slovak Republic,SVK,2004,.0539,.41997,56.008,SVK,4.025494537674897,0,0
Australia,AUS,2004,.04103,.11888,1625.159,AUS,7.393360936131061,0,1
Austria,AUT,2004,.02565,.65912,323.704,AUT,5.779829517976641,0,1
Poland,POL,2004,.05091,.45012,1326.474,POL,7.190279572933385,0,1
New Zealand,NZL,2004,.04844,.22505,178.642,NZL,5.185383803170082,0,1
Zambia,ZMB,2004,.07032,1.29914,59.722,ZMB,4.089700461728444,0,0
Malaysia,MYS,2004,.06783,.4196,695.226,MYS,6.544236972561396,0,1
Slovenia,SVN,2004,.04546,.271,31.673,SVN,3.455464582935097,0,0
Russia,RUS,2004,.07145,.20828,88577.098,RUS,11.39162861559485,0,1
Singapore,SGP,2004,.0994,.95691,228.316,SGP,5.430730634303864,0,1
Kazakhstan,KAZ,2004,.09599,.11392,6919.4,KAZ,8.84208433965029,0,0
Norway,NOR,2004,.0433,.43764,3839.258,NOR,8.253034397743946,0,1
India,IND,2004,.07923,.8489,88546.42,IND,11.39128221325762,0,1
Iceland,ISL,2004,.07623,.80059,2180.49,ISL,7.687304901168201,0,0
Pakistan,PAK,2004,.07691,.50609,19040.336,PAK,9.854314955248473,0,0
Czech Republic,CZE,2005,.06375,.27678,4381.48,CZE,8.385141845838676,0,1
Canada,CAN,2005,.0321,.7064,1746.654,CAN,7.465457236712286,0,1
Vietnam,VNM,2005,.07547,.28669,2017139.348,VNM,14.51719090131249,0,0
Italy,ITA,2005,.00762,1.06177,1852.646,ITA,7.524370166480361,0,1
Chile,CHL,2005,.05837,.0704,120347.757,CHL,11.69814080572969,0,0
Switzerland,CHE,2005,.03003,.54088,550.491,CHE,6.31081060725525,0,1
Slovak Republic,SVK,2005,.06485,.34985,59.64,SVK,4.088326489896538,0,0
Mexico,MEX,2005,.02113,.36841,18929.251,MEX,9.848463676595436,0,0
Indonesia,IDN,2005,.05693,.42612,5112516,IDN,15.44720220891265,0,1
United Kingdom,GBR,2005,.02791,.40869,2193.421,GBR,7.693217704457353,0,1
Austria,AUT,2005,.0232,.69428,331.215,AUT,5.802767711340622,0,1
Malaysia,MYS,2005,.04976,.40778,729.8200000000001,MYS,6.592797928395274,0,1
China,CHN,2005,.11437,.2591,28194.844,CHN,10.24689440333007,0,1
Kazakhstan,KAZ,2005,.097,.08104,7590.594,KAZ,8.934665128197018,0,0
Hong Kong SAR,HKG,2005,.07388,.01709,2006.698,HKG,7.604245864130791,0,0
Ireland,IRL,2005,.0574,.2606,222.07,IRL,5.402992647486168,0,1
Portugal,PRT,2005,.00782,.72249,203.627,PRT,5.316289888850647,0,1
Romania,ROU,2005,.04668,.17767,686.256,ROU,6.531250735954918,0,0
Bangladesh,BGD,2005,.06536,.35558,10623.427,BGD,9.270816935773746,0,0
Lithuania,LTU,2005,.08179,.17643,35.081,LTU,3.557659673369066,0,1
Poland,POL,2005,.03261,.46474,1369.727,POL,7.222366728892259,0,1
Zambia,ZMB,2005,.07236,.75748,64.044,ZMB,4.159570347139808,0,0
Belgium,BEL,2005,.02322,.9514199999999999,399.21,BEL,5.98948759422376,0,1
Serbia,SRB,2005,.05903,.5013300000000001,4611.94,SRB,8.436403871763995,0,0
Kenya,KEN,2005,.05665,.37412,4577.836,KEN,8.428981676367121,0,0
Slovenia,SVN,2005,.03854,.26588,32.894,SVN,3.493290270319077,0,0
Morocco,MAR,2005,.02978,.54767,678.4,MAR,6.519737084477693,0,0
New Zealand,NZL,2005,.03215,.20781,184.385,NZL,5.217025962911431,0,1
Netherlands,NLD,2005,.02029,.4958,707.023,NLD,6.561063197192036,0,1
Brazil,BRA,2005,.03202,.6696899999999999,905.575,BRA,6.808570101060798,0,0
Germany,DEU,2005,.00889,.6712,2909.49,DEU,7.975733087074149,0,1
Norway,NOR,2005,.0297,.42131,3953.273,NOR,8.282299122384352,0,1
France,FRA,2005,.01984,.68188,2118.495,FRA,7.658461209903337,0,1
Denmark,DNK,2005,.02357,.3936,2010.7,DNK,7.606238199131601,0,1
Croatia,HRV,2005,.04326,.40901,48.522,HRV,3.88201730334174,0,0
Nigeria,NGA,2005,.07008,.1345,106607.24,NGA,11.576906705856,0,0
Singapore,SGP,2005,.07366,.92663,245.135,SGP,5.50180907919689,0,1
Sweden,SWE,2005,.02793,.48888,4643.318,SWE,8.443184475874876,0,1
Korea,KOR,2005,.04358,.24917,1274473.4,KOR,14.05804363165073,0,1
United States,USA,2005,.03483,.65777,15987.95,USA,9.679590592480816,0,1
South Africa,ZAF,2005,.05277,.29637,3411.41,ZAF,8.13488097455031,0,1
Finland,FIN,2005,.02778,.3987,201.095,FIN,5.303777433217397,0,1
Namibia,NAM,2005,.0467,.26897,96.245,NAM,4.566897023766598,0,0
Colombia,COL,2005,.04447,.3853199999999999,514852,COL,13.15163475970394,0,1
Greece,GRC,2005,.01183,1.09859,215.291,GRC,5.37199060136003,0,1
Turkey,TUR,2005,.09112,.50154,938.202,TUR,6.843965277633719,0,0
Hungary,HUN,2005,.043,.6057900000000001,41549.502,HUN,10.6346408146522,0,1
Côte d'Ivoire,CIV,2005,.01721,.58164,17785.321,CIV,9.786128733137303,0,0
Pakistan,PAK,2005,.07997,.47878,20563.084,PAK,9.931252708320226,0,0
Russia,RUS,2005,.06397,.14851,94243.00900000001,RUS,11.45363192749284,0,1
Taiwan Province of China,TWN,2005,.05383,.34068,12318.369,TWN,9.418846841960026,0,0
Spain,ESP,2005,.03551,.42395,1091.374,ESP,6.995192731855211,0,1
India,IND,2005,.07923,.82378,95562.268,IND,11.46753333493793,0,1
Egypt,EGY,2005,.04472,.98263,3652.34,EGY,8.203123337052766,0,0
Thailand,THA,2005,.04188,.45462,6848.59,THA,8.831798070652372,0,1
Sri Lanka,LKA,2005,.06242,.76589,6234.789,LKA,8.737900016322584,0,0
Mauritius,MUS,2005,.01453,.58292,295.88,MUS,5.689953966719667,0,0
Philippines,PHL,2005,.04942,.6467400000000001,8774.324000000001,PHL,9.079585008329525,0,1
Israel,ISR,2005,.04353,.8523000000000001,829.975,ISR,6.721395579855085,0,1
Iceland,ISL,2005,.07029,.6775100000000001,2333.763,ISL,7.755237265274268,0,0
Uganda,UGA,2005,.10007,.42563,54153.319,UGA,10.89957454325626,0,0
Japan,JPN,2005,.01848,1.53435,529558.1,JPN,13.17979816416088,0,0
Australia,AUS,2005,.0304,.1084,1674.57,AUS,7.423311694883956,0,1
Finland,FIN,2006,.04019,.38005,209.178,FIN,5.343185564136902,0,1
Egypt,EGY,2006,.06844,.8592400000000001,3902.3,EGY,8.26932140187707,0,0
Romania,ROU,2006,.08029,.12691,741.354,ROU,6.608478244011629,0,0
Greece,GRC,2006,.06443,1.05334,229.163,GRC,5.434433540744616,0,1
Zambia,ZMB,2006,.07904,.25006,69.10599999999999,ZMB,4.235641557684232,0,0
United States,USA,2006,.02785,.6453100000000001,16433.15,USA,9.707055915113829,0,1
New Zealand,NZL,2006,.02815,.184,189.576,NZL,5.244789999530227,0,1
Belgium,BEL,2006,.02553,.91494,409.4,BEL,6.014692673227189,0,1
Thailand,THA,2006,.04968,.39177,7188.815,THA,8.880281624892842,0,1
Pakistan,PAK,2006,.05664,.46189,21727.753,PAK,9.986345662473484,0,0
Hungary,HUN,2006,.03934,.6448900000000001,43184.031,HUN,10.67322605311599,0,1
Sri Lanka,LKA,2006,.07668,.7429000000000001,6712.89,LKA,8.811784837688007,0,0
Japan,JPN,2006,.01546,1.52102,537746.7,JPN,13.19514291043053,0,1
Spain,ESP,2006,.04043,.39019,1135.503,ESP,7.034831003550049,0,1
Vietnam,VNM,2006,.06978,.30248,2157894.825,VNM,14.5846436863558,0,0
Kenya,KEN,2006,.05854,.37066,4845.836,KEN,8.485875058459605,0,1
Slovenia,SVN,2006,.05909,.26207,34.837,SVN,3.550680040354874,0,0
Serbia,SRB,2006,.03901,.37041,4791.837,SRB,8.474669124191719,0,0
Russia,RUS,2006,.08165,.09804,101938.165,RUS,11.53212168294724,0,1
Iceland,ISL,2006,.05672,.6982599999999999,2466.126,ISL,7.810403777309501,0,1
Poland,POL,2006,.06202,.47098,1454.68,POL,7.282541224145686,0,1
Croatia,HRV,2006,.05068,.38382,50.981,HRV,3.931453014291091,0,0
Taiwan Province of China,TWN,2006,.0577,.33297,13029.192,TWN,9.474947657451709,0,0
Austria,AUT,2006,.03269,.68176,342.044,AUT,5.834939383758025,0,1
Colombia,COL,2006,.06717,.35969,549435,COL,13.21664575647512,0,1
Kazakhstan,KAZ,2006,.10702,.06677,8402.905000000001,KAZ,9.036332758378174,0,0
Denmark,DNK,2006,.0382,.33191,2087.5,DNK,7.64372245672501,0,1
Norway,NOR,2006,.02847,.52157,4065.833,NOR,8.310373921037867,0,1
Portugal,PRT,2006,.01625,.7367900000000001,206.936,PRT,5.332409566715806,0,1
South Africa,ZAF,2006,.05604,.2803,3602.579,ZAF,8.189405256849058,0,1
Germany,DEU,2006,.03857,.6639700000000001,3021.7,DEU,8.013574865899599,0,1
Brazil,BRA,2006,.03962,.6459900000000001,941.453,BRA,6.847424426511262,0,0
Ireland,IRL,2006,.04988,.23653,233.146,IRL,5.451664866770036,0,1
United Kingdom,GBR,2006,.0219,.41886,2241.453,GBR,7.714879595273943,0,1
Italy,ITA,2006,.01799,1.06257,1885.983,ITA,7.542204449366988,0,1
Indonesia,IDN,2006,.05501,.35848,5393753,IDN,15.50075199001303,0,1
Mauritius,MUS,2006,.04514,.5530700000000001,309.235,MUS,5.734101505649978,0,0
Singapore,SGP,2006,.09007,.86524,267.213,SGP,5.588046093173597,0,1
Philippines,PHL,2006,.05316,.57189,9240.804,PHL,9.131384173837333,0,1
India,IND,2006,.08061,.77893,103265.434,IND,11.54505798149218,0,1
Morocco,MAR,2006,.0776,.50642,731.044,MAR,6.59447364945681,0,0
Israel,ISR,2006,.05591,.77654,876.38,ISR,6.775799786831067,0,1
Netherlands,NLD,2006,.03539,.4496,732.044,NLD,6.595840621444438,0,1
Uganda,UGA,2006,.07049,.27758,57970.782,UGA,10.96769440397886,0,0
China,CHN,2006,.12665,.25174,31765.583,CHN,10.36613868706597,0,1
Slovak Republic,SVK,2006,.08926,.31532,64.964,SVK,4.173833270312357,0,0
Turkey,TUR,2006,.07068,.44202,1004.51,TUR,6.912255139407029,0,0
Lithuania,LTU,2006,.07308,.17298,37.645,LTU,3.628200143302086,0,1
Australia,AUS,2006,.02636,.0992,1718.715,AUS,7.449332197571176,0,1
Hong Kong SAR,HKG,2006,.07033,.01417,2147.822,HKG,7.672209584411045,0,0
Côte d'Ivoire,CIV,2006,.01516,.5747099999999999,18054.919,CIV,9.801173447409608,0,0
Nigeria,NGA,2006,.06726,.06678,113777.615,NGA,11.64200107658029,0,0
Korea,KOR,2006,.05245,.27043,1341319.6,KOR,14.1091644634726,0,1
Bangladesh,BGD,2006,.06672,.35332,11332.215,BGD,9.335404833590758,0,0
France,FRA,2006,.02931,.654,2180.582,FRA,7.687347092629389,0,1
Czech Republic,CZE,2006,.06623,.27565,4671.673,CZE,8.449272530620192,0,1
Switzerland,CHE,2006,.04193,.4775,573.573,CHE,6.351885217047823,0,1
Sweden,SWE,2006,.04676,.43849,4860.444,SWE,8.48888507074634,0,1
Mexico,MEX,2006,.04805,.35777,19838.804,MEX,9.895395096763751,0,1
Namibia,NAM,2006,.03948,.26136,100.044,NAM,4.605610089216476,0,0
Chile,CHL,2006,.0605,.05022,127628.786,CHL,11.75688122006125,0,0
Canada,CAN,2006,.02638,.6992,1792.73,CAN,7.491494876655273,0,1
Malaysia,MYS,2006,.05584,.39662,770.576,MYS,6.647138287144377,0,1
Czech Republic,CZE,2007,.05489,.27346,4928.093,CZE,8.502707376788534,0,1
Croatia,HRV,2007,.05051,.37085,53.556,HRV,3.980727835435133,0,0
Finland,FIN,2007,.05313,.33906,220.292,FIN,5.394953939031811,0,1
Italy,ITA,2007,.01462,1.03464,1913.564,ITA,7.556722750870321,0,1
Brazil,BRA,2007,.0607,.63025,998.598,BRA,6.906352295260578,0,1
Romania,ROU,2007,.07234,.12431,794.982,ROU,6.678319472888575,0,1
Iceland,ISL,2007,.08741,.6744599999999999,2681.699,ISL,7.894205827864059,0,1
United Kingdom,GBR,2007,.02931,.42977,2307.148,GBR,7.743767408695172,0,1
Hong Kong SAR,HKG,2007,.06465,.0119,2286.675,HKG,7.734854076360049,0,0
Taiwan Province of China,TWN,2007,.0685,.32157,13921.703,TWN,9.541204268359268,0,0
Pakistan,PAK,2007,.05111,.44209,22838.183,PAK,10.03618910719034,0,0
South Africa,ZAF,2007,.0536,.24326,3795.694,ZAF,8.241622545310911,0,1
Ireland,IRL,2007,.0531,.23948,245.527,IRL,5.50340692082066,0,1
Turkey,TUR,2007,.05108,.37131,1055.822,TUR,6.962074889452211,0,0
Austria,AUT,2007,.03775,.65813,354.957,AUT,5.871996655378414,0,1
Canada,CAN,2007,.0205,.67181,1829.479,CAN,7.511786505847332,0,1
Denmark,DNK,2007,.00987,.29483,2108.1,DNK,7.653542346866262,0,1
France,FRA,2007,.02484,.65479,2234.746,FRA,7.711882854056975,0,1
Lithuania,LTU,2007,.11096,.15889,41.822,LTU,3.733422516864608,0,1
Colombia,COL,2007,.06738,.32663,586457,COL,13.28185462810486,0,0
Mexico,MEX,2007,.02078,.3552900000000001,20251.027,MEX,9.915960787298053,0,1
Korea,KOR,2007,.05842,.26346,1419679,KOR,14.16594134768483,0,1
Kazakhstan,KAZ,2007,.089,.04092,9150.763000000001,KAZ,9.121592542771126,0,0
Spain,ESP,2007,.03534,.35698,1175.626,ESP,7.06955605066631,0,1
Egypt,EGY,2007,.07088,.76268,4178.889,EGY,8.337800700716835,0,0
Germany,DEU,2007,.02892,.6368699999999999,3109.09,DEU,8.042085357854623,0,1
Bangladesh,BGD,2007,.07059,.34989,12132.105,BGD,9.403610523568249,0,0
Hungary,HUN,2007,.00332,.6557999999999999,43327.556,HUN,10.67654410880438,0,1
Slovak Republic,SVK,2007,.10819,.30373,71.992,SVK,4.276555001731648,0,1
Israel,ISR,2007,.06313,.70785,931.705,ISR,6.837016240976272,0,1
Sweden,SWE,2007,.03225,.39189,5017.187,SWE,8.520624697060502,0,1
Côte d'Ivoire,CIV,2007,.01765,.53533,18373.595,CIV,9.818669858572591,0,0
Belgium,BEL,2007,.03677,.8732500000000001,424.453,BEL,6.050801281129313,0,1
Japan,JPN,2007,.01728,1.50448,547040.8,JPN,13.21227866728797,0,1
United States,USA,2007,.02004,.6494799999999999,16762.45,USA,9.726896544736865,0,1
Kenya,KEN,2007,.06851,.34195,5177.812,KEN,8.552137852197736,0,1
Vietnam,VNM,2007,.07129,.3221,2311741.796,VNM,14.65351182260694,0,1
Indonesia,IDN,2007,.06345,.38121,5735987.8,IDN,15.56227053434162,0,1
Chile,CHL,2007,.05168,.03901,134224.936,CHL,11.80727229847933,0,1
Sri Lanka,LKA,2007,.06797,.7184900000000001,7169.15,LKA,8.877542377054262,0,0
Singapore,SGP,2007,.09022,.8778900000000001,291.32,SGP,5.674422319349715,0,1
Poland,POL,2007,.0676,.44428,1553.022,POL,7.347957989178419,0,1
Zambia,ZMB,2007,.08352,.21921,74.878,ZMB,4.315860122410925,0,0
Uganda,UGA,2007,.08064,.16976,62645.464,UGA,11.04524655546841,0,0
Thailand,THA,2007,.05435,.35985,7579.538,THA,8.933207526910826,0,1
China,CHN,2007,.14154,.28708,36261.555,CHN,10.49851336811077,0,1
Philippines,PHL,2007,.06519,.50168,9843.239,PHL,9.194540102549505,0,1
Switzerland,CHE,2007,.04018,.4401,596.6180000000001,CHE,6.391277042594337,0,1
Slovenia,SVN,2007,.07139,.22943,37.324,SVN,3.619636551371776,0,1
Netherlands,NLD,2007,.03882,.42741,760.462,NLD,6.633926143324059,0,1
India,IND,2007,.07661,.75414,111176.379,IND,11.61887321916975,0,1
Serbia,SRB,2007,.07832,.30011,5167.137,SRB,8.550074042354108,0,0
Russia,RUS,2007,.0855,.08033,110654.194,RUS,11.61416524805957,0,1
Portugal,PRT,2007,.02507,.7272799999999999,212.123,PRT,5.357166295106879,0,1
Mauritius,MUS,2007,.05727,.48808,326.945,MUS,5.789791961032113,0,0
Greece,GRC,2007,.03507,1.04637,237.199,GRC,5.468899451263082,0,1
New Zealand,NZL,2007,.03488,.16311,196.188,NZL,5.279073383181276,0,1
Malaysia,MYS,2007,.06299,.39348,819.115,MYS,6.708224489136201,0,1
Australia,AUS,2007,.04357,.09647,1793.605,AUS,7.491982840003573,0,1
Morocco,MAR,2007,.02706,.47066,750.824,MAR,6.621171270104492,0,0
Nigeria,NGA,2007,.07318,.05764,122103.953,NGA,11.71262803467711,0,1
Namibia,NAM,2007,.03646,.19364,103.692,NAM,4.641424966647262,0,0
Norway,NOR,2007,.0342,.48887,4204.896,NOR,8.34400483963984,0,1
Nigeria,NGA,2008,.07199,.05167,130894.568,NGA,11.78214745371075,0,1
Russia,RUS,2008,.05247,.07446,116460.316,RUS,11.66530585876541,0,1
Hungary,HUN,2008,.00993,.71801,43757.987,HUN,10.68642943512371,0,1
Switzerland,CHE,2008,.02429,.44226,611.111,CHE,6.415278612066144,0,1
Mauritius,MUS,2008,.05387,.48759,344.558,MUS,5.842262436224714,0,0
Slovak Republic,SVK,2008,.05363,.28633,75.85299999999999,SVK,4.32879725675926,0,1
Bangladesh,BGD,2008,.06014,.3387,12861.7,BGD,9.462009181900941,0,0
Ireland,IRL,2008,-.04484,.42514,234.517,IRL,5.457528079928232,0,1
Colombia,COL,2008,.03283,.32382,605713,COL,13.31416155550906,0,1
Finland,FIN,2008,.00784,.32563,222.019,FIN,5.402762963795627,0,1
Brazil,BRA,2008,.05094,.6142,1049.47,BRA,6.956040553811632,0,1
Malaysia,MYS,2008,.04832,.39361,858.696,MYS,6.755414959463327,0,1
Chile,CHL,2008,.03789,.04916,139311.245,CHL,11.84446588156365,0,1
Thailand,THA,2008,.01726,.34946,7710.338,THA,8.950317304766376,0,1
Kenya,KEN,2008,.00232,.34254,5189.838,KEN,8.554457761799938,0,1
Greece,GRC,2008,.00058,1.10907,237.336,GRC,5.469476858635799,0,1
Poland,POL,2008,.04384,.4655899999999999,1621.104,POL,7.39086267760485,0,1
Uganda,UGA,2008,.10428,.15654,69178.13099999999,UGA,11.14444006564746,0,0
Serbia,SRB,2008,.05161,.29414,5433.807,SRB,8.60039527224108,0,0
Hong Kong SAR,HKG,2008,.02128,.00991,2335.334,HKG,7.755910200558879,0,0
India,IND,2008,.03087,.7434099999999999,114607.961,IND,11.64927254856379,0,1
Zambia,ZMB,2008,.07774,.19192,80.69799999999999,ZMB,4.390713791821336,0,0
Turkey,TUR,2008,.0092,.37024,1065.537,TUR,6.971234176416751,0,0
Israel,ISR,2008,.03216,.7023900000000001,961.668,ISR,6.868669276754932,0,1
Pakistan,PAK,2008,.04445,.49475,23853.32,PAK,10.0796786899829,0,0
Indonesia,IDN,2008,.07442,.30252,6162847,IDN,15.63404940406426,0,1
Netherlands,NLD,2008,.02127,.54352,776.636,NLD,6.654971772133544,0,1
Sweden,SWE,2008,-.00923,.37944,4970.872,SWE,8.511350556416945,0,1
Denmark,DNK,2008,-.00417,.35539,2099.3,DNK,7.649359234810277,0,1
Austria,AUT,2008,.01453,.69528,360.116,AUT,5.886426201769947,0,1
Czech Republic,CZE,2008,.02612,.28155,5056.828,CZE,8.52849468824132,0,1
Croatia,HRV,2008,.01972,.3892,54.612,HRV,4.000253638822505,0,1
Vietnam,VNM,2008,.05662,.31045,2442627.69,VNM,14.70858493993588,0,1
Morocco,MAR,2008,.05923,.41991,795.297,MAR,6.678715629794526,0,0
Korea,KOR,2008,.03004,.25856,1462331.9,KOR,14.19554291131108,0,1
Kazakhstan,KAZ,2008,.033,.06766,9452.739,KAZ,9.154059819761763,0,0
Lithuania,LTU,2008,.0219,.14588,42.738,LTU,3.755088454224272,0,1
Iceland,ISL,2008,.017,1.09309,2727.277,ISL,7.911058954511361,0,1
Japan,JPN,2008,-.01167,1.53618,540659,JPN,13.20054404486419,0,1
Sri Lanka,LKA,2008,.0595,.68782,7595.721,LKA,8.935340341399799,0,0
Mexico,MEX,2008,.00943,.40605,20442.062,MEX,9.925349919855755,0,1
New Zealand,NZL,2008,-.00159,.18969,195.876,NZL,5.277481805959899,0,1
United States,USA,2008,.00114,.73844,16781.5,USA,9.72803236815945,0,1
Italy,ITA,2008,-.01023,1.05803,1893.986,ITA,7.546438881955241,0,1
Philippines,PHL,2008,.04344,.5001,10270.878,PHL,9.237067790991862,0,1
Romania,ROU,2008,.09307,.13004,868.975,ROU,6.76731435615191,0,1
Germany,DEU,2008,.00888,.6517000000000001,3136.71,DEU,8.050929758906218,0,1
Canada,CAN,2008,.00995,.70356,1847.69,CAN,7.521691489212457,0,1
China,CHN,2008,.09638,.26715,39756.507,CHN,10.59052880479861,0,1
Taiwan Province of China,TWN,2008,.00799,.33353,14032.9,TWN,9.549159851665744,0,0
Namibia,NAM,2008,.0265,.19097,106.439,NAM,4.667572051101057,0,0
United Kingdom,GBR,2008,-.00049,.50554,2306.008,GBR,7.743273170033741,0,1
Slovenia,SVN,2008,.03372,.21894,38.583,SVN,3.652811764952059,0,1
South Africa,ZAF,2008,.03191,.24045,3916.816,ZAF,8.273034357836929,0,1
Côte d'Ivoire,CIV,2008,.02543,.5124,18840.806,CIV,9.843780328531608,0,0
Australia,AUS,2008,.02664,.11709,1841.387,AUS,7.518274370983055,0,1
Portugal,PRT,2008,.00319,.75643,212.8,PRT,5.360352757467489,0,1
Spain,ESP,2008,.00767,.39609,1184.645,ESP,7.077198430627689,0,1
Egypt,EGY,2008,.07156,.6676099999999999,4477.942,EGY,8.406918844864011,0,0
Norway,NOR,2008,.00823,.4682500000000001,4239.494,NOR,8.352199201481822,0,1
Belgium,BEL,2008,.00447,.9316,426.35,BEL,6.055260605188058,0,1
France,FRA,2008,.00263,.69819,2240.614,FRA,7.714505214431443,0,1
Singapore,SGP,2008,.01863,.9785299999999999,296.749,SGP,5.692886663644167,0,1
Kazakhstan,KAZ,2009,.012,.10227,9566.172,KAZ,9.16598840442566,0,0
Colombia,COL,2009,.0114,.35387,612616,COL,13.32549359122452,0,1
Canada,CAN,2009,-.02915,.8180299999999999,1793.828,CAN,7.492107162883073,0,1
Romania,ROU,2009,-.05517,.22451,821.0359999999999,ROU,6.710566957455768,0,1
Côte d'Ivoire,CIV,2009,.03251,.46476,19453.406,CIV,9.875777449396866,0,0
Singapore,SGP,2009,.00128,1.01689,297.128,SGP,5.694163022390009,0,1
Japan,JPN,2009,-.05936,1.72858,508565.8,JPN,13.13934988629592,0,1
Switzerland,CHE,2009,-.01954,.42366,599.168,CHE,6.395542026237551,0,1
Italy,ITA,2009,-.05305,1.16141,1793.505,ITA,7.491927084813447,0,1
Korea,KOR,2009,.0082,.28791,1474321.1,KOR,14.20370817061232,0,1
Portugal,PRT,2009,-.03122,.87799,206.157,PRT,5.328638014433808,0,1
Greece,GRC,2009,-.04119,1.28482,227.559,GRC,5.42740954542737,0,1
Egypt,EGY,2009,.04674,.6945,4687.223,EGY,8.452595575199252,0,0
Hong Kong SAR,HKG,2009,-.02459,.00662,2277.906,HKG,7.731011878888833,0,0
Poland,POL,2009,.02615,.49701,1663.498,POL,7.416677893173468,0,1
China,CHN,2009,.09445,.33985,43511.51,CHN,10.68078077977813,0,1
Belgium,BEL,2009,-.01906,.9985299999999999,418.222,BEL,6.036012392019281,0,1
Czech Republic,CZE,2009,-.04798,.3343,4814.185,CZE,8.479322047185011,0,1
Hungary,HUN,2009,-.0674,.78188,40808.627,HUN,10.61664878411911,0,1
Iceland,ISL,2009,-.08321,1.28207,2500.328,ISL,7.824177202250325,0,1
Sri Lanka,LKA,2009,.03539,.7275,7864.524,LKA,8.970117292364005,0,0
United States,USA,2009,-.02576,.87071,16349.125,USA,9.701929658073752,0,1
United Kingdom,GBR,2009,-.04587,.6447400000000001,2200.222,GBR,7.696313543346337,0,1
Finland,FIN,2009,-.08076,.41534,204.089,FIN,5.318556173213967,0,1
Serbia,SRB,2009,-.03143,.35337,5263.044,SRB,8.56846484556964,0,0
Croatia,HRV,2009,-.06812,.47922,50.892,HRV,3.929705740280454,0,1
Thailand,THA,2009,-.00691,.42364,7657.089,THA,8.943387164396755,0,1
Chile,CHL,2009,-.01118,.05845,137753.694,CHL,11.83322254335251,0,1
South Africa,ZAF,2009,-.01538,.26995,3856.572,ZAF,8.257533984978073,0,1
Norway,NOR,2009,-.01613,.41717,4171.1,NOR,8.335935068975479,0,1
Germany,DEU,2009,-.0555,.7236199999999999,2962.61,DEU,7.993825915555743,0,1
Spain,ESP,2009,-.03768,.53079,1140.006,ESP,7.038788804532586,0,1
Kenya,KEN,2009,.03307,.35961,5361.462,KEN,8.586991978066306,0,1
Denmark,DNK,2009,-.04978,.43049,1994.8,DNK,7.598299073671967,0,1
Mauritius,MUS,2009,.03315,.56837,355.98,MUS,5.874874549498607,0,0
Namibia,NAM,2009,.00296,.15851,106.754,NAM,4.670527122132719,0,0
Australia,AUS,2009,.01977,.16566,1877.79,AUS,7.537850832429503,0,1
Slovak Republic,SVK,2009,-.05505,.3640699999999999,71.67700000000001,SVK,4.272169915112256,0,1
Israel,ISR,2009,.0122,.72566,973.402,ISR,6.880797152051034,0,1
New Zealand,NZL,2009,-.01057,.24275,193.806,NZL,5.266857658729744,0,1
Nigeria,NGA,2009,.08353,.06119,141828.641,NGA,11.86237485434893,0,1
Pakistan,PAK,2009,.01063,.54569,24106.914,PAK,10.09025396630107,0,1
Ireland,IRL,2009,-.05096,.61765,222.566,IRL,5.405223686834031,0,1
Mexico,MEX,2009,-.06295,.41667,19155.183,MEX,9.860328610730461,0,1
Lithuania,LTU,2009,-.14507,.27903,36.538,LTU,3.598352814914378,0,1
Philippines,PHL,2009,.01448,.49805,10419.632,PHL,9.251446997985052,0,1
Netherlands,NLD,2009,-.0367,.5629,748.131,NLD,6.617578096330202,0,1
Vietnam,VNM,2009,.05398,.3617,2574477.593,VNM,14.7611571949929,0,1
Morocco,MAR,2009,.04244,.42622,829.047,MAR,6.720276848341233,0,0
Russia,RUS,2009,-.07821,.09918,107352.032,RUS,11.58386873186555,0,1
Uganda,UGA,2009,.08069,.14793,74760,UGA,11.2220382615695,0,0
Zambia,ZMB,2009,.0922,.20522,88.139,ZMB,4.478915113762913,0,0
Slovenia,SVN,2009,-.0759,.34941,35.654,SVN,3.57386134252967,0,1
India,IND,2009,.07862,.7273499999999999,123618.389,IND,11.72495459125648,0,1
Malaysia,MYS,2009,-.01514,.50408,845.697,MYS,6.740161139424666,0,1
Bangladesh,BGD,2009,.05045,.3301,13510.591,BGD,9.511229175371241,0,0
Indonesia,IDN,2009,.04702,.26483,6452609.8,IDN,15.67999522709033,0,1
Turkey,TUR,2009,-.04883,.42376,1013.51,TUR,6.921174832641602,0,0
Brazil,BRA,2009,-.00126,.6470199999999999,1048.149,BRA,6.954781030347518,0,1
France,FRA,2009,-.0273,.84057,2179.436,FRA,7.686821406714151,0,1
Taiwan Province of China,TWN,2009,-.01614,.36711,13806.459,TWN,9.532891805125374,0,0
Austria,AUT,2009,-.03586,.8075199999999999,347.201,AUT,5.84990386296638,0,1
Sweden,SWE,2009,-.04256,.41184,4759.331,SWE,8.467862391129433,0,1
Thailand,THA,2010,.07513,.3983100000000001,8232.396000000001,THA,9.015832381313148,0,1
Zambia,ZMB,2010,.10298,.18898,97.21599999999999,ZMB,4.576935306973308,0,0
Croatia,HRV,2010,-.01336,.56809,50.212,HRV,3.916254041955962,0,1
Russia,RUS,2010,.04512,.10105,112196.123,RUS,11.62800371710652,0,1
Nigeria,NGA,2010,.11259,.0667,157796.996,NGA,11.96906465045732,0,1
Italy,ITA,2010,.01529,1.18758,1820.931,ITA,7.507103187741182,0,1
Brazil,BRA,2010,.07528,.6243300000000001,1127.057,BRA,7.027365089513256,0,1
Greece,GRC,2010,-.05694,1.47846,214.603,GRC,5.368789809595624,0,1
Serbia,SRB,2010,.01611,.42449,5347.83,SRB,8.584446150132454,0,0
Romania,ROU,2010,-.03906,.30164,788.968,ROU,6.670725762355455,0,1
New Zealand,NZL,2010,.01741,.296,197.181,NZL,5.284122088642301,0,1
South Africa,ZAF,2010,.0304,.31185,3973.802,ZAF,8.287478598015454,0,1
Colombia,COL,2010,.04495,.36497,640152,COL,13.36946092713719,0,1
Côte d'Ivoire,CIV,2010,.02018,.45612,19845.906,CIV,9.895753017992144,0,0
Hungary,HUN,2010,.01068,.8017400000000001,41244.442,HUN,10.62727164329072,0,1
Norway,NOR,2010,.01005,.42065,4213.016,NOR,8.345934059740616,0,1
Bangladesh,BGD,2010,.05572,.29623,14263.375,BGD,9.565450341981768,0,0
Japan,JPN,2010,.04136,1.78579,529602.4,JPN,13.17988181531672,0,1
Turkey,TUR,2010,.08542,.3862,1100.086,TUR,7.003143637548605,0,1
Austria,AUT,2010,.01809,.83654,353.482,AUT,5.86783256466254,0,1
Malaysia,MYS,2010,.07528,.51212,909.361,MYS,6.812742155052347,0,1
Netherlands,NLD,2010,.01317,.58897,757.9829999999999,NLD,6.63066095795024,0,1
Singapore,SGP,2010,.1452,.9867400000000001,340.271,SGP,5.829742358951043,0,1
Hong Kong SAR,HKG,2010,.06768,.00618,2432.068,HKG,7.796497203221485,0,0
Canada,CAN,2010,.03091,.83975,1849.272,CAN,7.522547327112096,0,1
Czech Republic,CZE,2010,.02715,.367,4944.874,CZE,8.50610676344907,0,1
Sri Lanka,LKA,2010,.08016,.68731,8494.944,LKA,9.047226441971297,0,0
Denmark,DNK,2010,.01584,.46123,2026.4,DNK,7.614016098687466,0,1
Iceland,ISL,2010,-.02222,1.31501,2444.775,ISL,7.801708373134577,0,1
Ireland,IRL,2010,.01683,.86232,226.312,IRL,5.421914578188981,0,1
Chile,CHL,2010,.05852,.08607,145814.558,CHL,11.89009094268047,0,1
Mauritius,MUS,2010,.04377,.5439200000000001,371.562,MUS,5.917715741215567,0,0
Vietnam,VNM,2010,.06423,.37287,2739843.172,VNM,14.82341124022983,0,1
Slovenia,SVN,2010,.01112,.38607,36.051,SVN,3.584934602597273,0,1
Switzerland,CHE,2010,.03228,.40699,618.508,CHE,6.42731012626789,0,1
Uganda,UGA,2010,.07484,.18355,80355,UGA,11.29420959698317,0,1
Spain,ESP,2010,.00094,.60266,1141.079,ESP,7.039729584976225,0,1
Israel,ISR,2010,.05545,.69028,1027.375,ISR,6.934762284468664,0,1
Sweden,SWE,2010,.05751,.38603,5033.029,SWE,8.523777268730752,0,1
United States,USA,2010,.02695,.95651,16789.775,USA,9.728525349147965,0,1
Slovak Republic,SVK,2010,.06791,.40654,76.544,SVK,4.337865738888111,0,1
Philippines,PHL,2010,.07335,.47587,11183.86,PHL,9.322226946512552,0,1
Poland,POL,2010,.03169,.53748,1716.212,POL,7.447874815540628,0,1
Egypt,EGY,2010,.05147,.6959000000000001,4928.485,EGY,8.502786917578492,0,1
Portugal,PRT,2010,.01738,1.00075,209.739,PRT,5.345863900587131,0,1
Mexico,MEX,2010,.04971,.40155,20107.451,MEX,9.9088457218736,0,1
India,IND,2010,.08498,.67675,134123.015,IND,11.80651268019627,0,1
Morocco,MAR,2010,.03816,.4527600000000001,860.681,MAR,6.757723936356584,0,0
Indonesia,IDN,2010,.06378,.26363,6864133.1,IDN,15.74182031098757,0,1
Kazakhstan,KAZ,2010,.073,.10683,10264.502,KAZ,9.236446813906959,0,0
Finland,FIN,2010,.03168,.50113,210.554,FIN,5.34974215229022,0,1
Belgium,BEL,2010,.0271,1.00245,429.557,BEL,6.062754445075136,0,1
United Kingdom,GBR,2010,.02261,.75518,2249.959,GBR,7.718667272810217,0,1
Germany,DEU,2010,.04144,.8103400000000001,3085.38,DEU,8.034430105415131,0,1
China,CHN,2010,.10587,.3334300000000001,48117.958,CHN,10.78141073361048,0,1
Lithuania,LTU,2010,.00283,.36705,36.641,LTU,3.601167832009913,0,1
Taiwan Province of China,TWN,2010,.10245,.3689,15220.971,TWN,9.630429427015386,0,0
Kenya,KEN,2010,.08058,.36695,5793.514,KEN,8.664494294935448,0,1
Pakistan,PAK,2010,.02265,.56716,24652.816,PAK,10.11264641229693,0,1
Australia,AUS,2010,.02428,.20288,1923.391,AUS,7.561845053053542,0,1
Namibia,NAM,2010,.06039,.16328,113.202,NAM,4.729173833457531,0,0
France,FRA,2010,.01838,.8627899999999999,2219.504,FRA,7.70503902648017,0,1
Korea,KOR,2010,.06982,.28275,1577253.1,KOR,14.27119534767731,0,1
Finland,FIN,2011,.02389,.52024,215.585,FIN,5.37335526333065,0,1
Vietnam,VNM,2011,.06413,.36185,2915553.938,VNM,14.88557038990196,0,1
Israel,ISR,2011,.05513,.6718600000000001,1084.017,ISR,6.988428864533446,0,1
Switzerland,CHE,2011,.01473,.41237,627.6180000000001,CHE,6.441931701135931,0,1
Slovak Republic,SVK,2011,.02562,.4327,78.506,SVK,4.36317505498852,0,1
Colombia,COL,2011,.06948,.35783,684627,COL,13.43662944338904,0,1
Netherlands,NLD,2011,.01777,.61167,771.451,NLD,6.648273157148484,0,1
France,FRA,2011,.02484,.88748,2274.628,FRA,7.729571801531256,0,1
Côte d'Ivoire,CIV,2011,-.04857,.5002799999999999,18881.923,CIV,9.845960288326303,0,0
Czech Republic,CZE,2011,.01772,.39402,5032.516,CZE,8.523675336843219,0,1
Indonesia,IDN,2011,.0617,.23106,7287635.3,IDN,15.80168967550627,0,1
Hong Kong SAR,HKG,2011,.04815,.00573,2549.164,HKG,7.843520741262907,0,0
Romania,ROU,2011,.04496,.32597,824.437,ROU,6.714700729134844,0,1
Thailand,THA,2011,.0084,.39116,8301.558999999999,THA,9.024198607471895,0,1
Ireland,IRL,2011,.01609,1.0959,229.954,IRL,5.437879288920528,0,1
Brazil,BRA,2011,.03974,.60634,1171.85,BRA,7.066338975597883,0,1
Lithuania,LTU,2011,.06334,.37471,38.962,LTU,3.662586812159013,0,1
Austria,AUT,2011,.02927,.83356,363.83,AUT,5.896686725575843,0,1
Denmark,DNK,2011,.01313,.49986,2053,DNK,7.627057417018934,0,1
Hungary,HUN,2011,.01917,.8046800000000001,42034.979,HUN,10.64625738398559,0,1
Belgium,BEL,2011,.01931,1.02735,437.851,BEL,6.081878669852801,0,1
Kenya,KEN,2011,.05121,.35687,6090.206,KEN,8.714437186076029,0,1
Norway,NOR,2011,.01385,.28946,4271.368,NOR,8.359689429620913,0,1
Iceland,ISL,2011,.0138,1.36629,2478.514,ISL,7.815414466022444,0,1
Zambia,ZMB,2011,.05569,.20808,102.63,ZMB,4.631130287657623,0,0
Egypt,EGY,2011,.01765,.7282999999999999,5015.452,EGY,8.520278825945773,0,1
Kazakhstan,KAZ,2011,.075,.10161,11034.34,KAZ,9.308767507205745,0,0
Namibia,NAM,2011,.05091,.2745,118.965,NAM,4.778829332203393,0,0
Chile,CHL,2011,.06224,.11127,154889.906,CHL,11.95046985965932,0,1
Croatia,HRV,2011,-.00114,.6315,50.155,HRV,3.915118210335449,0,1
India,IND,2011,.05241,.68699,141152.751,IND,11.85759792339607,0,1
Canada,CAN,2011,.03137,.84284,1907.287,CAN,7.553437092441363,0,1
South Africa,ZAF,2011,.03169,.34742,4099.714,ZAF,8.318672494161769,0,1
Portugal,PRT,2011,-.01714,1.14024,206.145,PRT,5.328579804674925,0,1
Mauritius,MUS,2011,.04078,.54865,386.713,MUS,5.957682815839756,0,0
Turkey,TUR,2011,.1098,.34773,1220.875,TUR,7.107323093767641,0,1
Russia,RUS,2011,.03995,.1034,116678.031,RUS,11.66717354862501,0,1
Uganda,UGA,2011,.07677,.17959,86524,UGA,11.36817711108339,0,0
Japan,JPN,2011,-.002,1.90564,528541.3,JPN,13.17787622693458,0,1
Poland,POL,2011,.05255,.5478000000000001,1806.407,POL,7.499095068498606,0,1
United States,USA,2011,.01564,1.00027,17052.4,USA,9.7440462352689,0,1
New Zealand,NZL,2011,.017,.34681,200.533,NZL,5.300978821732096,0,1
Nigeria,NGA,2011,.04887,.12378,165509.147,NGA,12.01678174115416,0,1
Bangladesh,BGD,2011,.06464,.29393,15185.413,BGD,9.62809057500265,0,0
Italy,ITA,2011,.00696,1.19129,1833.596,ITA,7.514034345017168,0,1
Pakistan,PAK,2011,.03204,.5615100000000001,25442.797,PAK,10.14418795637911,0,1
Korea,KOR,2011,.03688,.317,1635422.8,KOR,14.30741192215618,0,1
Australia,AUS,2011,.02751,.23962,1976.295,AUS,7.588979158662922,0,1
Slovenia,SVN,2011,.00655,.46815,36.287,SVN,3.591459550406353,0,1
Sri Lanka,LKA,2011,.08669,.69428,9231.412,LKA,9.130367295211691,0,0
Taiwan Province of China,TWN,2011,.03673,.38343,15780.05,TWN,9.666501762962653,0,0
Philippines,PHL,2011,.03858,.45434,11615.36,PHL,9.360083639127982,0,1
Serbia,SRB,2011,.00054,.45976,5350.732,SRB,8.584988652960623,0,0
Greece,GRC,2011,-.09877,1.75076,193.407,GRC,5.264796776779911,0,1
Mexico,MEX,2011,.03444,.41167,20799.961,MEX,9.942706390687652,0,1
United Kingdom,GBR,2011,.00851,.81066,2269.116,GBR,7.727145607316166,0,1
China,CHN,2011,.09451,.33184,52665.566,CHN,10.87171712438844,0,1
Sweden,SWE,2011,.03164,.37681,5192.268,SWE,8.554925874925422,0,1
Singapore,SGP,2011,.06215,1.0313,361.418,SGP,5.890035183226634,0,1
Malaysia,MYS,2011,.05293,.51898,957.498,MYS,6.864323632279774,0,1
Spain,ESP,2011,-.0064,.69528,1133.777,ESP,7.033309815919759,0,1
Germany,DEU,2011,.03758,.78484,3201.32,DEU,8.071318503733082,0,1
Morocco,MAR,2011,.05246,.48555,905.831,MAR,6.808852754426973,0,0
Korea,KOR,2012,.02548,.33536,1677087.8,KOR,14.33256939483139,0,1
Philippines,PHL,2012,.06897,.45691,12416.467,PHL,9.42677885447339,0,1
Lithuania,LTU,2012,.04376,.39908,40.667,LTU,3.705416952752866,0,1
Turkey,TUR,2012,.04808,.30816,1279.57,TUR,7.15427936297402,0,1
France,FRA,2012,.00229,.9174,2279.839,FRA,7.73186010542011,0,1
Spain,ESP,2012,-.02865,.8956000000000001,1101.293,ESP,7.004240223026118,0,1
Hungary,HUN,2012,-.01339,.78364,41471.925,HUN,10.63277197126124,0,1
Kazakhstan,KAZ,2012,.05,.12125,11586.057,KAZ,9.357557671375178,0,0
China,CHN,2012,.07848,.3382500000000001,56798.579,CHN,10.94726658679066,0,1
Croatia,HRV,2012,-.02233,.68852,49.035,HRV,3.892534328844284,0,1
Malaysia,MYS,2012,.05474,.5378799999999999,1009.908,MYS,6.91761451657753,0,1
Poland,POL,2012,.01512,.54472,1833.717,POL,7.514100333385243,0,1
India,IND,2012,.05456,.68146,148854.605,IND,11.91072530315046,0,1
South Africa,ZAF,2012,.02396,.37408,4197.952,ZAF,8.342352066299011,0,1
Slovenia,SVN,2012,-.02915,.54074,35.229,SVN,3.561869607051054,0,1
Côte d'Ivoire,CIV,2012,.10864,.24693,20933.26,CIV,9.949094560597331,0,0
Finland,FIN,2012,-.01523,.57856,212.301,FIN,5.358005079013708,0,1
Hong Kong SAR,HKG,2012,.017,.00543,2592.508,HKG,7.860381025923415,0,0
Morocco,MAR,2012,.0301,.52282,933.096,MAR,6.838508089444805,0,1
Portugal,PRT,2012,-.04051,1.28604,197.794,PRT,5.287226085058163,0,1
Austria,AUT,2012,.00628,.82935,366.115,AUT,5.902947491698754,0,1
Egypt,EGY,2012,.02226,.6986199999999999,5127.106,EGY,8.54229664642857,0,1
Mauritius,MUS,2012,.03496,.54184,400.233,MUS,5.992046877520711,0,0
Chile,CHL,2012,.06155,.11939,164423.907,CHL,12.01020317073982,0,1
Greece,GRC,2012,-.08331,1.64278,177.294,GRC,5.177809371559998,0,1
Colombia,COL,2012,.03913,.33967,711415,COL,13.47501122345835,0,1
Japan,JPN,2012,.01649,1.97144,537256.6,JPN,13.19423109921292,0,1
Canada,CAN,2012,.01756,.87015,1940.773,CAN,7.570841626304063,0,1
Belgium,BEL,2012,.00216,1.04335,438.797,BEL,6.084036891549992,0,1
Czech Republic,CZE,2012,-.00771,.43835,4993.732,CZE,8.515938805002456,0,1
Brazil,BRA,2012,.01921,.61614,1194.363,BRA,7.085368267848303,0,1
New Zealand,NZL,2012,.02535,.35671,205.617,NZL,5.326015214987711,0,1
Mexico,MEX,2012,.03553,.40815,21539.027,MEX,9.97762177791666,0,1
Vietnam,VNM,2012,.05505,.3833,3076041.911,VNM,14.9391542346774,0,1
Sweden,SWE,2012,-.00414,.37992,5170.751,SWE,8.550773218074957,0,1
Germany,DEU,2012,.00466,.7983499999999999,3216.24,DEU,8.075968254380083,0,1
Slovak Republic,SVK,2012,.01569,.51688,79.73699999999999,SVK,4.378733718973089,0,0
Denmark,DNK,2012,-.00005,.48711,2052.9,DNK,7.627008706626562,0,1
Romania,ROU,2012,.01904,.36167,840.131,ROU,6.733557832059003,0,1
Switzerland,CHE,2012,.01197,.41857,635.1319999999999,CHE,6.45383285130563,0,1
Taiwan Province of China,TWN,2012,.02221,.39205,16130.51,TWN,9.688467788722326,0,0
Nigeria,NGA,2012,.04279,.12482,172591.742,NGA,12.05868421175918,0,1
Australia,AUS,2012,.03875,.2742,2052.867,AUS,7.626992631676376,0,1
Sri Lanka,LKA,2012,.08632,.6750400000000001,10028.284,LKA,9.213164779579195,0,0
Singapore,SGP,2012,.04435,1.06725,377.449,SGP,5.933435460224594,0,1
Russia,RUS,2012,.04024,.11167,121373.255,RUS,11.70662582855928,0,1
Zambia,ZMB,2012,.07597,.2492,110.427,ZMB,4.704354669159189,0,1
Uganda,UGA,2012,.02333,.19491,88543,UGA,11.39124358870285,0,1
Namibia,NAM,2012,.05062,.24628,124.987,NAM,4.828209731893926,0,0
Thailand,THA,2012,.07243,.41929,8902.824000000001,THA,9.09412380876095,0,1
Iceland,ISL,2012,.01169,1.32202,2507.495,ISL,7.827039525816156,0,1
Ireland,IRL,2012,-.00405,1.18911,229.022,IRL,5.433818068808821,0,1
Norway,NOR,2012,.02824,.30166,4391.991,NOR,8.387537934006939,0,1
Indonesia,IDN,2012,.0603,.22955,7727083.4,IDN,15.86024204017959,0,1
Bangladesh,BGD,2012,.06521,.29078,16175.725,BGD,9.691266940621183,0,0
Netherlands,NLD,2012,-.00977,.6568999999999999,763.9109999999999,NLD,6.638451290234187,0,1
United States,USA,2012,.02289,1.03667,17442.775,USA,9.766680801777685,0,1
United Kingdom,GBR,2012,.01528,.8409,2303.794,GBR,7.742312608096272,0,1
Italy,ITA,2012,-.03125,1.25901,1776.291,ITA,7.4822827614813,0,1
Pakistan,PAK,2012,.03196,.5836399999999999,26256.028,PAK,10.17565087975222,0,1
Kenya,KEN,2012,.04569,.37616,6368.448,KEN,8.759111076808445,0,1
Israel,ISR,2012,.0241,.6689400000000001,1110.146,ISR,7.012246817188398,0,1
Serbia,SRB,2012,-.00444,.5795400000000001,5326.977,SRB,8.580539189280495,0,0
Netherlands,NLD,2013,-.00032,.67161,763.667,NLD,6.638131830275906,0,1
Morocco,MAR,2013,.04535,.57076,975.4160000000001,MAR,6.882864046668174,0,1
Hungary,HUN,2013,.02032,.7722,42314.706,HUN,10.65288996418925,0,1
Philippines,PHL,2013,.06751,.43863,13254.644,PHL,9.492103260572936,0,1
Finland,FIN,2013,-.0098,.60812,210.221,FIN,5.348159358305215,0,1
Germany,DEU,2013,.00395,.77457,3228.93,DEU,8.079906091985045,0,1
Switzerland,CHE,2013,.01848,.41222,646.867,CHE,6.472140709227501,0,1
Serbia,SRB,2013,.00452,.61166,5351.033,SRB,8.585044905363864,0,0
Slovak Republic,SVK,2013,.00703,.54611,80.298,SVK,4.385744714042293,0,1
Croatia,HRV,2013,-.00135,.7948999999999999,48.969,HRV,3.891187444840008,0,1
Italy,ITA,2013,-.01818,1.31854,1743.997,ITA,7.463934884283959,0,1
United Kingdom,GBR,2013,.01718,.8494799999999999,2343.384,GBR,7.759351317524478,0,1
Colombia,COL,2013,.05134,.37592,747939,COL,13.52507670282903,0,1
Malaysia,MYS,2013,.04694,.5565599999999999,1057.31,MYS,6.963483225747286,0,1
Vietnam,VNM,2013,.05554,.4141299999999999,3246870.226,VNM,14.99320208293179,0,1
Mauritius,MUS,2013,.0336,.56476,413.682,MUS,6.025097562731085,0,0
Kenya,KEN,2013,.03798,.39756,6610.312,KEN,8.796386132942077,0,1
South Africa,ZAF,2013,.02485,.40356,4302.291,ZAF,8.366902950496758,0,1
Iceland,ISL,2013,.03597,1.21065,2597.687,ISL,7.86237671268235,0,1
Uganda,UGA,2013,.03938,.2208,92030,UGA,11.4298698898329,0,1
Belgium,BEL,2013,.00306,1.05032,440.138,BEL,6.08708831410234,0,1
Hong Kong SAR,HKG,2013,.03102,.00517,2672.916,HKG,7.890925290280373,0,0
Thailand,THA,2013,.02687,.42191,9142.087,THA,9.120643975363581,0,1
Chile,CHL,2013,.03309,.12784,169863.885,CHL,12.0427527188492,0,1
Japan,JPN,2013,.01997,2.01166,547987,JPN,13.21400684302103,0,1
Kazakhstan,KAZ,2013,.059,.12603,12269.634,KAZ,9.414882708409213,0,0
Taiwan Province of China,TWN,2013,.02483,.38895,16531.048,TWN,9.71299558868439,0,0
Poland,POL,2013,.00684,.56859,1846.264,POL,7.520919416755228,0,1
Brazil,BRA,2013,.03005,.59595,1230.252,BRA,7.114974305430603,0,1
Denmark,DNK,2013,.01393,.4777,2081.5,DNK,7.64084406663503,0,1
China,CHN,2013,.07771,.36438,61212.191,CHN,11.02210164800927,0,1
Canada,CAN,2013,.02326,.87703,1985.911,CAN,7.593833029905083,0,1
Turkey,TUR,2013,.08488,.29548,1388.184,TUR,7.235751697122306,0,1
Israel,ISR,2013,.0409,.66026,1155.55,ISR,7.05233170008938,0,1
Mexico,MEX,2013,.00852,.4406600000000001,21722.561,MEX,9.986106676857652,0,1
New Zealand,NZL,2013,.02131,.34559,209.999,NZL,5.347102768801369,0,1
Indonesia,IDN,2013,.05557,.24884,8156497.8,IDN,15.91432544363492,0,1
Norway,NOR,2013,.01273,.30574,4447.896,NOR,8.400186454362107,0,1
United States,USA,2013,.02118,1.05015,17812.175,USA,9.787637491230518,0,1
Korea,KOR,2013,.03291,.36007,1732287.4,KOR,14.36495328967364,0,1
Singapore,SGP,2013,.04818,.98185,395.633,SGP,5.980487013863032,0,1
Lithuania,LTU,2013,.04079,.38859,42.326,LTU,3.745401554438262,0,1
Egypt,EGY,2013,.03302,.7981199999999999,5296.4,EGY,8.574782623465602,0,1
Nigeria,NGA,2013,.05394,.12988,181902.061,NGA,12.11122369484334,0,1
Czech Republic,CZE,2013,-.00042,.44141,4991.644,CZE,8.515520593403728,0,1
Pakistan,PAK,2013,.03856,.59231,27268.549,PAK,10.21348926576981,0,1
Sri Lanka,LKA,2013,.04052,.6945699999999999,10434.604,LKA,9.252882869581819,0,0
India,IND,2013,.06386,.68018,158360.596,IND,11.97262996478965,0,1
Slovenia,SVN,2013,-.00824,.70836,34.939,SVN,3.553603683804064,0,1
Romania,ROU,2013,.00279,.39262,842.473,ROU,6.736341614235241,0,1
Côte d'Ivoire,CIV,2013,.09272,.24624,22874.18,CIV,10.03776404250667,0,0
France,FRA,2013,.00926,.9456,2300.959,FRA,7.741081271536765,0,1
Russia,RUS,2013,.01755,.12348,123503.868,RUS,11.72402775439777,0,1
Namibia,NAM,2013,.05615,.26113,132.004,NAM,4.882832225157546,0,0
Sweden,SWE,2013,.01138,.40789,5229.576,SWE,8.562085483026861,0,1
Portugal,PRT,2013,-.00984,1.30841,195.848,PRT,5.277338848162839,0,1
Australia,AUS,2013,.02243,.30333,2098.922,AUS,7.649179158577518,0,1
Austria,AUT,2013,-.00251,.82431,365.197,AUT,5.900436934010183,0,1
Bangladesh,BGD,2013,.06014,.28344,17148.463,BGD,9.749663827586632,0,0
Spain,ESP,2013,-.01427,1,1085.574,ESP,6.989864158344394,0,1
Zambia,ZMB,2013,.05058,.25909,116.012,ZMB,4.753693634031823,0,1
Greece,GRC,2013,-.02272,1.8051,173.265,GRC,5.154822214408753,0,1
Ireland,IRL,2013,.02193,1.17675,234.044,IRL,5.455509131869523,0,1
Japan,JPN,2014,.00906,2.03645,552951.4,JPN,13.22302539237479,0,1
Namibia,NAM,2014,.06093,.27572,140.047,NAM,4.941978080555587,0,1
Chile,CHL,2014,.01793,.1502,172908.95,CHL,12.06052043435712,0,1
Slovenia,SVN,2014,.02763,.81133,35.904,SVN,3.580848709900231,0,1
Indonesia,IDN,2014,.05007,.24645,8564866.6,IDN,15.96317911460447,0,1
Ireland,IRL,2014,.09386,1.01387,256.011,IRL,5.545220412306432,0,1
Portugal,PRT,2014,.00741,1.32453,197.3,PRT,5.284725413028569,0,1
Brazil,BRA,2014,.00504,.61617,1236.452,BRA,7.120001266960108,0,1
France,FRA,2014,.00999,.96163,2323.95,FRA,7.75102360311041,0,1
Sweden,SWE,2014,.02296,.4569,5349.636,SWE,8.584783800192227,0,1
Uganda,UGA,2014,.05745,.24768,97317,UGA,11.48572897028176,0,1
Taiwan Province of China,TWN,2014,.04719,.37488,17311.105,TWN,9.759103482065814,0,0
Kazakhstan,KAZ,2014,.043,.14496,12797.228,KAZ,9.456983863954664,0,0
Lithuania,LTU,2014,.03768,.40724,43.921,LTU,3.782392565612382,0,1
Slovak Republic,SVK,2014,.02708,.5339200000000001,82.473,SVK,4.412470967047956,0,1
Hungary,HUN,2014,.04334,.76491,44148.776,HUN,10.69532048197849,0,1
Philippines,PHL,2014,.06348,.40299,14096.047,PHL,9.553649682449631,0,1
China,CHN,2014,.07491,.39308,65797.79700000001,CHN,11.09434163650977,0,1
Israel,ISR,2014,.03718,.65768,1198.515,ISR,7.088838569440675,0,1
Mexico,MEX,2014,.02504,.47093,22266.443,MEX,10.010836025896,0,1
Thailand,THA,2014,.00984,.4333400000000001,9232.088,THA,9.130440520764843,0,1
Serbia,SRB,2014,-.01804,.63474,5254.486,SRB,8.566837466919193,0,0
Greece,GRC,2014,.00792,1.82824,174.638,GRC,5.162715260046016,0,1
Poland,POL,2014,.0392,.5113,1918.646,POL,7.559375007912131,0,0
Colombia,COL,2014,.04499,.43319,781590,COL,13.56908558536069,0,1
Malaysia,MYS,2014,.06007,.5537299999999999,1120.819,MYS,7.021814947056127,0,1
Australia,AUS,2014,.02559,.33893,2152.627,AUS,7.674444235722826,0,1
Zambia,ZMB,2014,.04693,.33857,121.457,ZMB,4.799560290674848,0,1
Kenya,KEN,2014,.0502,.41281,6942.157,KEN,8.845367812126813,0,1
Italy,ITA,2014,-.00001,1.34797,1743.972,ITA,7.46392054929417,0,1
Austria,AUT,2014,.00756,.8521,367.958,AUT,5.907968801220775,0,1
Hong Kong SAR,HKG,2014,.02762,.00065,2746.753,HKG,7.918174765780266,0,0
Finland,FIN,2014,-.00478,.64813,209.216,FIN,5.343367211101746,0,1
India,IND,2014,.0741,.6764199999999999,170095.453,IND,12.04411504669216,0,1
Iceland,ISL,2014,.01914,1.14121,2647.403,ISL,7.881334438466307,0,1
Spain,ESP,2014,.0152,1.04418,1102.08,ESP,7.004954582359256,0,1
United States,USA,2014,.02524,1.04942,18261.7,USA,9.812561249486867,0,1
South Africa,ZAF,2014,.01414,.43253,4363.118,ZAF,8.380942218368702,0,1
Czech Republic,CZE,2014,.02245,.41546,5103.717,CZE,8.537724376778936,0,1
Vietnam,VNM,2014,.06422,.43643,3455392.133,VNM,15.05544650599394,0,1
Singapore,SGP,2014,.03936,.97749,411.203,SGP,6.019087009834186,0,1
Croatia,HRV,2014,-.00557,.83231,48.696,HRV,3.885596891191623,0,1
Egypt,EGY,2014,.0293,.8087399999999999,5451.6,EGY,8.603664422553358,0,1
Germany,DEU,2014,.02177,.7453799999999999,3299.23,DEU,8.10144438689478,0,1
Denmark,DNK,2014,.01278,.4871200000000001,2108.1,DNK,7.653542346866262,0,1
Norway,NOR,2014,.02095,.288,4541.088,NOR,8.420921909901592,0,1
Belgium,BEL,2014,.01766,1.06555,447.909,BEL,6.104590086782308,0,1
Pakistan,PAK,2014,.03556,.58783,28238.304,PAK,10.24843463314648,0,1
Switzerland,CHE,2014,.02482,.41244,662.92,CHE,6.496654319255343,0,1
Netherlands,NLD,2014,.01612,.6716599999999999,775.979,NLD,6.65412545796137,0,1
Morocco,MAR,2014,.02669,.58564,1001.454,MAR,6.909208222947663,0,1
United Kingdom,GBR,2014,.0316,.8651099999999999,2417.439,GBR,7.790463994330713,0,1
Mauritius,MUS,2014,.03827,.59129,429.514,MUS,6.06265433693498,0,0
Côte d'Ivoire,CIV,2014,.08794,.2671,24885.753,CIV,10.12205075002714,0,0
Russia,RUS,2014,.00736,.15136,124413.187,RUS,11.73136345849225,0,1
Sri Lanka,LKA,2014,.06378,.6956100000000001,11100.121,LKA,9.314711288141911,0,1
Nigeria,NGA,2014,.0631,.15765,193379.566,NGA,12.17241019974916,0,1
Romania,ROU,2014,.04116,.40474,877.149,ROU,6.776676875318681,0,1
Canada,CAN,2014,.02873,.8575499999999999,2042.976,CAN,7.62216284731837,0,1
Bangladesh,BGD,2014,.06061,.28683,18187.855,BGD,9.808509342623701,0,0
Korea,KOR,2014,.03215,.37875,1787974.8,KOR,14.39659414065654,0,1
Turkey,TUR,2014,.04601,.27367,1452.051,TUR,7.280732318734851,0,1
New Zealand,NZL,2014,.03788,.34165,217.953,NZL,5.384279443214584,0,1
China,CHN,2015,.07018,.40782,70415.749,CHN,11.16217222451373,0,1
Thailand,THA,2015,.03134,.42559,9521.425999999999,THA,9.161299906483988,0,1
Romania,ROU,2015,.03157,.39354,904.841,ROU,6.807759237656788,0,1
Kazakhstan,KAZ,2015,.01,.21882,12925.201,KAZ,9.466934250512963,0,0
Croatia,HRV,2015,.02321,.8277899999999999,49.826,HRV,3.908536936143314,0,1
Chile,CHL,2015,.02152,.17375,176629.851,CHL,12.08181158457783,0,1
Italy,ITA,2015,.00886,1.3479,1759.418,ITA,7.472738351526726,0,1
Egypt,EGY,2015,.0436,.8375400000000001,5689.3,EGY,8.646342496705346,0,1
Kenya,KEN,2015,.04968,.45832,7287.024,KEN,8.893850511201293,0,1
Hong Kong SAR,HKG,2015,.02388,.00062,2812.34,HKG,7.941772156005553,0,0
Uganda,UGA,2015,.08005,.28022,105107,UGA,11.56273415788216,0,1
Portugal,PRT,2015,.0159,1.31023,200.436,PRT,5.300494993795811,0,1
United Kingdom,GBR,2015,.0214,.8734000000000001,2469.182,GBR,7.811642200682705,0,1
Switzerland,CHE,2015,.01399,.4144,672.193,CHE,6.510545501669393,0,1
Malaysia,MYS,2015,.05007,.5697099999999999,1176.941,MYS,7.070673978561204,0,1
Austria,AUT,2015,.01303,.85615,372.754,AUT,5.920918684640255,0,1
Ireland,IRL,2015,.24624,.74031,319.051,IRL,5.765350964614412,0,1
Finland,FIN,2015,.00467,.6876399999999999,210.192,FIN,5.348021398727152,0,1
Slovenia,SVN,2015,.02394,.83418,36.764,SVN,3.604519105495863,0,1
United States,USA,2015,.02946,1.05442,18799.6,USA,9.841590871995946,0,1
Brazil,BRA,2015,-.03546,.7173,1192.61,BRA,7.083899461694938,0,1
Israel,ISR,2015,.02236,.62848,1225.314,ISR,7.110952416663407,0,1
Indonesia,IDN,2015,.04876,.27013,8982517.1,IDN,16.01079070166964,0,1
Denmark,DNK,2015,.02101,.4455,2152.4,DNK,7.674338777615264,0,1
Hungary,HUN,2015,.0366,.75724,45764.539,HUN,10.7312648125681,0,1
Germany,DEU,2015,.01663,.71184,3354.1,DEU,8.117938757084787,0,1
Mauritius,MUS,2015,.03691,.63021,445.365,MUS,6.098894170684874,0,0
Sweden,SWE,2015,.04388,.44458,5584.391,SWE,8.62773066348079,0,1
Norway,NOR,2015,.02044,.332,4633.922,NOR,8.441158872740171,0,1
Nigeria,NGA,2015,.02653,.1493,198509.331,NGA,12.19859138556124,0,1
France,FRA,2015,.00998,.96979,2347.148,FRA,7.760956253087416,0,1
Philippines,PHL,2015,.06348,.39688,14990.907,PHL,9.615199096270839,0,1
Namibia,NAM,2015,.04264,.4209000000000001,146.019,NAM,4.983736750227555,0,1
Iceland,ISL,2015,.03769,.96315,2747.172,ISL,7.91832729789558,0,1
Korea,KOR,2015,.0292,.3884300000000001,1840189,KOR,14.4253788417014,0,1
Singapore,SGP,2015,.02977,1.02101,423.444,SGP,6.048421273943807,0,1
New Zealand,NZL,2015,.03647,.34182,225.902,NZL,5.420101276909755,0,1
Japan,JPN,2015,.018,2.00145,562904.5,JPN,13.24086526573532,0,1
Vietnam,VNM,2015,.06987,.46117,3696825.71,VNM,15.1229850931775,0,1
Morocco,MAR,2015,.04345,.58394,1044.963,MAR,6.951736757073514,0,1
Côte d'Ivoire,CIV,2015,.08843,.29172,27086.367,CIV,10.20678581755866,0,0
Taiwan Province of China,TWN,2015,.01465,.35941,17564.746,TWN,9.773649104020365,0,0
Poland,POL,2015,.04432,.51056,2003.677,POL,7.602739271569533,0,1
Belgium,BEL,2015,.01474,1.05572,454.511,BEL,6.119222115744901,0,1
Serbia,SRB,2015,.01296,.67078,5322.57,SRB,8.579711548395572,0,0
Lithuania,LTU,2015,.02845,.42417,45.17,LTU,3.810433149666513,0,1
Pakistan,PAK,2015,.03812,.59063,29314.628,PAK,10.28584191956852,0,1
Canada,CAN,2015,.0065,.92283,2056.255,CAN,7.628641646121668,0,1
Spain,ESP,2015,.04061,1.02442,1146.833,ESP,7.044759509318955,0,1
Colombia,COL,2015,.02956,.50375,804692,COL,13.59821487449167,0,1
South Africa,ZAF,2015,.01322,.45195,4420.793,ZAF,8.394074370744084,0,1
Greece,GRC,2015,-.00228,1.80001,174.239,GRC,5.160427919957896,0,1
India,IND,2015,.07996,.69755,183696.701,IND,12.12104131241376,0,1
Turkey,TUR,2015,.05806,.26455,1536.351,TUR,7.337165403226899,0,1
Czech Republic,CZE,2015,.04959,.39469,5356.798,CZE,8.586121687497803,0,1
Australia,AUS,2015,.0232,.37575,2202.571,AUS,7.697380593386109,0,1
Russia,RUS,2015,-.01973,.15286,121958.864,RUS,11.71143908652946,0,1
Netherlands,NLD,2015,.02121,.6379899999999999,792.438,NLD,6.675114269252555,0,1
Slovak Republic,SVK,2015,.05177,.5159899999999999,86.742,SVK,4.462938195554361,0,1
Bangladesh,BGD,2015,.06553,.28206,19379.632,BGD,9.87197789661638,0,1
Zambia,ZMB,2015,.0292,.61869,125.004,ZMB,4.828345736790312,0,1
Sri Lanka,LKA,2015,.04206,.76334,11566.987,LKA,9.35591037140785,0,1
Mexico,MEX,2015,.02702,.50973,22868.154,MEX,10.03750056666239,0,1
Russia,RUS,2016,.00194,.14849,122195.063,RUS,11.71337392392149,0,1
Turkey,TUR,2016,.03324,.27018,1587.414,TUR,7.369861556071078,0,1
Czech Republic,CZE,2016,.02581,.36232,5495.05,CZE,8.611602965977399,0,1
Israel,ISR,2016,.04536,.61729,1280.892,ISR,7.15531198920903,0,1
Côte d'Ivoire,CIV,2016,.07172,.31118,29029,CIV,10.2760506093017,0,0
China,CHN,2016,.06776,.5003300000000001,75186.802,CHN,11.22773098921592,0,1
Malaysia,MYS,2016,.0445,.55787,1229.312,MYS,7.114209942278624,0,1
Finland,FIN,2016,.02572,.68649,215.598,FIN,5.373415562553967,0,1
Zambia,ZMB,2016,.03756,.6115400000000001,129.698,ZMB,4.865208671003043,0,1
Ireland,IRL,2016,.01223,.7268300000000001,322.952,IRL,5.777503705368424,0,1
Poland,POL,2016,.03031,.5412899999999999,2064.412,POL,7.632600719084649,0,1
Thailand,THA,2016,.03435,.41745,9848.502,THA,9.195074641382339,0,1
Brazil,BRA,2016,-.03276,.77422,1153.541,BRA,7.050591620978667,0,1
Hong Kong SAR,HKG,2016,.02175,.00059,2873.521,HKG,7.963293386081872,0,0
Namibia,NAM,2016,.00034,.45833,146.068,NAM,4.984072266703534,0,1
Serbia,SRB,2016,.02975,.6497799999999999,5480.927,SRB,8.609029526219965,0,0
Chile,CHL,2016,.01753,.21101,179726.24,CHL,12.09919008325796,0,1
Pakistan,PAK,2016,.04072,.6206499999999999,30508.205,PAK,10.32575094281052,0,1
Colombia,COL,2016,.02087,.49904,821489,COL,13.61887382622982,0,1
Spain,ESP,2016,.02915,1.01967,1180.266,ESP,7.073495115784413,0,1
Germany,DEU,2016,.02217,.68301,3428.47,DEU,8.139869376503841,0,1
Greece,GRC,2016,-.00032,1.83675,174.184,GRC,5.160112211750018,0,1
United States,USA,2016,.0182,1.07405,19141.675,USA,9.859623174239552,0,1
Sri Lanka,LKA,2016,.05054,.75,12151.541,LKA,9.405211272002008,0,1
Indonesia,IDN,2016,.05033,.27955,9434613.4,IDN,16.05989576085254,0,1
Switzerland,CHE,2016,.01954,.40302,685.326,CHE,6.529894637460592,0,1
Italy,ITA,2016,.01236,1.34241,1781.169,ITA,7.485025169298791,0,1
Romania,ROU,2016,.0286,.39548,930.7190000000001,ROU,6.835957405724879,0,1
Uganda,UGA,2016,.00167,.31333,105283,UGA,11.56440724159389,0,1
Kenya,KEN,2016,.04214,.50399,7594.064,KEN,8.935122168462318,0,1
Canada,CAN,2016,.01039,.9247799999999999,2077.61,CAN,7.638973473583008,0,1
Japan,JPN,2016,.00705,2.02145,566872.7,JPN,13.24789004251144,0,1
Taiwan Province of China,TWN,2016,.02165,.35364,17945.024,TWN,9.795068141000707,0,0
Iceland,ISL,2016,.06218,.8133499999999999,2917.994,ISL,7.978651672877739,0,1
Australia,AUS,2016,.02703,.4046,2262.115,AUS,7.724055495348392,0,1
Morocco,MAR,2016,.00521,.60084,1050.409,MAR,6.956934891116389,0,1
India,IND,2016,.08256,.6981499999999999,198863.305,IND,12.20037295812843,0,1
Bangladesh,BGD,2016,.07114,.2772,20758.21,BGD,9.940697110055622,0,1
Lithuania,LTU,2016,.02614,.39801,46.351,LTU,3.836242866752159,0,1
Hungary,HUN,2016,.02439,.74646,46880.572,HUN,10.75535862554165,0,1
Egypt,EGY,2016,.0434,.91586,5936.2,EGY,8.688824477002001,0,1
Mauritius,MUS,2016,.03862,.62596,462.567,MUS,6.136791411325444,0,0
United Kingdom,GBR,2016,.02207,.87251,2523.665,GBR,7.833467489020238,0,1
Slovak Republic,SVK,2016,.01948,.52136,88.432,SVK,4.482233895090907,0,1
Portugal,PRT,2016,.02004,1.3118,204.453,PRT,5.320338120217303,0,1
France,FRA,2016,.00735,.98149,2364.395,FRA,7.768277454246574,0,1
Netherlands,NLD,2016,.02425,.60883,811.653,NLD,6.699072908924482,0,1
Denmark,DNK,2016,.03076,.41692,2218.6,DNK,7.704631645304559,0,1
Korea,KOR,2016,.03172,.39144,1898551.1,KOR,14.45660157427807,0,1
Philippines,PHL,2016,.07149,.37376,16062.676,PHL,9.684253598775989,0,1
Sweden,SWE,2016,.02131,.42888,5703.405,SWE,8.648818643890204,0,1
Mexico,MEX,2016,.01772,.55003,23273.491,MEX,10.05507026653113,0,1
Slovenia,SVN,2016,.03035,.7943000000000001,37.879,SVN,3.634396868814187,0,1
Belgium,BEL,2016,.01193,1.05475,459.935,BEL,6.131085175150915,0,1
Nigeria,NGA,2016,-.01617,.17376,195299.697,NGA,12.18229056540427,0,1
Kazakhstan,KAZ,2016,.009,.19677,13041.527,KAZ,9.475893929851825,0,0
South Africa,ZAF,2016,.00665,.47134,4450.171,ZAF,8.400697801388281,0,1
Austria,AUT,2016,.02117,.83419,380.646,AUT,5.941869809356013,0,1
Croatia,HRV,2016,.03464,.7926099999999999,51.552,HRV,3.942591006994564,0,1
Singapore,SGP,2016,.03911,1.05909,440.005,SGP,6.086786090484105,0,1
Vietnam,VNM,2016,.0669,.4788,3944143.679,VNM,15.18774242380785,0,1
Norway,NOR,2016,.01292,.36656,4693.773,NOR,8.453992015633595,0,1
New Zealand,NZL,2016,.03951,.3336,234.828,NZL,5.458853331270069,0,1
Czech Republic,CZE,2017,.05174,.33782,5779.34,CZE,8.662044768295397,0,1
Japan,JPN,2017,.01623,2.03111,576075.7,JPN,13.26399435465381,0,1
New Zealand,NZL,2017,.0329,.31122,242.554,NZL,5.491224366000306,0,1
Sweden,SWE,2017,.01883,.41638,5810.79,SWE,8.667471813063813,0,1
Philippines,PHL,2017,.06931,.3813,17175.979,PHL,9.751267116921634,0,1
Taiwan Province of China,TWN,2017,.03662,.34458,18602.118,TWN,9.831030724186228,0,0
China,CHN,2017,.06891,.53891,80367.89200000001,CHN,11.29437002217049,0,1
Ireland,IRL,2017,.10109,.6522199999999999,355.6,IRL,5.87380650363975,0,1
Colombia,COL,2017,.01359,.49449,832657,COL,13.63237707164473,0,1
Norway,NOR,2017,.0267,.36912,4819.08,NOR,8.480338317457093,0,1
Croatia,HRV,2017,.03286,.7617400000000001,53.246,HRV,3.974922684397192,0,1
Singapore,SGP,2017,.04327,1.07285,459.043,SGP,6.12914388758988,0,1
Greece,GRC,2017,.01473,1.82623,176.75,GRC,5.174736304776682,0,1
Namibia,NAM,2017,-.01027,.43829,144.568,NAM,4.973749985095863,0,1
Germany,DEU,2017,.02806,.63988,3524.66,DEU,8.167539256693683,0,1
Iceland,ISL,2017,.03485,.70792,3019.688,ISL,8.012908793773661,0,1
Austria,AUT,2017,.02272,.79057,389.295,AUT,5.964337410968557,0,1
Spain,ESP,2017,.02896,1.01144,1214.447,ESP,7.102044108132242,0,1
Portugal,PRT,2017,.03315,1.26029,211.23,PRT,5.352947587199152,0,1
Indonesia,IDN,2017,.0507,.29396,9912928.1,IDN,16.10935033188674,0,1
Romania,ROU,2017,.08195,.37107,1006.996,ROU,6.914726920516036,0,1
India,IND,2017,.06795,.7077599999999999,212376.818,IND,12.2661174192672,0,1
Korea,KOR,2017,.03433,.38011,1963732,KOR,14.49035730237374,0,1
Zambia,ZMB,2017,.03526,.66606,134.271,ZMB,4.89986014573693,0,1
Hungary,HUN,2017,.04124,.72002,48814.013,HUN,10.79577270226044,0,1
Israel,ISR,2017,.04344,.5982500000000001,1336.535,ISR,7.197835723040045,0,1
South Africa,ZAF,2017,.01158,.48588,4501.702,ZAF,8.41221082647264,0,1
Mexico,MEX,2017,.01872,.52521,23709.107,MEX,10.07361451491701,0,1
Australia,AUS,2017,.02387,.41039,2316.121,AUS,7.747649082578582,0,1
Chile,CHL,2017,.01358,.23652,182166.376,CHL,12.11267570232093,0,1
Slovenia,SVN,2017,.05174,.7489,39.839,SVN,3.684846331999771,0,1
Uganda,UGA,2017,.06795,.33561,112437,UGA,11.63014834376805,0,1
Denmark,DNK,2017,.03056,.40153,2286.4,DNK,7.734733807175603,0,1
Serbia,SRB,2017,.02363,.55257,5610.463,SRB,8.632388526305526,0,0
Finland,FIN,2017,.03303,.66581,222.72,FIN,5.405915377146055,0,1
Kazakhstan,KAZ,2017,.039,.19869,13550.147,KAZ,9.514152674957487,0,0
Kenya,KEN,2017,.03816,.53866,7883.816,KEN,8.972567329593366,0,1
Russia,RUS,2017,.01827,.14311,124427.207,RUS,11.73147614116237,0,1
Morocco,MAR,2017,.05058,.60261,1103.538,MAR,7.006276660989707,0,1
Côte d'Ivoire,CIV,2017,.07412,.32595,31180.66,CIV,10.34755330980275,0,0
Brazil,BRA,2017,.01323,.82745,1168.801,BRA,7.063733716014495,0,1
Canada,CAN,2017,.03034,.9098900000000001,2140.641,CAN,7.668860595875211,0,1
Italy,ITA,2017,.01604,1.33742,1809.734,ITA,7.500935152134031,0,1
Malaysia,MYS,2017,.05813,.54395,1300.769,MYS,7.170710907021257,0,1
United Kingdom,GBR,2017,.03023,.86117,2599.961,GBR,7.863251723897072,0,1
Switzerland,CHE,2017,.01461,.41081,695.337,CHE,6.544396620128945,0,1
Lithuania,LTU,2017,.04704,.39125,48.531,LTU,3.882202769015667,0,1
Belgium,BEL,2017,.01475,1.02485,466.718,BEL,6.145725220885684,0,1
Nigeria,NGA,2017,.00806,.18005,196873.592,NGA,12.19031713679043,0,1
Egypt,EGY,2017,.0419,.978,6184.9,EGY,8.729866116547136,0,1
Pakistan,PAK,2017,.04609,.6214200000000001,31914.207,PAK,10.37080655013095,0,1
Slovak Republic,SVK,2017,.02875,.51381,90.974,SVK,4.510573751407033,0,1
France,FRA,2017,.0227,.9876200000000001,2418.059,FRA,7.790720431207907,0,1
United States,USA,2017,.02458,1.06403,19612.1,USA,9.883902001677153,0,1
Poland,POL,2017,.05152,.50444,2170.78,POL,7.682841828953515,0,1
Bangladesh,BGD,2017,.0659,.28306,22126.23,BGD,10.00451906155122,0,1
Turkey,TUR,2017,.07826,.26927,1711.643,TUR,7.44520900691931,0,1
Netherlands,NLD,2017,.02783,.55986,834.241,NLD,6.726522329440237,0,1
Mauritius,MUS,2017,.03938,.6133700000000001,480.783,MUS,6.175416024858793,0,1
Vietnam,VNM,2017,.0694,.46621,4217874.761,VNM,15.25484194802007,0,1
Hong Kong SAR,HKG,2017,.03796,.00055,2982.603,HKG,8.000551688162012,0,0
Sri Lanka,LKA,2017,.06461,.7226,12936.613,LKA,9.46781678727088,0,1
Thailand,THA,2017,.04178,.41777,10259.941,THA,9.236002368220896,0,1
Kenya,KEN,2018,.05671,.5644899999999999,8330.891,KEN,9.027725692225891,0,1
Belgium,BEL,2018,.01878,1.00078,475.483,BEL,6.164331129506165,0,1
France,FRA,2018,.0159,.98528,2456.498,FRA,7.806492037441874,0,1
Colombia,COL,2018,.02564,.51761,854009,COL,13.65769701135686,0,1
Japan,JPN,2018,.00834,2.03721,580881,JPN,13.27230119557861,0,1
Poland,POL,2018,.06246,.48234,2306.363,POL,7.743427103878482,0,1
Ireland,IRL,2018,.07688,.61338,382.94,IRL,5.947878318945059,0,1
Singapore,SGP,2018,.03187,1.09188,473.671,SGP,6.160512987874124,0,1
Russia,RUS,2018,.02806,.1362,127919.058,RUS,11.75915298350324,0,1
United Kingdom,GBR,2018,.01551,.85584,2640.295,GBR,7.878645932321884,0,1
Mauritius,MUS,2018,.04007,.63148,500.047,MUS,6.214702094004469,0,1
Spain,ESP,2018,.02395,.9971800000000001,1243.538,ESP,7.125715821682858,0,1
Germany,DEU,2018,.01133,.60758,3564.6,DEU,8.178807124589751,0,1
Iceland,ISL,2018,.04661,.62259,3160.429,ISL,8.058463056860143,0,1
Malaysia,MYS,2018,.04843,.55646,1363.766,MYS,7.218005269434094,0,1
Sweden,SWE,2018,.0177,.39934,5913.656,SWE,8.685019531659442,0,1
Turkey,TUR,2018,.03468,.28826,1771.005,TUR,7.479302461042541,0,1
Hungary,HUN,2018,.05606,.68816,51550.594,HUN,10.85031901217212,0,1
United States,USA,2018,.02967,1.07653,20193.925,USA,9.913137095582922,0,1
Taiwan Province of China,TWN,2018,.02905,.3383100000000001,19142.6,TWN,9.859671496951693,0,0
Egypt,EGY,2018,.05327,.87949,6514.4,EGY,8.781770390152921,0,1
Italy,ITA,2018,.00827,1.342,1824.693,ITA,7.509167032688077,0,1
Korea,KOR,2018,.03176,.37854,2026102.4,KOR,14.52162450545527,0,1
Lithuania,LTU,2018,.04832,.3334300000000001,50.877,LTU,3.929410955029373,0,1
Denmark,DNK,2018,.01859,.38539,2328.9,DNK,7.753151332079744,0,1
Canada,CAN,2018,.02743,.90756,2199.358,CAN,7.695920778577378,0,1
Brazil,BRA,2018,.01784,.84777,1189.649,BRA,7.081413584613721,0,1
Mexico,MEX,2018,.01972,.5220199999999999,24176.67,MEX,10.09314339756332,0,1
Hong Kong SAR,HKG,2018,.02847,.00052,3067.515,HKG,8.028623066548661,0,0
Slovak Republic,SVK,2018,.04062,.4927,94.669,SVK,4.550386597076666,0,1
South Africa,ZAF,2018,.01557,.51536,4571.783,ZAF,8.427658560971159,0,1
Nigeria,NGA,2018,.01923,.20377,200658.993,NGA,12.20936219402786,0,1
Slovenia,SVN,2018,.04379,.7100700000000001,41.584,SVN,3.727715477899134,0,1
Israel,ISR,2018,.04053,.60076,1390.709,ISR,7.237568968024709,0,1
Bangladesh,BGD,2018,.07319,.29553,23745.74,BGD,10.0751584249533,0,1
Austria,AUT,2018,.02484,.74586,398.966,AUT,5.988876200226446,0,1
Romania,ROU,2018,.05395,.36418,1061.318,ROU,6.96726681095562,0,1
Namibia,NAM,2018,.0106,.48744,146.1,NAM,4.984291318756654,0,1
Norway,NOR,2018,.0111,.38068,4872.591,NOR,8.491381107451545,0,1
Serbia,SRB,2018,.04649,.51137,5871.314,SRB,8.677833737856629,0,1
India,IND,2018,.06454,.7168300000000001,226083.341,IND,12.32865897576387,0,1
Netherlands,NLD,2018,.0226,.51554,853.097,NLD,6.748873257321899,0,1
Australia,AUS,2018,.02789,.41598,2380.709,AUS,7.77515362146204,0,1
Uganda,UGA,2018,.05568,.35018,118698,UGA,11.68433773125615,0,1
New Zealand,NZL,2018,.03335,.28115,250.643,NZL,5.524029615930746,0,1
Greece,GRC,2018,.02065,1.89553,180.399,GRC,5.195171064375909,0,1
Switzerland,CHE,2018,.03356,.38962,718.671,CHE,6.577403673027201,0,1
Indonesia,IDN,2018,.05174,.30423,10425851.9,IDN,16.15979903933686,0,1
Kazakhstan,KAZ,2018,.041,.20259,14105.703,KAZ,9.5543344626762,0,0
Portugal,PRT,2018,.02946,1.21112,217.454,PRT,5.381987333907801,0,1
Thailand,THA,2018,.04223,.41941,10693.205,THA,9.277363771993443,0,1
Vietnam,VNM,2018,.07465,.43798,4532739.396,VNM,15.32683703786664,0,1
Sri Lanka,LKA,2018,.0231,.83585,13235.457,LKA,9.490654643721282,0,1
Croatia,HRV,2018,.02911,.72847,54.796,HRV,4.003617198589143,0,1
Morocco,MAR,2018,.03066,.60458,1137.369,MAR,7.036472979357962,0,1
Czech Republic,CZE,2018,.0283,.31678,5942.913,CZE,8.689954696188332,0,1
Zambia,ZMB,2018,.04035,.8116500000000001,139.688,ZMB,4.939411364219827,0,1
Finland,FIN,2018,.01193,.65278,225.377,FIN,5.417774555582831,0,1
Philippines,PHL,2018,.06341,.37147,18265.192,PHL,9.812752451082154,0,1
China,CHN,2018,.06759,.55875,85799.649,CHN,11.35977019455859,0,1
Pakistan,PAK,2018,.06096,.66321,33859.62,PAK,10.42997843294252,0,1
Côte d'Ivoire,CIV,2018,.04842,.35317,32690.374,CIV,10.3948359404604,0,0
Chile,CHL,2018,.0399,.25798,189434.868,CHL,12.15180053993921,0,1
Morocco,MAR,2019,.02891,.6027,1170.249,MAR,7.06497182566155,0,1
Indonesia,IDN,2019,.05019,.30563,10949155.4,IDN,16.20877287883183,0,1
Portugal,PRT,2019,.02746,1.1611,223.424,PRT,5.409071311482571,0,1
Lithuania,LTU,2019,.04723,.35591,53.279,LTU,3.97554225728723,0,1
Russia,RUS,2019,.02198,.13748,130730.816,RUS,11.78089564840899,0,1
India,IND,2019,.03871,.7666500000000001,234835.979,IND,12.3666425877355,0,1
Turkey,TUR,2019,.01302,.31195,1794.057,TUR,7.492234814689255,0,1
Austria,AUT,2019,.01755,.71006,405.968,AUT,6.006274338761462,0,1
Czech Republic,CZE,2019,.03566,.29552,6154.824,CZE,8.724991443571215,0,1
New Zealand,NZL,2019,.02976,.31819,258.103,NZL,5.553358730058799,0,1
Germany,DEU,2019,.00973,.58684,3599.28,DEU,8.188489104441535,0,1
Uganda,UGA,2019,.07626,.37974,127750,UGA,11.75783050806595,0,1
Nigeria,NGA,2019,.02208,.2144,205090.406,NGA,12.23120616578452,0,1
Greece,GRC,2019,.02277,1.83691,184.507,GRC,5.217687403140268,0,1
Brazil,BRA,2019,.01221,.87118,1204.172,BRA,7.093547472808513,0,1
Canada,CAN,2019,.01908,.9011,2241.331,CAN,7.714825164812859,0,1
Bangladesh,BGD,2019,.07882,.31951,25617.349,BGD,10.15102509624838,0,1
South Africa,ZAF,2019,.0026,.56101,4583.667,ZAF,8.430254611776816,0,1
Egypt,EGY,2019,.05549,.80092,6875.9,EGY,8.835777823057834,0,1
Colombia,COL,2019,.03187,.50971,881224,COL,13.68906712912728,0,1
Japan,JPN,2019,-.00308,2.06326,579089,JPN,13.26921145804124,0,1
Ireland,IRL,2019,.04973,.5579,401.983,IRL,5.996409799167621,0,1
Hong Kong SAR,HKG,2019,-.01672,.00267,3016.213,HKG,8.01175734997631,0,0
Chile,CHL,2019,.00634,.2833,190636.58,CHL,12.15812417203974,0,1
Mauritius,MUS,2019,.02891,.81068,514.505,MUS,6.243205273399867,0,1
Israel,ISR,2019,.03579,.5930299999999999,1440.481,ISR,7.272732364572966,0,1
Spain,ESP,2019,.01961,.9757899999999999,1267.926,ESP,7.145137773672731,0,1
Denmark,DNK,2019,.01713,.38335,2368.8,DNK,7.770138776787381,0,1
Hungary,HUN,2019,.05077,.64988,54167.913,HUN,10.89984400104988,0,1
Croatia,HRV,2019,.03101,.7088100000000001,56.495,HRV,4.034152138661209,0,1
Romania,ROU,2019,.0396,.3676700000000001,1103.349,ROU,7.006105378997959,0,1
France,FRA,2019,.02093,.98158,2507.924,FRA,7.827210598263362,0,1
Finland,FIN,2019,.0135,.6532800000000001,228.419,FIN,5.431181661712519,0,1
Malaysia,MYS,2019,.04413,.5708299999999999,1423.952,MYS,7.261191383538629,0,1
United Kingdom,GBR,2019,.01256,.84937,2673.465,GBR,7.891130662849942,0,1
Philippines,PHL,2019,.06119,.36973,19382.751,PHL,9.87213882583514,0,1
Australia,AUS,2019,.01974,.46529,2427.705,AUS,7.794701645621489,0,1
Côte d'Ivoire,CIV,2019,.06721,.37216,34887.656,CIV,10.45988834935017,0,0
Namibia,NAM,2019,-.00839,.57568,144.874,NAM,4.975864399133936,0,1
Thailand,THA,2019,.02115,.4106300000000001,10919.319,THA,9.298288884716904,0,1
Slovenia,SVN,2019,.03505,.66021,43.041,SVN,3.762153149784362,0,1
Netherlands,NLD,2019,.023,.47652,872.718,NLD,6.771612479601111,0,1
Slovak Republic,SVK,2019,.02276,.4801,96.824,SVK,4.572894897436303,0,1
Sri Lanka,LKA,2019,-.0022,.8259399999999999,13206.276,LKA,9.488447450127218,0,1
Taiwan Province of China,TWN,2019,.03055,.32612,19727.465,TWN,9.889767106220507,0,0
Mexico,MEX,2019,-.00393,.51869,24081.731,MEX,10.08920878222119,0,1
Poland,POL,2019,.04581,.45211,2412.007,POL,7.788214459998752,0,1
United States,USA,2019,.02584,1.08785,20715.65,USA,9.938644732247553,0,1
Singapore,SGP,2019,.01159,1.27682,479.16,SGP,6.17203457086313,0,1
Kazakhstan,KAZ,2019,.045,.19944,14740.46,KAZ,9.598351372854752,0,1
Pakistan,PAK,2019,.0312,.78712,34916.041,PAK,10.46070163010132,0,1
Belgium,BEL,2019,.02443,.97573,487.098,BEL,6.188465334870994,0,1
Italy,ITA,2019,.00429,1.339,1832.523,ITA,7.513448984841659,0,1
Serbia,SRB,2019,.0475,.49454,6150.213,SRB,8.724241994347157,0,1
Zambia,ZMB,2019,.01441,1.03332,141.701,ZMB,4.953719203834754,0,1
Iceland,ISL,2019,.01138,.65718,3196.4,ISL,8.069780455500307,0,1
Norway,NOR,2019,.0147,.39006,4944.205,NOR,8.505971462679197,0,1
Sweden,SWE,2019,.02608,.35787,6067.898,SWE,8.710767530834723,0,1
Korea,KOR,2019,.02314,.3973,2072982.3,KOR,14.54449885303125,0,1
Switzerland,CHE,2019,.0111,.38831,726.649,CHE,6.58844355489288,0,1
China,CHN,2019,.06065,.59838,91003.16499999999,CHN,11.41864956511395,0,1
Vietnam,VNM,2019,.07359,.40993,4866315.598,VNM,15.39784765801117,0,1
Kenya,KEN,2019,.05114,.59085,8756.946,KEN,9.077602493007836,0,1
Singapore,SGP,2020,-.03611,1.47115,461.858,SGP,6.135257484529827,0,1
Turkey,TUR,2020,.01803,.38297,1826.405,TUR,7.51010483283777,0,1
Kenya,KEN,2020,-.00273,.67959,8733.061,KEN,9.074871217388765,0,1
South Africa,ZAF,2020,-.06169,.68927,4300.904,ZAF,8.366580512144026,0,1
Kazakhstan,KAZ,2020,-.026,.26357,14357.208,KAZ,9.572007394729093,0,1
Sri Lanka,LKA,2020,-.04625,.9688099999999999,12595.551,LKA,9.441098935348672,0,1
Nigeria,NGA,2020,-.06369,.25723,192028.406,NGA,12.16539858798337,0,1
Lithuania,LTU,2020,.00048,.45893,53.305,LTU,3.976030135402438,0,1
Colombia,COL,2020,-.07186,.65274,817900,COL,13.61449535872307,0,1
Netherlands,NLD,2020,-.03877,.53412,838.886,NLD,6.732074821192312,0,1
Egypt,EGY,2020,.03576,.86222,7121.8,EGY,8.870915781443978,0,1
Croatia,HRV,2020,-.0831,.86476,51.8,HRV,3.947390149265437,0,1
Czech Republic,CZE,2020,-.05305,.36883,5828.318,CZE,8.670483729999484,0,1
Finland,FIN,2020,-.02491,.7531699999999999,222.729,FIN,5.405955785812372,0,1
India,IND,2020,-.05778,.90562,221267.799,IND,12.30712900709208,0,1
Romania,ROU,2020,-.03598,.49537,1063.651,ROU,6.969462608576561,0,1
Korea,KOR,2020,-.007,.45915,2058466.4,KOR,14.53747179749391,0,1
Austria,AUT,2020,-.06318,.8318300000000001,380.318,AUT,5.941007744868566,0,1
Pakistan,PAK,2020,-.00943,.80805,34586.665,PAK,10.45122348213409,0,1
Denmark,DNK,2020,-.01781,.45197,2326.6,DNK,7.752163253382666,0,1
United Kingdom,GBR,2020,-.10048,1.04787,2404.838,GBR,7.785237820603737,0,1
Bangladesh,BGD,2020,.03448,.34509,26500.65,BGD,10.18492453997539,0,1
Italy,ITA,2020,-.08868,1.5438,1670.012,ITA,7.420586091013726,0,1
Namibia,NAM,2020,-.08101,.6429699999999999,133.137,NAM,4.891378673246318,0,1
Taiwan Province of China,TWN,2020,.0342,.31958,20402.197,TWN,9.923397870111932,0,0
Serbia,SRB,2020,-.0095,.54325,6091.785,SRB,8.714696421205794,0,1
Israel,ISR,2020,-.01802,.71072,1414.517,ISR,7.254543409050455,0,1
Ireland,IRL,2020,.07154,.56897,430.74,IRL,6.065504659816447,0,1
Vietnam,VNM,2020,.02865,.41319,5005755.652,VNM,15.42609893875579,0,1
Zambia,ZMB,2020,-.02785,1.40001,137.755,ZMB,4.925476745014934,0,1
Poland,POL,2020,-.02036,.56585,2362.909,POL,7.767648766077189,0,1
Canada,CAN,2020,-.05038,1.18064,2128.408,CAN,7.663129561407126,0,1
Portugal,PRT,2020,-.08205,1.34096,205.093,PRT,5.323463534803071,0,1
Thailand,THA,2020,-.06093,.49434,10253.998,THA,9.235422957297791,0,1
Slovak Republic,SVK,2020,-.02585,.58408,94.321,SVK,4.546703858378171,0,1
Sweden,SWE,2020,-.01934,.40436,5950.558,SWE,8.691240275655069,0,1
Germany,DEU,2020,-.04127,.68042,3450.72,DEU,8.146338183903671,0,1
United States,USA,2020,-.02081,1.32552,20284.5,USA,9.917612326581525,0,1
Hong Kong SAR,HKG,2020,-.06545,.00997,2818.808,HKG,7.94406937953597,0,0
Brazil,BRA,2020,-.03277,.9600700000000001,1164.715,BRA,7.060231700878598,0,1
Australia,AUS,2020,-.02043,.5690999999999999,2378.111,AUS,7.774061754041921,0,1
Philippines,PHL,2020,-.09518,.51644,17537.842,PHL,9.772116225289711,0,1
Morocco,MAR,2020,-.07178,.72245,1086.246,MAR,6.990482994179266,0,1
Mexico,MEX,2020,-.08354,.5845600000000001,22069.935,MEX,10.001971554072,0,1
France,FRA,2020,-.07603,1.14909,2317.247,FRA,7.748135122117064,0,1
Greece,GRC,2020,-.09196,2.09927,167.54,GRC,5.121222128725663,0,1
Iceland,ISL,2020,-.06646,.7608799999999999,2983.973,ISL,8.001010913025343,0,1
Chile,CHL,2020,-.06143,.3238,178924.87,CHL,12.09472127604513,0,1
Spain,ESP,2020,-.1094,1.19179,1129.214,ESP,7.029277094460466,0,1
Slovenia,SVN,2020,-.04085,.8017,41.283,SVN,3.720450792951254,0,1
Mauritius,MUS,2020,-.14547,.91896,439.662,MUS,6.086006249891283,0,1
Uganda,UGA,2020,-.01151,.46804,126280,UGA,11.74625694267193,0,1
Malaysia,MYS,2020,-.05457,.67693,1346.249,MYS,7.205077485666237,0,1
Russia,RUS,2020,-.02654,.19162,127261.672,RUS,11.75400065515718,0,1
Japan,JPN,2020,-.04283,2.28771,554285,JPN,13.22543427388352,0,1
New Zealand,NZL,2020,-.0122,.4318,254.955,NZL,5.541087058997425,0,1
Côte d'Ivoire,CIV,2020,.00701,.46315,35132.154,CIV,10.46687205849546,0,0
Indonesia,IDN,2020,-.02066,.39747,10722999.3,IDN,16.18790145992204,0,1
Switzerland,CHE,2020,-.02365,.42383,709.465,CHE,6.56451116486886,0,1
Belgium,BEL,2020,-.04793,1.11245,463.751,BEL,6.139347770253551,0,1
China,CHN,2020,.02337,.70134,93129.526,CHN,11.44174655584314,0,1
Norway,NOR,2020,-.01361,.44266,4876.935,NOR,8.492272227755745,0,1
Hungary,HUN,2020,-.04339,.78687,51817.715,HUN,10.85548735819985,0,1
New Zealand,NZL,2021,.05511,.47534,269.006,NZL,5.594733684185804,0,1
Hungary,HUN,2021,.07223,.76215,55560.467,HUN,10.92522720216053,0,1
Zambia,ZMB,2021,.06235,1.11047,146.344,ZMB,4.985960014688997,0,1
Taiwan Province of China,TWN,2021,.0672,.30085,21773.291,TWN,9.988439314140059,0,0
France,FRA,2021,.06795,1.12786,2474.709,FRA,7.813878092332644,0,1
Japan,JPN,2021,.03564,2.22684,574040.8,JPN,13.260455752915,0,1
Brazil,BRA,2021,.04763,.88934,1220.185,BRA,7.106757765575481,0,1
Egypt,EGY,2021,.03252,.8990300000000001,7353.4,EGY,8.902918070281423,0,1
Czech Republic,CZE,2021,.04029,.40692,6063.142,CZE,8.709983426546273,0,1
Sri Lanka,LKA,2021,.04207,1.02669,13125.505,LKA,9.482312562910112,0,1
Ireland,IRL,2021,.16258,.52444,500.771,IRL,6.216148910760951,0,1
Namibia,NAM,2021,.03604,.69604,137.935,NAM,4.92678255970228,0,1
Australia,AUS,2021,.05358,.55372,2505.536,AUS,7.826257962686098,0,1
Greece,GRC,2021,.08654,1.97806,182.039,GRC,5.204220949835177,0,1
Korea,KOR,2021,.04613,.47988,2153423,KOR,14.58256922709059,0,1
Nigeria,NGA,2021,.01109,.26624,194158.486,NGA,12.17643004267746,0,1
Croatia,HRV,2021,.12629,.78205,58.342,HRV,4.066322245648334,0,1
Turkey,TUR,2021,.11811,.3890999999999999,2042.124,TUR,7.621745721660564,0,1
Lithuania,LTU,2021,.06376,.43335,56.703,LTU,4.037827119386929,0,1
Slovak Republic,SVK,2021,.05656,.60217,99.655,SVK,4.601714221014701,0,1
Vietnam,VNM,2021,.02554,.39237,5133589.056,VNM,15.45131559357886,0,1
United Kingdom,GBR,2021,.08543,1.03447,2610.286,GBR,7.86721507285751,0,1
Spain,ESP,2021,.06683,1.15594,1204.681,ESP,7.09397008058705,0,1
Iceland,ISL,2021,.05181,.7358899999999999,3138.559,ISL,8.051519056370122,0,1
Germany,DEU,2021,.03913,.67938,3585.73,DEU,8.184717358525079,0,1
United States,USA,2021,.06152,1.25048,21532.375,USA,9.977312895468259,0,1
Morocco,MAR,2021,.08155,.69351,1174.827,MAR,7.06887618169571,0,1
South Africa,ZAF,2021,.04859,.6881900000000001,4509.87,ZAF,8.414023607247577,0,1
Mexico,MEX,2021,.06048,.56695,23404.831,MEX,10.06069773302876,0,1
Poland,POL,2021,.06927,.5301400000000001,2526.592,POL,7.834626638080468,0,1
Finland,FIN,2021,.02676,.73126,228.69,FIN,5.432367374668292,0,1
Russia,RUS,2021,.05866,.16529,134727.467,RUS,11.81100925400907,0,1
India,IND,2021,.0969,.8571299999999999,242707.753,IND,12.39961333599227,0,1
Norway,NOR,2021,.04143,.40121,5078.994,NOR,8.532868489465638,0,1
Israel,ISR,2021,.09335,.67686,1546.567,ISR,7.343792914820695,0,1
Singapore,SGP,2021,.10141,1.39934,508.695,SGP,6.231848622804594,0,1
Côte d'Ivoire,CIV,2021,.07062,.50165,37613.284,CIV,10.53511256485533,0,0
Serbia,SRB,2021,.07949,.53637,6576.024,SRB,8.791185586364392,0,1
Portugal,PRT,2021,.05559,1.23878,216.494,PRT,5.377562833432649,0,1
Kenya,KEN,2021,.0759,.68232,9395.941999999999,KEN,9.148033172920245,0,1
China,CHN,2021,.08556,.72131,101097.416,CHN,11.52383984582931,0,1
Kazakhstan,KAZ,2021,.041,.251,14945.853,KAZ,9.6121891490344,0,1
Denmark,DNK,2021,.06499,.39628,2477.8,DNK,7.815126348681638,0,1
Thailand,THA,2021,.01553,.58367,10413.21,THA,9.250830471425362,0,1
Slovenia,SVN,2021,.08417,.74818,44.758,SVN,3.801270199692963,0,1
Belgium,BEL,2021,.06254,1.08541,492.756,BEL,6.200014122518818,0,1
Colombia,COL,2021,.10801,.64417,906243,COL,13.71706276098326,0,1
Philippines,PHL,2021,.05715,.5700500000000001,18540.082,PHL,9.827690261979537,0,1
Sweden,SWE,2021,.05226,.3732200000000001,6261.526,SWE,8.742179204355125,0,1
Netherlands,NLD,2021,.06278,.50501,891.55,NLD,6.792961520980056,0,1
Pakistan,PAK,2021,.0577,.74749,36582.482,PAK,10.50732477092792,0,1
Indonesia,IDN,2021,.03703,.4114,11120059.7,IDN,16.22426121547733,0,1
Switzerland,CHE,2021,.06167,.39742,753.217,CHE,6.624353366894727,0,1
Uganda,UGA,2021,.05517,.50346,133247,UGA,11.79995982770335,0,1
Hong Kong SAR,HKG,2021,.06454,.01938,3000.746,HKG,8.006616203404482,0,0
Austria,AUT,2021,.04923,.82399,399.041,AUT,5.989064168502966,0,1
Romania,ROU,2021,.05587,.51805,1123.081,ROU,7.023831080365288,0,1
Mauritius,MUS,2021,.03404,.86134,454.627,MUS,6.119477302527612,0,1
Bangladesh,BGD,2021,.06939,.35614,28339.44,BGD,10.25200975299298,0,1
Chile,CHL,2021,.11315,.36448,199170.078,CHL,12.20191440200648,0,1
Malaysia,MYS,2021,.03315,.69162,1390.882,MYS,7.237693357268292,0,1
Italy,ITA,2021,.08931,1.45819,1819.162,ITA,7.506131234475557,0,1
Canada,CAN,2021,.05951,1.12606,2255.059,CAN,7.720931415674328,0,1
Czech Republic,CZE,2022,.02847,.4252,6235.77,CZE,8.738057346880424,0,1
Colombia,COL,2022,.07328,.613,972655,COL,13.78778472480803,0,1
Spain,ESP,2022,.0637,1.09226,1281.423,ESP,7.15572645816199,0,1
New Zealand,NZL,2022,.02616,.46891,276.043,NZL,5.620556650683492,0,1
Norway,NOR,2022,.0408,.34829,5286.237,NOR,8.57286192957346,0,1
Philippines,PHL,2022,.07581,.57389,19945.604,PHL,9.900764047159996,0,1
Bangladesh,BGD,2022,.071,.37863,30351.496,BGD,10.32060108687088,0,1
Portugal,PRT,2022,.06986,1.11232,231.618,PRT,5.445089462886036,0,1
Canada,CAN,2022,.04695,1.03541,2360.944,CAN,7.766816818040983,0,1
Ireland,IRL,2022,.07511,.42943,538.384,IRL,6.288572060206918,0,1
China,CHN,2022,.03112,.77294,104243.65,CHN,11.5544862265349,0,1
Vietnam,VNM,2022,.08538,.34923,5571869.247,VNM,15.5332411475261,0,1
Israel,ISR,2022,.06364,.6032,1644.992,ISR,7.405490799965762,0,1
Germany,DEU,2022,.01807,.64397,3650.52,DEU,8.202624902182681,0,1
Australia,AUS,2022,.04208,.5004500000000001,2610.971,AUS,7.867477461781837,0,1
Côte d'Ivoire,CIV,2022,.064,.56035,40020.491,CIV,10.59714687692803,0,0
Hong Kong SAR,HKG,2022,-.03685,.04276,2890.16,HKG,7.969067142895785,0,0
Greece,GRC,2022,.05522,1.7917,192.091,GRC,5.257969218078341,0,1
Malaysia,MYS,2022,.09032,.65464,1516.503,MYS,7.324162305366046,0,1
Kenya,KEN,2022,.0486,.6779999999999999,9852.583000000001,KEN,9.195488933291477,0,1
Switzerland,CHE,2022,.03594,.35899,780.2910000000001,CHE,6.659666927030823,0,1
Austria,AUT,2022,.05331,.78141,420.314,AUT,6.041002050997125,0,1
Slovenia,SVN,2022,.02669,.72773,45.952,SVN,3.827597373425759,0,1
United States,USA,2022,.02524,1.19145,22075.9,USA,10.00224179474301,0,1
Chile,CHL,2022,.02154,.37907,203460.188,CHL,12.22322562836186,0,1
Iceland,ISL,2022,.08857,.66431,3416.55,ISL,8.136386548973981,0,1
Serbia,SRB,2022,.02703,.50897,6753.805,SRB,8.817861328749029,0,1
Netherlands,NLD,2022,.05007,.48414,936.192,NLD,6.841820583646807,0,1
Finland,FIN,2022,.00763,.73964,230.435,FIN,5.439968827006845,0,1
Thailand,THA,2022,.02685,.60548,10692.779,THA,9.277323932816525,0,1
Mauritius,MUS,2022,.08693,.81804,494.148,MUS,6.20283506745996,0,1
Sri Lanka,LKA,2022,-.07349,1.15942,12160.886,LKA,9.405980014707968,0,1
Nigeria,NGA,2022,.04319,.29838,202543.86,NGA,12.21871173466853,0,1
Turkey,TUR,2022,.05441,.29433,2153.24,TUR,7.674728963515924,0,1
Sweden,SWE,2022,.01255,.34214,6340.136,SWE,8.754655498305301,0,1
Pakistan,PAK,2022,.0618,.77318,38843.26,PAK,10.56728985297156,0,1
Brazil,BRA,2022,.03017,.83939,1256.994,BRA,7.136478435309166,0,1
Belgium,BEL,2022,.03956,1.0314,512.251,BEL,6.238814739288895,0,1
Russia,RUS,2022,-.01435,.15134,132793.629,RUS,11.79655154047607,0,1
Mexico,MEX,2022,.0371,.53803,24273.094,MEX,10.09712377308411,0,1
France,FRA,2022,.02797,1.11364,2543.931,FRA,7.841465801450678,0,1
Slovak Republic,SVK,2022,.00545,.57756,100.198,SVK,4.607148228371719,0,1
Lithuania,LTU,2022,.02444,.3832,58.089,LTU,4.061976317189371,0,1
India,IND,2022,.07609,.84598,261176.3,IND,12.47295093719882,0,1
Morocco,MAR,2022,.01813,.71372,1196.123,MAR,7.086840772031983,0,1
Italy,ITA,2022,.04821,1.38356,1906.865,ITA,7.553215811274948,0,1
Croatia,HRV,2022,.07297,.68547,62.599,HRV,4.136749303537566,0,1
South Africa,ZAF,2022,.02058,.7071500000000001,4602.69,ZAF,8.434396194167162,0,1
Korea,KOR,2022,.02728,.49798,2212159,KOR,14.60947951969207,0,1
Kazakhstan,KAZ,2022,.032,.23524,15424.12,KAZ,9.64368779690305,0,1
Namibia,NAM,2022,.05399,.70053,145.382,NAM,4.97936476101235,0,1
Poland,POL,2022,.05255,.48787,2659.376,POL,7.885846787789871,0,1
United Kingdom,GBR,2022,.0515,.9751099999999999,2744.708,GBR,7.917429973057699,0,1
Singapore,SGP,2022,.0401,1.53338,529.095,SGP,6.271167999855985,0,1
Japan,JPN,2022,.01332,2.27831,581685.1,JPN,13.27368451499283,0,1
Taiwan Province of China,TWN,2022,.02684,.29482,22357.584,TWN,10.01492087134176,0,0
Zambia,ZMB,2022,.05211,.99476,153.97,ZMB,5.036757778241827,0,1
Egypt,EGY,2022,.06651,.88534,7842.5,EGY,8.967312940064833,0,1
Denmark,DNK,2022,.00444,.33315,2488.8,DNK,7.819555945583427,0,1
Romania,ROU,2022,.04188,.51902,1170.112,ROU,7.06485474970604,0,1
Uganda,UGA,2022,.06177,.49857,141478,UGA,11.85989950694582,0,1
Indonesia,IDN,2022,.05307,.40141,11710223.2,IDN,16.27597279602419,0,1
Hungary,HUN,2022,.04152,.7408100000000001,57867.547,HUN,10.9659120055582,0,1
Hong Kong SAR,HKG,2023,.0315,.06333,2981.21,HKG,8.000084537355864,0,0
Canada,CAN,2023,.01953,1.05071,2407.055,CAN,7.786159287542787,0,1
Greece,GRC,2023,.02136,1.65535,196.194,GRC,5.279103965623897,0,1
Hungary,HUN,2023,-.00817,.73234,57394.708,HUN,10.95770738293547,0,1
Czech Republic,CZE,2023,.00048,.42223,6238.737,CZE,8.738533037030896,0,1
Switzerland,CHE,2023,.00875,.37271,787.119,CHE,6.668379444102388,0,1
Sri Lanka,LKA,2023,-.0233,1.10376,11877.555,LKA,9.382405763654438,0,1
Iceland,ISL,2023,.05032,.61519,3588.48,ISL,8.185483993495254,0,1
Australia,AUS,2023,.02135,.49416,2666.718,AUS,7.888603781808585,0,1
India,IND,2023,.0721,.8501000000000001,280007.7,IND,12.54257238177327,0,1
Namibia,NAM,2023,.04443,.6786,151.841,NAM,5.022833920719805,0,1
Turkey,TUR,2023,.05045,.28241,2261.874,TUR,7.723948952206829,0,1
Austria,AUT,2023,-.00786,.77754,417.009,AUT,6.033107804299711,0,1
Kazakhstan,KAZ,2023,.051,.22982,16210.751,KAZ,9.693429943082828,0,1
Indonesia,IDN,2023,.05049,.39601,12301452.6,IDN,16.32522791093065,0,1
Japan,JPN,2023,.00721,2.20302,585877.8,JPN,13.28086651439003,0,1
Korea,KOR,2023,.01583,.50539,2247177.7,KOR,14.62518563126263,0,1
Côte d'Ivoire,CIV,2023,.066,.56701,42661.843,CIV,10.66106019315498,0,0
Taiwan Province of China,TWN,2023,.01085,.2902,22600.156,TWN,10.02571208789142,0,0
Bangladesh,BGD,2023,.05775,.39726,32104.329,BGD,10.37674615983842,0,1
Belgium,BEL,2023,.01714,1.02191,521.032,BEL,6.255811460212704,0,1
Zambia,ZMB,2023,.05368,1.29058,162.235,ZMB,5.089045901387483,0,1
Brazil,BRA,2023,.03242,.84001,1297.74,BRA,7.168379569033266,0,1
China,CHN,2023,.05377,.84084,109848.641,CHN,11.60685870632066,0,1
Netherlands,NLD,2023,-.00601,.4585,930.569,NLD,6.835796227013874,0,1
France,FRA,2023,.0162,1.09646,2585.147,FRA,7.857537651863407,0,1
Norway,NOR,2023,.00353,.42438,5304.881,NOR,8.576382619128253,0,1
Egypt,EGY,2023,.0376,.9593,8137.4,EGY,9.004225997654835,0,1
Serbia,SRB,2023,.03748,.45666,7006.933,SRB,8.854655366458115,0,1
Mexico,MEX,2023,.03107,.5275300000000001,25027.209,MEX,10.12771887201597,0,1
Israel,ISR,2023,.02063,.61329,1678.923,ISR,7.425907795394582,0,1
Lithuania,LTU,2023,.00826,.37106,58.569,LTU,4.070205546368775,0,1
Croatia,HRV,2023,.0376,.60949,64.953,HRV,4.173663931426356,0,1
Denmark,DNK,2023,.00607,.32964,2503.9,DNK,7.825604795320285,0,1
Ireland,IRL,2023,-.02536,.41751,524.729,IRL,6.262881938843265,0,1
Vietnam,VNM,2023,.05065,.34257,5854085.763,VNM,15.58265039645122,0,1
Germany,DEU,2023,-.00872,.62346,3618.69,DEU,8.19386736087297,0,1
Russia,RUS,2023,.04067,.1519,138193.833,RUS,11.83641256558632,0,1
Thailand,THA,2023,.0224,.62236,10932.312,THA,9.299478086706561,0,1
Morocco,MAR,2023,.03656,.6870499999999999,1239.849,MAR,7.122744876990455,0,1
Slovenia,SVN,2023,.02376,.68289,47.044,SVN,3.85108333398879,0,1
South Africa,ZAF,2023,.00806,.7322,4639.792,ZAF,8.442424816629307,0,1
Poland,POL,2023,.0025,.49521,2666.015,POL,7.888340127129427,0,1
Finland,FIN,2023,-.01289,.77039,227.464,FIN,5.426991984111216,0,1
Spain,ESP,2023,.02461,1.05074,1312.958,ESP,7.18003788597701,0,1
Philippines,PHL,2023,.05519,.56484,21046.394,PHL,9.954484518022607,0,1
Nigeria,NGA,2023,.03316,.36336,209260.019,NGA,12.25133286773117,0,1
Mauritius,MUS,2023,.05008,.81451,518.895,MUS,6.251701550559299,0,1
Kenya,KEN,2023,.0572,.73405,10416.15,KEN,9.251112765266317,0,1
Romania,ROU,2023,.02258,.52595,1196.53,ROU,7.087180980164065,0,1
Colombia,COL,2023,.00842,.55364,980844,COL,13.79616870449553,0,1
United Kingdom,GBR,2023,.00272,.98869,2752.164,GBR,7.920142790300896,0,1
Slovak Republic,SVK,2023,.02113,.5575800000000001,102.315,SVK,4.628056289774793,0,1
Portugal,PRT,2023,.031,.9686,238.798,PRT,5.475618006273995,0,1
Uganda,UGA,2023,.05009,.50383,148564,UGA,11.9087711208122,0,1
Italy,ITA,2023,.00923,1.33938,1924.462,ITA,7.562401727140445,0,1
Singapore,SGP,2023,.0145,1.70433,536.769,SGP,6.285567834362476,0,1
Sweden,SWE,2023,-.00204,.32052,6327.198,SWE,8.752612763109571,0,1
Malaysia,MYS,2023,.03537,.6971200000000001,1570.142,MYS,7.358921340112246,0,1
Chile,CHL,2023,.00521,.39415,204520.965,CHL,12.22842576754776,0,1
Pakistan,PAK,2023,-.00212,.78508,38760.771,PAK,10.56516395744773,0,1
New Zealand,NZL,2023,.02181,.47295,282.064,NZL,5.642133995543388,0,1
United States,USA,2023,.02935,1.19963,22723.725,USA,10.03116481186114,0,1
