criterion,variable,cutoff,rss,N,N_low,N_high
TA,TA_hat,-.0276824166434264,1.69868863505303,996,100,896
TA,TA_hat,-.0276171437813372,1.698758052184437,996,101,895
TA,TA_hat,-.02761493056033,1.698760232038753,996,101,895
TA,TA_hat,-.027492567659193,1.698878544085906,996,102,894
TA,TA_hat,-.0274770036288689,1.69889330816974,996,103,893
TA,TA_hat,-.0274357499412742,1.698925476684821,996,105,891
TA,TA_hat,-.0273309234104983,1.699034461946102,996,106,890
TA,TA_hat,-.0273276884964827,1.699036904622839,996,107,889
TA,TA_hat,-.0273247256371153,1.699039033974714,996,107,889
TA,TA_hat,-.0272622545753079,1.699061872968327,996,108,888
TA,TA_hat,-.0272538508737597,1.699065804993915,996,109,887
TA,TA_hat,-.0272198196235672,1.699071675030329,996,111,885
TA,TA_hat,-.0272090784489563,1.699072447530095,996,112,884
TA,TA_hat,-.027208311459347,1.699072377915803,996,112,884
TA,TA_hat,-.0271746893815164,1.699073508048022,996,113,883
TA,TA_hat,-.0271606244107479,1.699077085506667,996,115,881
TA,TA_hat,-.0271121266048017,1.69906630787775,996,116,880
TA,TA_hat,-.0271017190674926,1.699064270750389,996,117,879
TA,TA_hat,-.0270583942074275,1.698995715363302,996,117,879
TA,TA_hat,-.0270537502299378,1.698988215563222,996,118,878
TA,TA_hat,-.0270016299445768,1.698904569075356,996,120,876
TA,TA_hat,-.0269922063218098,1.698890206484498,996,121,875
TA,TA_hat,-.026979460077683,1.698873374469791,996,121,875
TA,TA_hat,-.0269471543180169,1.69884464131958,996,123,873
TA,TA_hat,-.0269433866376332,1.698841599220856,996,124,872
TA,TA_hat,-.0269432838913254,1.698841499802332,996,125,871
TA,TA_hat,-.0268957856885043,1.698783823432273,996,126,870
TA,TA_hat,-.026883330946002,1.698768595501086,996,127,869
TA,TA_hat,-.0268653267139553,1.698747327487611,996,128,868
TA,TA_hat,-.026761863882702,1.698646709193105,996,128,868
TA,TA_hat,-.0267468172117005,1.6986297157496,996,130,866
TA,TA_hat,-.0266816975706437,1.698550077621853,996,130,866
TA,TA_hat,-.0266188113851984,1.69848330795937,996,131,865
TA,TA_hat,-.0265958005896809,1.698459298002596,996,132,864
TA,TA_hat,-.0265898110361072,1.698451865347831,996,133,863
TA,TA_hat,-.0265717453899543,1.698437691206016,996,134,862
TA,TA_hat,-.026556476675861,1.698427807264781,996,136,860
TA,TA_hat,-.0264747274737258,1.698377827331182,996,136,860
TA,TA_hat,-.0264645088192228,1.698371659585129,996,138,858
TA,TA_hat,-.0264477045661803,1.69836149499438,996,139,857
TA,TA_hat,-.0264470317719336,1.698361109832833,996,139,857
TA,TA_hat,-.0264311585679945,1.698353034584727,996,140,856
TA,TA_hat,-.0263758864272315,1.698320081726742,996,141,855
TA,TA_hat,-.026321596777661,1.698236365741979,996,142,854
TA,TA_hat,-.0263158546363974,1.698227172114811,996,144,852
TA,TA_hat,-.0263144016382834,1.698224546189439,996,144,852
TA,TA_hat,-.0262532985095355,1.698124214492151,996,146,850
TA,TA_hat,-.0262292097437398,1.698090147399353,996,146,850
TA,TA_hat,-.0262282100526744,1.698089026876861,996,147,849
TA,TA_hat,-.0261853325242137,1.698040432964096,996,149,847
TA,TA_hat,-.0261669991547373,1.69801768797533,996,150,846
TA,TA_hat,-.0261657247081759,1.698016054035661,996,151,845
TA,TA_hat,-.0261269837204441,1.697962854991121,996,152,844
TA,TA_hat,-.0261026285748871,1.697934856718443,996,153,843
TA,TA_hat,-.0260615007623465,1.697897168286523,996,154,842
TA,TA_hat,-.0260584196597967,1.697894114669039,996,155,841
TA,TA_hat,-.0260376733082285,1.697872998195292,996,155,841
TA,TA_hat,-.0260280148306302,1.69786499702214,996,156,840
TA,TA_hat,-.0260245898086546,1.697861794507375,996,158,838
TA,TA_hat,-.0260199744861048,1.697857027825273,996,159,837
TA,TA_hat,-.0259298816064631,1.697781635756107,996,160,836
TA,TA_hat,-.0259216783042809,1.697776328881184,996,160,836
TA,TA_hat,-.0258887895571761,1.697754881446154,996,162,834
TA,TA_hat,-.0258536364565802,1.697733641279282,996,162,834
TA,TA_hat,-.0258200587881519,1.697711918739384,996,164,832
TA,TA_hat,-.0257254582581603,1.697642079546241,996,164,832
TA,TA_hat,-.0256761052974488,1.697605548053143,996,165,831
TA,TA_hat,-.0256497871197008,1.697583428779887,996,166,830
TA,TA_hat,-.0256075260889408,1.697546101501544,996,168,828
TA,TA_hat,-.0256059725103012,1.697544634993887,996,168,828
TA,TA_hat,-.0255952473452335,1.697534573440015,996,170,826
TA,TA_hat,-.0255758050712332,1.697517622581671,996,171,825
TA,TA_hat,-.0255752164193073,1.697516994050384,996,172,824
TA,TA_hat,-.0255338908507118,1.697478539558035,996,173,823
TA,TA_hat,-.0254843230847827,1.697421371131277,996,174,822
TA,TA_hat,-.0254347549794676,1.697366704977458,996,175,821
TA,TA_hat,-.0254139743325112,1.697323717998098,996,176,820
TA,TA_hat,-.0253811501738168,1.697253758492708,996,176,820
TA,TA_hat,-.0253750075660818,1.697241608473614,996,178,818
TA,TA_hat,-.02535659547927,1.697205769419639,996,179,817
TA,TA_hat,-.0253213134776368,1.69714118458461,996,179,817
TA,TA_hat,-.0252749459585263,1.697049199727388,996,181,815
TA,TA_hat,-.0252298397303493,1.696972129323089,996,182,814
TA,TA_hat,-.0251839352096469,1.696888750298645,996,183,813
TA,TA_hat,-.0251612904199387,1.696851477398569,996,183,813
TA,TA_hat,-.0251396479327483,1.696818533860379,996,184,812
TA,TA_hat,-.0251098230986403,1.696766972087119,996,186,810
TA,TA_hat,-.0250897902398207,1.696742098311407,996,186,810
TA,TA_hat,-.0250828434396059,1.696731477420634,996,188,808
TA,TA_hat,-.0250754049217176,1.69672065187646,996,189,807
TA,TA_hat,-.025005488750667,1.696626004558463,996,189,807
TA,TA_hat,-.0249674263816105,1.69657986272393,996,190,806
TA,TA_hat,-.0249461558555508,1.696552429531849,996,191,805
TA,TA_hat,-.0249385009470614,1.696544507556141,996,193,803
TA,TA_hat,-.0248638536451186,1.696470886694895,996,194,802
TA,TA_hat,-.0248457140650357,1.696451870966184,996,195,801
TA,TA_hat,-.0246754470680178,1.69627767730872,996,195,801
TA,TA_hat,-.0246667537501998,1.696269244545554,996,196,800
TA,TA_hat,-.0246659192522926,1.69626843580777,996,197,799
TA,TA_hat,-.0246612029580376,1.696262992613845,996,199,797
TA,TA_hat,-.0246145982686051,1.696208928691968,996,200,796
TA,TA_hat,-.0246057678873429,1.696196403759649,996,200,796
TA,TA_hat,-.0245427492593969,1.696106299996159,996,202,794
TA,TA_hat,-.0245194034537745,1.696073915830804,996,203,793
TA,TA_hat,-.0244841413696827,1.696025463778204,996,204,792
TA,TA_hat,-.0244663036936191,1.696001055042347,996,205,791
TA,TA_hat,-.0244630234541711,1.695996781247363,996,205,791
TA,TA_hat,-.0244551763225663,1.69598629571056,996,206,790
TA,TA_hat,-.0244440154506365,1.695973036778184,996,207,789
TA,TA_hat,-.0244300048795244,1.695957048531005,996,208,788
TA,TA_hat,-.0244005695024801,1.695924873875633,996,209,787
TA,TA_hat,-.0243997050302248,1.695923937048293,996,211,785
TA,TA_hat,-.0243974747197935,1.695921751955972,996,212,784
TA,TA_hat,-.0243828743806893,1.695906011389189,996,212,784
TA,TA_hat,-.0242418829988115,1.695756457530731,996,213,783
TA,TA_hat,-.0242254542293485,1.695739002942695,996,214,782
TA,TA_hat,-.0241819772069868,1.695686212450286,996,216,780
TA,TA_hat,-.0241435623220197,1.69563700395528,996,217,779
TA,TA_hat,-.0241189551640327,1.695606204972417,996,218,778
TA,TA_hat,-.0240707086923761,1.695538663343904,996,219,777
TA,TA_hat,-.0240430774223046,1.695500901956553,996,220,776
TA,TA_hat,-.0240253023728853,1.695477176684472,996,221,775
TA,TA_hat,-.0240139315569568,1.695462993547545,996,221,775
TA,TA_hat,-.0239197021899655,1.695348596093907,996,223,773
TA,TA_hat,-.0239121867114132,1.69533899446516,996,224,772
TA,TA_hat,-.0239087662608585,1.695333852699709,996,224,772
TA,TA_hat,-.0239029479193412,1.695325129692957,996,226,770
TA,TA_hat,-.0238843875916986,1.695297021350302,996,227,769
TA,TA_hat,-.0238214913247493,1.695207459908379,996,228,768
TA,TA_hat,-.0237977784640299,1.695176224449551,996,229,767
TA,TA_hat,-.0237658301489988,1.695136728342346,996,230,766
TA,TA_hat,-.0237440652848061,1.695110528869538,996,231,765
TA,TA_hat,-.0236725610923216,1.695027469040229,996,232,764
TA,TA_hat,-.0236165707020197,1.694966363061972,996,232,764
TA,TA_hat,-.0236034590039106,1.694953059097433,996,233,763
TA,TA_hat,-.0235448702580679,1.694886993493473,996,235,761
TA,TA_hat,-.0234925444458803,1.694829252381301,996,236,760
TA,TA_hat,-.0234827829219488,1.6948191638396,996,236,760
TA,TA_hat,-.023463890870939,1.694796533145643,996,237,759
TA,TA_hat,-.0234388238540838,1.694757268580274,996,238,758
TA,TA_hat,-.0233571313724664,1.694629657715172,996,240,756
TA,TA_hat,-.0233458936243264,1.694612206622192,996,241,755
TA,TA_hat,-.0233233382406976,1.694578748098332,996,242,754
TA,TA_hat,-.0233148852846716,1.694566429529309,996,242,754
TA,TA_hat,-.0233130101391629,1.694563438442167,996,244,752
TA,TA_hat,-.0232213264335965,1.694424586794965,996,244,752
TA,TA_hat,-.0232098698646344,1.694407027500278,996,245,751
TA,TA_hat,-.0232068369861933,1.69440287998248,996,247,749
TA,TA_hat,-.0231792899696896,1.6943701699798,996,247,749
TA,TA_hat,-.0231588070525591,1.694345206292741,996,249,747
TA,TA_hat,-.0231450585092154,1.694325406567396,996,250,746
TA,TA_hat,-.0231397696473254,1.694317446629982,996,250,746
TA,TA_hat,-.0231257844648951,1.69430272194361,996,251,745
TA,TA_hat,-.0231210546426675,1.694300939449447,996,253,743
TA,TA_hat,-.0230740616402252,1.69427742809618,996,254,742
TA,TA_hat,-.0230620296776029,1.694270797912658,996,254,742
TA,TA_hat,-.0230407171780098,1.694259347307085,996,255,741
TA,TA_hat,-.0230395533799795,1.69425875019739,996,256,740
TA,TA_hat,-.0230300959632888,1.694254236384164,996,258,738
TA,TA_hat,-.0229890540691958,1.694240339321974,996,259,737
TA,TA_hat,-.022932245663753,1.694225132816251,996,259,737
TA,TA_hat,-.0229089999327426,1.694222349184339,996,260,736
TA,TA_hat,-.0228409011771074,1.694214166444481,996,261,735
TA,TA_hat,-.0228288529748811,1.694212216980706,996,263,733
TA,TA_hat,-.0228241525835095,1.694211958556261,996,263,733
TA,TA_hat,-.022760492988842,1.694203781239847,996,264,732
TA,TA_hat,-.0227075316946057,1.694194762299732,996,266,730
TA,TA_hat,-.0227049102599056,1.694194246546938,996,267,729
TA,TA_hat,-.0226981016550506,1.694191748249193,996,268,728
TA,TA_hat,-.0226650860367801,1.694178140403095,996,269,727
TA,TA_hat,-.0226291418181394,1.694159765219352,996,269,727
TA,TA_hat,-.0225807963883885,1.694146106518958,996,270,726
TA,TA_hat,-.0225524572952981,1.694136728737512,996,271,725
TA,TA_hat,-.0225508614369386,1.694136200205527,996,273,723
TA,TA_hat,-.0225434132681333,1.694133776746587,996,273,723
TA,TA_hat,-.0225350143388741,1.694130957636272,996,274,722
TA,TA_hat,-.0224897613922579,1.694131424870135,996,275,721
TA,TA_hat,-.0224812709744843,1.694129514126344,996,277,719
TA,TA_hat,-.0224065286345223,1.694121895181049,996,277,719
TA,TA_hat,-.0223870309970965,1.694120271391887,996,279,717
TA,TA_hat,-.0223867969137951,1.694120244341156,996,280,716
TA,TA_hat,-.0223295634109419,1.694129239796078,996,280,716
TA,TA_hat,-.0222825543827574,1.694137835424971,996,282,714
TA,TA_hat,-.0222778582206572,1.694139267712604,996,282,714
TA,TA_hat,-.0222770256285328,1.694139499565454,996,284,712
TA,TA_hat,-.0222742242844555,1.694140025539258,996,284,712
TA,TA_hat,-.0222607383387991,1.694141602080345,996,286,710
TA,TA_hat,-.0222453835561792,1.694142129732076,996,287,709
TA,TA_hat,-.0222433305793117,1.694142066839317,996,288,708
TA,TA_hat,-.0222157840031114,1.694144271362682,996,289,707
TA,TA_hat,-.0221630497398991,1.694140905929619,996,289,707
TA,TA_hat,-.0221286777092752,1.694144193141469,996,290,706
TA,TA_hat,-.0221181073152021,1.694144177007556,996,292,704
TA,TA_hat,-.0220499217786392,1.694144234094517,996,292,704
TA,TA_hat,-.0220447221119193,1.69414393314222,996,293,703
TA,TA_hat,-.0220362443999217,1.694143036482999,996,295,701
TA,TA_hat,-.0220152851750253,1.694137633725166,996,295,701
TA,TA_hat,-.0219991981056143,1.694135087483737,996,297,699
TA,TA_hat,-.0219270723892764,1.694179312875263,996,297,699
TA,TA_hat,-.021920621357539,1.694183352392789,996,298,698
TA,TA_hat,-.0218955813474065,1.694198481146498,996,300,696
TA,TA_hat,-.0218716980338374,1.694211377756007,996,300,696
TA,TA_hat,-.0218666322495536,1.694214199256048,996,301,695
TA,TA_hat,-.021822141261279,1.69423027184223,996,302,694
TA,TA_hat,-.0218006936995806,1.694236003541894,996,304,692
TA,TA_hat,-.0217828213903719,1.694239743954387,996,304,692
TA,TA_hat,-.0217577582245438,1.694250762587879,996,305,691
TA,TA_hat,-.0217562657491099,1.694251387543924,996,307,689
TA,TA_hat,-.0217080495786249,1.694279137471517,996,308,688
TA,TA_hat,-.021688855347517,1.69428671767675,996,309,687
TA,TA_hat,-.0216659939124704,1.694297506442304,996,310,686
TA,TA_hat,-.0216604248141236,1.69430080013854,996,311,685
TA,TA_hat,-.0216221337571765,1.694332252083454,996,311,685
TA,TA_hat,-.0216167916809114,1.694335711838639,996,313,683
TA,TA_hat,-.0216023918354804,1.694343066582256,996,314,682
TA,TA_hat,-.0215874555589897,1.694350483470121,996,315,681
TA,TA_hat,-.0215424979434131,1.694374758533681,996,315,681
TA,TA_hat,-.0215303269783448,1.694380633132904,996,317,679
TA,TA_hat,-.0215121397313148,1.694389917125858,996,318,678
TA,TA_hat,-.0214921169570502,1.694398477573279,996,318,678
TA,TA_hat,-.0214820761381671,1.69440274844915,996,320,676
TA,TA_hat,-.0214608077637239,1.694410417421474,996,320,676
TA,TA_hat,-.0213736476140441,1.694435446148791,996,321,675
TA,TA_hat,-.0213514897126815,1.694440297064741,996,322,674
TA,TA_hat,-.021285024275688,1.694454508847018,996,324,672
TA,TA_hat,-.0212289867241159,1.694477198264439,996,325,671
TA,TA_hat,-.0212007685362663,1.694491689343419,996,326,670
TA,TA_hat,-.0211740301800455,1.694503582059952,996,327,669
TA,TA_hat,-.021170803010992,1.694505319829569,996,328,668
TA,TA_hat,-.0211404706502562,1.694519250805968,996,329,667
TA,TA_hat,-.0211270674103521,1.694529596186237,996,329,667
TA,TA_hat,-.0211066420513023,1.6945441606886,996,331,665
TA,TA_hat,-.0210987391238175,1.694549971675955,996,332,664
TA,TA_hat,-.0210603442314636,1.694569505873107,996,333,663
TA,TA_hat,-.0210503993520818,1.694574727976305,996,334,662
TA,TA_hat,-.0209867975020794,1.694610379550992,996,335,661
TA,TA_hat,-.0209702062929176,1.694619892986354,996,335,661
TA,TA_hat,-.020907627224565,1.694655734141763,996,337,659
TA,TA_hat,-.0208071910662648,1.694717541166947,996,338,658
TA,TA_hat,-.0207990372049296,1.694722568227488,996,338,658
TA,TA_hat,-.0207958041917241,1.694724657795468,996,340,656
TA,TA_hat,-.0207951031895596,1.694725138966662,996,340,656
TA,TA_hat,-.020770315834842,1.694745375827613,996,341,655
TA,TA_hat,-.0207684221655101,1.694747089527961,996,342,654
TA,TA_hat,-.0207538099022185,1.694759472232167,996,343,653
TA,TA_hat,-.0207138407706715,1.69479456311972,996,345,651
TA,TA_hat,-.0206872603584178,1.694814879375565,996,346,650
TA,TA_hat,-.0206808737110306,1.694818852958321,996,347,649
TA,TA_hat,-.0206579604881476,1.694831561086286,996,347,649
TA,TA_hat,-.0206295872651488,1.694845661407772,996,349,647
TA,TA_hat,-.0206281809619058,1.69484641476081,996,349,647
TA,TA_hat,-.0205632963926588,1.694880130108181,996,351,645
TA,TA_hat,-.0205488677118659,1.694886082900088,996,352,644
TA,TA_hat,-.0205235919821187,1.694896512778744,996,352,644
TA,TA_hat,-.020511106017232,1.694900311485926,996,354,642
TA,TA_hat,-.0204812170368459,1.694910295668875,996,354,642
TA,TA_hat,-.0204401615207379,1.694925721218217,996,356,640
TA,TA_hat,-.0204309479495256,1.694927658864726,996,356,640
TA,TA_hat,-.0204211608662151,1.694929888730447,996,357,639
TA,TA_hat,-.0204140794824259,1.694931800963144,996,359,637
TA,TA_hat,-.0203923616387646,1.694937772080797,996,360,636
TA,TA_hat,-.0203715713534768,1.694941964749161,996,360,636
TA,TA_hat,-.0203373197136247,1.69494782289509,996,362,634
TA,TA_hat,-.0203096289264575,1.694950746841944,996,362,634
TA,TA_hat,-.02027595377642,1.694953097642052,996,363,633
TA,TA_hat,-.0201914380684869,1.694966634271255,996,365,631
TA,TA_hat,-.0201359929989336,1.694926967006046,996,365,631
TA,TA_hat,-.0201254336046739,1.694919807309325,996,366,630
TA,TA_hat,-.0201166266951792,1.694913936435069,996,367,629
TA,TA_hat,-.0201097507480268,1.694909145162542,996,369,627
TA,TA_hat,-.0201080145639817,1.694907867910794,996,370,626
TA,TA_hat,-.0200604376045396,1.694876050259358,996,370,626
TA,TA_hat,-.0200530286345913,1.694871270495479,996,371,625
TA,TA_hat,-.0200517903979031,1.694870491003004,996,373,623
TA,TA_hat,-.0199731927824093,1.694821671710172,996,373,623
TA,TA_hat,-.0199632261055054,1.694817159121716,996,375,621
TA,TA_hat,-.0199012119823333,1.694790760067817,996,375,621
TA,TA_hat,-.0198840622241932,1.694782499685842,996,377,619
TA,TA_hat,-.0198687029772302,1.69477714186712,996,378,618
TA,TA_hat,-.0198654267695518,1.69477604205572,996,379,617
TA,TA_hat,-.0198327196220864,1.694766226534084,996,380,616
TA,TA_hat,-.0198225789885734,1.694762739094078,996,381,615
TA,TA_hat,-.0198142093528091,1.694761284776608,996,382,614
TA,TA_hat,-.0198073110605475,1.694760056555781,996,382,614
TA,TA_hat,-.0197588589660487,1.694754156912759,996,383,613
TA,TA_hat,-.0197466408939821,1.694750183353426,996,384,612
TA,TA_hat,-.0197461885197026,1.694750078278451,996,386,610
TA,TA_hat,-.0196927697095908,1.694733690558188,996,387,609
TA,TA_hat,-.0196586088390985,1.694729404953722,996,388,608
TA,TA_hat,-.0196269612323854,1.694725904420705,996,389,607
TA,TA_hat,-.0195613347993676,1.694722907745268,996,389,607
TA,TA_hat,-.0195285384346987,1.694720901061642,996,390,606
TA,TA_hat,-.0194763640825199,1.694719856551527,996,392,604
TA,TA_hat,-.0194721659301828,1.694719801347993,996,392,604
TA,TA_hat,-.0194676003359599,1.694719376663554,996,393,603
TA,TA_hat,-.0194465706301682,1.694718383727052,996,395,601
TA,TA_hat,-.0194441905053858,1.694717047270712,996,395,601
TA,TA_hat,-.0194402023621987,1.694714774929809,996,397,599
TA,TA_hat,-.0193747356301187,1.694682546555015,996,398,598
TA,TA_hat,-.0193537089457325,1.694676011755456,996,399,597
TA,TA_hat,-.0193370303700726,1.694670611621792,996,399,597
TA,TA_hat,-.0193172300699719,1.69466310914474,996,400,596
TA,TA_hat,-.0193015406216921,1.694657931074111,996,402,594
TA,TA_hat,-.0192942140616211,1.69465543383334,996,403,593
TA,TA_hat,-.019281901353922,1.694650918897655,996,403,593
TA,TA_hat,-.0192755327954104,1.694648399697934,996,405,591
TA,TA_hat,-.019273858734913,1.694647454962893,996,405,591
TA,TA_hat,-.0192691631993715,1.694644721752653,996,406,590
TA,TA_hat,-.0192044887631004,1.694593940879875,996,408,588
TA,TA_hat,-.019174852424768,1.694572485269313,996,409,587
TA,TA_hat,-.01914195511662,1.694548937328652,996,409,587
TA,TA_hat,-.0191365695880248,1.694544569195462,996,411,585
TA,TA_hat,-.019100988998081,1.694514263398044,996,412,584
TA,TA_hat,-.0190414886174049,1.694467231208673,996,413,583
TA,TA_hat,-.0189675455484637,1.694413099929674,996,413,583
TA,TA_hat,-.0189625059340824,1.694411905245435,996,414,582
TA,TA_hat,-.0189046114898177,1.694403186092335,996,416,580
TA,TA_hat,-.0188596066148903,1.694391899826494,996,417,579
TA,TA_hat,-.0188583761548086,1.694391610279235,996,417,579
TA,TA_hat,-.0188491767062702,1.694388578375439,996,418,578
TA,TA_hat,-.0188357956674303,1.694383967558353,996,420,576
TA,TA_hat,-.0188168589653281,1.694374757394224,996,420,576
TA,TA_hat,-.0188067683397645,1.694371532470045,996,422,574
TA,TA_hat,-.0188001210035644,1.694370895594954,996,422,574
TA,TA_hat,-.0187472975172487,1.694370718422935,996,424,572
TA,TA_hat,-.0187096747343242,1.694368497197042,996,424,572
TA,TA_hat,-.018698053743098,1.694366761378057,996,425,571
TA,TA_hat,-.0186886789586482,1.694363546787555,996,427,569
TA,TA_hat,-.0186568498052157,1.694351248766503,996,428,568
TA,TA_hat,-.0186377017493833,1.694353194114939,996,429,567
TA,TA_hat,-.0186055522933822,1.694352288469664,996,429,567
TA,TA_hat,-.0185623311267298,1.694354313523821,996,430,566
TA,TA_hat,-.0185183423184799,1.694365733912658,996,432,564
TA,TA_hat,-.0185070404721056,1.69436782526698,996,433,563
TA,TA_hat,-.0184920178123607,1.694373630504625,996,434,562
TA,TA_hat,-.0184886735233482,1.69437471739809,996,435,561
TA,TA_hat,-.0184818942449226,1.694377000595811,996,435,561
TA,TA_hat,-.0184406966319608,1.694377827824293,996,437,559
TA,TA_hat,-.0184203118759791,1.694378331898292,996,437,559
TA,TA_hat,-.0183890402348819,1.694375128298269,996,439,557
TA,TA_hat,-.0183464820243247,1.694368302701486,996,440,556
TA,TA_hat,-.018316266055575,1.694364410545289,996,440,556
TA,TA_hat,-.0181702889788974,1.694324704626877,996,442,554
TA,TA_hat,-.018166954225768,1.694323440109657,996,443,553
TA,TA_hat,-.0181547040639488,1.694318883387625,996,444,552
TA,TA_hat,-.0181507851075287,1.694317564753738,996,445,551
TA,TA_hat,-.0181366303626424,1.694312890959642,996,445,551
TA,TA_hat,-.0181280268236685,1.694310594943482,996,446,550
TA,TA_hat,-.0181234552255569,1.69430883774478,996,447,549
TA,TA_hat,-.0181061176487169,1.694301015975777,996,448,548
TA,TA_hat,-.0181000471745225,1.694298522405525,996,450,546
TA,TA_hat,-.0180404049089076,1.694284666294592,996,451,545
TA,TA_hat,-.0179569586425829,1.694263492617148,996,451,545
TA,TA_hat,-.0179546431947999,1.694262979093464,996,452,544
TA,TA_hat,-.0179542610940612,1.69426287241464,996,454,542
TA,TA_hat,-.0179484878296331,1.694261331976516,996,454,542
TA,TA_hat,-.0179244824569344,1.694254137237775,996,455,541
TA,TA_hat,-.017906714724061,1.694248259207503,996,456,540
TA,TA_hat,-.0179063900572402,1.6942481458482,996,457,539
TA,TA_hat,-.0178827659786156,1.694238950651055,996,459,537
TA,TA_hat,-.0178598259840217,1.694231430223887,996,460,536
TA,TA_hat,-.0178485396511034,1.694227248972994,996,460,536
TA,TA_hat,-.0178392799485005,1.6942232444193,996,461,535
TA,TA_hat,-.0178344944495681,1.694220780958159,996,463,533
TA,TA_hat,-.0178232918405599,1.694213561189319,996,464,532
TA,TA_hat,-.0177008198677743,1.6941574478506,996,464,532
TA,TA_hat,-.01769065993827,1.694152008636444,996,465,531
TA,TA_hat,-.0176317073071728,1.694117491802477,996,467,529
TA,TA_hat,-.0176123571676355,1.69410665995389,996,467,529
TA,TA_hat,-.0175831333417078,1.694090937680388,996,468,528
TA,TA_hat,-.0175780665701193,1.694088197941045,996,470,526
TA,TA_hat,-.0175512966743791,1.694073486184412,996,470,526
TA,TA_hat,-.0175303423314194,1.694059147481995,996,472,524
TA,TA_hat,-.0174494815770943,1.694000352473688,996,472,524
TA,TA_hat,-.0174352552478732,1.693991258803591,996,473,523
TA,TA_hat,-.0174144654723041,1.693978508149034,996,475,521
TA,TA_hat,-.0173856414037709,1.693960206390547,996,475,521
TA,TA_hat,-.0173769196841122,1.693954601538362,996,477,519
TA,TA_hat,-.0173075667829116,1.693908201721539,996,478,518
TA,TA_hat,-.017237081822892,1.693852313020562,996,479,517
TA,TA_hat,-.0171902159609486,1.693817097885645,996,480,516
TA,TA_hat,-.0171405246556227,1.693777306573266,996,481,515
TA,TA_hat,-.0171227861192035,1.693762435265201,996,481,515
TA,TA_hat,-.0171167875150933,1.693756985956805,996,483,513
TA,TA_hat,-.0171083683505187,1.693749014741862,996,484,512
TA,TA_hat,-.0171007116756182,1.693741203725957,996,485,511
TA,TA_hat,-.0170881056500761,1.693728550714512,996,485,511
TA,TA_hat,-.0170867006269351,1.693727045016883,996,487,509
TA,TA_hat,-.0170667645811454,1.693706529666116,996,487,509
TA,TA_hat,-.017066760186532,1.693706525103105,996,489,507
TA,TA_hat,-.0170522899867301,1.693691554045626,996,489,507
TA,TA_hat,-.0170411122660269,1.693679144542465,996,491,505
TA,TA_hat,-.0170176206473876,1.69365696252145,996,491,505
TA,TA_hat,-.0170106753483032,1.693650834332737,996,492,504
TA,TA_hat,-.0169976123297889,1.693639894114351,996,493,503
TA,TA_hat,-.0169908972388241,1.693634486655432,996,495,501
TA,TA_hat,-.0169384783783142,1.693593872512154,996,496,500
TA,TA_hat,-.0168350841789883,1.693511801675526,996,496,500
TA,TA_hat,-.0168263947666597,1.693504693772205,996,497,499
TA,TA_hat,-.0167607152257608,1.693452792073024,996,499,497
TA,TA_hat,-.0166483038890822,1.693370295718794,996,500,496
TA,TA_hat,-.0166402997997761,1.693364834023679,996,501,495
TA,TA_hat,-.0166147377456174,1.693350116169247,996,502,494
TA,TA_hat,-.0165779388654286,1.693326250219332,996,502,494
TA,TA_hat,-.0165710864906997,1.693321334786356,996,503,493
TA,TA_hat,-.0165144664194232,1.69327663227101,996,505,491
TA,TA_hat,-.0164524831921284,1.693226026197389,996,506,490
TA,TA_hat,-.0164291797062044,1.693207461106238,996,507,489
TA,TA_hat,-.0164250337581259,1.693204354869764,996,507,489
TA,TA_hat,-.0163670371504915,1.693162650257106,996,508,488
TA,TA_hat,-.0163413320565023,1.693144509340742,996,510,486
TA,TA_hat,-.0163324983790264,1.693137962266935,996,510,486
TA,TA_hat,-.0162999611398443,1.69311232152854,996,512,484
TA,TA_hat,-.0162531150820923,1.693075864712669,996,512,484
TA,TA_hat,-.0162466619913012,1.693071121337999,996,514,482
TA,TA_hat,-.0162178218444982,1.693050123085929,996,515,481
TA,TA_hat,-.0162170846969675,1.693049529311506,996,515,481
TA,TA_hat,-.0161989438943496,1.693034256659703,996,516,480
TA,TA_hat,-.0160973892473535,1.692947407634684,996,518,478
TA,TA_hat,-.0160829660061287,1.692939901979301,996,518,478
TA,TA_hat,-.0160513112830119,1.692924042591926,996,519,477
TA,TA_hat,-.0160447188409183,1.692920908403936,996,521,475
TA,TA_hat,-.0160018028400113,1.692895999247141,996,522,474
TA,TA_hat,-.0159852067413599,1.69288779721418,996,523,473
TA,TA_hat,-.015969492334643,1.692879755165109,996,524,472
TA,TA_hat,-.0159580341448874,1.692874523138522,996,524,472
TA,TA_hat,-.015913686028701,1.692853323639838,996,526,470
TA,TA_hat,-.0158730986900724,1.692834915878151,996,527,469
TA,TA_hat,-.0157260348643674,1.692761527928984,996,527,469
TA,TA_hat,-.0156755470961499,1.692732450392319,996,528,468
TA,TA_hat,-.0156433564836764,1.692708929977888,996,529,467
TA,TA_hat,-.0156416488765587,1.692707715509459,996,531,465
TA,TA_hat,-.0156351582344364,1.692702426886163,996,532,464
TA,TA_hat,-.0156258720581451,1.692694942667817,996,532,464
TA,TA_hat,-.0156040609222301,1.692676763546108,996,534,462
TA,TA_hat,-.0155903712785336,1.692666739505556,996,535,461
TA,TA_hat,-.0155841329607884,1.692661564939207,996,536,460
TA,TA_hat,-.0155376130374553,1.692625774141146,996,536,460
TA,TA_hat,-.0155332817154096,1.692622726399194,996,537,459
TA,TA_hat,-.0155208288606709,1.692616352218621,996,538,458
TA,TA_hat,-.0153972148780942,1.692475624368215,996,540,456
TA,TA_hat,-.015375341923799,1.692450770382553,996,541,455
TA,TA_hat,-.0153568552748142,1.692427535184123,996,541,455
TA,TA_hat,-.0153533549337341,1.692423021094174,996,543,453
TA,TA_hat,-.0153169769339289,1.692376530207573,996,543,453
TA,TA_hat,-.0152540542514376,1.692298238426082,996,545,451
TA,TA_hat,-.0152025556838697,1.692230925547904,996,546,450
TA,TA_hat,-.0151732259663766,1.692194116357769,996,546,450
TA,TA_hat,-.0151702668151828,1.69219048625355,996,547,449
TA,TA_hat,-.0151672261996397,1.692186806132807,996,549,447
TA,TA_hat,-.0151513701520046,1.692166833722857,996,549,447
TA,TA_hat,-.0151420714983341,1.692153960726162,996,550,446
TA,TA_hat,-.015116308025513,1.692119873294149,996,551,445
TA,TA_hat,-.0151119335013373,1.692113683296576,996,552,444
TA,TA_hat,-.015095758895408,1.692089963860307,996,554,442
TA,TA_hat,-.0149784180132473,1.691917388240351,996,555,441
TA,TA_hat,-.0149732377321451,1.691910202134961,996,555,441
TA,TA_hat,-.0149653287583774,1.691899807469599,996,556,440
TA,TA_hat,-.0149514112434987,1.691881423643961,996,558,438
TA,TA_hat,-.0149429462958348,1.691870198602649,996,558,438
TA,TA_hat,-.0149049066087282,1.691819552665414,996,559,437
TA,TA_hat,-.0148886786751699,1.691799231280132,996,561,435
TA,TA_hat,-.0148841784635107,1.691793754158697,996,562,434
TA,TA_hat,-.014850682016086,1.691750676121914,996,562,434
TA,TA_hat,-.0148372558980024,1.691730821603066,996,563,433
TA,TA_hat,-.0148296944828344,1.691719068280108,996,565,431
TA,TA_hat,-.0147800014834794,1.691646687080491,996,565,431
TA,TA_hat,-.014766242775923,1.691629547924982,996,566,430
TA,TA_hat,-.014751645001802,1.691609787596665,996,568,428
TA,TA_hat,-.0147389410014394,1.691592308022481,996,569,427
TA,TA_hat,-.0147081523232026,1.691554545327457,996,570,426
TA,TA_hat,-.0147023657748698,1.691547146864208,996,571,425
TA,TA_hat,-.0146607229412738,1.691495875648596,996,571,425
TA,TA_hat,-.0146056464797279,1.691430815378423,996,573,423
TA,TA_hat,-.0145373415533282,1.691362749216514,996,573,423
TA,TA_hat,-.0145361552688013,1.691361550295549,996,575,421
TA,TA_hat,-.0145282602807278,1.691353531508069,996,576,420
TA,TA_hat,-.0145203359140117,1.691345676926896,996,577,419
TA,TA_hat,-.0144731611215604,1.691298422048132,996,577,419
TA,TA_hat,-.014471482348722,1.691296831561474,996,579,417
TA,TA_hat,-.0144026184365769,1.691229532486509,996,579,417
TA,TA_hat,-.0143604288672274,1.691188402771125,996,580,416
TA,TA_hat,-.0143247002733937,1.691147429637659,996,581,415
TA,TA_hat,-.0143218475388428,1.691144202933631,996,583,413
TA,TA_hat,-.0142651607865283,1.69107966786286,996,584,412
TA,TA_hat,-.0142106935140848,1.691010023911732,996,584,412
TA,TA_hat,-.014203025757977,1.6909998188045,996,586,410
TA,TA_hat,-.0141761566318983,1.69096103714632,996,586,410
TA,TA_hat,-.0141597801871786,1.690937870651954,996,587,409
TA,TA_hat,-.0141056936535894,1.690860840753482,996,588,408
TA,TA_hat,-.0140811252901057,1.690826921423489,996,589,407
TA,TA_hat,-.0140695727896892,1.690809412775834,996,590,406
TA,TA_hat,-.0140673326998333,1.690806122913923,996,591,405
TA,TA_hat,-.0140329443720808,1.69075444819734,996,592,404
TA,TA_hat,-.0140036530225666,1.690712463319803,996,594,402
TA,TA_hat,-.0140021537280393,1.690710177118433,996,595,401
TA,TA_hat,-.0139424693140717,1.690617318898554,996,595,401
TA,TA_hat,-.0139392736680524,1.69061255854807,996,597,399
TA,TA_hat,-.0139169432257065,1.690580838347428,996,598,398
TA,TA_hat,-.0138777101538855,1.690531168312133,996,599,397
TA,TA_hat,-.0138682078422578,1.690518484910433,996,599,397
TA,TA_hat,-.0138354654526419,1.690470683010804,996,601,395
TA,TA_hat,-.013832128624558,1.690465735944005,996,601,395
TA,TA_hat,-.0138319501860306,1.69046545926738,996,602,394
TA,TA_hat,-.013811011700861,1.690433222200661,996,604,392
TA,TA_hat,-.0138037877225477,1.690421500154521,996,604,392
TA,TA_hat,-.0138028496247249,1.69042010185772,996,605,391
TA,TA_hat,-.0137999555499557,1.690415769772918,996,606,390
TA,TA_hat,-.0137808039121836,1.690386283175454,996,607,389
TA,TA_hat,-.0137715098851497,1.69037153040615,996,609,387
TA,TA_hat,-.0137510138989431,1.690339841706093,996,610,386
TA,TA_hat,-.013724821340792,1.690297012236171,996,611,385
TA,TA_hat,-.0136811514867784,1.690228032495343,996,611,385
TA,TA_hat,-.0136648668773237,1.690202537314226,996,613,383
TA,TA_hat,-.0136595975184129,1.690194330491968,996,613,383
TA,TA_hat,-.0135568228136734,1.690038105143721,996,615,381
TA,TA_hat,-.0134684916236816,1.689905317615023,996,615,381
TA,TA_hat,-.0133825332484528,1.689774892991288,996,616,380
TA,TA_hat,-.013381538446745,1.689773298595646,996,617,379
TA,TA_hat,-.0133510440132945,1.689723676481238,996,618,378
TA,TA_hat,-.0133387618556454,1.689704082841326,996,620,376
TA,TA_hat,-.0133381746908963,1.689703158840873,996,620,376
TA,TA_hat,-.0132901801327866,1.689626443322821,996,621,375
TA,TA_hat,-.0132809209689149,1.689612220331402,996,623,373
TA,TA_hat,-.0132497800734831,1.68956621433802,996,624,372
TA,TA_hat,-.0132167270119997,1.689515047779066,996,625,371
TA,TA_hat,-.0132063520348593,1.689500510874063,996,625,371
TA,TA_hat,-.0131553796025796,1.689426372731577,996,626,370
TA,TA_hat,-.0131392832285038,1.689403053528048,996,627,369
TA,TA_hat,-.0131319877286091,1.689391897101645,996,628,368
TA,TA_hat,-.0130907061003025,1.689327864123236,996,629,367
TA,TA_hat,-.0130900049166418,1.689326781389892,996,631,365
TA,TA_hat,-.0130290311901578,1.689234575852249,996,631,365
TA,TA_hat,-.0130153378091509,1.689213573403362,996,632,364
TA,TA_hat,-.0130053811086943,1.689199068418304,996,634,362
TA,TA_hat,-.0129749160689263,1.689156148399041,996,635,361
TA,TA_hat,-.0129665593017144,1.689144650131824,996,635,361
TA,TA_hat,-.012934403303642,1.689102487212107,996,636,360
TA,TA_hat,-.0129285114896918,1.689094828968141,996,637,359
TA,TA_hat,-.012884345960386,1.689037420677218,996,639,357
TA,TA_hat,-.0128757497417066,1.689030447267785,996,639,357
TA,TA_hat,-.0128610617848992,1.689019684168044,996,641,355
TA,TA_hat,-.0128607071526586,1.689019430707423,996,642,354
TA,TA_hat,-.0128553878307421,1.689016561341799,996,642,354
TA,TA_hat,-.0127176643421685,1.688945872226271,996,643,353
TA,TA_hat,-.0126571415371492,1.688918985504968,996,644,352
TA,TA_hat,-.0126248385621886,1.688892478780188,996,646,350
TA,TA_hat,-.0125589377242276,1.688849169214097,996,647,349
TA,TA_hat,-.0124842845569989,1.688803279361051,996,648,348
TA,TA_hat,-.0124776228478084,1.688802457867833,996,648,348
TA,TA_hat,-.0124105119658506,1.688799731200403,996,650,346
TA,TA_hat,-.0123436967872555,1.688791213836227,996,651,345
TA,TA_hat,-.0123146420986982,1.688788870373849,996,652,344
TA,TA_hat,-.0123065462405374,1.688788290578791,996,653,343
TA,TA_hat,-.0122614493975477,1.688784531617272,996,653,343
TA,TA_hat,-.0122453792800312,1.688783007329835,996,655,341
TA,TA_hat,-.0122233531300458,1.68878591340484,996,656,340
TA,TA_hat,-.0121980427680559,1.688786785655324,996,657,339
TA,TA_hat,-.0121967532117898,1.688786655073649,996,658,338
TA,TA_hat,-.0121800467988728,1.688785944266972,996,659,337
TA,TA_hat,-.0120472546001426,1.688778256297614,996,659,337
TA,TA_hat,-.0120353834228192,1.688776022654604,996,661,335
TA,TA_hat,-.0120201878072444,1.688776208145075,996,661,335
TA,TA_hat,-.0119827560326244,1.68877067093295,996,662,334
TA,TA_hat,-.0118985416800458,1.688750627882083,996,663,333
TA,TA_hat,-.0118639096317335,1.688741994409376,996,665,331
TA,TA_hat,-.0118264729219655,1.688733793724523,996,666,330
TA,TA_hat,-.0118037585082472,1.68872914329282,996,667,329
TA,TA_hat,-.0117723921840445,1.688723604020833,996,668,328
TA,TA_hat,-.0117693412607402,1.688723378957455,996,668,328
TA,TA_hat,-.0117188618542337,1.688715983546791,996,670,326
TA,TA_hat,-.011642951321289,1.688721412943574,996,671,325
TA,TA_hat,-.0115970876773512,1.688727439399108,996,671,325
TA,TA_hat,-.0115476205056061,1.688729842227357,996,672,324
TA,TA_hat,-.0115381662565179,1.688730736156734,996,673,323
TA,TA_hat,-.0114436104412218,1.68869509838507,996,674,322
TA,TA_hat,-.0114386619426344,1.688693500731555,996,676,320
TA,TA_hat,-.0114121898363345,1.68868305174917,996,677,319
TA,TA_hat,-.0113998863114262,1.688677860678597,996,678,318
TA,TA_hat,-.0113682920875168,1.688668255144995,996,679,317
TA,TA_hat,-.0113005853570326,1.688639441121635,996,680,316
TA,TA_hat,-.0112603548152734,1.688619216944873,996,681,315
TA,TA_hat,-.011232986659704,1.68860046910806,996,682,314
TA,TA_hat,-.0112303402155375,1.68859859785361,996,682,314
TA,TA_hat,-.011172526945437,1.68854741748182,996,684,312
TA,TA_hat,-.0111476991380949,1.688525221771497,996,685,311
TA,TA_hat,-.0111203648066559,1.688504491052943,996,685,311
TA,TA_hat,-.011107903260423,1.688493951017468,996,687,309
TA,TA_hat,-.0110831219038667,1.688478916360425,996,687,309
TA,TA_hat,-.0110519515659241,1.688473711627504,996,688,308
TA,TA_hat,-.0110446887220561,1.688471506489929,996,690,306
TA,TA_hat,-.0110381186111583,1.688470095196257,996,690,306
TA,TA_hat,-.0110266384888463,1.688466639112936,996,692,304
TA,TA_hat,-.0109255084157173,1.68842078412841,996,692,304
TA,TA_hat,-.0109052901331118,1.688412434357534,996,693,303
TA,TA_hat,-.0108891239896686,1.688404355576477,996,695,301
TA,TA_hat,-.0108488299978072,1.688383248194313,996,695,301
TA,TA_hat,-.010842337282978,1.688379847743733,996,696,300
TA,TA_hat,-.0108358226385933,1.688376472921024,996,698,298
TA,TA_hat,-.0108145910194957,1.688365789995705,996,698,298
TA,TA_hat,-.0107971843683372,1.688356466540094,996,700,296
TA,TA_hat,-.0107843184668056,1.688350798107606,996,701,295
TA,TA_hat,-.0107263185521252,1.688321469603445,996,701,295
TA,TA_hat,-.0107063651625381,1.688308835069543,996,703,293
TA,TA_hat,-.0106688567061953,1.688286129376642,996,704,292
TA,TA_hat,-.0106602216183828,1.688279923102831,996,705,291
TA,TA_hat,-.010639325205999,1.688265149711905,996,705,291
TA,TA_hat,-.0106269559446374,1.688277675700777,996,706,290
TA,TA_hat,-.010619125109216,1.688285948288141,996,707,289
TA,TA_hat,-.0106006438274983,1.688303694103169,996,708,288
TA,TA_hat,-.0105838383120683,1.688319900468324,996,709,287
TA,TA_hat,-.0105244051977871,1.688380521611551,996,711,285
TA,TA_hat,-.0105006081175275,1.688404691841823,996,711,285
TA,TA_hat,-.0104985485113944,1.688406560758593,996,712,284
TA,TA_hat,-.0104748801161714,1.688426630129494,996,714,282
TA,TA_hat,-.0104246255113423,1.688462894118192,996,715,281
TA,TA_hat,-.0103568979176736,1.688517406594828,996,716,280
TA,TA_hat,-.0103413397745853,1.688529761885573,996,716,280
TA,TA_hat,-.0103314470388132,1.68853683998689,996,718,278
TA,TA_hat,-.0102722577065087,1.688582296153573,996,718,278
TA,TA_hat,-.0101907574532763,1.688640935197259,996,720,276
TA,TA_hat,-.0101665921273637,1.688659473888805,996,720,276
TA,TA_hat,-.0101661424670492,1.688659826308774,996,721,275
TA,TA_hat,-.0101589701037143,1.688664553616805,996,722,274
TA,TA_hat,-.0099917375126435,1.688761490000819,996,724,272
TA,TA_hat,-.0099077201061292,1.688808097322316,996,725,271
TA,TA_hat,-.0098352382839774,1.6888433051677,996,725,271
TA,TA_hat,-.0097830610762822,1.688866247868128,996,726,270
TA,TA_hat,-.0097510589544424,1.688878658140299,996,727,269
TA,TA_hat,-.0097177945494183,1.688890770458269,996,729,267
TA,TA_hat,-.0095876018415035,1.688942928179219,996,730,266
TA,TA_hat,-.0095502569445626,1.688962231705606,996,730,266
TA,TA_hat,-.0095432779283236,1.688966033916192,996,732,264
TA,TA_hat,-.0095324301081957,1.688971151211493,996,733,263
TA,TA_hat,-.0094021523623378,1.689029437071329,996,734,262
TA,TA_hat,-.0093732340663335,1.689038767289718,996,735,261
TA,TA_hat,-.0093357575002234,1.689051277689792,996,736,260
TA,TA_hat,-.0092521398961929,1.68907565958783,996,737,259
TA,TA_hat,-.0092497859846657,1.689076350010027,996,738,258
TA,TA_hat,-.009185175979027,1.689094203950309,996,739,257
TA,TA_hat,-.0091839708634197,1.689094611927223,996,740,256
TA,TA_hat,-.0091351789947522,1.689104445201211,996,741,255
TA,TA_hat,-.0090632336925194,1.689119988352138,996,742,254
TA,TA_hat,-.0090554226319877,1.689121403029496,996,742,254
TA,TA_hat,-.0090550654552225,1.689121519433052,996,743,253
TA,TA_hat,-.0090182867084541,1.68913410484192,996,745,251
TA,TA_hat,-.0090099051905658,1.689140891605839,996,746,250
TA,TA_hat,-.0089554018573094,1.689175056611786,996,747,249
TA,TA_hat,-.0089525449572353,1.689177238720863,996,747,249
TA,TA_hat,-.0088501218543217,1.689245157443012,996,748,248
TA,TA_hat,-.0087840818124155,1.689294029208183,996,749,247
TA,TA_hat,-.0087352950746658,1.689320140222038,996,751,245
TA,TA_hat,-.008681229483269,1.689354641952864,996,751,245
TA,TA_hat,-.0086450617134973,1.689378221115675,996,752,244
TA,TA_hat,-.0086266426969235,1.689388695742665,996,753,243
TA,TA_hat,-.008547470178987,1.68943709687146,996,754,242
TA,TA_hat,-.0084649440402624,1.689482505188957,996,756,240
TA,TA_hat,-.0083577065164557,1.68954717908426,996,756,240
TA,TA_hat,-.0082628499751369,1.689613987204404,996,758,238
TA,TA_hat,-.0082219616412187,1.68964398210511,996,759,237
TA,TA_hat,-.008136988970703,1.689713881609027,996,760,236
TA,TA_hat,-.0081098452222529,1.689736494640925,996,761,235
TA,TA_hat,-.0080965317629933,1.689747475472335,996,762,234
TA,TA_hat,-.0080681017421952,1.689772354405334,996,762,234
TA,TA_hat,-.0080659815860771,1.689774387564194,996,764,232
TA,TA_hat,-.0080204399908163,1.689817066506488,996,764,232
TA,TA_hat,-.0077455921825979,1.690090900006923,996,765,231
TA,TA_hat,-.0077101508778546,1.690128401510987,996,766,230
TA,TA_hat,-.0076899996711797,1.690149997267773,996,768,228
TA,TA_hat,-.0076599654515354,1.690178251792413,996,768,228
TA,TA_hat,-.0076595424239832,1.690178663378795,996,770,226
TA,TA_hat,-.0076186593798945,1.690208549004426,996,770,226
TA,TA_hat,-.0075410296235929,1.690267072448359,996,771,225
TA,TA_hat,-.0074468194699033,1.690344384918753,996,772,224
TA,TA_hat,-.0073024331505702,1.690466610150395,996,773,223
TA,TA_hat,-.0071381440647496,1.690582818305397,996,774,222
TA,TA_hat,-.0071279023821772,1.690590206940879,996,776,220
TA,TA_hat,-.00709326661987,1.690616048618951,996,776,220
TA,TA_hat,-.0070713846962931,1.690630407147695,996,777,219
TA,TA_hat,-.0070175742441885,1.690660812129587,996,779,217
TA,TA_hat,-.0068681658027203,1.690763458784778,996,779,217
TA,TA_hat,-.0068588285032287,1.690770773757045,996,780,216
TA,TA_hat,-.0068364742115844,1.690788408529623,996,781,215
TA,TA_hat,-.0067453256222549,1.690873484000704,996,783,213
TA,TA_hat,-.0067249820692619,1.690896738405087,996,783,213
TA,TA_hat,-.0066635591859892,1.69096836284758,996,785,211
TA,TA_hat,-.0065592303698926,1.691086807797968,996,785,211
TA,TA_hat,-.0065426782546694,1.691103692502561,996,787,209
TA,TA_hat,-.0064662155939208,1.691195703087358,996,787,209
TA,TA_hat,-.006394731552654,1.691277635200255,996,788,208
TA,TA_hat,-.0063273456834832,1.691357295314834,996,790,206
TA,TA_hat,-.0062486998577761,1.691449361656636,996,790,206
TA,TA_hat,-.0061849732434083,1.691530132546167,996,792,204
TA,TA_hat,-.0061744637872124,1.691543466155108,996,793,203
TA,TA_hat,-.0061720202081694,1.691546302562896,996,793,203
TA,TA_hat,-.0061599913248373,1.691560111419107,996,794,202
TA,TA_hat,-.0061522113218935,1.691568361482709,996,795,201
TA,TA_hat,-.0061354016545664,1.691586324522544,996,796,200
TA,TA_hat,-.0060871872890575,1.691636493923948,996,798,198
TA,TA_hat,-.0060433601072078,1.691678700816022,996,798,198
TA,TA_hat,-.0060089255786601,1.691714752270794,996,799,197
TA,TA_hat,-.005989307328679,1.69173475949275,996,801,195
TA,TA_hat,-.005980036348019,1.691744622127595,996,802,194
TA,TA_hat,-.0056505334524354,1.692079694854927,996,803,193
TA,TA_hat,-.0056427194059736,1.692087246497741,996,804,192
TA,TA_hat,-.0056178783016629,1.692111052974535,996,805,191
TA,TA_hat,-.0055882932696932,1.692138369340101,996,806,190
TA,TA_hat,-.0055588489506872,1.69216132637062,996,806,190
TA,TA_hat,-.005503240639179,1.692201925340106,996,807,189
TA,TA_hat,-.0054039392667076,1.692273534189574,996,809,187
TA,TA_hat,-.0053953035469812,1.692280706710584,996,810,186
TA,TA_hat,-.0053354598785107,1.692351792020843,996,810,186
TA,TA_hat,-.0052735329022662,1.692418388898948,996,812,184
TA,TA_hat,-.0049727617385302,1.692728294660139,996,812,184
TA,TA_hat,-.0047326151731012,1.693021314613333,996,813,183
TA,TA_hat,-.0042221297614945,1.693678154757788,996,814,182
TA,TA_hat,-.0042188917059831,1.693682033928352,996,815,181
TA,TA_hat,-.004169003307888,1.693743529081272,996,817,179
TA,TA_hat,-.0041485256866992,1.693769150236619,996,817,179
TA,TA_hat,-.0039955396425422,1.693960505261194,996,818,178
TA,TA_hat,-.0039620959273872,1.694008664628985,996,820,176
TA,TA_hat,-.0039118455234408,1.694076489826648,996,821,175
TA,TA_hat,-.0038083937138472,1.694213763167418,996,821,175
TA,TA_hat,-.0037448582569189,1.694264673526745,996,823,173
TA,TA_hat,-.0037307573438701,1.694275448082166,996,823,173
TA,TA_hat,-.003718673367672,1.694283943558988,996,824,172
TA,TA_hat,-.0037095279519128,1.694289364820381,996,826,170
TA,TA_hat,-.0037086790597682,1.694289966883628,996,826,170
TA,TA_hat,-.0036306879404663,1.694345074290255,996,827,169
TA,TA_hat,-.0036200271860922,1.694351383074389,996,829,167
TA,TA_hat,-.0035454182972626,1.69439040848053,996,830,166
TA,TA_hat,-.0034725662759447,1.694432195361244,996,830,166
TA,TA_hat,-.0034720543774631,1.694432508017892,996,831,165
TA,TA_hat,-.0034171080997362,1.694466004046229,996,832,164
TA,TA_hat,-.0033534933589483,1.694504418729653,996,834,162
TA,TA_hat,-.0032409633823155,1.694581367099436,996,834,162
TA,TA_hat,-.0030899652890848,1.694689122228048,996,836,160
TA,TA_hat,-.0030738812944528,1.694703029889677,996,837,159
TA,TA_hat,-.0030591264861497,1.694716626856788,996,837,159
TA,TA_hat,-.0028661348042756,1.694961562777921,996,838,158
TA,TA_hat,-.0028367666820124,1.694999143025312,996,839,157
TA,TA_hat,-.0028286906541453,1.695008642818,996,840,156
TA,TA_hat,-.0027725556494475,1.695074025589097,996,842,154
TA,TA_hat,-.0026963722900482,1.695163874866391,996,843,153
TA,TA_hat,-.0026953095211321,1.695165140949883,996,844,152
TA,TA_hat,-.0026571272559583,1.695209724149637,996,845,151
TA,TA_hat,-.0026347678662375,1.69523702710959,996,845,151
TA,TA_hat,-.0026292676421905,1.695243802994768,996,847,149
TA,TA_hat,-.0025546314225053,1.695337392296175,996,847,149
TA,TA_hat,-.0025248325214132,1.695372961979855,996,849,147
TA,TA_hat,-.0025132409528681,1.695385490490898,996,849,147
TA,TA_hat,-.0023606202432264,1.6955456649035,996,851,145
TA,TA_hat,-.0023375476196715,1.695567542614142,996,852,144
TA,TA_hat,-.0023085992140394,1.695598490426341,996,852,144
TA,TA_hat,-.0022811702829427,1.695626120404095,996,853,143
TA,TA_hat,-.0022042166183185,1.695709704641381,996,854,142
TA,TA_hat,-.0020601005031832,1.695860332745849,996,855,141
TA,TA_hat,-.0019860845131135,1.695933160201753,996,857,139
TA,TA_hat,-.0019385384746043,1.695975234371327,996,858,138
TA,TA_hat,-.0019299126876478,1.69598297701666,996,858,138
TA,TA_hat,-.001929456689677,1.695983348349422,996,860,136
TA,TA_hat,-.0018635482832493,1.696041480473357,996,861,135
TA,TA_hat,-.0018367983642899,1.696065606418774,996,861,135
TA,TA_hat,-.0017065735661255,1.696176110357113,996,862,134
TA,TA_hat,-.0015203640705522,1.69632842877973,996,863,133
TA,TA_hat,-.0012953405708736,1.696520437286728,996,865,131
TA,TA_hat,-.0010218586384158,1.696754023295059,996,866,130
TA,TA_hat,-.000919831095053,1.69684573633832,996,867,129
TA,TA_hat,-.0008966170941439,1.696866627322282,996,867,129
TA,TA_hat,-.0007118989656546,1.69703802955754,996,869,127
TA,TA_hat,-.0004409292846646,1.697262124955482,996,870,126
TA,TA_hat,-.0003977280603007,1.697299236967666,996,870,126
TA,TA_hat,-.0003129651069136,1.697374419247415,996,871,125
TA,TA_hat,-.0002665720076296,1.69741334877306,996,873,123
TA,TA_hat,-.0000559586526918,1.697599332076565,996,873,123
TA,TA_hat,-.000039730407116,1.697613592711293,996,875,121
TA,TA_hat,.0001918407298604,1.697807095399047,996,875,121
TA,TA_hat,.0002839647040486,1.697891088950358,996,876,120
TA,TA_hat,.0004066067838261,1.697989566903369,996,878,118
TA,TA_hat,.0004098036642086,1.697991840080783,996,879,117
TA,TA_hat,.0004714303683579,1.698035627123253,996,880,116
TA,TA_hat,.0004881684530102,1.698049310554969,996,880,116
TA,TA_hat,.0005906771065059,1.698129136766947,996,882,114
TA,TA_hat,.0005953341086856,1.698133001104087,996,883,113
TA,TA_hat,.000626988731509,1.698159916152054,996,884,112
TA,TA_hat,.0006846082849214,1.698209768054026,996,885,111
TA,TA_hat,.0007658410618388,1.698308774800597,996,885,111
TA,TA_hat,.0007946382633196,1.698344015549796,996,886,110
TA,TA_hat,.0008113425975051,1.698365451174464,996,888,108
TA,TA_hat,.0008206668092503,1.698377662086731,996,888,108
TA,TA_hat,.000916696916197,1.698503794910537,996,889,107
TA,TA_hat,.0010111688297137,1.698620986858397,996,890,106
TA,TA_hat,.0011488440262874,1.698807710725619,996,892,104
TA,TA_hat,.0012359190476551,1.69892827675118,996,893,103
TA,TA_hat,.0012648222747881,1.698964845084583,996,894,102
TA,TA_hat,.0014517218893232,1.699208767257239,996,895,101
TA,TA_hat,.0014595755335035,1.699219015237021,996,896,100
TA,TA_hat,.0015820727178772,1.699366721125654,996,896,100
b_it,b_it,.2122100067138672,1.607036561222484,1005,101,904
b_it,b_it,.2132900047302246,1.607038454334861,1005,102,903
b_it,b_it,.2142399978637695,1.607040050700127,1005,102,903
b_it,b_it,.2160300064086914,1.607042754753244,1005,104,901
b_it,b_it,.2160899925231934,1.607042776600519,1005,105,900
b_it,b_it,.2179700088500977,1.607044294452334,1005,106,899
b_it,b_it,.2188199996948242,1.607045445937614,1005,107,898
b_it,b_it,.2189399909973145,1.60704573764093,1005,108,897
b_it,b_it,.2212700080871582,1.607048668025303,1005,108,897
b_it,b_it,.221870002746582,1.607049569737438,1005,109,896
b_it,b_it,.2245100021362305,1.607050663828485,1005,111,894
b_it,b_it,.225049991607666,1.607050479777534,1005,112,893
b_it,b_it,.2259700012207031,1.607049968341416,1005,112,893
b_it,b_it,.2270800018310547,1.607048418911698,1005,114,891
b_it,b_it,.2288199996948242,1.607046708670911,1005,114,891
b_it,b_it,.2294300079345703,1.607045966521067,1005,116,889
b_it,b_it,.2310600090026856,1.60704729052912,1005,117,888
b_it,b_it,.2348500061035156,1.607049645734568,1005,118,887
b_it,b_it,.2365200042724609,1.60705211823666,1005,118,887
b_it,b_it,.2365299987792969,1.607052128121004,1005,120,885
b_it,b_it,.2394799995422363,1.607057109851491,1005,120,885
b_it,b_it,.2396199989318848,1.607056589013883,1005,122,883
b_it,b_it,.2404500007629395,1.607053580785371,1005,123,882
b_it,b_it,.2425200080871582,1.607047678086732,1005,124,881
b_it,b_it,.2427499961853027,1.607047055186864,1005,124,881
b_it,b_it,.2432600021362305,1.607044664848077,1005,126,879
b_it,b_it,.2439299964904785,1.607041916893222,1005,126,879
b_it,b_it,.2462800025939941,1.607034427532753,1005,127,878
b_it,b_it,.247180004119873,1.607031843521268,1005,128,877
b_it,b_it,.247549991607666,1.607030725797165,1005,129,876
b_it,b_it,.248799991607666,1.607027255564766,1005,130,875
b_it,b_it,.2491699981689453,1.607026613014167,1005,132,873
b_it,b_it,.2517399978637695,1.607017082854851,1005,132,873
b_it,b_it,.2542000007629395,1.607001393206195,1005,134,871
b_it,b_it,.2555299949645996,1.606991764560868,1005,135,870
b_it,b_it,.2570299911499023,1.606981121826453,1005,136,869
b_it,b_it,.2579800033569336,1.60697358066148,1005,137,868
b_it,b_it,.2585600090026856,1.606968101582608,1005,138,867
b_it,b_it,.2590999984741211,1.606964378417965,1005,139,866
b_it,b_it,.26,1.606957552988299,1005,140,865
b_it,b_it,.2605999946594239,1.606952947332067,1005,141,864
b_it,b_it,.2608499908447265,1.606951467569505,1005,141,864
b_it,b_it,.2611300086975097,1.606950247421108,1005,142,863
b_it,b_it,.2613599967956543,1.60694923785635,1005,144,861
b_it,b_it,.2620700073242188,1.60694772242243,1005,145,860
b_it,b_it,.2632399940490723,1.606946889746221,1005,146,859
b_it,b_it,.2634600067138672,1.606946765015735,1005,147,858
b_it,b_it,.2636300086975097,1.606946978648603,1005,147,858
b_it,b_it,.2639599990844727,1.606947770689235,1005,149,856
b_it,b_it,.2641799926757812,1.606948246852602,1005,149,856
b_it,b_it,.2645499992370606,1.606949101640085,1005,151,854
b_it,b_it,.2648299980163574,1.606949669448507,1005,152,853
b_it,b_it,.2658799934387207,1.606950645836271,1005,153,852
b_it,b_it,.2671500015258789,1.606951676002714,1005,154,851
b_it,b_it,.2689699935913086,1.606952148060494,1005,155,850
b_it,b_it,.2692700004577637,1.606952184779087,1005,156,849
b_it,b_it,.269950008392334,1.606951040906819,1005,157,848
b_it,b_it,.2701799964904785,1.606950602069563,1005,158,847
b_it,b_it,.2702799987792969,1.606950385341643,1005,159,846
b_it,b_it,.2704299926757813,1.606950099570562,1005,160,845
b_it,b_it,.2710000038146972,1.606948532967885,1005,160,845
b_it,b_it,.2714599990844727,1.60694739827315,1005,162,843
b_it,b_it,.2733499908447266,1.606941466619018,1005,163,842
b_it,b_it,.2734600067138672,1.606940605628822,1005,164,841
b_it,b_it,.2736700057983398,1.606939107866975,1005,164,841
b_it,b_it,.2738299942016602,1.606938023926113,1005,166,839
b_it,b_it,.2740900039672852,1.606936416769901,1005,167,838
b_it,b_it,.2742000007629394,1.606935697066476,1005,167,838
b_it,b_it,.2745000076293945,1.606933515816601,1005,169,836
b_it,b_it,.2756500053405762,1.606927776188837,1005,170,835
b_it,b_it,.2757200050354004,1.606927333886827,1005,171,834
b_it,b_it,.2767799949645996,1.606914800157993,1005,172,833
b_it,b_it,.2768199920654297,1.606914259903681,1005,173,832
b_it,b_it,.2771100044250489,1.606910617302266,1005,174,831
b_it,b_it,.2771999931335449,1.606909415343721,1005,174,831
b_it,b_it,.2790299987792969,1.606883314770341,1005,176,829
b_it,b_it,.2803000068664551,1.606865295883001,1005,177,828
b_it,b_it,.2806200027465821,1.606860872993857,1005,178,827
b_it,b_it,.2810300064086914,1.60685490057423,1005,179,826
b_it,b_it,.2815500068664551,1.606848352483636,1005,180,825
b_it,b_it,.2815999984741211,1.606847762864712,1005,181,824
b_it,b_it,.2820599937438965,1.606842463906009,1005,182,823
b_it,b_it,.2827499961853027,1.606834564018927,1005,183,822
b_it,b_it,.2828899955749511,1.606832817589633,1005,183,822
b_it,b_it,.2830599975585937,1.606830610196381,1005,184,821
b_it,b_it,.2833399963378906,1.606826757943931,1005,185,820
b_it,b_it,.283439998626709,1.606825416056911,1005,187,818
b_it,b_it,.2863299942016602,1.606786404108151,1005,188,817
b_it,b_it,.2866900062561035,1.606780861831288,1005,189,816
b_it,b_it,.286830005645752,1.606778478103352,1005,190,815
b_it,b_it,.2870800018310547,1.606774229561346,1005,191,814
b_it,b_it,.2879100036621094,1.606761337623544,1005,192,813
b_it,b_it,.2879999923706055,1.606760149639924,1005,193,812
b_it,b_it,.2880900001525879,1.606758727186489,1005,194,811
b_it,b_it,.2882600021362305,1.606756332027005,1005,195,810
b_it,b_it,.2894599914550781,1.606738113471373,1005,196,809
b_it,b_it,.2907799911499023,1.606722052603216,1005,196,809
b_it,b_it,.2917900085449219,1.606710796202331,1005,198,807
b_it,b_it,.2936300086975098,1.606691302279415,1005,199,806
b_it,b_it,.2939299964904785,1.606688118261706,1005,200,805
b_it,b_it,.2941399955749512,1.606686157963829,1005,201,804
b_it,b_it,.2948299980163574,1.606679670427423,1005,202,803
b_it,b_it,.2954800033569336,1.606671668721131,1005,203,802
b_it,b_it,.2955299949645996,1.606671070616474,1005,204,801
b_it,b_it,.2955800056457519,1.606670409619155,1005,204,801
b_it,b_it,.2960000038146973,1.606665687797767,1005,206,799
b_it,b_it,.296200008392334,1.606662950076334,1005,207,798
b_it,b_it,.2962299919128418,1.606662490805186,1005,208,797
b_it,b_it,.2963699913024903,1.606660576291635,1005,209,796
b_it,b_it,.2983200073242188,1.606632852145097,1005,210,795
b_it,b_it,.2983499908447266,1.606632524103697,1005,211,794
b_it,b_it,.3002499961853027,1.60661138588228,1005,211,794
b_it,b_it,.3016399955749512,1.606597318616144,1005,213,792
b_it,b_it,.3016600036621094,1.60659716022873,1005,214,791
b_it,b_it,.3024799919128418,1.60659265263167,1005,215,790
b_it,b_it,.3025200080871582,1.606592361319272,1005,216,789
b_it,b_it,.3033300018310547,1.606588698498465,1005,217,788
b_it,b_it,.3037299919128418,1.60658609232713,1005,218,787
b_it,b_it,.3057399940490723,1.606574141981023,1005,219,786
b_it,b_it,.3073299980163574,1.606572414069986,1005,220,785
b_it,b_it,.3081599998474121,1.606571611429445,1005,221,784
b_it,b_it,.3088999938964844,1.606572014666201,1005,222,783
b_it,b_it,.3104500007629394,1.606576551628206,1005,222,783
b_it,b_it,.3112199974060059,1.606579340979219,1005,224,781
b_it,b_it,.3118499946594238,1.60658280691296,1005,225,780
b_it,b_it,.3151399993896484,1.606602157877755,1005,225,780
b_it,b_it,.3153199958801269,1.606603274725968,1005,226,779
b_it,b_it,.3167799949645996,1.606609021055587,1005,227,778
b_it,b_it,.3170000076293945,1.606610118244113,1005,229,776
b_it,b_it,.3180100059509277,1.606616081459314,1005,230,775
b_it,b_it,.3220999908447266,1.606641747307662,1005,231,774
b_it,b_it,.3251800155639649,1.60666671362267,1005,232,773
b_it,b_it,.325629997253418,1.606669322900277,1005,233,772
b_it,b_it,.3259700012207031,1.60667111792154,1005,233,772
b_it,b_it,.3276900100708008,1.606678694922629,1005,235,770
b_it,b_it,.330099983215332,1.606695852206685,1005,236,769
b_it,b_it,.3318399810791016,1.606712027228738,1005,237,768
b_it,b_it,.3319100189208984,1.606712787171982,1005,237,768
b_it,b_it,.3320000076293945,1.606713837503746,1005,239,766
b_it,b_it,.3334299850463867,1.606727602792818,1005,241,764
b_it,b_it,.3336000061035156,1.606729322610863,1005,241,764
b_it,b_it,.3343000030517578,1.606736135156824,1005,242,763
b_it,b_it,.335359992980957,1.606747424282849,1005,243,762
b_it,b_it,.3357799911499024,1.60675182780656,1005,245,760
b_it,b_it,.3363600158691406,1.606759519555931,1005,246,759
b_it,b_it,.3378200149536133,1.606783339708052,1005,247,758
b_it,b_it,.3382500076293946,1.6067899127531,1005,248,757
b_it,b_it,.3386999893188476,1.606796864453161,1005,248,757
b_it,b_it,.3389300155639648,1.606801011949724,1005,249,756
b_it,b_it,.3390599822998047,1.606802983680194,1005,251,754
b_it,b_it,.3398500061035156,1.606817965939632,1005,252,753
b_it,b_it,.3404100036621094,1.60682893613047,1005,253,752
b_it,b_it,.3416500091552734,1.606844228203107,1005,253,752
b_it,b_it,.3418199920654297,1.60684613150537,1005,255,750
b_it,b_it,.3436299896240234,1.60686627120068,1005,256,749
b_it,b_it,.3455899810791015,1.606890453591002,1005,256,749
b_it,b_it,.3468099975585938,1.60690601423552,1005,258,747
b_it,b_it,.3474200057983399,1.606914156658776,1005,259,746
b_it,b_it,.3477299880981445,1.606918339849438,1005,259,746
b_it,b_it,.3482400131225586,1.606925822835588,1005,261,744
b_it,b_it,.3494100189208985,1.606945426932947,1005,262,743
b_it,b_it,.3494599914550781,1.606946408554687,1005,263,742
b_it,b_it,.3498500061035156,1.606953963736693,1005,263,742
b_it,b_it,.3498899841308594,1.606954709169455,1005,265,740
b_it,b_it,.3533200073242188,1.607020986296373,1005,266,739
b_it,b_it,.3533700180053711,1.607021883587083,1005,267,738
b_it,b_it,.353390007019043,1.607022215524874,1005,268,737
b_it,b_it,.3543399810791016,1.607039759176403,1005,269,736
b_it,b_it,.3552899932861328,1.60705811417389,1005,270,735
b_it,b_it,.3553900146484375,1.607059922614307,1005,271,734
b_it,b_it,.3555799865722656,1.60706314982208,1005,271,734
b_it,b_it,.3567100143432617,1.607081025310222,1005,273,732
b_it,b_it,.3569800186157226,1.60708559325437,1005,273,732
b_it,b_it,.3577700042724609,1.607099622787591,1005,275,730
b_it,b_it,.3584799957275391,1.607111328975818,1005,276,729
b_it,b_it,.3598500061035156,1.607128968042518,1005,276,729
b_it,b_it,.3600699996948242,1.60713208375127,1005,278,727
b_it,b_it,.3616699981689453,1.607153636748585,1005,279,726
b_it,b_it,.3616999816894531,1.607154029635268,1005,280,725
b_it,b_it,.3618500137329101,1.607156023317512,1005,280,725
b_it,b_it,.3623199844360351,1.607162480967658,1005,281,724
b_it,b_it,.3627500152587891,1.607168527095328,1005,283,722
b_it,b_it,.3640700149536133,1.607187541713007,1005,284,721
b_it,b_it,.364119987487793,1.607188294481241,1005,285,720
b_it,b_it,.3641799926757813,1.607189314688992,1005,286,719
b_it,b_it,.364379997253418,1.607192633363437,1005,287,718
b_it,b_it,.3645299911499024,1.607195039880503,1005,288,717
b_it,b_it,.3658499908447266,1.607215721972609,1005,289,716
b_it,b_it,.365880012512207,1.607216185589003,1005,289,716
b_it,b_it,.3664199829101563,1.607224891299606,1005,291,714
b_it,b_it,.3665599822998047,1.607227117027643,1005,292,713
b_it,b_it,.3670000076293946,1.607233818762094,1005,293,712
b_it,b_it,.3670500183105469,1.607234595568869,1005,294,711
b_it,b_it,.3684099960327148,1.607258067511518,1005,294,711
b_it,b_it,.369119987487793,1.607270051730276,1005,296,709
b_it,b_it,.3702399826049805,1.6072874327597,1005,297,708
b_it,b_it,.370369987487793,1.607289478811123,1005,298,707
b_it,b_it,.3704399871826172,1.607290490511379,1005,299,706
b_it,b_it,.3708499908447266,1.607296261063336,1005,300,705
b_it,b_it,.3710699844360352,1.607299520739224,1005,301,704
b_it,b_it,.3713100051879883,1.607302868438955,1005,302,703
b_it,b_it,.3714699935913086,1.607305149295841,1005,303,702
b_it,b_it,.372869987487793,1.607324885853744,1005,304,701
b_it,b_it,.3731499862670898,1.607329292697584,1005,304,701
b_it,b_it,.3737599945068359,1.607338561590665,1005,305,700
b_it,b_it,.3740800094604492,1.607343107026759,1005,307,698
b_it,b_it,.3747100067138672,1.60735196697458,1005,308,697
b_it,b_it,.3754899978637695,1.607362309812424,1005,309,696
b_it,b_it,.3757500076293945,1.607366695890083,1005,309,696
b_it,b_it,.3757699966430664,1.607367000332346,1005,310,695
b_it,b_it,.3768099975585937,1.607384441306051,1005,311,694
b_it,b_it,.3784400177001953,1.607413057570963,1005,313,692
b_it,b_it,.3785400009155274,1.607414718097077,1005,314,691
b_it,b_it,.37875,1.607418006632106,1005,315,690
b_it,b_it,.3792900085449219,1.607426206497787,1005,316,689
b_it,b_it,.3794400024414062,1.607428499012893,1005,316,689
b_it,b_it,.3799200057983398,1.60743670569243,1005,317,688
b_it,b_it,.3800500106811524,1.607438883244072,1005,319,686
b_it,b_it,.3801100158691406,1.60744000544758,1005,320,685
b_it,b_it,.3804499816894531,1.607446295491754,1005,321,684
b_it,b_it,.3806499862670898,1.607450353529376,1005,321,684
b_it,b_it,.3806800079345703,1.607450971767116,1005,323,682
b_it,b_it,.3812099838256836,1.607461850581607,1005,324,681
b_it,b_it,.3813000106811523,1.60746385880265,1005,325,680
b_it,b_it,.3816600036621094,1.607471793039361,1005,326,679
b_it,b_it,.3833000183105469,1.607508290182833,1005,327,678
b_it,b_it,.3838199996948242,1.607519761295176,1005,328,677
b_it,b_it,.3845500183105469,1.607535904737664,1005,329,676
b_it,b_it,.3853900146484375,1.607554688930554,1005,330,675
b_it,b_it,.3860300064086914,1.607568847976077,1005,331,674
b_it,b_it,.3860699844360351,1.607569765464095,1005,331,674
b_it,b_it,.3861999893188476,1.607572622403633,1005,332,673
b_it,b_it,.3884299850463867,1.607624279788135,1005,334,671
b_it,b_it,.3885900115966797,1.607627980645912,1005,335,670
b_it,b_it,.3890599822998047,1.607638458262787,1005,336,669
b_it,b_it,.3891999816894531,1.607641597224966,1005,336,669
b_it,b_it,.3896200180053711,1.607650882979746,1005,338,667
b_it,b_it,.3901900100708008,1.607662167725568,1005,339,666
b_it,b_it,.3911600112915039,1.607682847032561,1005,340,665
b_it,b_it,.3911999893188476,1.607683707623808,1005,340,665
b_it,b_it,.39125,1.607684748013543,1005,342,663
b_it,b_it,.3914400100708008,1.607689080255527,1005,343,662
b_it,b_it,.3917699813842773,1.607696581129246,1005,344,661
b_it,b_it,.3918899917602539,1.607699354450584,1005,345,660
b_it,b_it,.3926200103759765,1.607717008527617,1005,345,660
b_it,b_it,.3930799865722656,1.607728112653681,1005,347,658
b_it,b_it,.3934799957275391,1.607737736710734,1005,348,657
b_it,b_it,.3935400009155273,1.60773920137502,1005,349,656
b_it,b_it,.3936000061035156,1.60774066809437,1005,349,656
b_it,b_it,.3936100006103516,1.60774092546851,1005,351,654
b_it,b_it,.3940200042724609,1.607750888452464,1005,352,653
b_it,b_it,.3946900177001953,1.607766832353381,1005,353,652
b_it,b_it,.3953200149536133,1.607782336917388,1005,354,651
b_it,b_it,.3954800033569336,1.607786192192352,1005,355,650
b_it,b_it,.3960900115966797,1.607801022589453,1005,356,649
b_it,b_it,.396619987487793,1.607813122293772,1005,357,648
b_it,b_it,.3966600036621094,1.607814009985491,1005,358,647
b_it,b_it,.396879997253418,1.607819031693032,1005,359,646
b_it,b_it,.3970800018310547,1.607823656879971,1005,360,645
b_it,b_it,.3980099868774414,1.607844353332512,1005,361,644
b_it,b_it,.3983100128173828,1.607851032569055,1005,362,643
b_it,b_it,.3986600112915039,1.60785900064805,1005,363,642
b_it,b_it,.3986999893188476,1.60785989569132,1005,363,642
b_it,b_it,.3990800094604492,1.607868503390369,1005,365,640
b_it,b_it,.3993399810791016,1.607874531580903,1005,366,639
b_it,b_it,.3995899963378906,1.607880762063335,1005,367,638
b_it,b_it,.4012900161743164,1.60792239027557,1005,368,637
b_it,b_it,.4015299987792968,1.60792807172103,1005,368,637
b_it,b_it,.4015499877929687,1.607928538138243,1005,369,636
b_it,b_it,.4029899978637695,1.607962318628114,1005,370,635
b_it,b_it,.4030199813842774,1.607963013149841,1005,372,633
b_it,b_it,.4035599899291992,1.607974195927536,1005,373,632
b_it,b_it,.4045500183105469,1.607994251478922,1005,374,631
b_it,b_it,.4045999908447266,1.607995204734578,1005,375,630
b_it,b_it,.404739990234375,1.607997739554244,1005,376,629
b_it,b_it,.4060499954223633,1.608021564914937,1005,377,628
b_it,b_it,.4065399932861328,1.608031107637776,1005,377,628
b_it,b_it,.4069900131225586,1.608039773323591,1005,379,626
b_it,b_it,.407239990234375,1.608044671762138,1005,380,625
b_it,b_it,.4077799987792969,1.608054893295266,1005,381,624
b_it,b_it,.4078200149536133,1.608055637529792,1005,382,623
b_it,b_it,.4078900146484375,1.608056820975139,1005,383,622
b_it,b_it,.4081499862670899,1.608060719532049,1005,384,621
b_it,b_it,.4086899948120117,1.608068505538628,1005,384,621
b_it,b_it,.4089699935913086,1.608072575017274,1005,386,619
b_it,b_it,.409010009765625,1.608073172323728,1005,387,618
b_it,b_it,.4103900146484375,1.608094314767603,1005,388,617
b_it,b_it,.4108100128173828,1.608100524124533,1005,388,617
b_it,b_it,.4116699981689453,1.608112286794351,1005,389,616
b_it,b_it,.4118399810791016,1.608114728313049,1005,391,614
b_it,b_it,.4122200012207031,1.608120912065956,1005,392,613
b_it,b_it,.4123699951171875,1.608123239521006,1005,393,612
b_it,b_it,.4124399948120117,1.608124358957331,1005,394,611
b_it,b_it,.4139300155639649,1.608146648544649,1005,395,610
b_it,b_it,.4141299819946289,1.608149563373942,1005,396,609
b_it,b_it,.4142599868774414,1.608151441587975,1005,397,608
b_it,b_it,.4143999862670898,1.608153347127318,1005,397,608
b_it,b_it,.4153400039672852,1.60816578232412,1005,399,606
b_it,b_it,.4154600143432617,1.608167282399176,1005,399,606
b_it,b_it,.4159799957275391,1.608174149157922,1005,401,604
b_it,b_it,.4163800048828125,1.608178661552511,1005,402,603
b_it,b_it,.4166699981689453,1.608181964492725,1005,404,601
b_it,b_it,.4169200134277344,1.608185357572131,1005,405,600
b_it,b_it,.4171699905395508,1.608188621150606,1005,406,599
b_it,b_it,.4174499893188476,1.608192432498535,1005,406,599
b_it,b_it,.4177700042724609,1.608196747565799,1005,408,597
b_it,b_it,.4185699844360352,1.608207440496652,1005,409,596
b_it,b_it,.4188600158691406,1.6082113137604,1005,410,595
b_it,b_it,.4192900085449219,1.608217172016078,1005,411,594
b_it,b_it,.4194100189208985,1.60821880763363,1005,412,593
b_it,b_it,.4195999908447265,1.6082214435768,1005,412,593
b_it,b_it,.4199100112915039,1.608225683076691,1005,414,591
b_it,b_it,.4199700164794922,1.608226542520481,1005,415,590
b_it,b_it,.4206499862670898,1.608236805964891,1005,416,589
b_it,b_it,.4209000015258789,1.608242102304462,1005,417,588
b_it,b_it,.4213100051879883,1.608250561209685,1005,418,587
b_it,b_it,.4213299942016602,1.608250880179165,1005,419,586
b_it,b_it,.4219100189208984,1.608260410762986,1005,420,585
b_it,b_it,.4236399841308593,1.608289023100753,1005,420,585
b_it,b_it,.4236600112915039,1.608289372882126,1005,422,583
b_it,b_it,.4237599945068359,1.608291259240441,1005,422,583
b_it,b_it,.4239500045776367,1.608295102529869,1005,424,581
b_it,b_it,.4241699981689453,1.608299754983662,1005,425,580
b_it,b_it,.424469985961914,1.608306406809797,1005,425,580
b_it,b_it,.4244900131225586,1.60830686208756,1005,427,578
b_it,b_it,.4251399993896484,1.60832159979844,1005,428,577
b_it,b_it,.425369987487793,1.608326309875672,1005,429,576
b_it,b_it,.4255899810791016,1.608330963650521,1005,430,575
b_it,b_it,.4257699966430664,1.608334849840789,1005,431,574
b_it,b_it,.4261199951171875,1.608342574543576,1005,432,573
b_it,b_it,.4262200164794922,1.608344769325585,1005,433,572
b_it,b_it,.426969985961914,1.608360859324626,1005,433,572
b_it,b_it,.4274100112915039,1.608370239689002,1005,435,570
b_it,b_it,.4288800048828125,1.608397210308532,1005,436,569
b_it,b_it,.4297700119018555,1.608413177202963,1005,437,568
b_it,b_it,.4304899978637695,1.608425666551654,1005,438,567
b_it,b_it,.4311399841308594,1.608436686361127,1005,439,566
b_it,b_it,.4325299835205078,1.608459180596814,1005,440,565
b_it,b_it,.4327000045776367,1.608461906653647,1005,440,565
b_it,b_it,.4333399963378906,1.608471503626805,1005,442,563
b_it,b_it,.4363899993896485,1.608518798353763,1005,443,562
b_it,b_it,.4364300155639648,1.608519404469625,1005,444,561
b_it,b_it,.4376399993896484,1.608537394835338,1005,445,560
b_it,b_it,.4379800033569336,1.608542293635407,1005,446,559
b_it,b_it,.4382899856567383,1.608546875419484,1005,447,558
b_it,b_it,.4383499908447266,1.608547737606577,1005,448,557
b_it,b_it,.438489990234375,1.608549830347133,1005,449,556
b_it,b_it,.4386299896240234,1.60855193718506,1005,449,556
b_it,b_it,.4400999832153321,1.608574453366904,1005,451,554
b_it,b_it,.4406600189208985,1.6085832463658,1005,452,553
b_it,b_it,.4414099884033203,1.608594751799574,1005,453,552
b_it,b_it,.4420199966430664,1.608604597589255,1005,454,551
b_it,b_it,.4420899963378906,1.608605746075117,1005,454,551
b_it,b_it,.4422600173950195,1.608608463710749,1005,456,549
b_it,b_it,.4442800140380859,1.608644396968556,1005,457,548
b_it,b_it,.444379997253418,1.608646152709165,1005,458,547
b_it,b_it,.4445800018310547,1.608649692782477,1005,459,546
b_it,b_it,.4454999923706054,1.608665902639535,1005,459,546
b_it,b_it,.4495999908447266,1.608739078714836,1005,461,544
b_it,b_it,.4501200103759765,1.60874819334318,1005,461,544
b_it,b_it,.4519499969482422,1.608779360234964,1005,463,542
b_it,b_it,.452760009765625,1.608793031974399,1005,464,541
b_it,b_it,.4533300018310547,1.608802583772006,1005,465,540
b_it,b_it,.4543399810791016,1.60882009777213,1005,466,539
b_it,b_it,.4546200180053711,1.608824957946432,1005,467,538
b_it,b_it,.4564799880981446,1.608857832199672,1005,468,537
b_it,b_it,.4568999862670898,1.608865145641036,1005,468,537
b_it,b_it,.4569100189208984,1.608865320346425,1005,469,536
b_it,b_it,.4583300018310547,1.608890029341842,1005,471,534
b_it,b_it,.4597600173950195,1.608914984823761,1005,471,534
b_it,b_it,.4611700057983398,1.608938342897417,1005,472,533
b_it,b_it,.4612300109863281,1.608939327418696,1005,474,531
b_it,b_it,.4618899917602539,1.608949824035748,1005,475,530
b_it,b_it,.4621500015258789,1.608953953606385,1005,475,530
b_it,b_it,.4623699951171875,1.608957551247258,1005,477,528
b_it,b_it,.4626699829101563,1.608962455109877,1005,478,527
b_it,b_it,.464739990234375,1.60899589123013,1005,479,526
b_it,b_it,.4655899810791015,1.609009317061336,1005,479,526
b_it,b_it,.4662099838256836,1.609019198385196,1005,481,524
b_it,b_it,.4681499862670899,1.60905013241719,1005,482,523
b_it,b_it,.4682500076293945,1.609051698094043,1005,483,522
b_it,b_it,.4706600189208984,1.609091837409293,1005,484,521
b_it,b_it,.4709299850463867,1.609096346429308,1005,485,520
b_it,b_it,.4709799957275391,1.609097168887946,1005,486,519
b_it,b_it,.4713399887084961,1.609103067522883,1005,487,518
b_it,b_it,.475,1.609161173695678,1005,488,517
b_it,b_it,.4758700180053711,1.609174535110223,1005,489,516
b_it,b_it,.476870002746582,1.609189773267239,1005,489,516
b_it,b_it,.4775,1.609199367388089,1005,491,514
b_it,b_it,.4777000045776367,1.609202399712347,1005,492,513
b_it,b_it,.4787799835205078,1.609218467233812,1005,493,512
b_it,b_it,.4788000106811524,1.609218762017947,1005,494,511
b_it,b_it,.4792200088500976,1.6092249262861,1005,494,511
b_it,b_it,.4816199874877929,1.609259361934478,1005,495,510
b_it,b_it,.4823400115966797,1.609269476670602,1005,497,508
b_it,b_it,.4855500030517578,1.609313554667944,1005,497,508
b_it,b_it,.485880012512207,1.609317975714546,1005,499,506
b_it,b_it,.4865599822998047,1.609327025495666,1005,500,505
b_it,b_it,.4869300079345703,1.609331921378538,1005,501,504
b_it,b_it,.4871099853515625,1.60933429733428,1005,502,503
b_it,b_it,.4871200180053711,1.609334429661857,1005,503,502
b_it,b_it,.4874399948120117,1.60933864070991,1005,504,501
b_it,b_it,.4888700103759765,1.609357339070313,1005,504,501
b_it,b_it,.4888800048828125,1.609357468757846,1005,506,499
b_it,b_it,.4927000045776367,1.609406045632531,1005,506,499
b_it,b_it,.4941400146484375,1.609423816948333,1005,508,497
b_it,b_it,.4945600128173828,1.609428955518673,1005,509,496
b_it,b_it,.494749984741211,1.609431287738492,1005,510,495
b_it,b_it,.4958000183105469,1.609444078856407,1005,511,494
b_it,b_it,.4970100021362305,1.609458557867804,1005,512,493
b_it,b_it,.4980400085449219,1.609470856037614,1005,513,492
b_it,b_it,.4980500030517578,1.609470975313141,1005,513,492
b_it,b_it,.4985699844360352,1.609477131118491,1005,515,490
b_it,b_it,.4988100051879883,1.609479986974205,1005,516,489
b_it,b_it,.4998600006103516,1.609492429008564,1005,517,488
b_it,b_it,.500099983215332,1.609495231735899,1005,518,487
b_it,b_it,.5003300094604493,1.609497884335971,1005,519,486
b_it,b_it,.5009500122070313,1.609505093826179,1005,520,485
b_it,b_it,.5009600067138672,1.609505210360862,1005,521,484
b_it,b_it,.5011299896240234,1.609507219349793,1005,522,483
b_it,b_it,.5015399932861329,1.609512018533842,1005,523,482
b_it,b_it,.5016799926757812,1.609513657201745,1005,524,481
b_it,b_it,.5031999969482421,1.609531329961672,1005,525,480
b_it,b_it,.5040800094604492,1.609541453361275,1005,526,479
b_it,b_it,.5044100189208984,1.609545193636436,1005,527,478
b_it,b_it,.5044400024414063,1.609545541581701,1005,528,477
b_it,b_it,.5055400085449219,1.609558200529995,1005,529,476
b_it,b_it,.505979995727539,1.609563403482919,1005,530,475
b_it,b_it,.5060900115966797,1.609564703193152,1005,531,474
b_it,b_it,.5064199829101562,1.609568586393069,1005,532,473
b_it,b_it,.5077299880981445,1.609584053157357,1005,533,472
b_it,b_it,.5097299957275391,1.60960767323817,1005,534,471
b_it,b_it,.5105599975585937,1.609617640572163,1005,535,470
b_it,b_it,.5113700103759765,1.609627554218563,1005,536,469
b_it,b_it,.5121200180053711,1.609636662156428,1005,537,468
b_it,b_it,.5123400115966796,1.609639315368977,1005,538,467
b_it,b_it,.5123699951171875,1.609639719543576,1005,539,466
b_it,b_it,.5132799911499023,1.609651600034686,1005,540,465
b_it,b_it,.5135100173950196,1.609654578039657,1005,541,464
b_it,b_it,.5138100051879883,1.609658385621359,1005,542,463
b_it,b_it,.515359992980957,1.60967785700179,1005,543,462
b_it,b_it,.5155400085449219,1.609680162375904,1005,544,461
b_it,b_it,.515989990234375,1.609685733218624,1005,545,460
b_it,b_it,.5168799972534179,1.60969680641273,1005,546,459
b_it,b_it,.5189799880981445,1.609723031010489,1005,547,458
b_it,b_it,.5198099899291992,1.609733395875976,1005,548,457
b_it,b_it,.5202399826049805,1.609738782902072,1005,549,456
b_it,b_it,.5213600158691406,1.609753282202394,1005,550,455
b_it,b_it,.5215499877929688,1.609755741976595,1005,551,454
b_it,b_it,.5215700149536133,1.609755997027428,1005,552,453
b_it,b_it,.5220199966430664,1.60976176722443,1005,553,452
b_it,b_it,.5220500183105469,1.609762152007899,1005,554,451
b_it,b_it,.5228200149536133,1.609772271499217,1005,555,450
b_it,b_it,.5232899856567382,1.609778542902367,1005,556,449
b_it,b_it,.5252099990844726,1.609804501634672,1005,557,448
b_it,b_it,.5253400039672852,1.609806268252883,1005,558,447
b_it,b_it,.5277500152587891,1.609838661342589,1005,559,446
b_it,b_it,.5307400131225586,1.609878773070468,1005,560,445
b_it,b_it,.5307899856567383,1.609879454425658,1005,561,444
b_it,b_it,.5339199829101563,1.609922620589875,1005,562,443
b_it,b_it,.5348500061035156,1.609935296150779,1005,563,442
b_it,b_it,.535530014038086,1.609944295917912,1005,564,441
b_it,b_it,.5374800109863281,1.609969803604582,1005,565,440
b_it,b_it,.5381600189208985,1.609978591937682,1005,566,439
b_it,b_it,.5389099884033203,1.609988516096762,1005,567,438
b_it,b_it,.5405199813842774,1.610010029935512,1005,568,437
b_it,b_it,.5407400131225586,1.610012884461957,1005,569,436
b_it,b_it,.5408800125122071,1.610014904828973,1005,570,435
b_it,b_it,.5412900161743164,1.610020658337912,1005,571,434
b_it,b_it,.5419300079345704,1.610029476228838,1005,572,433
b_it,b_it,.5421799850463868,1.610032872917058,1005,573,432
b_it,b_it,.5435200119018555,1.610051586681969,1005,574,431
b_it,b_it,.5443099975585938,1.610062345317258,1005,575,430
b_it,b_it,.5447200012207031,1.610068030719509,1005,576,429
b_it,b_it,.5456900024414062,1.610081526041427,1005,577,428
b_it,b_it,.5461100006103515,1.610087359029259,1005,578,427
b_it,b_it,.5476699829101562,1.610108567350938,1005,579,426
b_it,b_it,.5477999877929688,1.610110328002636,1005,580,425
b_it,b_it,.549010009765625,1.610126494953471,1005,581,424
b_it,b_it,.5500299835205078,1.610139602472243,1005,582,423
b_it,b_it,.5525699996948242,1.610172129231434,1005,583,422
b_it,b_it,.5555699920654297,1.610209382347799,1005,584,421
b_it,b_it,.5563800048828125,1.610219706690495,1005,585,420
b_it,b_it,.5564300155639649,1.610220316692919,1005,586,419
b_it,b_it,.5585900115966796,1.610247055688698,1005,587,418
b_it,b_it,.5586800003051757,1.610248136008529,1005,588,417
b_it,b_it,.55875,1.61024894310523,1005,589,416
b_it,b_it,.5598600006103516,1.610262043125718,1005,590,415
b_it,b_it,.561510009765625,1.610280636110754,1005,591,414
b_it,b_it,.5629000091552734,1.610296053157004,1005,592,413
b_it,b_it,.5632600021362305,1.610300063240726,1005,593,412
b_it,b_it,.5658499908447265,1.610327753439742,1005,594,411
b_it,b_it,.5671599960327148,1.610341893774176,1005,595,410
b_it,b_it,.5680899810791016,1.610351293873629,1005,596,409
b_it,b_it,.5685900115966797,1.610356361289705,1005,597,408
b_it,b_it,.5689099884033203,1.61035922462456,1005,598,407
b_it,b_it,.5692900085449218,1.6103624286733,1005,599,406
b_it,b_it,.5704499816894532,1.610372243273867,1005,600,405
b_it,b_it,.5707600021362305,1.610374804765956,1005,601,404
b_it,b_it,.5718899917602539,1.610384254795884,1005,602,403
b_it,b_it,.5738000106811524,1.610399331660866,1005,603,402
b_it,b_it,.5753200149536133,1.61041062119672,1005,604,401
b_it,b_it,.5782600021362305,1.61043084653256,1005,605,400
b_it,b_it,.5784099960327148,1.610431833139154,1005,606,399
b_it,b_it,.5785599899291992,1.61043266614224,1005,607,398
b_it,b_it,.5795399856567383,1.610437983278482,1005,608,397
b_it,b_it,.580620002746582,1.610443731389005,1005,609,396
b_it,b_it,.5817399978637695,1.61045008720902,1005,610,395
b_it,b_it,.5836399841308594,1.610460955860667,1005,611,394
b_it,b_it,.5839400100708008,1.610462544968663,1005,612,393
b_it,b_it,.5856399917602539,1.610471845180423,1005,613,392
b_it,b_it,.5878300094604492,1.610483101525725,1005,614,391
b_it,b_it,.5889699935913086,1.610488632064208,1005,615,390
b_it,b_it,.5890700149536133,1.610489119316824,1005,616,389
b_it,b_it,.5895600128173828,1.610491789571245,1005,617,388
b_it,b_it,.5906299972534179,1.610498613496727,1005,618,387
b_it,b_it,.5920299911499023,1.61050775626495,1005,619,386
b_it,b_it,.5923099899291993,1.610509588471003,1005,620,385
b_it,b_it,.5923899841308594,1.610510081395297,1005,621,384
b_it,b_it,.5932400131225586,1.610514877062599,1005,622,383
b_it,b_it,.5937200164794922,1.610517468045054,1005,623,382
b_it,b_it,.5947100067138672,1.610522595521304,1005,624,381
b_it,b_it,.5959500122070313,1.610530155660955,1005,625,380
b_it,b_it,.5972100067138671,1.610537798447858,1005,626,379
b_it,b_it,.5982300186157227,1.610542955762868,1005,627,378
b_it,b_it,.5982500076293945,1.610543073093474,1005,628,377
b_it,b_it,.6004399871826172,1.610556704267545,1005,629,376
b_it,b_it,.6007600021362305,1.610558589010784,1005,630,375
b_it,b_it,.6008399963378906,1.610559052758595,1005,631,374
b_it,b_it,.6026100158691406,1.610569477805389,1005,632,373
b_it,b_it,.6026599884033204,1.610569789008356,1005,633,372
b_it,b_it,.6043500137329102,1.610581650549636,1005,634,371
b_it,b_it,.6045800018310546,1.610583362329558,1005,635,370
b_it,b_it,.6053099822998047,1.610588814958733,1005,636,369
b_it,b_it,.6057899856567383,1.610591999653409,1005,637,368
b_it,b_it,.6063399887084961,1.610596536140855,1005,638,367
b_it,b_it,.6073699951171875,1.610604494128674,1005,639,366
b_it,b_it,.6075799942016602,1.610606089445384,1005,640,365
b_it,b_it,.6081200027465821,1.610609593348458,1005,641,364
b_it,b_it,.608489990234375,1.610612319336129,1005,642,363
b_it,b_it,.6088299942016602,1.610614621528925,1005,643,362
b_it,b_it,.6116600036621094,1.610631191266225,1005,644,361
b_it,b_it,.6116699981689453,1.610631251858495,1005,645,360
b_it,b_it,.6125500106811523,1.610637646270177,1005,646,359
b_it,b_it,.6133800125122071,1.610643928837445,1005,647,358
b_it,b_it,.6141999816894531,1.610648649430303,1005,648,357
b_it,b_it,.6161399841308594,1.610658826387423,1005,649,356
b_it,b_it,.6161700057983398,1.610658942750184,1005,650,355
b_it,b_it,.6167300033569336,1.610661967332713,1005,651,354
b_it,b_it,.6172900009155273,1.610665125762375,1005,652,353
b_it,b_it,.6176499938964843,1.610667161457891,1005,653,352
b_it,b_it,.6206499862670899,1.610703266823572,1005,654,351
b_it,b_it,.6214199829101562,1.610712684463853,1005,655,350
b_it,b_it,.6219800186157226,1.610719945160252,1005,656,349
b_it,b_it,.6225899887084961,1.610728393936529,1005,657,348
b_it,b_it,.6243299865722656,1.610753848527342,1005,658,347
b_it,b_it,.6284799957275391,1.610810924177946,1005,659,346
b_it,b_it,.6302500152587891,1.61083449029237,1005,660,345
b_it,b_it,.6315000152587891,1.61085031550276,1005,661,344
b_it,b_it,.6334400177001953,1.610875524759921,1005,662,343
b_it,b_it,.6336299896240234,1.610878133645995,1005,663,342
b_it,b_it,.634739990234375,1.610893587151589,1005,664,341
b_it,b_it,.6361199951171875,1.610913497192702,1005,665,340
b_it,b_it,.636870002746582,1.610923999727959,1005,666,339
b_it,b_it,.6379899978637695,1.610939697373095,1005,667,338
b_it,b_it,.6389699935913086,1.61095264795688,1005,668,337
b_it,b_it,.6398799896240235,1.610964224350258,1005,669,336
b_it,b_it,.644739990234375,1.611022313220325,1005,670,335
b_it,b_it,.6448899841308594,1.611024442998361,1005,671,334
b_it,b_it,.645199966430664,1.611029171676817,1005,672,333
b_it,b_it,.6453099822998047,1.611030881621121,1005,673,332
b_it,b_it,.645989990234375,1.611040901506072,1005,674,331
b_it,b_it,.6467400360107421,1.611052027606379,1005,675,330
b_it,b_it,.6470200347900391,1.611056000993859,1005,676,329
b_it,b_it,.6481300354003906,1.611070376585639,1005,677,328
b_it,b_it,.6486000061035156,1.611077154096339,1005,678,327
b_it,b_it,.64947998046875,1.611088850704939,1005,679,326
b_it,b_it,.6496499633789062,1.611091259796881,1005,680,325
b_it,b_it,.6497799682617188,1.611093267797896,1005,681,324
b_it,b_it,.6514800262451171,1.611116263717534,1005,682,323
b_it,b_it,.6516999816894531,1.611119032235272,1005,683,322
b_it,b_it,.6518399810791016,1.611120900136428,1005,684,321
b_it,b_it,.6522200012207031,1.611126539725003,1005,685,320
b_it,b_it,.6527799987792968,1.61113452582509,1005,686,319
b_it,b_it,.6533499908447266,1.611142684261762,1005,687,318
b_it,b_it,.6536299896240234,1.611147024704991,1005,688,317
b_it,b_it,.654000015258789,1.611152669559565,1005,689,316
b_it,b_it,.6547899627685547,1.611164687305082,1005,690,315
b_it,b_it,.6558000183105469,1.611179925595255,1005,691,314
b_it,b_it,.6569000244140625,1.611197389392598,1005,692,313
b_it,b_it,.6576799774169921,1.61120989797646,1005,693,312
b_it,b_it,.6577700042724609,1.611211275666691,1005,694,311
b_it,b_it,.6581300354003906,1.611216362217567,1005,695,310
b_it,b_it,.6591200256347656,1.611231054362696,1005,696,309
b_it,b_it,.660260009765625,1.61124998415355,1005,697,308
b_it,b_it,.6610900115966797,1.611263875916353,1005,698,307
b_it,b_it,.6632099914550781,1.611299916555057,1005,699,306
b_it,b_it,.6639700317382813,1.611314606806234,1005,700,305
b_it,b_it,.6641200256347656,1.61131755465103,1005,701,304
b_it,b_it,.6643800354003906,1.611322630344726,1005,702,303
b_it,b_it,.6658100128173828,1.611348715978725,1005,703,302
b_it,b_it,.6676100158691406,1.61138234400998,1005,704,301
b_it,b_it,.6687699890136719,1.611403663483762,1005,705,300
b_it,b_it,.6689399719238281,1.611406793009402,1005,706,299
b_it,b_it,.6696900177001953,1.611420055245168,1005,707,298
b_it,b_it,.670780029296875,1.61143917126423,1005,708,297
b_it,b_it,.670989990234375,1.611442718148047,1005,709,296
b_it,b_it,.6712000274658203,1.611446349929892,1005,710,295
b_it,b_it,.6713300323486329,1.611448686371528,1005,711,294
b_it,b_it,.6716100311279297,1.611453675100858,1005,712,293
b_it,b_it,.6716600036621094,1.611454573019909,1005,713,292
b_it,b_it,.6718099975585937,1.611457132338697,1005,714,291
b_it,b_it,.6718599700927734,1.611457974325371,1005,715,290
b_it,b_it,.6723799896240235,1.611466632303276,1005,716,289
b_it,b_it,.6733100128173828,1.611482280837264,1005,717,288
b_it,b_it,.6744000244140625,1.611502669526146,1005,718,287
b_it,b_it,.6744599914550782,1.611503763317938,1005,719,286
b_it,b_it,.6764199829101563,1.611574948241924,1005,720,285
b_it,b_it,.6767500305175781,1.611587003184394,1005,721,284
b_it,b_it,.6775099945068359,1.611614417381876,1005,722,283
b_it,b_it,.6795600128173828,1.611690871050311,1005,723,282
b_it,b_it,.6801799774169922,1.611713223743537,1005,724,281
b_it,b_it,.680250015258789,1.611715718568044,1005,725,280
b_it,b_it,.6814600372314453,1.611758943099227,1005,726,279
b_it,b_it,.681760025024414,1.611769423661706,1005,727,278
b_it,b_it,.6818800354003907,1.611773609748311,1005,728,277
b_it,b_it,.6830100250244141,1.611811786620248,1005,729,276
b_it,b_it,.6864900207519531,1.61192541460652,1005,730,275
b_it,b_it,.6869899749755859,1.611941756634448,1005,731,274
b_it,b_it,.6876399993896485,1.611962343718937,1005,732,273
b_it,b_it,.6881600189208984,1.611978712067605,1005,733,272
b_it,b_it,.6885199737548828,1.611989716521662,1005,734,271
b_it,b_it,.6900800323486328,1.61203976683735,1005,735,270
b_it,b_it,.6902799987792969,1.612046125844138,1005,736,269
b_it,b_it,.6928399658203125,1.612124945478125,1005,737,268
b_it,b_it,.6942800140380859,1.612169427016222,1005,738,267
b_it,b_it,.6944999694824219,1.612176288891927,1005,739,266
b_it,b_it,.6952799987792969,1.612200500223979,1005,741,264
b_it,b_it,.6958999633789063,1.61222333647689,1005,742,263
b_it,b_it,.6975499725341797,1.612283615022938,1005,743,262
b_it,b_it,.6981500244140625,1.612305415059857,1005,744,261
b_it,b_it,.6981900024414063,1.612306880042329,1005,745,260
b_it,b_it,.6982599639892578,1.612309570165694,1005,746,259
b_it,b_it,.6986199951171875,1.612323219758806,1005,747,258
b_it,b_it,.6991999816894531,1.612345686254032,1005,748,257
b_it,b_it,.7023899841308594,1.612466134537556,1005,749,256
b_it,b_it,.7035600280761719,1.612509089091285,1005,750,255
b_it,b_it,.7063999938964843,1.61261577279581,1005,751,254
b_it,b_it,.707760009765625,1.612666464894056,1005,752,253
b_it,b_it,.7078500366210938,1.612669817103193,1005,753,252
b_it,b_it,.7079199981689454,1.612672411097906,1005,754,251
b_it,b_it,.7083599853515625,1.612687498287553,1005,755,250
b_it,b_it,.7087599945068359,1.612702006372841,1005,756,249
b_it,b_it,.7100700378417969,1.612749178632635,1005,757,248
b_it,b_it,.7108200073242188,1.612775142624915,1005,758,247
b_it,b_it,.7118399810791015,1.612809948868623,1005,759,246
b_it,b_it,.7118900299072266,1.612811611715096,1005,760,245
b_it,b_it,.7126699829101563,1.612837088386271,1005,761,244
b_it,b_it,.7139299774169922,1.612878773191738,1005,762,243
b_it,b_it,.7151399993896485,1.612918967717802,1005,763,242
b_it,b_it,.7168299865722656,1.612973899081756,1005,764,241
b_it,b_it,.7168699645996094,1.612975216015616,1005,765,240
b_it,b_it,.7173000335693359,1.612989737043417,1005,766,239
b_it,b_it,.718010025024414,1.613013764509365,1005,767,238
b_it,b_it,.7188899993896485,1.613043465826353,1005,768,237
b_it,b_it,.7200199890136719,1.613081192953053,1005,769,236
b_it,b_it,.7222000122070312,1.6131524087538,1005,770,235
b_it,b_it,.7224900054931641,1.613161574821495,1005,771,234
b_it,b_it,.7236199951171876,1.613196965538606,1005,772,233
b_it,b_it,.7239800262451171,1.61320864070887,1005,773,232
b_it,b_it,.7256600189208985,1.613262737577272,1005,774,231
b_it,b_it,.7268299865722656,1.61329940233249,1005,775,230
b_it,b_it,.7272799682617187,1.61331281483216,1005,776,229
b_it,b_it,.7273500061035156,1.61331486813918,1005,777,228
b_it,b_it,.7283000183105469,1.613342069026833,1005,778,227
b_it,b_it,.7284700012207032,1.613346811721677,1005,779,226
b_it,b_it,.7367900085449218,1.613574733329243,1005,780,225
b_it,b_it,.7382399749755859,1.613613508929306,1005,781,224
b_it,b_it,.7384400177001953,1.613618853861668,1005,782,223
b_it,b_it,.7403099822998047,1.613669754131928,1005,783,222
b_it,b_it,.7434100341796875,1.613756694637853,1005,784,221
b_it,b_it,.7453800201416015,1.613809919371257,1005,785,220
b_it,b_it,.7458599853515625,1.613822677695296,1005,786,219
b_it,b_it,.7464600372314453,1.613838313509926,1005,787,218
b_it,b_it,.7484700012207032,1.613890286928158,1005,788,217
b_it,b_it,.7488999938964844,1.613901675737015,1005,789,216
b_it,b_it,.7494100189208984,1.613915044292306,1005,790,215
b_it,b_it,.7541400146484375,1.614039102317174,1005,791,214
b_it,b_it,.7551799774169922,1.614066039568481,1005,792,213
b_it,b_it,.7557099914550781,1.614079854174724,1005,793,212
b_it,b_it,.7564299774169921,1.614098368186001,1005,794,211
b_it,b_it,.757239990234375,1.614119292732969,1005,795,210
b_it,b_it,.7591200256347657,1.614167582962644,1005,796,209
b_it,b_it,.7609500122070313,1.614213851009825,1005,797,208
b_it,b_it,.7617400360107421,1.614233608731658,1005,798,207
b_it,b_it,.7626799774169922,1.614256970166942,1005,799,206
b_it,b_it,.7649099731445312,1.614311476549888,1005,800,205
b_it,b_it,.7720600128173828,1.614486150254083,1005,801,204
b_it,b_it,.7722000122070313,1.614489613895383,1005,802,203
b_it,b_it,.774219970703125,1.614539465221754,1005,803,202
b_it,b_it,.7745700073242188,1.614548128395579,1005,804,201
b_it,b_it,.7765399932861328,1.614596477559704,1005,805,200
b_it,b_it,.7789299774169922,1.614654774424935,1005,806,199
b_it,b_it,.7818800354003906,1.614726643683432,1005,807,198
b_it,b_it,.7836399841308593,1.614769325108316,1005,808,197
b_it,b_it,.7848400115966797,1.614798259548273,1005,809,196
b_it,b_it,.7905699920654297,1.614936463814978,1005,810,195
b_it,b_it,.7914600372314453,1.614957800442732,1005,811,194
b_it,b_it,.7926100158691406,1.614985467391521,1005,812,193
b_it,b_it,.7943000030517579,1.615026055236145,1005,813,192
b_it,b_it,.7948999786376953,1.615040425663466,1005,814,191
b_it,b_it,.7960399627685547,1.615067760715864,1005,815,190
b_it,b_it,.7981199645996093,1.615117509757002,1005,816,189
b_it,b_it,.7983499908447266,1.615123009306331,1005,817,188
b_it,b_it,.8005899810791015,1.615176488486829,1005,818,187
b_it,b_it,.8011000061035156,1.615188611339429,1005,819,186
b_it,b_it,.8017400360107422,1.615203848881414,1005,820,185
b_it,b_it,.8043699645996094,1.615266532346953,1005,821,184
b_it,b_it,.8046800231933594,1.615273937721924,1005,822,183
b_it,b_it,.8075199890136718,1.615341821684417,1005,823,182
b_it,b_it,.808740005493164,1.615371055894728,1005,824,181
b_it,b_it,.8103399658203125,1.615409458766716,1005,825,180
b_it,b_it,.8106600189208985,1.615417144473427,1005,826,179
b_it,b_it,.8110700225830079,1.615426993650889,1005,827,178
b_it,b_it,.8113300323486328,1.615433249149979,1005,828,177
b_it,b_it,.8130699920654297,1.615475165461472,1005,829,176
b_it,b_it,.8133499908447266,1.61548191575723,1005,830,175
b_it,b_it,.8146199798583984,1.615512526475344,1005,831,174
b_it,b_it,.818030014038086,1.615594932535854,1005,832,173
b_it,b_it,.8237799835205079,1.615734623666103,1005,833,172
b_it,b_it,.8243099975585938,1.615747547007881,1005,834,171
b_it,b_it,.8249600219726563,1.615763407361629,1005,835,170
b_it,b_it,.8274500274658203,1.615824271320451,1005,836,169
b_it,b_it,.8277899932861328,1.615832594275777,1005,837,168
b_it,b_it,.8293499755859375,1.615870830751553,1005,838,167
b_it,b_it,.8323100280761718,1.615943580810118,1005,839,166
b_it,b_it,.8335600280761719,1.615974379085518,1005,840,165
b_it,b_it,.8341799926757812,1.615989671531701,1005,841,164
b_it,b_it,.8341899871826172,1.615989918187019,1005,842,163
b_it,b_it,.8365399932861328,1.616047984357835,1005,843,162
b_it,b_it,.8375399780273437,1.61607272988972,1005,844,161
b_it,b_it,.839749984741211,1.616127511466201,1005,845,160
b_it,b_it,.8405699920654297,1.616147863087355,1005,846,159
b_it,b_it,.8407199859619141,1.616151586696762,1005,847,158
b_it,b_it,.8408999633789063,1.616156052514151,1005,848,157
b_it,b_it,.8428399658203125,1.616204201007409,1005,849,156
b_it,b_it,.8430400085449219,1.616209168601261,1005,850,155
b_it,b_it,.847770004272461,1.616326787377387,1005,851,154
b_it,b_it,.8488999938964844,1.616354943314898,1005,852,153
b_it,b_it,.84947998046875,1.616369402752268,1005,853,152
b_it,b_it,.8520999908447265,1.616434816330305,1005,854,151
b_it,b_it,.8523000335693359,1.616439818637491,1005,855,150
b_it,b_it,.8558399963378907,1.616528324024493,1005,856,149
b_it,b_it,.8561499786376953,1.616536075852142,1005,857,148
b_it,b_it,.8575499725341796,1.616571037747025,1005,858,147
b_it,b_it,.8577600097656251,1.61657631750218,1005,859,146
b_it,b_it,.8588300323486329,1.616603378674915,1005,860,145
b_it,b_it,.8592400360107422,1.616613765093817,1005,861,144
b_it,b_it,.8611699676513672,1.616662616784531,1005,862,143
b_it,b_it,.8623200225830078,1.61669179271441,1005,863,142
b_it,b_it,.8627899932861328,1.616703927977093,1005,864,141
b_it,b_it,.8651100158691406,1.616763813930128,1005,865,140
b_it,b_it,.8701499938964844,1.616894211078891,1005,866,139
b_it,b_it,.8707099914550781,1.616908706259715,1005,867,138
b_it,b_it,.8721299743652344,1.616945536129911,1005,868,137
b_it,b_it,.872509994506836,1.616955402423547,1005,869,136
b_it,b_it,.8732499694824218,1.616974613252476,1005,870,135
b_it,b_it,.8733999633789062,1.616978511714552,1005,871,134
b_it,b_it,.877030029296875,1.617072681137333,1005,872,133
b_it,b_it,.8779900360107422,1.617097532779918,1005,873,132
b_it,b_it,.8794899749755859,1.617136304622496,1005,874,131
b_it,b_it,.8833200073242188,1.617235105302248,1005,875,130
b_it,b_it,.8874800109863281,1.61734200751883,1005,876,129
b_it,b_it,.8955999755859375,1.617549357752508,1005,877,128
b_it,b_it,.897239990234375,1.617590667092069,1005,878,127
b_it,b_it,.9075599670410156,1.61784667367227,1005,879,126
b_it,b_it,.9098899841308594,1.617903551059362,1005,880,125
b_it,b_it,.9149400329589844,1.61802503122517,1005,881,124
b_it,b_it,.9158599853515625,1.618047069397769,1005,882,123
b_it,b_it,.9173999786376953,1.61808332391551,1005,883,122
b_it,b_it,.9228299713134765,1.618209420959104,1005,884,121
b_it,b_it,.9247799682617187,1.618254072154561,1005,885,120
b_it,b_it,.9316000366210937,1.618407473915531,1005,886,119
b_it,b_it,.9455999755859374,1.618706367611106,1005,887,118
b_it,b_it,.9514199829101563,1.618824266627116,1005,888,117
b_it,b_it,.9565100097656249,1.618925078604818,1005,889,116
b_it,b_it,.9616300201416016,1.619023562046793,1005,890,115
b_it,b_it,.9631500244140625,1.619052192549213,1005,891,114
b_it,b_it,.9651200103759766,1.61909598116873,1005,892,113
b_it,b_it,.9697899627685547,1.619197091631985,1005,893,112
b_it,b_it,.9709500122070313,1.619222015556314,1005,894,111
b_it,b_it,.9716999816894532,1.619237978003161,1005,895,110
b_it,b_it,.9780000305175781,1.61937040406463,1005,896,109
b_it,b_it,.9814900207519531,1.619447440305524,1005,897,108
b_it,b_it,.9826300048828125,1.619472058116526,1005,898,107
b_it,b_it,.9852799987792968,1.619532332776052,1005,899,106
b_it,b_it,.9876200103759766,1.61958578744682,1005,900,105
b_it,b_it,.9971800231933594,1.619801547606858,1005,901,104
b_it,b_it,.9985299682617188,1.619832299906544,1005,902,103
b_it,b_it,1,1.619866027249995,1005,903,102
b_it,b_it,1.000270004272461,1.619872000530686,1005,904,101
b_it*mA,b_it_mA_hat,.0009038526912286,1.142782725237915,744,75,669
b_it*mA,b_it_mA_hat,.000941250766024,1.142715209022881,744,75,669
b_it*mA,b_it_mA_hat,.0009725731622109,1.142660192074933,744,76,668
b_it*mA,b_it_mA_hat,.0010280694688317,1.142565761066463,744,77,667
b_it*mA,b_it_mA_hat,.0010564188066899,1.142517093013709,744,78,666
b_it*mA,b_it_mA_hat,.0010589431212317,1.142512560957026,744,80,664
b_it*mA,b_it_mA_hat,.0010849195355924,1.142455985248317,744,81,663
b_it*mA,b_it_mA_hat,.001142307130217,1.142337318234477,744,82,662
b_it*mA,b_it_mA_hat,.0011599442433453,1.142280902726761,744,83,661
b_it*mA,b_it_mA_hat,.001164442911602,1.142265908937663,744,83,661
b_it*mA,b_it_mA_hat,.0011844314615907,1.142200611323334,744,85,659
b_it*mA,b_it_mA_hat,.0012381815223183,1.142038162527137,744,85,659
b_it*mA,b_it_mA_hat,.0012518184439247,1.141993236374077,744,86,658
b_it*mA,b_it_mA_hat,.0013035658952277,1.141805731552409,744,88,656
b_it*mA,b_it_mA_hat,.0013134594902923,1.141770625078748,744,89,655
b_it*mA,b_it_mA_hat,.0013277905029885,1.141723543875218,744,90,654
b_it*mA,b_it_mA_hat,.0013643619831417,1.141607560883124,744,90,654
b_it*mA,b_it_mA_hat,.0013791827701413,1.141565525998947,744,91,653
b_it*mA,b_it_mA_hat,.0013828509883406,1.141555112934806,744,93,651
b_it*mA,b_it_mA_hat,.0013903597362663,1.141532868573146,744,93,651
b_it*mA,b_it_mA_hat,.0014179408572833,1.141455035880721,744,95,649
b_it*mA,b_it_mA_hat,.0014239906967899,1.141435954973892,744,96,648
b_it*mA,b_it_mA_hat,.001484864436542,1.1412415310857,744,97,647
b_it*mA,b_it_mA_hat,.0015428187081023,1.141067339625244,744,97,647
b_it*mA,b_it_mA_hat,.0015699031573247,1.140980368921608,744,98,646
b_it*mA,b_it_mA_hat,.0015784386705764,1.14095654206049,744,99,645
b_it*mA,b_it_mA_hat,.0015968423411214,1.140911937146772,744,101,643
b_it*mA,b_it_mA_hat,.0016172436979514,1.140862632654289,744,101,643
b_it*mA,b_it_mA_hat,.0016266315043498,1.140834302501926,744,102,642
b_it*mA,b_it_mA_hat,.00164168423291,1.140785784686051,744,104,640
b_it*mA,b_it_mA_hat,.0018340489388137,1.140320603626023,744,105,639
b_it*mA,b_it_mA_hat,.0018342000844344,1.140320255498927,744,106,638
b_it*mA,b_it_mA_hat,.001838424802077,1.140308779161601,744,106,638
b_it*mA,b_it_mA_hat,.0018394037789238,1.140305705170909,744,108,636
b_it*mA,b_it_mA_hat,.0018504825886581,1.140271391416427,744,109,635
b_it*mA,b_it_mA_hat,.0019313623527932,1.140026632042397,744,109,635
b_it*mA,b_it_mA_hat,.001972673903107,1.139925776661949,744,111,633
b_it*mA,b_it_mA_hat,.0020226449772614,1.13980323170465,744,112,632
b_it*mA,b_it_mA_hat,.0020478812425701,1.139751638552879,744,112,632
b_it*mA,b_it_mA_hat,.0020510854294691,1.139746365474643,744,114,630
b_it*mA,b_it_mA_hat,.0021046032714692,1.139686261494508,744,114,630
b_it*mA,b_it_mA_hat,.0021756047268841,1.139595523350219,744,115,629
b_it*mA,b_it_mA_hat,.0022062165729153,1.139579317955376,744,116,628
b_it*mA,b_it_mA_hat,.0022782369610736,1.139548217493573,744,117,627
b_it*mA,b_it_mA_hat,.0023054389994289,1.139543113965363,744,119,625
b_it*mA,b_it_mA_hat,.0023356291326595,1.139545271654783,744,120,624
b_it*mA,b_it_mA_hat,.0023645483600274,1.139546020576369,744,121,623
b_it*mA,b_it_mA_hat,.002366781484129,1.139546702481046,744,121,623
b_it*mA,b_it_mA_hat,.0024840535055957,1.139591801870193,744,123,621
b_it*mA,b_it_mA_hat,.0025579663125766,1.13962393996212,744,124,620
b_it*mA,b_it_mA_hat,.0025861006299281,1.13963665062888,744,124,620
b_it*mA,b_it_mA_hat,.0026240882835637,1.139651631350718,744,125,619
b_it*mA,b_it_mA_hat,.002897647970277,1.139817042099937,744,126,618
b_it*mA,b_it_mA_hat,.0029225571495059,1.139830417563321,744,128,616
b_it*mA,b_it_mA_hat,.0031330672783738,1.139929963026777,744,129,615
b_it*mA,b_it_mA_hat,.0031721538585834,1.139957024804363,744,130,614
b_it*mA,b_it_mA_hat,.0032024242299614,1.139967093647122,744,130,614
b_it*mA,b_it_mA_hat,.0032051713986452,1.139967796757186,744,132,612
b_it*mA,b_it_mA_hat,.0032086473227719,1.139968833371614,744,133,611
b_it*mA,b_it_mA_hat,.0032425433268286,1.139987478235971,744,133,611
b_it*mA,b_it_mA_hat,.0032532613226743,1.139994511191815,744,135,609
b_it*mA,b_it_mA_hat,.0032554673469884,1.139995535583385,744,136,608
b_it*mA,b_it_mA_hat,.0032744055521599,1.140002345783346,744,136,608
b_it*mA,b_it_mA_hat,.0033758396404705,1.14006527384665,744,138,606
b_it*mA,b_it_mA_hat,.0033768979096056,1.140065995029837,744,138,606
b_it*mA,b_it_mA_hat,.003423627692782,1.140090603417577,744,140,604
b_it*mA,b_it_mA_hat,.003453896675593,1.140095916332743,744,141,603
b_it*mA,b_it_mA_hat,.0034612848430687,1.140100405123021,744,141,603
b_it*mA,b_it_mA_hat,.0035080853736598,1.140135115348124,744,143,601
b_it*mA,b_it_mA_hat,.0035140970005358,1.140138343878299,744,143,601
b_it*mA,b_it_mA_hat,.0035182433494752,1.140140378471937,744,144,600
b_it*mA,b_it_mA_hat,.003699787922958,1.14008092556205,744,145,599
b_it*mA,b_it_mA_hat,.0037297328923394,1.140075267705367,744,146,598
b_it*mA,b_it_mA_hat,.0037453952185374,1.140073432195285,744,148,596
b_it*mA,b_it_mA_hat,.0037793152451199,1.140070707921731,744,149,595
b_it*mA,b_it_mA_hat,.0037873016775125,1.140071012998438,744,149,595
b_it*mA,b_it_mA_hat,.0038500480243155,1.140082832110205,744,150,594
b_it*mA,b_it_mA_hat,.003873630720808,1.140085782743167,744,152,592
b_it*mA,b_it_mA_hat,.0040312827428488,1.140176858331798,744,153,591
b_it*mA,b_it_mA_hat,.0041209348595499,1.140244719078396,744,153,591
b_it*mA,b_it_mA_hat,.0041232378265534,1.140246255423568,744,155,589
b_it*mA,b_it_mA_hat,.0041463582189145,1.140259675783061,744,156,588
b_it*mA,b_it_mA_hat,.0041840243568932,1.140285724712379,744,157,587
b_it*mA,b_it_mA_hat,.0042530571894266,1.140340743566095,744,157,587
b_it*mA,b_it_mA_hat,.0043180562614183,1.140363780098749,744,158,586
b_it*mA,b_it_mA_hat,.0043325522995904,1.140367358004505,744,159,585
b_it*mA,b_it_mA_hat,.004379226505441,1.140384348165987,744,160,584
b_it*mA,b_it_mA_hat,.0044165351085117,1.140396393526193,744,161,583
b_it*mA,b_it_mA_hat,.0044310662962804,1.140400791002564,744,163,581
b_it*mA,b_it_mA_hat,.0044566116371489,1.140408913562071,744,164,580
b_it*mA,b_it_mA_hat,.0044578512221551,1.140409205164651,744,164,580
b_it*mA,b_it_mA_hat,.0044834155369165,1.140415412084165,744,165,579
b_it*mA,b_it_mA_hat,.0045028760907324,1.140421494068944,744,167,577
b_it*mA,b_it_mA_hat,.0045265291233831,1.140431619429975,744,167,577
b_it*mA,b_it_mA_hat,.0045595309061942,1.140445229649685,744,169,575
b_it*mA,b_it_mA_hat,.0046204044070314,1.140468901029325,744,170,574
b_it*mA,b_it_mA_hat,.0046209930000384,1.140469133740522,744,171,573
b_it*mA,b_it_mA_hat,.0046275876393351,1.14047115537567,744,171,573
b_it*mA,b_it_mA_hat,.0046375923056743,1.140472434293876,744,172,572
b_it*mA,b_it_mA_hat,.0047137502197422,1.140501188546797,744,174,570
b_it*mA,b_it_mA_hat,.0047713949647896,1.140511105777952,744,175,569
b_it*mA,b_it_mA_hat,.0048403941456925,1.140513183902633,744,176,568
b_it*mA,b_it_mA_hat,.0048460586060815,1.14051292399021,744,177,567
b_it*mA,b_it_mA_hat,.0049361932927932,1.140505441750955,744,177,567
b_it*mA,b_it_mA_hat,.0049400294537104,1.140504678754616,744,179,565
b_it*mA,b_it_mA_hat,.0049644170224062,1.140499548487818,744,179,565
b_it*mA,b_it_mA_hat,.0049946739256428,1.140497932076041,744,180,564
b_it*mA,b_it_mA_hat,.0050136533100028,1.140494596273526,744,181,563
b_it*mA,b_it_mA_hat,.0050391942141994,1.140496994727641,744,182,562
b_it*mA,b_it_mA_hat,.0050983788876116,1.140493196345377,744,184,560
b_it*mA,b_it_mA_hat,.0051625720910045,1.140493511492179,744,184,560
b_it*mA,b_it_mA_hat,.0051744695798807,1.140492272389173,744,185,559
b_it*mA,b_it_mA_hat,.0051767219666968,1.140491931633508,744,187,557
b_it*mA,b_it_mA_hat,.0052157389254487,1.140481804018164,744,188,556
b_it*mA,b_it_mA_hat,.0052223741314632,1.140481854349856,744,189,555
b_it*mA,b_it_mA_hat,.0052288775157863,1.140481473939978,744,189,555
b_it*mA,b_it_mA_hat,.0052311708091302,1.140481756656476,744,191,553
b_it*mA,b_it_mA_hat,.0052804577405374,1.140486588023098,744,191,553
b_it*mA,b_it_mA_hat,.0053096837119589,1.140496693428948,744,193,551
b_it*mA,b_it_mA_hat,.0053141462381218,1.140498032242935,744,194,550
b_it*mA,b_it_mA_hat,.005316614734596,1.140498710791451,744,195,549
b_it*mA,b_it_mA_hat,.0054325529873356,1.140556069263729,744,195,549
b_it*mA,b_it_mA_hat,.0055168508062525,1.140597092817402,744,197,547
b_it*mA,b_it_mA_hat,.0055308159477966,1.140604382507384,744,197,547
b_it*mA,b_it_mA_hat,.0055620256150195,1.14061780197564,744,198,546
b_it*mA,b_it_mA_hat,.0056317508497199,1.140645631968473,744,199,545
b_it*mA,b_it_mA_hat,.0056599010214195,1.14065741175808,744,200,544
b_it*mA,b_it_mA_hat,.0057459441450658,1.14068637301673,744,201,543
b_it*mA,b_it_mA_hat,.0057638219679241,1.140695320567242,744,203,541
b_it*mA,b_it_mA_hat,.0057759273394404,1.140701082054759,744,204,540
b_it*mA,b_it_mA_hat,.0057763730893838,1.140701193816866,744,205,539
b_it*mA,b_it_mA_hat,.0057884139480615,1.140706660560415,744,205,539
b_it*mA,b_it_mA_hat,.005853211127902,1.140735662724282,744,206,538
b_it*mA,b_it_mA_hat,.005873243273925,1.14074867872153,744,207,537
b_it*mA,b_it_mA_hat,.0058809377147196,1.140753645714085,744,209,535
b_it*mA,b_it_mA_hat,.0058823656181664,1.140754718725612,744,209,535
b_it*mA,b_it_mA_hat,.0058827593872555,1.140755016126464,744,210,534
b_it*mA,b_it_mA_hat,.0058910851294877,1.140761668183141,744,211,533
b_it*mA,b_it_mA_hat,.0059355185345457,1.140791538764292,744,212,532
b_it*mA,b_it_mA_hat,.0059474479155099,1.140801365942445,744,213,531
b_it*mA,b_it_mA_hat,.0059728665962954,1.140820607202909,744,214,530
b_it*mA,b_it_mA_hat,.0060003787832279,1.140843013226641,744,215,529
b_it*mA,b_it_mA_hat,.0060166248554171,1.140855500300831,744,216,528
b_it*mA,b_it_mA_hat,.0060184915088435,1.14085708229383,744,218,526
b_it*mA,b_it_mA_hat,.0060268447356801,1.140862715009458,744,218,526
b_it*mA,b_it_mA_hat,.0060531211652036,1.140882700586539,744,219,525
b_it*mA,b_it_mA_hat,.0060593726359588,1.14088788584039,744,220,524
b_it*mA,b_it_mA_hat,.0060894041833393,1.140911435262841,744,221,523
b_it*mA,b_it_mA_hat,.0061467795924441,1.140958361287076,744,222,522
b_it*mA,b_it_mA_hat,.0061813590149993,1.140987227521659,744,224,520
b_it*mA,b_it_mA_hat,.006203104445942,1.141006504668077,744,225,519
b_it*mA,b_it_mA_hat,.0062312194738309,1.141032327070363,744,225,519
b_it*mA,b_it_mA_hat,.0062554930363271,1.141054830292241,744,227,517
b_it*mA,b_it_mA_hat,.0062964486368965,1.141100689986983,744,227,517
b_it*mA,b_it_mA_hat,.0063355408835176,1.141140806080306,744,228,516
b_it*mA,b_it_mA_hat,.0063458311193515,1.141151456802034,744,230,514
b_it*mA,b_it_mA_hat,.0063794890582138,1.141183728387444,744,231,513
b_it*mA,b_it_mA_hat,.0063979932048976,1.141200397765264,744,231,513
b_it*mA,b_it_mA_hat,.0064111230178827,1.141211581126598,744,232,512
b_it*mA,b_it_mA_hat,.0064874897917761,1.141255644247057,744,233,511
b_it*mA,b_it_mA_hat,.0065009396180472,1.141262012143552,744,234,510
b_it*mA,b_it_mA_hat,.0065704987308292,1.141297118337823,744,236,508
b_it*mA,b_it_mA_hat,.0065728793058201,1.141298814372584,744,237,507
b_it*mA,b_it_mA_hat,.0065852429108205,1.141307086220456,744,238,506
b_it*mA,b_it_mA_hat,.0066410142266112,1.141345153637995,744,238,506
b_it*mA,b_it_mA_hat,.0066463657368851,1.141348714849749,744,239,505
b_it*mA,b_it_mA_hat,.0066508847630949,1.14135085629895,744,241,503
b_it*mA,b_it_mA_hat,.0066663372415246,1.141354062490556,744,242,502
b_it*mA,b_it_mA_hat,.006691224578535,1.141357163457988,744,242,502
b_it*mA,b_it_mA_hat,.0067020699755002,1.141357439212633,744,243,501
b_it*mA,b_it_mA_hat,.0067025204906407,1.141357443854537,744,244,500
b_it*mA,b_it_mA_hat,.0067921092947884,1.141361461643229,744,246,498
b_it*mA,b_it_mA_hat,.0068408983706726,1.14136347168175,744,247,497
b_it*mA,b_it_mA_hat,.006858300129608,1.141362737413711,744,247,497
b_it*mA,b_it_mA_hat,.0068727550160882,1.141365802543326,744,249,495
b_it*mA,b_it_mA_hat,.0069090422947543,1.141369854762707,744,250,494
b_it*mA,b_it_mA_hat,.0069126524764161,1.141370567710215,744,251,493
b_it*mA,b_it_mA_hat,.0069323766855985,1.141371098247475,744,251,493
b_it*mA,b_it_mA_hat,.0069554286658021,1.141373129085362,744,252,492
b_it*mA,b_it_mA_hat,.0069789709834978,1.141374339474552,744,253,491
b_it*mA,b_it_mA_hat,.0070351859491023,1.141375918381483,744,255,489
b_it*mA,b_it_mA_hat,.0070388845934705,1.141375709991939,744,255,489
b_it*mA,b_it_mA_hat,.0070751355098789,1.141370462347746,744,256,488
b_it*mA,b_it_mA_hat,.0070760717904682,1.141370385265148,744,258,486
b_it*mA,b_it_mA_hat,.0070824012209932,1.141369748616683,744,258,486
b_it*mA,b_it_mA_hat,.0070904551796751,1.141368738730598,744,260,484
b_it*mA,b_it_mA_hat,.0071450031525414,1.141350578941693,744,260,484
b_it*mA,b_it_mA_hat,.0071514165251472,1.141348807259129,744,261,483
b_it*mA,b_it_mA_hat,.0071793166371255,1.141338158134133,744,262,482
b_it*mA,b_it_mA_hat,.007194738332557,1.141335788289943,744,264,480
b_it*mA,b_it_mA_hat,.007203532218607,1.141333924161154,744,264,480
b_it*mA,b_it_mA_hat,.0072549988160911,1.141320386922581,744,266,478
b_it*mA,b_it_mA_hat,.0072649680565458,1.141317951549349,744,267,477
b_it*mA,b_it_mA_hat,.0072743116773046,1.141315469904356,744,268,476
b_it*mA,b_it_mA_hat,.0072944368181606,1.141310497250766,744,269,475
b_it*mA,b_it_mA_hat,.0073185293051151,1.141304765617974,744,270,474
b_it*mA,b_it_mA_hat,.0073214400026651,1.141306470120185,744,271,473
b_it*mA,b_it_mA_hat,.0074038666410126,1.141349637350883,744,272,472
b_it*mA,b_it_mA_hat,.0074105711832796,1.141349085661399,744,272,472
b_it*mA,b_it_mA_hat,.0074636447838482,1.141344602407514,744,273,471
b_it*mA,b_it_mA_hat,.0075202015146274,1.141339183562913,744,275,469
b_it*mA,b_it_mA_hat,.0075322954499018,1.141340125243003,744,275,469
b_it*mA,b_it_mA_hat,.007540270657524,1.141341619011033,744,276,468
b_it*mA,b_it_mA_hat,.0075719723955306,1.141351063137709,744,277,467
b_it*mA,b_it_mA_hat,.0075845845164624,1.141354857106406,744,278,466
b_it*mA,b_it_mA_hat,.0075953225772563,1.141355712679004,744,280,464
b_it*mA,b_it_mA_hat,.0076180886815292,1.141361277445624,744,280,464
b_it*mA,b_it_mA_hat,.0076386667276411,1.141368041010482,744,282,462
b_it*mA,b_it_mA_hat,.0076939681302605,1.141385235441521,744,282,462
b_it*mA,b_it_mA_hat,.0077016197702939,1.141387933133436,744,284,460
b_it*mA,b_it_mA_hat,.0077554901403123,1.141406821195891,744,284,460
b_it*mA,b_it_mA_hat,.0078153669733632,1.141405066105854,744,285,459
b_it*mA,b_it_mA_hat,.0078746541980934,1.141399768627448,744,286,458
b_it*mA,b_it_mA_hat,.0078968613715641,1.141396431554843,744,287,457
b_it*mA,b_it_mA_hat,.0079467769994222,1.141387110902746,744,289,455
b_it*mA,b_it_mA_hat,.0079879893867783,1.141374404059397,744,290,454
b_it*mA,b_it_mA_hat,.0080372999000815,1.141358319556621,744,290,454
b_it*mA,b_it_mA_hat,.0081176245990831,1.141320445152916,744,292,452
b_it*mA,b_it_mA_hat,.0082594168765384,1.141263087719822,744,292,452
b_it*mA,b_it_mA_hat,.0083037742396901,1.141243721488012,744,293,451
b_it*mA,b_it_mA_hat,.0083184991244728,1.14123626463487,744,295,449
b_it*mA,b_it_mA_hat,.0083512143331647,1.141221663294507,744,295,449
b_it*mA,b_it_mA_hat,.0083594535616061,1.141218234676781,744,296,448
b_it*mA,b_it_mA_hat,.0083618397898049,1.141217247570083,744,297,447
b_it*mA,b_it_mA_hat,.0084401493984945,1.141191909227979,744,298,446
b_it*mA,b_it_mA_hat,.0085010582750152,1.141175235923139,744,299,445
b_it*mA,b_it_mA_hat,.0085130469976793,1.141171242697793,744,301,443
b_it*mA,b_it_mA_hat,.0085177434397836,1.141170012595727,744,301,443
b_it*mA,b_it_mA_hat,.0085785453504213,1.141162142347378,744,302,442
b_it*mA,b_it_mA_hat,.008752254452535,1.141196933697444,744,304,440
b_it*mA,b_it_mA_hat,.0087571091091541,1.141197992543068,744,304,440
b_it*mA,b_it_mA_hat,.0088177056273399,1.141209038373839,744,305,439
b_it*mA,b_it_mA_hat,.0090321395287315,1.141268108408733,744,307,437
b_it*mA,b_it_mA_hat,.0090684212294761,1.141276355999757,744,307,437
b_it*mA,b_it_mA_hat,.0092040442059263,1.141306987967214,744,309,435
b_it*mA,b_it_mA_hat,.0092439711475689,1.141316696482215,744,310,434
b_it*mA,b_it_mA_hat,.0092785405174062,1.141329791797862,744,310,434
b_it*mA,b_it_mA_hat,.0093701963171621,1.141366086711706,744,311,433
b_it*mA,b_it_mA_hat,.0094689074857054,1.141412230754239,744,312,432
b_it*mA,b_it_mA_hat,.0095152858445699,1.141434399168681,744,314,430
b_it*mA,b_it_mA_hat,.0095743438915758,1.141461410271446,744,314,430
b_it*mA,b_it_mA_hat,.0097059903788902,1.141536826399947,744,315,429
b_it*mA,b_it_mA_hat,.0097792418261218,1.141569310766543,744,316,428
b_it*mA,b_it_mA_hat,.0098201989029871,1.141593129018307,744,317,427
b_it*mA,b_it_mA_hat,.0098207846019538,1.141593462574841,744,319,425
b_it*mA,b_it_mA_hat,.009875863409294,1.141625731390375,744,320,424
b_it*mA,b_it_mA_hat,.0099655099792568,1.141674506518635,744,321,423
b_it*mA,b_it_mA_hat,.0100121492448735,1.141697782544555,744,322,422
b_it*mA,b_it_mA_hat,.0100490946939671,1.141718716257279,744,322,422
b_it*mA,b_it_mA_hat,.0101743601976255,1.141794752577465,744,324,420
b_it*mA,b_it_mA_hat,.0102287255360236,1.141850866126355,744,324,420
b_it*mA,b_it_mA_hat,.0103836314169702,1.142004113363338,744,326,418
b_it*mA,b_it_mA_hat,.010383988048841,1.142004429748049,744,327,417
b_it*mA,b_it_mA_hat,.0104078729091224,1.142025054890484,744,327,417
b_it*mA,b_it_mA_hat,.0106408050566599,1.142224530130878,744,328,416
b_it*mA,b_it_mA_hat,.0106737260971981,1.142250409203803,744,330,414
b_it*mA,b_it_mA_hat,.0107681467178818,1.142326601772587,744,330,414
b_it*mA,b_it_mA_hat,.010778717432353,1.142334119352112,744,332,412
b_it*mA,b_it_mA_hat,.0108159994308724,1.142363567482709,744,332,412
b_it*mA,b_it_mA_hat,.0108843166575198,1.142416842925881,744,334,410
b_it*mA,b_it_mA_hat,.0109021845910425,1.142430702197403,744,335,409
b_it*mA,b_it_mA_hat,.0110606398977551,1.142545823051285,744,336,408
b_it*mA,b_it_mA_hat,.011171438200002,1.142623881978714,744,337,407
b_it*mA,b_it_mA_hat,.0113246624572964,1.142736733377524,744,338,406
b_it*mA,b_it_mA_hat,.0113679353916946,1.142767085224577,744,338,406
b_it*mA,b_it_mA_hat,.0113960993820809,1.142784065789758,744,339,405
b_it*mA,b_it_mA_hat,.0114044304739178,1.142788450208415,744,341,403
b_it*mA,b_it_mA_hat,.0114256347225603,1.142800068269825,744,341,403
b_it*mA,b_it_mA_hat,.0114551910552982,1.142815490774345,744,342,402
b_it*mA,b_it_mA_hat,.0115624830052804,1.142878341022843,744,343,401
b_it*mA,b_it_mA_hat,.011568458233477,1.142882491361035,744,344,400
b_it*mA,b_it_mA_hat,.011860397753275,1.143090714813453,744,345,399
b_it*mA,b_it_mA_hat,.0118767939741263,1.143101723144062,744,346,398
b_it*mA,b_it_mA_hat,.0119372531903911,1.143143778992226,744,348,396
b_it*mA,b_it_mA_hat,.0120282557484996,1.143202552683742,744,349,395
b_it*mA,b_it_mA_hat,.0120875869214673,1.143243311906283,744,349,395
b_it*mA,b_it_mA_hat,.012123446120048,1.143265500356417,744,350,394
b_it*mA,b_it_mA_hat,.0121857213925953,1.143305356547861,744,351,393
b_it*mA,b_it_mA_hat,.0122569538747123,1.143349646350845,744,352,392
b_it*mA,b_it_mA_hat,.0122691040351623,1.143356789468197,744,354,390
b_it*mA,b_it_mA_hat,.0122945306259022,1.143372835891714,744,355,389
b_it*mA,b_it_mA_hat,.0123293857426764,1.143396013836574,744,356,388
b_it*mA,b_it_mA_hat,.0123346654773652,1.143399324584663,744,357,387
b_it*mA,b_it_mA_hat,.0123515406773238,1.143408853425429,744,357,387
b_it*mA,b_it_mA_hat,.0123641487591272,1.143415827952406,744,358,386
b_it*mA,b_it_mA_hat,.0124203996387674,1.143447371834662,744,360,384
b_it*mA,b_it_mA_hat,.0125708584894197,1.143533618933867,744,361,383
b_it*mA,b_it_mA_hat,.0125717846973778,1.143534160612568,744,361,383
b_it*mA,b_it_mA_hat,.0125926570290074,1.143547309916136,744,362,382
b_it*mA,b_it_mA_hat,.0126166456334744,1.143562480369841,744,364,380
b_it*mA,b_it_mA_hat,.012678952127265,1.143595560868442,744,365,379
b_it*mA,b_it_mA_hat,.0130123644329734,1.143743011840522,744,365,379
b_it*mA,b_it_mA_hat,.013109033329681,1.143780239854863,744,366,378
b_it*mA,b_it_mA_hat,.0131623469156485,1.143798162783963,744,368,376
b_it*mA,b_it_mA_hat,.0131704271473373,1.143801012781278,744,368,376
b_it*mA,b_it_mA_hat,.0132374073142492,1.143829857029874,744,369,375
b_it*mA,b_it_mA_hat,.0132783882702503,1.143848587437922,744,371,373
b_it*mA,b_it_mA_hat,.0133560177764252,1.143886281787918,744,371,373
b_it*mA,b_it_mA_hat,.0134693084742821,1.143936916695183,744,373,371
b_it*mA,b_it_mA_hat,.0135112450991597,1.143958455853774,744,374,370
b_it*mA,b_it_mA_hat,.0136174554070951,1.144011759041005,744,374,370
b_it*mA,b_it_mA_hat,.0136903531055373,1.14404848042957,744,375,369
b_it*mA,b_it_mA_hat,.0137495328058489,1.144077924033863,744,377,367
b_it*mA,b_it_mA_hat,.013832493344536,1.144112047728109,744,378,366
b_it*mA,b_it_mA_hat,.0138347254667149,1.144112979777158,744,378,366
b_it*mA,b_it_mA_hat,.0139218554216956,1.144150089144645,744,380,364
b_it*mA,b_it_mA_hat,.0139573470628797,1.144165568128312,744,381,363
b_it*mA,b_it_mA_hat,.0141616766092833,1.14425423132378,744,381,363
b_it*mA,b_it_mA_hat,.0145372450471647,1.144411830864743,744,382,362
b_it*mA,b_it_mA_hat,.0147877719489275,1.144512504801027,744,383,361
b_it*mA,b_it_mA_hat,.0147959409921506,1.144515989487967,744,385,359
b_it*mA,b_it_mA_hat,.0148908936553349,1.144560200786047,744,385,359
b_it*mA,b_it_mA_hat,.0150156101335425,1.144617582083364,744,387,357
b_it*mA,b_it_mA_hat,.0151397969508459,1.144676707805977,744,388,356
b_it*mA,b_it_mA_hat,.0152591822010606,1.144733047829262,744,388,356
b_it*mA,b_it_mA_hat,.015314295079436,1.144761008024715,744,390,354
b_it*mA,b_it_mA_hat,.0153337960131374,1.144771540935383,744,391,353
b_it*mA,b_it_mA_hat,.0153448276642688,1.144777829195393,744,391,353
b_it*mA,b_it_mA_hat,.0153516513749065,1.144780736804478,744,393,351
b_it*mA,b_it_mA_hat,.0154851479651,1.144837664137299,744,394,350
b_it*mA,b_it_mA_hat,.0155929164823933,1.144888573229392,744,394,350
b_it*mA,b_it_mA_hat,.0158332563957769,1.144999160773764,744,395,349
b_it*mA,b_it_mA_hat,.0159236902364961,1.145041267178285,744,397,347
b_it*mA,b_it_mA_hat,.0160509944990778,1.145104339360947,744,398,346
b_it*mA,b_it_mA_hat,.0166712001690868,1.145403281990962,744,398,346
b_it*mA,b_it_mA_hat,.0166903403185938,1.145412668128086,744,399,345
b_it*mA,b_it_mA_hat,.0167647485399426,1.145448012746897,744,400,344
b_it*mA,b_it_mA_hat,.0169051715576906,1.145517843536456,744,401,343
b_it*mA,b_it_mA_hat,.0170207675946371,1.145575912522633,744,403,341
b_it*mA,b_it_mA_hat,.0174262769695189,1.14577143756992,744,403,341
b_it*mA,b_it_mA_hat,.0174428519491361,1.145780054853156,744,405,339
b_it*mA,b_it_mA_hat,.0174799919392498,1.145799230691378,744,406,338
b_it*mA,b_it_mA_hat,.0176435223953184,1.145893501585266,744,407,337
b_it*mA,b_it_mA_hat,.0177304756380012,1.145942151276517,744,407,337
b_it*mA,b_it_mA_hat,.0179126241712707,1.146044925505036,744,409,335
b_it*mA,b_it_mA_hat,.0182798405870599,1.146244963760837,744,409,335
b_it*mA,b_it_mA_hat,.01828232232319,1.146246263489093,744,411,333
b_it*mA,b_it_mA_hat,.0184565949984101,1.146340854896385,744,412,332
b_it*mA,b_it_mA_hat,.0187203465117954,1.146472329545736,744,413,331
b_it*mA,b_it_mA_hat,.018841809607458,1.146532210168904,744,413,331
b_it*mA,b_it_mA_hat,.0189253541696633,1.146572222464496,744,414,330
b_it*mA,b_it_mA_hat,.0191142439732985,1.146661652857369,744,416,328
b_it*mA,b_it_mA_hat,.019157399314245,1.146681777982835,744,417,327
b_it*mA,b_it_mA_hat,.019190210044252,1.146696836830802,744,417,327
b_it*mA,b_it_mA_hat,.0192345070364494,1.146716014739953,744,419,325
b_it*mA,b_it_mA_hat,.0193641873682654,1.146767482078381,744,419,325
b_it*mA,b_it_mA_hat,.0194945959289254,1.146817995412122,744,420,324
b_it*mA,b_it_mA_hat,.0194982872128059,1.146819420244531,744,421,323
b_it*mA,b_it_mA_hat,.0195429983015032,1.14683718605326,744,423,321
b_it*mA,b_it_mA_hat,.0196604864759798,1.146883417902804,744,424,320
b_it*mA,b_it_mA_hat,.0198582043564787,1.146955329865981,744,425,319
b_it*mA,b_it_mA_hat,.0198932119921802,1.146967700119631,744,426,318
b_it*mA,b_it_mA_hat,.0200112390423521,1.147010019980984,744,427,317
b_it*mA,b_it_mA_hat,.0200301700489193,1.147016441178286,744,427,317
b_it*mA,b_it_mA_hat,.0201933054057047,1.147068649364622,744,428,316
b_it*mA,b_it_mA_hat,.0202179717125191,1.147076555732892,744,430,314
b_it*mA,b_it_mA_hat,.0202868126361096,1.147098656241614,744,430,314
b_it*mA,b_it_mA_hat,.0203496618104137,1.147118338320454,744,432,312
b_it*mA,b_it_mA_hat,.0204543939367678,1.147149196825056,744,432,312
b_it*mA,b_it_mA_hat,.0205316593781946,1.147171518089713,744,434,310
b_it*mA,b_it_mA_hat,.0206571988519558,1.147207689910628,744,435,309
b_it*mA,b_it_mA_hat,.0207906999439473,1.147241646380464,744,436,308
b_it*mA,b_it_mA_hat,.0208878151141141,1.147266837424408,744,436,308
b_it*mA,b_it_mA_hat,.0209133040959651,1.147273064017514,744,438,306
b_it*mA,b_it_mA_hat,.0209381044081777,1.147279489081812,744,439,305
b_it*mA,b_it_mA_hat,.0212110059551253,1.147352278725215,744,439,305
b_it*mA,b_it_mA_hat,.0212735236161991,1.147367550071391,744,440,304
b_it*mA,b_it_mA_hat,.0213755071126099,1.147391790783926,744,442,302
b_it*mA,b_it_mA_hat,.0214776243104545,1.147418077175157,744,442,302
b_it*mA,b_it_mA_hat,.0216712037810698,1.147468547794225,744,444,300
b_it*mA,b_it_mA_hat,.0217100857765923,1.147477716083653,744,445,299
b_it*mA,b_it_mA_hat,.0217250068623472,1.147480135302274,744,446,298
b_it*mA,b_it_mA_hat,.0217391991191494,1.147482676741394,744,447,297
b_it*mA,b_it_mA_hat,.0220768313511922,1.147541425884658,744,448,296
b_it*mA,b_it_mA_hat,.0221168779640567,1.147548482661709,744,448,296
b_it*mA,b_it_mA_hat,.0221404715755585,1.147552512449294,744,450,294
b_it*mA,b_it_mA_hat,.0225187823135457,1.147612805285707,744,451,293
b_it*mA,b_it_mA_hat,.022826440285665,1.147665199421924,744,452,292
b_it*mA,b_it_mA_hat,.0230650887884252,1.147706891757506,744,452,292
b_it*mA,b_it_mA_hat,.0232234177026959,1.147734182638224,744,454,290
b_it*mA,b_it_mA_hat,.0235654290058188,1.147791423741126,744,455,289
b_it*mA,b_it_mA_hat,.0236742694981131,1.147810131333787,744,455,289
b_it*mA,b_it_mA_hat,.0237369604951262,1.147821440749868,744,456,288
b_it*mA,b_it_mA_hat,.0237763482901452,1.147828783040449,744,457,287
b_it*mA,b_it_mA_hat,.0242341128699124,1.147916394988001,744,459,285
b_it*mA,b_it_mA_hat,.0242769413536455,1.147923663257173,744,459,285
b_it*mA,b_it_mA_hat,.0243045167747302,1.147928526093554,744,461,283
b_it*mA,b_it_mA_hat,.0244452446874252,1.147951749538892,744,462,282
b_it*mA,b_it_mA_hat,.0245684306392513,1.147972973968702,744,462,282
b_it*mA,b_it_mA_hat,.0246538691242014,1.147988584794571,744,464,280
b_it*mA,b_it_mA_hat,.0246832375632962,1.147993535854898,744,464,280
b_it*mA,b_it_mA_hat,.024706047448209,1.147997262448408,744,466,278
b_it*mA,b_it_mA_hat,.0249078075665649,1.148028311826899,744,467,277
b_it*mA,b_it_mA_hat,.0249156525406539,1.148029485335924,744,468,276
b_it*mA,b_it_mA_hat,.0249496367200034,1.148034155047888,744,469,275
b_it*mA,b_it_mA_hat,.025094105097312,1.148054354512927,744,470,274
b_it*mA,b_it_mA_hat,.0251840833510799,1.14806702898615,744,471,273
b_it*mA,b_it_mA_hat,.0251856174483348,1.148067246588353,744,471,273
b_it*mA,b_it_mA_hat,.0252753162050323,1.148080251557391,744,472,272
b_it*mA,b_it_mA_hat,.0254162689218533,1.148101457531404,744,474,270
b_it*mA,b_it_mA_hat,.0254200795295692,1.148102012754768,744,474,270
b_it*mA,b_it_mA_hat,.0254936245247455,1.148112643056998,744,475,269
b_it*mA,b_it_mA_hat,.0255088795579825,1.148114983400161,744,476,268
b_it*mA,b_it_mA_hat,.0256292133884652,1.148133558860896,744,478,266
b_it*mA,b_it_mA_hat,.0256400536947081,1.148135078729344,744,478,266
b_it*mA,b_it_mA_hat,.0257318945558062,1.148147743269678,744,480,264
b_it*mA,b_it_mA_hat,.0258574050933354,1.148164364682372,744,481,263
b_it*mA,b_it_mA_hat,.0260728905023068,1.14819186946917,744,481,263
b_it*mA,b_it_mA_hat,.0261348030696124,1.148198676409269,744,483,261
b_it*mA,b_it_mA_hat,.0261832632724761,1.148204582581678,744,484,260
b_it*mA,b_it_mA_hat,.0262191015572737,1.148208876649379,744,485,259
b_it*mA,b_it_mA_hat,.0262564818063234,1.148213465245766,744,486,258
b_it*mA,b_it_mA_hat,.0265905619374761,1.148253168110905,744,487,257
b_it*mA,b_it_mA_hat,.0267158992999772,1.148268229228443,744,488,256
b_it*mA,b_it_mA_hat,.0268171128535677,1.148280762803992,744,488,256
b_it*mA,b_it_mA_hat,.0268470466560173,1.148284387908098,744,489,255
b_it*mA,b_it_mA_hat,.0268626951208963,1.148286247593975,744,491,253
b_it*mA,b_it_mA_hat,.0268639521092608,1.148286404749717,744,492,252
b_it*mA,b_it_mA_hat,.0268717450967443,1.148287341504856,744,493,251
b_it*mA,b_it_mA_hat,.0269125798887281,1.148292059605882,744,494,250
b_it*mA,b_it_mA_hat,.0269412520805979,1.148295548086423,744,495,249
b_it*mA,b_it_mA_hat,.0272018647945553,1.148326974453669,744,496,248
b_it*mA,b_it_mA_hat,.0272022847257622,1.148327027469677,744,496,248
b_it*mA,b_it_mA_hat,.0274116054063589,1.148318410335988,744,498,246
b_it*mA,b_it_mA_hat,.0274632258109436,1.148315731580863,744,499,245
b_it*mA,b_it_mA_hat,.0277456939496296,1.148299478855449,744,499,245
b_it*mA,b_it_mA_hat,.0278969156081005,1.148289578841871,744,500,244
b_it*mA,b_it_mA_hat,.0279524330246072,1.14828598450587,744,502,242
b_it*mA,b_it_mA_hat,.0279631873123213,1.14828541040709,744,503,241
b_it*mA,b_it_mA_hat,.0280537784104322,1.14828057185845,744,504,240
b_it*mA,b_it_mA_hat,.028416357252611,1.148262726212712,744,504,240
b_it*mA,b_it_mA_hat,.028453309379229,1.148260640922485,744,505,239
b_it*mA,b_it_mA_hat,.0285846575414028,1.148254458778766,744,507,237
b_it*mA,b_it_mA_hat,.0286866679517264,1.148249935463321,744,507,237
b_it*mA,b_it_mA_hat,.0286984322499892,1.148249507863655,744,508,236
b_it*mA,b_it_mA_hat,.0290554913749977,1.148227908166917,744,510,234
b_it*mA,b_it_mA_hat,.0292117904271205,1.1482193629541,744,511,233
b_it*mA,b_it_mA_hat,.0293154417798113,1.148212981251242,744,511,233
b_it*mA,b_it_mA_hat,.0293419991936228,1.148210603847959,744,513,231
b_it*mA,b_it_mA_hat,.0295969489213263,1.148170252856452,744,514,230
b_it*mA,b_it_mA_hat,.0296152825522653,1.148166735086218,744,514,230
b_it*mA,b_it_mA_hat,.0297152449103114,1.148147195241576,744,516,228
b_it*mA,b_it_mA_hat,.0297223889142656,1.148145730005979,744,517,227
b_it*mA,b_it_mA_hat,.0297445742801481,1.148141427969107,744,518,226
b_it*mA,b_it_mA_hat,.0300607999097962,1.148072583690953,744,518,226
b_it*mA,b_it_mA_hat,.0301370883798634,1.148055875995481,744,519,225
b_it*mA,b_it_mA_hat,.0304745602543958,1.147972080539818,744,521,223
b_it*mA,b_it_mA_hat,.030607274923845,1.14793701272734,744,521,223
b_it*mA,b_it_mA_hat,.030654473290974,1.147927531452889,744,523,221
b_it*mA,b_it_mA_hat,.0307105543850765,1.147916242243253,744,523,221
b_it*mA,b_it_mA_hat,.0307122038055343,1.147915838775882,744,524,220
b_it*mA,b_it_mA_hat,.0309564041228434,1.147854293245943,744,526,218
b_it*mA,b_it_mA_hat,.0310051513143183,1.147842294747897,744,527,217
b_it*mA,b_it_mA_hat,.0311619282740156,1.147808806727994,744,527,217
b_it*mA,b_it_mA_hat,.0311731086312784,1.147806623556493,744,529,215
b_it*mA,b_it_mA_hat,.0312654692519016,1.14778850824222,744,530,214
b_it*mA,b_it_mA_hat,.0316410220032873,1.147710722818385,744,531,213
b_it*mA,b_it_mA_hat,.0317533164388207,1.147684994447589,744,532,212
b_it*mA,b_it_mA_hat,.0317789123601742,1.147679086076178,744,533,211
b_it*mA,b_it_mA_hat,.0319598984681204,1.147638146238341,744,534,210
b_it*mA,b_it_mA_hat,.0319784364351428,1.147633812379976,744,534,210
b_it*mA,b_it_mA_hat,.0322307646195026,1.147576528659082,744,536,208
b_it*mA,b_it_mA_hat,.0323512088829954,1.147549743011264,744,537,207
b_it*mA,b_it_mA_hat,.0325705299833433,1.147490931886159,744,537,207
b_it*mA,b_it_mA_hat,.0326782819278583,1.147463104379854,744,538,206
b_it*mA,b_it_mA_hat,.0327309307152688,1.14745269761514,744,540,204
b_it*mA,b_it_mA_hat,.0328273527828753,1.147435864337353,744,540,204
b_it*mA,b_it_mA_hat,.032850857802747,1.147432466836049,744,542,202
b_it*mA,b_it_mA_hat,.0330125533304955,1.147412284855537,744,542,202
b_it*mA,b_it_mA_hat,.0338056148677204,1.147324520619317,744,544,200
b_it*mA,b_it_mA_hat,.0339398327229569,1.147312655409783,744,545,199
b_it*mA,b_it_mA_hat,.0342195505890543,1.147281031091414,744,545,199
b_it*mA,b_it_mA_hat,.0345733803613458,1.14721095954628,744,547,197
b_it*mA,b_it_mA_hat,.0348096227610154,1.147176712690759,744,547,197
b_it*mA,b_it_mA_hat,.0349162877102657,1.147162711518911,744,549,195
b_it*mA,b_it_mA_hat,.0349669150923343,1.147156443953127,744,549,195
b_it*mA,b_it_mA_hat,.0352495205199647,1.147129505071785,744,551,193
b_it*mA,b_it_mA_hat,.0352732087345814,1.147127807173504,744,552,192
b_it*mA,b_it_mA_hat,.0357825937994557,1.147084909549013,744,553,191
b_it*mA,b_it_mA_hat,.0358500178831614,1.147080489816614,744,554,190
b_it*mA,b_it_mA_hat,.036010976457402,1.147066634302522,744,554,190
b_it*mA,b_it_mA_hat,.0362693590457655,1.147042240158195,744,556,188
b_it*mA,b_it_mA_hat,.0363315219669695,1.147036756355168,744,556,188
b_it*mA,b_it_mA_hat,.0367250014841266,1.147013562847274,744,557,187
b_it*mA,b_it_mA_hat,.0370729642027166,1.146999156093758,744,559,185
b_it*mA,b_it_mA_hat,.0379168903887927,1.146962302559972,744,559,185
b_it*mA,b_it_mA_hat,.0381400725845686,1.146954664917156,744,560,184
b_it*mA,b_it_mA_hat,.0383497183640015,1.146952286655449,744,562,182
b_it*mA,b_it_mA_hat,.0384552924012056,1.146951776752012,744,562,182
b_it*mA,b_it_mA_hat,.0387736189088771,1.146946092595627,744,563,181
b_it*mA,b_it_mA_hat,.0390528258760654,1.146940499405399,744,564,180
b_it*mA,b_it_mA_hat,.0393444677708362,1.146939595399776,744,565,179
b_it*mA,b_it_mA_hat,.0394399152380442,1.146941855191645,744,566,178
b_it*mA,b_it_mA_hat,.0401376157131009,1.146946675856341,744,568,176
b_it*mA,b_it_mA_hat,.0403743613288478,1.1469552591262,744,569,175
b_it*mA,b_it_mA_hat,.0405901469462535,1.146964869973664,744,569,175
b_it*mA,b_it_mA_hat,.0406620534776031,1.146970286686799,744,570,174
b_it*mA,b_it_mA_hat,.040754663600707,1.146975923674883,744,572,172
b_it*mA,b_it_mA_hat,.0409954939885633,1.146995939234027,744,572,172
b_it*mA,b_it_mA_hat,.0410581608167694,1.147001516573918,744,574,170
b_it*mA,b_it_mA_hat,.0414266916568467,1.147042625957205,744,574,170
b_it*mA,b_it_mA_hat,.0414685465013161,1.147046585168709,744,576,168
b_it*mA,b_it_mA_hat,.041758873834179,1.147077681168023,744,576,168
b_it*mA,b_it_mA_hat,.0418798082384468,1.147087608082209,744,577,167
b_it*mA,b_it_mA_hat,.0422128510224557,1.147123279012991,744,579,165
b_it*mA,b_it_mA_hat,.0423466155042127,1.147137331270282,744,579,165
b_it*mA,b_it_mA_hat,.0424997317350298,1.147152346433453,744,581,163
b_it*mA,b_it_mA_hat,.0426132088953737,1.147165280543483,744,581,163
b_it*mA,b_it_mA_hat,.0427185655191639,1.147177670986024,744,582,162
b_it*mA,b_it_mA_hat,.0429799674500421,1.14720343947227,744,584,160
b_it*mA,b_it_mA_hat,.0430441982691397,1.147214604231462,744,584,160
b_it*mA,b_it_mA_hat,.0434907698728943,1.147296225455217,744,586,158
b_it*mA,b_it_mA_hat,.044241050745793,1.147441802390279,744,587,157
b_it*mA,b_it_mA_hat,.0443163396202718,1.147456840966875,744,587,157
b_it*mA,b_it_mA_hat,.0448580428382927,1.147553131536105,744,589,155
b_it*mA,b_it_mA_hat,.044923210733581,1.14756421759643,744,590,154
b_it*mA,b_it_mA_hat,.045026927452608,1.147584394718757,744,590,154
b_it*mA,b_it_mA_hat,.0453911703157614,1.147659333010319,744,592,152
b_it*mA,b_it_mA_hat,.0455715253981371,1.14769813144731,744,592,152
b_it*mA,b_it_mA_hat,.0456119240635978,1.147707057354672,744,593,151
b_it*mA,b_it_mA_hat,.0457562939693237,1.14774056418412,744,595,149
b_it*mA,b_it_mA_hat,.0458695346754888,1.147771491562696,744,596,148
b_it*mA,b_it_mA_hat,.046150631753778,1.14785219676762,744,596,148
b_it*mA,b_it_mA_hat,.046352482479166,1.147904523816175,744,598,146
b_it*mA,b_it_mA_hat,.0464177496354039,1.147922699521411,744,599,145
b_it*mA,b_it_mA_hat,.0464653350610879,1.147936496160808,744,600,144
b_it*mA,b_it_mA_hat,.0466945876839026,1.148004208284622,744,600,144
b_it*mA,b_it_mA_hat,.0468333067991515,1.148044012018828,744,601,143
b_it*mA,b_it_mA_hat,.0475519275512864,1.148247143601964,744,602,142
b_it*mA,b_it_mA_hat,.0475534086949794,1.148247555910086,744,604,140
b_it*mA,b_it_mA_hat,.0475701147530495,1.148252237909666,744,605,139
b_it*mA,b_it_mA_hat,.0479030337119049,1.148342657772151,744,606,138
b_it*mA,b_it_mA_hat,.0479800820369504,1.148364196676639,744,607,137
b_it*mA,b_it_mA_hat,.0485250676883588,1.148508066486862,744,608,136
b_it*mA,b_it_mA_hat,.0486063469501349,1.148530369343326,744,609,135
b_it*mA,b_it_mA_hat,.0486351911916876,1.148536521220181,744,610,134
b_it*mA,b_it_mA_hat,.0488260702686231,1.148579772940972,744,610,134
b_it*mA,b_it_mA_hat,.0491253565504611,1.148645589042167,744,611,133
b_it*mA,b_it_mA_hat,.0492438561922279,1.148670809446631,744,613,131
b_it*mA,b_it_mA_hat,.0493181412397443,1.14867713766388,744,614,130
b_it*mA,b_it_mA_hat,.0496952161156758,1.148711546622855,744,614,130
b_it*mA,b_it_mA_hat,.0503479274685955,1.148764175794661,744,616,128
b_it*mA,b_it_mA_hat,.0504001711221923,1.148768747451637,744,616,128
b_it*mA,b_it_mA_hat,.0506754565431932,1.148785622069033,744,617,127
b_it*mA,b_it_mA_hat,.0508536093089857,1.148795908999887,744,618,126
b_it*mA,b_it_mA_hat,.0508649841759573,1.148796639329156,744,620,124
b_it*mA,b_it_mA_hat,.0512785900768363,1.14881448507895,744,620,124
b_it*mA,b_it_mA_hat,.0514709992462351,1.148825942285728,744,622,122
b_it*mA,b_it_mA_hat,.0517185863040416,1.148832174453848,744,622,122
b_it*mA,b_it_mA_hat,.0521321782620638,1.148852331157593,744,623,121
b_it*mA,b_it_mA_hat,.0528267066896507,1.148881794383949,744,625,119
b_it*mA,b_it_mA_hat,.0539158158787491,1.14892671903748,744,625,119
b_it*mA,b_it_mA_hat,.0541160808623228,1.148927873798348,744,627,117
b_it*mA,b_it_mA_hat,.0555283887181706,1.148923602479017,744,628,116
b_it*mA,b_it_mA_hat,.0558926253745917,1.148920840465938,744,629,115
b_it*mA,b_it_mA_hat,.0567206571430676,1.148903119785715,744,629,115
b_it*mA,b_it_mA_hat,.0568335260761956,1.14890221129519,744,630,114
b_it*mA,b_it_mA_hat,.0570303825888747,1.148894994193132,744,632,112
b_it*mA,b_it_mA_hat,.0577588785742028,1.148865278662547,744,633,111
b_it*mA,b_it_mA_hat,.0580509515156467,1.148852676479669,744,634,110
b_it*mA,b_it_mA_hat,.0590536904449711,1.148805217399846,744,634,110
b_it*mA,b_it_mA_hat,.0611131071089963,1.148708584514509,744,635,109
b_it*mA,b_it_mA_hat,.0620713734674238,1.148658734825666,744,636,108
b_it*mA,b_it_mA_hat,.0627594678061781,1.148628532107651,744,637,107
b_it*mA,b_it_mA_hat,.0636073703858822,1.148589297180502,744,638,106
b_it*mA,b_it_mA_hat,.0637571728359879,1.148581028726948,744,640,104
b_it*mA,b_it_mA_hat,.0649568379853907,1.148668526641343,744,641,103
b_it*mA,b_it_mA_hat,.0651035039982002,1.14867901067698,744,642,102
b_it*mA,b_it_mA_hat,.0661033094471485,1.148751992387739,744,643,101
b_it*mA,b_it_mA_hat,.0666485881086861,1.148809265846042,744,643,101
b_it*mA,b_it_mA_hat,.0673495782433442,1.148872509824377,744,645,99
b_it*mA,b_it_mA_hat,.0676559034417574,1.148900252049878,744,646,98
b_it*mA,b_it_mA_hat,.0691308971078884,1.149022125686128,744,647,97
b_it*mA,b_it_mA_hat,.0693151153980658,1.149038774310465,744,648,96
b_it*mA,b_it_mA_hat,.0695274134624286,1.149059170433759,744,648,96
b_it*mA,b_it_mA_hat,.0695680137642872,1.149062226007873,744,650,94
b_it*mA,b_it_mA_hat,.0696219903200644,1.149066050572474,744,650,94
b_it*mA,b_it_mA_hat,.0698232052237263,1.149067867046952,744,651,93
b_it*mA,b_it_mA_hat,.0698876848124594,1.149069130539111,744,653,91
b_it*mA,b_it_mA_hat,.0715540687202312,1.149085087433115,744,654,90
b_it*mA,b_it_mA_hat,.0717800041931339,1.149087396514314,744,654,90
b_it*mA,b_it_mA_hat,.0723126231067042,1.149182657447435,744,655,89
b_it*mA,b_it_mA_hat,.0727340072225195,1.149268020971016,744,657,87
b_it*mA,b_it_mA_hat,.0735749778347791,1.149427147421911,744,658,86
b_it*mA,b_it_mA_hat,.0736516448673187,1.149441922982689,744,658,86
b_it*mA,b_it_mA_hat,.0740511957656667,1.149516020005169,744,660,84
b_it*mA,b_it_mA_hat,.0753822325467791,1.149756749982972,744,660,84
b_it*mA,b_it_mA_hat,.0755166090683509,1.149783571426726,744,662,82
b_it*mA,b_it_mA_hat,.0766510160241929,1.150013839252819,744,662,82
b_it*mA,b_it_mA_hat,.0766643202234398,1.150016524890348,744,664,80
b_it*mA,b_it_mA_hat,.0768373557427463,1.150052572631688,744,665,79
b_it*mA,b_it_mA_hat,.077329932008725,1.150157427031979,744,666,78
b_it*mA,b_it_mA_hat,.077351999516443,1.15016204109292,744,666,78
b_it*mA,b_it_mA_hat,.0776202104101348,1.150221212591621,744,667,77
b_it*mA,b_it_mA_hat,.0777407695615635,1.150246757352519,744,668,76
mA,mA_hat,.0034129543405153,1.132527086704075,744,75,669
mA,mA_hat,.003557931463763,1.132603076132896,744,76,668
mA,mA_hat,.0036405508390638,1.13264592756903,744,76,668
mA,mA_hat,.0038083698346755,1.132731580316118,744,78,666
mA,mA_hat,.0039064409839943,1.132781747722129,744,79,665
mA,mA_hat,.0039326442582964,1.132795212658513,744,80,664
mA,mA_hat,.004015543525372,1.132841868029711,744,80,664
mA,mA_hat,.0041789177555373,1.132931662441181,744,81,663
mA,mA_hat,.0042302853395982,1.132966579206052,744,83,661
mA,mA_hat,.0042549160921203,1.132983113689291,744,83,661
mA,mA_hat,.0043312785508339,1.133033384391384,744,84,660
mA,mA_hat,.0044918610496252,1.133132909529984,744,85,659
mA,mA_hat,.0045227923502377,1.133152830672231,744,87,657
mA,mA_hat,.00470261878614,1.133273309614297,744,87,657
mA,mA_hat,.004707233974979,1.133276333461918,744,89,655
mA,mA_hat,.0047370334301172,1.133294839237676,744,90,654
mA,mA_hat,.0048548622994998,1.133365987929661,744,90,654
mA,mA_hat,.0048976661136881,1.133389542925026,744,91,653
mA,mA_hat,.0049278418316793,1.133405934791561,744,92,652
mA,mA_hat,.0049382337146444,1.133411677831656,744,93,651
mA,mA_hat,.0050148218440788,1.133452567745387,744,94,650
mA,mA_hat,.0050337258972193,1.133463031860925,744,95,649
mA,mA_hat,.0052457586707729,1.133579896937611,744,96,648
mA,mA_hat,.0053882539005527,1.133655441629635,744,97,647
mA,mA_hat,.0054685214829023,1.133698739889581,744,99,645
mA,mA_hat,.0054824030096185,1.133705667892904,744,100,644
mA,mA_hat,.0055428593157541,1.133733407425904,744,101,643
mA,mA_hat,.0056154296555338,1.133766242047173,744,102,642
mA,mA_hat,.0056429317015722,1.133779672728815,744,102,642
mA,mA_hat,.00567154108123,1.133794126780007,744,103,641
mA,mA_hat,.0061883759916224,1.134018476038422,744,104,640
mA,mA_hat,.006196621827014,1.134021995471091,744,106,638
mA,mA_hat,.0062251379383593,1.134034736453021,744,107,637
mA,mA_hat,.0062355418866673,1.134039331724203,744,108,636
mA,mA_hat,.00626157283588,1.134051253000186,744,108,636
mA,mA_hat,.0064741294763183,1.134147390162889,744,110,634
mA,mA_hat,.0065701046733386,1.134186057794072,744,110,634
mA,mA_hat,.006705048573582,1.134240173665761,744,112,632
mA,mA_hat,.0067694076022241,1.134263781171091,744,113,631
mA,mA_hat,.0067997794044505,1.134274083188969,744,114,630
mA,mA_hat,.0069383287467932,1.134316673346001,744,114,630
mA,mA_hat,.0071158656676592,1.1343721732061,744,116,628
mA,mA_hat,.0071786567766089,1.134388719278549,744,116,628
mA,mA_hat,.0073753221304275,1.13444014496062,744,118,626
mA,mA_hat,.0074813051679986,1.134465946921927,744,119,625
mA,mA_hat,.0075233664903192,1.134475584959616,744,119,625
mA,mA_hat,.0075894870119008,1.134491000476453,744,120,624
mA,mA_hat,.0075976748915099,1.134492886184937,744,122,622
mA,mA_hat,.0078823808796303,1.134552329029089,744,123,621
mA,mA_hat,.0080692941672326,1.134591940854901,744,124,620
mA,mA_hat,.0081321360382829,1.134605054174145,744,124,620
mA,mA_hat,.0082836300438005,1.134637479230853,744,126,618
mA,mA_hat,.0088985904084935,1.134765609471614,744,127,617
mA,mA_hat,.0089657242646912,1.134779671810507,744,127,617
mA,mA_hat,.009441500292356,1.134883434034582,744,128,616
mA,mA_hat,.0095546800773704,1.134906713953842,744,130,614
mA,mA_hat,.0095995928398387,1.13491685061141,744,131,613
mA,mA_hat,.0096231516860294,1.134922169136001,744,131,613
mA,mA_hat,.0096567479615884,1.134929103199067,744,132,612
mA,mA_hat,.0096995013378047,1.134937536242653,744,134,610
mA,mA_hat,.0097073813666654,1.134939019217465,744,135,609
mA,mA_hat,.0097516398786791,1.134947498869085,744,136,608
mA,mA_hat,.0097569548888102,1.134948398067137,744,136,608
mA,mA_hat,.0099803091332646,1.134988822075101,744,138,606
mA,mA_hat,.0099961451664411,1.134991618456957,744,139,605
mA,mA_hat,.0101012820805653,1.135011392488718,744,140,604
mA,mA_hat,.0101847426244107,1.135028969685118,744,140,604
mA,mA_hat,.0101866833477829,1.135029356785841,744,141,603
mA,mA_hat,.0102680675534986,1.135042357662467,744,143,601
mA,mA_hat,.0102805484819716,1.135044485066838,744,143,601
mA,mA_hat,.0103353112764788,1.135053717934492,744,144,600
mA,mA_hat,.010705715227639,1.135140991899233,744,146,598
mA,mA_hat,.0107543984273674,1.135152064094381,744,147,597
mA,mA_hat,.010780597421069,1.13515779421776,744,148,596
mA,mA_hat,.0108685341341719,1.135176820349506,744,149,595
mA,mA_hat,.0108755500080332,1.135178273360675,744,149,595
mA,mA_hat,.0110171353472674,1.135205207807734,744,150,594
mA,mA_hat,.0110862039181679,1.13521881156565,744,151,593
mA,mA_hat,.0114074610565644,1.135269874473062,744,152,592
mA,mA_hat,.01159552798248,1.135296599495912,744,154,590
mA,mA_hat,.0116052742955604,1.135298019368022,744,155,589
mA,mA_hat,.0116238907016624,1.135300853403826,744,156,588
mA,mA_hat,.0117206121875329,1.135314260897615,744,156,588
mA,mA_hat,.0118641409286869,1.135332247404057,744,157,587
mA,mA_hat,.0119922689062628,1.135353548738571,744,158,586
mA,mA_hat,.0120398839130327,1.13536183254527,744,159,585
mA,mA_hat,.0121023251049907,1.135372085711534,744,161,583
mA,mA_hat,.0122104930386855,1.135390390337082,744,162,582
mA,mA_hat,.0122297043680257,1.13539368813637,744,162,582
mA,mA_hat,.0122856277041628,1.135403158603833,744,163,581
mA,mA_hat,.0123130168377994,1.135407980496556,744,164,580
mA,mA_hat,.0123257423748838,1.135410080143114,744,165,579
mA,mA_hat,.0123681597104505,1.135417050408575,744,167,577
mA,mA_hat,.012422551066202,1.135425329394067,744,168,576
mA,mA_hat,.0125199928548886,1.135440208851923,744,169,575
mA,mA_hat,.0125896575231061,1.135451110373179,744,170,574
mA,mA_hat,.0126111926629597,1.13545444301237,744,171,573
mA,mA_hat,.0126243667142865,1.135456492128259,744,171,573
mA,mA_hat,.0126347693075188,1.135458240903025,744,172,572
mA,mA_hat,.0127702383493879,1.135477830205336,744,174,570
mA,mA_hat,.0128827797229299,1.1354963028541,744,174,570
mA,mA_hat,.0130444238249263,1.135525594390781,744,175,569
mA,mA_hat,.0130456259985648,1.135525823481376,744,177,567
mA,mA_hat,.0132058097967748,1.135557269460111,744,178,566
mA,mA_hat,.013206852968056,1.135557475638091,744,178,566
mA,mA_hat,.013314069753519,1.135580088098665,744,180,564
mA,mA_hat,.0133294383287095,1.135583099073781,744,180,564
mA,mA_hat,.0133522952369608,1.135587848923642,744,181,563
mA,mA_hat,.0134110289072027,1.135598098640307,744,183,561
mA,mA_hat,.0135303705332785,1.13562072817881,744,183,561
mA,mA_hat,.0136305533755895,1.135639035423149,744,184,560
mA,mA_hat,.0136425148654236,1.135641339165702,744,185,559
mA,mA_hat,.0136754952030868,1.135647867746976,744,187,557
mA,mA_hat,.013743928945841,1.135662089127543,744,188,556
mA,mA_hat,.0137458857576675,1.135662458541769,744,188,556
mA,mA_hat,.0137459835011563,1.135662474072751,744,189,555
mA,mA_hat,.013762254586133,1.135665118347915,744,190,554
mA,mA_hat,.0138518348537063,1.135679757669165,744,192,552
mA,mA_hat,.0139252125969618,1.135689912454519,744,192,552
mA,mA_hat,.0139596147088322,1.135694835228515,744,193,551
mA,mA_hat,.0139892503227855,1.135699043624432,744,194,550
mA,mA_hat,.0141731091255368,1.135720165923773,744,196,548
mA,mA_hat,.0142912486456086,1.135734317023847,744,197,547
mA,mA_hat,.0143259413338645,1.13573826364432,744,197,547
mA,mA_hat,.0144321995993937,1.135750781742119,744,198,546
mA,mA_hat,.0144987541295181,1.135758744546341,744,200,544
mA,mA_hat,.0145652251795241,1.135766435084432,744,200,544
mA,mA_hat,.0147260155225994,1.135786814586838,744,201,543
mA,mA_hat,.0147352024786315,1.135787770348621,744,203,541
mA,mA_hat,.0147638928802141,1.135790841554253,744,204,540
mA,mA_hat,.0147874867135185,1.135792731482719,744,204,540
mA,mA_hat,.0148245138147927,1.1357956313587,744,206,538
mA,mA_hat,.0149358525376245,1.135807579780214,744,206,538
mA,mA_hat,.0149459636539992,1.135808401292496,744,207,537
mA,mA_hat,.0149648056861449,1.135809670835919,744,209,535
mA,mA_hat,.0149668075515173,1.135809800296725,744,210,534
mA,mA_hat,.0149833407156761,1.135811129954114,744,211,533
mA,mA_hat,.0149915602343308,1.135811740260814,744,212,532
mA,mA_hat,.0150800773437607,1.135818368331509,744,212,532
mA,mA_hat,.015094279100097,1.13581911990209,744,213,531
mA,mA_hat,.0151772795202526,1.135824047155567,744,214,530
mA,mA_hat,.0151785352530961,1.135824111974542,744,215,529
mA,mA_hat,.015194757082064,1.135825046824027,744,217,527
mA,mA_hat,.0152134742701186,1.135826444890459,744,217,527
mA,mA_hat,.0152602256575379,1.135829423199214,744,218,526
mA,mA_hat,.0152698179974192,1.135829874865872,744,220,524
mA,mA_hat,.0152775271723927,1.135830129309241,744,221,523
mA,mA_hat,.0153431874256214,1.13583270408796,744,221,523
mA,mA_hat,.0154437823047312,1.135836112060514,744,223,521
mA,mA_hat,.0154890219215851,1.135837467991983,744,223,521
mA,mA_hat,.0155583260900999,1.135838892157555,744,224,520
mA,mA_hat,.0156441446946195,1.135839791728421,744,225,519
mA,mA_hat,.0156645798886037,1.135839958875896,744,227,517
mA,mA_hat,.0156811412747205,1.13583957315436,744,227,517
mA,mA_hat,.0157777140483543,1.135838155628134,744,228,516
mA,mA_hat,.015813578368705,1.135837498175372,744,229,515
mA,mA_hat,.015830390560637,1.135837302347085,744,230,514
mA,mA_hat,.0158538838451753,1.135837202250414,744,231,513
mA,mA_hat,.0159077051114489,1.135837301181777,744,232,512
mA,mA_hat,.0160343300508522,1.1358432633549,744,234,510
mA,mA_hat,.0160620145646658,1.135844968788383,744,235,509
mA,mA_hat,.0161678541210432,1.135851052841707,744,236,508
mA,mA_hat,.0161803550418753,1.135851830841929,744,236,508
mA,mA_hat,.0161815017975674,1.135851897557738,744,238,506
mA,mA_hat,.0162857772487403,1.135854452869799,744,238,506
mA,mA_hat,.016297301488847,1.135854778528859,744,240,504
mA,mA_hat,.0163055836726655,1.135855261896911,744,240,504
mA,mA_hat,.0163695545658175,1.135861705142051,744,242,502
mA,mA_hat,.0163887830297366,1.135863900930598,744,243,501
mA,mA_hat,.0163940335750896,1.135864459817911,744,243,501
mA,mA_hat,.0163989088565357,1.135865058160278,744,245,499
mA,mA_hat,.0165503765987261,1.135882990711516,744,246,498
mA,mA_hat,.016652219170017,1.135895383328005,744,246,498
mA,mA_hat,.0166528274201012,1.135895469078798,744,248,496
mA,mA_hat,.0166725413510648,1.135897322475456,744,248,496
mA,mA_hat,.0167603834821277,1.13590723660229,744,250,494
mA,mA_hat,.0167829628719237,1.135910476641483,744,251,493
mA,mA_hat,.0168033928545279,1.135913097972058,744,252,492
mA,mA_hat,.0168110598920479,1.135914140828227,744,253,491
mA,mA_hat,.0168521268368064,1.135919259673156,744,253,491
mA,mA_hat,.0169472830120764,1.135931787108526,744,255,489
mA,mA_hat,.0169825379519061,1.135936828309372,744,255,489
mA,mA_hat,.0170094652431414,1.135941130076716,744,257,487
mA,mA_hat,.0170296424821121,1.13594439122173,744,257,487
mA,mA_hat,.0170451830676954,1.135946698313213,744,258,486
mA,mA_hat,.0170754633807046,1.135952315396886,744,259,485
mA,mA_hat,.0171273181546457,1.135962137845292,744,260,484
mA,mA_hat,.0171529701017502,1.135966665110836,744,262,482
mA,mA_hat,.0172302221630427,1.135981540413592,744,263,481
mA,mA_hat,.0172349706950445,1.135982262719473,744,264,480
mA,mA_hat,.0172428181653488,1.135983540806732,744,264,480
mA,mA_hat,.0173218753220008,1.135997341550101,744,266,478
mA,mA_hat,.017332821477551,1.13599930326163,744,267,477
mA,mA_hat,.017366927855862,1.136005349705562,744,268,476
mA,mA_hat,.0173842635303104,1.136008230476432,744,268,476
mA,mA_hat,.017398144642915,1.136010536473226,744,269,475
mA,mA_hat,.0174615179314026,1.136011080791975,744,271,473
mA,mA_hat,.0175734412898858,1.136013381608198,744,272,472
mA,mA_hat,.0176064888486915,1.136017869293301,744,273,471
mA,mA_hat,.0176901340312744,1.136029431766487,744,273,471
mA,mA_hat,.0177505577920901,1.136038139130372,744,275,469
mA,mA_hat,.0177669427257252,1.136039944883792,744,275,469
mA,mA_hat,.017798770040542,1.136042619463562,744,277,467
mA,mA_hat,.0178386520742365,1.136045150560211,744,278,466
mA,mA_hat,.01784020446759,1.13604524241193,744,279,465
mA,mA_hat,.0178924976902862,1.136050261592768,744,280,464
mA,mA_hat,.0179063173021282,1.13605130698808,744,280,464
mA,mA_hat,.0179260931549113,1.136052121573774,744,281,463
mA,mA_hat,.018037848147436,1.136057269381417,744,282,462
mA,mA_hat,.0180783582140541,1.136059024466903,744,283,461
mA,mA_hat,.0181453169917044,1.136061427652846,744,284,460
mA,mA_hat,.0182227356938654,1.136070029286338,744,285,459
mA,mA_hat,.0183229494381095,1.136082524865456,744,286,458
mA,mA_hat,.0183438904753906,1.136085266036995,744,287,457
mA,mA_hat,.0184320111609277,1.13609739673491,744,289,455
mA,mA_hat,.0184680593048401,1.136103318004131,744,289,455
mA,mA_hat,.018574762687897,1.136121531872714,744,291,453
mA,mA_hat,.0187326918070897,1.13615404037653,744,292,452
mA,mA_hat,.0189249514973562,1.136192859017906,744,293,451
mA,mA_hat,.0189739837566742,1.136203496483763,744,293,451
mA,mA_hat,.0189928742424654,1.136207862707938,744,295,449
mA,mA_hat,.0190393145264031,1.136218096630143,744,295,449
mA,mA_hat,.0190728828747484,1.136225289073994,744,297,447
mA,mA_hat,.0190757156711494,1.136225896077813,744,298,446
mA,mA_hat,.0192482145236273,1.136259637447941,744,298,446
mA,mA_hat,.0192916486860616,1.136267870225831,744,300,444
mA,mA_hat,.0192966712660813,1.13626889142352,744,301,443
mA,mA_hat,.0193434385874857,1.136277014130691,744,302,442
mA,mA_hat,.0193970628431444,1.136285447012986,744,302,442
mA,mA_hat,.019697487680703,1.136312950487492,744,303,441
mA,mA_hat,.0196998608444824,1.136313183392941,744,305,439
mA,mA_hat,.0197928300299601,1.136322245480827,744,305,439
mA,mA_hat,.0200660697603448,1.13634403249871,744,307,437
mA,mA_hat,.0201699764549327,1.13635421977954,744,307,437
mA,mA_hat,.0203651825823119,1.136373655037888,744,308,436
mA,mA_hat,.0203912626789125,1.13637624102012,744,310,434
mA,mA_hat,.0204220207417555,1.136378183433899,744,310,434
mA,mA_hat,.020611050868973,1.136389719827898,744,311,433
mA,mA_hat,.0207237904479935,1.136395097946277,744,313,431
mA,mA_hat,.0208257520914161,1.136399820889208,744,313,431
mA,mA_hat,.0208896294227429,1.136402949461301,744,314,430
mA,mA_hat,.0210437095325481,1.136406267536088,744,316,428
mA,mA_hat,.0211603197962431,1.13641254777102,744,317,427
mA,mA_hat,.021240099283399,1.136413932028601,744,317,427
mA,mA_hat,.0212940971431721,1.136414670899782,744,318,426
mA,mA_hat,.0213453731041197,1.136415545297382,744,320,424
mA,mA_hat,.0214431944499354,1.136418494292958,744,321,423
mA,mA_hat,.0215042197035002,1.136421193797678,744,322,422
mA,mA_hat,.0215548680693301,1.136422441339198,744,322,422
mA,mA_hat,.0217284784449554,1.136424955219715,744,324,420
mA,mA_hat,.021849248822124,1.136411054215626,744,324,420
mA,mA_hat,.0220307809598202,1.136390058217963,744,326,418
mA,mA_hat,.0220492042271367,1.136388015574953,744,327,417
mA,mA_hat,.0220983332700681,1.136383910120613,744,327,417
mA,mA_hat,.0224016948561262,1.136358166702313,744,329,415
mA,mA_hat,.0224299192916953,1.136356339083574,744,330,414
mA,mA_hat,.0225416508576394,1.136347988252176,744,331,413
mA,mA_hat,.0226030519224774,1.136345044344172,744,331,413
mA,mA_hat,.0226513077086333,1.136341137918857,744,332,412
mA,mA_hat,.0227324904233721,1.136334527959855,744,334,410
mA,mA_hat,.0227498526557824,1.136333109166578,744,334,410
mA,mA_hat,.0229654918506375,1.136317809358743,744,335,409
mA,mA_hat,.023160919541013,1.136305079907546,744,336,408
mA,mA_hat,.023307528948851,1.136293092075644,744,337,407
mA,mA_hat,.0233638930558206,1.136289075670392,744,338,406
mA,mA_hat,.0233794918418132,1.136288550336818,744,339,405
mA,mA_hat,.0234124341870899,1.136288457924351,744,340,404
mA,mA_hat,.0234646346217701,1.136287590995168,744,341,403
mA,mA_hat,.0235161574804587,1.136287186775961,744,342,402
mA,mA_hat,.0236514467238194,1.13628186654611,744,344,400
mA,mA_hat,.023663185480965,1.136280812567609,744,345,399
mA,mA_hat,.0240020994084304,1.136245970272259,744,346,398
mA,mA_hat,.0241055284428252,1.136236721385945,744,347,397
mA,mA_hat,.0241371176015376,1.13623348833649,744,348,396
mA,mA_hat,.0242602971042362,1.13622334409505,744,349,395
mA,mA_hat,.0243206109927625,1.136216959022281,744,349,395
mA,mA_hat,.0243418252098437,1.136215321984891,744,350,394
mA,mA_hat,.0244673543962808,1.136204126930365,744,352,392
mA,mA_hat,.0245333022334445,1.136198632831407,744,352,392
mA,mA_hat,.0245842193821133,1.136193259894314,744,354,390
mA,mA_hat,.0245959480872445,1.136192197051996,744,355,389
mA,mA_hat,.0246220562760618,1.136189231495115,744,355,389
mA,mA_hat,.0246425069644978,1.136187528890121,744,357,387
mA,mA_hat,.0246562339082631,1.136186596256,744,358,386
mA,mA_hat,.024672538094165,1.136185540191092,744,358,386
mA,mA_hat,.0247576140569637,1.136178834253792,744,359,385
mA,mA_hat,.024940058049186,1.136163124596406,744,361,383
mA,mA_hat,.0249636368409742,1.136160504334593,744,361,383
mA,mA_hat,.0249818333975719,1.136158397606269,744,362,382
mA,mA_hat,.0250126784960885,1.136154564641436,744,363,381
mA,mA_hat,.0250800172349531,1.136149723536279,744,365,379
mA,mA_hat,.0255279550782584,1.136134506706187,744,366,378
mA,mA_hat,.0256757940151326,1.136134578994127,744,367,377
mA,mA_hat,.0257016840835744,1.136135272072388,744,368,376
mA,mA_hat,.0257049149498402,1.136135318766375,744,369,375
mA,mA_hat,.0257898370138946,1.13613233022987,744,370,374
mA,mA_hat,.0258429928109167,1.136129629869972,744,370,374
mA,mA_hat,.0259158994844964,1.136124609295511,744,372,372
mA,mA_hat,.0261266017205887,1.136114863367104,744,372,372
mA,mA_hat,.0261850914840859,1.136109538743884,744,374,370
mA,mA_hat,.0262388834239981,1.136104861115948,744,375,369
mA,mA_hat,.0263372258532431,1.136095835694046,744,376,368
mA,mA_hat,.0264292120282668,1.136087649699792,744,376,368
mA,mA_hat,.0265261735030596,1.136083394357978,744,377,367
mA,mA_hat,.0265315577019774,1.136083123327917,744,378,366
mA,mA_hat,.0266922081840416,1.136074242460152,744,379,365
mA,mA_hat,.0267371885227284,1.136071307215584,744,381,363
mA,mA_hat,.0269638366252917,1.136056723534644,744,381,363
mA,mA_hat,.0273879414457642,1.136033544905809,744,383,361
mA,mA_hat,.0276637203389822,1.136020233663843,744,384,360
mA,mA_hat,.0276966070240077,1.13601729274047,744,384,360
mA,mA_hat,.0278058993240217,1.136005155652631,744,386,358
mA,mA_hat,.0279370578005075,1.13599073223913,744,386,358
mA,mA_hat,.0280933686081825,1.135970916121996,744,387,357
mA,mA_hat,.0282305608055075,1.135953323422469,744,388,356
mA,mA_hat,.0283136642604082,1.135939753668709,744,390,354
mA,mA_hat,.028327738176772,1.135937013779998,744,390,354
mA,mA_hat,.0283282446654241,1.135936910476796,744,392,352
mA,mA_hat,.0283774592075378,1.135925473559425,744,393,351
mA,mA_hat,.0284904835627214,1.135911513495916,744,393,351
mA,mA_hat,.02862556257793,1.135888782006091,744,394,350
mA,mA_hat,.0289033529547299,1.135842977449703,744,395,349
mA,mA_hat,.02900437141992,1.135825119910316,744,397,347
mA,mA_hat,.0291820354889423,1.135788255450362,744,398,346
mA,mA_hat,.0298451454966652,1.135648380046229,744,399,345
mA,mA_hat,.0298708551563201,1.135642028667185,744,400,344
mA,mA_hat,.0299445370658127,1.135624650517428,744,400,344
mA,mA_hat,.0301066254629136,1.135580738698947,744,401,343
mA,mA_hat,.03023763957684,1.135543417197047,744,403,341
mA,mA_hat,.0307043822811361,1.135411323503573,744,404,340
mA,mA_hat,.0307255044280552,1.135405297244357,744,405,339
mA,mA_hat,.030742699630202,1.135399336964411,744,406,338
mA,mA_hat,.0309123315041042,1.135325234218486,744,407,337
mA,mA_hat,.031003297650703,1.135285934511796,744,408,336
mA,mA_hat,.0312175389296469,1.135188167915088,744,409,335
mA,mA_hat,.0315954108566977,1.135008049052408,744,409,335
mA,mA_hat,.0316078948299433,1.135002018473144,744,411,333
mA,mA_hat,.031787735370987,1.134906252101595,744,412,332
mA,mA_hat,.0320751610938261,1.13476215730657,744,413,331
mA,mA_hat,.0322666871296822,1.134661909062327,744,413,331
mA,mA_hat,.0323156793182438,1.134636636048373,744,414,330
mA,mA_hat,.0325166181815774,1.134530357517969,744,416,328
mA,mA_hat,.032526953024263,1.134524817764659,744,416,328
mA,mA_hat,.0325771293006031,1.134498014980436,744,418,326
mA,mA_hat,.0326251893247165,1.134474301163549,744,419,325
mA,mA_hat,.0327856483048844,1.134402623199637,744,419,325
mA,mA_hat,.0329083820644392,1.134348387295337,744,420,324
mA,mA_hat,.0329190585070777,1.134343565992817,744,421,323
mA,mA_hat,.0329428188746698,1.13433214388278,744,423,321
mA,mA_hat,.0330589468043692,1.13427485577586,744,424,320
mA,mA_hat,.0333102455895575,1.134163546158924,744,425,319
mA,mA_hat,.0333219296077134,1.134158010660224,744,425,319
mA,mA_hat,.0334496260545786,1.134098564008504,744,426,318
mA,mA_hat,.0334823887561982,1.134084416827019,744,428,316
mA,mA_hat,.0336308471067287,1.134025668982095,744,429,315
mA,mA_hat,.0336495104116691,1.134017949280513,744,429,315
mA,mA_hat,.0337664059369991,1.133969021785724,744,431,313
mA,mA_hat,.0337685807376858,1.133968184315662,744,431,313
mA,mA_hat,.0339430035978851,1.133902752818949,744,433,311
mA,mA_hat,.0339602026464845,1.133896479435712,744,433,311
mA,mA_hat,.0340996043860997,1.133845099938992,744,434,310
mA,mA_hat,.0342888483872414,1.13379204074608,744,435,309
mA,mA_hat,.0343481796681149,1.133774243481069,744,437,307
mA,mA_hat,.0343907241883396,1.133762881213383,744,438,306
mA,mA_hat,.0344206594943016,1.133753713267011,744,439,305
mA,mA_hat,.0346772050592987,1.133661846670558,744,440,304
mA,mA_hat,.0347294477924228,1.133646178452222,744,440,304
mA,mA_hat,.0348487180484781,1.133611556686364,744,442,302
mA,mA_hat,.0349684548204918,1.133567269248058,744,442,302
mA,mA_hat,.0351494956547038,1.133496753660548,744,444,300
mA,mA_hat,.0351708190550293,1.133493872841262,744,445,299
mA,mA_hat,.035217157392647,1.133491232591287,744,445,299
mA,mA_hat,.0352598555878384,1.133489369218218,744,446,298
mA,mA_hat,.0355618817795107,1.133459170562129,744,447,297
mA,mA_hat,.0355705016348645,1.133458480579292,744,448,296
mA,mA_hat,.0355908702203005,1.133456685660465,744,449,295
mA,mA_hat,.0360687181424356,1.133428721754466,744,450,294
mA,mA_hat,.0363200745303607,1.133406874920064,744,452,292
mA,mA_hat,.03652428856866,1.133386015056188,744,453,291
mA,mA_hat,.0366623785264028,1.13337330996791,744,453,291
mA,mA_hat,.037001945301537,1.133351072054545,744,454,290
mA,mA_hat,.0371075872308084,1.133342727132301,744,455,289
mA,mA_hat,.0371487874754704,1.133337818083895,744,456,288
mA,mA_hat,.0371575118392366,1.133336476187844,744,458,286
mA,mA_hat,.0375874201026414,1.133259794590738,744,458,286
mA,mA_hat,.0376205885846141,1.133256816228293,744,460,284
mA,mA_hat,.0376878496686318,1.133247738489832,744,460,284
mA,mA_hat,.0377976363396485,1.133238582989255,744,462,282
mA,mA_hat,.0379716690646587,1.133219451321174,744,462,282
mA,mA_hat,.0380046164709828,1.133214320377425,744,464,280
mA,mA_hat,.0380297834848014,1.133210597737448,744,464,280
mA,mA_hat,.0380384610766745,1.13320968543648,744,466,278
mA,mA_hat,.0382197456903319,1.13320127995151,744,466,278
mA,mA_hat,.0382235721402157,1.133201179372334,744,467,277
mA,mA_hat,.0382534063250242,1.133202145933509,744,468,276
mA,mA_hat,.0384419025463987,1.133205167783936,744,469,275
mA,mA_hat,.0385077718096298,1.133205892107733,744,470,274
mA,mA_hat,.0385319184372522,1.13320586780788,744,472,272
mA,mA_hat,.0386006469894015,1.133204286036919,744,472,272
mA,mA_hat,.0386970293573109,1.133199041258235,744,474,270
mA,mA_hat,.0387561271915331,1.133195953354174,744,474,270
mA,mA_hat,.0387576574777733,1.133195906243891,744,475,269
mA,mA_hat,.038786158061505,1.133193408223659,744,476,268
mA,mA_hat,.0388839853011338,1.133184094630192,744,478,266
mA,mA_hat,.0389589477998969,1.133181894186297,744,478,266
mA,mA_hat,.0389723656971748,1.133181589251473,744,479,265
mA,mA_hat,.0391132896273595,1.133181975338613,744,481,263
mA,mA_hat,.0393131750700907,1.133188029575495,744,481,263
mA,mA_hat,.0393371288676099,1.13319096554627,744,482,262
mA,mA_hat,.0394344052003793,1.133196214554776,744,484,260
mA,mA_hat,.0394353964357171,1.133196278116124,744,485,259
mA,mA_hat,.0394794623640711,1.133199740363035,744,485,259
mA,mA_hat,.0397603995010196,1.133218411513222,744,487,257
mA,mA_hat,.0399376632003975,1.133229867299982,744,488,256
mA,mA_hat,.03996648719633,1.133231236957423,744,488,256
mA,mA_hat,.0399741597232092,1.13323163856419,744,490,254
mA,mA_hat,.0399855542765324,1.133232276173269,744,490,254
mA,mA_hat,.0399960502082506,1.133232446555198,744,492,252
mA,mA_hat,.0400237649135507,1.133233395314896,744,492,252
mA,mA_hat,.0400684917700521,1.133235914858537,744,494,250
mA,mA_hat,.0400687546407288,1.133235930357842,744,495,249
mA,mA_hat,.040331947143486,1.13324331285486,744,496,248
mA,mA_hat,.0403349107500241,1.133245630216034,744,497,247
mA,mA_hat,.0405245351984224,1.133388752864852,744,498,246
mA,mA_hat,.0405810485001969,1.133432833929666,744,498,246
mA,mA_hat,.0407916946555747,1.133596112591975,744,500,244
mA,mA_hat,.0409369795497279,1.133708626774256,744,500,244
mA,mA_hat,.0409931829257824,1.133751081921712,744,502,242
mA,mA_hat,.0410161732661282,1.133767150423455,744,502,242
mA,mA_hat,.041073743257911,1.133806850189591,744,503,241
mA,mA_hat,.0413936931253348,1.134015711890987,744,505,239
mA,mA_hat,.0414173574807117,1.134031329775099,744,505,239
mA,mA_hat,.0415692187289492,1.134125467727187,744,506,238
mA,mA_hat,.0416813358274571,1.134192471681794,744,507,237
mA,mA_hat,.0416860427269662,1.134195606678317,744,509,235
mA,mA_hat,.0420749407104754,1.134444034828913,744,510,234
mA,mA_hat,.0420923269200613,1.134455466027121,744,511,233
mA,mA_hat,.0421635051076983,1.134499641017982,744,512,232
mA,mA_hat,.0422017018253632,1.134526413216203,744,513,231
mA,mA_hat,.0423909663814043,1.134695049845704,744,513,231
mA,mA_hat,.0424561446754471,1.134758104093446,744,514,230
mA,mA_hat,.0425091385764176,1.134809439872835,744,516,228
mA,mA_hat,.0425628358822311,1.134859205534377,744,517,227
mA,mA_hat,.0425761851765475,1.134871835597142,744,518,226
mA,mA_hat,.0427978766624834,1.135091310721771,744,518,226
mA,mA_hat,.0428351344266542,1.1351274080229,744,520,224
mA,mA_hat,.0431406575845207,1.135437640735528,744,520,224
mA,mA_hat,.0432354997782399,1.135534756734492,744,521,223
mA,mA_hat,.0433064515152142,1.135594098868709,744,523,221
mA,mA_hat,.0433544455081475,1.135634125825553,744,523,221
mA,mA_hat,.0433935280063431,1.135670478422994,744,524,220
mA,mA_hat,.043550271241484,1.135817394519035,744,525,219
mA,mA_hat,.0436649198838977,1.135922196566763,744,526,218
mA,mA_hat,.0437412959417547,1.135985656420546,744,528,216
mA,mA_hat,.0437765917935323,1.136015029871015,744,528,216
mA,mA_hat,.0437934674840527,1.136028197959521,744,529,215
mA,mA_hat,.04414020422693,1.136305573839667,744,531,213
mA,mA_hat,.0442055285052722,1.136360533601736,744,532,212
mA,mA_hat,.0442240572305951,1.136375770442058,744,533,211
mA,mA_hat,.0444132620247792,1.136531676507929,744,534,210
mA,mA_hat,.0445558301581078,1.136646747636669,744,535,209
mA,mA_hat,.0446106719462537,1.136691630181936,744,536,208
mA,mA_hat,.044707455710585,1.13676886657398,744,537,207
mA,mA_hat,.0448840078467844,1.136924156820588,744,538,206
mA,mA_hat,.0449600078857083,1.136989133636797,744,539,205
mA,mA_hat,.0450045816516842,1.137021640844855,744,540,204
mA,mA_hat,.0450739419985539,1.137068693948838,744,541,203
mA,mA_hat,.0451651303046414,1.1371254517391,744,542,202
mA,mA_hat,.0453176565612532,1.137215342840474,744,543,201
mA,mA_hat,.0458822927505256,1.137541385175224,744,544,200
mA,mA_hat,.0459615295886312,1.1375846446908,744,545,199
mA,mA_hat,.0462232732331257,1.137737038932341,744,546,198
mA,mA_hat,.0465064752582949,1.137944754239505,744,547,197
mA,mA_hat,.0467005041997269,1.138070933303599,744,547,197
mA,mA_hat,.0467758298753234,1.138118050031192,744,548,196
mA,mA_hat,.0468813393653939,1.138182822184119,744,550,194
mA,mA_hat,.0470679705955526,1.138288504940538,744,551,193
mA,mA_hat,.047068394721922,1.13828875643081,744,552,192
mA,mA_hat,.0474482100199081,1.138500551181888,744,552,192
mA,mA_hat,.0474721509510651,1.13851343929997,744,553,191
mA,mA_hat,.0476064903989791,1.138589438820827,744,554,190
mA,mA_hat,.0478600494521135,1.138736339624689,744,556,188
mA,mA_hat,.0478967824117948,1.138756052316527,744,557,187
mA,mA_hat,.0482119880116276,1.138923731069394,744,558,186
mA,mA_hat,.0484670948272648,1.139055946289126,744,558,186
mA,mA_hat,.0491024213796917,1.139401655206515,744,559,185
mA,mA_hat,.0492403168518297,1.13947724722444,744,560,184
mA,mA_hat,.0493853744759682,1.139551767982888,744,562,182
mA,mA_hat,.0496697241822393,1.139696956459623,744,562,182
mA,mA_hat,.0497780545530604,1.139755062934604,744,564,180
mA,mA_hat,.0499473373253059,1.13984789957376,744,565,179
mA,mA_hat,.0502073255162873,1.139986042116123,744,566,178
mA,mA_hat,.0502521719780922,1.140008245671321,744,567,177
mA,mA_hat,.0507704771442666,1.140281618561185,744,568,176
mA,mA_hat,.0509384949981676,1.140364676475285,744,568,176
mA,mA_hat,.0511017836967182,1.140444438887757,744,570,174
mA,mA_hat,.0511536728775487,1.140467479607026,744,571,173
mA,mA_hat,.0511967558248784,1.140487523384168,744,571,173
mA,mA_hat,.0513650776912083,1.140560670698209,744,573,171
mA,mA_hat,.0514287734547678,1.140588060492798,744,574,170
mA,mA_hat,.0517122598192737,1.14070050808685,744,575,169
mA,mA_hat,.0517231828756528,1.140705175215144,744,576,168
mA,mA_hat,.0519150088541226,1.140784004317278,744,576,168
mA,mA_hat,.0520452938203281,1.140842794844008,744,578,166
mA,mA_hat,.0522746824806351,1.140938868558848,744,578,166
mA,mA_hat,.0523612226631352,1.140975618674033,744,580,164
mA,mA_hat,.052446792121387,1.141013078334407,744,580,164
mA,mA_hat,.0525660670327591,1.141062230815612,744,582,162
mA,mA_hat,.0526525135468023,1.141097075731698,744,582,162
mA,mA_hat,.0528396053784759,1.141178001020342,744,584,160
mA,mA_hat,.05284314001824,1.141179487785147,744,585,159
mA,mA_hat,.0531652495954377,1.141275119089782,744,585,159
mA,mA_hat,.0537049353356758,1.141432845028564,744,586,158
mA,mA_hat,.0537617398206088,1.141449544622224,744,587,157
mA,mA_hat,.0542123890861139,1.14159846498032,744,588,156
mA,mA_hat,.0542688497057646,1.14161816007488,744,590,154
mA,mA_hat,.0542918294786184,1.141625286628684,744,591,153
mA,mA_hat,.0545363732078057,1.141696626081979,744,591,153
mA,mA_hat,.0546709581352103,1.141734374602139,744,592,152
mA,mA_hat,.0546781006298661,1.141736292675938,744,594,150
mA,mA_hat,.0548324467970767,1.141774553001363,744,595,149
mA,mA_hat,.0548518237923115,1.14177886927903,744,595,149
mA,mA_hat,.0551026016244341,1.141818046492525,744,596,148
mA,mA_hat,.055197955726609,1.141837454919318,744,597,147
mA,mA_hat,.0552217543733,1.141841482294669,744,599,145
mA,mA_hat,.0552566739025422,1.141846539823117,744,600,144
mA,mA_hat,.0554014873255994,1.141865560359556,744,601,143
mA,mA_hat,.0555528875551059,1.141887278214438,744,602,142
mA,mA_hat,.0559776906396863,1.141952949892713,744,603,141
mA,mA_hat,.0560176805711912,1.141959378045124,744,604,140
mA,mA_hat,.0561120522232598,1.141974275677122,744,605,139
mA,mA_hat,.0562044254665724,1.141990165359031,744,605,139
mA,mA_hat,.0563080419580635,1.14200645853781,744,607,137
mA,mA_hat,.0566804833617991,1.142074466343151,744,607,137
mA,mA_hat,.0566987613292156,1.142079777455543,744,609,135
mA,mA_hat,.0568068590845214,1.142108655445454,744,609,135
mA,mA_hat,.0568518431232534,1.142119382525887,744,610,134
mA,mA_hat,.0570449021630871,1.142168244982292,744,611,133
mA,mA_hat,.0571062423492406,1.142184413606761,744,612,132
mA,mA_hat,.0571612346266383,1.142211275098196,744,614,130
mA,mA_hat,.0574438108495936,1.142345870755458,744,614,130
mA,mA_hat,.0578612053344277,1.142555177452712,744,615,129
mA,mA_hat,.0578839930824345,1.142566372655706,744,617,127
mA,mA_hat,.0580800871763495,1.142670454111412,744,618,126
mA,mA_hat,.0582248814303235,1.142748103760161,744,618,126
mA,mA_hat,.0582479083350041,1.142760104315849,744,619,125
mA,mA_hat,.0584684541736238,1.142882796141986,744,620,124
mA,mA_hat,.058623671266362,1.142964680916597,744,622,122
mA,mA_hat,.0588052027602444,1.14307066567926,744,622,122
mA,mA_hat,.0590184506518586,1.143187512376876,744,623,121
mA,mA_hat,.0595243904490199,1.143473231052042,744,625,119
mA,mA_hat,.0602007786383371,1.143862037467306,744,626,118
mA,mA_hat,.0603139421462776,1.143934136354632,744,627,117
mA,mA_hat,.0611842641089755,1.144505639239906,744,628,116
mA,mA_hat,.0614278938656316,1.144668342530529,744,628,116
mA,mA_hat,.0619938521649651,1.145057922044687,744,629,115
mA,mA_hat,.0620548194977418,1.145098612946719,744,631,113
mA,mA_hat,.0621652320872764,1.145177081424538,744,632,112
mA,mA_hat,.0625888629212961,1.145478839875037,744,633,111
mA,mA_hat,.0627727173035152,1.145609670322258,744,633,111
mA,mA_hat,.0633895321206281,1.146049380095229,744,634,110
mA,mA_hat,.0646289220461621,1.146930910234134,744,636,108
mA,mA_hat,.0652407712496883,1.147365905632506,744,637,107
mA,mA_hat,.0656129754685538,1.147625593974462,744,637,107
mA,mA_hat,.0661453667768358,1.147993959799162,744,639,105
mA,mA_hat,.066196512713349,1.148029521393581,744,640,104
mA,mA_hat,.0669803158200896,1.148455151944284,744,641,103
mA,mA_hat,.0669995937274873,1.148465627095139,744,642,102
mA,mA_hat,.0675902938491374,1.148786870455923,744,642,102
mA,mA_hat,.0679055178346331,1.148948696229922,744,644,100
mA,mA_hat,.068355775339788,1.149186139203644,744,645,99
mA,mA_hat,.0685039820284742,1.149263824512111,744,646,98
mA,mA_hat,.0693263959365173,1.14970022313191,744,646,98
mA,mA_hat,.0694171608276638,1.149747636267375,744,647,97
mA,mA_hat,.0695274134624286,1.149804537908979,744,648,96
mA,mA_hat,.0695492351736439,1.149816185618558,744,649,95
mA,mA_hat,.0695698150818553,1.149827141907877,744,650,94
mA,mA_hat,.0697168765500805,1.149913839611709,744,652,92
mA,mA_hat,.0697687835285667,1.149945012400576,744,653,91
mA,mA_hat,.0707447507578037,1.150515332967206,744,654,90
mA,mA_hat,.0707980347170103,1.150546212182971,744,655,89
mA,mA_hat,.0711325367532556,1.150687978908864,744,656,88
mA,mA_hat,.071330925864528,1.150768188033526,744,657,87
mA,mA_hat,.0717909717486478,1.15095994687366,744,657,87
mA,mA_hat,.0718959449268065,1.15100343014726,744,659,85
mA,mA_hat,.07207981245508,1.151080492997209,744,660,84
mA,mA_hat,.072845369502093,1.151406784035323,744,661,83
mA,mA_hat,.072858419174506,1.151412280544224,744,662,82
mA,mA_hat,.0734662545615532,1.151659232289091,744,662,82
mA,mA_hat,.0735325662520149,1.151686320942499,744,663,81
mA,mA_hat,.0735863129744953,1.15170792485703,744,664,80
mA,mA_hat,.0738289648822736,1.151804078730625,744,665,79
mA,mA_hat,.0739241365381346,1.151842107974926,744,666,78
mA,mA_hat,.0739648657515144,1.151857923162177,744,667,77
mA,mA_hat,.0740282531194554,1.151882786199237,744,668,76
mA,mA_hat,.074035525249918,1.15188556793337,744,669,75
theta,theta_hat_A,-.0219043442513724,1.143202487124809,744,75,669
theta,theta_hat_A,-.0218184949836502,1.143206115101216,744,77,667
theta,theta_hat_A,-.0217845822270124,1.14320778435934,744,77,667
theta,theta_hat_A,-.0217765588314567,1.143208261467554,744,78,666
theta,theta_hat_A,-.0216959376467628,1.143212746077066,744,79,665
theta,theta_hat_A,-.021662826150788,1.143214308594145,744,81,663
theta,theta_hat_A,-.0216167264812199,1.143214740267244,744,81,663
theta,theta_hat_A,-.0215774182832558,1.143215356513184,744,82,662
theta,theta_hat_A,-.0213927072086571,1.143222766989247,744,83,661
theta,theta_hat_A,-.0213239230884863,1.143231170164923,744,84,660
theta,theta_hat_A,-.0212485795213153,1.14324255456082,744,85,659
theta,theta_hat_A,-.0211726806452938,1.143255833230334,744,87,657
theta,theta_hat_A,-.0211011211923221,1.143267518668271,744,88,656
theta,theta_hat_A,-.0210311838695541,1.143280336302029,744,89,655
theta,theta_hat_A,-.0208157905352032,1.143315323010484,744,89,655
theta,theta_hat_A,-.0207410993585766,1.143328290700599,744,91,653
theta,theta_hat_A,-.0205484386722724,1.143361859030651,744,91,653
theta,theta_hat_A,-.0205077390024022,1.143369040045447,744,92,652
theta,theta_hat_A,-.020419864693977,1.143384038435966,744,93,651
theta,theta_hat_A,-.0203852489337472,1.143389525194342,744,94,650
theta,theta_hat_A,-.0202531522756526,1.143411751152021,744,95,649
theta,theta_hat_A,-.0202107182348963,1.143418777162506,744,97,647
theta,theta_hat_A,-.0201342213478069,1.143432884288054,744,97,647
theta,theta_hat_A,-.0198426190471397,1.143486632548351,744,98,646
theta,theta_hat_A,-.0198225130680061,1.143490202133264,744,100,644
theta,theta_hat_A,-.0197831897623776,1.143497367703413,744,100,644
theta,theta_hat_A,-.0197575177613281,1.143499395465176,744,101,643
theta,theta_hat_A,-.019745774010121,1.143500075551525,744,102,642
theta,theta_hat_A,-.0197001362679926,1.143503425027182,744,103,641
theta,theta_hat_A,-.0196009449586023,1.143508113103002,744,104,640
theta,theta_hat_A,-.0191123162778055,1.143515629087804,744,105,639
theta,theta_hat_A,-.0190754339906957,1.143515419342933,744,107,637
theta,theta_hat_A,-.019015860580022,1.143514896953696,744,108,636
theta,theta_hat_A,-.0188953415592238,1.143513971696856,744,108,636
theta,theta_hat_A,-.0188287314216907,1.1435135856283,744,110,634
theta,theta_hat_A,-.0188028006871178,1.143513340417468,744,110,634
theta,theta_hat_A,-.0188014811432686,1.143513324961639,744,112,632
theta,theta_hat_A,-.018730989505713,1.143511550508708,744,112,632
theta,theta_hat_A,-.0186545887873668,1.143509135410469,744,114,630
theta,theta_hat_A,-.0186398186794314,1.143508745809932,744,114,630
theta,theta_hat_A,-.0185559652724877,1.14350716450936,744,116,628
theta,theta_hat_A,-.0185007498625169,1.143506095090423,744,116,628
theta,theta_hat_A,-.0181987480326314,1.143494531281665,744,118,626
theta,theta_hat_A,-.0180939026704956,1.143487211776426,744,119,625
theta,theta_hat_A,-.0180659639354863,1.143485820570375,744,119,625
theta,theta_hat_A,-.0179608103917532,1.143483613924903,744,120,624
theta,theta_hat_A,-.0177636230643756,1.143476872448253,744,121,623
theta,theta_hat_A,-.0177462098517585,1.143476099306024,744,123,621
theta,theta_hat_A,-.0175820397896466,1.143467463111495,744,124,620
theta,theta_hat_A,-.0175467393596819,1.143465498064928,744,125,619
theta,theta_hat_A,-.0175048985334848,1.143461361592343,744,126,618
theta,theta_hat_A,-.0174473153637159,1.143456393122584,744,127,617
theta,theta_hat_A,-.0174396203146132,1.143455686811902,744,127,617
theta,theta_hat_A,-.0172348937940052,1.143434867908338,744,129,615
theta,theta_hat_A,-.017150645907267,1.143424536576861,744,129,615
theta,theta_hat_A,-.0169096630902704,1.14338907649133,744,131,613
theta,theta_hat_A,-.0166601909405462,1.143354636247372,744,132,612
theta,theta_hat_A,-.0166095512287797,1.143344698869061,744,133,611
theta,theta_hat_A,-.0165109562973277,1.143325793258003,744,133,611
theta,theta_hat_A,-.0165004152928587,1.143323508848437,744,135,609
theta,theta_hat_A,-.0162500633227798,1.143274927325737,744,136,608
theta,theta_hat_A,-.0161630567998085,1.143259663937453,744,137,607
theta,theta_hat_A,-.0161031046047968,1.143249946728869,744,137,607
theta,theta_hat_A,-.0160956666135335,1.14324881644852,744,139,605
theta,theta_hat_A,-.0158933610702825,1.143214266885483,744,139,605
theta,theta_hat_A,-.0157658022034629,1.14319579530623,744,140,604
theta,theta_hat_A,-.0156611166152073,1.143184557093555,744,141,603
theta,theta_hat_A,-.0156432142322489,1.143183938554863,744,143,601
theta,theta_hat_A,-.0153764933107824,1.143180806430447,744,144,600
theta,theta_hat_A,-.0153675655014934,1.143181033842378,744,144,600
theta,theta_hat_A,-.0152601661484926,1.143186537433771,744,145,599
theta,theta_hat_A,-.0152273941155795,1.143187684158972,744,147,597
theta,theta_hat_A,-.0151425301589371,1.143188732353885,744,148,596
theta,theta_hat_A,-.0150795638469373,1.143191354417226,744,148,596
theta,theta_hat_A,-.0150059170393017,1.143195749996126,744,150,594
theta,theta_hat_A,-.0149810965243072,1.143197087282993,744,151,593
theta,theta_hat_A,-.0148845062001741,1.143202615503201,744,151,593
theta,theta_hat_A,-.0148620723175365,1.143204985357219,744,153,591
theta,theta_hat_A,-.0146944372662597,1.143220883191297,744,153,591
theta,theta_hat_A,-.0146669644672117,1.143223814410177,744,154,590
theta,theta_hat_A,-.0145658016572938,1.143237271306555,744,155,589
theta,theta_hat_A,-.0144775200462618,1.143248076836912,744,156,588
theta,theta_hat_A,-.014458984131909,1.143250546644436,744,157,587
theta,theta_hat_A,-.0144157884917651,1.143257330538846,744,159,585
theta,theta_hat_A,-.0143374237789347,1.143271986519524,744,159,585
theta,theta_hat_A,-.0142548552718419,1.143288101394242,744,160,584
theta,theta_hat_A,-.0142328864950443,1.143291805630053,744,162,582
theta,theta_hat_A,-.0142040525797498,1.143296247292164,744,162,582
theta,theta_hat_A,-.0140843506314574,1.143311455877599,744,164,580
theta,theta_hat_A,-.0140770615854031,1.143312054194299,744,164,580
theta,theta_hat_A,-.0140617947838816,1.143313335285599,744,166,578
theta,theta_hat_A,-.0140058239035807,1.143318880888842,744,167,577
theta,theta_hat_A,-.0139974751532348,1.143319684176165,744,168,576
theta,theta_hat_A,-.0139863373590638,1.143320690565236,744,169,575
theta,theta_hat_A,-.0139783532203899,1.143321377040868,744,170,574
theta,theta_hat_A,-.0138931997140856,1.143327878669303,744,171,573
theta,theta_hat_A,-.0138534502294091,1.143330090162403,744,172,572
theta,theta_hat_A,-.0138522936829217,1.143330158318336,744,173,571
theta,theta_hat_A,-.0138469899850959,1.143330562782387,744,174,570
theta,theta_hat_A,-.0138200662214317,1.143334470902025,744,175,569
theta,theta_hat_A,-.0136980405633278,1.143353608852301,744,176,568
theta,theta_hat_A,-.0135558861337938,1.143370185351216,744,176,568
theta,theta_hat_A,-.0135445877416809,1.143372145743716,744,177,567
theta,theta_hat_A,-.0134904345179942,1.14338235277405,744,178,566
theta,theta_hat_A,-.0134219628239347,1.143392190097667,744,179,565
theta,theta_hat_A,-.01341201440798,1.143393110674386,744,181,563
theta,theta_hat_A,-.0134038386333286,1.143393907464364,744,181,563
theta,theta_hat_A,-.0133785888295772,1.143395900881044,744,183,561
theta,theta_hat_A,-.0132719230925946,1.143401962214295,744,183,561
theta,theta_hat_A,-.0132269907941703,1.143403926991962,744,184,560
theta,theta_hat_A,-.0132166497930327,1.14340482089172,744,185,559
theta,theta_hat_A,-.0131635770136943,1.14340786104649,744,187,557
theta,theta_hat_A,-.0130091745217263,1.143414708924269,744,188,556
theta,theta_hat_A,-.0129058935452091,1.143416176375045,744,189,555
theta,theta_hat_A,-.0129005588364407,1.143416060829126,744,189,555
theta,theta_hat_A,-.0127147162166912,1.143400048376246,744,191,553
theta,theta_hat_A,-.0127105195661361,1.143399657466699,744,191,553
theta,theta_hat_A,-.0125983008730368,1.143383375238959,744,193,551
theta,theta_hat_A,-.0125273690295323,1.143383004574624,744,193,551
theta,theta_hat_A,-.0124337498652419,1.143383712818651,744,195,549
theta,theta_hat_A,-.0122709471975106,1.143379797406401,744,195,549
theta,theta_hat_A,-.0122424078972492,1.143380568676619,744,197,547
theta,theta_hat_A,-.0121704932284429,1.143383767109591,744,198,546
theta,theta_hat_A,-.0119925464071068,1.143400078524543,744,199,545
theta,theta_hat_A,-.011956579859355,1.143403342547548,744,199,545
theta,theta_hat_A,-.0118561557090108,1.143413678375827,744,200,544
theta,theta_hat_A,-.0118141752721274,1.14342076593617,744,201,543
theta,theta_hat_A,-.011451031513802,1.143485913290269,744,202,542
theta,theta_hat_A,-.0113548345994084,1.143504414817562,744,204,540
theta,theta_hat_A,-.0112116183439634,1.14353347841873,744,205,539
theta,theta_hat_A,-.0112052526769304,1.143534961937299,744,205,539
theta,theta_hat_A,-.0111831365040835,1.143540344461059,744,206,538
theta,theta_hat_A,-.0108251423456338,1.14363066849284,744,208,536
theta,theta_hat_A,-.0106130610706992,1.143677790875622,744,209,535
theta,theta_hat_A,-.0105203449472183,1.143698881539682,744,210,534
theta,theta_hat_A,-.0102584763872026,1.143757258038851,744,211,533
theta,theta_hat_A,-.0102293490844282,1.143763534137096,744,212,532
theta,theta_hat_A,-.0099692171401263,1.143817879815756,744,213,531
theta,theta_hat_A,-.0099507562391259,1.143821432314963,744,213,531
theta,theta_hat_A,-.0099033488945012,1.143830452878432,744,215,529
theta,theta_hat_A,-.0098610513324213,1.143835345256618,744,215,529
theta,theta_hat_A,-.0097348459356087,1.143853617159382,744,217,527
theta,theta_hat_A,-.0096839363356163,1.143861317837289,744,217,527
theta,theta_hat_A,-.0096015835142386,1.14387340792557,744,219,525
theta,theta_hat_A,-.0095498446201011,1.143881545838209,744,219,525
theta,theta_hat_A,-.0095485020927248,1.143881796619692,744,221,523
theta,theta_hat_A,-.0094657035867553,1.143897363502838,744,221,523
theta,theta_hat_A,-.0092722104325427,1.143927501335398,744,223,521
theta,theta_hat_A,-.0092449807617666,1.143928111221009,744,223,521
theta,theta_hat_A,-.009178786301021,1.143929653740498,744,225,519
theta,theta_hat_A,-.0091565545795495,1.143930258319544,744,225,519
theta,theta_hat_A,-.0091479909721876,1.143930543296634,744,227,517
theta,theta_hat_A,-.0091013742561495,1.143931619238183,744,228,516
theta,theta_hat_A,-.0090163415736993,1.143934434589259,744,228,516
theta,theta_hat_A,-.0087968655829244,1.143938858619092,744,230,514
theta,theta_hat_A,-.0087350201463849,1.143940265549426,744,230,514
theta,theta_hat_A,-.0086051055833059,1.14394164703356,744,231,513
theta,theta_hat_A,-.0085990183136142,1.143941667280027,744,233,511
theta,theta_hat_A,-.0085680396797469,1.143941106505888,744,233,511
theta,theta_hat_A,-.0084711559908763,1.143936385257909,744,235,509
theta,theta_hat_A,-.0084141787740923,1.143933764753058,744,236,508
theta,theta_hat_A,-.0084087317155452,1.143933505516888,744,237,507
theta,theta_hat_A,-.008345566301676,1.143931852534158,744,238,506
theta,theta_hat_A,-.0083408032401706,1.143931782431494,744,239,505
theta,theta_hat_A,-.0083244120472479,1.143931149039108,744,240,504
theta,theta_hat_A,-.008283586971066,1.143927584177297,744,241,503
theta,theta_hat_A,-.0082481621023715,1.143924421447557,744,241,503
theta,theta_hat_A,-.0081750679463987,1.143919513257762,744,242,502
theta,theta_hat_A,-.0081732331494977,1.143919380393351,744,243,501
theta,theta_hat_A,-.0080703760038392,1.14391277358215,744,245,499
theta,theta_hat_A,-.0078572953632731,1.143898642421446,744,245,499
theta,theta_hat_A,-.0078048377603988,1.143894655002459,744,247,497
theta,theta_hat_A,-.0077449356013574,1.143890810556189,744,247,497
theta,theta_hat_A,-.0075978570954399,1.143883212606684,744,249,495
theta,theta_hat_A,-.0074393210442876,1.143875151057973,744,249,495
theta,theta_hat_A,-.007258614150913,1.143867412839366,744,251,493
theta,theta_hat_A,-.0072417184506407,1.143866482375677,744,252,492
theta,theta_hat_A,-.0071436268613085,1.143860999932686,744,252,492
theta,theta_hat_A,-.0070962191056453,1.143859977862909,744,253,491
theta,theta_hat_A,-.0070860881308605,1.143859550209793,744,255,489
theta,theta_hat_A,-.0069996392656636,1.143857966728617,744,255,489
theta,theta_hat_A,-.0069136138693893,1.143856882515013,744,257,487
theta,theta_hat_A,-.0068402273526,1.143856636804303,744,258,486
theta,theta_hat_A,-.0065928120335557,1.143847461310271,744,259,485
theta,theta_hat_A,-.0065179653719148,1.143847044304154,744,260,484
theta,theta_hat_A,-.0063563061027249,1.143850576293696,744,261,483
theta,theta_hat_A,-.006327299889514,1.143850592199626,744,262,482
theta,theta_hat_A,-.0062647522811161,1.143851097529856,744,263,481
theta,theta_hat_A,-.0061271023407085,1.143851133030708,744,263,481
theta,theta_hat_A,-.0058639212840036,1.143856678939775,744,265,479
theta,theta_hat_A,-.0058342562621485,1.143858068073808,744,266,478
theta,theta_hat_A,-.0058056066224902,1.143860935376855,744,266,478
theta,theta_hat_A,-.0057865617989449,1.143862724737912,744,268,476
theta,theta_hat_A,-.0056802229906847,1.143874124942558,744,268,476
theta,theta_hat_A,-.0056298643882233,1.143878984540576,744,269,475
theta,theta_hat_A,-.0055751678065388,1.143882664968777,744,270,474
theta,theta_hat_A,-.0055630007965282,1.143883308532401,744,271,473
theta,theta_hat_A,-.0054767558693134,1.143887780504103,744,272,472
theta,theta_hat_A,-.0053891741091382,1.143888852022969,744,273,471
theta,theta_hat_A,-.0052593684348354,1.143887612521263,744,274,470
theta,theta_hat_A,-.0052021123933179,1.143887302148075,744,275,469
theta,theta_hat_A,-.0050586041092721,1.14388174428084,744,277,467
theta,theta_hat_A,-.0050236506880937,1.143881210745531,744,277,467
theta,theta_hat_A,-.0049998618315601,1.143880705761912,744,278,466
theta,theta_hat_A,-.0049915904516884,1.143880204107449,744,279,465
theta,theta_hat_A,-.0048389885021245,1.143871107943254,744,280,464
theta,theta_hat_A,-.004833250876154,1.143870891700524,744,282,462
theta,theta_hat_A,-.0047511258063607,1.143868066354828,744,282,462
theta,theta_hat_A,-.0047368557956131,1.143867878295828,744,283,461
theta,theta_hat_A,-.0046942057508613,1.143867887026662,744,284,460
theta,theta_hat_A,-.0046416458105316,1.143867055140123,744,285,459
theta,theta_hat_A,-.0045875386621071,1.143865732773268,744,286,458
theta,theta_hat_A,-.0044872338350102,1.143867114033532,744,287,457
theta,theta_hat_A,-.0044532526240207,1.143868789533604,744,289,455
theta,theta_hat_A,-.0044107836370937,1.143870178043359,744,290,454
theta,theta_hat_A,-.0042010669833029,1.143876799133256,744,291,453
theta,theta_hat_A,-.004135990897178,1.14387877495762,744,292,452
theta,theta_hat_A,-.0040816259443888,1.143879523146358,744,292,452
theta,theta_hat_A,-.0039765645727931,1.143880111984255,744,294,450
theta,theta_hat_A,-.0038827729155593,1.143882393179467,744,295,449
theta,theta_hat_A,-.0038485364749772,1.143882344874682,744,295,449
theta,theta_hat_A,-.0037219761971102,1.143876339283026,744,297,447
theta,theta_hat_A,-.003664320353001,1.143874522626868,744,298,446
theta,theta_hat_A,-.0036187471845677,1.143874683250669,744,299,445
theta,theta_hat_A,-.0036119029438251,1.14387429840367,744,300,444
theta,theta_hat_A,-.003556695908738,1.143871008760034,744,301,443
theta,theta_hat_A,-.00353763450612,1.143869572964273,744,301,443
theta,theta_hat_A,-.0033471182506565,1.143853901352817,744,303,441
theta,theta_hat_A,-.0033112031266553,1.143850127412566,744,303,441
theta,theta_hat_A,-.003248452328874,1.143843241582342,744,305,439
theta,theta_hat_A,-.0031307597810383,1.143827110462155,744,305,439
theta,theta_hat_A,-.0030923443385054,1.143822439265588,744,306,438
theta,theta_hat_A,-.003031022803266,1.143816761413164,744,308,436
theta,theta_hat_A,-.0030066928020782,1.143814536462247,744,309,435
theta,theta_hat_A,-.0029225301702438,1.143806711141405,744,310,434
theta,theta_hat_A,-.0028747150414735,1.143802969176034,744,310,434
theta,theta_hat_A,-.0028144641432153,1.14379848207326,744,312,432
theta,theta_hat_A,-.0026505848306811,1.14378587577239,744,313,431
theta,theta_hat_A,-.0026438519894687,1.143785556797728,744,314,430
theta,theta_hat_A,-.0026175856554035,1.143784621663007,744,314,430
theta,theta_hat_A,-.0024604987616702,1.14377943605152,744,316,428
theta,theta_hat_A,-.0024259177776743,1.143778305435489,744,316,428
theta,theta_hat_A,-.0023782959445908,1.143778605078187,744,317,427
theta,theta_hat_A,-.0023511482988111,1.143779965745646,744,318,426
theta,theta_hat_A,-.002235465717095,1.14378645202531,744,320,424
theta,theta_hat_A,-.0022128094334032,1.143787414871569,744,320,424
theta,theta_hat_A,-.0020720301622748,1.143792378429815,744,321,423
theta,theta_hat_A,-.0020048792839912,1.14379585898516,744,323,421
theta,theta_hat_A,-.001856515488086,1.143802174386624,744,324,420
theta,theta_hat_A,-.0018545281163813,1.143802336230552,744,324,420
theta,theta_hat_A,-.0018367885432777,1.143804411844721,744,325,419
theta,theta_hat_A,-.0017268618545985,1.143813282270791,744,326,418
theta,theta_hat_A,-.0016664819379206,1.143819073961807,744,328,416
theta,theta_hat_A,-.001627606437883,1.143823666412758,744,328,416
theta,theta_hat_A,-.0016144200674415,1.143824894864505,744,330,414
theta,theta_hat_A,-.0015460209150801,1.14383991778873,744,330,414
theta,theta_hat_A,-.0015208615891982,1.143844686904273,744,331,413
theta,theta_hat_A,-.0012515404870078,1.143894775731663,744,333,411
theta,theta_hat_A,-.000918134640351,1.143967074255326,744,333,411
theta,theta_hat_A,-.0008595667097351,1.143980444038766,744,335,409
theta,theta_hat_A,-.0008548464061618,1.143981526869532,744,336,408
theta,theta_hat_A,-.0007196583345579,1.144011978081497,744,336,408
theta,theta_hat_A,-.0006298725382967,1.144032751664624,744,337,407
theta,theta_hat_A,-.0004992419832495,1.144060882953907,744,338,406
theta,theta_hat_A,-.0004844482684641,1.144063923627524,744,339,405
theta,theta_hat_A,-.0004652271189784,1.144067741041659,744,340,404
theta,theta_hat_A,-.0003288265336973,1.144096748462412,744,342,402
theta,theta_hat_A,-.0002891123290221,1.144104512792426,744,342,402
theta,theta_hat_A,.0000354866597126,1.144211512066119,744,344,400
theta,theta_hat_A,.0000677027913756,1.144222054543324,744,344,400
theta,theta_hat_A,.0000819787135855,1.144226619290172,744,345,399
theta,theta_hat_A,.0003152684208833,1.144300298461088,744,347,397
theta,theta_hat_A,.0003825378367945,1.1443220849921,744,347,397
theta,theta_hat_A,.0004154831740759,1.144332768014227,744,349,395
theta,theta_hat_A,.0004591168633255,1.144346684391257,744,349,395
theta,theta_hat_A,.0004676722574756,1.144350123624096,744,351,393
theta,theta_hat_A,.0006256436899348,1.144413932259691,744,352,392
theta,theta_hat_A,.0007192695600222,1.144449801980606,744,353,391
theta,theta_hat_A,.0008714663546771,1.144508825032759,744,354,390
theta,theta_hat_A,.0008770467033408,1.144510912654014,744,354,390
theta,theta_hat_A,.0009810402876315,1.144548997854475,744,356,388
theta,theta_hat_A,.0009901371373413,1.144552127710193,744,357,387
theta,theta_hat_A,.0012824632218371,1.144647416356731,744,358,386
theta,theta_hat_A,.0014369591039649,1.144703799948071,744,358,386
theta,theta_hat_A,.0014764005771029,1.144718606581564,744,359,385
theta,theta_hat_A,.0015056260619077,1.144729818043576,744,360,384
theta,theta_hat_A,.0016943713906965,1.144804223657613,744,362,382
theta,theta_hat_A,.0017373283498189,1.144821973534313,744,363,381
theta,theta_hat_A,.0020191292652316,1.144930181749762,744,363,381
theta,theta_hat_A,.0020229564673791,1.144931651505674,744,365,379
theta,theta_hat_A,.002108735542896,1.144963896925975,744,366,378
theta,theta_hat_A,.0022393501099258,1.145011753705386,744,366,378
theta,theta_hat_A,.0023043799679768,1.145036119633096,744,368,376
theta,theta_hat_A,.0023601865933311,1.14505676942393,744,368,376
theta,theta_hat_A,.0024512914795405,1.145096153912585,744,369,375
theta,theta_hat_A,.0026177739480735,1.145172701860835,744,370,374
theta,theta_hat_A,.0027526028007548,1.14523358386172,744,371,373
theta,theta_hat_A,.0027580501578315,1.145236139220677,744,372,372
theta,theta_hat_A,.002778401192865,1.145245568481299,744,374,370
theta,theta_hat_A,.0030400535357385,1.145355175721274,744,374,370
theta,theta_hat_A,.0031183878019977,1.145388622226924,744,376,368
theta,theta_hat_A,.0033660571727817,1.145490240966892,744,377,367
theta,theta_hat_A,.0034437027461063,1.145522892331697,744,377,367
theta,theta_hat_A,.0034466505130971,1.145524083271536,744,379,365
theta,theta_hat_A,.0036887038633931,1.145606074256661,744,379,365
theta,theta_hat_A,.0038137294232163,1.145648779835784,744,381,363
theta,theta_hat_A,.0039824078738285,1.14570801732891,744,381,363
theta,theta_hat_A,.0040839548638985,1.145742829369647,744,382,362
theta,theta_hat_A,.0041120033748407,1.145751973722174,744,383,361
theta,theta_hat_A,.0042770693583076,1.145806231369462,744,384,360
theta,theta_hat_A,.0043233666625603,1.145821955022618,744,386,358
theta,theta_hat_A,.0043441891127772,1.145828764407368,744,387,357
theta,theta_hat_A,.0043887947852998,1.145844172569072,744,388,356
theta,theta_hat_A,.0044191357327304,1.145854626316858,744,388,356
theta,theta_hat_A,.0044751916136071,1.145873533852543,744,390,354
theta,theta_hat_A,.0045881058012661,1.145910314240787,744,391,353
theta,theta_hat_A,.0047540156661596,1.145964477865656,744,392,352
theta,theta_hat_A,.0047895436999048,1.145976326588782,744,393,351
theta,theta_hat_A,.0049525336649502,1.146029923808151,744,394,350
theta,theta_hat_A,.0050019669685497,1.146045579865001,744,395,349
theta,theta_hat_A,.0050328210291047,1.146055323925759,744,395,349
theta,theta_hat_A,.005095668776229,1.146075827392931,744,396,348
theta,theta_hat_A,.0053040312815561,1.146141357538968,744,398,346
theta,theta_hat_A,.0055424665286062,1.146215972987191,744,399,345
theta,theta_hat_A,.0057869361061901,1.146290709093735,744,400,344
theta,theta_hat_A,.0061185389078771,1.146388925413537,744,400,344
theta,theta_hat_A,.0061197311767875,1.146389273666763,744,401,343
theta,theta_hat_A,.0064432795051797,1.14647877139516,744,402,342
theta,theta_hat_A,.0064479792493048,1.14648005385498,744,404,340
theta,theta_hat_A,.0065023359547243,1.146495093878214,744,404,340
theta,theta_hat_A,.0065114981464779,1.146497674514407,744,405,339
theta,theta_hat_A,.0065203985818635,1.146500056046943,744,407,337
theta,theta_hat_A,.0066134890090214,1.146524176079184,744,407,337
theta,theta_hat_A,.0066273358319707,1.14652765581939,744,409,335
theta,theta_hat_A,.0068166215049657,1.146574718234122,744,409,335
theta,theta_hat_A,.0068214538012651,1.146575859892167,744,411,333
theta,theta_hat_A,.0068453637957489,1.14658157790104,744,411,333
theta,theta_hat_A,.0072101520075311,1.146665607582263,744,412,332
theta,theta_hat_A,.0072570143480304,1.146677062513688,744,413,331
theta,theta_hat_A,.0073929547006951,1.146710715060596,744,414,330
theta,theta_hat_A,.0075976349813276,1.14675949326569,744,416,328
theta,theta_hat_A,.0077150685698305,1.146788016218623,744,416,328
theta,theta_hat_A,.0077212360469764,1.146789437726661,744,418,326
theta,theta_hat_A,.0077626110530265,1.146798997070569,744,419,325
theta,theta_hat_A,.0078546069194854,1.146819930159542,744,420,324
theta,theta_hat_A,.007906295439882,1.146831764189516,744,420,324
theta,theta_hat_A,.0081718041353322,1.146893322982043,744,421,323
theta,theta_hat_A,.0082294858456871,1.14690664378994,744,423,321
theta,theta_hat_A,.008493427206154,1.146967566461305,744,423,321
theta,theta_hat_A,.0085562956658424,1.14698203200116,744,425,319
theta,theta_hat_A,.0085708415248616,1.146985367612702,744,426,318
theta,theta_hat_A,.0087930966943695,1.147035969195216,744,426,318
theta,theta_hat_A,.0089560323142409,1.147072757911203,744,427,317
theta,theta_hat_A,.0091323684989318,1.147112659613379,744,429,315
theta,theta_hat_A,.0091620581167435,1.147119306380715,744,429,315
theta,theta_hat_A,.0091675475014802,1.147120530483964,744,431,313
theta,theta_hat_A,.0091844136922898,1.14712427772651,744,431,313
theta,theta_hat_A,.0092143910569193,1.147131043499263,744,432,312
theta,theta_hat_A,.0092991891005509,1.147148376617557,744,433,311
theta,theta_hat_A,.0094386137710808,1.147176803920119,744,434,310
theta,theta_hat_A,.0097214436096766,1.14723622823638,744,436,308
theta,theta_hat_A,.0098336885779696,1.147258256284823,744,437,307
theta,theta_hat_A,.0098449729892469,1.147260417698565,744,437,307
theta,theta_hat_A,.0099067781317593,1.147272359158722,744,438,306
theta,theta_hat_A,.0100810948509389,1.14730467235313,744,439,305
theta,theta_hat_A,.0102622592753803,1.147338448518249,744,440,304
theta,theta_hat_A,.0103519142564306,1.14735487395478,744,441,303
theta,theta_hat_A,.0103757430774823,1.147359214996137,744,443,301
theta,theta_hat_A,.0104425682074158,1.147370771359121,744,444,300
theta,theta_hat_A,.010501885230244,1.147381323654988,744,444,300
theta,theta_hat_A,.0110233637993432,1.147474813448731,744,445,299
theta,theta_hat_A,.0110540601897151,1.14748032459722,744,446,298
theta,theta_hat_A,.0111444104063966,1.147496277098915,744,448,296
theta,theta_hat_A,.0111467854052627,1.147496684854567,744,449,295
theta,theta_hat_A,.0111481694967141,1.147496917053955,744,450,294
theta,theta_hat_A,.0113305232600256,1.147527233554049,744,451,293
theta,theta_hat_A,.0115989336887087,1.147570649146904,744,451,293
theta,theta_hat_A,.0119024688123786,1.147618508337006,744,452,292
theta,theta_hat_A,.0119706454889063,1.147629195832598,744,453,291
theta,theta_hat_A,.0122091066055946,1.147665811379432,744,454,290
theta,theta_hat_A,.0122125668029368,1.147666332110396,744,455,289
theta,theta_hat_A,.0122215199612957,1.147667629141826,744,456,288
theta,theta_hat_A,.012223138134679,1.147667859485183,744,458,286
theta,theta_hat_A,.0122743295137844,1.147675181996979,744,458,286
theta,theta_hat_A,.012365601922044,1.147689036655262,744,459,285
theta,theta_hat_A,.0123853956604608,1.147691880879591,744,460,284
theta,theta_hat_A,.0125642675133354,1.147717853647357,744,462,282
theta,theta_hat_A,.0125653994614701,1.147718012364118,744,463,281
theta,theta_hat_A,.0127020254907558,1.147738143493835,744,464,280
theta,theta_hat_A,.0127924944330104,1.147751700410417,744,464,280
theta,theta_hat_A,.0128839426062213,1.147765207779606,744,466,278
theta,theta_hat_A,.0131695999469215,1.147807914255322,744,467,277
theta,theta_hat_A,.0134254332593785,1.147845261567083,744,468,276
theta,theta_hat_A,.0135519070345285,1.147863549060893,744,468,276
theta,theta_hat_A,.0136055064703136,1.147871275818154,744,469,275
theta,theta_hat_A,.0136659184935256,1.147879957109839,744,470,274
theta,theta_hat_A,.0137076036018469,1.147885824059434,744,471,273
theta,theta_hat_A,.0138890360403345,1.14790996616235,744,473,271
theta,theta_hat_A,.0143540286480731,1.147973026269936,744,473,271
theta,theta_hat_A,.0144685844976478,1.147989600186071,744,475,269
theta,theta_hat_A,.0144848205989333,1.147991877558778,744,476,268
theta,theta_hat_A,.0145020679228774,1.147994248556194,744,476,268
theta,theta_hat_A,.0145279170424355,1.14799771786155,744,478,266
theta,theta_hat_A,.0146164017026554,1.148010415395216,744,479,265
theta,theta_hat_A,.0151640044329705,1.14808931318556,744,479,265
theta,theta_hat_A,.0152458808612701,1.148100990834017,744,480,264
theta,theta_hat_A,.0153118420622454,1.148110124371449,744,481,263
theta,theta_hat_A,.0153444675664954,1.148114806339801,744,483,261
theta,theta_hat_A,.0155425397896367,1.148143643149479,744,484,260
theta,theta_hat_A,.015682388079103,1.148163961290899,744,485,259
theta,theta_hat_A,.0157895178518682,1.148179757821999,744,486,258
theta,theta_hat_A,.0159305529015971,1.148201139889249,744,486,258
theta,theta_hat_A,.0160294359491902,1.148217149674891,744,487,257
theta,theta_hat_A,.016073517856849,1.148224971218312,744,489,255
theta,theta_hat_A,.0160813152917323,1.14822636934307,744,490,254
theta,theta_hat_A,.0160825551335115,1.148226584941725,744,491,253
theta,theta_hat_A,.0162682020225502,1.14825971839313,744,491,253
theta,theta_hat_A,.016355345347256,1.14827523306183,744,493,251
theta,theta_hat_A,.0164527447291664,1.148292083639003,744,494,250
theta,theta_hat_A,.0165629595197632,1.148311054528806,744,494,250
theta,theta_hat_A,.0166011945873011,1.148320301733321,744,496,248
theta,theta_hat_A,.0170161834385096,1.148415567208152,744,497,247
theta,theta_hat_A,.0170470943803769,1.148422412869383,744,498,246
theta,theta_hat_A,.0172289367142881,1.14846206968722,744,498,246
theta,theta_hat_A,.017232980524809,1.148462945410478,744,500,244
theta,theta_hat_A,.0172905759870949,1.148475364218763,744,500,244
theta,theta_hat_A,.0173254694392736,1.148482765107424,744,501,243
theta,theta_hat_A,.0173881773374052,1.148496030938931,744,502,242
theta,theta_hat_A,.0174857785851333,1.148516378016144,744,504,240
theta,theta_hat_A,.0178661072943318,1.148592749756025,744,504,240
theta,theta_hat_A,.0180984593545861,1.148637439641042,744,506,238
theta,theta_hat_A,.0182588772897561,1.148667443696876,744,507,237
theta,theta_hat_A,.0186862688736447,1.148747798733052,744,507,237
theta,theta_hat_A,.0187720844002836,1.148763708605169,744,509,235
theta,theta_hat_A,.0189530735613466,1.148796216404678,744,509,235
theta,theta_hat_A,.0191378719197956,1.148828100460065,744,511,233
theta,theta_hat_A,.0192904156521206,1.148853376932351,744,511,233
theta,theta_hat_A,.0193150736433656,1.148857384103325,744,513,231
theta,theta_hat_A,.0194048258356236,1.148871820840191,744,514,230
theta,theta_hat_A,.0194535109625488,1.148879589897725,744,515,229
theta,theta_hat_A,.0195322117202624,1.148891934528242,744,515,229
theta,theta_hat_A,.0196317042614622,1.148907196618531,744,517,227
theta,theta_hat_A,.0196408259461647,1.148908563478797,744,518,226
theta,theta_hat_A,.0197226983452598,1.148920599488013,744,519,225
theta,theta_hat_A,.019845883351445,1.148938031256846,744,520,224
theta,theta_hat_A,.0201066318822461,1.148972238388288,744,521,223
theta,theta_hat_A,.0201887996305475,1.148982260749303,744,521,223
theta,theta_hat_A,.020416708232669,1.149008366579406,744,522,222
theta,theta_hat_A,.0205427010319311,1.149021764123602,744,523,221
theta,theta_hat_A,.0205963332812312,1.149027283178695,744,525,219
theta,theta_hat_A,.0206808889308121,1.149035578321824,744,526,218
theta,theta_hat_A,.0208701194846866,1.149053087234697,744,526,218
theta,theta_hat_A,.0212015405051759,1.14908013290048,744,528,216
theta,theta_hat_A,.0212042862249621,1.149080335624043,744,529,215
theta,theta_hat_A,.0212657365342729,1.149084888139433,744,530,214
theta,theta_hat_A,.0214195367770078,1.149095523015443,744,531,213
theta,theta_hat_A,.0215908994916069,1.149106258700865,744,532,212
theta,theta_hat_A,.0216358416288381,1.149108932052495,744,533,211
theta,theta_hat_A,.0217443568104654,1.14911511393504,744,534,210
theta,theta_hat_A,.0219444014623456,1.149125862710172,744,534,210
theta,theta_hat_A,.0219459733600636,1.149125941839123,744,535,209
theta,theta_hat_A,.0219963805711333,1.149128423464439,744,536,208
theta,theta_hat_A,.0225862696309696,1.149152239121325,744,538,206
theta,theta_hat_A,.022711208895013,1.149156184673734,744,539,205
theta,theta_hat_A,.0231646244155831,1.149166034388571,744,539,205
theta,theta_hat_A,.0232183814420281,1.149167024270083,744,541,203
theta,theta_hat_A,.0232236663672012,1.149167129628972,744,541,203
theta,theta_hat_A,.0235513802875027,1.149174138009156,744,542,202
theta,theta_hat_A,.0236589040690694,1.149175957476684,744,543,201
theta,theta_hat_A,.0237613526206821,1.149177582541931,744,544,200
theta,theta_hat_A,.0237987645264384,1.149177706681667,744,546,198
theta,theta_hat_A,.0238295982933596,1.149177783877035,744,547,197
theta,theta_hat_A,.0240814249361508,1.149176446505442,744,547,197
theta,theta_hat_A,.0241919114402639,1.14917541923218,744,548,196
theta,theta_hat_A,.0242975425473052,1.149173878036363,744,550,194
theta,theta_hat_A,.0243650242729608,1.149172167132195,744,551,193
theta,theta_hat_A,.0246797159464254,1.149161699613709,744,552,192
theta,theta_hat_A,.0256650379539151,1.149111945924072,744,552,192
theta,theta_hat_A,.0259802980412457,1.149086402713342,744,553,191
theta,theta_hat_A,.0260062842575852,1.149084111010869,744,555,189
theta,theta_hat_A,.0260300261188975,1.149082060934171,744,555,189
theta,theta_hat_A,.0260737586022671,1.149078351843129,744,556,188
theta,theta_hat_A,.0261797092576294,1.149068759436953,744,557,187
theta,theta_hat_A,.0263743191699498,1.149048593364081,744,558,186
theta,theta_hat_A,.0264127425843337,1.149044455519428,744,559,185
theta,theta_hat_A,.0265046274534823,1.149034038805226,744,561,183
theta,theta_hat_A,.0265935574166642,1.149024496837554,744,562,182
theta,theta_hat_A,.0272261907866276,1.148951790597912,744,563,181
theta,theta_hat_A,.0276134423160787,1.148900910674798,744,563,181
theta,theta_hat_A,.0276708234465969,1.148892548000249,744,565,179
theta,theta_hat_A,.0276751310729257,1.148891929187678,744,565,179
theta,theta_hat_A,.0276755094691275,1.148891878136674,744,567,177
theta,theta_hat_A,.027899407316924,1.148860788470541,744,568,176
theta,theta_hat_A,.0283183566903476,1.148802287774583,744,569,175
theta,theta_hat_A,.0283951223190976,1.14879059916613,744,570,174
theta,theta_hat_A,.0285472337690149,1.148766371834456,744,571,173
theta,theta_hat_A,.0285699591390092,1.148762775765741,744,572,172
theta,theta_hat_A,.0287645151933136,1.148734572281303,744,573,171
theta,theta_hat_A,.0287693236255841,1.148733885173068,744,574,170
theta,theta_hat_A,.0292299384450569,1.148671629113554,744,574,170
theta,theta_hat_A,.0294739256668699,1.148634788875233,744,575,169
theta,theta_hat_A,.0299070343776832,1.148568093618677,744,577,167
theta,theta_hat_A,.0299367396358008,1.148563341493646,744,577,167
theta,theta_hat_A,.030216004648506,1.148516806728308,744,579,165
theta,theta_hat_A,.0304456317979047,1.148474531170279,744,580,164
theta,theta_hat_A,.0307338636691825,1.148419459046885,744,581,163
theta,theta_hat_A,.0307449651361076,1.148417460329088,744,581,163
theta,theta_hat_A,.0307652928293414,1.148413946686213,744,583,161
theta,theta_hat_A,.0310273907584702,1.148366305399119,744,584,160
theta,theta_hat_A,.0312865433579964,1.148321840930253,744,585,159
theta,theta_hat_A,.0314049281222754,1.148298568478285,744,586,158
theta,theta_hat_A,.0314781730467091,1.148285137110469,744,586,158
theta,theta_hat_A,.0318009123627368,1.148226817658087,744,587,157
theta,theta_hat_A,.0320178214461604,1.148188627224809,744,588,156
theta,theta_hat_A,.0329035713053959,1.148031824419826,744,590,154
theta,theta_hat_A,.0334069244743522,1.147933210681923,744,591,153
theta,theta_hat_A,.0334962722213263,1.147916787922302,744,592,152
theta,theta_hat_A,.0336635000639415,1.147884153774458,744,593,151
theta,theta_hat_A,.034086776850402,1.147794965681607,744,593,151
theta,theta_hat_A,.034320054720119,1.147748839889253,744,594,150
theta,theta_hat_A,.0346978173821794,1.147672027118704,744,596,148
theta,theta_hat_A,.0348422221274098,1.147641332903637,744,597,147
theta,theta_hat_A,.0353204250260589,1.147533695753828,744,598,146
theta,theta_hat_A,.0356261639270408,1.147481048253431,744,599,145
theta,theta_hat_A,.0358478923874377,1.147445884443551,744,599,145
theta,theta_hat_A,.0359074841046016,1.147436840353529,744,601,143
theta,theta_hat_A,.0359328442004446,1.147432906397597,744,602,142
theta,theta_hat_A,.0363204220352753,1.147370501736669,744,602,142
theta,theta_hat_A,.0364376600409785,1.147351756855571,744,603,141
theta,theta_hat_A,.037058905394942,1.147247027745012,744,605,139
theta,theta_hat_A,.0371442593983571,1.147233691337038,744,606,138
theta,theta_hat_A,.0373583832577227,1.147197228836878,744,606,138
theta,theta_hat_A,.0373812864087564,1.147193744182466,744,608,136
theta,theta_hat_A,.0374662348859814,1.147189905614701,744,609,135
theta,theta_hat_A,.0381244135128522,1.14715808705367,744,610,134
theta,theta_hat_A,.0385175848073667,1.147149347119283,744,611,133
theta,theta_hat_A,.0386102920935764,1.14714692400744,744,611,133
theta,theta_hat_A,.0388669361277708,1.14713163047862,744,613,131
theta,theta_hat_A,.0394843381090796,1.147100567666025,744,613,131
theta,theta_hat_A,.0399988726530426,1.147078085963819,744,614,130
theta,theta_hat_A,.0401847526027904,1.147063147316661,744,615,129
theta,theta_hat_A,.0406625400748014,1.147027256431804,744,617,127
theta,theta_hat_A,.0412703703251195,1.147004915989578,744,617,127
theta,theta_hat_A,.0419164981880569,1.146974037895907,744,619,125
theta,theta_hat_A,.0423269680197868,1.146931595986032,744,620,124
theta,theta_hat_A,.0436922078979784,1.146809867165993,744,620,124
theta,theta_hat_A,.0440431597667365,1.146777307472035,744,621,123
theta,theta_hat_A,.0442169404295762,1.146761009010652,744,622,122
theta,theta_hat_A,.0442557683069611,1.146758214263415,744,624,120
theta,theta_hat_A,.0453129427285994,1.146687930306832,744,625,119
theta,theta_hat_A,.0453860365573004,1.146683032311284,744,626,118
theta,theta_hat_A,.0457296349983987,1.146658829789339,744,626,118
theta,theta_hat_A,.0458922224374271,1.14664411410466,744,628,116
theta,theta_hat_A,.0461302930343484,1.146617408475702,744,629,115
theta,theta_hat_A,.0461644474451323,1.146614436491308,744,629,115
theta,theta_hat_A,.0473234660504717,1.146526874866356,744,631,113
theta,theta_hat_A,.0478781242188862,1.146483437514882,744,632,112
theta,theta_hat_A,.0487957426642368,1.146386465885389,744,632,112
theta,theta_hat_A,.048943544044589,1.14637515484068,744,633,111
theta,theta_hat_A,.0495478764330679,1.146332611049064,744,634,110
theta,theta_hat_A,.0501854818568445,1.146278069073744,744,635,109
theta,theta_hat_A,.0505783391957245,1.146253126796459,744,637,107
theta,theta_hat_A,.0511618081923804,1.146211026707591,744,637,107
theta,theta_hat_A,.0511822494777552,1.146209873817242,744,639,105
theta,theta_hat_A,.0511892457734071,1.146209521340723,744,640,104
theta,theta_hat_A,.0515557946766135,1.146184746641146,744,641,103
theta,theta_hat_A,.051588566124647,1.146181685184375,744,641,103
theta,theta_hat_A,.0524194560839268,1.146246504071072,744,643,101
theta,theta_hat_A,.0526527840285244,1.14626659948508,744,644,100
theta,theta_hat_A,.0529618574076566,1.146290590785109,744,644,100
theta,theta_hat_A,.0535405258293547,1.146330913189646,744,645,99
theta,theta_hat_A,.0542212688890465,1.146383832178197,744,646,98
theta,theta_hat_A,.0542933105905587,1.146389649867735,744,648,96
theta,theta_hat_A,.0548027682976793,1.146423270740727,744,648,96
theta,theta_hat_A,.055994768197337,1.146507701130545,744,650,94
theta,theta_hat_A,.0570643479134236,1.146593442120201,744,651,93
theta,theta_hat_A,.057904844487315,1.146686122093635,744,651,93
theta,theta_hat_A,.0587869932681598,1.146775863978888,744,652,92
theta,theta_hat_A,.058839220817576,1.146781847423091,744,653,91
theta,theta_hat_A,.0590678826824851,1.146805499678047,744,654,90
theta,theta_hat_A,.0591831394075262,1.146817083098292,744,655,89
theta,theta_hat_A,.0592207518694889,1.146822398335793,744,656,88
theta,theta_hat_A,.0592238143600081,1.146822780493715,744,657,87
theta,theta_hat_A,.0595004502904964,1.146855473074484,744,659,85
theta,theta_hat_A,.0607314774183243,1.146983287058856,744,660,84
theta,theta_hat_A,.0609919779819086,1.147007275168673,744,661,83
theta,theta_hat_A,.0621110451404861,1.14711313288949,744,662,82
theta,theta_hat_A,.0645169648197573,1.147352272262921,744,663,81
theta,theta_hat_A,.0646779616993332,1.147375929508559,744,664,80
theta,theta_hat_A,.0651515247439117,1.147442617708769,744,664,80
theta,theta_hat_A,.0652119207755736,1.147452153626357,744,665,79
theta,theta_hat_A,.065555207345103,1.14750163385921,744,667,77
theta,theta_hat_A,.0661381593194918,1.147579401287943,744,667,77
theta,theta_hat_A,.0663367476252188,1.147610698473622,744,668,76
