country_name,iso3,year,readiness100,debt_gdp,interest_revenue,wsdi_days,country_id,b_it,sample_spread,sample_tax,mA_hat,spread_saving_component,TA_hat,theta_hat_A,sample_theta_support,b_it_mA_hat,theta_recomputed_b_it,theta_reconstruction_diff,b_it_mapping_diff,b_outcome,b_outcome_year,A_outcome,A_outcome_year,debt_ns_missing_count,ready_ns_missing_count,sample_debt_ns,sample_ready_ns,sample_criterion_theta,sample_criterion_debt,sample_criterion_ma,sample_criterion_ta,sample_criterion_bma,debt_hinge_low_ns,debt_hinge_high_ns,debt_kink_low,debt_kink_high,ready_debt_hinge_low_ns,ready_debt_hinge_high_ns,ready_debt_kink_low,ready_debt_kink_high
Australia,AUS,1995,.5829214096069336,.3109700012207031,.0677430772781372,.0827267262040537,AUS,.3109700012207031,0,0,,,,,0,,,,0,-.0179700088500976,1996,,,2,3,0,0,0,0,0,0,0,,,,,,,,
Australia,AUS,1996,.5860774612426758,.2929999923706055,.0630793714523315,.0508710866766693,AUS,.2929999923706055,0,0,,,,,0,,,,0,-.0343599891662598,1997,.0031560516357422,1996,2,2,0,0,0,0,0,0,0,,,,,,,,
Australia,AUS,1997,.587919807434082,.2586400032043457,.0529903936386108,.0429568720750743,AUS,.2586400032043457,0,0,,,,,0,,,,0,-.0220700073242188,1998,.0018423461914062,1997,2,2,0,0,0,0,0,0,0,,,,,,,,
Australia,AUS,1998,.5919098281860351,.2365699958801269,.0403354978561401,.1308506991599911,AUS,.2365699958801269,0,0,,,,,0,,,,0,-.0115299987792969,1999,.0039900207519531,1998,2,2,0,0,0,0,0,0,0,,,,,,,,
Australia,AUS,1999,.5988552093505859,.2250399971008301,.0265623736381531,.0409553859285239,AUS,.2250399971008301,0,0,,,,,0,,,,0,-.0304599952697754,2000,.0069453811645508,1999,2,2,0,0,0,0,0,0,0,,,,,,,,
Australia,AUS,2000,.6069406127929687,.1945800018310547,.0185470128059387,.0339377581145743,AUS,.1945800018310547,1,1,-.0029498249099785,-.0005739769363849,-.029396138092943,-.0299701150293279,1,-.0005739769363849,-.0299701150293279,0,0,-.0238199996948242,2001,.0080854034423828,2000,0,0,1,1,1,1,1,1,1,.0145936217185455,0,.0088574617087228,0,.0145936217185455,0,.0002706680888989,0
Australia,AUS,2001,.6124575042724609,.1707600021362305,.0201542520523071,.0665962926966363,AUS,.1707600021362305,1,1,-.0050693247951129,-.0008656379128427,-.0258200587881519,-.0266856967009947,1,-.0008656379128427,-.0266856967009947,0,0,-.020910005569458,2002,.0055168914794922,2001,0,0,1,1,1,1,1,1,1,.0113092033902123,0,.0069264064836791,0,.0113092033902123,0,.0002279285356371,0
Australia,AUS,2002,.6151788330078125,.1498499965667724,.0187742519378662,.1760760325028979,AUS,.1498499965667724,1,1,-.0068731646084465,-.0010299436929786,-.013832128624558,-.0148620723175365,1,-.0010299436929786,-.0148620723175365,0,0,-.0181999969482422,2003,.0027213287353516,2002,0,0,1,1,1,1,1,1,1,0,.0005144209932459,0,.0003164609062997,0,.0005144209932459,0,9.65786932933e-06
Australia,AUS,2003,.6199591827392578,.1316499996185303,.0081334781646729,.0797213754119544,AUS,.1316499996185303,1,1,-.0085777555537095,-.0011292615153737,-.0243828743806893,-.025512135896063,1,-.0011292615153737,-.025512135896063,0,0,-.0127700042724609,2004,.0047803497314453,2003,0,0,1,1,1,1,1,1,1,.0101356425852806,0,.0062836846937078,0,.0101356425852806,0,.0000824380276523,0
Australia,AUS,2004,.6290117645263672,.1188799953460693,-.0003046922571957,.0931815298227914,AUS,.1188799953460693,1,1,-.0097168704091014,-.0011551415090123,-.0229089999327426,-.0240641414417549,1,-.0011551415090123,-.0240641414417549,0,0,-.0104799938201904,2005,.0090525817871094,2004,0,0,1,1,1,1,1,1,1,.0086876481309725,0,.0054646328804472,0,.0086876481309725,0,-2.64705911875e-06,0
Australia,AUS,2005,.6338233566284179,.1084000015258789,-.0039476591348648,.1843283135438788,AUS,.1084000015258789,1,1,-.0105954804385967,-.0011485500957113,-.0129285114896918,-.0140770615854031,1,-.0011485500957113,-.0140770615854031,0,0,-.0092000007629394,2006,.0048115921020507,2005,0,0,1,1,1,1,1,1,1,0,.0012994317253793,0,.0008236101778894,0,.0012994317253793,0,-5.12971352083e-06
Australia,AUS,2006,.6775400543212891,.0992000007629395,-.0083878266811371,.0685514350502655,AUS,.0992000007629395,1,1,-.0115042251881738,-.0011412191474439,-.0256059725103012,-.0267471916577451,1,-.0011412191474439,-.0267471916577451,0,0,-.0027299976348877,2007,.0437166976928711,2006,0,0,1,1,1,1,1,1,1,.0113706983469627,0,.0077041035756721,0,.0113706983469627,0,-.0000953754469778,0
Australia,AUS,2007,.6845761108398437,.0964700031280518,-.0053767955303192,.1206501451474985,AUS,.0964700031280518,1,1,-.0117131942633084,-.0011299718872208,-.0199012119823333,-.0210311838695541,1,-.0011299718872208,-.0210311838695541,0,0,.0206199932098389,2008,.0070360565185547,2007,0,0,1,1,1,1,1,1,1,.0056546905587717,0,.0038710660707267,0,.0056546905587717,0,-.0000304041149217,0
Australia,AUS,2008,.6924519348144531,.1170899963378906,-.000914886072278,.0579952602170949,AUS,.1170899963378906,1,1,-.0099025678192635,-.0011594916296933,-.026761863882702,-.0279213555123952,1,-.0011594916296933,-.0279213555123952,0,0,.0485700035095215,2009,.0078758239746094,2008,0,0,1,1,1,1,1,1,1,.0125448622016128,0,.0086867141034875,0,.0125448622016128,0,-.0000114771197069,0
Australia,AUS,2009,.6840602111816406,.1656599998474121,.0011487650871277,.1729341976560395,AUS,.1656599998474121,1,1,-.0054533817208203,-.000903407215039,-.0141761566318983,-.0150795638469373,1,-.000903407215039,-.0150795638469373,0,0,.0372200012207031,2010,-.0083917236328125,2009,0,0,1,1,1,1,1,1,1,0,.0002969294638451,0,.000203117631744,0,.0002969294638451,0,3.41102201405e-07
Australia,AUS,2010,.6909468841552734,.2028800010681152,.0073728650808334,.0662896447305022,AUS,.2028800010681152,1,1,-.0021805926783266,-.000442398644908,-.0258536364565802,-.0262960351014882,1,-.000442398644908,-.0262960351014882,0,0,.0367399978637695,2011,.0068866729736328,2010,0,0,1,1,1,1,1,1,1,.0109195417907058,0,.0075448233766915,0,.0109195417907058,0,.0000805083083674,0
Australia,AUS,2011,.6945819854736328,.2396199989318848,.0138893270492554,.0501844188552992,AUS,.2396199989318848,1,1,.0011125822929031,.0002665969678371,-.0276171437813372,-.0273505468135002,1,.0002665969678371,-.0273505468135002,0,0,.0345800018310547,2012,.0036351013183594,2011,0,0,1,1,1,1,1,1,1,.0119740535027178,0,.0083169618560852,0,.0119740535027178,0,.0001663115452045,0
Australia,AUS,2012,.6979860687255859,.2742000007629394,.0194945406913757,.0608643193258101,AUS,.2742000007629394,1,1,.0042302853395982,.0011599442433453,-.0264477045661803,-.025287760322835,1,.0011599442433453,-.025287760322835,0,0,.0291300010681153,2013,.0034040832519531,2012,0,0,1,1,1,1,1,1,1,.0099112670120526,0,.0069179262978322,0,.0099112670120526,0,.0001932155980696,0
Australia,AUS,2013,.7084961700439453,.3033300018310547,.0219707846641541,.1862538745485503,AUS,.3033300018310547,1,1,.0069383287467932,.0021046032714692,-.0127176643421685,-.0106130610706992,1,.0021046032714692,-.0106130610706992,0,0,.0356000137329102,2014,.0105101013183594,2013,0,0,1,1,1,1,1,1,1,0,.0047634322400832,0,.0033748734983628,0,.0047634322400832,0,.0001046563440092
Australia,AUS,2014,.7096913146972657,.3389300155639648,.0248166942596436,.1307058555339945,AUS,.3389300155639648,1,1,.0101012820805653,.003423627692782,-.0188001210035644,-.0153764933107824,1,.003423627692782,-.0153764933107824,0,0,.0368199920654297,2015,.0011951446533204,2014,0,0,1,1,1,1,1,1,1,8.67361737988e-18,0,6.15559092151e-18,0,8.67361737988e-18,0,2.15250510642e-19,0
Australia,AUS,2015,.7059880065917968,.3757500076293945,.0265594959259033,.127958179387553,AUS,.3757500076293945,1,1,.0134110289072027,.0050391942141994,-.019100988998081,-.0140617947838816,1,.0050391942141994,-.0140617947838816,0,0,.0288499832153321,2016,-.0037033081054688,2015,0,0,1,1,1,1,1,1,1,0,.0013146985269008,0,.0009281613922759,0,.0013146985269008,0,.000034917730169
Australia,AUS,2016,.7049276733398437,.4045999908447266,.0258846569061279,.1685088971458298,AUS,.4045999908447266,1,1,.0160343300508522,.0064874897917761,-.0146607229412738,-.0081732331494977,1,.0064874897917761,-.0081732331494977,0,0,.0057900238037109,2017,-.0010603332519531,2016,0,0,1,1,1,1,1,1,1,0,.0072032601612847,0,.005077777425956,0,.0072032601612847,0,.0001864539178804
Australia,AUS,2017,.6910182952880859,.4103900146484375,.0248239135742187,.1617828865241313,AUS,.4103900146484375,1,1,.0165503765987261,.0067921092947884,-.0153972148780942,-.0086051055833059,1,.0067921092947884,-.0086051055833059,0,0,.0055899810791016,2018,-.0139093780517578,2017,0,0,1,1,1,1,1,1,1,0,.0067713877274765,0,.0046791528041755,0,.0067713877274765,0,.0001680923437244
Australia,AUS,2018,.6957149505615234,.4159799957275391,.0237605333328247,.1504304168379034,AUS,.4159799957275391,1,1,.0170451830676954,.0070904551796751,-.0166402997997761,-.0095498446201011,1,.0070904551796751,-.0095498446201011,0,0,.0493099975585937,2019,.0046966552734375,2018,0,0,1,1,1,1,1,1,1,0,.0058266486906813,0,.0040536866057767,0,.0058266486906813,0,.0001384442804336
Australia,AUS,2019,.6934119415283203,.4652899932861328,.0238628768920898,,AUS,.4652899932861328,0,0,,,,,0,,,,0,.1038100051879883,2020,-.0023030090332031,2019,2,2,0,0,0,0,0,0,0,,,,,,,,
Australia,AUS,2020,.6805802154541015,.5690999984741211,.0251923823356628,,AUS,.5690999984741211,0,0,,,,,0,,,,0,-.0153799819946289,2021,-.0128317260742188,2020,2,2,0,0,0,0,0,0,0,,,,,,,,
Australia,AUS,2021,.6939528656005859,.5537200164794922,.0239012241363525,,AUS,.5537200164794922,0,0,,,,,0,,,,0,-.0532700347900391,2022,.0133726501464844,2021,2,2,0,0,0,0,0,0,0,,,,,,,,
Australia,AUS,2022,.6931456756591797,.5004499816894531,.0211473512649536,,AUS,.5004499816894531,0,0,,,,,0,,,,0,-.0062899780273437,2023,-.0008071899414062,2022,2,2,0,0,0,0,0,0,0,,,,,,,,
Australia,AUS,2023,.6933090972900391,.4941600036621094,.0201537108421326,,AUS,.4941600036621094,0,0,,,,,0,,,,0,,,.0001634216308594,2023,3,2,0,0,0,0,0,0,0,,,,,,,,
Austria,AUT,1995,.6027582168579102,.6823799896240235,.0650598573684692,.0735143113136291,AUT,.6823799896240235,0,0,,,,,0,,,,0,-.0005799865722657,1996,,,2,3,0,0,0,0,0,0,0,,,,,,,,
Austria,AUT,1996,.6091216278076171,.6818000030517578,.0645924663543701,.0778975284099579,AUT,.6818000030517578,0,0,,,,,0,,,,0,-.0480699920654297,1997,.0063634109497069,1996,2,2,0,0,0,0,0,0,0,,,,,,,,
Austria,AUT,1997,.6105945205688477,.6337300109863281,.0605323505401611,.1073175525665283,AUT,.6337300109863281,0,0,,,,,0,,,,0,.058239974975586,1998,.0014728927612305,1997,2,2,0,0,0,0,0,0,0,,,,,,,,
Austria,AUT,1998,.6114191055297852,.6919699859619141,.0556254482269287,.2325909328460694,AUT,.6919699859619141,0,0,,,,,0,,,,0,-.0785699844360351,1999,.0008245849609375,1998,2,2,0,0,0,0,0,0,0,,,,,,,,
Austria,AUT,1999,.6154182434082032,.6134000015258789,.0595141124725342,.1135143876075745,AUT,.6134000015258789,0,0,,,,,0,,,,0,.0476900100708008,2000,.003999137878418,1999,2,2,0,0,0,0,0,0,0,,,,,,,,
Austria,AUT,2000,.6191512298583984,.6610900115966797,.0561751747131348,.182256441116333,AUT,.6610900115966797,1,1,.0391132896273595,.0258574050933354,-.0131553796025796,.0127020254907558,1,.0258574050933354,.0127020254907558,0,0,.0112899780273438,2001,.0037329864501953,2000,0,0,1,1,1,1,1,1,1,0,.0280785188015382,0,.0173848494485745,0,.0280785188015382,0,.0015773156993624
Austria,AUT,2001,.6275384521484375,.6723799896240235,.0525800848007202,.0964376544952393,AUT,.6723799896240235,1,1,.0400684917700521,.0269412520805979,-.0225524572952981,.0043887947852998,1,.0269412520805979,.0043887947852998,0,0,.0020200347900391,2002,.0083872222900391,2001,0,0,1,1,1,1,1,1,1,0,.0197652880960822,0,.0124034782980834,0,.0197652880960822,0,.0010392605242027
Austria,AUT,2002,.634068717956543,.6744000244140625,.0520663118362427,.2171391296386719,AUT,.6744000244140625,1,1,.0403349107500241,.0272018647945553,-.0093357575002234,.0178661072943318,1,.0272018647945553,.0178661072943318,0,0,-.010279998779297,2003,.0065302658081055,2002,0,0,1,1,1,1,1,1,1,0,.0332426006051142,0,.0210780931472262,0,.0332426006051142,0,.0017308196093535
Austria,AUT,2003,.6313937377929687,.6641200256347656,.0485137414932251,.3156557559967041,AUT,.6641200256347656,1,1,.0394794623640711,.0262191015572737,.0014517218893232,.0276708234465969,1,.0262191015572737,.0276708234465969,0,0,-.005,2004,-.0026749801635743,2003,0,0,1,1,1,1,1,1,1,0,.0430473167573793,0,.0271798062293996,0,.0430473167573793,0,.0020883863971445
Austria,AUT,2004,.6373421859741211,.6591200256347656,.0465417718887329,.1080124831199646,AUT,.6591200256347656,1,1,.0388839853011338,.0256292133884652,-.021285024275688,.0043441891127772,1,.0256292133884652,.0043441891127772,0,0,.0351599884033204,2005,.0059484481811524,2004,0,0,1,1,1,1,1,1,1,0,.0197206824235596,0,.0125688228447329,0,.0197206824235596,0,.0009178355028475
Austria,AUT,2005,.6465612030029297,.6942800140380859,.0490587568283081,.1487309050559998,AUT,.6942800140380859,1,1,.0420749407104754,.0292117904271205,-.0168263947666597,.0123853956604608,1,.0292117904271205,.0123853956604608,0,0,-.0125199890136719,2006,.0092190170288087,2005,0,0,1,1,1,1,1,1,1,0,.0277618889712432,0,.0179497603308808,0,.0277618889712432,0,.0013619637601347
Austria,AUT,2006,.6764082336425781,.681760025024414,.0486421585083008,.2446134424209595,AUT,.681760025024414,1,1,.0410161732661282,.0279631873123213,-.0063273456834832,.0216358416288381,1,.0279631873123213,.0216358416288381,0,0,-.0236299896240234,2007,.0298470306396483,2006,0,0,1,1,1,1,1,1,1,0,.0370123349396205,0,.0250354480994962,0,.0370123349396205,0,.0018003598628953
Austria,AUT,2007,.6878566741943359,.6581300354003906,.0463464784622192,.3416373825073242,AUT,.6581300354003906,1,1,.0389589477998969,.0256400536947081,.0042966859410927,.0299367396358008,1,.0256400536947081,.0299367396358008,0,0,.0371499633789063,2008,.0114484405517579,2007,0,0,1,1,1,1,1,1,1,0,.0453132329465832,0,.03116900971163,0,.0453132329465832,0,.0021001087748123
Austria,AUT,2008,.6849156951904297,.6952799987792969,.0455634498596191,.1467699980735779,AUT,.6952799987792969,1,1,.0421635051076983,.0293154417798113,-.0170411122660269,.0122743295137844,1,.0293154417798113,.0122743295137844,0,0,.1122399902343749,2009,-.0029409790039062,2008,0,0,1,1,1,1,1,1,1,0,.0276508228245668,0,.0189384825374756,0,.0276508228245668,0,.0012598668793444
Austria,AUT,2009,.6682797241210937,.8075199890136718,.0470772314071655,.1696356773376465,AUT,.8075199890136718,1,1,.0522746824806351,.0422128510224557,-.0145373415533282,.0276755094691275,1,.0422128510224557,.0276755094691275,0,0,.029020004272461,2010,-.016635971069336,2009,0,0,1,1,1,1,1,1,1,0,.0430520027799099,0,.0287707805406187,0,.0430520027799099,0,.0020267690974118
Austria,AUT,2010,.6750405883789062,.8365399932861328,.0460811567306519,.0950453782081604,AUT,.8365399932861328,1,1,.0548324467970767,.0458695346754888,-.0227049102599056,.0231646244155831,1,.0458695346754888,.0231646244155831,0,0,-.0029799652099609,2011,.0067608642578125,2010,0,0,1,1,1,1,1,1,1,0,.0385411177263655,0,.0260168187867865,0,.0385411177263655,0,.0017760192865232
Austria,AUT,2011,.6754353332519532,.8335600280761719,.0448637914657593,.2468066883087158,AUT,.8335600280761719,1,1,.0546709581352103,.0455715253981371,-.0060871872890575,.0394843381090796,1,.0455715253981371,.0394843381090796,0,0,-.0042100524902344,2012,.0003947448730469,2011,0,0,1,1,1,1,1,1,1,0,.054860831419862,0,.0370549439525537,0,.054860831419862,0,.0024612649004589
Austria,AUT,2012,.6805509185791015,.8293499755859375,.0452830934524536,.2461418056488037,AUT,.8293499755859375,1,1,.0542918294786184,.045026927452608,-.0061599913248373,.0388669361277708,1,.045026927452608,.0388669361277708,0,0,-.0050399780273437,2013,.0051155853271484,2012,0,0,1,1,1,1,1,1,1,0,.0542434294385532,0,.036915415731288,0,.0542434294385532,0,.0024563102844476
Austria,AUT,2013,.6953206634521485,.8243099975585938,.0431049871444702,.13676518201828,AUT,.8243099975585938,1,1,.0537617398206088,.0443163396202718,-.0181366303626424,.0261797092576294,1,.0443163396202718,.0261797092576294,0,0,.0277899932861327,2014,.0147697448730469,2013,0,0,1,1,1,1,1,1,1,0,.0415562025684118,0,.02889488634042,0,.0415562025684118,0,.0017912795774844
Austria,AUT,2014,.7086733245849609,.8520999908447265,.0402393341064453,.2034397888183594,AUT,.8520999908447265,1,1,.0563080419580635,.0479800820369504,-.0108358226385933,.0371442593983571,1,.0479800820369504,.0371442593983571,0,0,.0040499877929687,2015,.0133526611328124,2014,0,0,1,1,1,1,1,1,1,0,.0525207527091395,0,.0372200564320905,0,.0525207527091395,0,.0021134001157851
Austria,AUT,2015,.7045801544189453,.8561499786376953,.0367173171043396,.3951092147827149,AUT,.8561499786376953,1,1,.0568068590845214,.0486351911916876,.0101518020764722,.0587869932681598,1,.0486351911916876,.0587869932681598,0,0,-.0219599914550781,2016,-.0040931701660156,2015,0,0,1,1,1,1,1,1,1,0,.0741634865789422,0,.0522541208260385,0,.0741634865789422,0,.0027230842542825
Austria,AUT,2016,.6877032470703125,.8341899871826172,.0342156624794006,.1762688827514649,AUT,.8341899871826172,1,1,.0546781006298661,.0456119240635978,-.013811011700861,.0318009123627368,1,.0456119240635978,.0318009123627368,0,0,-.0436199951171875,2017,-.0168769073486328,2016,0,0,1,1,1,1,1,1,1,0,.0471774056735192,0,.0324440550700326,0,.0471774056735192,0,.0016142061891789
Austria,AUT,2017,.6908674621582032,.7905699920654297,.0305637669563293,.1985770130157471,AUT,.7905699920654297,1,1,.0507704771442666,.0401376157131009,-.0113682920875168,.0287693236255841,1,.0401376157131009,.0287693236255841,0,0,-.0447100067138672,2018,.0031642150878907,2017,0,0,1,1,1,1,1,1,1,0,.0441458169363665,0,.0304989085117281,0,.0441458169363665,0,.0013492624609399
Austria,AUT,2018,.6908810424804688,.7458599853515625,.0266866445541382,.3868737411499024,AUT,.7458599853515625,1,1,.0468813393653939,.0349669150923343,.0092500253372419,.0442169404295762,1,.0349669150923343,.0442169404295762,0,0,-.0358000183105469,2019,.0000135803222656,2018,0,0,1,1,1,1,1,1,1,0,.0595934337403586,0,.0411719736275297,0,.0595934337403586,0,.0015903487839895
Austria,AUT,2019,.6861134338378906,.7100599670410156,.0237048983573914,,AUT,.7100599670410156,0,0,,,,,0,,,,0,.12177001953125,2020,-.0047676086425782,2019,2,2,0,0,0,0,0,0,0,,,,,,,,
Austria,AUT,2020,.6816719818115234,.8318299865722656,.0228476023674011,,AUT,.8318299865722656,0,0,,,,,0,,,,0,-.0078399658203124,2021,-.0044414520263671,2020,2,2,0,0,0,0,0,0,0,,,,,,,,
Austria,AUT,2021,.6798137664794922,.8239900207519532,.0178610455989838,,AUT,.8239900207519532,0,0,,,,,0,,,,0,-.0425800323486328,2022,-.0018582153320312,2021,2,2,0,0,0,0,0,0,0,,,,,,,,
Austria,AUT,2022,.6751003265380859,.7814099884033203,.0151750576496124,,AUT,.7814099884033203,0,0,,,,,0,,,,0,-.0038700103759766,2023,-.0047134399414063,2022,2,2,0,0,0,0,0,0,0,,,,,,,,
Austria,AUT,2023,.6761976623535156,.7775399780273438,.0154984080791473,,AUT,.7775399780273438,0,0,,,,,0,,,,0,,,.0010973358154297,2023,3,2,0,0,0,0,0,0,0,,,,,,,,
Belgium,BEL,1995,.5416709899902343,1.312859954833984,.1735083961486816,.1077463150024414,BEL,1.312859954833984,0,0,,,,,0,,,,0,-.0228199768066406,1996,,,2,3,0,0,0,0,0,0,0,,,,,,,,
Belgium,BEL,1996,.5461596298217773,1.290039978027344,.1627963829040527,.0454604530334473,BEL,1.290039978027344,0,0,,,,,0,,,,0,-.0473299407958985,1997,.004488639831543,1996,2,2,0,0,0,0,0,0,0,,,,,,,,
Belgium,BEL,1997,.5434723663330078,1.242710037231445,.1478028774261474,.1149104499816894,BEL,1.242710037231445,0,0,,,,,0,,,,0,-.0508500671386718,1998,-.0026872634887696,1997,2,2,0,0,0,0,0,0,0,,,,,,,,
Belgium,BEL,1998,.534102668762207,1.191859970092773,.1400648880004883,.1970947074890137,BEL,1.191859970092773,0,0,,,,,0,,,,0,-.038239974975586,1999,-.0093696975708008,1998,2,2,0,0,0,0,0,0,0,,,,,,,,
Belgium,BEL,1999,.5354909133911133,1.153619995117187,.1299951839447021,.1060533905029297,BEL,1.153619995117187,0,0,,,,,0,,,,0,-.0577300262451172,2000,.0013882446289063,1999,2,2,0,0,0,0,0,0,0,,,,,,,,
Belgium,BEL,2000,.5435758590698242,1.09588996887207,.1268882179260254,.1186828708648682,BEL,1.09588996887207,1,1,.0781755800981176,.0856718340402822,-.0201166266951792,.065555207345103,1,.0856718340402822,.065555207345103,0,0,-.0137199401855468,2001,.0080849456787109,2000,0,0,1,1,1,1,1,1,1,0,.0809317006558854,0,.0439925187100048,0,.0809317006558854,0,.0102692792699478
Belgium,BEL,2001,.5476517105102539,1.082170028686523,.1210594177246094,.0538129806518555,BEL,1.082170028686523,1,1,.0768960381594613,.0832145878209042,-.0272198196235672,.055994768197337,1,.0832145878209042,.055994768197337,0,0,-.027800064086914,2002,.0040758514404297,2001,0,0,1,1,1,1,1,1,1,0,.0713712615081194,0,.0390865934461962,0,.0713712615081194,0,.0086401633604438
Belgium,BEL,2002,.5555706024169922,1.054369964599609,.1076012802124023,.1801819610595703,BEL,1.054369964599609,1,1,.0744843466991089,.0785340579923645,-.0133825332484528,.0651515247439117,1,.0785340579923645,.0651515247439117,0,0,-.0377799987792968,2003,.0079188919067383,2002,0,0,1,1,1,1,1,1,1,0,.0805280180546941,0,.0447389995020928,0,.0805280180546941,0,.0086649178356525
Belgium,BEL,2003,.5480087661743164,1.016589965820313,.10064453125,.246009635925293,BEL,1.016589965820313,1,1,.0711325367532556,.0723126231067042,-.0061744637872124,.0661381593194918,1,.0723126231067042,.0661381593194918,0,0,-.0448899841308594,2004,-.0075618362426758,2003,0,0,1,1,1,1,1,1,1,0,.0815146526302742,0,.0446707442130446,0,.0815146526302742,0,.0082040040039805
Belgium,BEL,2004,.5491798782348633,.9716999816894532,.0911572933197022,.1100643730163574,BEL,.9716999816894532,1,1,.0669995937274873,.0651035039982002,-.0210603442314636,.0440431597667365,1,.0651035039982002,.0440431597667365,0,0,-.0202799987792969,2005,.0011711120605469,2004,0,0,1,1,1,1,1,1,1,0,.0594196530775189,0,.0326320778418697,0,.0594196530775189,0,.0054165347445423
Belgium,BEL,2005,.5431279373168946,.9514199829101563,.0822023677825928,.2029530143737793,BEL,.9514199829101563,1,1,.0652407712496883,.0620713734674238,-.0108891239896686,.0511822494777552,1,.0620713734674238,.0511822494777552,0,0,-.0364799499511719,2006,-.0060519409179687,2005,0,0,1,1,1,1,1,1,1,0,.0665587427885376,0,.0361499126811442,0,.0665587427885376,0,.0054712862538504
Belgium,BEL,2006,.5681457138061523,.9149400329589844,.076607723236084,.2516317367553711,BEL,.9149400329589844,1,1,.0619938521649651,.0567206571430676,-.0055588489506872,.0511618081923804,1,.0567206571430676,.0511618081923804,0,0,-.0416900634765626,2007,.0250177764892577,2006,0,0,1,1,1,1,1,1,1,0,.0665383015031629,0,.0378034508029634,0,.0665383015031629,0,.0050973477861534
Belgium,BEL,2007,.5743900680541992,.8732499694824218,.0740093374252319,.2569841766357422,BEL,.8732499694824218,1,1,.0582479083350041,.0508649841759573,-.0049727617385302,.0458922224374271,1,.0508649841759573,.0458922224374271,0,0,.0583500671386719,2008,.0062443542480469,2007,0,0,1,1,1,1,1,1,1,0,.0612687157482095,0,.0351921418082074,0,.0612687157482095,0,.0045344570574199
Belgium,BEL,2008,.5836947631835937,.9316000366210937,.070974235534668,.1052505302429199,BEL,.9316000366210937,1,1,.0633895321206281,.0590536904449711,-.0215874555589897,.0374662348859814,1,.0590536904449711,.0374662348859814,0,0,.0669299316406251,2009,.0093046951293945,2008,0,0,1,1,1,1,1,1,1,0,.0528427281967638,0,.0308440237207851,0,.0528427281967638,0,.0037504722373316
Belgium,BEL,2009,.5906165313720703,.9985299682617188,.071450400352478,.1163545894622803,BEL,.9985299682617188,1,1,.0694171608276638,.0693151153980658,-.0203715713534768,.048943544044589,1,.0693151153980658,.048943544044589,0,0,.0039200592041015,2010,.0069217681884766,2009,0,0,1,1,1,1,1,1,1,0,.0643200373553714,0,.0379884773605515,0,.0643200373553714,0,.0045956924197276
Belgium,BEL,2010,.583470344543457,1.00245002746582,.0658241081237793,.0410503625869751,BEL,1.00245002746582,1,1,.0697168765500805,.0698876848124594,-.0286173144873398,.0412703703251195,1,.0698876848124594,.0412703703251195,0,0,.0248999786376953,2011,-.0071461868286132,2010,0,0,1,1,1,1,1,1,1,0,.0566468636359019,0,.0330517650429459,0,.0566468636359019,0,.0037287292768426
Belgium,BEL,2011,.5844009017944336,1.027350006103516,.0631795358657837,.216796875,BEL,1.027350006103516,1,1,.07207981245508,.0740511957656667,-.0093732340663335,.0646779616993332,1,.0740511957656667,.0646779616993332,0,0,.0159999847412109,2012,.0009305572509766,2011,0,0,1,1,1,1,1,1,1,0,.0800544550101156,0,.0467838957005735,0,.0800544550101156,0,.0050578033115274
Belgium,BEL,2012,.5914220046997071,1.043349990844727,.0622784042358398,.1418199920654297,BEL,1.043349990844727,1,1,.0734662545615532,.0766510160241929,-.0175831333417078,.0590678826824851,1,.0766510160241929,.0590678826824851,0,0,.0069699859619141,2013,.0070211029052735,2012,0,0,1,1,1,1,1,1,1,0,.0744443759932675,0,.044028042088557,0,.0744443759932675,0,.0046362769411936
Belgium,BEL,2013,.5978520965576172,1.050319976806641,.0571883630752563,.0597315168380737,BEL,1.050319976806641,1,1,.074035525249918,.0777609911633614,-.0265717453899543,.0511892457734071,1,.0777609911633614,.0511892457734071,0,0,.015230026245117,2014,.0064300918579101,2013,0,0,1,1,1,1,1,1,1,0,.0665657390841895,0,.03979646667039,0,.0665657390841895,0,.0038067856551194
Belgium,BEL,2014,.610228157043457,1.065550003051758,.0566796207427979,.1776035499572754,BEL,1.065550003051758,1,1,.0754880953084068,.0804363401862443,-.0136648668773237,.0667714733089206,1,.0804363401862443,.0667714733089206,0,0,-.0098300170898438,2015,.0123760604858398,2014,0,0,1,1,1,1,1,1,1,0,.082147966619703,0,.0501290022752088,0,.082147966619703,0,.0046561155927968
Belgium,BEL,2015,.609809226989746,1.055719985961914,.0519589138031006,.2987656593322754,BEL,1.055719985961914,1,1,.07468901643566,.0788506873829641,-.0003977280603007,.0784529593226635,1,.0788506873829641,.0784529593226635,0,0,-.000970001220703,2016,-.000418930053711,2015,0,0,1,1,1,1,1,1,1,0,.0938294526334459,0,.0572180659792726,0,.0938294526334459,0,.0048752764415733
Belgium,BEL,2016,.6006997299194335,1.054749984741211,.0484228706359863,.1418662643432617,BEL,1.054749984741211,1,1,.0744916290008817,.0785700445520279,-.0175780665701193,.0609919779819086,1,.0785700445520279,.0609919779819086,0,0,-.0298999786376952,2017,-.0091094970703125,2016,0,0,1,1,1,1,1,1,1,0,.076368471292691,0,.0458745200798795,0,.076368471292691,0,.003697980606074
Belgium,BEL,2017,.5944580841064453,1.024850006103516,.0411334037780762,.1256502151489258,BEL,1.024850006103516,1,1,.0717909717486478,.0735749778347791,-.0193537089457325,.0542212688890465,1,.0735749778347791,.0542212688890465,0,0,-.0240699768066408,2018,-.0062416458129883,2017,0,0,1,1,1,1,1,1,1,0,.0695977621998289,0,.0413729523754063,0,.0695977621998289,0,.0028627928546161
Belgium,BEL,2018,.5869912719726562,1.000780029296875,.0367488288879395,.3289573287963867,BEL,1.000780029296875,1,1,.0697687835285667,.0698232052237263,.0029082317976472,.0727314370213735,1,.0698232052237263,.0727314370213735,0,0,-.0250500488281249,2019,-.0074668121337891,2018,0,0,1,1,1,1,1,1,1,0,.0881079303321559,0,.0517185860965504,0,.0881079303321559,0,.0032378632554469
Belgium,BEL,2019,.5866988372802734,.97572998046875,.035269501209259,,BEL,.97572998046875,0,0,,,,,0,,,,0,.1367200469970702,2020,-.0002924346923828,2019,2,2,0,0,0,0,0,0,0,,,,,,,,
Belgium,BEL,2020,.593534278869629,1.11245002746582,.0346027755737305,,BEL,1.11245002746582,0,0,,,,,0,,,,0,-.027040023803711,2021,.0068354415893556,2020,2,2,0,0,0,0,0,0,0,,,,,,,,
Belgium,BEL,2021,.5948916625976562,1.085410003662109,.0292306756973267,,BEL,1.085410003662109,0,0,,,,,0,,,,0,-.0540100097656249,2022,.0013573837280273,2021,2,2,0,0,0,0,0,0,0,,,,,,,,
Belgium,BEL,2022,.5946538543701172,1.031399993896484,.0262765073776245,,BEL,1.031399993896484,0,0,,,,,0,,,,0,-.0094899749755859,2023,-.000237808227539,2022,2,2,0,0,0,0,0,0,0,,,,,,,,
Belgium,BEL,2023,.5866808319091796,1.021910018920899,.0298378992080688,,BEL,1.021910018920899,0,0,,,,,0,,,,0,,,-.0079730224609376,2023,3,2,0,0,0,0,0,0,0,,,,,,,,
Bangladesh,BGD,1995,.3381054306030273,,.0625681686401367,.0669665822982788,BGD,,0,0,,,,,0,,,,,,,,,2,2,0,0,0,0,0,0,0,,,,,,,,
Bangladesh,BGD,1996,.3379502487182617,,.0977240562438965,.0746376142501831,BGD,,0,1,,,-.024939541521875,,0,,,,,,,-.0001551818847656,1996,2,1,0,0,0,0,0,0,0,,,,,,,,
Bangladesh,BGD,1997,.3401888656616211,,.0895822811126709,.0853927621841431,BGD,,0,1,,,-.0237618627791268,,0,,,,,,,.0022386169433594,1997,2,1,0,0,0,0,0,0,0,,,,,,,,
Bangladesh,BGD,1998,.3423096466064453,,.1124081802368164,.2015386505126953,BGD,,0,1,,,-.0110439955231833,,0,,,,,,,.0021207809448242,1998,2,1,0,0,0,0,0,0,0,,,,,,,,
Bangladesh,BGD,1999,.3360574340820313,,.1449096870422363,.159955207824707,BGD,,0,1,,,-.0155973440038024,,0,,,,,,,-.006252212524414,1999,2,1,0,0,0,0,0,0,0,,,,,,,,
Bangladesh,BGD,2000,.3298131942749024,,.1612947654724121,.1049652633666992,BGD,,0,1,,,-.0216186920178649,,0,,,,,,,-.0062442398071289,2000,2,1,0,0,0,0,0,0,0,,,,,,,,
Bangladesh,BGD,2001,.3250057601928711,,.1622548294067383,.1049342803955078,BGD,,0,1,,,-.0216220846245295,,0,,,,,,,-.0048074340820313,2001,2,1,0,0,0,0,0,0,0,,,,,,,,
Bangladesh,BGD,2002,.3195664024353027,,.1627127075195313,.1063368148803711,BGD,,0,1,,,-.0214685083967605,,0,,,,,,,-.0054393577575684,2002,2,1,0,0,0,0,0,0,0,,,,,,,,
Bangladesh,BGD,2003,.3143827819824219,.3704399871826172,.165486946105957,.0547964868545532,BGD,.3704399871826172,0,1,,,-.0271121266048017,,0,,,,0,-.0045899963378906,2004,-.0051836204528808,2003,1,1,0,0,0,1,0,1,0,,,,,,,,
Bangladesh,BGD,2004,.3080951881408691,.3658499908447266,.1547479438781738,.0977703475952148,BGD,.3658499908447266,0,1,,,-.0224065286345223,,0,,,,0,-.0102700042724609,2005,-.0062875938415528,2004,1,1,0,0,0,1,0,1,0,,,,,,,,
Bangladesh,BGD,2005,.3296775817871094,.3555799865722656,.1536113929748535,.1259833583831787,BGD,.3555799865722656,0,1,,,-.0193172300699719,,0,,,,0,-.0022599792480469,2006,.0215823936462403,2005,1,1,0,0,0,1,0,1,0,,,,,,,,
Bangladesh,BGD,2006,.4069097900390625,.3533200073242188,.1629276847839355,.2706847076416016,BGD,.3533200073242188,0,1,,,-.0034725662759447,,0,,,,0,-.0034300231933594,2007,.0772322082519531,2006,1,1,0,0,0,1,0,1,0,,,,,,,,
Bangladesh,BGD,2007,.420007209777832,.3498899841308594,.1763493537902832,.2039101505279541,BGD,.3498899841308594,0,1,,,-.0107843184668056,,0,,,,0,-.0111899948120117,2008,.0130974197387695,2007,1,1,0,0,0,1,0,1,0,,,,,,,,
Bangladesh,BGD,2008,.4260154342651367,.3386999893188476,.2188379287719727,.1640280628204346,BGD,.3386999893188476,0,1,,,-.0151513701520046,,0,,,,0,-.0086000061035156,2009,.0060082244873047,2008,1,1,0,0,0,1,0,1,0,,,,,,,,
Bangladesh,BGD,2009,.4274923324584961,.330099983215332,.230369815826416,.3927086791992188,BGD,.330099983215332,0,1,,,.0098889456522507,,0,,,,0,-.0338699913024902,2010,.0014768981933594,2009,1,1,0,0,0,1,0,1,0,,,,,,,,
Bangladesh,BGD,2010,.4545296096801758,.2962299919128418,.1852294540405273,.2085865440368652,BGD,.2962299919128418,0,1,,,-.0102722577065087,,0,,,,0,-.0022999954223633,2011,.0270372772216797,2010,1,1,0,0,0,1,0,1,0,,,,,,,,
Bangladesh,BGD,2011,.4574599838256836,.2939299964904785,.1605600929260254,.2510926513671875,BGD,.2939299964904785,0,1,,,-.0056178783016629,,0,,,,0,-.0031500053405762,2012,.0029303741455078,2011,1,1,0,0,0,1,0,1,0,,,,,,,,
Bangladesh,BGD,2012,.4589828491210938,.2907799911499023,.171025276184082,.1436235866546631,BGD,.2907799911499023,0,1,,,-.0173856414037709,,0,,,,0,-.0073399925231933,2013,.0015228652954102,2012,1,1,0,0,0,1,0,1,0,,,,,,,,
Bangladesh,BGD,2013,.4601432418823242,.283439998626709,.1774455642700195,.3128897247314453,BGD,.283439998626709,0,1,,,.0011488440262874,,0,,,,0,.003390007019043,2014,.0011603927612304,2013,1,1,0,0,0,1,0,1,0,,,,,,,,
Bangladesh,BGD,2014,.2541896057128906,.286830005645752,.1906013870239258,.2783358993530273,BGD,.286830005645752,0,1,,,-.0026347678662375,,0,,,,0,-.0047700119018554,2015,-.2059536361694336,2014,1,1,0,0,0,1,0,1,0,,,,,,,,
Bangladesh,BGD,2015,.2512384223937988,.2820599937438965,.2077194786071777,.2770775527954101,BGD,.2820599937438965,0,1,,,-.0027725556494475,,0,,,,0,-.0048600006103516,2016,-.0029511833190918,2015,1,1,0,0,0,1,0,1,0,,,,,,,,
Bangladesh,BGD,2016,.2672357940673828,.2771999931335449,.1890258407592773,.3493363304138184,BGD,.2771999931335449,1,1,.00470261878614,.0013035658952277,.0051397136099521,.0064432795051797,1,.0013035658952277,.0064432795051797,0,0,.0058600044250488,2017,.0159973716735839,2016,0,0,1,1,1,1,1,1,1,0,.0218197728159621,0,.0058310243148435,0,.0218197728159621,0,.0041245009017137
Bangladesh,BGD,2017,.2681285095214844,.2830599975585937,.1903817558288574,.3722387199401855,BGD,.2830599975585937,1,1,.0052457586707729,.001484864436542,.0076475040623898,.0091323684989318,1,.001484864436542,.0091323684989318,0,0,.0124699974060059,2018,.0008927154541016,2017,0,0,1,1,1,1,1,1,1,0,.0245088618097142,0,.0065715245871067,0,.0245088618097142,0,.0046660401447002
Bangladesh,BGD,2018,.2718373489379883,.2955299949645996,.1803647804260254,.2215741958618164,BGD,.2955299949645996,1,1,.00626157283588,.0018504825886581,-.0088501218543217,-.0069996392656636,1,.0018504825886581,-.0069996392656636,0,0,.0239800071716309,2019,.0037088394165039,2018,0,0,1,1,1,1,1,1,1,0,.0083768540451188,0,.0022771417960656,0,.0083768540451188,0,.0015108894405087
Bangladesh,BGD,2019,.2721469306945801,.3195100021362305,.2080058860778809,,BGD,.3195100021362305,0,0,,,,,0,,,,0,.0255799865722656,2020,.0003095817565918,2019,2,2,0,0,0,0,0,0,0,,,,,,,,
Bangladesh,BGD,2020,.277684440612793,.3450899887084961,.217170524597168,,BGD,.3450899887084961,0,0,,,,,0,,,,0,.0110499954223633,2021,.0055375099182129,2020,2,2,0,0,0,0,0,0,0,,,,,,,,
Bangladesh,BGD,2021,.2775041007995606,.3561399841308594,.2135227584838867,,BGD,.3561399841308594,0,0,,,,,0,,,,0,.022490005493164,2022,-.0001803398132324,2021,2,2,0,0,0,0,0,0,0,,,,,,,,
Bangladesh,BGD,2022,.2751653671264648,.3786299896240234,.2302809524536133,,BGD,.3786299896240234,0,0,,,,,0,,,,0,.0186300277709961,2023,-.0023387336730957,2022,2,2,0,0,0,0,0,0,0,,,,,,,,
Bangladesh,BGD,2023,.2793084907531738,.3972600173950195,.2489984130859375,,BGD,.3972600173950195,0,0,,,,,0,,,,0,,,.004143123626709,2023,3,2,0,0,0,0,0,0,0,,,,,,,,
Brazil,BRA,1995,.3485413360595703,,,.1555887231270472,BRA,,0,0,,,,,0,,,,,,,,,2,3,0,0,0,0,0,0,0,,,,,,,,
Brazil,BRA,1996,.3478354263305664,,,.0744999221677582,BRA,,0,1,,,-.0249546186774392,,0,,,,,,,-.0007059097290039,1996,2,2,0,0,0,0,0,0,0,,,,,,,,
Brazil,BRA,1997,.3489124298095703,,,.1980915781656901,BRA,,0,1,,,-.0114214467542319,,0,,,,,,,.0010770034790039,1997,2,2,0,0,0,0,0,0,0,,,,,,,,
Brazil,BRA,1998,.349815559387207,,,.3816166542967161,BRA,,0,1,,,.0086743791932935,,0,,,,,,,.0009031295776367,1998,2,2,0,0,0,0,0,0,0,,,,,,,,
Brazil,BRA,1999,.35512939453125,,,.1267287939449151,BRA,,0,1,,,-.0192356055660101,,0,,,,,,,.0053138351440429,1999,2,2,0,0,0,0,0,0,0,,,,,,,,
Brazil,BRA,2000,.3601982879638672,.6219800186157226,,.0790610781232516,BRA,.6219800186157226,0,1,,,-.0244551763225663,,0,,,,0,.0513299942016602,2001,.0050688934326172,2000,1,2,0,0,0,1,0,1,0,,,,,,,,
Brazil,BRA,2001,.3634035110473633,.6733100128173828,.1815929985046387,.2196992870648702,BRA,.6733100128173828,0,1,,,-.0090554226319877,,0,,,,0,.0876399993896485,2002,.0032052230834961,2001,1,1,0,0,0,1,0,1,0,,,,,,,,
Brazil,BRA,2002,.3680206680297852,.7609500122070313,.1860159683227539,.276491145714124,BRA,.7609500122070313,0,1,,,-.0028367666820124,,0,,,,0,-.0458100128173828,2003,.0046171569824219,2002,1,1,0,0,0,1,0,1,0,,,,,,,,
Brazil,BRA,2003,.3654304122924805,.7151399993896485,.249505386352539,.2835840474923452,BRA,.7151399993896485,0,1,,,-.0020601005031832,,0,,,,0,-.0348899841308594,2004,-.0025902557373047,2003,1,1,0,0,0,1,0,1,0,,,,,,,,
Brazil,BRA,2004,.36120849609375,.680250015258789,.190764045715332,.2055875586748123,BRA,.680250015258789,0,1,,,-.0106006438274983,,0,,,,0,-.0105599975585937,2005,-.0042219161987305,2004,1,1,0,0,0,1,0,1,0,,,,,,,,
Brazil,BRA,2005,.3689162063598633,.6696900177001953,.187732105255127,.4399134916623434,BRA,.6696900177001953,0,1,,,.0150578289195557,,0,,,,0,-.0237000274658203,2006,.0077077102661133,2005,1,1,0,0,0,1,0,1,0,,,,,,,,
Brazil,BRA,2006,.39958740234375,.645989990234375,.1691250610351563,.2765649000167847,BRA,.645989990234375,0,1,,,-.0028286906541453,,0,,,,0,-.0157399749755859,2007,.0306711959838867,2006,1,1,0,0,0,1,0,1,0,,,,,,,,
Brazil,BRA,2007,.4035470199584961,.6302500152587891,.1469807910919189,.3917538277308146,BRA,.6302500152587891,0,1,,,.0097843903003647,,0,,,,0,-.016050033569336,2008,.0039596176147461,2007,1,1,0,0,0,1,0,1,0,,,,,,,,
Brazil,BRA,2008,.4113357543945312,.6141999816894531,.1494017028808594,.2856233536720276,BRA,.6141999816894531,1,1,.0349684548204918,.0214776243104545,-.0018367983642899,.0196408259461647,1,.0214776243104545,.0196408259461647,0,0,.032820053100586,2009,.0077887344360352,2008,0,0,1,1,1,1,1,1,1,0,.0350173192569471,0,.0144038754334305,0,.0350173192569471,0,.0052316471273106
Brazil,BRA,2009,.425329818725586,.6470200347900391,.1416294860839844,.3587037102434548,BRA,.6470200347900391,1,1,.0379716690646587,.0245684306392513,.0061654330299311,.0307338636691825,1,.0245684306392513,.0307338636691825,0,0,-.0226900482177735,2010,.0139940643310547,2009,0,0,1,1,1,1,1,1,1,0,.0461103569799649,0,.0196121097756605,0,.0461103569799649,0,.0065305861622215
Brazil,BRA,2010,.4420712280273438,.6243299865722656,.1427618026733398,.5550639685420289,BRA,.6243299865722656,1,1,.0360687181424356,.0225187823135457,.0276666995432988,.0501854818568445,1,.0225187823135457,.0501854818568445,0,0,-.0179899978637694,2011,.0167414093017578,2010,0,0,1,1,1,1,1,1,1,0,.0655619751676269,0,.0289830628742511,0,.0655619751676269,0,.0093597457617552
Brazil,BRA,2011,.4443529891967773,.6063399887084961,.1495658779144287,.3245687044848999,BRA,.6063399887084961,1,1,.0342888483872414,.0207906999439473,.0024276814980808,.0232183814420281,1,.0207906999439473,.0232183814420281,0,0,.0097999954223632,2012,.0022817611694336,2011,0,0,1,1,1,1,1,1,1,0,.0385948747528105,0,.0171497479640866,0,.0385948747528105,0,.0057724763254015
Brazil,BRA,2012,.4426295471191406,.6161399841308594,.1237079906463623,.4521654466629028,BRA,.6161399841308594,1,1,.0352598555878384,.0217250068623472,.016399406650505,.0381244135128522,1,.0217250068623472,.0381244135128522,0,0,-.0201899719238281,2013,-.0017234420776367,2012,0,0,1,1,1,1,1,1,1,0,.0535009068236346,0,.0236810821578087,0,.0535009068236346,0,.0066184896809101
Brazil,BRA,2013,.4408302688598633,.5959500122070313,.1359260654449463,.2783861301342647,BRA,.5959500122070313,1,1,.0333219296077134,.0198582043564787,-.0026292676421905,.0172289367142881,1,.0198582043564787,.0172289367142881,0,0,.0202199935913085,2014,-.0017992782592773,2013,0,0,1,1,1,1,1,1,1,0,.0326054300250705,0,.0143734604842433,0,.0326054300250705,0,.0044319278154484
Brazil,BRA,2014,.354705924987793,.6161700057983398,.1529073715209961,.321486188394052,BRA,.6161700057983398,1,1,.0351708190550293,.0216712037810698,.0020901488396123,.0237613526206821,1,.0216712037810698,.0237613526206821,0,0,.1011300277709961,2015,-.0861243438720703,2014,0,0,1,1,1,1,1,1,1,0,.0391378459314645,0,.0138824258431498,0,.0391378459314645,0,.0059844651483739
Brazil,BRA,2015,.3466515350341797,.7173000335693359,.2283453941345215,.7333687432607015,BRA,.7173000335693359,1,1,.0445558301581078,.0319598984681204,.0471909073185949,.0791508057867153,1,.0319598984681204,.0791508057867153,0,0,.0569199371337891,2016,-.0080543899536133,2015,0,0,1,1,1,1,1,1,1,0,.0945272990974977,0,.0327680333347826,0,.0945272990974977,0,.0215848733688899
Brazil,BRA,2016,.3500536727905273,.774219970703125,.1594956302642822,.7253666537415748,BRA,.774219970703125,1,1,.0496697241822393,.0384552924012056,.04631468592377,.0847699783249756,1,.0384552924012056,.0847699783249756,0,0,.0532300567626953,2017,.0034021377563477,2016,0,0,1,1,1,1,1,1,1,0,.100146471635758,0,.0350566402131094,0,.100146471635758,0,.0159729246122893
Brazil,BRA,2017,.3438246154785156,.8274500274658203,.1746586608886719,.3764059744113619,BRA,.8274500274658203,1,1,.0542123890861139,.0448580428382927,.0081038145693639,.0529618574076566,1,.0448580428382927,.0529618574076566,0,0,.0203199768066407,2018,-.0062290573120117,2017,0,0,1,1,1,1,1,1,1,0,.068338350718439,0,.0234964071582032,0,.068338350718439,0,.011935884823823
Brazil,BRA,2018,.3416569519042969,.847770004272461,.1646366119384766,.4790231366936429,BRA,.847770004272461,1,1,.0561120522232598,.0475701147530495,.0193402988467573,.0669104135998068,1,.0475701147530495,.0669104135998068,0,0,.0234099578857422,2019,-.0021676635742187,2018,0,0,1,1,1,1,1,1,1,0,.0822869069105892,0,.0281138937967045,0,.0822869069105892,0,.0135474375606562
Brazil,BRA,2019,.3472995758056641,.8711799621582031,.1250785636901856,,BRA,.8711799621582031,0,0,,,,,0,,,,0,.0888900756835938,2020,.0056426239013672,2019,2,2,0,0,0,0,0,0,0,,,,,,,,
Brazil,BRA,2020,.3518060302734375,.9600700378417969,.1187250328063965,,BRA,.9600700378417969,0,0,,,,,0,,,,0,-.0707300567626953,2021,.0045064544677734,2020,2,2,0,0,0,0,0,0,0,,,,,,,,
Brazil,BRA,2021,.3500420379638672,.8893399810791016,.1221515655517578,,BRA,.8893399810791016,0,0,,,,,0,,,,0,-.0499499511718751,2022,-.0017639923095703,2021,2,2,0,0,0,0,0,0,0,,,,,,,,
Brazil,BRA,2022,.3504119110107422,.8393900299072266,.1335325813293457,,BRA,.8393900299072266,0,0,,,,,0,,,,0,.0006199645996093,2023,.000369873046875,2022,2,2,0,0,0,0,0,0,0,,,,,,,,
Brazil,BRA,2023,.3504664611816406,.8400099945068359,.1474585723876953,,BRA,.8400099945068359,0,0,,,,,0,,,,0,,,.0000545501708984,2023,3,2,0,0,0,0,0,0,0,,,,,,,,
Canada,CAN,1995,.5884635162353515,1.000839996337891,.1319682788848877,.0847539966310873,CAN,1.000839996337891,0,0,,,,,0,,,,0,.0016000366210938,1996,,,2,3,0,0,0,0,0,0,0,,,,,,,,
Canada,CAN,1996,.5902402496337891,1.002440032958984,.1213239574432373,.0514708370247553,CAN,1.002440032958984,0,0,,,,,0,,,,0,-.0497200012207032,1997,.0017767333984375,1996,2,2,0,0,0,0,0,0,0,,,,,,,,
Canada,CAN,1997,.5936422348022461,.9527200317382812,.1076042461395264,.0586324894337287,CAN,.9527200317382812,0,0,,,,,0,,,,0,-.0198200225830077,1998,.003401985168457,1997,2,2,0,0,0,0,0,0,0,,,,,,,,
Canada,CAN,1998,.5909560775756836,.9329000091552735,.1068910884857178,.1379415087887021,CAN,.9329000091552735,0,0,,,,,0,,,,0,-.043239974975586,1999,-.0026861572265625,1998,2,2,0,0,0,0,0,0,0,,,,,,,,
Canada,CAN,1999,.5985620498657227,.8896600341796875,.0945220947265625,.0781093518089416,CAN,.8896600341796875,0,0,,,,,0,,,,0,-.0852900695800781,2000,.0076059722900391,1999,2,2,0,0,0,0,0,0,0,,,,,,,,
Canada,CAN,2000,.604507942199707,.8043699645996094,.0698891115188599,.0608704636174492,CAN,.8043699645996094,1,1,.0519150088541226,.041758873834179,-.0264470317719336,.0153118420622454,1,.041758873834179,.0153118420622454,0,0,.010250015258789,2001,.0059458923339843,2000,0,0,1,1,1,1,1,1,1,0,.0306883353730278,0,.0185513424658835,0,.0306883353730278,0,.0021447804932137
Canada,CAN,2001,.6052193450927734,.8146199798583984,.068480978012085,.064697134700972,CAN,.8146199798583984,1,1,.0528396053784759,.0430441982691397,-.0260280148306302,.0170161834385096,1,.0430441982691397,.0170161834385096,0,0,-.0185800170898437,2002,.0007114028930664,2001,0,0,1,1,1,1,1,1,1,0,.032392676749292,0,.0196046746080084,0,.032392676749292,0,.0022182821842208
Canada,CAN,2002,.6059158325195313,.7960399627685547,.0620019912719727,.1049826181887887,CAN,.7960399627685547,1,1,.0511967558248784,.040754663600707,-.0216167916809114,.0191378719197956,1,.040754663600707,.0191378719197956,0,0,-.036919937133789,2003,.0006964874267579,2002,0,0,1,1,1,1,1,1,1,0,.034514365230578,0,.0209128003425688,0,.034514365230578,0,.002139959371784
Canada,CAN,2003,.6045864868164063,.7591200256347657,.044135594367981,.0821316169444905,CAN,.7591200256347657,1,1,.0478600494521135,.0363315219669695,-.0241189551640327,.0122125668029368,1,.0363315219669695,.0122125668029368,0,0,-.0402300262451172,2004,-.001329345703125,2003,0,0,1,1,1,1,1,1,1,0,.0275890601137192,0,.0166799729287201,0,.0275890601137192,0,.001217659566173
Canada,CAN,2004,.6190090560913086,.7188899993896485,.0373414874076843,.030651723030294,CAN,.7188899993896485,1,1,.0442055285052722,.0317789123601742,-.0297559558927951,.0020229564673791,1,.0317789123601742,.0020229564673791,0,0,-.0124900054931641,2005,.0144225692749024,2004,0,0,1,1,1,1,1,1,1,0,.0173994497781615,0,.0107704169836879,0,.0173994497781615,0,.0006497213347919
Canada,CAN,2005,.6315751647949219,.7063999938964843,.0244298052787781,.1139982598465542,CAN,.7063999938964843,1,1,.0431406575845207,.0304745602543958,-.0206295872651488,.0098449729892469,1,.0304745602543958,.0098449729892469,0,0,-.0072000122070313,2006,.0125661087036133,2005,0,0,1,1,1,1,1,1,1,0,.0252214663000293,0,.0159292517348106,0,.0252214663000293,0,.000616155510555
Canada,CAN,2006,.6763046264648438,.6991999816894531,.0143993282318115,.136885503922091,CAN,.6991999816894531,1,1,.0425091385764176,.0297223889142656,-.0181234552255569,.0115989336887087,1,.0297223889142656,.0115989336887087,0,0,-.0273899841308594,2007,.0447294616699219,2006,0,0,1,1,1,1,1,1,1,0,.0269754269994911,0,.0182436060806205,0,.0269754269994911,0,.0003884280275589
Canada,CAN,2007,.6766651153564454,.6718099975585937,.0135848677158356,.0513221099539552,CAN,.6718099975585937,1,1,.0399855542765324,.0268626951208963,-.027492567659193,-.0006298725382967,1,.0268626951208963,-.0006298725382967,0,0,.0317500305175782,2008,.0003604888916016,2007,0,0,1,1,1,1,1,1,1,0,.0147466207724857,0,.0099785238461318,0,.0147466207724857,0,.0002003308924498
Canada,CAN,2008,.6806037139892578,.7035600280761719,.007238193154335,.042644873766965,CAN,.7035600280761719,1,1,.0428351344266542,.0301370883798634,-.028442716989167,.0016943713906965,1,.0301370883798634,.0016943713906965,0,0,.114469985961914,2009,.0039385986328124,2008,0,0,1,1,1,1,1,1,1,0,.0170708647014789,0,.0116184939168346,0,.0170708647014789,0,.0001235622160208
Canada,CAN,2009,.6822867584228516,.818030014038086,.0279470896720886,.0916741042254969,CAN,.818030014038086,1,1,.0531652495954377,.0434907698728943,-.0230740616402252,.020416708232669,1,.0434907698728943,.020416708232669,0,0,.021719970703125,2010,.0016830444335938,2009,0,0,1,1,1,1,1,1,1,0,.0357932015434514,0,.0244212274546573,0,.0357932015434514,0,.001000315813186
Canada,CAN,2010,.6624671173095703,.839749984741211,.0218650531768799,.2044398345919543,CAN,.839749984741211,1,1,.055197955726609,.046352482479166,-.0107263185521252,.0356261639270408,1,.046352482479166,.0356261639270408,0,0,.0030899810791015,2011,-.0198196411132813,2010,0,0,1,1,1,1,1,1,1,0,.0510026572378232,0,.0337875833154688,0,.0510026572378232,0,.0011151758126672
Canada,CAN,2011,.6702055358886718,.8428399658203125,.0158883631229401,.0984732322914656,CAN,.8428399658203125,1,1,.0554014873255994,.0466945876839026,-.0223295634109419,.0243650242729608,1,.0466945876839026,.0243650242729608,0,0,.0273100280761719,2012,.0077384185791015,2011,0,0,1,1,1,1,1,1,1,0,.0397415175837432,0,.0266349850892417,0,.0397415175837432,0,.0006314276624272
Canada,CAN,2012,.6688584899902343,.8701499938964844,.0183063387870789,.1033031335005233,CAN,.8701499938964844,1,1,.0578612053344277,.0503479274685955,-.0218006936995806,.0285472337690149,1,.0503479274685955,.0285472337690149,0,0,.0068800354003906,2013,-.0013470458984375,2012,0,0,1,1,1,1,1,1,1,0,.0439237270797973,0,.0293787577693364,0,.0439237270797973,0,.000804082628714
Canada,CAN,2013,.6711984252929688,.877030029296875,.0130244886875153,.0868393842330159,CAN,.877030029296875,1,1,.0584684541736238,.0512785900768363,-.0236034590039106,.0276751310729257,1,.0512785900768363,.0276751310729257,0,0,-.0194800567626954,2014,.0023399353027345,2013,0,0,1,1,1,1,1,1,1,0,.0430516243837081,0,.0288961824926493,0,.0430516243837081,0,.0005607253947648
Canada,CAN,2014,.683747787475586,.8575499725341796,.0071604615449905,.0357150971438996,CAN,.8575499725341796,1,1,.0566804833617991,.0486063469501349,-.0292015211145113,.0194048258356236,1,.0486063469501349,.0194048258356236,0,0,.0652799987792969,2015,.0125493621826172,2014,0,0,1,1,1,1,1,1,1,0,.034781319146406,0,.0237816500118373,0,.034781319146406,0,.0002490502982319
Canada,CAN,2015,.6755619049072266,.9228299713134765,.0162674880027771,.0883429142936718,CAN,.9228299713134765,1,1,.0625888629212961,.0577588785742028,-.0234388238540838,.034320054720119,1,.0577588785742028,.034320054720119,0,0,.0019499969482422,2016,-.0081858825683594,2015,0,0,1,1,1,1,1,1,1,0,.0496965480309014,0,.0335730946550692,0,.0496965480309014,0,.0008084379988721
Canada,CAN,2016,.6648044586181641,.9247799682617187,.0144913148880005,.1004043545140777,CAN,.9247799682617187,1,1,.0627727173035152,.0580509515156467,-.0221181073152021,.0359328442004446,1,.0580509515156467,.0359328442004446,0,0,-.0148899841308593,2017,-.0107574462890625,2016,0,0,1,1,1,1,1,1,1,0,.051309337511227,0,.0341106763462079,0,.051309337511227,0,.0007435397665699
Canada,CAN,2017,.6612613677978516,.9098899841308594,.0049822768568993,.0924504356380812,CAN,.9098899841308594,1,1,.0614278938656316,.0558926253745917,-.0229890540691958,.0329035713053959,1,.0558926253745917,.0329035713053959,0,0,-.0023300170898438,2018,-.0035430908203125,2017,0,0,1,1,1,1,1,1,1,0,.0482800646161783,0,.0319257415654627,0,.0482800646161783,0,.0002405446485868
Canada,CAN,2018,.6523718261718749,.9075599670410156,.0024864706397057,.043928163680783,CAN,.9075599670410156,1,1,.0611842641089755,.0555283887181706,-.028302197931543,.0272261907866276,1,.0555283887181706,.0272261907866276,0,0,-.0064599609375,2019,-.0088895416259767,2018,0,0,1,1,1,1,1,1,1,0,.04260268409741,0,.0277927908244509,0,.04260268409741,0,.0001059303231809
Canada,CAN,2019,.6497476196289063,.9011000061035156,.0029823523759842,,CAN,.9011000061035156,0,0,,,,,0,,,,0,.279540023803711,2020,-.0026242065429687,2019,2,2,0,0,0,0,0,0,0,,,,,,,,
Canada,CAN,2020,.6430863189697266,1.180640029907227,.0119286215305328,,CAN,1.180640029907227,0,0,,,,,0,,,,0,-.0545800018310547,2021,-.0066613006591797,2020,2,2,0,0,0,0,0,0,0,,,,,,,,
Canada,CAN,2021,.6477869415283203,1.126060028076172,-.0151600885391235,,CAN,1.126060028076172,0,0,,,,,0,,,,0,-.0906500244140624,2022,.0047006225585937,2021,2,2,0,0,0,0,0,0,0,,,,,,,,
Canada,CAN,2022,.6462629699707031,1.035410003662109,-.0099926882982254,,CAN,1.035410003662109,0,0,,,,,0,,,,0,.0152999877929687,2023,-.0015239715576172,2022,2,2,0,0,0,0,0,0,0,,,,,,,,
Canada,CAN,2023,.6452219390869141,1.050709991455078,.0029775482416153,,CAN,1.050709991455078,0,0,,,,,0,,,,0,,,-.001041030883789,2023,3,2,0,0,0,0,0,0,0,,,,,,,,
Switzerland,CHE,1995,.6113742828369141,.4927399826049805,.0257473707199097,.0765677690505981,CHE,.4927399826049805,0,0,,,,,0,,,,0,.0128499984741211,1996,,,2,3,0,0,0,0,0,0,0,,,,,,,,
Switzerland,CHE,1996,.6124776840209961,.5055899810791016,.0248375868797302,.06921897093455,CHE,.5055899810791016,0,0,,,,,0,,,,0,.0238400268554687,1997,.001103401184082,1996,2,2,0,0,0,0,0,0,0,,,,,,,,
Switzerland,CHE,1997,.6172907638549805,.5294300079345703,.0276019740104675,.1217979240417481,CHE,.5294300079345703,0,0,,,,,0,,,,0,.0234799957275391,1998,.0048130798339844,1997,2,2,0,0,0,0,0,0,0,,,,,,,,
Switzerland,CHE,1998,.6224048233032227,.5529100036621094,.029767472743988,.2460598882039388,CHE,.5529100036621094,0,0,,,,,0,,,,0,-.0332600021362305,1999,.0051140594482422,1998,2,2,0,0,0,0,0,0,0,,,,,,,,
Switzerland,CHE,1999,.6293922805786133,.5196500015258789,.0345765972137451,.1225872675577799,CHE,.5196500015258789,0,0,,,,,0,,,,0,-.0030900192260742,2000,.0069874572753906,1999,2,2,0,0,0,0,0,0,0,,,,,,,,
Switzerland,CHE,2000,.6364269638061524,.5165599822998047,.0303869128227234,.1370333194732666,CHE,.5165599822998047,0,0,,,,,0,,,,0,-.0120299911499023,2001,.0070346832275391,2000,2,2,0,0,0,0,0,0,0,,,,,,,,
Switzerland,CHE,2001,.6389656829833984,.5045299911499024,.028369472026825,.110632537206014,CHE,.5045299911499024,0,0,,,,,0,,,,0,.0641400146484374,2002,.002538719177246,2001,2,2,0,0,0,0,0,0,0,,,,,,,,
Switzerland,CHE,2002,.641792221069336,.5686700057983398,.0298713517189026,.1909945678710938,CHE,.5686700057983398,0,0,,,,,0,,,,0,-.0068199920654297,2003,.0028265380859376,2002,2,2,0,0,0,0,0,0,0,,,,,,,,
Switzerland,CHE,2003,.6385457611083984,.5618500137329101,.0280133390426636,.3745765050252279,CHE,.5618500137329101,0,0,,,,,0,,,,0,.00875,2004,-.0032464599609375,2003,2,2,0,0,0,0,0,0,0,,,,,,,,
Switzerland,CHE,2004,.6394438934326172,.5706000137329101,.0276453471183777,.1246005090077718,CHE,.5706000137329101,0,0,,,,,0,,,,0,-.0297200012207031,2005,.0008981323242188,2004,2,2,0,0,0,0,0,0,0,,,,,,,,
Switzerland,CHE,2005,.6514859771728516,.5408800125122071,.0274669051170349,.1998368581136068,CHE,.5408800125122071,1,1,.0283136642604082,.015314295079436,-.0112303402155375,.0040839548638985,1,.015314295079436,.0040839548638985,0,0,-.0633800125122071,2006,.0120420837402344,2005,0,0,1,1,1,1,1,1,1,0,.0194604481746809,0,.0126782090953036,0,.0194604481746809,0,.0005345182835489
Switzerland,CHE,2006,.6941594696044922,.4775,.0254352474212646,.2542373847961426,CHE,.4775,1,1,.0226513077086333,.0108159994308724,-.0052735329022662,.0055424665286062,1,.0108159994308724,.0055424665286062,0,0,-.0374000167846679,2007,.0426734924316405,2006,0,0,1,1,1,1,1,1,1,0,.0209189598393886,0,.0145210940667877,0,.0209189598393886,0,.0005320789193103
Switzerland,CHE,2007,.7042134857177734,.4400999832153321,.0178682661056519,.3339744186401367,CHE,.4400999832153321,1,1,.0193434385874857,.0085130469976793,.0034575984912271,.0119706454889063,1,.0085130469976793,.0119706454889063,0,0,.0021600341796875,2008,.0100540161132813,2007,0,0,1,1,1,1,1,1,1,0,.0273471387996887,0,.0192582239385366,0,.0273471387996887,0,.000488645953301
Switzerland,CHE,2008,.7046092224121093,.4422600173950195,.0161059749126434,.133612060546875,CHE,.4422600173950195,1,1,.0193970628431444,.0085785453504213,-.0184818942449226,-.0099033488945012,1,.0085785453504213,-.0099033488945012,0,0,-.0186000061035156,2009,.0003957366943359,2008,0,0,1,1,1,1,1,1,1,0,.0054731444162812,0,.0038564280313051,0,.0054731444162812,0,.0000881503266619
Switzerland,CHE,2009,.697950439453125,.4236600112915039,.0152967894077301,.1712513319651286,CHE,.4236600112915039,1,1,.0177505577920901,.0075202015146274,-.0143604288672274,-.0068402273526,1,.0075202015146274,-.0068402273526,0,0,-.0166699981689453,2010,-.0066587829589844,2009,0,0,1,1,1,1,1,1,1,0,.0085362659581824,0,.0059578905768021,0,.0085362659581824,0,.0001305774626907
Switzerland,CHE,2010,.7124388885498046,.4069900131225586,.01486607670784,.0703048578898112,CHE,.4069900131225586,1,1,.0161803550418753,.0065852429108205,-.0254139743325112,-.0188287314216907,1,.0065852429108205,-.0188287314216907,0,0,.0053799819946289,2011,.0144884490966797,2010,0,0,1,1,1,1,1,1,1,.0034522381109083,0,.0024595086827448,0,.0034522381109083,0,.0000513212365705,0
Switzerland,CHE,2011,.7084923553466796,.4123699951171875,.0122984504699707,.279445743560791,CHE,.4123699951171875,1,1,.0168110598920479,.0069323766855985,-.0025132409528681,.0044191357327304,1,.0069323766855985,.0044191357327304,0,0,.0061999893188476,2012,-.003946533203125,2011,0,0,1,1,1,1,1,1,1,0,.0197956290435128,0,.0140250518466075,0,.0197956290435128,0,.0002434555633136
Switzerland,CHE,2012,.7095062255859375,.4185699844360352,.0115782082080841,.2283347702026367,CHE,.4185699844360352,1,1,.017332821477551,.0072549988160911,-.0081098452222529,-.0008548464061618,1,.0072549988160911,-.0008548464061618,0,0,-.006349983215332,2013,.0010138702392578,2012,0,0,1,1,1,1,1,1,1,0,.0145216469046206,0,.010303198884589,0,.0145216469046206,0,.000168134651386
Switzerland,CHE,2013,.7170462799072266,.4122200012207031,.0080205428600311,.1013433774312337,CHE,.4122200012207031,1,1,.0166725413510648,.0068727550160882,-.0220152851750253,-.0151425301589371,1,.0068727550160882,-.0151425301589371,0,0,.0002199935913086,2014,.0075400543212891,2013,0,0,1,1,1,1,1,1,1,0,.0002339631518453,0,.000167762407666,0,.0002339631518453,0,1.87651148704e-06
Switzerland,CHE,2014,.7278459930419922,.4124399948120117,.0074436140060425,.1982884788513184,CHE,.4124399948120117,1,1,.0167603834821277,.0069126524764161,-.0113998863114262,-.0044872338350102,1,.0069126524764161,-.0044872338350102,0,0,.0019599914550781,2015,.0107997131347656,2014,0,0,1,1,1,1,1,1,1,0,.0108892594757722,0,.0079257038766354,0,.0108892594757722,0,.0000810554443493
Switzerland,CHE,2015,.7259014892578125,.4143999862670898,.0070548367500305,.3960005060831706,CHE,.4143999862670898,1,1,.0170754633807046,.0070760717904682,.0102493976488054,.0173254694392736,1,.0070760717904682,.0173254694392736,0,0,-.0113800048828125,2016,-.0019445037841797,2015,0,0,1,1,1,1,1,1,1,0,.032701962750056,0,.0237384034619192,0,.032701962750056,0,.0002307070086072
Switzerland,CHE,2016,.7113080596923829,.4030199813842774,.0053775137662888,.1905670166015625,CHE,.4030199813842774,1,1,.0159077051114489,.0064111230178827,-.0122453792800312,-.0058342562621485,1,.0064111230178827,-.0058342562621485,0,0,.0077900314331055,2017,-.0145934295654296,2016,0,0,1,1,1,1,1,1,1,0,.0095422370486339,0,.0067874701201885,0,.0095422370486339,0,.0000513135110902
Switzerland,CHE,2017,.7016857147216797,.4108100128173828,.0042993822693825,.253046449025472,CHE,.4108100128173828,1,1,.016652219170017,.0068408983706726,-.0054039392667076,.0014369591039649,1,.0068408983706726,.0014369591039649,0,0,-.0211899948120117,2018,-.0096223449707031,2017,0,0,1,1,1,1,1,1,1,0,.0168134524147473,0,.0117977593745809,0,.0168134524147473,0,.0000722874591991
Switzerland,CHE,2018,.6972866821289062,.3896200180053711,.0027205836772919,.3644027455647787,CHE,.3896200180053711,1,1,.0148245138147927,.0057759273394404,.0067894721220297,.0125653994614701,1,.0057759273394404,.0125653994614701,0,0,-.0013100051879883,2019,-.0043990325927735,2018,0,0,1,1,1,1,1,1,1,0,.0279418927722525,0,.0194835097035656,0,.0279418927722525,0,.0000760182573888
Switzerland,CHE,2019,.6965987396240234,.3883100128173828,.0015629789233208,,CHE,.3883100128173828,0,0,,,,,0,,,,0,.0355199813842774,2020,-.0006879425048828,2019,2,2,0,0,0,0,0,0,0,,,,,,,,
Switzerland,CHE,2020,.6917594909667969,.4238299942016602,.0019496101140976,,CHE,.4238299942016602,0,0,,,,,0,,,,0,-.0264099884033203,2021,-.0048392486572265,2020,2,2,0,0,0,0,0,0,0,,,,,,,,
Switzerland,CHE,2021,.6890492248535156,.3974200057983399,.0039271366596222,,CHE,.3974200057983399,0,0,,,,,0,,,,0,-.0384300231933594,2022,-.0027102661132813,2021,2,2,0,0,0,0,0,0,0,,,,,,,,
Switzerland,CHE,2022,.6895353698730469,.3589899826049805,.0029106554389,,CHE,.3589899826049805,0,0,,,,,0,,,,0,.0137200164794922,2023,.0004861450195313,2022,2,2,0,0,0,0,0,0,0,,,,,,,,
Switzerland,CHE,2023,.6913300323486328,.3727099990844727,.0034129694104195,,CHE,.3727099990844727,0,0,,,,,0,,,,0,,,.0017946624755859,2023,3,2,0,0,0,0,0,0,0,,,,,,,,
Chile,CHL,1995,.4421100997924804,.1725,.0424796009063721,.0212694171965122,CHL,.1725,0,0,,,,,0,,,,0,-.0266600036621094,1996,,,1,2,0,0,0,1,0,0,0,,,,,,,,
Chile,CHL,1996,.4435077285766602,.1458399963378906,.0327226281166077,.0239025537769,CHL,.1458399963378906,0,1,,,-.0304949836783483,,0,,,,0,-.0180399990081787,1997,.0013976287841797,1996,1,1,0,0,0,1,0,1,0,,,,,,,,
Chile,CHL,1997,.4358071136474609,.1277999973297119,.0287343621253967,.1570662151376407,CHL,.1277999973297119,0,1,,,-.015913686028701,,0,,,,0,-.0066499996185303,1998,-.0077006149291992,1997,1,1,0,0,0,1,0,1,0,,,,,,,,
Chile,CHL,1998,.4304037475585937,.1211499977111816,.0227395057678223,.0789594574371974,CHL,.1211499977111816,0,1,,,-.0244663036936191,,0,,,,0,.0116200065612793,1999,-.0054033660888672,1998,1,1,0,0,0,1,0,1,0,,,,,,,,
Chile,CHL,1999,.4410421371459961,.1327700042724609,.0249596309661865,.0039705919303621,CHL,.1327700042724609,0,1,,,-.0326775150495642,,0,,,,0,-.0013100051879883,2000,.0106383895874024,1999,1,1,0,0,0,1,0,1,0,,,,,,,,
Chile,CHL,2000,.4530197525024414,.1314599990844726,.0287685441970825,.0028993755479654,CHL,.1314599990844726,0,1,,,-.0327948122518136,,0,,,,0,.0120199966430664,2001,.0119776153564453,2000,1,1,0,0,0,1,0,1,0,,,,,,,,
Chile,CHL,2001,.4592436218261719,.1434799957275391,.0201877737045288,.0105046554207802,CHL,.1434799957275391,0,1,,,-.0319620411459338,,0,,,,0,.0069700050354004,2002,.0062238693237305,2001,1,1,0,0,0,1,0,1,0,,,,,,,,
Chile,CHL,2002,.4687358856201172,.1504500007629395,.0223775577545166,.0233701031307379,CHL,.1504500007629395,0,1,,,-.0305532865312145,,0,,,,0,-.0247200012207031,2003,.0094922637939453,2002,1,1,0,0,0,1,0,1,0,,,,,,,,
Chile,CHL,2003,.4586322402954102,.1257299995422363,.0242168498039246,.0231111034949621,CHL,.1257299995422363,0,1,,,-.0305816467515765,,0,,,,0,-.0225899982452392,2004,-.010103645324707,2003,1,1,0,0,0,1,0,1,0,,,,,,,,
Chile,CHL,2004,.4651131820678711,.1031400012969971,.0217790603637695,.0374133472839991,CHL,.1031400012969971,0,1,,,-.0290155642962374,,0,,,,0,-.0327400016784668,2005,.0064809417724609,2004,1,1,0,0,0,1,0,1,0,,,,,,,,
Chile,CHL,2005,.4779682159423828,.0703999996185303,.0176491916179657,.025707236098436,CHL,.0703999996185303,0,1,,,-.0302973726347312,,0,,,,0,-.0201800012588501,2006,.0128550338745117,2005,1,1,0,0,0,1,0,1,0,,,,,,,,
Chile,CHL,2006,.492902946472168,.0502199983596802,.0065551280975342,.0141643982902169,CHL,.0502199983596802,0,1,,,-.0315613026895477,,0,,,,0,-.0112099981307983,2007,.0149347305297852,2006,1,1,0,0,0,1,0,1,0,,,,,,,,
Chile,CHL,2007,.5048554611206054,.0390100002288818,-.0067862516641617,.0114726453771194,CHL,.0390100002288818,0,1,,,-.0318560471417812,,0,,,,0,.010149998664856,2008,.0119525146484374,2007,1,1,0,0,0,1,0,1,0,,,,,,,,
Chile,CHL,2008,.5088427734375,.0491599988937378,-.0138791692256927,.0732654682397842,CHL,.0491599988937378,1,1,-.0160016300519784,-.0007866401156533,-.0250897902398207,-.0258764303554739,1,-.0007866401156533,-.0258764303554739,0,0,.0092899990081787,2009,.0039873123168945,2008,0,0,1,1,1,1,1,1,1,.0104999370446915,0,.00534281708674,0,.0104999370446915,0,-.0001457304031024,0
Chile,CHL,2009,.5048184967041016,.0584499979019165,-.009653907418251,.0368033253749212,CHL,.0584499979019165,1,1,-.0151916623415437,-.0008879526319899,-.0290823611305853,-.0299703137625751,1,-.0008879526319899,-.0299703137625751,0,0,.027620005607605,2010,-.0040242767333983,2009,0,0,1,1,1,1,1,1,1,.0145938204517927,0,.0073672305016436,0,.0145938204517927,0,-.0001408873915202,0
Chile,CHL,2010,.516252555847168,.0860700035095215,.0022074100375175,.0190634921391805,CHL,.0860700035095215,1,1,-.0127199081712307,-.0010948025409386,-.0310248564481682,-.0321196589891068,1,-.0010948025409386,-.0321196589891068,0,0,.0251999950408936,2011,.0114340591430664,2010,0,0,1,1,1,1,1,1,1,.0167431656783244,0,.0086437020744076,0,.0167431656783244,0,.0000369590319782,0
Chile,CHL,2011,.5222876739501953,.111269998550415,.0039896351099014,.0163941732545694,CHL,.111269998550415,1,1,-.0104552358869166,-.0011633540819815,-.0313171443950496,-.0324804984770311,1,-.0011633540819815,-.0324804984770311,0,0,.008120002746582,2012,.0060351181030273,2011,0,0,1,1,1,1,1,1,1,.0171040051662487,0,.0089332110735121,0,.0171040051662487,0,.0000682387395312,0
Chile,CHL,2012,.5382090759277344,.1193900012969971,.0046272927522659,.0634278607368469,CHL,.1193900012969971,1,1,-.0096918863437828,-.0011571143231546,-.0261669991547373,-.0273241134778919,1,-.0011571143231546,-.0273241134778919,0,0,.0084500026702881,2013,.0159214019775391,2012,0,0,1,1,1,1,1,1,1,.0119476201671095,0,.0064303176096756,0,.0119476201671095,0,.0000552851362061,0
Chile,CHL,2013,.5437157821655273,.1278400039672851,.003577264547348,.1021489804585775,CHL,.1278400039672851,1,1,-.0089046912572309,-.0011383757656518,-.0219270723892764,-.0230654481549282,1,-.0011383757656518,-.0230654481549282,0,0,.0223600006103516,2014,.0055067062377929,2013,0,0,1,1,1,1,1,1,1,.0076889548441458,0,.0041806060971202,0,.0076889548441458,0,.0000275054255701,0
Chile,CHL,2014,.5618909454345703,.1502000045776367,.0064412236213684,.0391190017064412,CHL,.1502000045776367,1,1,-.0069378278176489,-.0010420617699697,-.0288287967159011,-.0298708584858708,1,-.0010420617699697,-.0298708584858708,0,0,.0235499954223633,2015,.018175163269043,2014,0,0,1,1,1,1,1,1,1,.0144943651750884,0,.0081442525517044,0,.0144943651750884,0,.0000933614473425,0
Chile,CHL,2015,.5545716094970703,.17375,.0095034658908844,.0471988902576268,CHL,.17375,1,1,-.0048140143989135,-.0008364350018112,-.0279440563990841,-.0287804914008953,1,-.0008364350018112,-.0287804914008953,0,0,.0372599983215332,2016,-.0073193359375,2015,0,0,1,1,1,1,1,1,1,.0134039980901129,0,.0074334767945296,0,.0134039980901129,0,.0001273844386509,0
Chile,CHL,2016,.5386377716064453,.2110099983215332,.0125077068805695,.0726124930381775,CHL,.2110099983215332,1,1,-.0014449231877207,-.0003048932394157,-.0251612904199387,-.0254661836593544,1,-.0003048932394157,-.0254661836593544,0,0,.0255100059509278,2017,-.015933837890625,2016,0,0,1,1,1,1,1,1,1,.010089690348572,0,.0054346883255539,0,.010089690348572,0,.0001261988893956,0
Chile,CHL,2017,.5376282501220703,.2365200042724609,.015788322687149,.0659686091343562,CHL,.2365200042724609,1,1,.0008448420566529,.0001998220468491,-.0258887895571761,-.025688967510327,1,.0001998220468491,-.025688967510327,0,0,.0214599990844727,2018,-.0010095214843751,2017,0,0,1,1,1,1,1,1,1,.0103124741995446,0,.0055442774583302,0,.0103124741995446,0,.0001628166703653,0
Chile,CHL,2018,.5384768676757813,.2579800033569336,.0153317034244537,.0089102218223029,CHL,.2579800033569336,1,1,.0027349493196524,.000705562234665,-.0321366301490029,-.0314310679143379,1,.000705562234665,-.0314310679143379,0,0,.025319995880127,2019,.000848617553711,2018,0,0,1,1,1,1,1,1,1,.0160545746035555,0,.0086450170443897,0,.0160545746035555,0,.0002461439764275,0
Chile,CHL,2019,.5298571395874023,.2832999992370606,.0147683763504028,,CHL,.2832999992370606,0,0,,,,,0,,,,0,.0405000114440918,2020,-.008619728088379,2019,2,2,0,0,0,0,0,0,0,,,,,,,,
Chile,CHL,2020,.5295795822143554,.3238000106811523,.0236438870429993,,CHL,.3238000106811523,0,0,,,,,0,,,,0,.0406800079345703,2021,-.0002775573730469,2020,2,2,0,0,0,0,0,0,0,,,,,,,,
Chile,CHL,2021,.5330508422851562,.3644800186157227,.0238405513763428,,CHL,.3644800186157227,0,0,,,,,0,,,,0,.0145899963378906,2022,.0034712600708008,2021,2,2,0,0,0,0,0,0,0,,,,,,,,
Chile,CHL,2022,.5325830841064453,.3790700149536133,.0170909738540649,,CHL,.3790700149536133,0,0,,,,,0,,,,0,.0150799942016602,2023,-.0004677581787109,2022,2,2,0,0,0,0,0,0,0,,,,,,,,
Chile,CHL,2023,.5308937454223632,.3941500091552734,.0143693029880524,,CHL,.3941500091552734,0,0,,,,,0,,,,0,,,-.0016893386840821,2023,3,2,0,0,0,0,0,0,0,,,,,,,,
China,CHN,1995,.3626593399047852,.2142399978637695,.0501381778717041,.0668744713986124,CHN,.2142399978637695,0,0,,,,,0,,,,0,-.0020299911499023,1996,,,1,2,0,0,0,1,0,0,0,,,,,,,,
China,CHN,1996,.3636147689819336,.2122100067138672,.0529446172714233,.0595118327916106,CHN,.2122100067138672,0,1,,,-.0265958005896809,,0,,,,0,-.0082700157165528,1997,.0009554290771484,1996,1,1,0,0,0,1,0,1,0,,,,,,,,
China,CHN,1997,.3603414154052734,.2039399909973144,.068447413444519,.1169202785095551,CHN,.2039399909973144,0,1,,,-.0203096289264575,,0,,,,0,.0004400062561035,1998,-.0032733535766601,1997,1,1,0,0,0,1,0,1,0,,,,,,,,
China,CHN,1998,.3571147155761719,.204379997253418,.0738715267181397,.1745232787050653,CHN,.204379997253418,0,1,,,-.0140021537280393,,0,,,,0,.0117099952697754,1999,-.0032266998291016,1998,1,1,0,0,0,1,0,1,0,,,,,,,,
China,CHN,1999,.3585369110107422,.2160899925231934,.052090802192688,.1187456654336458,CHN,.2160899925231934,0,1,,,-.0201097507480268,,0,,,,0,.0109900093078613,2000,.0014221954345703,1999,1,1,0,0,0,1,0,1,0,,,,,,,,
China,CHN,2000,.3629275894165039,.2270800018310547,.0545289993286133,.0681512982483889,CHN,.2270800018310547,0,1,,,-.0256497871197008,,0,,,,0,.0154400062561035,2001,.0043906784057617,2000,1,1,0,0,0,1,0,1,0,,,,,,,,
China,CHN,2001,.3579041671752929,.2425200080871582,.0487405300140381,.1022078944884769,CHN,.2425200080871582,0,1,,,-.021920621357539,,0,,,,0,.0130099868774414,2002,-.0050234222412109,2001,1,1,0,0,0,1,0,1,0,,,,,,,,
China,CHN,2002,.355137939453125,.2555299949645996,.0358653903007507,.1645359324709419,CHN,.2555299949645996,0,1,,,-.015095758895408,,0,,,,0,.0086499977111816,2003,-.0027662277221679,2002,1,1,0,0,0,1,0,1,0,,,,,,,,
China,CHN,2003,.3642817306518555,.2641799926757812,.0444003057479858,.0787965549087758,CHN,.2641799926757812,1,1,.0033416509328722,.0008827973189712,-.0244841413696827,-.0236013440507115,1,.0008827973189712,-.0236013440507115,0,0,-.0041799926757812,2004,.0091437911987305,2003,0,0,1,1,1,1,1,1,1,.0082248507399291,0,.0029961628618946,0,.0082248507399291,0,.0003651858875844,0
China,CHN,2004,.3680208206176758,.26,.0287309956550598,.0964522286673921,CHN,.26,1,1,.0029780869441614,.000774302605482,-.0225508614369386,-.0217765588314567,1,.000774302605482,-.0217765588314567,0,0,-.0009000015258789,2005,.0037390899658203,2004,0,0,1,1,1,1,1,1,1,.0064000655206743,0,.0023553573649254,0,.0064000655206743,0,.0001838802546666,0
China,CHN,2005,.3969202041625977,.2590999984741211,.0257707118988037,.0894919077050132,CHN,.2590999984741211,1,1,.002892252573773,.0007493826374514,-.0233130101391629,-.0225636275017116,1,.0007493826374514,-.0225636275017116,0,0,-.0073600006103515,2006,.0288993835449219,2005,0,0,1,1,1,1,1,1,1,.0071871341909292,0,.0028527187704076,0,.0071871341909292,0,.0001852175646125,0
China,CHN,2006,.4757879638671875,.2517399978637695,.0258121681213379,.1763348557138793,CHN,.2517399978637695,1,1,.0022912406978312,.0005767969283774,-.0138037877225477,-.0132269907941703,1,.0005767969283774,-.0132269907941703,0,0,.0353400039672851,2007,.0788677597045899,2006,0,0,1,1,1,1,1,1,1,0,.0021495025166121,0,.0010227074257063,0,.0021495025166121,0,.000055483320336
China,CHN,2007,.4907054901123047,.2870800018310547,.0213668060302734,.1745095864018484,CHN,.2870800018310547,1,1,.0054685214829023,.0015699031573247,-.0140036530225666,-.0124337498652419,1,.0015699031573247,-.0124337498652419,0,0,-.0199300003051758,2008,.0149175262451172,2007,0,0,1,1,1,1,1,1,1,0,.0029427434455405,0,.0014440203647187,0,.0029427434455405,0,.0000628770283977
China,CHN,2008,.5104647064208985,.2671500015258789,.0182081055641174,.1240535853136431,CHN,.2671500015258789,1,1,.0036405508390638,.0009725731622109,-.0195285384346987,-.0185559652724877,1,.0009725731622109,-.0185559652724877,0,0,.0727000045776367,2009,.0197592163085938,2008,0,0,1,1,1,1,1,1,1,.0031794719617053,0,.0016230082215054,0,.0031794719617053,0,.0000578921611169,0
China,CHN,2009,.5235139083862305,.3398500061035156,.0179141318798065,.1317235997078763,CHN,.3398500061035156,1,1,.0101847426244107,.0034612848430687,-.0186886789586482,-.0152273941155795,1,.0034612848430687,-.0152273941155795,0,0,-.0064200210571289,2010,.013049201965332,2009,0,0,1,1,1,1,1,1,1,0,.0001490991952029,0,.0000780555024179,0,.0001490991952029,0,2.67098264604e-06
China,CHN,2010,.5593957901000977,.3334299850463867,.0182648396492004,.15428869562219,CHN,.3334299850463867,1,1,.0096231516860294,.0032086473227719,-.0162178218444982,-.0130091745217263,1,.0032086473227719,-.0130091745217263,0,0,-.0015900039672851,2011,.0358818817138672,2010,0,0,1,1,1,1,1,1,1,0,.0023673187890561,0,.0013242681644228,0,.0023673187890561,0,.0000432386980806
China,CHN,2011,.5647366714477539,.3318399810791016,.0182290685176849,.0992420045874813,CHN,.3318399810791016,1,1,.009441500292356,.0031330672783738,-.0222453835561792,-.0191123162778055,1,.0031330672783738,-.0191123162778055,0,0,.006410026550293,2012,.0053408813476562,2011,0,0,1,1,1,1,1,1,1,.0037358229670231,0,.0021097562275147,0,.0037358229670231,0,.0000681005728358,0
China,CHN,2012,.5692396926879882,.3382500076293946,.0175566673278809,.045504274394518,CHN,.3382500076293946,1,1,.0099803091332646,.0033758396404705,-.0281296152673918,-.0247537756269213,1,.0033758396404705,-.0247537756269213,0,0,.0261299896240234,2013,.0045030212402344,2012,0,0,1,1,1,1,1,1,1,.0093772823161389,0,.0053379213038874,0,.0093772823161389,0,.0001646338260641,0
China,CHN,2013,.5762224578857422,.364379997253418,.0185110521316528,.1766296329766439,CHN,.364379997253418,1,1,.012422551066202,.0045265291233831,-.0137715098851497,-.0092449807617666,1,.0045265291233831,-.0092449807617666,0,0,.0286999893188477,2014,.006982765197754,2013,0,0,1,1,1,1,1,1,1,0,.0061315125490158,0,.0035331152315512,0,.0061315125490158,0,.0001135007484407
China,CHN,2014,.4316226196289062,.3930799865722656,.0196827685832977,.1209470335487049,CHN,.3930799865722656,1,1,.0149648056861449,.0058823656181664,-.0198687029772302,-.0139863373590638,1,.0058823656181664,-.0139863373590638,0,0,.0147400283813477,2015,-.144599838256836,2014,0,0,1,1,1,1,1,1,1,0,.0013901559517186,0,.0006000227535735,0,.0013901559517186,0,.0000273621178924
China,CHN,2015,.4439732360839844,.4078200149536133,.0176767671108246,.1305529961434437,CHN,.4078200149536133,1,1,.016297301488847,.0066463657368851,-.0188168589653281,-.0121704932284429,1,.0066463657368851,-.0121704932284429,0,0,.0925099945068359,2016,.0123506164550781,2015,0,0,1,1,1,1,1,1,1,0,.0032060000823395,0,.0014233782314418,0,.0032060000823395,0,.0000566717168128
China,CHN,2016,.4460137557983399,.5003300094604493,.0235140657424927,.16565485666317,CHN,.5003300094604493,1,1,.0246425069644978,.0123293857426764,-.0149732377321451,-.0026438519894687,1,.0123293857426764,-.0026438519894687,0,0,.038579978942871,2017,.0020405197143555,2016,0,0,1,1,1,1,1,1,1,0,.0127326413213137,0,.0056789331769523,0,.0127326413213137,0,.0002993961651049
China,CHN,2017,.4565662002563476,.5389099884033203,.0259110713005066,.1384306688705109,CHN,.5389099884033203,1,1,.0280933686081825,.0151397969508459,-.0179542610940612,-.0028144641432153,1,.0151397969508459,-.0028144641432153,0,0,.0198400115966797,2018,.0105524444580078,2017,0,0,1,1,1,1,1,1,1,0,.0125620291675671,0,.0057353979245455,0,.0125620291675671,0,.0003254956334399
China,CHN,2018,.4620459747314453,.55875,.0278832626342773,.1285015664532015,CHN,.55875,1,1,.0298708551563201,.0166903403185938,-.0190414886174049,-.0023511482988111,1,.0166903403185938,-.0023511482988111,0,0,.0396300125122071,2019,.0054797744750977,2018,0,0,1,1,1,1,1,1,1,0,.0130253450119713,0,.0060183082322697,0,.0130253450119713,0,.0003631891158709
China,CHN,2019,.52802490234375,.5983800125122071,.0303930449485779,,CHN,.5983800125122071,0,0,,,,,0,,,,0,.1029600143432616,2020,.0659789276123047,2019,2,2,0,0,0,0,0,0,0,,,,,,,,
China,CHN,2020,.5450856399536133,.7013400268554687,.0372304654121399,,CHN,.7013400268554687,0,0,,,,,0,,,,0,.0199699401855469,2021,.0170607376098633,2020,2,2,0,0,0,0,0,0,0,,,,,,,,
China,CHN,2021,.5505420303344727,.7213099670410156,.0342573714256287,,CHN,.7213099670410156,0,0,,,,,0,,,,0,.0516300201416016,2022,.0054563903808594,2021,2,2,0,0,0,0,0,0,0,,,,,,,,
China,CHN,2022,.55301025390625,.7729399871826171,.0363306093215942,,CHN,.7729399871826171,0,0,,,,,0,,,,0,.0679000091552735,2023,.0024682235717773,2022,2,2,0,0,0,0,0,0,0,,,,,,,,
China,CHN,2023,.5556672286987304,.8408399963378906,.035118727684021,,CHN,.8408399963378906,0,0,,,,,0,,,,0,,,.0026569747924804,2023,3,2,0,0,0,0,0,0,0,,,,,,,,
Côte d'Ivoire,CIV,1995,.3107380294799805,,,,CIV,,0,0,,,,,0,,,,,,,,,4,5,0,0,0,0,0,0,0,,,,,,,,
Côte d'Ivoire,CIV,1996,.3097897148132324,,,,CIV,,0,0,,,,,0,,,,,,,-.0009483146667481,1996,4,4,0,0,0,0,0,0,0,,,,,,,,
Côte d'Ivoire,CIV,1997,.3046832466125488,.8418199920654297,.2222838592529297,,CIV,.8418199920654297,0,0,,,,,0,,,,0,-.0902199554443359,1998,-.0051064682006836,1997,3,3,0,0,0,0,0,0,0,,,,,,,,
Côte d'Ivoire,CIV,1998,.2991402053833008,.7516000366210938,.2007499313354492,,CIV,.7516000366210938,0,0,,,,,0,,,,0,.0285799407958984,1999,-.005543041229248,1998,3,3,0,0,0,0,0,0,0,,,,,,,,
Côte d'Ivoire,CIV,1999,.2839885711669922,.7801799774169922,.228629035949707,,CIV,.7801799774169922,0,0,,,,,0,,,,0,-.0403099822998046,2000,-.0151516342163086,1999,3,3,0,0,0,0,0,0,0,,,,,,,,
Côte d'Ivoire,CIV,2000,.2690404891967774,.7398699951171875,.2425500106811523,,CIV,.7398699951171875,0,0,,,,,0,,,,0,-.0281500244140626,2001,-.0149480819702148,2000,3,3,0,0,0,0,0,0,0,,,,,,,,
Côte d'Ivoire,CIV,2001,.2644327163696289,.711719970703125,.1886636924743652,,CIV,.711719970703125,0,0,,,,,0,,,,0,-.0818999862670898,2002,-.0046077728271485,2001,3,3,0,0,0,0,0,0,0,,,,,,,,
Côte d'Ivoire,CIV,2002,.2598292922973633,.6298199844360352,.165235538482666,,CIV,.6298199844360352,0,0,,,,,0,,,,0,-.0660099792480469,2003,-.0046034240722656,2002,3,3,0,0,0,0,0,0,0,,,,,,,,
Côte d'Ivoire,CIV,2003,.2507492065429687,.5638100051879883,.1240581703186035,,CIV,.5638100051879883,0,0,,,,,0,,,,0,.0033699798583984,2004,-.0090800857543946,2003,3,3,0,0,0,0,0,0,0,,,,,,,,
Côte d'Ivoire,CIV,2004,.2355785942077637,.5671799850463867,.1203688812255859,,CIV,.5671799850463867,0,0,,,,,0,,,,0,.0144600296020508,2005,-.0151706123352051,2004,3,3,0,0,0,0,0,0,0,,,,,,,,
Côte d'Ivoire,CIV,2005,.2171926307678223,.5816400146484375,.1133561325073242,,CIV,.5816400146484375,0,0,,,,,0,,,,0,-.0069300079345703,2006,-.0183859634399414,2005,3,3,0,0,0,0,0,0,0,,,,,,,,
Côte d'Ivoire,CIV,2006,.1793415451049805,.5747100067138672,.0937662887573242,,CIV,.5747100067138672,0,0,,,,,0,,,,0,-.039379997253418,2007,-.0378510856628418,2006,3,3,0,0,0,0,0,0,0,,,,,,,,
Côte d'Ivoire,CIV,2007,.1965656852722168,.5353300094604492,.08537428855896,,CIV,.5353300094604492,0,0,,,,,0,,,,0,-.0229299926757812,2008,.0172241401672363,2007,3,3,0,0,0,0,0,0,0,,,,,,,,
Côte d'Ivoire,CIV,2008,.1946445083618164,.512400016784668,.0872739887237549,,CIV,.512400016784668,0,0,,,,,0,,,,0,-.0476399993896484,2009,-.0019211769104004,2008,3,3,0,0,0,0,0,0,0,,,,,,,,
Côte d'Ivoire,CIV,2009,.2005732154846191,.4647600173950195,.0794979095458984,,CIV,.4647600173950195,0,0,,,,,0,,,,0,-.0086400222778321,2010,.0059287071228027,2009,3,3,0,0,0,0,0,0,0,,,,,,,,
Côte d'Ivoire,CIV,2010,.1833553695678711,.4561199951171875,.0869896411895752,,CIV,.4561199951171875,0,0,,,,,0,,,,0,.0441600036621094,2011,-.017217845916748,2010,3,3,0,0,0,0,0,0,0,,,,,,,,
Côte d'Ivoire,CIV,2011,.1843300628662109,.5002799987792969,.1270857620239258,,CIV,.5002799987792969,0,0,,,,,0,,,,0,-.2533499908447265,2012,.0009746932983398,2011,3,3,0,0,0,0,0,0,0,,,,,,,,
Côte d'Ivoire,CIV,2012,.1978211784362793,.2469300079345703,.0888568305969238,,CIV,.2469300079345703,0,0,,,,,0,,,,0,-.0006900024414063,2013,.0134911155700684,2012,3,3,0,0,0,0,0,0,0,,,,,,,,
Côte d'Ivoire,CIV,2013,.2096818542480469,.246240005493164,.0706659173965454,,CIV,.246240005493164,0,0,,,,,0,,,,0,.0208599853515625,2014,.0118606758117676,2013,3,3,0,0,0,0,0,0,0,,,,,,,,
Côte d'Ivoire,CIV,2014,.2475912857055664,.2670999908447266,.064858922958374,,CIV,.2670999908447266,0,0,,,,,0,,,,0,.0246200180053711,2015,.0379094314575195,2014,3,3,0,0,0,0,0,0,0,,,,,,,,
Côte d'Ivoire,CIV,2015,.2684986114501953,.2917200088500976,.0759336090087891,,CIV,.2917200088500976,0,0,,,,,0,,,,0,.0194599914550782,2016,.0209073257446289,2015,3,3,0,0,0,0,0,0,0,,,,,,,,
Côte d'Ivoire,CIV,2016,.2855529975891113,.3111800003051758,.0860156154632568,,CIV,.3111800003051758,0,0,,,,,0,,,,0,.0147700119018555,2017,.017054386138916,2016,3,3,0,0,0,0,0,0,0,,,,,,,,
Côte d'Ivoire,CIV,2017,.2819094085693359,.3259500122070312,.0838557434082031,,CIV,.3259500122070312,0,0,,,,,0,,,,0,.0272200012207031,2018,-.0036435890197754,2017,3,3,0,0,0,0,0,0,0,,,,,,,,
Côte d'Ivoire,CIV,2018,.290921516418457,.3531700134277344,.0911572074890137,,CIV,.3531700134277344,0,0,,,,,0,,,,0,.0189899826049805,2019,.0090121078491211,2018,3,3,0,0,0,0,0,0,0,,,,,,,,
Côte d'Ivoire,CIV,2019,.2973394012451172,.3721599960327148,.098277473449707,,CIV,.3721599960327148,0,0,,,,,0,,,,0,.090989990234375,2020,.0064178848266602,2019,3,3,0,0,0,0,0,0,0,,,,,,,,
Côte d'Ivoire,CIV,2020,.2997094535827637,.4631499862670899,.1223998355865479,,CIV,.4631499862670899,0,0,,,,,0,,,,0,.0385000228881836,2021,.0023700523376465,2020,3,3,0,0,0,0,0,0,0,,,,,,,,
Côte d'Ivoire,CIV,2021,.3093624877929688,.5016500091552735,.1247672271728516,,CIV,.5016500091552735,0,0,,,,,0,,,,0,.0586999893188477,2022,.0096530342102051,2021,3,3,0,0,0,0,0,0,0,,,,,,,,
Côte d'Ivoire,CIV,2022,.3180010223388672,.5603499984741211,.145135669708252,,CIV,.5603499984741211,0,0,,,,,0,,,,0,.0066600036621093,2023,.0086385345458984,2022,3,3,0,0,0,0,0,0,0,,,,,,,,
Côte d'Ivoire,CIV,2023,.3194132804870605,.5670100021362304,.1594476985931396,,CIV,.5670100021362304,0,0,,,,,0,,,,0,,,.0014122581481933,2023,4,3,0,0,0,0,0,0,0,,,,,,,,
Colombia,COL,1995,.2883460998535156,,.0909090900421143,,COL,,0,0,,,,,0,,,,,,,,,3,3,0,0,0,0,0,0,0,,,,,,,,
Colombia,COL,1996,.2886794281005859,.232859992980957,.101001148223877,,COL,.232859992980957,0,0,,,,,0,,,,0,.0197700119018555,1997,.0003333282470703,1996,2,2,0,0,0,0,0,0,0,,,,,,,,
Colombia,COL,1997,.2888555908203125,.2526300048828125,.094204797744751,,COL,.2526300048828125,0,0,,,,,0,,,,0,.0218999862670898,1998,.0001761627197265,1997,2,2,0,0,0,0,0,0,0,,,,,,,,
Colombia,COL,1998,.2896854209899902,.2745299911499023,.1242158603668213,,COL,.2745299911499023,0,0,,,,,0,,,,0,.0652899932861328,1999,.0008298301696777,1998,2,2,0,0,0,0,0,0,0,,,,,,,,
Colombia,COL,1999,.2902645111083985,.3398199844360352,.1377773857116699,,COL,.3398199844360352,0,0,,,,,0,,,,0,.0400600051879882,2000,.0005790901184082,1999,2,2,0,0,0,0,0,0,0,,,,,,,,
Colombia,COL,2000,.293348331451416,.3798799896240234,.1570510101318359,,COL,.3798799896240234,0,0,,,,,0,,,,0,.0310700225830078,2001,.0030838203430176,2000,2,2,0,0,0,0,0,0,0,,,,,,,,
Colombia,COL,2001,.2965309524536133,.4109500122070313,.1699330520629883,,COL,.4109500122070313,0,0,,,,,0,,,,0,.0644999694824219,2002,.0031826210021972,2001,2,2,0,0,0,0,0,0,0,,,,,,,,
Colombia,COL,2002,.2997043800354004,.4754499816894531,.1521809768676758,,COL,.4754499816894531,0,0,,,,,0,,,,0,-.0250499725341797,2003,.0031734275817871,2002,2,2,0,0,0,0,0,0,0,,,,,,,,
Colombia,COL,2003,.2977456855773926,.4504000091552735,.1576722526550293,,COL,.4504000091552735,0,0,,,,,0,,,,0,-.0355800247192383,2004,-.0019586944580078,2003,2,2,0,0,0,0,0,0,0,,,,,,,,
Colombia,COL,2004,.303772087097168,.4148199844360352,.1065560817718506,,COL,.4148199844360352,0,0,,,,,0,,,,0,-.0294999694824219,2005,.0060264015197754,2004,2,2,0,0,0,0,0,0,0,,,,,,,,
Colombia,COL,2005,.3148616981506348,.3853200149536133,.0805210876464844,,COL,.3853200149536133,0,0,,,,,0,,,,0,-.025629997253418,2006,.0110896110534668,2005,2,2,0,0,0,0,0,0,0,,,,,,,,
Colombia,COL,2006,.2940325164794922,.3596900177001953,.0978177738189697,,COL,.3596900177001953,0,0,,,,,0,,,,0,-.0330600357055664,2007,-.0208291816711426,2006,2,2,0,0,0,0,0,0,0,,,,,,,,
Colombia,COL,2007,.3001873207092285,.3266299819946289,.0975056648254395,,COL,.3266299819946289,0,0,,,,,0,,,,0,-.0028099822998047,2008,.0061548042297363,2007,2,2,0,0,0,0,0,0,0,,,,,,,,
Colombia,COL,2008,.3122482872009277,.3238199996948242,.075796422958374,,COL,.3238199996948242,0,0,,,,,0,,,,0,.0300500106811523,2009,.0120609664916992,2008,2,2,0,0,0,0,0,0,0,,,,,,,,
Colombia,COL,2009,.3258454132080078,.3538700103759765,.057436261177063,,COL,.3538700103759765,0,0,,,,,0,,,,0,.0111000061035156,2010,.0135971260070801,2009,2,2,0,0,0,0,0,0,0,,,,,,,,
Colombia,COL,2010,.3388956832885742,.3649700164794922,.0758309602737427,,COL,.3649700164794922,0,0,,,,,0,,,,0,-.0071400070190429,2011,.0130502700805664,2010,2,2,0,0,0,0,0,0,0,,,,,,,,
Colombia,COL,2011,.3533711242675781,.3578300094604492,.0737252140045166,,COL,.3578300094604492,0,0,,,,,0,,,,0,-.0181600189208985,2012,.0144754409790039,2011,2,2,0,0,0,0,0,0,0,,,,,,,,
Colombia,COL,2012,.352838363647461,.3396699905395508,.0569631052017212,,COL,.3396699905395508,0,0,,,,,0,,,,0,.03625,2013,-.0005327606201171,2012,2,2,0,0,0,0,0,0,0,,,,,,,,
Colombia,COL,2013,.354767837524414,.3759199905395508,.0679135894775391,,COL,.3759199905395508,0,0,,,,,0,,,,0,.0572700119018555,2014,.0019294738769531,2013,2,2,0,0,0,0,0,0,0,,,,,,,,
Colombia,COL,2014,.3777388763427734,.4331900024414063,.0536301136016846,,COL,.4331900024414063,0,0,,,,,0,,,,0,.0705599975585938,2015,.0229710388183594,2014,2,2,0,0,0,0,0,0,0,,,,,,,,
Colombia,COL,2015,.3768716049194336,.50375,.0650286436080933,,COL,.50375,0,0,,,,,0,,,,0,-.0047100067138672,2016,-.0008672714233398,2015,2,2,0,0,0,0,0,0,0,,,,,,,,
Colombia,COL,2016,.3757465744018555,.4990399932861328,.069372296333313,,COL,.4990399932861328,0,0,,,,,0,,,,0,-.0045499801635742,2017,-.0011250305175781,2016,2,2,0,0,0,0,0,0,0,,,,,,,,
Colombia,COL,2017,.3741077041625976,.4944900131225586,.0745200395584106,,COL,.4944900131225586,0,0,,,,,0,,,,0,.023120002746582,2018,-.0016388702392579,2017,2,2,0,0,0,0,0,0,0,,,,,,,,
Colombia,COL,2018,.3709108734130859,.5176100158691406,.0725241756439209,,COL,.5176100158691406,0,0,,,,,0,,,,0,-.0079000091552733,2019,-.0031968307495117,2018,2,2,0,0,0,0,0,0,0,,,,,,,,
Colombia,COL,2019,.3689555358886719,.5097100067138672,.0781712436676025,,COL,.5097100067138672,0,0,,,,,0,,,,0,.1430300140380859,2020,-.0019553375244141,2019,2,2,0,0,0,0,0,0,0,,,,,,,,
Colombia,COL,2020,.3718426132202148,.6527400207519531,.0963592624664307,,COL,.6527400207519531,0,0,,,,,0,,,,0,-.0085700225830079,2021,.002887077331543,2020,2,2,0,0,0,0,0,0,0,,,,,,,,
Colombia,COL,2021,.3688395690917969,.6441699981689453,.1004853343963623,,COL,.6441699981689453,0,0,,,,,0,,,,0,-.0311700057983398,2022,-.003003044128418,2021,2,2,0,0,0,0,0,0,0,,,,,,,,
Colombia,COL,2022,.3738554000854492,.6129999923706054,.1373029899597168,,COL,.6129999923706054,0,0,,,,,0,,,,0,-.0593600082397461,2023,.0050158309936523,2022,2,2,0,0,0,0,0,0,0,,,,,,,,
Colombia,COL,2023,.3733372116088867,.5536399841308594,.1194243240356445,,COL,.5536399841308594,0,0,,,,,0,,,,0,,,-.0005181884765625,2023,3,2,0,0,0,0,0,0,0,,,,,,,,
Czech Republic,CZE,1995,.4623834991455078,.1347599983215332,.0063874912261963,.0860757789611816,CZE,.1347599983215332,0,0,,,,,0,,,,0,-.0197000026702881,1996,,,4,5,0,0,0,0,0,0,0,,,,,,,,
Czech Republic,CZE,1996,.4631130981445313,.1150599956512451,.0119112634658813,.0751464405059814,CZE,.1150599956512451,0,0,,,,,0,,,,0,.0061800003051758,1997,.0007295989990235,1996,2,2,0,0,0,0,0,0,0,,,,,,,,
Czech Republic,CZE,1997,.4580216979980469,.1212399959564209,.0094507563114166,.1026490478515625,CZE,.1212399959564209,0,0,,,,,0,,,,0,.0175300025939941,1998,-.0050914001464844,1997,2,2,0,0,0,0,0,0,0,,,,,,,,
Czech Republic,CZE,1998,.4557419204711914,.1387699985504151,.0118691992759705,.2025865287780762,CZE,.1387699985504151,0,0,,,,,0,,,,0,.0121100044250488,1999,-.0022797775268555,1998,2,2,0,0,0,0,0,0,0,,,,,,,,
Czech Republic,CZE,1999,.4455929565429688,.1508800029754639,.0133583748340607,.1073332023620606,CZE,.1508800029754639,0,0,,,,,0,,,,0,.0180700016021729,2000,-.0101489639282226,1999,2,2,0,0,0,0,0,0,0,,,,,,,,
Czech Republic,CZE,2000,.4369644927978515,.1689500045776367,.0039410462975502,.1669657649993896,CZE,.1689500045776367,0,1,,,-.0148296944828344,,0,,,,0,.0570199966430664,2001,-.0086284637451172,2000,1,1,0,0,0,1,0,1,0,,,,,,,,
Czech Republic,CZE,2001,.4529880142211914,.2259700012207031,.008970410823822,.0620817079544067,CZE,.2259700012207031,1,1,-.0001067783487636,-.0000241287036005,-.0263144016382834,-.0263385303418838,1,-.0000241287036005,-.0263385303418838,0,0,.0310599899291992,2002,.0160235214233398,2001,0,0,1,1,1,1,1,1,1,.0109620370311014,0,.0049656713865378,0,.0109620370311014,0,.0000983339756349,0
Czech Republic,CZE,2002,.467193603515625,.2570299911499023,.0086634635925293,.2250918312072754,CZE,.2570299911499023,1,1,.0028012623572986,.000720008438905,-.0084649440402624,-.0077449356013574,1,.000720008438905,-.0077449356013574,0,0,.0235900115966797,2003,.0142055892944336,2002,0,0,1,1,1,1,1,1,1,0,.007631557709425,0,.0035654149467037,0,.007631557709425,0,.0000661157223699
Czech Republic,CZE,2003,.4746897125244141,.2806200027465821,.0099344044923782,.231984977722168,CZE,.2806200027465821,1,1,.0049278418316793,.0013828509883406,-.0077101508778546,-.006327299889514,1,.0013828509883406,-.006327299889514,0,0,.0022699928283691,2004,.0074961090087891,2003,0,0,1,1,1,1,1,1,1,0,.0090491934212684,0,.0042955590237197,0,.0090491934212684,0,.0000898983477766
Czech Republic,CZE,2004,.4682633972167969,.2828899955749511,.0150243711471558,.0919786224365234,CZE,.2828899955749511,1,1,.0050337258972193,.0014239906967899,-.0230407171780098,-.0216167264812199,1,.0014239906967899,-.0216167264812199,0,0,-.0061100006103516,2005,-.0064263153076172,2004,0,0,1,1,1,1,1,1,1,.0062402331704375,0,.002922072783814,0,.0062402331704375,0,.0000937555791974,0
Czech Republic,CZE,2005,.4758239364624023,.2767799949645996,.0166280460357666,.1469845352172852,CZE,.2767799949645996,1,1,.0045227923502377,.0012518184439247,-.0170176206473876,-.0157658022034629,1,.0012518184439247,-.0157658022034629,0,0,-.0011299896240234,2006,.0075605392456055,2005,0,0,1,1,1,1,1,1,1,.0003893088926805,0,.000185242489815,0,.0003893088926805,0,6.47344618962e-06,0
Czech Republic,CZE,2006,.4845196533203125,.2756500053405762,.0158851385116577,.2477005767822266,CZE,.2756500053405762,1,1,.0044918610496252,.0012381815223183,-.005989307328679,-.0047511258063607,1,.0012381815223183,-.0047511258063607,0,0,-.002189998626709,2007,.0086957168579102,2006,0,0,1,1,1,1,1,1,1,0,.0106253675044217,0,.0051481993796433,0,.0106253675044217,0,.000168785434545
Czech Republic,CZE,2007,.4940967559814453,.2734600067138672,.0156819379329681,.2995397567749024,CZE,.2734600067138672,1,1,.0043312785508339,.0011844314615907,-.0003129651069136,.0008714663546771,1,.0011844314615907,.0008714663546771,0,0,.0080900001525879,2008,.0095771026611328,2007,0,0,1,1,1,1,1,1,1,0,.0162479596654595,0,.0080280641620209,0,.0162479596654595,0,.0002547994950111
Czech Republic,CZE,2008,.5029157257080078,.2815500068664551,.0164941036701202,.1276332397460938,CZE,.2815500068664551,1,1,.0049382337146444,.0013903597362663,-.0191365695880248,-.0177462098517585,1,.0013903597362663,-.0177462098517585,0,0,.0527499961853027,2009,.0088189697265625,2008,0,0,1,1,1,1,1,1,1,.0023697165409761,0,.0011917677139273,0,.0023697165409761,0,.0000390863502957,0
Czech Republic,CZE,2009,.5014282608032227,.3343000030517578,.0238205122947693,.15157958984375,CZE,.3343000030517578,1,1,.0096995013378047,.0032425433268286,-.0165144664194232,-.0132719230925946,1,.0032425433268286,-.0132719230925946,0,0,.0327000045776367,2010,-.0014874649047851,2009,0,0,1,1,1,1,1,1,1,0,.0021045702181878,0,.0010552909842442,0,.0021045702181878,0,.0000501319407575
Czech Republic,CZE,2010,.5154093933105469,.3670000076293946,.0259653806686401,.0789894142150879,CZE,.3670000076293946,1,1,.0125896575231061,.0046204044070314,-.0244630234541711,-.0198426190471397,1,.0046204044070314,-.0198426190471397,0,0,.0270199966430664,2011,.0139811325073242,2010,0,0,1,1,1,1,1,1,1,.0044661257363573,0,.0023018831562245,0,.0044661257363573,0,.0001159646548585,0
Czech Republic,CZE,2011,.5259011459350585,.3940200042724609,.026366286277771,.1849442977905273,CZE,.3940200042724609,1,1,.015094279100097,.0059474479155099,-.0128610617848992,-.0069136138693893,1,.0059474479155099,-.0069136138693893,0,0,.0443299865722657,2012,.0104917526245116,2011,0,0,1,1,1,1,1,1,1,0,.0084628794413931,0,.0044506379961389,0,.0084628794413931,0,.000223134702086
Czech Republic,CZE,2012,.5299942016601562,.4383499908447266,.028478901386261,.1768168125152588,CZE,.4383499908447266,1,1,.0190757156711494,.0083618397898049,-.0137510138989431,-.0053891741091382,1,.0083618397898049,-.0053891741091382,0,0,.0030599975585937,2013,.0040930557250977,2012,0,0,1,1,1,1,1,1,1,0,.0099873192016442,0,.0052932212670006,0,.0099873192016442,0,.0002844278786567
Czech Republic,CZE,2013,.5443291091918945,.4414099884033203,.0264336490631104,.0995123224258423,CZE,.4414099884033203,1,1,.0192966712660813,.0085177434397836,-.0222157840031114,-.0136980405633278,1,.0085177434397836,-.0136980405633278,0,0,-.0259499740600586,2014,.0143349075317383,2013,0,0,1,1,1,1,1,1,1,0,.0016784527474546,0,.0009136306888426,0,.0016784527474546,0,.0000443676308952
Czech Republic,CZE,2014,.5601258850097657,.4154600143432617,.0270794486999512,.1949144325256348,CZE,.4154600143432617,1,1,.0170296424821121,.0070751355098789,-.0117693412607402,-.0046942057508613,1,.0070751355098789,-.0046942057508613,0,0,-.0207699966430664,2015,.0157967758178712,2014,0,0,1,1,1,1,1,1,1,0,.0106822875599211,0,.0059834257734296,0,.0106822875599211,0,.000289270457977
Czech Republic,CZE,2015,.562873649597168,.3946900177001953,.0222027254104614,.3491557540893555,CZE,.3946900177001953,1,1,.0152698179974192,.0060268447356801,.0051199406695825,.0111467854052627,1,.0060268447356801,.0111467854052627,0,0,-.0323700332641602,2016,.0027477645874023,2015,0,0,1,1,1,1,1,1,1,0,.0265232787160451,0,.0149292546901832,0,.0265232787160451,0,.0005888890743175
Czech Republic,CZE,2016,.554018325805664,.3623199844360351,.0194213533401489,.1658541870117188,CZE,.3623199844360351,1,1,.0122297043680257,.0044310662962804,-.0149514112434987,-.0105203449472183,1,.0044310662962804,-.0105203449472183,0,0,-.0244999694824218,2017,-.008855323791504,2016,0,0,1,1,1,1,1,1,1,0,.0048561483635641,0,.0026903951862457,0,.0048561483635641,0,.000094312973241
Czech Republic,CZE,2017,.5617328262329102,.3378200149536133,.0158034467697144,.1231547393798828,CZE,.3378200149536133,1,1,.0099961451664411,.0033768979096056,-.0196269612323854,-.0162500633227798,1,.0033768979096056,-.0162500633227798,0,0,-.0210400199890137,2018,.0077145004272462,2017,0,0,1,1,1,1,1,1,1,.0008735700119974,0,.0004907129517516,0,.0008735700119974,0,.0000138054171842,0
Czech Republic,CZE,2018,.5572649765014649,.3167799949645996,.0140010249614716,.3793846054077149,CZE,.3167799949645996,1,1,.0082836300438005,.0026240882835637,.0084299719061514,.0110540601897151,1,.0026240882835637,.0110540601897151,0,0,-.021259994506836,2019,-.0044678497314453,2018,0,0,1,1,1,1,1,1,1,0,.0264305535004975,0,.0147288217753755,0,.0264305535004975,0,.000370054839306
Czech Republic,CZE,2019,.557151107788086,.2955200004577637,.0119542491436005,,CZE,.2955200004577637,0,0,,,,,0,,,,0,.0733099937438965,2020,-.0001138687133789,2019,2,2,0,0,0,0,0,0,0,,,,,,,,
Czech Republic,CZE,2020,.5507210922241211,.3688299942016602,.0142846584320068,,CZE,.3688299942016602,0,0,,,,,0,,,,0,.0380900192260742,2021,-.0064300155639648,2020,2,2,0,0,0,0,0,0,0,,,,,,,,
Czech Republic,CZE,2021,.5526908874511719,.4069200134277344,.0147480845451355,,CZE,.4069200134277344,0,0,,,,,0,,,,0,.0182799911499024,2022,.0019697952270508,2021,2,2,0,0,0,0,0,0,0,,,,,,,,
Czech Republic,CZE,2022,.5534498596191406,.4252000045776367,.012900801897049,,CZE,.4252000045776367,0,0,,,,,0,,,,0,-.0029700088500977,2023,.0007589721679687,2022,2,2,0,0,0,0,0,0,0,,,,,,,,
Czech Republic,CZE,2023,.5573221969604493,.4222299957275391,.0136403453350067,,CZE,.4222299957275391,0,0,,,,,0,,,,0,,,.0038723373413087,2023,3,2,0,0,0,0,0,0,0,,,,,,,,
Germany,DEU,1995,.6176711654663086,.5489300155639648,.0674176931381226,.0900639464855194,DEU,.5489300155639648,0,0,,,,,0,,,,0,.0282799911499024,1996,,,2,3,0,0,0,0,0,0,0,,,,,,,,
Germany,DEU,1996,.6193177413940429,.5772100067138672,.0664880895614624,.0644530401229858,DEU,.5772100067138672,0,0,,,,,0,,,,0,.0110499954223632,1997,.0016465759277343,1996,2,2,0,0,0,0,0,0,0,,,,,,,,
Germany,DEU,1997,.6194701385498047,.5882600021362304,.0661767911911011,.1164191570281982,DEU,.5882600021362304,0,0,,,,,0,,,,0,.0061199951171875,1998,.0001523971557618,1997,2,2,0,0,0,0,0,0,0,,,,,,,,
Germany,DEU,1998,.6199446105957032,.5943799972534179,.0664972305297852,.2017830209732056,DEU,.5943799972534179,0,0,,,,,0,,,,0,.009109992980957,1999,.0004744720458985,1998,2,2,0,0,0,0,0,0,0,,,,,,,,
Germany,DEU,1999,.6250292205810547,.603489990234375,.0598670101165771,.1221321921348572,DEU,.603489990234375,0,0,,,,,0,,,,0,-.0111000061035156,2000,.0050846099853515,1999,2,2,0,0,0,0,0,0,0,,,,,,,,
Germany,DEU,2000,.6315662384033203,.5923899841308594,.0598593091964722,.1454083089828491,DEU,.5923899841308594,1,1,.0329083820644392,.0194945959289254,-.0171902159609486,.0023043799679768,1,.0194945959289254,.0023043799679768,0,0,-.0117699813842774,2001,.0065370178222656,2000,0,0,1,1,1,1,1,1,1,0,.0176808732787592,0,.0111666426283517,0,.0176808732787592,0,.0010583648604569
Germany,DEU,2001,.6319706344604492,.580620002746582,.0584126853942871,.0570503861904144,DEU,.580620002746582,1,1,.031787735370987,.0184565949984101,-.0268653267139553,-.0084087317155452,1,.0184565949984101,-.0084087317155452,0,0,.0176100158691407,2002,.0004043960571289,2001,0,0,1,1,1,1,1,1,1,0,.0069677615952372,0,.0044034207161112,0,.0069677615952372,0,.000407005665965
Germany,DEU,2002,.6351309585571289,.5982300186157227,.0595362091064453,.2148391618728638,DEU,.5982300186157227,1,1,.0334823887561982,.0200301700489193,-.0095876018415035,.0104425682074158,1,.0200301700489193,.0104425682074158,0,0,.0352099990844726,2003,.0031603240966797,2002,0,0,1,1,1,1,1,1,1,0,.0258190615181982,0,.0163984852910987,0,.0258190615181982,0,.0015371690454796
Germany,DEU,2003,.629168586730957,.6334400177001953,.0586115837097168,.2335294771194458,DEU,.6334400177001953,1,1,.0366623785264028,.0232234177026959,-.0075410296235929,.015682388079103,1,.0232234177026959,.015682388079103,0,0,.0162099456787109,2004,-.0059623718261719,2003,0,0,1,1,1,1,1,1,1,0,.0310588813898854,0,.0195412725095186,0,.0310588813898854,0,.0018204102265134
Germany,DEU,2004,.6312030029296875,.6496499633789062,.0578861570358276,.1045332789421082,DEU,.6496499633789062,1,1,.0380297834848014,.024706047448209,-.0216659939124704,.0030400535357385,1,.024706047448209,.0030400535357385,0,0,.0215500640869141,2005,.0020344161987305,2004,0,0,1,1,1,1,1,1,1,0,.0184165468465209,0,.0116245796731193,0,.0184165468465209,0,.0010660631228154
Germany,DEU,2005,.6387506484985351,.6712000274658203,.0561430931091309,.1839045238494873,DEU,.6712000274658203,1,1,.0400237649135507,.0268639521092608,-.0129749160689263,.0138890360403345,1,.0268639521092608,.0138890360403345,0,0,-.007229995727539,2006,.0075476455688477,2005,0,0,1,1,1,1,1,1,1,0,.0292655293511169,0,.0186933758516788,0,.0292655293511169,0,.0016430573392478
Germany,DEU,2006,.6813484191894531,.6639700317382813,.0547136878967285,.2706893825531006,DEU,.6639700317382813,1,1,.0394344052003793,.0261832632724761,-.0034720543774631,.022711208895013,1,.0261832632724761,.022711208895013,0,0,-.0271000289916993,2007,.042597770690918,2006,0,0,1,1,1,1,1,1,1,0,.0380877022057954,0,.0259509956884773,0,.0380877022057954,0,.0020839186511914
Germany,DEU,2007,.6877029418945313,.636870002746582,.0549033069610596,.2777830028533936,DEU,.636870002746582,1,1,.037001945301537,.0235654290058188,-.0026953095211321,.0208701194846866,1,.0235654290058188,.0208701194846866,0,0,.0148299789428711,2008,.0063545227050782,2007,0,0,1,1,1,1,1,1,1,0,.036246612795469,0,.024926902253156,0,.036246612795469,0,.0019900589086083
Germany,DEU,2008,.6843889617919922,.6516999816894531,.052828221321106,.1124802842140198,DEU,.6516999816894531,1,1,.0382197456903319,.0249078075665649,-.0207958041917241,.0041120033748407,1,.0249078075665649,.0041120033748407,0,0,.0719200134277345,2009,-.0033139801025391,2008,0,0,1,1,1,1,1,1,1,0,.0194884966856231,0,.0133377120135603,0,.0194884966856231,0,.0010295426161237
Germany,DEU,2009,.6789876556396485,.7236199951171876,.0519575500488281,.139626745223999,DEU,.7236199951171876,1,1,.044707455710585,.0323512088829954,-.0178232918405599,.0145279170424355,1,.0323512088829954,.0145279170424355,0,0,.086719970703125,2010,-.0054013061523437,2009,0,0,1,1,1,1,1,1,1,0,.0299044103532179,0,.0203047254790174,0,.0299044103532179,0,.001553759897608
Germany,DEU,2010,.6951142120361328,.8103399658203125,.0487782573699951,.0535021903514862,DEU,.8103399658203125,1,1,.052446792121387,.0424997317350298,-.0272538508737597,.0152458808612701,1,.0424997317350298,.0152458808612701,0,0,-.0254999542236328,2011,.0161265563964843,2010,0,0,1,1,1,1,1,1,1,0,.0306223741720525,0,.0212860474932819,0,.0306223741720525,0,.0014937060486447
Germany,DEU,2011,.6930381774902343,.7848400115966797,.0449043846130371,.194392677783966,DEU,.7848400115966797,1,1,.0502521719780922,.0394399152380442,-.0118264729219655,.0276134423160787,1,.0394399152380442,.0276134423160787,0,0,.0135099792480469,2012,-.0020760345458984,2011,0,0,1,1,1,1,1,1,1,0,.0429899356268611,0,.0297936666372623,0,.0429899356268611,0,.0019304366038783
Germany,DEU,2012,.6942972564697265,.7983499908447266,.0407352304458618,.1395244374275208,DEU,.7983499908447266,1,1,.0514287734547678,.0410581608167694,-.0178344944495681,.0232236663672012,1,.0410581608167694,.0232236663672012,0,0,-.0237799835205078,2013,.0012590789794922,2012,0,0,1,1,1,1,1,1,1,0,.0386001596779836,0,.0267999849637174,0,.0386001596779836,0,.0015723863997297
Germany,DEU,2013,.7019533538818359,.7745700073242188,.0316212511062622,.0688269391059876,DEU,.7745700073242188,1,1,.0492403168518297,.0381400725845686,-.0255758050712332,.0125642675133354,1,.0381400725845686,.0125642675133354,0,0,-.0291899871826172,2014,.0076560974121094,2013,0,0,1,1,1,1,1,1,1,0,.0279407608241178,0,.0196131107704997,0,.0279407608241178,0,.0008835218141194
Germany,DEU,2014,.7220326232910156,.7453800201416015,.0271441197395325,.1907681703567505,DEU,.7453800201416015,1,1,.0467005041997269,.0348096227610154,-.0122233531300458,.0225862696309696,1,.0348096227610154,.0225862696309696,0,0,-.0335400390625,2015,.0200792694091797,2014,0,0,1,1,1,1,1,1,1,0,.037962762941752,0,.0274103533142081,0,.037962762941752,0,.0010304657829344
Germany,DEU,2015,.7101522064208985,.7118399810791015,.0238100481033325,.3229003314971924,DEU,.7118399810791015,1,1,.0437765917935323,.0311619282740156,.0022449962003366,.0334069244743522,1,.0311619282740156,.0334069244743522,0,0,-.0288299560546874,2016,-.0118804168701171,2015,0,0,1,1,1,1,1,1,1,0,.0487834177851346,0,.0346436517768658,0,.0487834177851346,0,.001161535524109
Germany,DEU,2016,.693687515258789,.6830100250244141,.0203205060958862,.1664681901931763,DEU,.6830100250244141,1,1,.041073743257911,.0280537784104322,-.0148841784635107,.0131695999469215,1,.0280537784104322,.0131695999469215,0,0,-.0431300354003906,2017,-.0164646911621095,2016,0,0,1,1,1,1,1,1,1,0,.0285460932577039,0,.0198020685022823,0,.0285460932577039,0,.0005800710620569
Germany,DEU,2017,.6910898590087891,.6398799896240235,.0181572461128235,.1137391414642334,DEU,.6398799896240235,1,1,.0371575118392366,.0237763482901452,-.0206579604881476,.0031183878019977,1,.0237763482901452,.0031183878019977,0,0,-.0322999954223633,2018,-.00259765625,2017,0,0,1,1,1,1,1,1,1,0,.0184948811127801,0,.0127816247806155,0,.0184948811127801,0,.0003358161081922
Germany,DEU,2018,.6910594940185547,.6075799942016602,.0155585157871246,.3534606552124023,DEU,.6075799942016602,1,1,.0344206594943016,.0209133040959651,.0055913233575172,.0265046274534823,1,.0209133040959651,.0265046274534823,0,0,-.0207400131225587,2019,-.0000303649902343,2018,0,0,1,1,1,1,1,1,1,0,.0418811207642647,0,.0289423461242827,0,.0418811207642647,0,.0006516080785933
Germany,DEU,2019,.6880574798583985,.5868399810791015,.0126120352745056,,DEU,.5868399810791015,0,0,,,,,0,,,,0,.0935800170898438,2020,-.0030020141601562,2019,2,2,0,0,0,0,0,0,0,,,,,,,,
Germany,DEU,2020,.6832714080810547,.6804199981689453,.0099285316467285,,DEU,.6804199981689453,0,0,,,,,0,,,,0,-.0010399627685547,2021,-.0047860717773438,2020,2,2,0,0,0,0,0,0,0,,,,,,,,
Germany,DEU,2021,.6874803924560546,.6793800354003906,.0097680097818375,,DEU,.6793800354003906,0,0,,,,,0,,,,0,-.0354100036621093,2022,.0042089843749999,2021,2,2,0,0,0,0,0,0,0,,,,,,,,
Germany,DEU,2022,.6854823303222656,.6439700317382813,.0120125901699066,,DEU,.6439700317382813,0,0,,,,,0,,,,0,-.0205100250244141,2023,-.0019980621337891,2022,2,2,0,0,0,0,0,0,0,,,,,,,,
Germany,DEU,2023,.6816112518310546,.6234600067138671,.0139314818382263,,DEU,.6234600067138671,0,0,,,,,0,,,,0,,,-.0038710784912109,2023,3,2,0,0,0,0,0,0,0,,,,,,,,
Denmark,DNK,1995,.6499175262451172,.714540023803711,.0659654951095581,.1061765734354655,DNK,.714540023803711,0,0,,,,,0,,,,0,-.0313800048828126,1996,,,2,3,0,0,0,0,0,0,0,,,,,,,,
Denmark,DNK,1996,.6521034240722656,.6831600189208984,.0565699625015259,.0720745245615641,DNK,.6831600189208984,0,0,,,,,0,,,,0,-.0392800140380859,1997,.0021858978271484,1996,2,2,0,0,0,0,0,0,0,,,,,,,,
Denmark,DNK,1997,.6537172698974609,.6438800048828125,.0580079317092895,.1832600975036621,DNK,.6438800048828125,0,0,,,,,0,,,,0,-.0406900024414062,1998,.0016138458251953,1997,2,2,0,0,0,0,0,0,0,,,,,,,,
Denmark,DNK,1998,.6572795104980469,.6031900024414063,.0540862989425659,.1526825745900472,DNK,.6031900024414063,0,0,,,,,0,,,,0,-.0352999877929688,1999,.003562240600586,1998,2,2,0,0,0,0,0,0,0,,,,,,,,
Denmark,DNK,1999,.6632654571533203,.5678900146484375,.0499371957778931,.1491316827138265,DNK,.5678900146484375,0,0,,,,,0,,,,0,-.0323600006103515,2000,.0059859466552734,1999,2,2,0,0,0,0,0,0,0,,,,,,,,
Denmark,DNK,2000,.6684507751464843,.535530014038086,.0441265249252319,.1619826412200928,DNK,.535530014038086,1,1,.0278058993240217,.0148908936553349,-.015375341923799,-.0004844482684641,1,.0148908936553349,-.0004844482684641,0,0,-.0345700073242188,2001,.005185317993164,2000,0,0,1,1,1,1,1,1,1,0,.0148920450423183,0,.009954599052054,0,.0148920450423183,0,.0006571341967475
Denmark,DNK,2001,.6720520782470704,.5009600067138672,.0326854133605957,.0558055973052979,DNK,.5009600067138672,1,1,.0246220562760618,.0123346654773652,-.0270016299445768,-.0146669644672117,1,.0123346654773652,-.0146669644672117,0,0,.0022399902343749,2002,.003601303100586,2001,0,0,1,1,1,1,1,1,1,0,.0007095288435707,0,.0004768403338979,0,.0007095288435707,0,.0000231912435434
Denmark,DNK,2002,.6790887451171875,.5031999969482421,.0331402659416199,.2813146336873372,DNK,.5031999969482421,1,1,.0249818333975719,.0125708584894197,-.0023085992140394,.0102622592753803,1,.0125708584894197,.0102622592753803,0,0,-.0215800094604492,2003,.0070366668701172,2002,0,0,1,1,1,1,1,1,1,0,.0256387525861627,0,.0174109883201073,0,.0256387525861627,0,.0008496750791168
Denmark,DNK,2003,.6818580627441406,.4816199874877929,.0281687521934509,.1739280319213867,DNK,.4816199874877929,1,1,.0229654918506375,.0110606398977551,-.0140673326998333,-.0030066928020782,1,.0110606398977551,-.0030066928020782,0,0,-.019469985961914,2004,.0027693176269531,2003,0,0,1,1,1,1,1,1,1,0,.0123698005087042,0,.0084344482113965,0,.0123698005087042,0,.0003484418452121
Denmark,DNK,2004,.6869667053222657,.4621500015258789,.0215901851654053,.0970102246602376,DNK,.4621500015258789,1,1,.0211603197962431,.0097792418261218,-.0224897613922579,-.0127105195661361,1,.0097792418261218,-.0127105195661361,0,0,-.0685499954223633,2005,.005108642578125,2004,0,0,1,1,1,1,1,1,1,0,.0026659737446463,0,.0018314351998354,0,.0026659737446463,0,.000057558866793
Denmark,DNK,2005,.6916831970214844,.3936000061035156,.0152336597442627,.2185253206888835,DNK,.3936000061035156,1,1,.0150800773437607,.0059355185345457,-.0091839708634197,-.003248452328874,1,.0059355185345457,-.003248452328874,0,0,-.0616899871826172,2006,.0047164916992187,2005,0,0,1,1,1,1,1,1,1,0,.0121280409819084,0,.008388762159974,0,.0121280409819084,0,.0001847544496829
Denmark,DNK,2006,.751721420288086,.3319100189208984,.0105823957920074,.3968894449869791,DNK,.3319100189208984,1,1,.0096567479615884,.0032051713986452,.0103467356358834,.0135519070345285,1,.0032051713986452,.0135519070345285,0,0,-.037080020904541,2007,.0600382232666016,2006,0,0,1,1,1,1,1,1,1,0,.0289284003453109,0,.0217460981942395,0,.0289284003453109,0,.0003061317820837
Denmark,DNK,2007,.7582235717773438,.2948299980163574,.0056790167093277,.2741788101196289,DNK,.2948299980163574,1,1,.0062355418866673,.001838424802077,-.0030899652890848,-.0012515404870078,1,.001838424802077,-.0012515404870078,0,0,.0605600166320801,2008,.0065021514892578,2007,0,0,1,1,1,1,1,1,1,0,.0141249528237746,0,.0107098721812288,0,.0141249528237746,0,.0000802158431047
Denmark,DNK,2008,.7559561920166016,.3553900146484375,-.000614010617137,.1503573195139567,DNK,.3553900146484375,1,1,.01159552798248,.0041209348595499,-.0166483038890822,-.0125273690295323,1,.0041209348595499,-.0125273690295323,0,0,.075099983215332,2009,-.0022673797607422,2008,0,0,1,1,1,1,1,1,1,0,.0028491242812501,0,.0021538131422359,0,.0028491242812501,0,-1.74939255823e-06
Denmark,DNK,2009,.7524599456787109,.4304899978637695,.003993803858757,.1413763904571533,DNK,.4304899978637695,1,1,.0183438904753906,.0078968613715641,-.0176317073071728,-.0097348459356087,1,.0078968613715641,-.0097348459356087,0,0,.0307400131225586,2010,-.0034962463378907,2009,0,0,1,1,1,1,1,1,1,0,.0056416473751737,0,.0042451136774616,0,.0056416473751737,0,.0000225316330567
Denmark,DNK,2010,.7610186004638672,.4612300109863281,.0070006483793259,.0487706120808919,DNK,.4612300109863281,1,1,.0210437095325481,.0097059903788902,-.0277719543143765,-.0180659639354863,1,.0097059903788902,-.0180659639354863,0,0,.0386299896240235,2011,.0085586547851563,2010,0,0,1,1,1,1,1,1,1,.0026894706247039,0,.0020467371708008,0,.0026894706247039,0,.0000188280381701,0
Denmark,DNK,2011,.7709876251220703,.4998600006103516,.006602475643158,.1595505936940511,DNK,.4998600006103516,1,1,.0245959480872445,.0122945306259022,-.0156416488765587,-.0033471182506565,1,.0122945306259022,-.0033471182506565,0,0,-.012750015258789,2012,.0099690246582032,2011,0,0,1,1,1,1,1,1,1,0,.0120293750601259,0,.0092744993093091,0,.0120293750601259,0,.0000794236558369
Denmark,DNK,2012,.7736762237548828,.4871099853515625,.0048991829156876,.1072031307220459,DNK,.4871099853515625,1,1,.0234124341870899,.0114044304739178,-.0213736476140441,-.0099692171401263,1,.0114044304739178,-.0099692171401263,0,0,-.0094099807739258,2013,.0026885986328125,2012,0,0,1,1,1,1,1,1,1,0,.0054072761706561,0,.004183481008513,0,.0054072761706561,0,.0000264912350357
Denmark,DNK,2013,.7843194580078126,.4777000045776367,.0034592574834824,.0724056895573934,DNK,.4777000045776367,1,1,.0225416508576394,.0107681467178818,-.0251839352096469,-.0144157884917651,1,.0107681467178818,-.0144157884917651,0,0,.0094200134277344,2014,.0106432342529298,2013,0,0,1,1,1,1,1,1,1,0,.0009607048190173,0,.0007534994829571,0,.0009607048190173,0,3.32332533460e-06
Denmark,DNK,2014,.7924075317382813,.4871200180053711,.0042809128761292,.2536718368530274,DNK,.4871200180053711,1,1,.0235161574804587,.0114551910552982,-.0053354598785107,.0061197311767875,1,.0114551910552982,.0061197311767875,0,0,-.0416200256347656,2015,.0080880737304687,2014,0,0,1,1,1,1,1,1,1,0,.0214962244875699,0,.0170337701878873,0,.0214962244875699,0,.000092023464197
Denmark,DNK,2015,.7914022064208984,.4454999923706054,.0071744859218597,.2822679074605306,DNK,.4454999923706054,1,1,.0197928300299601,.0088177056273399,-.0022042166183185,.0066134890090214,1,.0088177056273399,.0066134890090214,0,0,-.0285799789428711,2016,-.0010053253173828,2015,0,0,1,1,1,1,1,1,1,0,.0219899823198038,0,.0174029205270493,0,.0219899823198038,0,.0001577668185754
Denmark,DNK,2016,.7684625244140625,.4169200134277344,.0035894709825516,.1835353724161784,DNK,.4169200134277344,1,1,.0171529701017502,.0071514165251472,-.0130153378091509,-.0058639212840036,1,.0071514165251472,-.0058639212840036,0,0,-.0153900146484375,2017,-.0229396820068359,2016,0,0,1,1,1,1,1,1,1,0,.0095125720267788,0,.007310055113369,0,.0095125720267788,0,.0000341451012596
Denmark,DNK,2017,.7672982025146484,.4015299987792968,-.0032319754362106,.0587273788452148,DNK,.4015299987792968,1,1,.0156811412747205,.0062964486368965,-.0266816975706437,-.0203852489337472,1,.0062964486368965,-.0203852489337472,0,0,-.0161399841308594,2018,-.0011643218994141,2017,0,0,1,1,1,1,1,1,1,.0050087556229648,0,.003843209186336,0,.0050087556229648,0,-.0000161881751394,0
Denmark,DNK,2018,.7654069519042969,.3853900146484375,-.0080674874782562,.3475111643473307,DNK,.3853900146484375,1,1,.0144321995993937,.0055620256150195,.0049398596152245,.010501885230244,1,.0055620256150195,.010501885230244,0,0,-.0020400238037109,2019,-.0018912506103516,2018,0,0,1,1,1,1,1,1,1,0,.0258783785410264,0,.0198074908393126,0,.0258783785410264,0,-.0002087734948373
Denmark,DNK,2019,.7625881958007813,.3833499908447265,-.0060824549198151,,DNK,.3833499908447265,0,0,,,,,0,,,,0,.0686199951171875,2020,-.0028187561035156,2019,2,2,0,0,0,0,0,0,0,,,,,,,,
Denmark,DNK,2020,.7687430572509766,.4519699859619141,-.0058098393678665,,DNK,.4519699859619141,0,0,,,,,0,,,,0,-.0556900024414063,2021,.0061548614501953,2020,2,2,0,0,0,0,0,0,0,,,,,,,,
Denmark,DNK,2021,.7645217132568359,.3962799835205078,-.0078090137243271,,DNK,.3962799835205078,0,0,,,,,0,,,,0,-.0631299972534179,2022,-.0042213439941406,2021,2,2,0,0,0,0,0,0,0,,,,,,,,
Denmark,DNK,2022,.7658452606201172,.3331499862670899,-.007034118771553,,DNK,.3331499862670899,0,0,,,,,0,,,,0,-.0035099792480469,2023,.0013235473632812,2022,2,2,0,0,0,0,0,0,0,,,,,,,,
Denmark,DNK,2023,.7653203582763672,.3296400070190429,-.0168804597854614,,DNK,.3296400070190429,0,0,,,,,0,,,,0,,,-.0005249023437499,2023,3,2,0,0,0,0,0,0,0,,,,,,,,
Egypt,EGY,1995,.3470380401611328,,,.0913907515822035,EGY,,0,0,,,,,0,,,,,,,,,2,3,0,0,0,0,0,0,0,,,,,,,,
Egypt,EGY,1996,.3476050567626953,,,.0454859589627295,EGY,,0,1,,,-.028131620790218,,0,,,,,,,.0005670166015625,1996,2,2,0,0,0,0,0,0,0,,,,,,,,
Egypt,EGY,1997,.3483146286010742,,,.0857241233912381,EGY,,0,1,,,-.0237255790336904,,0,,,,,,,.0007095718383789,1997,2,2,0,0,0,0,0,0,0,,,,,,,,
Egypt,EGY,1998,.3490351867675781,.7382399749755859,,.2231166049838066,EGY,.7382399749755859,0,1,,,-.008681229483269,,0,,,,0,-.0142599487304688,1999,.0007205581665039,1998,1,2,0,0,0,1,0,1,0,,,,,,,,
Egypt,EGY,1999,.3485087585449219,.7239800262451171,.1582062244415283,.1301626033493967,EGY,.7239800262451171,0,1,,,-.0188596066148903,,0,,,,0,-.0071100616455078,2000,-.0005264282226563,1999,1,1,0,0,0,1,0,1,0,,,,,,,,
Egypt,EGY,2000,.3476829528808594,.7168699645996094,.1669168472290039,.0715745341393255,EGY,.7168699645996094,0,1,,,-.0252749459585263,,0,,,,0,.0745900726318359,2001,-.0008258056640625,2000,1,1,0,0,0,1,0,1,0,,,,,,,,
Egypt,EGY,2001,.3436898040771484,.7914600372314453,.1396685600280762,.1208067652673432,EGY,.7914600372314453,0,1,,,-.0198840622241932,,0,,,,0,.0662999725341797,2002,-.0039931488037109,2001,1,1,0,0,0,1,0,1,0,,,,,,,,
Egypt,EGY,2002,.3420115661621094,.8577600097656251,.1658387184143066,.1328774709412546,EGY,.8577600097656251,0,1,,,-.0185623311267298,,0,,,,0,.1131900024414062,2003,-.0016782379150391,2002,1,1,0,0,0,1,0,1,0,,,,,,,,
Egypt,EGY,2003,.3335447692871094,.9709500122070313,.1729495429992676,.1540253130594889,EGY,.9709500122070313,0,1,,,-.0162466619913012,,0,,,,0,-.0058300018310546,2004,-.008466796875,2003,1,1,0,0,0,1,0,1,0,,,,,,,,
Egypt,EGY,2004,.3322449493408203,.9651200103759766,.1770405578613281,.1043244969483578,EGY,.9651200103759766,0,1,,,-.021688855347517,,0,,,,0,.0175099945068359,2005,-.001299819946289,2004,1,1,0,0,0,1,0,1,0,,,,,,,,
Egypt,EGY,2005,.3237167358398437,.9826300048828125,.1858358383178711,.0528549267667713,EGY,.9826300048828125,0,1,,,-.0273247256371153,,0,,,,0,-.1233899688720703,2006,-.0085282135009766,2005,1,1,0,0,0,1,0,1,0,,,,,,,,
Egypt,EGY,2006,.2807262992858887,.8592400360107422,.1755315208435059,.0428839582566059,EGY,.8592400360107422,0,1,,,-.0284165374588714,,0,,,,0,-.0965600585937499,2007,-.0429904365539551,2006,1,1,0,0,0,1,0,1,0,,,,,,,,
Egypt,EGY,2007,.2941190719604492,.7626799774169922,.1634549713134766,.1995627498626709,EGY,.7626799774169922,0,1,,,-.0112603548152734,,0,,,,0,-.0950699615478516,2008,.0133927726745606,2007,1,1,0,0,0,1,0,1,0,,,,,,,,
Egypt,EGY,2008,.3211395645141601,.6676100158691406,.1378430080413818,.1460788940660881,EGY,.6676100158691406,0,1,,,-.0171167875150933,,0,,,,0,.0268899536132813,2009,.0270204925537109,2008,1,1,0,0,0,1,0,1,0,,,,,,,,
Egypt,EGY,2009,.3333998870849609,.6944999694824219,.1138961696624756,.114735430948662,EGY,.6944999694824219,0,1,,,-.0205488677118659,,0,,,,0,.0013999938964844,2010,.0122603225708008,2009,1,1,0,0,0,1,0,1,0,,,,,,,,
Egypt,EGY,2010,.3360760116577148,.6958999633789063,.1793316841125488,.6475436580181122,EGY,.6958999633789063,0,1,,,.0377931399326533,,0,,,,0,.0324000549316407,2011,.0026761245727539,2010,1,1,0,0,0,1,0,1,0,,,,,,,,
Egypt,EGY,2011,.3241982650756836,.7283000183105469,.2312392616271973,.062068438453059,EGY,.7283000183105469,1,1,.0450739419985539,.0328273527828753,-.0263158546363974,.0065114981464779,1,.0328273527828753,.0065114981464779,0,0,-.0296800231933594,2012,-.0118777465820312,2011,0,0,1,1,1,1,1,1,1,0,.0218879914572603,0,.0070960488564352,0,.0218879914572603,0,.0050613629830793
Egypt,EGY,2012,.324908561706543,.6986199951171875,.2429513168334961,.306703246331984,EGY,.6986199951171875,1,1,.0425761851765475,.0297445742801481,.0004714303683579,.030216004648506,1,.0297445742801481,.030216004648506,0,0,.0994999694824218,2013,.0007102966308594,2012,0,0,1,1,1,1,1,1,1,0,.0455924979592884,0,.0148133929365609,0,.0455924979592884,0,.0110767574169376
Egypt,EGY,2013,.3184859848022461,.7981199645996093,.3233367156982422,.078261318514424,EGY,.7981199645996093,1,1,.0513650776912083,.0409954939885633,-.0245427492593969,.0164527447291664,1,.0409954939885633,.0164527447291664,0,0,.0106200408935547,2014,-.0064225769042969,2013,0,0,1,1,1,1,1,1,1,0,.0318292380399488,0,.0101371662226582,0,.0318292380399488,0,.0102915612910146
Egypt,EGY,2014,.3276622772216797,.808740005493164,.2888342094421387,.1366001239899666,EGY,.808740005493164,1,1,.0523612226631352,.0423466155042127,-.0181547040639488,.0241919114402639,1,.0423466155042127,.0241919114402639,0,0,.0287999725341797,2015,.0091762924194336,2014,0,0,1,1,1,1,1,1,1,0,.0395684047510463,0,.012965073606757,0,.0395684047510463,0,.011428708905155
Egypt,EGY,2015,.3280360412597656,.8375399780273437,.3092605972290039,.3517605455460087,EGY,.8375399780273437,1,1,.0551026016244341,.046150631753778,.0054051629228354,.0515557946766135,1,.046150631753778,.0515557946766135,0,0,.0783200073242188,2016,.0003737640380859,2015,0,0,1,1,1,1,1,1,1,0,.0669322879873959,0,.0219562027838439,0,.0669322879873959,0,.0206995193568857
Egypt,EGY,2016,.3257295227050781,.9158599853515625,.402253303527832,.2206127265191847,EGY,.9158599853515625,1,1,.0620548194977418,.0568335260761956,-.0089554018573094,.0478781242188862,1,.0568335260761956,.0478781242188862,0,0,.0621400451660156,2017,-.0023065185546875,2016,0,0,1,1,1,1,1,1,1,0,.0632546175296686,0,.0206038963768312,0,.0632546175296686,0,.0254443788646987
Egypt,EGY,2017,.3310542297363281,.9780000305175781,.3639312362670898,.1443366029185633,EGY,.9780000305175781,1,1,.0675902938491374,.0661033094471485,-.0173075667829116,.0487957426642368,1,.0661033094471485,.0487957426642368,0,0,-.0985100555419922,2018,.00532470703125,2017,0,0,1,1,1,1,1,1,1,0,.0641722359750192,0,.0212444901511679,0,.0641722359750192,0,.0233542811724122
Egypt,EGY,2018,.3349087524414063,.8794899749755859,.4362026977539062,.251362836591659,EGY,.8794899749755859,1,1,.0588052027602444,.0517185863040416,-.0055882932696932,.0461302930343484,1,.0517185863040416,.0461302930343484,0,0,-.0785699462890624,2019,.0038545227050781,2018,0,0,1,1,1,1,1,1,1,0,.0615067863451308,0,.0205991610815279,0,.0615067863451308,0,.0268294261339192
Egypt,EGY,2019,.3386825180053711,.8009200286865235,.4602113723754883,,EGY,.8009200286865235,0,0,,,,,0,,,,0,.0612999725341796,2020,.0037737655639648,2019,2,2,0,0,0,0,0,0,0,,,,,,,,
Egypt,EGY,2020,.3438549423217773,.8622200012207031,.474954719543457,,EGY,.8622200012207031,0,0,,,,,0,,,,0,.0368099975585938,2021,.0051724243164062,2020,2,2,0,0,0,0,0,0,0,,,,,,,,
Egypt,EGY,2021,.349371337890625,.8990299987792969,.4317839431762696,,EGY,.8990299987792969,0,0,,,,,0,,,,0,-.0136900329589844,2022,.0055163955688477,2021,2,2,0,0,0,0,0,0,0,,,,,,,,
Egypt,EGY,2022,.3471986770629883,.8853399658203125,.3233670043945313,,EGY,.8853399658203125,0,0,,,,,0,,,,0,.0739600372314453,2023,-.0021726608276367,2022,2,2,0,0,0,0,0,0,0,,,,,,,,
Egypt,EGY,2023,.3509664916992187,.9593000030517578,.4017557144165039,,EGY,.9593000030517578,0,0,,,,,0,,,,0,,,.0037678146362304,2023,3,2,0,0,0,0,0,0,0,,,,,,,,
Spain,ESP,1995,.4773698043823242,.6158599853515625,.118110237121582,.1585326372493397,ESP,.6158599853515625,0,0,,,,,0,,,,0,.0385600280761719,1996,,,2,3,0,0,0,0,0,0,0,,,,,,,,
Spain,ESP,1996,.4826091384887695,.6544200134277344,.1219802188873291,.0597404759580439,ESP,.6544200134277344,0,0,,,,,0,,,,0,-.0115599822998047,1997,.0052393341064453,1996,2,2,0,0,0,0,0,0,0,,,,,,,,
Spain,ESP,1997,.4865697860717774,.6428600311279297,.1082768726348877,.1857290211590854,ESP,.6428600311279297,0,0,,,,,0,,,,0,-.0193100357055663,1998,.0039606475830078,1997,2,2,0,0,0,0,0,0,0,,,,,,,,
Spain,ESP,1998,.4912995910644531,.6235499954223633,.0948345565795898,.1723066139221192,ESP,.6235499954223633,0,0,,,,,0,,,,0,-.015019989013672,1999,.0047298049926758,1998,2,2,0,0,0,0,0,0,0,,,,,,,,
Spain,ESP,1999,.5013858032226562,.6085300064086914,.0799349164962769,.0531772613525391,ESP,.6085300064086914,0,0,,,,,0,,,,0,-.0301200103759766,2000,.0100862121582031,1999,2,2,0,0,0,0,0,0,0,,,,,,,,
Spain,ESP,2000,.5140356445312499,.5784099960327148,.0739423656463623,.0840199292789806,ESP,.5784099960327148,1,1,.0316078948299433,.01828232232319,-.0239121867114132,-.0056298643882233,1,.01828232232319,-.0056298643882233,0,0,-.0378900146484374,2001,.0126498413085937,2000,0,0,1,1,1,1,1,1,1,0,.0097466289225591,0,.0050101146802146,0,.0097466289225591,0,.0007206887996113
Spain,ESP,2001,.5133191299438477,.5405199813842774,.0655953645706177,.1275840564207597,ESP,.5405199813842774,1,1,.0282305608055075,.0152591822010606,-.01914195511662,-.0038827729155593,1,.0152591822010606,-.0038827729155593,0,0,-.0281499862670899,2002,-.0007165145874023,2001,0,0,1,1,1,1,1,1,1,0,.0114937203952231,0,.0058999465530938,0,.0114937203952231,0,.0007539347795974
Spain,ESP,2002,.516232681274414,.5123699951171875,.0590691947937012,.1364577947963368,ESP,.5123699951171875,1,1,.0257049149498402,.0131704271473373,-.0181702889788974,-.0049998618315601,1,.0131704271473373,-.0049998618315601,0,0,-.0354999923706055,2003,.0029135513305664,2002,0,0,1,1,1,1,1,1,1,0,.0103766314792223,0,.0053567562911154,0,.0103766314792223,0,.0006129392661486
Spain,ESP,2003,.5149010848999024,.476870002746582,.0530015802383423,.2662140794233842,ESP,.476870002746582,1,1,.0226030519224774,.010778717432353,-.0039620959273872,.0068166215049657,1,.010778717432353,.0068166215049657,0,0,-.0235400009155273,2004,-.0013315963745116,2003,0,0,1,1,1,1,1,1,1,0,.0221931148157481,0,.0114272588959368,0,.0221931148157481,0,.0011762701556456
Spain,ESP,2004,.5145286560058594,.4533300018310547,.0452524948120117,.1315318558432839,ESP,.4533300018310547,1,1,.0203912626789125,.0092439711475689,-.0187096747343242,-.0094657035867553,1,.0092439711475689,-.0094657035867553,0,0,-.029379997253418,2005,-.000372428894043,2004,0,0,1,1,1,1,1,1,1,0,.0059107897240271,0,.0030412706926369,0,.0059107897240271,0,.0002674779813214
Spain,ESP,2005,.5234901428222656,.4239500045776367,.0374243950843811,.157436878897927,ESP,.4239500045776367,1,1,.0177669427257252,.0075322954499018,-.0158730986900724,-.0083408032401706,1,.0075322954499018,-.0083408032401706,0,0,-.0337599945068359,2006,.0089614868164062,2005,0,0,1,1,1,1,1,1,1,0,.0070356900706118,0,.0036831143999178,0,.0070356900706118,0,.0002633064448938
Spain,ESP,2006,.5316193771362304,.3901900100708008,.0309283447265625,.1510625071959062,ESP,.3901900100708008,1,1,.0147260155225994,.0057459441450658,-.0165710864906997,-.0108251423456338,1,.0057459441450658,-.0108251423456338,0,0,-.0332099914550781,2007,.0081292343139648,2006,0,0,1,1,1,1,1,1,1,0,.0045513509651486,0,.0024195863652207,0,.0045513509651486,0,.0001407657516217
Spain,ESP,2007,.5340420532226563,.3569800186157226,.0260806035995483,.124823892550035,ESP,.3569800186157226,1,1,.0117206121875329,.0041840243568932,-.0194441905053858,-.0152601661484926,1,.0041840243568932,-.0152601661484926,0,0,.039109992980957,2008,.0024226760864259,2007,0,0,1,1,1,1,1,1,1,0,.0001163271622898,0,.0000621235965948,0,.0001163271622898,0,3.03388260754e-06
Spain,ESP,2008,.5362537765502929,.3960900115966797,.0281169271469116,.062859722700986,ESP,.3960900115966797,1,1,.015194757082064,.0060184915088435,-.0262292097437398,-.0202107182348963,1,.0060184915088435,-.0202107182348963,0,0,.1346999740600586,2009,.0022117233276366,2008,0,0,1,1,1,1,1,1,1,.0048342249241139,0,.0025923713722496,0,.0048342249241139,0,.0001359235500031,0
Spain,ESP,2009,.5275150680541992,.5307899856567383,.0377206826210022,.1739075743068348,ESP,.5307899856567383,1,1,.0273879414457642,.0145372450471647,-.0140695727896892,.0004676722574756,1,.0145372450471647,.0004676722574756,0,0,.0718700027465821,2010,-.0087387084960937,2009,0,0,1,1,1,1,1,1,1,0,.015844165568258,0,.0083580360780016,0,.015844165568258,0,.0005976527407949
Spain,ESP,2010,.5196490859985352,.6026599884033204,.0418076276779175,.0518409976092252,ESP,.6026599884033204,1,1,.0337664059369991,.0203496618104137,-.0274357499412742,-.0070860881308605,1,.0203496618104137,-.0070860881308605,0,0,.0926200103759766,2011,-.007865982055664,2010,0,0,1,1,1,1,1,1,1,0,.0082904051799219,0,.0043081014743039,0,.0082904051799219,0,.0003466021730613
Spain,ESP,2011,.5259810256958007,.6952799987792969,.0539906740188599,.2011813289468939,ESP,.6952799987792969,1,1,.0422017018253632,.0293419991936228,-.0110831219038667,.0182588772897561,1,.0293419991936228,.0182588772897561,0,0,.2003199768066406,2012,.0063319396972655,2011,0,0,1,1,1,1,1,1,1,0,.0336353706005385,0,.0176915667281296,0,.0336353706005385,0,.0018159963295972
Spain,ESP,2012,.5283224868774414,.8955999755859375,.0671665525436401,.1753014633872292,ESP,.8955999755859375,1,1,.0602007786383371,.0539158158787491,-.0139169432257065,.0399988726530426,1,.0539158158787491,.0399988726530426,0,0,.1044000244140625,2013,.0023414611816407,2012,0,0,1,1,1,1,1,1,1,0,.055375365963825,0,.0292560510577565,0,.055375365963825,0,.0037193724276326
Spain,ESP,2013,.5265901565551758,1,.0767241621017456,.0850647622888738,ESP,1,1,1,.0695274134624286,.0695274134624286,-.0237977784640299,.0457296349983987,1,.0695274134624286,.0457296349983987,0,0,.0441799926757813,2014,-.0017323303222656,2013,0,0,1,1,1,1,1,1,1,0,.0611061283091811,0,.0321778856728124,0,.0611061283091811,0,.0046883164938037
Spain,ESP,2014,.5326947021484375,1.044179992675781,.0765205335617065,.2065011345256459,ESP,1.044179992675781,1,1,.0735863129744953,.0768373557427463,-.0105006081175275,.0663367476252188,1,.0768373557427463,.0663367476252188,0,0,-.019759979248047,2015,.0061045455932617,2014,0,0,1,1,1,1,1,1,1,0,.0817132409360012,0,.0435282105419867,0,.0817132409360012,0,.0062527407954791
Spain,ESP,2015,.5366313934326172,1.024420013427734,.0674163150787354,.3302767918326638,ESP,1.024420013427734,1,1,.0718959449268065,.0736516448673187,.0030527117786951,.0767043566460138,1,.0736516448673187,.0767043566460138,0,0,-.0047499847412109,2016,.0039366912841797,2015,0,0,1,1,1,1,1,1,1,0,.0920808499567962,0,.0494134748207753,0,.0920808499567962,0,.0062077515934051
Spain,ESP,2016,.5363711547851563,1.019670028686523,.0628399419784546,.1339882976358587,ESP,1.019670028686523,1,1,.071330925864528,.0727340072225195,-.0184406966319608,.0542933105905587,1,.0727340072225195,.0542933105905587,0,0,-.0082300567626954,2017,-.0002602386474609,2016,0,0,1,1,1,1,1,1,1,0,.0696698039013411,0,.0373688731722177,0,.0696698039013411,0,.0043780464348106
Spain,ESP,2017,.5404562377929687,1.011439971923828,.0587599802017212,.3534405500238592,ESP,1.011439971923828,1,1,.0707447507578037,.0715540687202312,.0055891218579831,.0771431905782142,1,.0715540687202312,.0771431905782142,0,0,-.0142599487304687,2018,.0040850830078124,2017,0,0,1,1,1,1,1,1,1,0,.0925196838889966,0,.0500028402764418,0,.0925196838889966,0,.0054364547935869
Spain,ESP,2018,.5352510452270508,.9971800231933594,.0558964729309082,.1600188862193714,ESP,.9971800231933594,1,1,.0693263959365173,.0691308971078884,-.0155903712785336,.0535405258293547,1,.0691308971078884,.0535405258293547,0,0,-.0213899993896485,2019,-.0052051925659179,2018,0,0,1,1,1,1,1,1,1,0,.0689170191401371,0,.0368879065286911,0,.0689170191401371,0,.0038522182948456
Spain,ESP,2019,.5332337951660157,.9757900238037109,.0523263263702393,,ESP,.9757900238037109,0,0,,,,,0,,,,0,.2159999847412108,2020,-.0020172500610351,2019,2,2,0,0,0,0,0,0,0,,,,,,,,
Spain,ESP,2020,.5276475143432617,1.191790008544922,.0489289236068726,,ESP,1.191790008544922,0,0,,,,,0,,,,0,-.0358499908447265,2021,-.0055862808227539,2020,2,2,0,0,0,0,0,0,0,,,,,,,,
Spain,ESP,2021,.530667495727539,1.155940017700195,.0451743936538696,,ESP,1.155940017700195,0,0,,,,,0,,,,0,-.0636800384521483,2022,.0030199813842773,2021,2,2,0,0,0,0,0,0,0,,,,,,,,
Spain,ESP,2022,.5269222259521484,1.092259979248047,.0502876329421997,,ESP,1.092259979248047,0,0,,,,,0,,,,0,-.0415200042724611,2023,-.0037452697753906,2022,2,2,0,0,0,0,0,0,0,,,,,,,,
Spain,ESP,2023,.5249701309204101,1.050739974975586,.0427559661865234,,ESP,1.050739974975586,0,0,,,,,0,,,,0,,,-.0019520950317383,2023,3,2,0,0,0,0,0,0,0,,,,,,,,
Finland,FIN,1995,.6680387878417968,.5520399856567383,.0142999851703644,.0631668268782752,FIN,.5520399856567383,0,0,,,,,0,,,,0,.0015900039672851,1996,,,2,3,0,0,0,0,0,0,0,,,,,,,,
Finland,FIN,1996,.6688758850097656,.5536299896240234,.0245287466049194,.120626939364842,FIN,.5536299896240234,0,0,,,,,0,,,,0,-.0312799835205078,1997,.0008370971679688,1996,2,2,0,0,0,0,0,0,0,,,,,,,,
Finland,FIN,1997,.6728508758544922,.5223500061035157,.0321153998374939,.1506514968190875,FIN,.5223500061035157,0,0,,,,,0,,,,0,-.053920021057129,1998,.0039749908447266,1997,2,2,0,0,0,0,0,0,0,,,,,,,,
Finland,FIN,1998,.6789908599853516,.4684299850463867,.0288799786567688,.0505275290352958,FIN,.4684299850463867,0,0,,,,,0,,,,0,-.0282199859619141,1999,.0061399841308594,1998,2,2,0,0,0,0,0,0,0,,,,,,,,
Finland,FIN,1999,.684629135131836,.4402099990844727,.0265716886520386,.1067895030975342,FIN,.4402099990844727,0,0,,,,,0,,,,0,-.0157400131225586,2000,.0056382751464844,1999,2,2,0,0,0,0,0,0,0,,,,,,,,
Finland,FIN,2000,.6889539337158204,.424469985961914,.0165865290164948,.1929654226984297,FIN,.424469985961914,1,1,.0178386520742365,.0075719723955306,-.0119827560326244,-.0044107836370937,1,.0075719723955306,-.0044107836370937,0,0,-.0154999923706055,2001,.0043247985839844,2000,0,0,1,1,1,1,1,1,1,0,.0109657096736887,0,.0075548688156734,0,.0109657096736887,0,.0001818830616891
Finland,FIN,2001,.6920528411865234,.4089699935913086,.0090765047073364,.1135298865182059,FIN,.4089699935913086,1,1,.0163887830297366,.0067025204906407,-.0206808737110306,-.0139783532203899,1,.0067025204906407,-.0139783532203899,0,0,-.0076799774169922,2002,.0030989074707031,2001,0,0,1,1,1,1,1,1,1,0,.0013981400903925,0,.0009675868219329,0,.0013981400903925,0,.000012690225112
Finland,FIN,2002,.6968489837646484,.4012900161743164,-.0001555482111871,.2781317022868565,FIN,.4012900161743164,1,1,.015813578368705,.0063458311193515,-.0026571272559583,.0036887038633931,1,.0063458311193515,.0036887038633931,0,0,.0256799697875976,2003,.004796142578125,2002,0,0,1,1,1,1,1,1,1,0,.0190651971741755,0,.0132855632760969,0,.0190651971741755,0,-2.96555731637e-06
Finland,FIN,2003,.6998246002197266,.426969985961914,-.0014814814925194,.1564130524226597,FIN,.426969985961914,1,1,.018037848147436,.0077016197702939,-.0159852067413599,-.008283586971066,1,.0077016197702939,-.008283586971066,0,0,-.0011999893188476,2004,.0029756164550782,2003,0,0,1,1,1,1,1,1,1,0,.0070929063397164,0,.004963790343588,0,.0070929063397164,0,-.0000105080094705
Finland,FIN,2004,.7011412811279297,.4257699966430664,-.0014499086141586,.1031072637013027,FIN,.4257699966430664,1,1,.0178924976902862,.0076180886815292,-.021822141261279,-.0142040525797498,1,.0076180886815292,-.0142040525797498,0,0,-.0270700073242188,2005,.0013166809082031,2004,0,0,1,1,1,1,1,1,1,0,.0011724407310326,0,.0008220465962028,0,.0011724407310326,0,-1.69993191551e-06
Finland,FIN,2005,.7128740692138672,.3986999893188476,-.0008497325330973,.2463663707460676,FIN,.3986999893188476,1,1,.0155583260900999,.006203104445942,-.0061354016545664,.0000677027913756,1,.006203104445942,.0000677027913756,0,0,-.0186499786376953,2006,.0117327880859375,2005,0,0,1,1,1,1,1,1,1,0,.015444196102158,0,.0110097669210823,0,.015444196102158,0,-.0000131234358755
Finland,FIN,2006,.7485933685302735,.3800500106811524,-.0037741631269455,.4007065085002354,FIN,.3800500106811524,1,1,.0139892503227855,.005316614734596,.0107647005571363,.0160813152917323,1,.005316614734596,.0160813152917323,0,0,-.0409900283813477,2007,.0357192993164063,2006,0,0,1,1,1,1,1,1,1,0,.0314578086025147,0,.0235491069083371,0,.0314578086025147,0,-.0001187269012821
Finland,FIN,2007,.749539566040039,.3390599822998047,-.0065256005525589,.2357084587642125,FIN,.3390599822998047,1,1,.0101866833477829,.003453896675593,-.0073024331505702,-.0038485364749772,1,.003453896675593,-.0038485364749772,0,0,-.0134299850463867,2008,.0009461975097655,2007,0,0,1,1,1,1,1,1,1,0,.0115279568358052,0,.0086406597640377,0,.0115279568358052,0,-.0000752268414976
Finland,FIN,2008,.7529609680175782,.325629997253418,-.0102007496356964,.1215076950618199,FIN,.325629997253418,1,1,.0088985904084935,.002897647970277,-.0198073110605475,-.0169096630902704,1,.002897647970277,-.0169096630902704,0,0,.0897100067138672,2009,.0034214019775392,2008,0,0,1,1,1,1,1,1,1,.001533169779488,0,.0011544170012986,0,.001533169779488,0,-.0000156394810696,0
Finland,FIN,2009,.7495432281494141,.4153400039672852,-.0071306777000427,.0929692382471902,FIN,.4153400039672852,1,1,.0169472830120764,.0070388845934705,-.022932245663753,-.0158933610702825,1,.0070388845934705,-.0158933610702825,0,0,.0857899856567383,2010,-.0034177398681641,2009,0,0,1,1,1,1,1,1,1,.0005168677595001,0,.000387414728982,0,.0005168677595001,0,-3.68561740654e-06,0
Finland,FIN,2010,.7597169494628906,.5011299896240234,.0012440954148769,.1059383518355233,FIN,.5011299896240234,1,1,.024672538094165,.0123641487591272,-.0215121397313148,-.0091479909721876,1,.0123641487591272,-.0091479909721876,0,0,.0191099929809571,2011,.0101737213134765,2010,0,0,1,1,1,1,1,1,1,0,.0062285023385948,0,.0047318987963997,0,.0062285023385948,0,7.74885120100e-06
Finland,FIN,2011,.7599078369140625,.5202399826049805,.0004165167734027,.1598938655853271,FIN,.5202399826049805,1,1,.0264292120282668,.0137495328058489,-.0156040609222301,-.0018545281163813,1,.0137495328058489,-.0018545281163813,0,0,.0583200073242187,2012,.0001908874511719,2011,0,0,1,1,1,1,1,1,1,0,.0135219651944011,0,.0102754473217046,0,.0135219651944011,0,5.63212531284e-06
Finland,FIN,2012,.7685635375976563,.5785599899291992,.004034216105938,.0470187926292419,FIN,.5785599899291992,1,1,.0315954108566977,.0182798405870599,-.0279637769226762,-.0096839363356163,1,.0182798405870599,-.0096839363356163,0,0,.0295600128173829,2013,.0086557006835938,2012,0,0,1,1,1,1,1,1,1,0,.0056925569751661,0,.0043750917268099,0,.0056925569751661,0,.0000229650050332
Finland,FIN,2013,.7737702941894531,.6081200027465821,.0018503251671791,.1810253756386893,FIN,.6081200027465821,1,1,.0343481796681149,.0208878151141141,-.0132901801327866,.0075976349813276,1,.0208878151141141,.0075976349813276,0,0,.0400100326538085,2014,.0052067565917968,2013,0,0,1,1,1,1,1,1,1,0,.02297412829211,0,.0177766980073322,0,.02297412829211,0,.0000425096077729
Finland,FIN,2014,.7843850708007812,.6481300354003906,.0028189638257027,.3116324063709804,FIN,.6481300354003906,1,1,.0380384610766745,.0246538691242014,.0010111688297137,.0256650379539151,1,.0246538691242014,.0256650379539151,0,0,.0395099639892579,2015,.0106147766113281,2014,0,0,1,1,1,1,1,1,1,0,.0410415312646975,0,.0321923644068322,0,.0410415312646975,0,.0001156945919866
Finland,FIN,2015,.7664422607421875,.6876399993896485,.0026446095108986,.2790677452087402,FIN,.6876399993896485,1,1,.0415692187289492,.0285846575414028,-.0025546314225053,.0260300261188975,1,.0285846575414028,.0260300261188975,0,0,-.0011499786376954,2016,-.0179428100585938,2015,0,0,1,1,1,1,1,1,1,0,.0414065194296799,0,.0317357063611492,0,.0414065194296799,0,.0001095040750969
Finland,FIN,2016,.7463658142089844,.6864900207519531,.0053181529045105,.1763698530197144,FIN,.6864900207519531,1,1,.0413936931253348,.028416357252611,-.0137999555499557,.0146164017026554,1,.028416357252611,.0146164017026554,0,0,-.0206800079345703,2017,-.0200764465332031,2016,0,0,1,1,1,1,1,1,1,0,.0299928950134378,0,.0223856715071891,0,.0299928950134378,0,.0001595068017304
Finland,FIN,2017,.7470169067382813,.6658100128173828,.0047299885749817,.0363573333195278,FIN,.6658100128173828,1,1,.0394353964357171,.0262564818063234,-.0291311968477968,-.0028747150414735,1,.0262564818063234,-.0028747150414735,0,0,-.013030014038086,2018,.0006510925292968,2017,0,0,1,1,1,1,1,1,1,0,.0125017782693089,0,.009339039731467,0,.0125017782693089,0,.0000591332683808
Finland,FIN,2018,.7430153656005859,.6527799987792968,.0036683785915375,.2905682155064174,FIN,.6527799987792968,1,1,.0384419025463987,.025094105097312,-.0012953405708736,.0237987645264384,1,.025094105097312,.0237987645264384,0,0,.0005000305175782,2019,-.0040015411376954,2018,0,0,1,1,1,1,1,1,1,0,.0391752578372208,0,.0291078185244198,0,.0391752578372208,0,.000143709677168
Finland,FIN,2019,.740298080444336,.653280029296875,.0026903051137924,,FIN,.653280029296875,0,0,,,,,0,,,,0,.0998899841308594,2020,-.0027172851562499,2019,2,2,0,0,0,0,0,0,0,,,,,,,,
Finland,FIN,2020,.7456877136230469,.7531700134277344,.0013943713903427,,FIN,.7531700134277344,0,0,,,,,0,,,,0,-.0219100189208984,2021,.0053896331787109,2020,2,2,0,0,0,0,0,0,0,,,,,,,,
Finland,FIN,2021,.7496027374267578,.731259994506836,-.0009149654209614,,FIN,.731259994506836,0,0,,,,,0,,,,0,.0083799743652343,2022,.0039150238037109,2021,2,2,0,0,0,0,0,0,0,,,,,,,,
Finland,FIN,2022,.7483502960205078,.7396399688720703,-.0009722063690424,,FIN,.7396399688720703,0,0,,,,,0,,,,0,.0307500457763672,2023,-.0012524414062499,2022,2,2,0,0,0,0,0,0,0,,,,,,,,
Finland,FIN,2023,.7455947113037109,.7703900146484375,-.0020355467498302,,FIN,.7703900146484375,0,0,,,,,0,,,,0,,,-.0027555847167969,2023,3,2,0,0,0,0,0,0,0,,,,,,,,
France,FRA,1995,.5821876144409179,.5780199813842773,.0566134023666382,.1040475569100215,FRA,.5780199813842773,0,0,,,,,0,,,,0,.0279300308227539,1996,,,2,3,0,0,0,0,0,0,0,,,,,,,,
France,FRA,1996,.583962287902832,.6059500122070313,.0597264051437378,.0484331020815619,FRA,.6059500122070313,0,0,,,,,0,,,,0,.0138999938964843,1997,.0017746734619141,1996,2,2,0,0,0,0,0,0,0,,,,,,,,
France,FRA,1997,.5821446990966797,.6198500061035156,.0582756423950195,.1252230351546715,FRA,.6198500061035156,0,0,,,,,0,,,,0,.0011800003051758,1998,-.0018175888061523,1997,2,2,0,0,0,0,0,0,0,,,,,,,,
France,FRA,1998,.580182991027832,.6210300064086914,.0560218667984009,.2076775136487237,FRA,.6210300064086914,0,0,,,,,0,,,,0,-.0068300247192383,1999,-.0019617080688477,1998,2,2,0,0,0,0,0,0,0,,,,,,,,
France,FRA,1999,.5834856796264648,.6141999816894531,.0512357997894287,.0934460738609577,FRA,.6141999816894531,0,0,,,,,0,,,,0,-.016989974975586,2000,.0033026885986328,1999,2,2,0,0,0,0,0,0,0,,,,,,,,
France,FRA,2000,.5862411117553711,.5972100067138671,.0503839683532715,.1003078204187854,FRA,.5972100067138671,1,1,.0333102455895575,.0198932119921802,-.0221286777092752,-.002235465717095,1,.0198932119921802,-.002235465717095,0,0,-.0039699935913086,2001,.0027554321289063,2000,0,0,1,1,1,1,1,1,1,0,.0131410275936874,0,.0077038106261313,0,.0131410275936874,0,.0006620971184098
France,FRA,2001,.5879372406005859,.5932400131225586,.0508899927139282,.0855552977529065,FRA,.5932400131225586,1,1,.0329428188746698,.0195429983015032,-.0237440652848061,-.0042010669833029,1,.0195429983015032,-.0042010669833029,0,0,.0193099975585938,2002,.0016961288452149,2001,0,0,1,1,1,1,1,1,1,0,.0111754263274795,0,.0065704493175134,0,.0111754263274795,0,.0005687173643805
France,FRA,2002,.5872854614257812,.6125500106811523,.0520010232925415,.1565565641995134,FRA,.6125500106811523,1,1,.0347294477924228,.0212735236161991,-.015969492334643,.0053040312815561,1,.0212735236161991,.0053040312815561,0,0,.0410799789428711,2003,-.0006517791748047,2002,0,0,1,1,1,1,1,1,1,0,.0206805245923385,0,.0121453714277387,0,.0206805245923385,0,.0010754084410282
France,FRA,2003,.5875760650634766,.6536299896240234,.0503521251678467,.3098926471841746,FRA,.6536299896240234,1,1,.0385319184372522,.0251856174483348,.0008206668092503,.0260062842575852,1,.0251856174483348,.0260062842575852,0,0,.0151399993896485,2004,.0002906036376954,2003,0,0,1,1,1,1,1,1,1,0,.0413827775683676,0,.0243155296050185,0,.0413827775683676,0,.0020837107959156
France,FRA,2004,.5939647293090821,.6687699890136719,.0498364543914795,.1200838013353019,FRA,.6687699890136719,1,1,.0397603995010196,.0265905619374761,-.0199632261055054,.0066273358319707,1,.0265905619374761,.0066273358319707,0,0,.0131100463867188,2005,.0063886642456055,2004,0,0,1,1,1,1,1,1,1,0,.0220038291427531,0,.0130694984205386,0,.0220038291427531,0,.0010965928275107
France,FRA,2005,.5961409759521484,.6818800354003907,.0480534315109253,.1964875379101984,FRA,.6818800354003907,1,1,.0409931829257824,.0279524330246072,-.0115970876773512,.016355345347256,1,.0279524330246072,.016355345347256,0,0,-.0278800201416016,2006,.0021762466430664,2005,0,0,1,1,1,1,1,1,1,0,.0317318386580384,0,.0189166492663591,0,.0317318386580384,0,.0015248237356698
France,FRA,2006,.6149180603027343,.654000015258789,.0464652013778687,.2280868799933072,FRA,.654000015258789,1,1,.0385077718096298,.0251840833510799,-.008136988970703,.0170470943803769,1,.0251840833510799,.0170470943803769,0,0,.0007899475097657,2007,.0187770843505859,2006,0,0,1,1,1,1,1,1,1,0,.0324235876911593,0,.0199378496511033,0,.0324235876911593,0,.0015065685314627
France,FRA,2007,.6333086013793945,.6547899627685547,.0487549591064453,.2591773144952182,FRA,.6547899627685547,1,1,.0386006469894015,.0252753162050323,-.0047326151731012,.0205427010319311,1,.0252753162050323,.0205427010319311,0,0,.0434000396728516,2008,.0183905410766602,2007,0,0,1,1,1,1,1,1,1,0,.0359191943427135,0,.0227479347318586,0,.0359191943427135,0,.0017512388513155
France,FRA,2008,.6368822097778321,.6981900024414063,.0518905067443848,.0979505474814053,FRA,.6981900024414063,1,1,.0423909663814043,.0295969489213263,-.0223867969137951,.0072101520075311,1,.0295969489213263,.0072101520075311,0,0,.1423799896240234,2009,.0035736083984376,2008,0,0,1,1,1,1,1,1,1,0,.0225866453183135,0,.0143850325817957,0,.0225866453183135,0,.001172032471223
France,FRA,2009,.6412472534179687,.8405699920654297,.0442780351638794,.1332791986136601,FRA,.8405699920654297,1,1,.0552217543733,.0464177496354039,-.0185183423184799,.027899407316924,1,.0464177496354039,.027899407316924,0,0,.0222200012207031,2010,.0043650436401367,2009,0,0,1,1,1,1,1,1,1,0,.0432759006277064,0,.0277505524167057,0,.0432759006277064,0,.0019161718497421
France,FRA,2010,.656031494140625,.8627899932861328,.045352954864502,.0491789494711777,FRA,.8627899932861328,1,1,.0571612346266383,.0493181412397443,-.0277272417481374,.0215908994916069,1,.0493181412397443,.0215908994916069,0,0,.0246900177001953,2011,.0147842407226563,2010,0,0,1,1,1,1,1,1,1,0,.0369673928023893,0,.0242517739346348,0,.0369673928023893,0,.0016765804972251
France,FRA,2011,.6534062957763672,.8874800109863281,.0480573987960815,.2521395795098667,FRA,.8874800109863281,1,1,.0595243904490199,.0528267066896507,-.005503240639179,.0473234660504717,1,.0528267066896507,.0473234660504717,0,0,.0299199676513672,2012,-.0026251983642578,2011,0,0,1,1,1,1,1,1,1,0,.0626999593612541,0,.0409685481915658,0,.0626999593612541,0,.0030131969515219
France,FRA,2012,.6526150512695312,.9173999786376953,.0467176246643066,.1805870654665191,FRA,.9173999786376953,1,1,.0621652320872764,.0570303825888747,-.0133381746908963,.0436922078979784,1,.0570303825888747,.0436922078979784,0,0,.0281999969482422,2013,-.000791244506836,2012,0,0,1,1,1,1,1,1,1,0,.0590687012087608,0,.0385491234677801,0,.0590687012087608,0,.002759549412479
France,FRA,2013,.6492581176757812,.9455999755859374,.0410593795776367,.07704945613598,FRA,.9455999755859374,1,1,.0646289220461621,.0611131071089963,-.0246754470680178,.0364376600409785,1,.0611131071089963,.0364376600409785,0,0,.0160300445556641,2014,-.00335693359375,2013,0,0,1,1,1,1,1,1,1,0,.0518141533517609,0,.0336407596741286,0,.0518141533517609,0,.0021274569899638
France,FRA,2014,.6587601470947265,.9616300201416016,.0390746927261353,.1834103176511567,FRA,.9616300201416016,1,1,.0661453667768358,.0636073703858822,-.0130290311901578,.0505783391957245,1,.0636073703858822,.0505783391957245,0,0,.0081599426269531,2015,.0095020294189453,2014,0,0,1,1,1,1,1,1,1,0,.0659548325065069,0,.0434484151635945,0,.0659548325065069,0,.0025771648139955
France,FRA,2015,.6580760955810547,.9697899627685547,.0359909129142761,.3273204717964962,FRA,.9697899627685547,1,1,.0669803158200896,.0649568379853907,.0027289974713947,.0676858354567854,1,.0649568379853907,.0676858354567854,0,0,.0117000579833985,2016,-.0006840515136718,2015,0,0,1,1,1,1,1,1,1,0,.0830623287675678,0,.0546613330052309,0,.0830623287675678,0,.0029894890411305
France,FRA,2016,.6454951477050781,.9814900207519531,.0342062067985535,.146225706626629,FRA,.9814900207519531,1,1,.0679055178346331,.0666485881086861,-.0171007116756182,.0495478764330679,1,.0666485881086861,.0495478764330679,0,0,.0061299896240234,2017,-.0125809478759766,2016,0,0,1,1,1,1,1,1,1,0,.0649243697438503,0,.0419083656374658,0,.0649243697438503,0,.0022208164177239
France,FRA,2017,.6504249572753906,.9876200103759766,.0318600368499756,.2133463902309023,FRA,.9876200103759766,1,1,.0685039820284742,.0676559034417574,-.0097510589544424,.057904844487315,1,.0676559034417574,.057904844487315,0,0,-.0023400115966797,2018,.0049298095703125,2017,0,0,1,1,1,1,1,1,1,0,.0732813377980974,0,.047664011006411,0,.0732813377980974,0,.0023347461226629
France,FRA,2018,.6467178344726563,.9852799987792968,.0263839554786682,.3020350719320363,FRA,.9852799987792968,1,1,.068355775339788,.0673495782433442,-.000039730407116,.0673098478362282,1,.0673495782433442,.0673098478362282,0,0,-.0037000274658203,2019,-.0037071228027343,2018,0,0,1,1,1,1,1,1,1,0,.0826863411470106,0,.053474731487062,0,.0826863411470106,0,.0021815927435167
France,FRA,2019,.6616500854492188,.9815799713134765,.0278360056877136,,FRA,.9815799713134765,0,0,,,,,0,,,,0,.1675099945068359,2020,.0149322509765625,2019,2,2,0,0,0,0,0,0,0,,,,,,,,
France,FRA,2020,.6438318634033203,1.149089965820312,.0239737701416016,,FRA,1.149089965820312,0,0,,,,,0,,,,0,-.0212299346923828,2021,-.0178182220458984,2020,2,2,0,0,0,0,0,0,0,,,,,,,,
France,FRA,2021,.6521505737304687,1.12786003112793,.0258509826660156,,FRA,1.12786003112793,0,0,,,,,0,,,,0,-.0142200469970704,2022,.0083187103271484,2021,2,2,0,0,0,0,0,0,0,,,,,,,,
France,FRA,2022,.6514302062988281,1.113639984130859,.0349406790733337,,FRA,1.113639984130859,0,0,,,,,0,,,,0,-.017179946899414,2023,-.0007203674316406,2022,2,2,0,0,0,0,0,0,0,,,,,,,,
France,FRA,2023,.6490313720703125,1.096460037231445,.0330777907371521,,FRA,1.096460037231445,0,0,,,,,0,,,,0,,,-.0023988342285156,2023,3,2,0,0,0,0,0,0,0,,,,,,,,
United Kingdom,GBR,1995,.6114163970947266,.4349499893188477,.062426929473877,.1662271169515757,GBR,.4349499893188477,0,0,,,,,0,,,,0,.0004600143432617,1996,,,2,3,0,0,0,0,0,0,0,,,,,,,,
United Kingdom,GBR,1996,.6133454513549804,.4354100036621094,.0631578969955444,.0326400001232441,GBR,.4354100036621094,0,0,,,,,0,,,,0,.0035499954223633,1997,.0019290542602538,1996,2,2,0,0,0,0,0,0,0,,,,,,,,
United Kingdom,GBR,1997,.6166801071166992,.4389599990844726,.0647391748428345,.1267344115330623,GBR,.4389599990844726,0,0,,,,,0,,,,0,-.0210699844360351,1998,.0033346557617188,1997,2,2,0,0,0,0,0,0,0,,,,,,,,
United Kingdom,GBR,1998,.6203476333618164,.4178900146484375,.0577939605712891,.1553139708592342,GBR,.4178900146484375,0,0,,,,,0,,,,0,-.0151399993896484,1999,.0036675262451172,1998,2,2,0,0,0,0,0,0,0,,,,,,,,
United Kingdom,GBR,1999,.6244911193847656,.4027500152587891,.0491608428955078,.09706862449646,GBR,.4027500152587891,0,0,,,,,0,,,,0,-.0272600173950195,2000,.0041434860229492,1999,2,2,0,0,0,0,0,0,0,,,,,,,,
United Kingdom,GBR,2000,.6254107284545899,.3754899978637695,.0470230150222778,.0776051576320942,GBR,.3754899978637695,1,1,.0133522952369608,.0050136533100028,-.0246145982686051,-.0196009449586023,1,.0050136533100028,-.0196009449586023,0,0,-.0272499847412109,2001,.0009196090698242,2000,0,0,1,1,1,1,1,1,1,.0042244516478199,0,.0026420173823842,0,.0042244516478199,0,.0001986464532963,0
United Kingdom,GBR,2001,.6233094787597656,.3482400131225586,.042479248046875,.0408269961063678,GBR,.3482400131225586,1,1,.0108755500080332,.0037873016775125,-.0286417729101964,-.0248544712326839,1,.0037873016775125,-.0248544712326839,0,0,.0051499938964844,2002,-.0021012496948243,2001,0,0,1,1,1,1,1,1,1,.0094779779219015,0,.005907713478197,0,.0094779779219015,0,.0004026173751273,0
United Kingdom,GBR,2002,.6269382095336914,.353390007019043,.040435962677002,.1387026221935566,GBR,.353390007019043,1,1,.0114074610565644,.0040312827428488,-.0179244824569344,-.0138931997140856,1,.0040312827428488,-.0138931997140856,0,0,.0130299758911133,2003,.0036287307739258,2002,0,0,1,1,1,1,1,1,1,0,.0014832935966968,0,.0009299334317259,0,.0014832935966968,0,.0000599784045151
United Kingdom,GBR,2003,.6235059356689453,.3664199829101563,.0415532970428467,.1839808420034555,GBR,.3664199829101563,1,1,.0126111926629597,.0046209930000384,-.0129665593017144,-.008345566301676,1,.0046209930000384,-.008345566301676,0,0,.0302400207519531,2004,-.0034322738647461,2003,0,0,1,1,1,1,1,1,1,0,.0070309270091064,0,.0043838247234329,0,.0070309270091064,0,.000292158198496
United Kingdom,GBR,2004,.6219916152954101,.3966600036621094,.0421143579483032,.0830907447521503,GBR,.3966600036621094,1,1,.0152602256575379,.0060531211652036,-.0240139315569568,-.0179608103917532,1,.0060531211652036,-.0179608103917532,0,0,.0120299911499024,2005,-.0015143203735352,2004,0,0,1,1,1,1,1,1,1,.0025843170809708,0,.0016074235556285,0,.0025843170809708,0,.0001088368545999,0
United Kingdom,GBR,2005,.6183231735229492,.4086899948120117,.0453561878204346,.1638284646547758,GBR,.4086899948120117,1,1,.0163989088565357,.0067020699755002,-.0151732259663766,-.0084711559908763,1,.0067020699755002,-.0084711559908763,0,0,.0101700210571289,2006,-.003668441772461,2005,0,0,1,1,1,1,1,1,1,0,.0069053373199061,0,.0042697300858908,0,.0069053373199061,0,.0003131997764451
United Kingdom,GBR,2006,.6649250030517578,.4188600158691406,.0453045225143433,.2397596770066481,GBR,.4188600158691406,1,1,.017366927855862,.0072743116773046,-.0068588285032287,.0004154831740759,1,.0072743116773046,.0004154831740759,0,0,.0109099960327149,2007,.0466018295288086,2006,0,0,1,1,1,1,1,1,1,0,.0157919764848583,0,.0105004800123877,0,.0157919764848583,0,.0007154479542042
United Kingdom,GBR,2007,.6651148223876953,.4297700119018555,.0471022605895996,.2037926527170034,GBR,.4297700119018555,1,1,.0183229494381095,.0078746541980934,-.0107971843683372,-.0029225301702438,1,.0078746541980934,-.0029225301702438,0,0,.0757699966430664,2008,.0001898193359374,2007,0,0,1,1,1,1,1,1,1,0,.0124539631405386,0,.0082833154822422,0,.0124539631405386,0,.0005866098172189
United Kingdom,GBR,2008,.6625773620605468,.5055400085449219,.0433841323852539,.1213682607504038,GBR,.5055400085449219,1,1,.0250800172349531,.012678952127265,-.0198225789885734,-.0071436268613085,1,.012678952127265,-.0071436268613085,0,0,.1391999816894531,2009,-.0025374603271484,2008,0,0,1,1,1,1,1,1,1,0,.0082328664494739,0,.0054549109342892,0,.0082328664494739,0,.0003571757679541
United Kingdom,GBR,2009,.6533074188232422,.644739990234375,.0427702760696411,.1034663523160494,GBR,.644739990234375,1,1,.0375874201026414,.0242341128699124,-.0217828213903719,.0024512914795405,1,.0242341128699124,.0024512914795405,0,0,.1104399871826172,2010,-.0092699432373047,2009,0,0,1,1,1,1,1,1,1,0,.0178277847903229,0,.0116470240647021,0,.0178277847903229,0,.0007624992771923
United Kingdom,GBR,2010,.6788086700439453,.7551799774169922,.0717043256759644,.0343802839059096,GBR,.7551799774169922,1,1,.0474721509510651,.0358500178831614,-.0293476819284371,.0065023359547243,1,.0358500178831614,.0065023359547243,0,0,.0554800415039063,2011,.0255012512207031,2010,0,0,1,1,1,1,1,1,1,0,.0218788292655067,0,.0148515389958372,0,.0218788292655067,0,.0015688066990627
United Kingdom,GBR,2011,.6757921600341796,.8106600189208985,.0779133939743042,.1824034412090595,GBR,.8106600189208985,1,1,.0525660670327591,.0426132088953737,-.0131392832285038,.0294739256668699,1,.0426132088953737,.0294739256668699,0,0,.0302399444580078,2012,-.0030165100097657,2011,0,0,1,1,1,1,1,1,1,0,.0448504189776524,0,.0303095615193456,0,.0448504189776524,0,.0034944483637184
United Kingdom,GBR,2012,.6789669036865235,.8408999633789063,.0662313413619995,.1407452201843262,GBR,.8408999633789063,1,1,.0552566739025422,.0464653350610879,-.0177008198677743,.0287645151933136,1,.0464653350610879,.0287645151933136,0,0,.0085800170898437,2013,.0031747436523438,2012,0,0,1,1,1,1,1,1,1,0,.044141008504096,0,.0299702838696266,0,.044141008504096,0,.0029235182022977
United Kingdom,GBR,2013,.6862324523925781,.84947998046875,.038329062461853,.0685372469975398,GBR,.84947998046875,1,1,.0559776906396863,.0475519275512864,-.0256075260889408,.0219444014623456,1,.0475519275512864,.0219444014623456,0,0,.0156300354003907,2014,.0072655487060547,2013,0,0,1,1,1,1,1,1,1,0,.037320894773128,0,.025610809145649,0,.037320894773128,0,.0014304749068915
United Kingdom,GBR,2014,.7119351959228516,.8651100158691406,.0514734983444214,.1544610984508808,GBR,.8651100158691406,1,1,.0574438108495936,.0496952161156758,-.0161989438943496,.0334962722213263,1,.0496952161156758,.0334962722213263,0,0,.0082899475097656,2015,.0257027435302735,2014,0,0,1,1,1,1,1,1,1,0,.0488727655321087,0,.0347942419043934,0,.0488727655321087,0,.0025156522157043
United Kingdom,GBR,2015,.7173150634765625,.8733999633789062,.0423323583602905,.2049646047445444,GBR,.8733999633789062,1,1,.0582248814303235,.0508536093089857,-.0106688567061953,.0401847526027904,1,.0508536093089857,.0401847526027904,0,0,-.0008899688720703,2016,.0053798675537109,2015,0,0,1,1,1,1,1,1,1,0,.0555612459135728,0,.0398549186393314,0,.0555612459135728,0,.0023520385729576
United Kingdom,GBR,2016,.7015824890136719,.872509994506836,.0447541570663452,.1127303504943848,GBR,.872509994506836,1,1,.0580800871763495,.0506754565431932,-.0207684221655101,.0299070343776832,1,.0506754565431932,.0299070343776832,0,0,-.0113400268554688,2017,-.0157325744628906,2016,0,0,1,1,1,1,1,1,1,0,.0452835276884656,0,.0317701300669932,0,.0452835276884656,0,.0020266261106878
United Kingdom,GBR,2017,.6963835906982422,.8611699676513672,.0496767997741699,.0910257255114042,GBR,.8611699676513672,1,1,.0570449021630871,.0491253565504611,-.0231450585092154,.0259802980412457,1,.0491253565504611,.0259802980412457,0,0,-.0053299713134766,2018,-.0051988983154297,2017,0,0,1,1,1,1,1,1,1,0,.0413567913520281,0,.0288001908614833,0,.0413567913520281,0,.0020544730432968
United Kingdom,GBR,2018,.6878870391845703,.8558399963378907,.046065526008606,.28083955177894,GBR,.8558399963378907,1,1,.0566987613292156,.0485250676883588,-.0023606202432264,.0461644474451323,1,.0485250676883588,.0461644474451323,0,0,-.0064700317382813,2019,-.0084965515136719,2018,0,0,1,1,1,1,1,1,1,0,.0615409407559147,0,.0423332155252192,0,.0615409407559147,0,.0028349158069857
United Kingdom,GBR,2019,.690621109008789,.8493699645996093,.03972736120224,,GBR,.8493699645996093,0,0,,,,,0,,,,0,.1985000610351564,2020,.0027340698242188,2019,2,2,0,0,0,0,0,0,0,,,,,,,,
United Kingdom,GBR,2020,.6819411468505859,1.047870025634766,.0309700465202332,,GBR,1.047870025634766,0,0,,,,,0,,,,0,-.0134000396728517,2021,-.0086799621582031,2020,2,2,0,0,0,0,0,0,0,,,,,,,,
United Kingdom,GBR,2021,.6819626617431641,1.034469985961914,.0563866519927979,,GBR,1.034469985961914,0,0,,,,,0,,,,0,-.0593599700927734,2022,.0000215148925782,2021,2,2,0,0,0,0,0,0,0,,,,,,,,
United Kingdom,GBR,2022,.6856621551513672,.9751100158691406,.0920923233032227,,GBR,.9751100158691406,0,0,,,,,0,,,,0,.0135800170898438,2023,.0036994934082031,2022,2,2,0,0,0,0,0,0,0,,,,,,,,
United Kingdom,GBR,2023,.6813226318359376,.9886900329589844,.0618626976013184,,GBR,.9886900329589844,0,0,,,,,0,,,,0,,,-.0043395233154296,2023,3,2,0,0,0,0,0,0,0,,,,,,,,
Greece,GRC,1995,.4243271255493164,1.003870010375977,.2948613357543945,.0506168389320374,GRC,1.003870010375977,0,0,,,,,0,,,,0,.0333699798583984,1996,,,2,3,0,0,0,0,0,0,0,,,,,,,,
Greece,GRC,1996,.4279187774658203,1.037239990234375,.2778145217895508,.0818696713447571,GRC,1.037239990234375,0,0,,,,,0,,,,0,-.01125,1997,.0035916519165039,1996,2,2,0,0,0,0,0,0,0,,,,,,,,
Greece,GRC,1997,.4360560989379883,1.025989990234375,.221235294342041,.080974851846695,GRC,1.025989990234375,0,0,,,,,0,,,,0,-.0181399536132811,1998,.008137321472168,1997,2,2,0,0,0,0,0,0,0,,,,,,,,
Greece,GRC,1998,.4419590759277344,1.007850036621094,.1980259513854981,.2248650598526001,GRC,1.007850036621094,0,0,,,,,0,,,,0,.0205799865722656,1999,.0059029769897461,1998,2,2,0,0,0,0,0,0,0,,,,,,,,
Greece,GRC,1999,.4476836776733398,1.028430023193359,.1878619003295899,.125748565196991,GRC,1.028430023193359,0,0,,,,,0,,,,0,.0601099395751952,2000,.0057246017456055,1999,2,2,0,0,0,0,0,0,0,,,,,,,,
Greece,GRC,2000,.455231704711914,1.088539962768555,.1617704010009766,.2415429735183716,GRC,1.088539962768555,1,1,.077600751169686,.0844715187890619,-.0066635591859892,.0778079596030726,1,.0844715187890619,.0778079596030726,0,0,.0168100738525392,2001,.0075480270385742,2000,0,0,1,1,1,1,1,1,1,0,.093184452913855,0,.0424205173526213,0,.093184452913855,0,.0150744863149309
Greece,GRC,2001,.4619168090820313,1.105350036621094,.1551151180267334,.1675452375411987,GRC,1.105350036621094,1,1,.0790607419348078,.0873897939929306,-.014766242775923,.0726235512170076,1,.0873897939929306,.0726235512170076,0,0,-.0266400146484376,2002,.0066851043701172,2001,0,0,1,1,1,1,1,1,1,0,.08800004452779,0,.0406486997673534,0,.08800004452779,0,.0136501372932859
Greece,GRC,2002,.4658292770385742,1.078710021972656,.1400254154205322,.2165327787399292,GRC,1.078710021972656,1,1,.0766990662998236,.0827360514935649,-.0094021523623378,.0733338991312271,1,.0827360514935649,.0733338991312271,0,0,-.0361199951171876,2003,.003912467956543,2002,0,0,1,1,1,1,1,1,1,0,.0887103924420095,0,.0413238979770695,0,.0887103924420095,0,.0124217095538108
Greece,GRC,2003,.4658651733398437,1.042590026855469,.1263556957244873,.3336501169204712,GRC,1.042590026855469,1,1,.0735325662520149,.0766643202234398,.0034220877531292,.080086407976569,1,.0766643202234398,.080086407976569,0,0,.0123399353027345,2004,.0000358963012695,2003,0,0,1,1,1,1,1,1,1,0,.0954629012873514,0,.0444728410557563,0,.0954629012873514,0,.0120622813080413
Greece,GRC,2004,.4715813827514648,1.054929962158203,.123372049331665,.1220617651939392,GRC,1.054929962158203,1,1,.0744939138431381,.0785858617115581,-.0197466408939821,.058839220817576,1,.0785858617115581,.058839220817576,0,0,.0436600494384767,2005,.0057162094116211,2004,0,0,1,1,1,1,1,1,1,0,.0742157141283584,0,.0349987490905387,0,.0742157141283584,0,.0091561447446286
Greece,GRC,2005,.466846923828125,1.09859001159668,.1192243671417236,.1049338316917419,GRC,1.09859001159668,1,1,.078408776402163,.0861390985769337,-.0216221337571765,.0645169648197573,1,.0861390985769337,.0645169648197573,0,0,-.0452500152587891,2006,-.0047344589233398,2005,0,0,1,1,1,1,1,1,1,0,.0798934581305397,0,.0372980151622335,0,.0798934581305397,0,.0095252469843774
Greece,GRC,2006,.4931889343261719,1.053339996337891,.1127768611907959,.2003648376464844,GRC,1.053339996337891,1,1,.0744058773247419,.0783746865487612,-.011172526945437,.0672021596033242,1,.0783746865487612,.0672021596033242,0,0,-.0069699859619141,2007,.0263420104980469,2006,0,0,1,1,1,1,1,1,1,0,.0825786529141066,0,.0407268778287991,0,.0825786529141066,0,.0093129612770171
Greece,GRC,2007,.4918289566040039,1.046370010375977,.1114664459228516,.4071399021148682,GRC,1.046370010375977,1,1,.0739241365381346,.077351999516443,.0114691512025581,.0888211507190012,1,.077351999516443,.0888211507190012,0,0,.062699966430664,2008,-.001359977722168,2007,0,0,1,1,1,1,1,1,1,0,.1041976440297836,0,.0512474185437639,0,.1041976440297836,0,.0116145410535344
Greece,GRC,2008,.4883242416381836,1.109069976806641,.1184018993377686,.2407962417602539,GRC,1.109069976806641,1,1,.0794467441596953,.0881119987025564,-.0067453256222549,.0813666730803015,1,.0881119987025564,.0813666730803015,0,0,.1757499694824221,2009,-.0035047149658203,2008,0,0,1,1,1,1,1,1,1,0,.0967431663910839,0,.0472420333616026,0,.0967431663910839,0,.0114545746486541
Greece,GRC,2009,.4885861206054687,1.284819946289063,.1296888446807861,.1553885459899902,GRC,1.284819946289063,1,1,.0951941488915061,.122307341265818,-.0160973892473535,.1062099520184644,1,.122307341265818,.1062099520184644,0,0,.1936399841308594,2010,.0002618789672851,2009,0,0,1,1,1,1,1,1,1,0,.1215864453292468,0,.0594054496416256,0,.1215864453292468,0,.0157684056235936
Greece,GRC,2010,.486865348815918,1.478459930419922,.1466189765930176,.188385214805603,GRC,1.478459930419922,1,1,.112633742919648,.1665244757199182,-.0124842845569989,.1540401911629192,1,.1665244757199182,.1540401911629192,0,0,.2723001098632811,2011,-.0017207717895508,2010,0,0,1,1,1,1,1,1,1,0,.1694166844737016,0,.0824831131815251,0,.1694166844737016,0,.0248397008953163
Greece,GRC,2011,.4772427368164063,1.750760040283203,.1719983863830566,.2676177644729614,GRC,1.750760040283203,1,1,.1371806690994824,.2401704337586865,-.0038083937138472,.2363620400448393,1,.2401704337586865,.2363620400448393,0,0,-.1079800415039063,2012,-.0096226119995117,2011,0,0,1,1,1,1,1,1,1,0,.2517385333556217,0,.1201403866207851,0,.2517385333556217,0,.0432986215276042
Greece,GRC,2012,.4696682739257813,1.642779998779297,.1130721378326416,.4571809005737305,GRC,1.642779998779297,1,1,.1276017663052769,.2096216294952189,.0169485942109443,.2265702237061632,1,.2096216294952189,.2265702237061632,0,0,.1623199462890625,2013,-.007574462890625,2012,0,0,1,1,1,1,1,1,1,0,.2419467170169456,0,.1136346969633583,0,.2419467170169456,0,.0273574325346952
Greece,GRC,2013,.487433967590332,1.805099945068359,.0851133441925049,.2693380212783814,GRC,1.805099945068359,1,1,.1420693340961394,.2564493471728397,-.0036200271860922,.2528293199867475,1,.2564493471728397,.2528293199867475,0,0,.0231401062011718,2014,.0177656936645508,2013,0,0,1,1,1,1,1,1,1,0,.2682058132975298,0,.1307326237064068,0,.2682058132975298,0,.0228278937016234
Greece,GRC,2014,.501960105895996,1.828240051269531,.0850491428375244,.2016971635818481,GRC,1.828240051269531,1,1,.1441031252124012,.2634551050264199,-.0110266384888463,.2524284665375736,1,.2634551050264199,.2524284665375736,0,0,-.0282299804687498,2015,.014526138305664,2014,0,0,1,1,1,1,1,1,1,0,.267804959848356,0,.1344274060049538,0,.267804959848356,0,.0227765822827403
Greece,GRC,2015,.5060272979736328,1.800010070800781,.0733670616149902,.3993896961212158,GRC,1.800010070800781,1,1,.1417028351587136,.2550665303467075,.0106205108206045,.265687041167312,1,.2550665303467075,.265687041167312,0,0,.0367399597167968,2016,.0040671920776367,2015,0,0,1,1,1,1,1,1,1,0,.2810635344780943,0,.142225820910869,0,.2810635344780943,0,.0206208056517813
Greece,GRC,2016,.4970607757568359,1.836750030517578,.0636110162734985,.1813943290710449,GRC,1.836750030517578,1,1,.1448542799556435,.2660611031291301,-.0132497800734831,.252811323055647,1,.2660611031291301,.252811323055647,0,0,-.01052001953125,2017,-.0089665222167968,2016,0,0,1,1,1,1,1,1,1,0,.2681878163664294,0,.1333056440516292,0,.2681878163664294,0,.017059699551239
Greece,GRC,2017,.4960197067260742,1.826230010986328,.0632574462890625,.2810502624511719,GRC,1.826230010986328,1,1,.1439780433379708,.2629370236668924,-.0023375476196715,.2605994760472208,1,.2629370236668924,.2605994760472208,0,0,.0692999267578125,2018,-.0010410690307617,2017,0,0,1,1,1,1,1,1,1,0,.2759759693580032,0,.1368895193844008,0,.2759759693580032,0,.0174575350587358
Greece,GRC,2018,.5044066238403321,1.895529937744141,.0682094526290894,.3353922080993653,GRC,1.895529937744141,1,1,.1502491878833058,.2848018337545503,.0036128451245676,.2884146788791179,1,.2848018337545503,.2884146788791179,0,0,-.0586199951171875,2019,.0083869171142579,2018,0,0,1,1,1,1,1,1,1,0,.3037911721899003,0,.1532342795168046,0,.3037911721899003,0,.0207214295686225
Greece,GRC,2019,.5098868560791016,1.836909942626953,.0625513029098511,,GRC,1.836909942626953,0,0,,,,,0,,,,0,.2623600769042971,2020,.0054802322387695,2019,2,2,0,0,0,0,0,0,0,,,,,,,,
Greece,GRC,2020,.5174214553833008,2.09927001953125,.0604190063476562,,GRC,2.09927001953125,0,0,,,,,0,,,,0,-.1212100219726564,2021,.0075345993041992,2020,2,2,0,0,0,0,0,0,0,,,,,,,,
Greece,GRC,2021,.523160171508789,1.978059997558594,.0501194763183594,,GRC,1.978059997558594,0,0,,,,,0,,,,0,-.1863600158691405,2022,.0057387161254883,2021,2,2,0,0,0,0,0,0,0,,,,,,,,
Greece,GRC,2022,.5305290222167969,1.791699981689453,.0494467449188232,,GRC,1.791699981689453,0,0,,,,,0,,,,0,-.1363499450683594,2023,.0073688507080079,2022,2,2,0,0,0,0,0,0,0,,,,,,,,
Greece,GRC,2023,.5344662857055664,1.655350036621094,.0704114246368408,,GRC,1.655350036621094,0,0,,,,,0,,,,0,,,.0039372634887695,2023,3,2,0,0,0,0,0,0,0,,,,,,,,
Hong Kong SAR,HKG,1995,,,,,HKG,,0,0,,,,,0,,,,,,,,,4,4,0,0,0,0,0,0,0,,,,,,,,
Hong Kong SAR,HKG,1996,,,,,HKG,,0,0,,,,,0,,,,,,,,,4,4,0,0,0,0,0,0,0,,,,,,,,
Hong Kong SAR,HKG,1997,,,,,HKG,,0,0,,,,,0,,,,,,,,,4,4,0,0,0,0,0,0,0,,,,,,,,
Hong Kong SAR,HKG,1998,,,,,HKG,,0,0,,,,,0,,,,,,,,,4,4,0,0,0,0,0,0,0,,,,,,,,
Hong Kong SAR,HKG,1999,,,,,HKG,,0,0,,,,,0,,,,,,,,,4,4,0,0,0,0,0,0,0,,,,,,,,
Hong Kong SAR,HKG,2000,,,,,HKG,,0,0,,,,,0,,,,,,,,,4,4,0,0,0,0,0,0,0,,,,,,,,
Hong Kong SAR,HKG,2001,,,,,HKG,,0,0,,,,,0,,,,,,,,,4,4,0,0,0,0,0,0,0,,,,,,,,
Hong Kong SAR,HKG,2002,,,,,HKG,,0,0,,,,,0,,,,,,,,,4,4,0,0,0,0,0,0,0,,,,,,,,
Hong Kong SAR,HKG,2003,,,,,HKG,,0,0,,,,,0,,,,,,,,,4,4,0,0,0,0,0,0,0,,,,,,,,
Hong Kong SAR,HKG,2004,,.0192499995231628,,,HKG,.0192499995231628,0,0,,,,,0,,,,0,-.0021599996089935,2005,,,3,4,0,0,0,0,0,0,0,,,,,,,,
Hong Kong SAR,HKG,2005,,.0170899999141693,-.0402422666549683,,HKG,.0170899999141693,0,0,,,,,0,,,,0,-.0029199993610382,2006,,,3,3,0,0,0,0,0,0,0,,,,,,,,
Hong Kong SAR,HKG,2006,,.0141700005531311,-.0992568969726562,,HKG,.0141700005531311,0,0,,,,,0,,,,0,-.0022699999809265,2007,,,3,3,0,0,0,0,0,0,0,,,,,,,,
Hong Kong SAR,HKG,2007,,.0119000005722046,-.0756535625457764,,HKG,.0119000005722046,0,0,,,,,0,,,,0,-.0019900006055832,2008,,,3,3,0,0,0,0,0,0,0,,,,,,,,
Hong Kong SAR,HKG,2008,,.0099099999666214,-.144726390838623,,HKG,.0099099999666214,0,0,,,,,0,,,,0,-.003289999961853,2009,,,3,3,0,0,0,0,0,0,0,,,,,,,,
Hong Kong SAR,HKG,2009,,.0066200000047684,-.1036241912841797,,HKG,.0066200000047684,0,0,,,,,0,,,,0,-.000440000295639,2010,,,3,3,0,0,0,0,0,0,0,,,,,,,,
Hong Kong SAR,HKG,2010,,.0061799997091293,-.0886198043823242,,HKG,.0061799997091293,0,0,,,,,0,,,,0,-.0004499995708466,2011,,,4,4,0,0,0,0,0,0,0,,,,,,,,
Hong Kong SAR,HKG,2011,,.0057300001382828,-.0837687015533447,,HKG,.0057300001382828,0,0,,,,,0,,,,0,-.0003000003099442,2012,,,3,3,0,0,0,0,0,0,0,,,,,,,,
Hong Kong SAR,HKG,2012,,.0054299998283386,-.0846200466156006,,HKG,.0054299998283386,0,0,,,,,0,,,,0,-.0002599996328354,2013,,,3,3,0,0,0,0,0,0,0,,,,,,,,
Hong Kong SAR,HKG,2013,,.0051700001955032,-.0800266075134277,,HKG,.0051700001955032,0,0,,,,,0,,,,0,-.0045200002193451,2014,,,3,3,0,0,0,0,0,0,0,,,,,,,,
Hong Kong SAR,HKG,2014,,.0006499999761581,.000239865668118,,HKG,.0006499999761581,0,0,,,,,0,,,,0,-.0000299999862909,2015,,,3,3,0,0,0,0,0,0,0,,,,,,,,
Hong Kong SAR,HKG,2015,,.0006199999898672,-.0002147074602544,,HKG,.0006199999898672,0,0,,,,,0,,,,0,-.0000299999862909,2016,,,3,3,0,0,0,0,0,0,0,,,,,,,,
Hong Kong SAR,HKG,2016,,.0005900000035763,-.0359998226165772,,HKG,.0005900000035763,0,0,,,,,0,,,,0,-.0000400000065565,2017,,,3,3,0,0,0,0,0,0,0,,,,,,,,
Hong Kong SAR,HKG,2017,,.0005499999970198,-.0344812488555908,,HKG,.0005499999970198,0,0,,,,,0,,,,0,-.0000299999862909,2018,,,3,3,0,0,0,0,0,0,0,,,,,,,,
Hong Kong SAR,HKG,2018,,.0005200000107288,-.0671551847457886,,HKG,.0005200000107288,0,0,,,,,0,,,,0,.0021499998867512,2019,,,3,3,0,0,0,0,0,0,0,,,,,,,,
Hong Kong SAR,HKG,2019,,.00266999989748,-.0816476821899414,,HKG,.00266999989748,0,0,,,,,0,,,,0,.0072999998927116,2020,,,3,3,0,0,0,0,0,0,0,,,,,,,,
Hong Kong SAR,HKG,2020,,.0099699997901917,-.0926149845123291,,HKG,.0099699997901917,0,0,,,,,0,,,,0,.0094099998474121,2021,,,3,3,0,0,0,0,0,0,0,,,,,,,,
Hong Kong SAR,HKG,2021,,.0193799996376038,-.1152905464172363,,HKG,.0193799996376038,0,0,,,,,0,,,,0,.0233800005912781,2022,,,3,3,0,0,0,0,0,0,0,,,,,,,,
Hong Kong SAR,HKG,2022,,.0427600002288818,-.1482112407684326,,HKG,.0427600002288818,0,0,,,,,0,,,,0,.0205700016021729,2023,,,3,3,0,0,0,0,0,0,0,,,,,,,,
Hong Kong SAR,HKG,2023,,.0633300018310547,-.1294820690155029,,HKG,.0633300018310547,0,0,,,,,0,,,,0,,,,,4,3,0,0,0,0,0,0,0,,,,,,,,
Croatia,HRV,1995,.3930322647094727,,.0337264108657837,.0673181454340617,HRV,,0,0,,,,,0,,,,,,,,,3,3,0,0,0,0,0,0,0,,,,,,,,
Croatia,HRV,1996,.3941999053955078,,.0259083652496338,.082612476348877,HRV,,0,0,,,,,0,,,,,,,.0011676406860351,1996,3,2,0,0,0,0,0,0,0,,,,,,,,
Croatia,HRV,1997,.3988455200195313,,.0383339405059814,.109355411529541,HRV,,0,0,,,,,0,,,,,,,.0046456146240235,1997,3,2,0,0,0,0,0,0,0,,,,,,,,
Croatia,HRV,1998,.4024647521972656,.2332900047302246,.0346365833282471,.2479124450683594,HRV,.2332900047302246,0,0,,,,,0,,,,0,.0667799949645996,1999,.0036192321777344,1998,2,2,0,0,0,0,0,0,0,,,,,,,,
Croatia,HRV,1999,.4149480819702148,.3000699996948242,.0396954870223999,.1183526802062988,HRV,.3000699996948242,0,0,,,,,0,,,,0,.0542699813842774,2000,.0124833297729492,1999,2,2,0,0,0,0,0,0,0,,,,,,,,
Croatia,HRV,2000,.4316915893554688,.3543399810791016,.0421755790710449,.215343017578125,HRV,.3543399810791016,0,1,,,-.0095324301081957,,0,,,,0,.0115400314331054,2001,.0167435073852539,2000,1,1,0,0,0,1,0,1,0,,,,,,,,
Croatia,HRV,2001,.4470046615600586,.365880012512207,.0430342197418213,.1261935520172119,HRV,.365880012512207,0,1,,,-.0192942140616211,,0,,,,0,-.0013500213623047,2002,.0153130722045898,2001,1,1,0,0,0,1,0,1,0,,,,,,,,
Croatia,HRV,2002,.4565271759033203,.3645299911499024,.0308710289001465,.2236151186625163,HRV,.3645299911499024,0,1,,,-.0086266426969235,,0,,,,0,.0139100265502929,2003,.0095225143432617,2002,1,1,0,0,0,1,0,1,0,,,,,,,,
Croatia,HRV,2003,.4705900573730469,.3784400177001953,.0298791837692261,.3579696782430014,HRV,.3784400177001953,0,1,,,.0060850572053735,,0,,,,0,.0211499786376953,2004,.0140628814697266,2003,1,1,0,0,0,1,0,1,0,,,,,,,,
Croatia,HRV,2004,.4786628341674805,.3995899963378906,.0325534796714783,.1209769535064697,HRV,.3995899963378906,0,1,,,-.0198654267695518,,0,,,,0,.0094200134277344,2005,.0080727767944336,2004,1,1,0,0,0,1,0,1,0,,,,,,,,
Croatia,HRV,2005,.466561050415039,.409010009765625,.032173752784729,.1433603509267171,HRV,.409010009765625,0,1,,,-.0174144654723041,,0,,,,0,-.0251900100708008,2006,-.0121017837524414,2005,1,1,0,0,0,1,0,1,0,,,,,,,,
Croatia,HRV,2006,.4476560592651367,.3838199996948242,.0293116807937622,.250865790049235,HRV,.3838199996948242,0,1,,,-.0056427194059736,,0,,,,0,-.0129700088500976,2007,-.0189049911499023,2006,1,1,0,0,0,1,0,1,0,,,,,,,,
Croatia,HRV,2007,.4582912063598633,.3708499908447266,.028255889415741,.382068837483724,HRV,.3708499908447266,0,1,,,.0087238928336858,,0,,,,0,.0183499908447265,2008,.0106351470947265,2007,1,1,0,0,0,1,0,1,0,,,,,,,,
Croatia,HRV,2008,.4583417510986328,.3891999816894531,.0323145484924316,.1776516723632812,HRV,.3891999816894531,0,1,,,-.0136595975184129,,0,,,,0,.0900200271606445,2009,.0000505447387695,2008,1,1,0,0,0,1,0,1,0,,,,,,,,
Croatia,HRV,2009,.4530875396728515,.4792200088500976,.0426824903488159,.1742420832316081,HRV,.4792200088500976,1,1,.0227498526557824,.0109021845910425,-.0140329443720808,-.0031307597810383,1,.0109021845910425,-.0031307597810383,0,0,.0888699722290039,2010,-.0052542114257813,2009,0,0,1,1,1,1,1,1,1,0,.0122457335297441,0,.0055483892764811,0,.0122457335297441,0,.0005226784031975
Croatia,HRV,2010,.4665782928466797,.5680899810791016,.047720627784729,.1191960175832113,HRV,.5680899810791016,1,1,.0307043822811361,.0174428519491361,-.0200604376045396,-.0026175856554035,1,.0174428519491361,-.0026175856554035,0,0,.0634100341796875,2011,.0134907531738281,2010,0,0,1,1,1,1,1,1,1,0,.0127589076553789,0,.0059530293524351,0,.0127589076553789,0,.0006088630831621
Croatia,HRV,2011,.4639862823486328,.6315000152587891,.0562458944320679,.2853790601094564,HRV,.6315000152587891,1,1,.03652428856866,.0230650887884252,-.0018635482832493,.0212015405051759,1,.0230650887884252,.0212015405051759,0,0,.0570199584960938,2012,-.0025920104980469,2011,0,0,1,1,1,1,1,1,1,0,.0365780338159583,0,.0169717059258891,0,.0365780338159583,0,.002057364228545
Croatia,HRV,2012,.4626228713989258,.6885199737548828,.0638226699829102,.3260338274637858,HRV,.6885199737548828,1,1,.0416813358274571,.0286984322499892,.0025881111080072,.0312865433579964,1,.0286984322499892,.0312865433579964,0,0,.1063800048828125,2013,-.001363410949707,2012,0,0,1,1,1,1,1,1,1,0,.0466630366687788,0,.0215873880119038,0,.0466630366687788,0,.0029781595897119
Croatia,HRV,2013,.4720571517944336,.7948999786376953,.0632097244262695,.189669132232666,HRV,.7948999786376953,1,1,.0511536728775487,.0406620534776031,-.0123436967872555,.0283183566903476,1,.0406620534776031,.0283183566903476,0,0,.0374100494384765,2014,.0094342803955078,2013,0,0,1,1,1,1,1,1,1,0,.04369485000113,0,.0206264664396184,0,.04369485000113,0,.0027619394274186
Croatia,HRV,2014,.478909912109375,.8323100280761718,.0663069677352905,.2152439498901367,HRV,.8323100280761718,1,1,.0545363732078057,.0453911703157614,-.0095432779283236,.0358478923874377,1,.0453911703157614,.0358478923874377,0,0,-.004520034790039,2015,.0068527603149414,2014,0,0,1,1,1,1,1,1,1,0,.0512243856982201,0,.0245318660525913,0,.0512243856982201,0,.003396533689752
Croatia,HRV,2015,.4835516357421875,.8277899932861328,.0700608062744141,.4132768122355143,HRV,.8277899932861328,1,1,.0542688497057646,.044923210733581,.0121411371798426,.0570643479134236,1,.044923210733581,.0570643479134236,0,0,-.0351799774169922,2016,.0046417236328125,2015,0,0,1,1,1,1,1,1,1,0,.072440841224206,0,.0350288872685049,0,.072440841224206,0,.0050752637433647
Croatia,HRV,2016,.4874068450927734,.7926100158691406,.0629679155349731,.1765447552998861,HRV,.7926100158691406,1,1,.0509384949981676,.0403743613288478,-.0137808039121836,.0265935574166642,1,.0403743613288478,.0265935574166642,0,0,-.0308699798583985,2017,.0038552093505859,2016,0,0,1,1,1,1,1,1,1,0,.0419700507274466,0,.0204564900134484,0,.0419700507274466,0,.0026427666092044
Croatia,HRV,2017,.4839044952392578,.7617400360107421,.0534366464614868,.2477852439880371,HRV,.7617400360107421,1,1,.0482119880116276,.0367250014841266,-.005980036348019,.0307449651361076,1,.0367250014841266,.0307449651361076,0,0,-.033270034790039,2018,-.0035023498535156,2017,0,0,1,1,1,1,1,1,1,0,.04612145844689,0,.0223183810694407,0,.04612145844689,0,.0024645760693146
Croatia,HRV,2018,.4868414688110352,.7284700012207032,.0453600025177002,.3874617767333984,HRV,.7284700012207032,1,1,.0453176565612532,.0330125533304955,.0093144146892913,.0423269680197868,1,.0330125533304955,.0423269680197868,0,0,-.0196600341796875,2019,.0029369735717774,2018,0,0,1,1,1,1,1,1,1,0,.0577034613305692,0,.0280924378696551,0,.0577034613305692,0,.0026174291512346
Croatia,HRV,2019,.4934126281738281,.7088099670410156,.0432826232910156,,HRV,.7088099670410156,0,0,,,,,0,,,,0,.1559500122070313,2020,.006571159362793,2019,2,2,0,0,0,0,0,0,0,,,,,,,,
Croatia,HRV,2020,.4855481719970703,.8647599792480469,.0384193658828735,,HRV,.8647599792480469,0,0,,,,,0,,,,0,-.0827099609375,2021,-.0078644561767579,2020,2,2,0,0,0,0,0,0,0,,,,,,,,
Croatia,HRV,2021,.4842948150634765,.7820500183105469,.0306232047080994,,HRV,.7820500183105469,0,0,,,,,0,,,,0,-.0965800476074219,2022,-.0012533569335937,2021,2,2,0,0,0,0,0,0,0,,,,,,,,
Croatia,HRV,2022,.4905846786499024,.685469970703125,.0270192456245422,,HRV,.685469970703125,0,0,,,,,0,,,,0,-.0759799575805664,2023,.0062898635864258,2022,2,2,0,0,0,0,0,0,0,,,,,,,,
Croatia,HRV,2023,.4928057479858399,.6094900131225586,.0281123614311218,,HRV,.6094900131225586,0,0,,,,,0,,,,0,,,.0022210693359375,2023,3,2,0,0,0,0,0,0,0,,,,,,,,
Hungary,HUN,1995,.4947483825683594,.8386799621582032,.1734331703186035,.0800056581497192,HUN,.8386799621582032,0,0,,,,,0,,,,0,-.1269999694824219,1996,,,2,3,0,0,0,0,0,0,0,,,,,,,,
Hungary,HUN,1996,.4853301239013672,.7116799926757813,.1596286487579346,.0816970739364624,HUN,.7116799926757813,0,0,,,,,0,,,,0,-.0897200012207032,1997,-.0094182586669922,1996,2,2,0,0,0,0,0,0,0,,,,,,,,
Hungary,HUN,1997,.4869182968139649,.6219599914550781,.1626626586914063,.0903151264190674,HUN,.6219599914550781,0,0,,,,,0,,,,0,-.0177399826049804,1998,.0015881729125977,1997,2,2,0,0,0,0,0,0,0,,,,,,,,
Hungary,HUN,1998,.4906520462036133,.6042200088500976,.1417288303375244,.2052646217346192,HUN,.6042200088500976,0,0,,,,,0,,,,0,-.00125,1999,.0037337493896484,1998,2,2,0,0,0,0,0,0,0,,,,,,,,
Hungary,HUN,1999,.4926340866088867,.6029700088500977,.1394645881652832,.104181676864624,HUN,.6029700088500977,0,0,,,,,0,,,,0,-.0465900039672852,2000,.0019820404052734,1999,2,2,0,0,0,0,0,0,0,,,,,,,,
Hungary,HUN,2000,.4997203063964843,.5563800048828125,.1073849773406982,.2095556411743164,HUN,.5563800048828125,0,1,,,-.0101661424670492,,0,,,,0,-.0343299865722656,2001,.0070862197875976,2000,1,1,0,0,0,1,0,1,0,,,,,,,,
Hungary,HUN,2001,.5115696334838867,.5220500183105469,.0918936443328857,.0904338359832764,HUN,.5220500183105469,0,1,,,-.0232098698646344,,0,,,,0,.0335199737548828,2002,.0118493270874024,2001,1,1,0,0,0,1,0,1,0,,,,,,,,
Hungary,HUN,2002,.5166256713867188,.5555699920654297,.0844713115692139,.2396744041442871,HUN,.5555699920654297,0,1,,,-.0068681658027203,,0,,,,0,.0261700057983398,2003,.005056037902832,2002,1,1,0,0,0,1,0,1,0,,,,,,,,
Hungary,HUN,2003,.506342887878418,.5817399978637695,.0876265335083008,.2638688926696777,HUN,.5817399978637695,0,1,,,-.0042188917059831,,0,,,,0,.0073300170898438,2004,-.0102827835083008,2003,1,1,0,0,0,1,0,1,0,,,,,,,,
Hungary,HUN,2004,.5098855590820313,.5890700149536133,.0932327938079834,.0989025421142578,HUN,.5890700149536133,1,1,.0325771293006031,.019190210044252,-.0222825543827574,-.0030923443385054,1,.019190210044252,-.0030923443385054,0,0,.0167199707031249,2005,.0035426712036133,2004,0,0,1,1,1,1,1,1,1,0,.012284148972277,0,.0062635101665764,0,.012284148972277,0,.0011452855282389
Hungary,HUN,2005,.5090519714355469,.6057899856567383,.0900651741027832,.1254581890106201,HUN,.6057899856567383,1,1,.0340996043860997,.0206571988519558,-.0193747356301187,.0012824632218371,1,.0206571988519558,.0012824632218371,0,0,.0390999984741212,2006,-.0008335876464843,2005,0,0,1,1,1,1,1,1,1,0,.0166589565326195,0,.008480274664989,0,.0166589565326195,0,.0015003918204811
Hungary,HUN,2006,.5285115814208985,.6448899841308594,.0854573059082031,.2273108673095703,HUN,.6448899841308594,1,1,.0376878496686318,.0243045167747302,-.0082219616412187,.0160825551335115,1,.0243045167747302,.0160825551335115,0,0,.0109100341796875,2007,.0194596099853516,2006,0,0,1,1,1,1,1,1,1,0,.0314590484442939,0,.0166264714432904,0,.0314590484442939,0,.002688405526485
Hungary,HUN,2007,.5263805389404297,.6558000183105469,.083329610824585,.3512478561401368,HUN,.6558000183105469,1,1,.0387561271915331,.0254162689218533,.0053490239074881,.0307652928293414,1,.0254162689218533,.0307652928293414,0,0,.0622100067138671,2008,-.0021310424804688,2007,0,0,1,1,1,1,1,1,1,0,.0461417861401238,0,.0242881382561124,0,.0461417861401238,0,.0038449770818077
Hungary,HUN,2008,.5280493927001954,.718010025024414,.0800400066375732,.1697909812927246,HUN,.718010025024414,1,1,.0442240572305951,.0317533164388207,-.0145203359140117,.017232980524809,1,.0317533164388207,.017232980524809,0,0,.0638700103759766,2009,.0016688537597657,2008,0,0,1,1,1,1,1,1,1,0,.0326094738355914,0,.0172194128551569,0,.0326094738355914,0,.0026100625022485
Hungary,HUN,2009,.5343012237548828,.7818800354003906,.0864033508300781,.1393961696624756,HUN,.7818800354003906,1,1,.0499473373253059,.0390528258760654,-.0178485396511034,.0212042862249621,1,.0390528258760654,.0212042862249621,0,0,.0198600006103515,2010,.0062518310546874,2009,0,0,1,1,1,1,1,1,1,0,.0365807795357445,0,.0195451552718558,0,.0365807795357445,0,.0031607019278647
Hungary,HUN,2010,.5220717239379883,.8017400360107422,.0843094539642334,.1245684070587158,HUN,.8017400360107422,1,1,.0517231828756528,.0414685465013161,-.0194721659301828,.0219963805711333,1,.0414685465013161,.0219963805711333,0,0,.0029399871826172,2011,-.0122294998168945,2010,0,0,1,1,1,1,1,1,1,0,.0373728738819157,0,.0195113206960487,0,.0373728738819157,0,.0031508865900585
Hungary,HUN,2011,.5295536804199219,.8046800231933594,.0848588371276855,.2067360954284668,HUN,.8046800231933594,1,1,.0520452938203281,.0418798082384468,-.0104748801161714,.0314049281222754,1,.0418798082384468,.0314049281222754,0,0,-.0210400390625001,2012,.0074819564819336,2011,0,0,1,1,1,1,1,1,1,0,.0467814214330578,0,.0247732738951512,0,.0467814214330578,0,.0039698170219895
Hungary,HUN,2012,.5277416229248046,.7836399841308593,.0894345378875732,.2842599983215332,HUN,.7836399841308593,1,1,.0502073255162873,.0393444677708362,-.0019860845131135,.0373583832577227,1,.0393444677708362,.0373583832577227,0,0,-.0114399719238281,2013,-.0018120574951173,2012,0,0,1,1,1,1,1,1,1,0,.0527348765685051,0,.0278303893450022,0,.0527348765685051,0,.0047163193164625
Hungary,HUN,2013,.5260812377929688,.7722000122070313,.0895937347412109,.1760455589294434,HUN,.7722000122070313,1,1,.0491024213796917,.0379168903887927,-.0138354654526419,.0240814249361508,1,.0379168903887927,.0240814249361508,0,0,-.0072900390625,2014,-.0016603851318359,2013,0,0,1,1,1,1,1,1,1,0,.0394579182469332,0,.0207580704720804,0,.0394579182469332,0,.0035351822608561
Hungary,HUN,2014,.5178754425048828,.7649099731445312,.0791440010070801,.2050434646606445,HUN,.7649099731445312,1,1,.0484670948272648,.0370729642027166,-.0106602216183828,.0264127425843337,1,.0370729642027166,.0264127425843337,0,0,-.0076699829101562,2015,-.008205795288086,2014,0,0,1,1,1,1,1,1,1,0,.0417892358951161,0,.0216416190311242,0,.0417892358951161,0,.0033073673277682
Hungary,HUN,2015,.5119051742553711,.757239990234375,.0686025094985962,.3753337707519531,HUN,.757239990234375,1,1,.0478967824117948,.0362693590457655,.0079864092611956,.0442557683069611,1,.0362693590457655,.0442557683069611,0,0,-.0107799530029298,2016,-.0059702682495117,2015,0,0,1,1,1,1,1,1,1,0,.0596322616177435,0,.0305260632746728,0,.0596322616177435,0,.004090922794054
Hungary,HUN,2016,.5001173782348632,.7464600372314453,.0665894079208374,.1596946754455567,HUN,.7464600372314453,1,1,.0467758298753234,.0349162877102657,-.0156258720581451,.0192904156521206,1,.0349162877102657,.0192904156521206,0,0,-.0264400482177733,2017,-.0117877960205078,2016,0,0,1,1,1,1,1,1,1,0,.034666908962903,0,.0173375236220337,0,.034666908962903,0,.0023084489422853
Hungary,HUN,2017,.4989916229248047,.7200199890136719,.0582910919189453,.1817909355163574,HUN,.7200199890136719,1,1,.0444132620247792,.0319784364351428,-.0132063520348593,.0187720844002836,1,.0319784364351428,.0187720844002836,0,0,-.0318599700927735,2018,-.0011257553100585,2017,0,0,1,1,1,1,1,1,1,0,.034148577711066,0,.0170398542126186,0,.034148577711066,0,.001990557882257
Hungary,HUN,2018,.4927258682250977,.6881600189208984,.0514632129669189,.3788573455810547,HUN,.6881600189208984,1,1,.0416860427269662,.0286866679517264,.0083722374432156,.037058905394942,1,.0286866679517264,.037058905394942,0,0,-.0382800292968749,2019,-.006265754699707,2018,0,0,1,1,1,1,1,1,1,0,.0524353987057244,0,.0258362773530072,0,.0524353987057244,0,.002698494090598
Hungary,HUN,2019,.4958934402465821,.6498799896240235,.0491533946990967,,HUN,.6498799896240235,0,0,,,,,0,,,,0,.1369899749755858,2020,.0031675720214844,2019,2,2,0,0,0,0,0,0,0,,,,,,,,
Hungary,HUN,2020,.4958007431030274,.7868699645996093,.0498116827011108,,HUN,.7868699645996093,0,0,,,,,0,,,,0,-.0247200012207031,2021,-.0000926971435547,2020,2,2,0,0,0,0,0,0,0,,,,,,,,
Hungary,HUN,2021,.4971049118041992,.7621499633789063,.0507113742828369,,HUN,.7621499633789063,0,0,,,,,0,,,,0,-.0213399505615235,2022,.0013041687011719,2021,2,2,0,0,0,0,0,0,0,,,,,,,,
Hungary,HUN,2022,.4918498992919922,.7408100128173828,.0532939624786377,,HUN,.7408100128173828,0,0,,,,,0,,,,0,-.0084700012207031,2023,-.0052550125122071,2022,2,2,0,0,0,0,0,0,0,,,,,,,,
Hungary,HUN,2023,.4936179733276367,.7323400115966797,.0847489452362061,,HUN,.7323400115966797,0,0,,,,,0,,,,0,,,.0017680740356446,2023,3,2,0,0,0,0,0,0,0,,,,,,,,
Indonesia,IDN,1995,.3445194625854492,,.0959515476226807,.0176575035884463,IDN,,0,0,,,,,0,,,,,,,,,3,3,0,0,0,0,0,0,0,,,,,,,,
Indonesia,IDN,1996,.3446493530273437,,.08203688621521,.0045696574968419,IDN,,0,0,,,,,0,,,,,,,.0001298904418945,1996,3,2,0,0,0,0,0,0,0,,,,,,,,
Indonesia,IDN,1997,.3352079391479492,,.1044597625732422,.1053178133283343,IDN,,0,0,,,,,0,,,,,,,-.0094414138793945,1997,3,2,0,0,0,0,0,0,0,,,,,,,,
Indonesia,IDN,1998,.3247400665283203,,.2113007164001465,.2938828992843628,IDN,,0,0,,,,,0,,,,,,,-.0104678726196289,1998,3,2,0,0,0,0,0,0,0,,,,,,,,
Indonesia,IDN,1999,.3286137771606445,,.2272054100036621,.0138138377204024,IDN,,0,0,,,,,0,,,,,,,.0038737106323242,1999,3,2,0,0,0,0,0,0,0,,,,,,,,
Indonesia,IDN,2000,.3303868865966797,.8743699645996094,.2467058753967285,.0414592754018718,IDN,.8743699645996094,0,0,,,,,0,,,,0,-.1373499298095703,2001,.0017731094360351,2000,2,2,0,0,0,0,0,0,0,,,,,,,,
Indonesia,IDN,2001,.3253396224975586,.7370200347900391,.2742180824279785,.0917806065904683,IDN,.7370200347900391,0,0,,,,,0,,,,0,-.1136300277709961,2002,-.0050472640991211,2001,2,2,0,0,0,0,0,0,0,,,,,,,,
Indonesia,IDN,2002,.3207527542114258,.623390007019043,.2705314064025879,.1975945908447792,IDN,.623390007019043,0,0,,,,,0,,,,0,-.0669599914550781,2003,-.0045868682861328,2002,2,2,0,0,0,0,0,0,0,,,,,,,,
Indonesia,IDN,2003,.3135696220397949,.5564300155639649,.1745131301879883,.1096415583018599,IDN,.5564300155639649,0,1,,,-.0211066420513023,,0,,,,0,-.0431500244140626,2004,-.0071831321716309,2003,1,1,0,0,0,1,0,1,0,,,,,,,,
Indonesia,IDN,2004,.3189251899719238,.5132799911499023,.1423775100708008,.1408380057130541,IDN,.5132799911499023,1,1,.0257898370138946,.0132374073142492,-.01769065993827,-.0044532526240207,1,.0132374073142492,-.0044532526240207,0,0,-.0871599960327148,2005,.0053555679321289,2004,0,0,1,1,1,1,1,1,1,0,.0109232406867617,0,.0034836966111345,0,.0109232406867617,0,.0015552238108852
Indonesia,IDN,2005,.3454778671264648,.4261199951171875,.1209966373443603,.1061212097673581,IDN,.4261199951171875,1,1,.0179260931549113,.0076386667276411,-.0214921169570502,-.0138534502294091,1,.0076386667276411,-.0138534502294091,0,0,-.0676399993896484,2006,.026552677154541,2005,0,0,1,1,1,1,1,1,1,0,.0015230430813733,0,.0005261776752946,0,.0015230430813733,0,.0001842830913768
Indonesia,IDN,2006,.4232883071899414,.3584799957275391,.1153805351257324,.1370992778848719,IDN,.3584799957275391,1,1,.0118641409286869,.0042530571894266,-.0181000471745225,-.0138469899850959,1,.0042530571894266,-.0138469899850959,0,0,.0227299880981445,2007,.0778104400634766,2006,0,0,1,1,1,1,1,1,1,0,.0015295033256865,0,.0006474208735712,0,.0015295033256865,0,.0001764749121943
Indonesia,IDN,2007,.4351648712158203,.3812099838256836,.1044876861572266,.0563384424788611,IDN,.3812099838256836,1,1,.0138518348537063,.0052804577405374,-.0269432838913254,-.021662826150788,1,.0052804577405374,-.021662826150788,0,0,-.0786899757385254,2008,.0118765640258789,2007,0,0,1,1,1,1,1,1,1,.0062863328400056,0,.0027355912207408,0,.0062863328400056,0,.0006568443728664,0
Indonesia,IDN,2008,.4439851379394531,.3025200080871582,.0839675045013428,.0494041365605813,IDN,.3025200080871582,1,1,.0067694076022241,.0020478812425701,-.027702583970303,-.0256547027277329,1,.0020478812425701,-.0256547027277329,0,0,-.0376900100708008,2009,.0088202667236328,2008,0,0,1,1,1,1,1,1,1,.0102782094169505,0,.0045633722257553,0,.0102782094169505,0,.0008630355954835,0
Indonesia,IDN,2009,.4455274963378906,.2648299980163574,.101417236328125,.0970877633775983,IDN,.2648299980163574,1,1,.0034129543405153,.0009038526912286,-.0224812709744843,-.0215774182832558,1,.0009038526912286,-.0215774182832558,0,0,-.0011999893188477,2010,.0015423583984375,2009,0,0,1,1,1,1,1,1,1,.0062009249724734,0,.0027626825779652,0,.0062009249724734,0,.0006288806733863,0
Indonesia,IDN,2010,.4670098495483399,.2636300086975097,.0822679615020752,.1010745446846403,IDN,.2636300086975097,1,1,.0033078232289787,.0008720414666255,-.0220447221119193,-.0211726806452938,1,.0008720414666255,-.0211726806452938,0,0,-.0325699996948242,2011,.0214823532104492,2010,0,0,1,1,1,1,1,1,1,.0057961873345114,0,.0027068765750442,0,.0057961873345114,0,.0004768405164944,0
Indonesia,IDN,2011,.4722347640991211,.2310600090026856,.0700176382064819,.0740353513615472,IDN,.2310600090026856,1,1,.0003594202351279,.0000830476427644,-.025005488750667,-.0249224411079026,1,.0000830476427644,-.0249224411079026,0,0,-.001510009765625,2012,.0052249145507812,2011,0,0,1,1,1,1,1,1,1,.0095459477971202,0,.0045079284060756,0,.0095459477971202,0,.0006683847191967,0
Indonesia,IDN,2012,.4819465637207031,.2295499992370605,.067598123550415,,IDN,.2295499992370605,0,0,,,,,0,,,,0,.0192900085449219,2013,.009711799621582,2012,2,2,0,0,0,0,0,0,0,,,,,,,,
Indonesia,IDN,2013,.489600830078125,.2488400077819824,.0702680253982544,,IDN,.2488400077819824,0,0,,,,,0,,,,0,-.0023900032043457,2014,.0076542663574219,2013,2,2,0,0,0,0,0,0,0,,,,,,,,
Indonesia,IDN,2014,.3474621963500977,.2464500045776367,.0762681150436401,,IDN,.2464500045776367,0,0,,,,,0,,,,0,.0236800003051758,2015,-.1421386337280273,2014,2,2,0,0,0,0,0,0,0,,,,,,,,
Indonesia,IDN,2015,.3446750259399414,.2701300048828125,.0910068511962891,,IDN,.2701300048828125,0,0,,,,,0,,,,0,.009419994354248,2016,-.0027871704101562,2015,2,2,0,0,0,0,0,0,0,,,,,,,,
Indonesia,IDN,2016,.3506935119628906,.2795499992370605,.1026462364196777,,IDN,.2795499992370605,0,0,,,,,0,,,,0,.0144099998474121,2017,.0060184860229492,2016,2,2,0,0,0,0,0,0,0,,,,,,,,
Indonesia,IDN,2017,.3703780746459961,.2939599990844727,.1124118518829346,,IDN,.2939599990844727,0,0,,,,,0,,,,0,.0102700042724609,2018,.0196845626831055,2017,2,2,0,0,0,0,0,0,0,,,,,,,,
Indonesia,IDN,2018,.3792924499511719,.3042300033569336,.116480131149292,,IDN,.3042300033569336,0,0,,,,,0,,,,0,.0013999938964844,2019,.0089143753051758,2018,2,2,0,0,0,0,0,0,0,,,,,,,,
Indonesia,IDN,2019,.3777894592285156,.305629997253418,.1220213031768799,,IDN,.305629997253418,0,0,,,,,0,,,,0,.0918400192260742,2020,-.0015029907226563,2019,2,2,0,0,0,0,0,0,0,,,,,,,,
Indonesia,IDN,2020,.3861754226684571,.3974700164794922,.1646696853637695,,IDN,.3974700164794922,0,0,,,,,0,,,,0,.0139299774169921,2021,.0083859634399414,2020,2,2,0,0,0,0,0,0,0,,,,,,,,
Indonesia,IDN,2021,.3914960861206055,.4113999938964844,.1474597263336182,,IDN,.4113999938964844,0,0,,,,,0,,,,0,-.009990005493164,2022,.0053206634521484,2021,2,2,0,0,0,0,0,0,0,,,,,,,,
Indonesia,IDN,2022,.3929931259155273,.4014099884033203,.1319063568115234,,IDN,.4014099884033203,0,0,,,,,0,,,,0,-.0053999710083008,2023,.0014970397949218,2022,2,2,0,0,0,0,0,0,0,,,,,,,,
Indonesia,IDN,2023,.3981292724609375,.3960100173950195,.1404468154907227,,IDN,.3960100173950195,0,0,,,,,0,,,,0,,,.0051361465454102,2023,3,2,0,0,0,0,0,0,0,,,,,,,,
India,IND,1995,.354976806640625,.7087599945068359,.1851811027526855,.1146358333184169,IND,.7087599945068359,0,0,,,,,0,,,,0,-.037429962158203,1996,,,1,2,0,0,0,1,0,0,0,,,,,,,,
India,IND,1996,.3554083251953125,.6713300323486329,.1940087127685547,.0553296089401612,IND,.6713300323486329,0,1,,,-.0270537502299378,,0,,,,0,.0187499999999999,1997,.0004315185546875,1996,1,1,0,0,0,1,0,1,0,,,,,,,,
India,IND,1997,.3563098526000977,.6900800323486328,.2008257102966308,.0606175326957152,IND,.6900800323486328,0,1,,,-.0264747274737258,,0,,,,0,.0027599334716797,1998,.0009015274047852,1997,1,1,0,0,0,1,0,1,0,,,,,,,,
India,IND,1998,.3576129913330078,.6928399658203125,.2162410926818848,.1828534752589006,IND,.6928399658203125,0,1,,,-.0130900049166418,,0,,,,0,.0198300170898438,1999,.0013031387329102,1998,1,1,0,0,0,1,0,1,0,,,,,,,,
India,IND,1999,.3606731033325195,.7126699829101563,.2231616973876953,.1662788904630221,IND,.7126699829101563,1,1,.0437412959417547,.0311731086312784,-.0149049066087282,.0162682020225502,1,.0311731086312784,.0162682020225502,0,0,.0367400360107422,2000,.0030601119995117,1999,0,0,1,1,1,1,1,1,1,0,.0316446953333326,0,.0114133904698852,0,.0316446953333326,0,.007061883923903
India,IND,2000,.3637935256958008,.7494100189208984,.2412174034118652,.1978891683541811,IND,.7494100189208984,1,1,.0470679705955526,.0352732087345814,-.0114436104412218,.0238295982933596,1,.0352732087345814,.0238295982933596,0,0,.0516899871826172,2001,.0031204223632813,2000,0,0,1,1,1,1,1,1,1,0,.039206091604142,0,.0142629222934233,0,.039206091604142,0,.0094571916146789
India,IND,2001,.3565397262573242,.8011000061035156,.2659630012512207,.1910110940383031,IND,.8011000061035156,1,1,.0517122598192737,.0414266916568467,-.0121967532117898,.0292299384450569,1,.0414266916568467,.0292299384450569,0,0,.0419400024414063,2002,-.0072537994384765,2001,0,0,1,1,1,1,1,1,1,0,.0446064317558393,0,.015903964967543,0,.0446064317558393,0,.0118636604648908
India,IND,2002,.3493124771118164,.8430400085449219,.2684143447875977,.2885131890040177,IND,.8430400085449219,1,1,.0555528875551059,.0468333067991515,-.0015203640705522,.0453129427285994,1,.0468333067991515,.0453129427285994,0,0,.015790023803711,2003,-.0072272491455078,2002,0,0,1,1,1,1,1,1,1,0,.0606894360393818,0,.0211995772374356,0,.0606894360393818,0,.0162899152100395
India,IND,2003,.3498622131347656,.8588300323486329,.2662849807739258,.1158123328594061,IND,.8588300323486329,1,1,.0568518431232534,.0488260702686231,-.0204309479495256,.0283951223190976,1,.0488260702686231,.0283951223190976,0,0,-.0099300384521485,2004,.0005497360229492,2003,0,0,1,1,1,1,1,1,1,0,.04377161562988,0,.0153140343167541,0,.04377161562988,0,.0116557238264463
India,IND,2004,.3528639602661133,.8488999938964844,.2603879547119141,.1998126894694108,IND,.8488999938964844,1,1,.0560176805711912,.0475534086949794,-.011232986659704,.0363204220352753,1,.0475534086949794,.0363204220352753,0,0,-.0251200103759766,2005,.0030017471313477,2004,0,0,1,1,1,1,1,1,1,0,.0516969153460577,0,.0182419782825519,0,.0516969153460577,0,.0134612540518749
India,IND,2005,.3818387985229492,.8237799835205079,.258254222869873,.1237540726019786,IND,.8237799835205079,1,1,.0537049353356758,.044241050745793,-.0195613347993676,.0246797159464254,1,.044241050745793,.0246797159464254,0,0,-.0448500061035156,2006,.0289748382568359,2005,0,0,1,1,1,1,1,1,1,0,.0400562092572078,0,.0152950148161561,0,.0400562092572078,0,.0103446851928332
India,IND,2006,.4539554595947266,.7789299774169922,.2383944702148438,.2762229414169605,IND,.7789299774169922,1,1,.0497780545530604,.0387736189088771,-.0028661348042756,.0359074841046016,1,.0387736189088771,.0359074841046016,0,0,-.0247899627685547,2007,.0721166610717773,2006,0,0,1,1,1,1,1,1,1,0,.051283977415384,0,.0232806415374462,0,.051283977415384,0,.0122258166264505
India,IND,2007,.45267333984375,.7541400146484375,.2169693183898926,.133519607094618,IND,.7541400146484375,1,1,.0474482100199081,.0357825937994557,-.0184920178123607,.0172905759870949,1,.0357825937994557,.0172905759870949,0,0,-.01072998046875,2008,-.0012821197509765,2007,0,0,1,1,1,1,1,1,1,0,.0326670692978773,0,.0147875113619774,0,.0326670692978773,0,.0070877517593558
India,IND,2008,.4564712142944336,.7434100341796875,.2366066932678223,.1667740964087156,IND,.7434100341796875,1,1,.0465064752582949,.0345733803613458,-.014850682016086,.0197226983452598,1,.0345733803613458,.0197226983452598,0,0,-.0160600280761719,2009,.0037978744506836,2008,0,0,1,1,1,1,1,1,1,0,.0350991916560422,0,.0160217706359866,0,.0350991916560422,0,.0083047036741097
India,IND,2009,.4533467102050781,.7273500061035156,.2467890930175781,.3136849371286539,IND,.7273500061035156,1,1,.0451651303046414,.032850857802747,.0012359190476551,.034086776850402,1,.032850857802747,.034086776850402,0,0,-.0505999755859375,2010,-.0031245040893555,2009,0,0,1,1,1,1,1,1,1,0,.0494632701611844,0,.022424010803558,0,.0494632701611844,0,.0122069955807621
India,IND,2010,.4789550018310547,.6767500305175781,.2239708137512207,.2666729911015584,IND,.6767500305175781,1,1,.0405810485001969,.0274632258109436,-.0039118455234408,.0235513802875027,1,.0274632258109436,.0235513802875027,0,0,.0102399444580078,2011,.0256082916259766,2010,0,0,1,1,1,1,1,1,1,0,.0389278735982851,0,.0186446997705457,0,.0389278735982851,0,.0087187075274126
India,IND,2011,.4797678756713867,.6869899749755859,.2252864074707031,.1460241118302712,IND,.6869899749755859,1,1,.0414173574807117,.028453309379229,-.0171227861192035,.0113305232600256,1,.028453309379229,.0113305232600256,0,0,-.0055299377441406,2012,.0008128738403321,2011,0,0,1,1,1,1,1,1,1,0,.026707016570808,0,.0128131686056971,0,.026707016570808,0,.0060167278174979
India,IND,2012,.4818261337280274,.6814600372314453,.2199738311767578,.1702371363456433,IND,.6814600372314453,1,1,.0409369795497279,.0278969156081005,-.014471482348722,.0134254332593785,1,.0278969156081005,.0134254332593785,0,0,-.0012800598144531,2013,.0020582580566406,2012,0,0,1,1,1,1,1,1,1,0,.0288019265701609,0,.0138775209232192,0,.0288019265701609,0,.0063356701329099
India,IND,2013,.4864834976196289,.6801799774169922,.2327056884765625,.1272836218430446,IND,.6801799774169922,1,1,.0407916946555747,.0277456939496296,-.019174852424768,.0085708415248616,1,.0277456939496296,.0085708415248616,0,0,-.003759994506836,2014,.0046573638916015,2013,0,0,1,1,1,1,1,1,1,0,.023947334835644,0,.0116499832095125,0,.023947334835644,0,.0055726810401073
India,IND,2014,.2864907646179199,.6764199829101563,.2348583030700684,.2284563553333283,IND,.6764199829101563,1,1,.0405245351984224,.0274116054063589,-.0080965317629933,.0193150736433656,1,.0274116054063589,.0193150736433656,0,0,.0211299896240235,2015,-.1999927330017089,2014,0,0,1,1,1,1,1,1,1,0,.0346915669541479,0,.0099388135424876,0,.0346915669541479,0,.0081476025456928
India,IND,2015,.2900757217407227,.6975499725341797,.2277212905883789,.2727998204414661,IND,.6975499725341797,1,1,.0424561446754471,.0296152825522653,-.0032409633823155,.0263743191699498,1,.0296152825522653,.0263743191699498,0,0,.0006000518798828,2016,.0035849571228027,2015,0,0,1,1,1,1,1,1,1,0,.0417508124807322,0,.01211089706361,0,.0417508124807322,0,.0095075489012257
India,IND,2016,.3183631324768066,.6981500244140625,.2287648963928223,.3479012393951416,IND,.6981500244140625,1,1,.0425628358822311,.0297152449103114,.004982572471868,.0346978173821794,1,.0297152449103114,.0346978173821794,0,0,.0096099853515625,2017,.028287410736084,2016,0,0,1,1,1,1,1,1,1,0,.0500743106929618,0,.0159418144088282,0,.0500743106929618,0,.0114552444976174
India,IND,2017,.3337811660766601,.707760009765625,.2324951934814453,.2999634416286762,IND,.707760009765625,1,1,.0433935280063431,.0307122038055343,-.0002665720076296,.0304456317979047,1,.0307122038055343,.0304456317979047,0,0,.0090699768066406,2018,.0154180335998535,2017,0,0,1,1,1,1,1,1,1,0,.0458221251086871,0,.0152945623508882,0,.0458221251086871,0,.0106534238428752
India,IND,2018,.343001823425293,.7168299865722656,.233959846496582,.2015323198758639,IND,.7168299865722656,1,1,.04414020422693,.0316410220032873,-.0110446887220561,.0205963332812312,1,.0316410220032873,.0205963332812312,0,0,.0498200225830079,2019,.0092206573486328,2018,0,0,1,1,1,1,1,1,1,0,.0359728265920136,0,.0123387451148225,0,.0359728265920136,0,.0084161969875157
India,IND,2019,.3589312744140625,.7666500091552735,.2450283813476563,,IND,.7666500091552735,0,0,,,,,0,,,,0,.1389699554443359,2020,.0159294509887695,2019,2,2,0,0,0,0,0,0,0,,,,,,,,
India,IND,2020,.3828433990478516,.9056199645996094,.3088962936401367,,IND,.9056199645996094,0,0,,,,,0,,,,0,-.0484899902343749,2021,.0239121246337891,2020,2,2,0,0,0,0,0,0,0,,,,,,,,
India,IND,2021,.3874897766113281,.8571299743652344,.2536808586120605,,IND,.8571299743652344,0,0,,,,,0,,,,0,-.0111499786376954,2022,.0046463775634765,2021,2,2,0,0,0,0,0,0,0,,,,,,,,
India,IND,2022,.3948036575317383,.845979995727539,.2526534080505371,,IND,.845979995727539,0,0,,,,,0,,,,0,.0041200256347657,2023,.0073138809204102,2022,2,2,0,0,0,0,0,0,0,,,,,,,,
India,IND,2023,.3937143707275391,.8501000213623047,.2485581588745117,,IND,.8501000213623047,0,0,,,,,0,,,,0,,,-.0010892868041992,2023,3,2,0,0,0,0,0,0,0,,,,,,,,
Ireland,IRL,1995,.5144368743896485,.7852200317382813,.1241005802154541,.2049558544158936,IRL,.7852200317382813,0,0,,,,,0,,,,0,-.0868900299072266,1996,,,2,3,0,0,0,0,0,0,0,,,,,,,,
Ireland,IRL,1996,.5179631423950195,.6983300018310546,.1042134380340576,.0246804589033127,IRL,.6983300018310546,0,0,,,,,0,,,,0,-.0825500106811523,1997,.003526268005371,1996,2,2,0,0,0,0,0,0,0,,,,,,,,
Ireland,IRL,1997,.5222994995117187,.6157799911499023,.0898147678375244,.1290041756629944,IRL,.6157799911499023,0,0,,,,,0,,,,0,-.1016399765014648,1998,.0043363571166992,1997,2,2,0,0,0,0,0,0,0,,,,,,,,
Ireland,IRL,1998,.5282943344116211,.5141400146484375,.0838666915893555,.1567301034927368,IRL,.5141400146484375,0,0,,,,,0,,,,0,-.0484400177001953,1999,.0059948348999024,1998,2,2,0,0,0,0,0,0,0,,,,,,,,
Ireland,IRL,1999,.5324316787719726,.4656999969482422,.0580385637283325,.0743560969829559,IRL,.4656999969482422,0,0,,,,,0,,,,0,-.1015800094604493,2000,.0041373443603515,1999,2,2,0,0,0,0,0,0,0,,,,,,,,
Ireland,IRL,2000,.5370883941650391,.364119987487793,.0454224634170532,.0539110743999481,IRL,.364119987487793,1,1,.0123130168377994,.0044834155369165,-.0272090784489563,-.0227256629120398,1,.0044834155369165,-.0227256629120398,0,0,-.0283399963378906,2001,.0046567153930664,2000,0,0,1,1,1,1,1,1,1,.0073491696012574,0,.0039471536995858,0,.0073491696012574,0,.0003338173873588,0
Ireland,IRL,2001,.5379903411865234,.3357799911499024,.0323856091499329,.036230434179306,IRL,.3357799911499024,1,1,.0097516398786791,.0032744055521599,-.0291450921861808,-.0258706866340209,1,.0032744055521599,-.0258706866340209,0,0,-.026879997253418,2002,.0009019470214844,2001,0,0,1,1,1,1,1,1,1,.0104941933232385,0,.0056457746464464,0,.0104941933232385,0,.0003398608433102,0
Ireland,IRL,2002,.5394630432128906,.3088999938964844,.0347960448265076,.0951075577735901,IRL,.3088999938964844,1,1,.0073753221304275,.0022782369610736,-.0226981016550506,-.020419864693977,1,.0022782369610736,-.020419864693977,0,0,-.0105799865722656,2003,.0014727020263672,2002,0,0,1,1,1,1,1,1,1,.0050433713831946,0,.0027207124744309,0,.0050433713831946,0,.0001754893767264,0
Ireland,IRL,2003,.5370474624633789,.2983200073242188,.0330798816680908,.166896710395813,IRL,.2983200073242188,1,1,.0064741294763183,.0019313623527932,-.0148372558980024,-.0129058935452091,1,.0019313623527932,-.0129058935452091,0,0,-.0172900009155273,2004,-.0024155807495118,2003,0,0,1,1,1,1,1,1,1,0,.0024705997655733,0,.0013268293348637,0,.0024705997655733,0,.0000817271478944
Ireland,IRL,2004,.5349951934814453,.2810300064086914,.0281946063041687,.0754944932460785,IRL,.2810300064086914,1,1,.0048548622994998,.0013643619831417,-.0248457140650357,-.023481352081894,1,.0013643619831417,-.023481352081894,0,0,-.0204300117492676,2005,-.0020522689819336,2004,0,0,1,1,1,1,1,1,1,.0081048587711116,0,.0043360604863906,0,.0081048587711116,0,.0002285133022024,0
Ireland,IRL,2005,.5454580688476562,.2605999946594239,.0248323321342468,.1384833931922913,IRL,.2605999946594239,1,1,.003061557708045,.0007978419223661,-.0179484878296331,-.017150645907267,1,.0007978419223661,-.017150645907267,0,0,-.024069995880127,2006,.0104628753662109,2005,0,0,1,1,1,1,1,1,1,.0017741525964846,0,.0009677258491195,0,.0017741525964846,0,.0000440563465327,0
Ireland,IRL,2006,.5997607421875,.2365299987792969,.020309317111969,.1842745065689087,IRL,.2365299987792969,1,1,.0009287916462375,.0002196870869508,-.012934403303642,-.0127147162166912,1,.0002196870869508,-.0127147162166912,0,0,.0029500007629395,2007,.0543026733398437,2006,0,0,1,1,1,1,1,1,1,0,.0026617770940912,0,.0015964294054898,0,.0026617770940912,0,.0000540588750853
Ireland,IRL,2007,.6106244277954102,.2394799995422363,.0172941958904266,.1847316551208496,IRL,.2394799995422363,1,1,.0011944424916318,.0002860450873492,-.012884345960386,-.0125983008730368,1,.0002860450873492,-.0125983008730368,0,0,.1856599998474121,2008,.0108636856079102,2007,0,0,1,1,1,1,1,1,1,0,.0027781924377456,0,.0016964321676039,0,.0027781924377456,0,.0000480466042397
Ireland,IRL,2008,.6097007369995118,.4251399993896484,.0201581382751465,.1093326187133789,IRL,.4251399993896484,1,1,.01784020446759,.0075845845164624,-.0211404706502562,-.0135558861337938,1,.0075845845164624,-.0135558861337938,0,0,.1925099945068359,2009,-.0009236907958984,2008,0,0,1,1,1,1,1,1,1,0,.0018206071769886,0,.0011100255375966,0,.0018206071769886,0,.0000367000512185
Ireland,IRL,2009,.6045339965820312,.6176499938964843,.0437259483337402,.1014902925491333,IRL,.6176499938964843,1,1,.0351494956547038,.0217100857765923,-.0219991981056143,-.0002891123290221,1,.0217100857765923,-.0002891123290221,0,0,.2446700286865234,2010,-.0051667404174806,2009,0,0,1,1,1,1,1,1,1,0,.0150873809817603,0,.0091208347228593,0,.0150873809817603,0,.0006597100412999
Ireland,IRL,2010,.5989726257324218,.8623200225830078,.0668556785583496,.0310563969612122,IRL,.8623200225830078,1,1,.0571062423492406,.0492438561922279,-.0297116444719655,.0195322117202624,1,.0492438561922279,.0195322117202624,0,0,.2335799407958984,2011,-.0055613708496094,2010,0,0,1,1,1,1,1,1,1,0,.0349087050310448,0,.0209093587133635,0,.0349087050310448,0,.0023338451624438
Ireland,IRL,2011,.594577522277832,1.095899963378906,.0726717185974121,.1816961860656738,IRL,1.095899963378906,1,1,.0782207143321752,.0857220779721027,-.0132167270119997,.072505350960103,1,.0857220779721027,.072505350960103,0,0,.0932100677490235,2012,-.0043951034545898,2011,0,0,1,1,1,1,1,1,1,0,.0878818442708854,0,.0522525692197893,0,.0878818442708854,0,.0063865246566754
Ireland,IRL,2012,.5856418609619141,1.18911003112793,.095100269317627,.135124659538269,IRL,1.18911003112793,1,1,.0865715513601531,.1029431001326648,-.018316266055575,.0846268340770898,1,.1029431001326648,.0846268340770898,0,0,-.0123600006103515,2013,-.0089356613159179,2012,0,0,1,1,1,1,1,1,1,0,.1000033273878722,0,.058566134753817,0,.1000033273878722,0,.0095103433672455
Ireland,IRL,2013,.6016986846923829,1.176750030517578,.1035571670532227,.0701150786876679,IRL,1.176750030517578,1,1,.0854142274860378,.1005111948008303,-.0254347549794676,.0750764398213627,1,.1005111948008303,.0750764398213627,0,0,-.1628800201416016,2014,.0160568237304688,2013,0,0,1,1,1,1,1,1,1,0,.0904529331321451,0,.0544254108921797,0,.0904529331321451,0,.0093670495068195
Ireland,IRL,2014,.6238945388793945,1.013870010375977,.0987134838104248,.1179996562004089,IRL,1.013870010375977,1,1,.0707980347170103,.0717800041931339,-.0201914380684869,.051588566124647,1,.0717800041931339,.051588566124647,0,0,-.2735600280761719,2015,.0221958541870116,2014,0,0,1,1,1,1,1,1,1,0,.0669650594354294,0,.0417791348774985,0,.0669650594354294,0,.0066103543104434
Ireland,IRL,2015,.6322943878173828,.7403099822998047,.0880177783966064,.1605402565002441,IRL,.7403099822998047,1,1,.0462232732331257,.0342195505890543,-.0155332817154096,.0186862688736447,1,.0342195505890543,.0186862688736447,0,0,-.0134799957275391,2016,.0083998489379883,2015,0,0,1,1,1,1,1,1,1,0,.0340627621844271,0,.0215376933627715,0,.0340627621844271,0,.0029981286535252
Ireland,IRL,2016,.6098842620849609,.7268299865722656,.0815578937530518,.0881139898300171,IRL,.7268299865722656,1,1,.0449600078857083,.0326782819278583,-.023463890870939,.0092143910569193,1,.0326782819278583,.0092143910569193,0,0,-.0746099853515625,2017,-.0224101257324218,2016,0,0,1,1,1,1,1,1,1,0,.0245908843677017,0,.0149975933666124,0,.0245908843677017,0,.0020055807345546
Ireland,IRL,2017,.6052163696289062,.6522200012207031,.0748538970947266,.0938034415245056,IRL,.6522200012207031,1,1,.0382534063250242,.0249496367200034,-.0228409011771074,.002108735542896,1,.0249496367200034,.002108735542896,0,0,-.038839988708496,2018,-.0046678924560547,2017,0,0,1,1,1,1,1,1,1,0,.0174852288536784,0,.0105823467289538,0,.0174852288536784,0,.001308837521291
Ireland,IRL,2018,.606895980834961,.6133800125122071,.0617626905441284,.2201149749755859,IRL,.6133800125122071,1,1,.0348487180484781,.0213755071126099,-.0090099051905658,.012365601922044,1,.0213755071126099,.012365601922044,0,0,-.0554800033569336,2019,.0016796112060548,2018,0,0,1,1,1,1,1,1,1,0,.0277420952328264,0,.0168365660967431,0,.0277420952328264,0,.0017134264429108
Ireland,IRL,2019,.591507568359375,.5579000091552735,.0510422658920288,,IRL,.5579000091552735,0,0,,,,,0,,,,0,.0110699844360351,2020,-.015388412475586,2019,2,2,0,0,0,0,0,0,0,,,,,,,,
Ireland,IRL,2020,.5920038986206054,.5689699935913086,.0453858470916748,,IRL,.5689699935913086,0,0,,,,,0,,,,0,-.0445299911499024,2021,.0004963302612304,2020,2,2,0,0,0,0,0,0,0,,,,,,,,
Ireland,IRL,2021,.5962212371826172,.5244400024414062,.0329358839988708,,IRL,.5244400024414062,0,0,,,,,0,,,,0,-.0950099945068359,2022,.0042173385620118,2021,2,2,0,0,0,0,0,0,0,,,,,,,,
Ireland,IRL,2022,.5986680603027343,.4294300079345703,.0271059966087341,,IRL,.4294300079345703,0,0,,,,,0,,,,0,-.0119200134277344,2023,.0024468231201171,2022,2,2,0,0,0,0,0,0,0,,,,,,,,
Ireland,IRL,2023,.6005150985717773,.417509994506836,.0182712280750275,,IRL,.417509994506836,0,0,,,,,0,,,,0,,,.001847038269043,2023,3,2,0,0,0,0,0,0,0,,,,,,,,
Iceland,ISL,1995,.564562759399414,.5610900115966797,.0648500680923462,.0511040687561035,ISL,.5610900115966797,0,0,,,,,0,,,,0,-.0241799926757813,1996,,,2,3,0,0,0,0,0,0,0,,,,,,,,
Iceland,ISL,1996,.561669921875,.5369100189208984,.0564577007293701,.0969543379545212,ISL,.5369100189208984,0,0,,,,,0,,,,0,-.0263600158691406,1997,-.002892837524414,1996,2,2,0,0,0,0,0,0,0,,,,,,,,
Iceland,ISL,1997,.5777142715454101,.5105500030517578,.0535890960693359,.0791012090444565,ISL,.5105500030517578,0,0,,,,,0,,,,0,-.0778400039672851,1998,.0160443496704101,1997,2,2,0,0,0,0,0,0,0,,,,,,,,
Iceland,ISL,1998,.6122592926025391,.4327099990844727,.0631679534912109,.0530567634105682,ISL,.4327099990844727,0,0,,,,,0,,,,0,.322660026550293,1999,.034545021057129,1998,2,2,0,0,0,0,0,0,0,,,,,,,,
Iceland,ISL,1999,.6147689819335938,.7553700256347656,.0412205791473389,.0729081118106842,ISL,.7553700256347656,0,0,,,,,0,,,,0,-.0069000244140625,2000,.0025096893310547,1999,2,2,0,0,0,0,0,0,0,,,,,,,,
Iceland,ISL,2000,.6477059173583984,.7484700012207032,.0318081450462341,.0595665323734283,ISL,.7484700012207032,0,1,,,-.0265898110361072,,0,,,,0,.0764900207519531,2001,.0329369354248047,2000,1,1,0,0,0,1,0,1,0,,,,,,,,
Iceland,ISL,2001,.64675048828125,.8249600219726563,.0215687108039856,.1024365723133087,ISL,.8249600219726563,0,1,,,-.0218955813474065,,0,,,,0,-.0118900299072265,2002,-.0009554290771484,2001,1,1,0,0,0,1,0,1,0,,,,,,,,
Iceland,ISL,2002,.6721984100341797,.8130699920654297,.0215008521080017,.2093308448791504,ISL,.8130699920654297,0,1,,,-.0101907574532763,,0,,,,0,.0276499938964844,2003,.0254479217529296,2002,1,1,0,0,0,1,0,1,0,,,,,,,,
Iceland,ISL,2003,.6761859130859375,.8407199859619141,.024383749961853,.2958964943885803,ISL,.8407199859619141,0,1,,,-.0007118989656546,,0,,,,0,-.0401300048828126,2004,.0039875030517578,2003,1,1,0,0,0,1,0,1,0,,,,,,,,
Iceland,ISL,2004,.6834093475341797,.8005899810791015,.021842315196991,.1868065989017487,ISL,.8005899810791015,0,1,,,-.0126571415371492,,0,,,,0,-.1230799865722656,2005,.0072234344482422,2004,1,1,0,0,0,1,0,1,0,,,,,,,,
Iceland,ISL,2005,.6877738189697266,.6775099945068359,.008761231303215,.1924848031997681,ISL,.6775099945068359,0,1,,,-.0120353834228192,,0,,,,0,.0207499694824219,2006,.0043644714355469,2005,1,1,0,0,0,1,0,1,0,,,,,,,,
Iceland,ISL,2006,.7097726440429688,.6982599639892578,-.0138897097110748,.2343898510932922,ISL,.6982599639892578,0,1,,,-.0074468194699033,,0,,,,0,-.0237999725341796,2007,.0219988250732422,2006,1,1,0,0,0,1,0,1,0,,,,,,,,
Iceland,ISL,2007,.7375817108154297,.6744599914550782,-.0150696218013763,.2052343010902405,ISL,.6744599914550782,1,1,.040331947143486,.0272022847257622,-.010639325205999,.0165629595197632,1,.0272022847257622,.0165629595197632,0,0,.4186299896240233,2008,.0278090667724609,2007,0,0,1,1,1,1,1,1,1,0,.0319394528305456,0,.0235579562612626,0,.0319394528305456,0,-.0004813154746992
Iceland,ISL,2008,.7222234344482422,1.093089981079101,-.0257923626899719,.1320142793655396,ISL,1.093089981079101,1,1,.077933101325799,.0851878922536534,-.0186568498052157,.0665310424484377,1,.0851878922536534,.0665310424484377,0,0,.1889800262451173,2009,-.0153582763671875,2008,0,0,1,1,1,1,1,1,1,0,.0819075357592201,0,.0591555417832161,0,.0819075357592201,0,-.0021125888693436
Iceland,ISL,2009,.7279548645019531,1.282070007324219,.0546723461151123,.1376439607143402,ISL,1.282070007324219,1,1,.0949343563004305,.1217124908774129,-.0180404049089076,.1036720859685053,1,.1217124908774129,.1036720859685053,0,0,.0329400634765624,2010,.0057314300537109,2009,0,0,1,1,1,1,1,1,1,0,.1190485792792877,0,.0866619923984039,0,.1190485792792877,0,.0065086651308696
Iceland,ISL,2010,.7283107757568359,1.315010070800781,.0558727550506592,.3740618419647217,ISL,1.315010070800781,1,1,.0980630273892693,.1289538685901019,.0078471342364159,.1368010028265178,1,.1289538685901019,.1368010028265178,0,0,.0512799072265624,2011,.0003559112548828,2010,0,0,1,1,1,1,1,1,1,0,.1521774961373002,0,.11083251026449,0,.1521774961373002,0,.008502575965902
Iceland,ISL,2011,.7260957336425782,1.366289978027344,.0504554510116577,.1316379845142364,ISL,1.366289978027344,1,1,.1025050800870159,.1400516636197801,-.018698053743098,.1213536098766821,1,.1400516636197801,.1213536098766821,0,0,-.04427001953125,2012,-.0022150421142577,2011,0,0,1,1,1,1,1,1,1,0,.1367301031874645,0,.0992791445849275,0,.1367301031874645,0,.006898779023194
Iceland,ISL,2012,.7090245056152343,1.322019958496094,.0636261749267578,.197025637626648,ISL,1.322019958496094,1,1,.0985692336903536,.130310494232313,-.0115381662565179,.1187723279757952,1,.130310494232313,.1187723279757952,0,0,-.1113699340820311,2013,-.0170712280273438,2012,0,0,1,1,1,1,1,1,1,0,.1341488212865776,0,.0951148016915821,0,.1341488212865776,0,.0085353763693982
Iceland,ISL,2013,.7098062133789063,1.210650024414063,.0684919261932373,.038410692512989,ISL,1.210650024414063,1,1,.0884410152973595,.1070711173289527,-.0289063559169036,.0781647614120491,1,.1070711173289527,.0781647614120491,0,0,-.0694400024414064,2014,.0007817077636719,2013,0,0,1,1,1,1,1,1,1,0,.0935412547228315,0,.0663961638095248,0,.0935412547228315,0,.006406820714499
Iceland,ISL,2014,.750337142944336,1.141210021972656,.0741264820098877,.1606539821624756,ISL,1.141210021972656,1,1,.0822812347357355,.093900169700706,-.0155208288606709,.0783793408400351,1,.093900169700706,.0783793408400351,0,0,-.1780599975585937,2015,.0405309295654297,2014,0,0,1,1,1,1,1,1,1,0,.0937558341508175,0,.0703484847310874,0,.0937558341508175,0,.0069497901535026
Iceland,ISL,2015,.7288085174560547,.9631500244140625,.08198899269104,.0615201982855797,ISL,.9631500244140625,1,1,.066196512713349,.0637571728359879,-.0263758864272315,.0373812864087564,1,.0637571728359879,.0373812864087564,0,0,-.1498000335693359,2016,-.0215286254882813,2015,0,0,1,1,1,1,1,1,1,0,.0527577797195388,0,.0384503192216702,0,.0527577797195388,0,.0043255572158208
Iceland,ISL,2016,.7116827392578124,.8133499908447266,.0475531625747681,.2324471592903137,ISL,.8133499908447266,1,1,.05284314001824,.0429799674500421,-.0076595424239832,.0353204250260589,1,.0429799674500421,.0353204250260589,0,0,-.1054299926757812,2017,-.0171257781982422,2016,0,0,1,1,1,1,1,1,1,0,.0506969183368412,0,.0360801217138928,0,.0506969183368412,0,.0024107987997116
Iceland,ISL,2017,.7108174896240235,.7079199981689454,.0659155416488647,.0543535807728767,ISL,.7079199981689454,1,1,.0432354997782399,.030607274923845,-.0271606244107479,.0034466505130971,1,.030607274923845,.0034466505130971,0,0,-.0853300094604492,2018,-.000865249633789,2017,0,0,1,1,1,1,1,1,1,0,.0188231438238795,0,.013379819839722,0,.0188231438238795,0,.0012407377206855
Iceland,ISL,2018,.7299321746826172,.6225899887084961,.0484212446212769,.0560080635547638,ISL,.6225899887084961,1,1,.0355618817795107,.0221404715755585,-.026979460077683,-.0048389885021245,1,.0221404715755585,-.0048389885021245,0,0,.0345900344848632,2019,.0191146850585937,2018,0,0,1,1,1,1,1,1,1,0,.0105375048086579,0,.0076916638007122,0,.0105375048086579,0,.0005102390980379
Iceland,ISL,2019,.7172198486328125,.6571800231933593,.0507915878295898,,ISL,.6571800231933593,0,0,,,,,0,,,,0,.103699951171875,2020,-.0127123260498047,2019,2,2,0,0,0,0,0,0,0,,,,,,,,
Iceland,ISL,2020,.7086127471923828,.7608799743652344,.0513325786590576,,ISL,.7608799743652344,0,0,,,,,0,,,,0,-.024990005493164,2021,-.0086071014404298,2020,2,2,0,0,0,0,0,0,0,,,,,,,,
Iceland,ISL,2021,.7053463745117188,.7358899688720704,.0530571126937866,,ISL,.7358899688720704,0,0,,,,,0,,,,0,-.0715799713134766,2022,-.003266372680664,2021,2,2,0,0,0,0,0,0,0,,,,,,,,
Iceland,ISL,2022,.6947447204589844,.6643099975585938,.0778515243530273,,ISL,.6643099975585938,0,0,,,,,0,,,,0,-.049119987487793,2023,-.0106016540527344,2022,2,2,0,0,0,0,0,0,0,,,,,,,,
Iceland,ISL,2023,.6934994506835938,.6151900100708008,.0734460639953613,,ISL,.6151900100708008,0,0,,,,,0,,,,0,,,-.0012452697753906,2023,3,2,0,0,0,0,0,0,0,,,,,,,,
Israel,ISR,1995,.5160477066040039,,,.0138796490430832,ISR,,0,0,,,,,0,,,,,,,,,3,4,0,0,0,0,0,0,0,,,,,,,,
Israel,ISR,1996,.5187273025512695,,,.0069052967429161,ISR,,0,0,,,,,0,,,,,,,.0026795959472656,1996,3,3,0,0,0,0,0,0,0,,,,,,,,
Israel,ISR,1997,.5174017333984375,,,.0564037418365479,ISR,,0,0,,,,,0,,,,,,,-.001325569152832,1997,3,3,0,0,0,0,0,0,0,,,,,,,,
Israel,ISR,1998,.5159259033203125,,,.3054793739318848,ISR,,0,0,,,,,0,,,,,,,-.001475830078125,1998,3,3,0,0,0,0,0,0,0,,,,,,,,
Israel,ISR,1999,.5176985931396484,,,.1340350341796875,ISR,,0,0,,,,,0,,,,,,,.0017726898193359,1999,3,3,0,0,0,0,0,0,0,,,,,,,,
Israel,ISR,2000,.5199066543579102,.7720600128173828,.0984580039978027,.0957373332977295,ISR,.7720600128173828,0,1,,,-.0226291418181394,,0,,,,0,.0390100097656251,2001,.0022080612182618,2000,1,1,0,0,0,1,0,1,0,,,,,,,,
Israel,ISR,2001,.511535758972168,.8110700225830079,.1094441032409668,.1199927806854248,ISR,.8110700225830079,0,1,,,-.0199731927824093,,0,,,,0,.0610599517822266,2002,-.0083708953857422,2001,1,1,0,0,0,1,0,1,0,,,,,,,,
Israel,ISR,2002,.5075563812255859,.8721299743652344,.1784328842163086,.147047963142395,ISR,.8721299743652344,0,1,,,-.0170106753483032,,0,,,,0,.0251100158691405,2003,-.0039793777465821,2002,1,1,0,0,0,1,0,1,0,,,,,,,,
Israel,ISR,2003,.5079414367675781,.897239990234375,.0987938690185547,.1263794469833374,ISR,.897239990234375,1,1,.0603139421462776,.0541160808623228,-.019273858734913,.0348422221274098,1,.0541160808623228,.0348422221274098,0,0,-.0139199829101562,2004,.0003850555419922,2003,0,0,1,1,1,1,1,1,1,0,.0502187154381922,0,.0255081664722975,0,.0502187154381922,0,.0049613011952808
Israel,ISR,2004,.5096517944335938,.8833200073242188,.1159449577331543,.0644194626808166,ISR,.8833200073242188,1,1,.0590184506518586,.0521321782620638,-.0260584196597967,.0260737586022671,1,.0521321782620638,.0260737586022671,0,0,-.0310199737548829,2005,.0017103576660157,2004,0,0,1,1,1,1,1,1,1,0,.0414502519130495,0,.0211251952672102,0,.0414502519130495,0,.0048059477060871
Israel,ISR,2005,.4993715667724609,.8523000335693359,.119520206451416,.0302077150344849,ISR,.8523000335693359,1,1,.0562044254665724,.0479030337119049,-.0298045743573188,.0180984593545861,1,.0479030337119049,.0180984593545861,0,0,-.0757600402832032,2006,-.0102802276611328,2005,0,0,1,1,1,1,1,1,1,0,.0334749526653685,0,.016716439560139,0,.0334749526653685,0,.0040009332535162
Israel,ISR,2006,.5217909622192383,.7765399932861328,.1004448413848877,.0230612349510193,ISR,.7765399932861328,1,1,.0493853744759682,.0383497183640015,-.030587107310975,.0077626110530265,1,.0383497183640015,.0077626110530265,0,0,-.068689956665039,2007,.0224193954467773,2006,0,0,1,1,1,1,1,1,1,0,.0231391043638089,0,.0120737755308832,0,.0231391043638089,0,.0023242036676111
Israel,ISR,2007,.5360212326049805,.7078500366210938,.1017324161529541,.1643882179260254,ISR,.7078500366210938,1,1,.0433064515152142,.030654473290974,-.0151119335013373,.0155425397896367,1,.030654473290974,.0155425397896367,0,0,-.0054600524902344,2008,.0142302703857422,2007,0,0,1,1,1,1,1,1,1,0,.0309190331004191,0,.0165732582334408,0,.0309190331004191,0,.0031454679424188
Israel,ISR,2008,.5404439926147461,.7023899841308594,.123150749206543,.13948073387146,ISR,.7023899841308594,1,1,.0427978766624834,.0300607999097962,-.0178392799485005,.0122215199612957,1,.0300607999097962,.0122215199612957,0,0,.0232700347900391,2009,.0044227600097656,2008,0,0,1,1,1,1,1,1,1,0,.0275980132720781,0,.0149151804809967,0,.0275980132720781,0,.0033987160110685
Israel,ISR,2009,.5231700515747071,.7256600189208985,.1251758480072022,.1297515964508057,ISR,.7256600189208985,1,1,.0448840078467844,.0325705299833433,-.0189046114898177,.0136659184935256,1,.0325705299833433,.0136659184935256,0,0,-.0353800201416016,2010,-.017273941040039,2009,0,0,1,1,1,1,1,1,1,0,.029042411804308,0,.0151941200815137,0,.029042411804308,0,.0036354085257786
Israel,ISR,2010,.5333978652954101,.6902799987792969,.0961329936981201,.6859919357299805,ISR,.6902799987792969,1,1,.0420923269200613,.0290554913749977,.0420031907506036,.0710586821256013,1,.0290554913749977,.0710586821256013,0,0,-.0184200286865235,2011,.010227813720703,2010,0,0,1,1,1,1,1,1,1,0,.0864351754363837,0,.0461043380642013,0,.0864351754363837,0,.0083092721755218
Israel,ISR,2011,.5328213119506836,.6718599700927734,.0961099052429199,.0598709583282471,ISR,.6718599700927734,1,1,.0399960502082506,.0268717450967443,-.026556476675861,.0003152684208833,1,.0268717450967443,.0003152684208833,0,0,-.0029199981689453,2012,-.0005765533447265,2011,0,0,1,1,1,1,1,1,1,0,.0156917617316657,0,.0083609050726836,0,.0156917617316657,0,.0015081337331249
Israel,ISR,2012,.5307975387573243,.6689399719238281,.0865590000152588,.3508176994323731,ISR,.6689399719238281,1,1,.0399376632003975,.0267158992999772,.0053019221461832,.0320178214461604,1,.0267158992999772,.0320178214461604,0,0,-.0086799621582031,2013,-.0020237731933593,2012,0,0,1,1,1,1,1,1,1,0,.0473943147569428,0,.0251567856240752,0,.0473943147569428,0,.0041024044917694
Israel,ISR,2013,.5272047042846679,.660260009765625,.0841097927093506,.0878523111343384,ISR,.660260009765625,1,1,.0389723656971748,.0257318945558062,-.0234925444458803,.0022393501099258,1,.0257318945558062,.0022393501099258,0,0,-.0025800323486329,2014,-.0035928344726563,2013,0,0,1,1,1,1,1,1,1,0,.0176158434207082,0,.0092871555213395,0,.0176158434207082,0,.0014816649385161
Israel,ISR,2014,.5386479949951172,.6576799774169921,.0572349405288696,.1531607389450073,ISR,.6576799774169921,1,1,.038786158061505,.0255088795579825,-.0163413320565023,.0091675475014802,1,.0255088795579825,.0091675475014802,0,0,-.029199981689453,2015,.0114432907104492,2014,0,0,1,1,1,1,1,1,1,0,.0245440408122626,0,.0132205983726036,0,.0245440408122626,0,.001404776716228
Israel,ISR,2015,.5423826599121093,.6284799957275391,.0478822898864746,.3814098358154297,ISR,.6284799957275391,1,1,.0363200745303607,.022826440285665,.0086517327610442,.0314781730467091,1,.022826440285665,.0314781730467091,0,0,-.0111899948120118,2016,.0037346649169921,2015,0,0,1,1,1,1,1,1,1,0,.0468546663574915,0,.0254131585682707,0,.0468546663574915,0,.0022435087170635
Israel,ISR,2016,.5296027374267578,.6172900009155273,.05143394947052,.2439980411529541,ISR,.6172900009155273,1,1,.035217157392647,.0217391991191494,-.006394731552654,.0153444675664954,1,.0217391991191494,.0153444675664954,0,0,-.0190399932861328,2017,-.0127799224853515,2016,0,0,1,1,1,1,1,1,1,0,.0307209608772778,0,.0162699049769866,0,.0307209608772778,0,.0015801003494477
Israel,ISR,2017,.5263799667358399,.5982500076293945,.0516194868087769,.1656075477600098,ISR,.5982500076293945,1,1,.0334496260545786,.0200112390423521,-.0149784180132473,.0050328210291047,1,.0200112390423521,.0050328210291047,0,0,.002509994506836,2018,-.0032227706909179,2017,0,0,1,1,1,1,1,1,1,0,.0204093143398871,0,.0107430542033311,0,.0204093143398871,0,.001053518332344
Israel,ISR,2018,.524105453491211,.6007600021362305,.0608715200424194,.2983711242675781,ISR,.6007600021362305,1,1,.0337685807376858,.0202868126361096,-.0004409292846646,.019845883351445,1,.0202868126361096,.019845883351445,0,0,-.0077299880981445,2019,-.0022745132446289,2018,0,0,1,1,1,1,1,1,1,0,.0352223766622274,0,.0184602396935949,0,.0352223766622274,0,.0021440396069364
Israel,ISR,2019,.522508659362793,.593030014038086,.0534399271011353,,ISR,.593030014038086,0,0,,,,,0,,,,0,.1176899719238281,2020,-.001596794128418,2019,2,2,0,0,0,0,0,0,0,,,,,,,,
Israel,ISR,2020,.5348668670654297,.7107199859619141,.0528367137908936,,ISR,.7107199859619141,0,0,,,,,0,,,,0,-.0338600158691407,2021,.0123582077026367,2020,2,2,0,0,0,0,0,0,0,,,,,,,,
Israel,ISR,2021,.5342451477050781,.6768599700927734,.0713760137557983,,ISR,.6768599700927734,0,0,,,,,0,,,,0,-.0736599731445312,2022,-.0006217193603516,2021,2,2,0,0,0,0,0,0,0,,,,,,,,
Israel,ISR,2022,.5319857788085938,.6031999969482422,.0863166332244873,,ISR,.6031999969482422,0,0,,,,,0,,,,0,.0100899887084961,2023,-.0022593688964844,2022,2,2,0,0,0,0,0,0,0,,,,,,,,
Israel,ISR,2023,.5238528442382813,.6132899856567383,.0737355470657349,,ISR,.6132899856567383,0,0,,,,,0,,,,0,,,-.0081329345703125,2023,3,2,0,0,0,0,0,0,0,,,,,,,,
Italy,ITA,1995,.4733828735351562,1.190879974365234,.2323042869567871,.0716715757052104,ITA,1.190879974365234,0,0,,,,,0,,,,0,-.001919937133789,1996,,,2,3,0,0,0,0,0,0,0,,,,,,,,
Italy,ITA,1996,.4738335800170899,1.188960037231445,.2311302757263184,.0823468653361003,ITA,1.188960037231445,0,0,,,,,0,,,,0,-.02406005859375,1997,.0004507064819336,1996,2,2,0,0,0,0,0,0,0,,,,,,,,
Italy,ITA,1997,.473086929321289,1.164899978637695,.1861729621887207,.1380365991592407,ITA,1.164899978637695,0,0,,,,,0,,,,0,-.0260299682617187,1998,-.0007466506958008,1997,2,2,0,0,0,0,0,0,0,,,,,,,,
Italy,ITA,1998,.4715354537963867,1.138870010375977,.1659336280822754,.2650870974858602,ITA,1.138870010375977,0,0,,,,,0,,,,0,-.008280029296875,1999,-.0015514755249023,1998,2,2,0,0,0,0,0,0,0,,,,,,,,
Italy,ITA,1999,.4761290740966797,1.130589981079102,.1346960353851318,.1362953607241313,ITA,1.130589981079102,0,0,,,,,0,,,,0,-.0431600189208985,2000,.004593620300293,1999,2,2,0,0,0,0,0,0,0,,,,,,,,
Italy,ITA,2000,.4928834915161133,1.087429962158203,.132656774520874,.1793969464302063,ITA,1.087429962158203,1,1,.0774572886648178,.0842293764816598,-.0134684916236816,.0707608848579783,1,.0842293764816598,.0707608848579783,0,0,-.0022999572753906,2001,.0167544174194336,2000,0,0,1,1,1,1,1,1,1,0,.0861373781687607,0,.0424556917018626,0,.0861373781687607,0,.0114267067535525
Italy,ITA,2001,.4946991729736328,1.085130004882813,.1306227397918701,.1630903005599976,ITA,1.085130004882813,1,1,.0772389779056015,.0838143324718488,-.0152540542514376,.0685602782204111,1,.0838143324718488,.0685602782204111,0,0,-.0256500244140625,2002,.0018156814575195,2001,0,0,1,1,1,1,1,1,1,0,.0839367715311935,0,.0415234514585582,0,.0839367715311935,0,.0109640510666887
Italy,ITA,2002,.495698471069336,1.05947998046875,.1187031364440918,.2065199438730876,ITA,1.05947998046875,1,1,.074962442653464,.0794212072783818,-.0104985485113944,.0689226587669875,1,.0794212072783818,.0689226587669875,0,0,-.0083399963378907,2003,.0009992980957031,2002,0,0,1,1,1,1,1,1,1,0,.0842991520777699,0,.041786960797392,0,.0842991520777699,0,.0100065737512088
Italy,ITA,2003,.4946247100830078,1.051139984130859,.1079283046722412,.4430076090494792,ITA,1.051139984130859,1,1,.0743783381740513,.078182045207952,.0153966319092284,.0935786771171803,1,.078182045207952,.0935786771171803,0,0,-.0037200164794922,2004,-.0010737609863282,2003,0,0,1,1,1,1,1,1,1,0,.1089551704279627,0,.0538919195849758,0,.1089551704279627,0,.0117593468295651
Italy,ITA,2004,.4940696334838867,1.047419967651367,.1023700428009033,.1370438392957052,ITA,1.047419967651367,1,1,.0738289648822736,.077329932008725,-.0181061176487169,.0592238143600081,1,.077329932008725,.0592238143600081,0,0,.0143500518798829,2005,-.0005550765991211,2004,0,0,1,1,1,1,1,1,1,0,.0746003076707905,0,.0368577466686927,0,.0746003076707905,0,.0076368366892194
Italy,ITA,2005,.5068902206420899,1.06177001953125,.1000349235534668,.1877034449577332,ITA,1.06177001953125,1,1,.0751552049215445,.0797975433974234,-.0125589377242276,.0672386056731958,1,.0797975433974234,.0672386056731958,0,0,.0008000183105468,2006,.0128205871582032,2005,0,0,1,1,1,1,1,1,1,0,.0826150989839782,0,.0418767857523568,0,.0826150989839782,0,.0082643951112243
Italy,ITA,2006,.5146903228759766,1.062570037841797,.0955771923065186,.2868126312891642,ITA,1.062570037841797,1,1,.0752967350105742,.0800080545695496,-.0017065735661255,.0783014810034241,1,.0800080545695496,.0783014810034241,0,0,-.0279300689697266,2007,.0078001022338867,2006,0,0,1,1,1,1,1,1,1,0,.0936779743142065,0,.0482151468461464,0,.0936779743142065,0,.008953477765914
Italy,ITA,2007,.516163215637207,1.03463996887207,.0992843532562256,.3919117418924967,ITA,1.03463996887207,1,1,.072858419174506,.0753822325467791,.0098016817548881,.0851839143016672,1,.0753822325467791,.0851839143016672,0,0,.0233900451660156,2008,.0014728927612304,2007,0,0,1,1,1,1,1,1,1,0,.1005604076124496,0,.0519055833590303,0,.1005604076124496,0,.0099840750329845
Italy,ITA,2008,.5100082397460938,1.058030014038086,.1031505298614502,.1750975306828817,ITA,1.058030014038086,1,1,.0748099707885762,.0791511944436261,-.0139392736680524,.0652119207755736,1,.0791511944436261,.0652119207755736,0,0,.1033799743652344,2009,-.0061549758911132,2008,0,0,1,1,1,1,1,1,1,0,.080588414086356,0,.0411007552121117,0,.080588414086356,0,.0083127376137016
Italy,ITA,2009,.5057828903198243,1.16140998840332,.0909644317626953,.2111483939488729,ITA,1.16140998840332,1,1,.0841335137248602,.0977135031995205,-.0099917375126435,.087721765686877,1,.0977135031995205,.087721765686877,0,0,.0261700439453125,2010,-.0042253494262695,2009,0,0,1,1,1,1,1,1,1,0,.1030982589976594,0,.052145335422778,0,.1030982589976594,0,.0093782745454453
Italy,ITA,2010,.5069440078735351,1.187580032348633,.0896421718597412,.1064071408907572,ITA,1.187580032348633,1,1,.0864137800339019,.1026232796880288,-.0214608077637239,.0811624719243049,1,.1026232796880288,.0811624719243049,0,0,.0037099456787111,2011,.0011611175537108,2010,0,0,1,1,1,1,1,1,1,0,.0965389652350873,0,.0489398499522391,0,.0965389652350873,0,.0086539625127653
Italy,ITA,2011,.5023506927490234,1.191289978027344,.097006721496582,.3348219521840414,ITA,1.191289978027344,1,1,.0869078082177785,.103532400942162,.0035504026297244,.1070828035718864,1,.103532400942162,.1070828035718864,0,0,.0677200317382811,2012,-.0045933151245117,2011,0,0,1,1,1,1,1,1,1,0,.1224592968826688,0,.061517512622567,0,.1224592968826688,0,.0118793749073643
Italy,ITA,2012,.4922236633300781,1.259010009765625,.1042425537109375,.3291563765207926,ITA,1.259010009765625,1,1,.092994728092188,.1170812935234973,.0029300273392115,.1200113208627088,1,.1170812935234973,.1200113208627088,0,0,.059530029296875,2013,-.0101270294189453,2012,0,0,1,1,1,1,1,1,1,0,.1353878141734912,0,.0666410858627277,0,.1353878141734912,0,.0141131714907866
Italy,ITA,2013,.4924020767211914,1.3185400390625,.0962187194824219,.1697186120351155,ITA,1.3185400390625,1,1,.0982370721320341,.1295295129263579,-.0145282602807278,.11500125264563,1,.1295295129263579,.11500125264563,0,0,.029429931640625,2014,.0001784133911133,2013,0,0,1,1,1,1,1,1,1,0,.1303777459564124,0,.0641982728671654,0,.1303777459564124,0,.0125447797649305
Italy,ITA,2014,.5077885055541992,1.347969970703125,.0914044761657715,.2287353547414144,ITA,1.347969970703125,1,1,.1009254983225335,.1360445410170237,-.0080659815860771,.1279785594309466,1,.1360445410170237,.1279785594309466,0,0,-.0000700378417968,2015,.0153864288330078,2014,0,0,1,1,1,1,1,1,1,0,.143355052741729,0,.072794047995366,0,.143355052741729,0,.0131032935015743
Italy,ITA,2015,.5118346405029297,1.347899932861328,.0824108028411865,.4307736746470133,ITA,1.347899932861328,1,1,.1010610297208447,.1362201551756232,.0140570274170887,.1502771825927119,1,.1362201551756232,.1502771825927119,0,0,-.005489959716797,2016,.0040461349487305,2015,0,0,1,1,1,1,1,1,1,0,.1656536759034943,0,.0847872896540539,0,.1656536759034943,0,.0136516524248007
Italy,ITA,2016,.5060182189941407,1.342409973144531,.0803649997711182,.2136501773198446,ITA,1.342409973144531,1,1,.1004148294306285,.1347978684792826,-.0097177945494183,.1250800739298643,1,.1347978684792826,.1250800739298643,0,0,-.0049899291992186,2017,-.005816421508789,2016,0,0,1,1,1,1,1,1,1,0,.1404565672406467,0,.0710735820011428,0,.1404565672406467,0,.0112877919941466
Italy,ITA,2017,.5018450927734375,1.337420043945313,.0779055213928223,.3078347969055176,ITA,1.337420043945313,1,1,.1000321411363658,.133784990594542,.0005953341086856,.1343803247032276,1,.133784990594542,.1343803247032276,0,0,.0045799255371093,2018,-.0041731262207032,2017,0,0,1,1,1,1,1,1,1,0,.14975681801401,0,.0751547242296956,0,.14975681801401,0,.0116668829895114
Italy,ITA,2018,.5156321334838867,1.341999969482422,.0754839706420898,.3764286390940348,ITA,1.341999969482422,1,1,.1004922231186407,.1348605603584365,.008106296331136,.1429668566895725,1,.1348605603584365,.1429668566895725,0,0,-.0030000305175781,2019,.0137870407104492,2018,0,0,1,1,1,1,1,1,1,0,.1583433500003548,0,.0816469193836688,0,.1583433500003548,0,.0119523847827969
Italy,ITA,2019,.5182364273071289,1.338999938964844,.0678673315048218,,ITA,1.338999938964844,0,0,,,,,0,,,,0,.2048001098632812,2020,.0026042938232422,2019,2,2,0,0,0,0,0,0,0,,,,,,,,
Italy,ITA,2020,.5191949081420898,1.543800048828125,.0691488218307495,,ITA,1.543800048828125,0,0,,,,,0,,,,0,-.0856100463867187,2021,.0009584808349609,2020,2,2,0,0,0,0,0,0,0,,,,,,,,
Italy,ITA,2021,.5271593856811524,1.458190002441406,.0696293783187866,,ITA,1.458190002441406,0,0,,,,,0,,,,0,-.0746299743652343,2022,.0079644775390626,2021,2,2,0,0,0,0,0,0,0,,,,,,,,
Italy,ITA,2022,.5302057647705078,1.383560028076172,.0840219497680664,,ITA,1.383560028076172,0,0,,,,,0,,,,0,-.0441799926757813,2023,.0030463790893555,2022,2,2,0,0,0,0,0,0,0,,,,,,,,
Italy,ITA,2023,.5373608016967774,1.339380035400391,.0729787302017212,,ITA,1.339380035400391,0,0,,,,,0,,,,0,,,.0071550369262695,2023,3,2,0,0,0,0,0,0,0,,,,,,,,
Japan,JPN,1995,.5756723785400391,.8068699645996094,.040211009979248,.0441407322883606,JPN,.8068699645996094,0,0,,,,,0,,,,0,.0457300567626954,1996,,,2,3,0,0,0,0,0,0,0,,,,,,,,
Japan,JPN,1996,.5784343338012695,.8526000213623047,.0413773679733276,.0166537642478943,JPN,.8526000213623047,0,0,,,,,0,,,,0,.0605699920654297,1997,.0027619552612305,1996,2,2,0,0,0,0,0,0,0,,,,,,,,
Japan,JPN,1997,.5789483261108398,.9131700134277344,.040422158241272,.0468855615456899,JPN,.9131700134277344,0,0,,,,,0,,,,0,.1028499603271483,1998,.0005139923095703,1997,2,2,0,0,0,0,0,0,0,,,,,,,,
Japan,JPN,1998,.5787238311767579,1.016019973754883,.0459729385375977,.1351046892007192,JPN,1.016019973754883,0,0,,,,,0,,,,0,.1194700622558595,1999,-.0002244949340819,1998,2,2,0,0,0,0,0,0,0,,,,,,,,
Japan,JPN,1999,.5846377182006836,1.135490036010742,.046087965965271,.0903546981016795,JPN,1.135490036010742,0,0,,,,,0,,,,0,.0494899749755859,2000,.0059138870239257,1999,2,2,0,0,0,0,0,0,0,,,,,,,,
Japan,JPN,2000,.5906225967407227,1.184980010986328,.0463700389862061,.0464077031612396,JPN,1.184980010986328,0,1,,,-.0280306906537381,,0,,,,0,.0834500122070312,2001,.0059848785400392,2000,1,1,0,0,0,1,0,1,0,,,,,,,,
Japan,JPN,2001,.5876575469970703,1.268430023193359,.0447197151184082,.0848482046524684,JPN,1.268430023193359,0,1,,,-.0238214913247493,,0,,,,0,.0778399658203124,2002,-.0029650497436524,2001,1,1,0,0,0,1,0,1,0,,,,,,,,
Japan,JPN,2002,.5848158264160156,1.346269989013672,.0461861181259155,.0979484097162883,JPN,1.346269989013672,0,1,,,-.0223870309970965,,0,,,,0,.0561500549316407,2003,-.0028417205810547,2002,1,1,0,0,0,1,0,1,0,,,,,,,,
Japan,JPN,2003,.599219627380371,1.402420043945313,.0452679443359375,.0224244191745917,JPN,1.402420043945313,0,1,,,-.0306568380489946,,0,,,,0,.0859700012207032,2004,.0144038009643555,2003,1,1,0,0,0,1,0,1,0,,,,,,,,
Japan,JPN,2004,.6069109725952149,1.488390045166016,.0386655759811401,.0792909562587738,JPN,1.488390045166016,0,1,,,-.0244300048795244,,0,,,,0,.0459599304199219,2005,.0076913452148438,2004,1,1,0,0,0,1,0,1,0,,,,,,,,
Japan,JPN,2005,.6315904998779297,1.534349975585938,.0283781433105469,.0527983256181081,JPN,1.534349975585938,0,1,,,-.0273309234104983,,0,,,,0,-.0133299255371093,2006,.0246795272827148,2005,1,1,0,0,0,1,0,1,0,,,,,,,,
Japan,JPN,2006,.7079298400878906,1.521020050048828,.0211213135719299,.0391617451111476,JPN,1.521020050048828,0,1,,,-.0288241163526533,,0,,,,0,-.0165400695800781,2007,.0763393402099609,2006,1,1,0,0,0,1,0,1,0,,,,,,,,
Japan,JPN,2007,.7060286712646484,1.50447998046875,.0232426118850708,.1041492056846619,JPN,1.50447998046875,1,1,.1149149130963494,.1728871862107639,-.0217080495786249,.151179136632139,1,.1728871862107639,.151179136632139,0,0,.031699981689453,2008,-.0019011688232422,2007,0,0,1,1,1,1,1,1,1,0,.1665556299429214,0,.1175930501002473,0,.1665556299429214,0,.0038711878640368
Japan,JPN,2008,.7088939666748046,1.536179962158203,.028029510974884,.0910740260283152,JPN,1.536179962158203,1,1,.1177569043851488,.180895796922245,-.0231397696473254,.1577560272749196,1,.180895796922245,.1577560272749196,0,0,.1924000549316407,2009,.0028652954101562,2008,0,0,1,1,1,1,1,1,1,0,.173132520585702,0,.1227325992784056,0,.173132520585702,0,.0048528198858663
Japan,JPN,2009,.7140155029296875,1.728580017089844,.0347926020622253,.0366684464613597,JPN,1.728580017089844,1,1,.1350236199786974,.2333991313303094,-.0290971302467631,.2043020010835463,1,.2333991313303094,.2043020010835463,0,0,.0572099304199218,2010,.0051215362548829,2009,0,0,1,1,1,1,1,1,1,0,.2196784943943287,0,.1568538506578031,0,.2196784943943287,0,.0076431864370907
Japan,JPN,2010,.7392306518554688,1.785789947509766,.0372613930702209,.1306451487541199,JPN,1.785789947509766,1,1,.140235185716463,.2504305849396248,-.0188067683397645,.2316238165998603,1,.2504305849396248,.2316238165998603,0,0,.1198500061035157,2011,.0252151489257813,2010,0,0,1,1,1,1,1,1,1,0,.2470003099106426,0,.1825902001037472,0,.2470003099106426,0,.0092035756360468
Japan,JPN,2011,.7426338195800781,1.905639953613281,.0402502059936523,.1036952416102091,JPN,1.905639953613281,1,1,.1509958551019385,.2877437343122558,-.0217577582245438,.265985976087712,1,.2877437343122558,.265985976087712,0,0,.0658000183105467,2012,.0034031677246094,2011,0,0,1,1,1,1,1,1,1,0,.2813624693984944,0,.2089492853358867,0,.2813624693984944,0,.0113248973521721
Japan,JPN,2012,.747374038696289,1.971439971923828,.0399548673629761,.0674602317810059,JPN,1.971439971923828,1,1,.1568886247823779,.3092965060361391,-.0257254582581603,.2835710477779788,1,.3092965060361391,.2835710477779788,0,0,.0402200317382813,2013,.0047402191162109,2012,0,0,1,1,1,1,1,1,1,0,.2989475410887612,0,.2234256311418323,0,.2989475410887612,0,.0119444093526893
Japan,JPN,2013,.7557361602783204,2.011660003662109,.0360807991027832,.1392930972576141,JPN,2.011660003662109,1,1,.1605565345723803,.3229851589258501,-.0178598259840217,.3051253329418283,1,.3229851589258501,.3051253329418283,0,0,.0247900390625002,2014,.0083621215820313,2013,0,0,1,1,1,1,1,1,1,0,.3205018262526107,0,.2422148195343374,0,.3205018262526107,0,.0115639620050956
Japan,JPN,2014,.7076094055175781,2.036450042724609,.0336781930923462,.0443315587441127,JPN,2.036450042724609,1,1,.1627195453867585,.3313702251549934,-.0282580265455304,.3031121986094629,1,.3313702251549934,.3031121986094629,0,0,-.0350000000000001,2015,-.0481267547607422,2014,0,0,1,1,1,1,1,1,1,0,.3184886919202453,0,.2253655939537559,0,.3184886919202453,0,.0107261236642188
Japan,JPN,2015,.7005277252197266,2.001450042724609,.0310232830047607,.0620159983634949,JPN,2.001450042724609,1,1,.1595839784759054,.3193993605387641,-.026321596777661,.2930777637611031,1,.3193993605387641,.2930777637611031,0,0,.02,2016,-.0070816802978515,2015,0,0,1,1,1,1,1,1,1,0,.3084542570718855,0,.2160807590409087,0,.3084542570718855,0,.0095692637111643
Japan,JPN,2016,.6848694610595704,2.021450042724609,.0317267370223999,.0643913245201111,JPN,2.021450042724609,1,1,.1613844924535937,.3262306891654063,-.0260615007623465,.3001691884030597,1,.3262306891654063,.3001691884030597,0,0,.009659881591797,2017,-.0156582641601563,2016,0,0,1,1,1,1,1,1,1,0,.3155456817138421,0,.2161076009750338,0,.3155456817138421,0,.010011234862289
Japan,JPN,2017,.690897216796875,2.031109924316406,.0277938437461853,.0365221692125003,JPN,2.031109924316406,1,1,.1622337605350658,.3295146010819435,-.0291131474701046,.3004014536118388,1,.3295146010819435,.3004014536118388,0,0,.0061000061035155,2018,.0060277557373046,2017,0,0,1,1,1,1,1,1,1,0,.3157779469226212,0,.2181701046546703,0,.3157779469226212,0,.0087766829152585
Japan,JPN,2018,.6859477233886718,2.037209930419922,.0232460975646973,.1423021058241526,JPN,2.037209930419922,1,1,.1628566667109613,.3317732186586579,-.0175303423314194,.3142428763272385,1,.3317732186586579,.3142428763272385,0,0,.0260501098632813,2019,-.0049494934082032,2018,0,0,1,1,1,1,1,1,1,0,.3296193696380209,0,.2261016561880095,0,.3296193696380209,0,.0076623640258194
Japan,JPN,2019,.6847286224365234,2.063260040283203,.0198633825778961,,JPN,2.063260040283203,0,0,,,,,0,,,,0,.2244499206542967,2020,-.0012191009521484,2019,2,2,0,0,0,0,0,0,0,,,,,,,,
Japan,JPN,2020,.6826679992675782,2.2877099609375,.0179574811458588,,JPN,2.2877099609375,0,0,,,,,0,,,,0,-.0608699035644529,2021,-.0020606231689453,2020,2,2,0,0,0,0,0,0,0,,,,,,,,
Japan,JPN,2021,.6847428131103516,2.226840057373047,.0167304289340973,,JPN,2.226840057373047,0,0,,,,,0,,,,0,.0514698791503907,2022,.0020748138427734,2021,2,2,0,0,0,0,0,0,0,,,,,,,,
Japan,JPN,2022,.6878783416748047,2.278309936523438,.011116977930069,,JPN,2.278309936523438,0,0,,,,,0,,,,0,-.0752899169921877,2023,.0031355285644531,2022,2,2,0,0,0,0,0,0,0,,,,,,,,
Japan,JPN,2023,.6850581359863281,2.20302001953125,.0063593453168869,,JPN,2.20302001953125,0,0,,,,,0,,,,0,,,-.0028202056884765,2023,3,2,0,0,0,0,0,0,0,,,,,,,,
Kazakhstan,KAZ,1995,.3573158645629883,,,.1860173924763997,KAZ,,0,0,,,,,0,,,,,,,,,3,4,0,0,0,0,0,0,0,,,,,,,,
Kazakhstan,KAZ,1996,.3555428314208984,,,.0735119181829141,KAZ,,0,0,,,,,0,,,,,,,-.0017730331420899,1996,3,3,0,0,0,0,0,0,0,,,,,,,,
Kazakhstan,KAZ,1997,.3640460586547852,,,.1666442568082336,KAZ,,0,0,,,,,0,,,,,,,.0085032272338867,1997,3,3,0,0,0,0,0,0,0,,,,,,,,
Kazakhstan,KAZ,1998,.3709264373779297,,,.1547928584213798,KAZ,,0,0,,,,,0,,,,,,,.0068803787231445,1998,3,3,0,0,0,0,0,0,0,,,,,,,,
Kazakhstan,KAZ,1999,.3705423736572266,,,.1470972065215415,KAZ,,0,0,,,,,0,,,,,,,-.0003840637207031,1999,3,3,0,0,0,0,0,0,0,,,,,,,,
Kazakhstan,KAZ,2000,.372837028503418,,,.0637655560091032,KAZ,,0,1,,,-.0261300218350291,,0,,,,,,,.0022946548461914,2000,2,2,0,0,0,0,0,0,0,,,,,,,,
Kazakhstan,KAZ,2001,.3821952056884765,,,.1514272691172066,KAZ,,0,1,,,-.0165311453979767,,0,,,,,,,.0093581771850585,2001,2,2,0,0,0,0,0,0,0,,,,,,,,
Kazakhstan,KAZ,2002,.3884569931030273,.1759199905395508,.0126497709751129,.2459136583449993,KAZ,.1759199905395508,0,1,,,-.0061849732434083,,0,,,,0,-.026299991607666,2003,.0062617874145508,2002,1,1,0,0,0,1,0,1,0,,,,,,,,
Kazakhstan,KAZ,2003,.4025790405273437,.1496199989318848,-.0122677612304688,.1159663840895849,KAZ,.1496199989318848,0,1,,,-.0204140794824259,,0,,,,0,-.0356999969482422,2004,.0141220474243164,2003,1,1,0,0,0,1,0,1,0,,,,,,,,
Kazakhstan,KAZ,2004,.4027102661132813,.1139200019836426,-.022281060218811,.1364882494202742,KAZ,.1139200019836426,0,1,,,-.018166954225768,,0,,,,0,-.0328800010681152,2005,.0001312255859375,2004,1,1,0,0,0,1,0,1,0,,,,,,,,
Kazakhstan,KAZ,2005,.4156493759155274,.0810400009155273,-.0170559751987457,.1187615211297434,KAZ,.0810400009155273,0,1,,,-.0201080145639817,,0,,,,0,-.0142700004577637,2006,.0129391098022461,2005,1,1,0,0,0,1,0,1,0,,,,,,,,
Kazakhstan,KAZ,2006,.3890807342529297,.0667700004577637,-.0166836655139923,.1805817031860352,KAZ,.0667700004577637,0,1,,,-.0133387618556454,,0,,,,0,-.0258500003814697,2007,-.0265686416625977,2006,1,1,0,0,0,1,0,1,0,,,,,,,,
Kazakhstan,KAZ,2007,.4037719345092773,.0409200000762939,-.0329761791229248,.2269374547106154,KAZ,.0409200000762939,0,1,,,-.0082628499751369,,0,,,,0,.0267399978637695,2008,.0146912002563477,2007,1,1,0,0,0,1,0,1,0,,,,,,,,
Kazakhstan,KAZ,2008,.4050313186645508,.0676599979400635,.0110620248317719,.3061112451215162,KAZ,.0676599979400635,0,1,,,.0004066067838261,,0,,,,0,.0346100044250488,2009,.0012593841552734,2008,1,1,0,0,0,1,0,1,0,,,,,,,,
Kazakhstan,KAZ,2009,.4229457092285156,.1022700023651123,-.004019510447979,.0903292088982061,KAZ,.1022700023651123,0,1,,,-.0232213264335965,,0,,,,0,.0045599937438965,2010,.0179143905639648,2009,1,1,0,0,0,1,0,1,0,,,,,,,,
Kazakhstan,KAZ,2010,.4250195693969727,.1068299961090088,.0144509875774384,.2507944282910503,KAZ,.1068299961090088,0,1,,,-.0056505334524354,,0,,,,0,-.0052199935913086,2011,.0020738601684571,2010,1,1,0,0,0,1,0,1,0,,,,,,,,
Kazakhstan,KAZ,2011,.4215563201904297,.1016100025177002,-.0038084673881531,.1108875574964158,KAZ,.1016100025177002,0,1,,,-.0209702062929176,,0,,,,0,.0196399974822998,2012,-.003463249206543,2011,1,1,0,0,0,1,0,1,0,,,,,,,,
Kazakhstan,KAZ,2012,.4312305068969727,.12125,-.0245985651016235,.2130541309397271,KAZ,.12125,0,1,,,-.0097830610762822,,0,,,,0,.0047799968719482,2013,.009674186706543,2012,1,1,0,0,0,1,0,1,0,,,,,,,,
Kazakhstan,KAZ,2013,.4466127014160156,.1260299968719482,-.0213298869132996,.1555202662014792,KAZ,.1260299968719482,0,1,,,-.0160829660061287,,0,,,,0,.0189300060272217,2014,.0153821945190429,2013,1,1,0,0,0,1,0,1,0,,,,,,,,
Kazakhstan,KAZ,2014,.470833740234375,.1449600028991699,-.0197119033336639,.1225537436397363,KAZ,.1449600028991699,0,1,,,-.0196927697095908,,0,,,,0,.0738599967956543,2015,.0242210388183594,2014,1,1,0,0,0,1,0,1,0,,,,,,,,
Kazakhstan,KAZ,2015,.4637092208862305,.2188199996948242,.0223947978019714,.1643482675958187,KAZ,.2188199996948242,0,1,,,-.015116308025513,,0,,,,0,-.0220499992370606,2016,-.0071245193481446,2015,1,1,0,0,0,1,0,1,0,,,,,,,,
Kazakhstan,KAZ,2016,.4845711135864258,.1967700004577637,.0131702733039856,.2151802140432047,KAZ,.1967700004577637,0,1,,,-.0095502569445626,,0,,,,0,.0019199943542481,2017,.0208618927001953,2016,1,1,0,0,0,1,0,1,0,,,,,,,,
Kazakhstan,KAZ,2017,.504296646118164,.1986899948120117,-.0485823822021484,.0891915993656673,KAZ,.1986899948120117,0,1,,,-.0233458936243264,,0,,,,0,.0039000129699707,2018,.0197255325317383,2017,1,1,0,0,0,1,0,1,0,,,,,,,,
Kazakhstan,KAZ,2018,.4995474243164063,.2025900077819824,-.0370577812194824,.0656682527403459,KAZ,.2025900077819824,0,1,,,-.0259216783042809,,0,,,,0,-.0031500053405762,2019,-.0047492218017578,2018,1,1,0,0,0,1,0,1,0,,,,,,,,
Kazakhstan,KAZ,2019,.5059078979492188,.1994400024414063,-.0099090403318405,,KAZ,.1994400024414063,0,0,,,,,0,,,,0,.0641300010681152,2020,.0063604736328125,2019,2,2,0,0,0,0,0,0,0,,,,,,,,
Kazakhstan,KAZ,2020,.5074007415771484,.2635700035095215,-.0367810845375061,,KAZ,.2635700035095215,0,0,,,,,0,,,,0,-.0125699996948242,2021,.0014928436279297,2020,2,2,0,0,0,0,0,0,0,,,,,,,,
Kazakhstan,KAZ,2021,.5081684112548828,.2510000038146973,.0353718423843384,,KAZ,.2510000038146973,0,0,,,,,0,,,,0,-.0157600021362305,2022,.0007676696777343,2021,2,2,0,0,0,0,0,0,0,,,,,,,,
Kazakhstan,KAZ,2022,.5045264434814453,.2352400016784668,.0327635979652405,,KAZ,.2352400016784668,0,0,,,,,0,,,,0,-.0054199981689453,2023,-.0036419677734375,2022,2,2,0,0,0,0,0,0,0,,,,,,,,
Kazakhstan,KAZ,2023,.5073229217529297,.2298200035095215,.0387625122070313,,KAZ,.2298200035095215,0,0,,,,,0,,,,0,,,.0027964782714844,2023,3,2,0,0,0,0,0,0,0,,,,,,,,
Kenya,KEN,1995,.2909749031066894,,.2178489875793457,,KEN,,0,0,,,,,0,,,,,,,,,3,3,0,0,0,0,0,0,0,,,,,,,,
Kenya,KEN,1996,.2909780693054199,,.2003666496276856,,KEN,,0,0,,,,,0,,,,,,,3.16619873048e-06,1996,3,2,0,0,0,0,0,0,0,,,,,,,,
Kenya,KEN,1997,.2896230316162109,,.1653806686401367,,KEN,,0,0,,,,,0,,,,,,,-.001355037689209,1997,3,2,0,0,0,0,0,0,0,,,,,,,,
Kenya,KEN,1998,.2877709579467773,.3849800109863281,.1281096935272217,,KEN,.3849800109863281,0,0,,,,,0,,,,0,-.000890007019043,1999,-.0018520736694336,1998,2,2,0,0,0,0,0,0,0,,,,,,,,
Kenya,KEN,1999,.2860694313049316,.3840900039672852,.1374870872497559,,KEN,.3840900039672852,0,0,,,,,0,,,,0,.0471300125122071,2000,-.0017015266418457,1999,2,2,0,0,0,0,0,0,0,,,,,,,,
Kenya,KEN,2000,.2844439125061035,.4312200164794922,.1435578536987305,,KEN,.4312200164794922,0,0,,,,,0,,,,0,-.0184600067138672,2001,-.0016255187988281,2000,2,2,0,0,0,0,0,0,0,,,,,,,,
Kenya,KEN,2001,.2861143684387207,.412760009765625,.1374549007415772,,KEN,.412760009765625,0,0,,,,,0,,,,0,.007339973449707,2002,.0016704559326172,2001,2,2,0,0,0,0,0,0,0,,,,,,,,
Kenya,KEN,2002,.2878318405151367,.420099983215332,.1496935081481933,,KEN,.420099983215332,0,0,,,,,0,,,,0,.0178200149536133,2003,.001717472076416,2002,2,2,0,0,0,0,0,0,0,,,,,,,,
Kenya,KEN,2003,.2857027435302734,.4379199981689453,.1231846141815185,,KEN,.4379199981689453,0,0,,,,,0,,,,0,-.030369987487793,2004,-.0021290969848633,2003,2,2,0,0,0,0,0,0,0,,,,,,,,
Kenya,KEN,2004,.2912653350830078,.4075500106811523,.0929153633117676,,KEN,.4075500106811523,0,0,,,,,0,,,,0,-.0334300231933594,2005,.0055625915527344,2004,2,2,0,0,0,0,0,0,0,,,,,,,,
Kenya,KEN,2005,.2798891067504883,.374119987487793,.1033881378173828,,KEN,.374119987487793,0,0,,,,,0,,,,0,-.0034599685668945,2006,-.0113762283325196,2005,2,2,0,0,0,0,0,0,0,,,,,,,,
Kenya,KEN,2006,.264889144897461,.3706600189208984,.1036260223388672,,KEN,.3706600189208984,0,0,,,,,0,,,,0,-.0287100219726563,2007,-.0149999618530273,2006,2,2,0,0,0,0,0,0,0,,,,,,,,
Kenya,KEN,2007,.2603400993347168,.3419499969482422,.0953743743896484,,KEN,.3419499969482422,0,0,,,,,0,,,,0,.0005900192260742,2008,-.0045490455627442,2007,2,2,0,0,0,0,0,0,0,,,,,,,,
Kenya,KEN,2008,.2616329956054688,.3425400161743164,.093315258026123,,KEN,.3425400161743164,0,0,,,,,0,,,,0,.0170699691772461,2009,.001292896270752,2008,2,2,0,0,0,0,0,0,0,,,,,,,,
Kenya,KEN,2009,.2653853225708008,.3596099853515625,.0903790092468262,,KEN,.3596099853515625,0,0,,,,,0,,,,0,.0073400115966797,2010,.003752326965332,2009,2,2,0,0,0,0,0,0,0,,,,,,,,
Kenya,KEN,2010,.2576479721069336,.3669499969482422,.0945159530639648,,KEN,.3669499969482422,0,0,,,,,0,,,,0,-.0100799942016602,2011,-.0077373504638672,2010,2,2,0,0,0,0,0,0,0,,,,,,,,
Kenya,KEN,2011,.2487065315246582,.356870002746582,.103640775680542,,KEN,.356870002746582,0,0,,,,,0,,,,0,.0192900085449219,2012,-.0089414405822754,2011,2,2,0,0,0,0,0,0,0,,,,,,,,
Kenya,KEN,2012,.241506290435791,.3761600112915039,.1046400928497314,,KEN,.3761600112915039,0,0,,,,,0,,,,0,.0213999938964844,2013,-.0072002410888672,2012,2,2,0,0,0,0,0,0,0,,,,,,,,
Kenya,KEN,2013,.2491294479370117,.3975600051879883,.1123158168792725,,KEN,.3975600051879883,0,0,,,,,0,,,,0,.0152499771118164,2014,.0076231575012207,2013,2,2,0,0,0,0,0,0,0,,,,,,,,
Kenya,KEN,2014,.2596232414245606,.4128099822998047,.1316772270202637,,KEN,.4128099822998047,0,0,,,,,0,,,,0,.045510025024414,2015,.0104937934875488,2014,2,2,0,0,0,0,0,0,0,,,,,,,,
Kenya,KEN,2015,.2549768829345703,.4583200073242187,.1438903427124023,,KEN,.4583200073242187,0,0,,,,,0,,,,0,.0456699752807618,2016,-.0046463584899902,2015,2,2,0,0,0,0,0,0,0,,,,,,,,
Kenya,KEN,2016,.2738996696472168,.5039899826049805,.1569504261016846,,KEN,.5039899826049805,0,0,,,,,0,,,,0,.0346700286865234,2017,.0189227867126465,2016,2,2,0,0,0,0,0,0,0,,,,,,,,
Kenya,KEN,2017,.2875128555297852,.5386600112915039,.1795303916931152,,KEN,.5386600112915039,0,0,,,,,0,,,,0,.0258300018310548,2018,.0136131858825684,2017,2,2,0,0,0,0,0,0,0,,,,,,,,
Kenya,KEN,2018,.2931634140014648,.5644900131225586,.1980277061462402,,KEN,.5644900131225586,0,0,,,,,0,,,,0,.0263599777221679,2019,.0056505584716797,2018,2,2,0,0,0,0,0,0,0,,,,,,,,
Kenya,KEN,2019,.2960740089416504,.5908499908447266,.2126470565795898,,KEN,.5908499908447266,0,0,,,,,0,,,,0,.0887400054931641,2020,.0029105949401855,2019,2,2,0,0,0,0,0,0,0,,,,,,,,
Kenya,KEN,2020,.2954496955871582,.6795899963378906,.2354811668395996,,KEN,.6795899963378906,0,0,,,,,0,,,,0,.0027300262451172,2021,-.0006243133544921,2020,2,2,0,0,0,0,0,0,0,,,,,,,,
Kenya,KEN,2021,.3005969429016113,.6823200225830078,.2432368087768555,,KEN,.6823200225830078,0,0,,,,,0,,,,0,-.0043199920654297,2022,.0051472473144531,2021,2,2,0,0,0,0,0,0,0,,,,,,,,
Kenya,KEN,2022,.3051381492614746,.6780000305175782,.2557296562194824,,KEN,.6780000305175782,0,0,,,,,0,,,,0,.0560499572753905,2023,.0045412063598633,2022,2,2,0,0,0,0,0,0,0,,,,,,,,
Kenya,KEN,2023,.3055568504333496,.7340499877929687,.2816951179504394,,KEN,.7340499877929687,0,0,,,,,0,,,,0,,,.000418701171875,2023,3,2,0,0,0,0,0,0,0,,,,,,,,
Korea,KOR,1995,.5356593704223633,.0848499965667725,.0274392199516296,.0262070924043655,KOR,.0848499965667725,0,0,,,,,0,,,,0,-.0067399978637695,1996,,,1,2,0,0,0,1,0,0,0,,,,,,,,
Korea,KOR,1996,.5404385375976563,.0781099987030029,.0236230111122131,.0158589315414429,KOR,.0781099987030029,0,1,,,-.0313757528671647,,0,,,,0,.0188300037384033,1997,.0047791671752929,1996,1,1,0,0,0,1,0,1,0,,,,,,,,
Korea,KOR,1997,.5507943344116211,.0969400024414063,.0248934459686279,.0867196416854858,KOR,.0969400024414063,0,1,,,-.0236165707020197,,0,,,,0,.041230001449585,1998,.0103557968139648,1997,1,1,0,0,0,1,0,1,0,,,,,,,,
Korea,KOR,1998,.5490679550170898,.1381700038909912,.0356204390525818,.1721213674545288,KOR,.1381700038909912,0,1,,,-.0142651607865283,,0,,,,0,.019419994354248,1999,-.0017263793945312,1998,1,1,0,0,0,1,0,1,0,,,,,,,,
Korea,KOR,1999,.5621649551391602,.1575899982452393,.0555202150344849,.0917839860916138,KOR,.1575899982452393,0,1,,,-.0230620296776029,,0,,,,0,.0032800006866455,2000,.0130970001220704,1999,1,1,0,0,0,1,0,1,0,,,,,,,,
Korea,KOR,2000,.5761408233642578,.1608699989318848,-.0690053176879883,.0552871978282928,KOR,.1608699989318848,0,1,,,-.0270583942074275,,0,,,,0,.0053800010681152,2001,.0139758682250976,2000,1,1,0,0,0,1,0,1,0,,,,,,,,
Korea,KOR,2001,.5884614562988282,.16625,-.0509787702560425,.0991017770767212,KOR,.16625,1,1,-.0054521460449086,-.0009064192799661,-.0222607383387991,-.0231671576187652,1,-.0009064192799661,-.0231671576187652,0,0,-.0018099975585938,2002,.0123206329345704,2001,0,0,1,1,1,1,1,1,1,.0077906643079828,0,.0045845056642109,0,.0077906643079828,0,-.0003971584858986,0
Korea,KOR,2002,.5970889663696289,.1644400024414062,-.0623594045639038,.1600758576393128,KOR,.1644400024414062,1,1,-.0055721376700709,-.0009162823320703,-.0155841329607884,-.0165004152928587,1,-.0009162823320703,-.0165004152928587,0,0,.0265799903869629,2003,.0086275100708008,2002,0,0,1,1,1,1,1,1,1,.0011239219820763,0,.0006710814145581,0,.0011239219820763,0,-.0000700871055786,0
Korea,KOR,2003,.600373649597168,.1910199928283692,-.0526397275924683,.0347755944728851,KOR,.1910199928283692,1,1,-.0032694322361989,-.0006245269223116,-.0293043957872915,-.0299289227096031,1,-.0006245269223116,-.0299289227096031,0,0,.0250100135803223,2004,.0032846832275391,2003,0,0,1,1,1,1,1,1,1,.0145524293988207,0,.0087368951486751,0,.0145524293988207,0,-.0007660359193625,0
Korea,KOR,2004,.608535270690918,.2160300064086914,-.0399203753471375,.0637933015823364,KOR,.2160300064086914,1,1,-.0009996030552299,-.0002159442544275,-.0261269837204441,-.0263429279748716,1,-.0002159442544275,-.0263429279748716,0,0,.0331399917602539,2005,.00816162109375,2004,0,0,1,1,1,1,1,1,1,.0109664346640892,0,.0066734622868258,0,.0109664346640892,0,-.0004377841880103,0
Korea,KOR,2005,.6194781112670898,.2491699981689453,-.0264273381233215,.0542251324653625,KOR,.2491699981689453,1,1,.0019743680064231,.0004919532725453,-.0271746893815164,-.0266827361089711,1,.0004919532725453,-.0266827361089711,0,0,.021259994506836,2006,.0109428405761719,2005,0,0,1,1,1,1,1,1,1,.0113062427981887,0,.0070039699341491,0,.0113062427981887,0,-.0002987939013321,0
Korea,KOR,2006,.6458428955078125,.2704299926757813,-.0309547734260559,.0825722277164459,KOR,.2704299926757813,1,1,.0039064409839943,.0010564188066899,-.0240707086923761,-.0230142898856862,1,.0010564188066899,-.0230142898856862,0,0,-.0069699859619141,2007,.0263647842407226,2006,0,0,1,1,1,1,1,1,1,.0076377965749038,0,.0049328166552355,0,.0076377965749038,0,-.0002364262624505,0
Korea,KOR,2007,.6663948822021485,.2634600067138672,-.0345491242408752,.1341744613647461,KOR,.2634600067138672,1,1,.0033157689745522,.0008735725162972,-.0184203118759791,-.0175467393596819,1,.0008735725162972,-.0175467393596819,0,0,-.0048999977111817,2008,.020551986694336,2007,0,0,1,1,1,1,1,1,1,.0021702460488995,0,.0014462408601061,0,.0021702460488995,0,-.0000749801003767,0
Korea,KOR,2008,.6624706268310547,.2585600090026856,-.0215636038780212,.115728189945221,KOR,.2585600090026856,1,1,.0028621025177086,.0007400252527453,-.0204401615207379,-.0197001362679926,1,.0007400252527453,-.0197001362679926,0,0,.0293499946594238,2009,-.0039242553710938,2008,0,0,1,1,1,1,1,1,1,.0043236429572102,0,.0028642864600567,0,.0043236429572102,0,-.0000932333240393,0
Korea,KOR,2009,.6681448364257813,.2879100036621094,-.033673779964447,.0879414582252502,KOR,.2879100036621094,1,1,.0054824030096185,.0015784386705764,-.0234827829219488,-.0219043442513724,1,.0015784386705764,-.0219043442513724,0,0,-.0051600074768067,2010,.0056742095947265,2009,0,0,1,1,1,1,1,1,1,.00652785094059,0,.0043615498989124,0,.00652785094059,0,-.0002198174162141,0
Korea,KOR,2010,.6980223083496093,.2827499961853027,-.0364206099510193,.082986900806427,KOR,.2827499961853027,1,1,.0050148218440788,.0014179408572833,-.0240253023728853,-.0226073615156021,1,.0014179408572833,-.0226073615156021,0,0,.0342500114440918,2011,.0298774719238281,2010,0,0,1,1,1,1,1,1,1,.0072308682048197,0,.0050473073157,0,.0072308682048197,0,-.000263352630495,0
Korea,KOR,2011,.7013922882080078,.3170000076293945,-.0348895335197449,.0458738481998444,KOR,.3170000076293945,1,1,.0080692941672326,.0025579663125766,-.0280891472778223,-.0255311809652457,1,.0025579663125766,-.0255311809652457,0,0,.0183599853515625,2012,.0033699798583985,2011,0,0,1,1,1,1,1,1,1,.0101546876544633,0,.0071224196100017,0,.0101546876544633,0,-.0003542923153029,0
Korea,KOR,2012,.7022859191894532,.335359992980957,-.021219379901886,.026995524764061,KOR,.335359992980957,1,1,.0097073813666654,.0032554673469884,-.0301563062184117,-.0269008388714233,1,.0032554673469884,-.0269008388714233,0,0,.0247100067138672,2013,.0008936309814453,2012,0,0,1,1,1,1,1,1,1,.0115243455606409,0,.0080933856151116,0,.0115243455606409,0,-.0002445394665719,0
Korea,KOR,2013,.7139290618896484,.3600699996948242,-.0213571643829346,.1159017133712769,KOR,.3600699996948242,1,1,.0119922689062628,.0043180562614183,-.0204211608662151,-.0161031046047968,1,.0043180562614183,-.0161031046047968,0,0,.0186800003051757,2014,.0116431427001953,2013,0,0,1,1,1,1,1,1,1,.0007266112940144,0,.0005187489194941,0,.0007266112940144,0,-.0000155183568488,0
Korea,KOR,2014,.7283368682861329,.37875,-.0211133432388306,.0563030958175659,KOR,.37875,1,1,.0136305533755895,.0051625720910045,-.0269471543180169,-.0217845822270124,1,.0051625720910045,-.0217845822270124,0,0,.0096799850463867,2015,.0144078063964844,2014,0,0,1,1,1,1,1,1,1,.00640808891623,0,.004667247412946,0,.00640808891623,0,-.0001352961807933,0
Korea,KOR,2015,.722231216430664,.3884299850463867,-.0163756024837494,.0528278684616089,KOR,.3884299850463867,1,1,.0144987541295181,.0056317508497199,-.0273276884964827,-.0216959376467628,1,.0056317508497199,-.0216959376467628,0,0,.0030100250244141,2016,-.0061056518554689,2015,0,0,1,1,1,1,1,1,1,.0063194443359804,0,.004564099969941,0,.0063194443359804,0,-.0001034847083642,0
Korea,KOR,2016,.7065058898925781,.3914400100708008,-.0136023914813995,.0784745240211487,KOR,.3914400100708008,1,1,.0147874867135185,.0057884139480615,-.0245194034537745,-.018730989505713,1,.0057884139480615,-.018730989505713,0,0,-.0113299942016601,2017,-.0157253265380859,2016,0,0,1,1,1,1,1,1,1,.0033544961949306,0,.0023699713193407,0,.0033544961949306,0,-.0000456291704663,0
Korea,KOR,2017,.7110513305664062,.3801100158691406,-.0157864248752594,.0696623980998993,KOR,.3801100158691406,1,1,.013762254586133,.0052311708091302,-.0254843230847827,-.0202531522756526,1,.0052311708091302,-.0202531522756526,0,0,-.0015700149536133,2018,.0045454406738281,2017,0,0,1,1,1,1,1,1,1,.0048766589648702,0,.0034675548456895,0,.0048766589648702,0,-.0000769850103912,0
Korea,KOR,2018,.7165592193603516,.3785400009155274,-.0180628514289856,.1472285866737366,KOR,.3785400009155274,1,1,.0136754952030868,.0051767219666968,-.0169908972388241,-.0118141752721274,1,.0051767219666968,-.0118141752721274,0,0,.0187599945068359,2019,.0055078887939454,2018,0,0,1,1,1,1,1,1,1,0,.003562318038655,0,.0025526118328919,0,.003562318038655,0,-.000064345621475
Korea,KOR,2019,.7140791320800781,.3972999954223633,-.0225264811515808,,KOR,.3972999954223633,0,0,,,,,0,,,,0,.0618500137329102,2020,-.0024800872802735,2019,2,2,0,0,0,0,0,0,0,,,,,,,,
Korea,KOR,2020,.7143379974365235,.4591500091552734,-.0210160064697266,,KOR,.4591500091552734,0,0,,,,,0,,,,0,.02072998046875,2021,.0002588653564454,2020,2,2,0,0,0,0,0,0,0,,,,,,,,
Korea,KOR,2021,.7185292053222656,.4798799896240235,-.0157820415496826,,KOR,.4798799896240235,0,0,,,,,0,,,,0,.0181000137329101,2022,.0041912078857421,2021,2,2,0,0,0,0,0,0,0,,,,,,,,
Korea,KOR,2022,.7222982025146485,.4979800033569336,-.009409242272377,,KOR,.4979800033569336,0,0,,,,,0,,,,0,.0074100112915039,2023,.0037689971923829,2022,2,2,0,0,0,0,0,0,0,,,,,,,,
Korea,KOR,2023,.7269998168945313,.5053900146484375,-.003256893157959,,KOR,.5053900146484375,0,0,,,,,0,,,,0,,,.0047016143798828,2023,3,2,0,0,0,0,0,0,0,,,,,,,,
Sri Lanka,LKA,1995,.3544400787353515,.7780699920654297,.2650390815734863,,LKA,.7780699920654297,0,0,,,,,0,,,,0,-.0158000183105469,1996,,,2,3,0,0,0,0,0,0,0,,,,,,,,
Sri Lanka,LKA,1996,.3528108596801758,.7622699737548828,.3211971664428711,,LKA,.7622699737548828,0,0,,,,,0,,,,0,-.0607999420166015,1997,-.0016292190551758,1996,2,2,0,0,0,0,0,0,0,,,,,,,,
Sri Lanka,LKA,1997,.3543094635009766,.7014700317382813,.3231602478027344,,LKA,.7014700317382813,0,0,,,,,0,,,,0,.0409599304199219,1998,.0014986038208008,1997,2,2,0,0,0,0,0,0,0,,,,,,,,
Sri Lanka,LKA,1998,.3546077346801758,.7424299621582031,.3021661567687988,,LKA,.7424299621582031,0,0,,,,,0,,,,0,.0345200347900391,1999,.0002982711791992,1998,3,3,0,0,0,0,0,0,0,,,,,,,,
Sri Lanka,LKA,1999,.3516964340209961,.7769499969482422,.3075840759277344,,LKA,.7769499969482422,0,0,,,,,0,,,,0,.0150700378417968,2000,-.0029113006591797,1999,3,3,0,0,0,0,0,0,0,,,,,,,,
Sri Lanka,LKA,2000,.3464695358276367,.792020034790039,.3315895080566406,,LKA,.792020034790039,0,0,,,,,0,,,,0,.0516199493408204,2001,-.0052268981933594,2000,2,2,0,0,0,0,0,0,0,,,,,,,,
Sri Lanka,LKA,2001,.3556459426879883,.8436399841308594,.393221321105957,,LKA,.8436399841308594,0,0,,,,,0,,,,0,.1193700408935546,2002,.0091764068603515,2001,2,2,0,0,0,0,0,0,0,,,,,,,,
Sri Lanka,LKA,2002,.3639169311523437,.963010025024414,.4331870269775391,,LKA,.963010025024414,0,0,,,,,0,,,,0,-.0985100555419921,2003,.0082709884643555,2002,2,2,0,0,0,0,0,0,0,,,,,,,,
Sri Lanka,LKA,2003,.3589512252807617,.8644999694824219,.439887809753418,,LKA,.8644999694824219,0,0,,,,,0,,,,0,.0004900360107422,2004,-.004965705871582,2003,2,2,0,0,0,0,0,0,0,,,,,,,,
Sri Lanka,LKA,2004,.3569894790649414,.8649900054931641,.3741501998901367,,LKA,.8649900054931641,0,0,,,,,0,,,,0,-.0991000366210938,2005,-.0019617462158203,2004,2,2,0,0,0,0,0,0,0,,,,,,,,
Sri Lanka,LKA,2005,.3386230087280274,.7658899688720703,.2913734817504883,,LKA,.7658899688720703,0,0,,,,,0,,,,0,-.0229899597167968,2006,-.018366470336914,2005,2,2,0,0,0,0,0,0,0,,,,,,,,
Sri Lanka,LKA,2006,.3360476684570313,.7429000091552734,.2968514633178711,,LKA,.7429000091552734,0,0,,,,,0,,,,0,-.0244100189208984,2007,-.0025753402709961,2006,2,2,0,0,0,0,0,0,0,,,,,,,,
Sri Lanka,LKA,2007,.3351395797729492,.718489990234375,.3067462921142578,,LKA,.718489990234375,0,0,,,,,0,,,,0,-.0306700134277343,2008,-.000908088684082,2007,2,2,0,0,0,0,0,0,0,,,,,,,,
Sri Lanka,LKA,2008,.3364783859252929,.6878199768066406,.3095165634155274,,LKA,.6878199768066406,0,0,,,,,0,,,,0,.0396800231933594,2009,.0013388061523437,2008,2,2,0,0,0,0,0,0,0,,,,,,,,
Sri Lanka,LKA,2009,.3341410446166992,.7275,.4268369674682617,,LKA,.7275,0,0,,,,,0,,,,0,-.0401899719238281,2010,-.0023373413085937,2009,2,2,0,0,0,0,0,0,0,,,,,,,,
Sri Lanka,LKA,2010,.3285117721557617,.6873100280761719,.4227132034301758,,LKA,.6873100280761719,0,0,,,,,0,,,,0,.006969985961914,2011,-.0056292724609375,2010,2,2,0,0,0,0,0,0,0,,,,,,,,
Sri Lanka,LKA,2011,.3315810394287109,.6942800140380859,.3628257751464844,,LKA,.6942800140380859,0,0,,,,,0,,,,0,-.0192400360107422,2012,.0030692672729492,2011,2,2,0,0,0,0,0,0,0,,,,,,,,
Sri Lanka,LKA,2012,.336944465637207,.6750399780273437,.3826203918457031,,LKA,.6750399780273437,0,0,,,,,0,,,,0,.019530029296875,2013,.0053634262084961,2012,2,2,0,0,0,0,0,0,0,,,,,,,,
Sri Lanka,LKA,2013,.3518498229980469,.6945700073242187,.3850064468383789,,LKA,.6945700073242187,0,0,,,,,0,,,,0,.0010399627685548,2014,.0149053573608399,2013,2,2,0,0,0,0,0,0,0,,,,,,,,
Sri Lanka,LKA,2014,.3684761810302735,.6956099700927735,.3622864151000977,,LKA,.6956099700927735,0,0,,,,,0,,,,0,.0677300262451171,2015,.0166263580322266,2014,2,2,0,0,0,0,0,0,0,,,,,,,,
Sri Lanka,LKA,2015,.3852066040039063,.7633399963378906,.3608867645263672,,LKA,.7633399963378906,0,0,,,,,0,,,,0,-.0133399963378906,2016,.0167304229736328,2015,2,2,0,0,0,0,0,0,0,,,,,,,,
Sri Lanka,LKA,2016,.3862142181396485,.75,.3606445693969726,,LKA,.75,0,0,,,,,0,,,,0,-.0273999786376953,2017,.0010076141357422,2016,2,2,0,0,0,0,0,0,0,,,,,,,,
Sri Lanka,LKA,2017,.3826420211791992,.7226000213623047,.3998122787475586,,LKA,.7226000213623047,0,0,,,,,0,,,,0,.1132499694824218,2018,-.0035721969604492,2017,2,2,0,0,0,0,0,0,0,,,,,,,,
Sri Lanka,LKA,2018,.3837472534179687,.8358499908447266,.4410549545288086,,LKA,.8358499908447266,0,0,,,,,0,,,,0,-.0099099731445312,2019,.0011052322387695,2018,2,2,0,0,0,0,0,0,0,,,,,,,,
Sri Lanka,LKA,2019,.3947871017456055,.8259400177001953,.4746941375732422,,LKA,.8259400177001953,0,0,,,,,0,,,,0,.1428699493408203,2020,.0110398483276368,2019,2,2,0,0,0,0,0,0,0,,,,,,,,
Sri Lanka,LKA,2020,.3949221420288086,.9688099670410156,.7137974548339844,,LKA,.9688099670410156,0,0,,,,,0,,,,0,.0578800201416015,2021,.0001350402832031,2020,2,2,0,0,0,0,0,0,0,,,,,,,,
Sri Lanka,LKA,2021,.3893318176269531,1.026689987182617,.7161592864990234,,LKA,1.026689987182617,0,0,,,,,0,,,,0,.1327300262451172,2022,-.0055903244018555,2021,2,2,0,0,0,0,0,0,0,,,,,,,,
Sri Lanka,LKA,2022,.3782544326782227,1.159420013427734,.7777379608154297,,LKA,1.159420013427734,0,0,,,,,0,,,,0,-.0556600189208984,2023,-.0110773849487305,2022,2,2,0,0,0,0,0,0,0,,,,,,,,
Sri Lanka,LKA,2023,.3842419815063476,1.103759994506836,.7986978149414062,,LKA,1.103759994506836,0,0,,,,,0,,,,0,,,.005987548828125,2023,3,2,0,0,0,0,0,0,0,,,,,,,,
Lithuania,LTU,1995,.4447187805175781,,,.1266187286376953,LTU,,0,0,,,,,0,,,,,,,,,5,6,0,0,0,0,0,0,0,,,,,,,,
Lithuania,LTU,1996,.4456064605712891,,,.1104882011413574,LTU,,0,0,,,,,0,,,,,,,.0008876800537109,1996,3,3,0,0,0,0,0,0,0,,,,,,,,
Lithuania,LTU,1997,.448662109375,,,.1799908294677734,LTU,,0,0,,,,,0,,,,,,,.003055648803711,1997,3,3,0,0,0,0,0,0,0,,,,,,,,
Lithuania,LTU,1998,.4508704376220703,.2169499969482422,,.1417344589233398,LTU,.2169499969482422,0,0,,,,,0,,,,0,.063070011138916,1999,.0022083282470703,1998,2,3,0,0,0,0,0,0,0,,,,,,,,
Lithuania,LTU,1999,.4450762557983399,.2800200080871582,,.1532022953033447,LTU,.2800200080871582,0,0,,,,,0,,,,0,-.0451700019836426,2000,-.0057941818237304,1999,2,3,0,0,0,0,0,0,0,,,,,,,,
Lithuania,LTU,2000,.4450077438354492,.2348500061035156,.0330799555778503,.223446907043457,LTU,.2348500061035156,0,1,,,-.0086450617134973,,0,,,,0,-.0060300064086914,2001,-.0000685119628906,2000,1,1,0,0,0,1,0,1,0,,,,,,,,
Lithuania,LTU,2001,.4555531311035156,.2288199996948242,.0191689419746399,.0840511665344238,LTU,.2288199996948242,0,1,,,-.0239087662608585,,0,,,,0,-.007549991607666,2002,.0105453872680664,2001,1,1,0,0,0,1,0,1,0,,,,,,,,
Lithuania,LTU,2002,.4701134872436523,.2212700080871582,.0245826172828674,.3303290634155273,LTU,.2212700080871582,0,1,,,.0030584354686309,,0,,,,0,-.0175900077819824,2003,.0145603561401367,2002,1,1,0,0,0,1,0,1,0,,,,,,,,
Lithuania,LTU,2003,.4761689376831055,.2036800003051758,.0262941145896912,.1471672611236572,LTU,.2036800003051758,0,1,,,-.0169976123297889,,0,,,,0,-.0175300025939941,2004,.0060554504394532,2003,1,1,0,0,0,1,0,1,0,,,,,,,,
Lithuania,LTU,2004,.479157829284668,.1861499977111817,.0189235687255859,.0706607217788696,LTU,.1861499977111817,1,1,-.0036822595846313,-.0006854526132511,-.0253750075660818,-.0260604601793329,1,-.0006854526132511,-.0260604601793329,0,0,-.0097200012207031,2005,.0029888916015625,2004,0,0,1,1,1,1,1,1,1,.0106839668685505,0,.005119306372884,0,.0106839668685505,0,.0002021787812989,0
Lithuania,LTU,2005,.5006911087036133,.1764299964904785,.0151918971538544,.2071950454711914,LTU,.1764299964904785,1,1,-.0044606520902106,-.0007869928326211,-.0104246255113423,-.0112116183439634,1,-.0007869928326211,-.0112116183439634,0,0,-.0034499931335449,2006,.0215332794189453,2005,0,0,1,1,1,1,1,1,1,0,.004164874966819,0,.0020853158647485,0,.004164874966819,0,.0000632723521546
Lithuania,LTU,2006,.5412668228149414,.1729800033569336,.0132365000247955,.3686418838500977,LTU,.1729800033569336,1,1,-.0046576169220118,-.0008056745908049,.0072536538401097,.0064479792493048,1,-.0008056745908049,.0064479792493048,0,0,-.0140900039672852,2007,.0405757141113281,2006,0,0,1,1,1,1,1,1,1,0,.0218244725600872,0,.0118128629222103,0,.0218244725600872,0,.0002888796315827
Lithuania,LTU,2007,.5492793655395508,.1588899993896484,.0101522839069366,.3190554542541504,LTU,.1588899993896484,1,1,-.0059597142785316,-.0009469389980784,.0018239857014192,.0008770467033408,1,-.0009469389980784,.0008770467033408,0,0,-.0130099964141846,2008,.0080125427246094,2007,0,0,1,1,1,1,1,1,1,0,.0162535400141232,0,.0089277341467293,0,.0162535400141232,0,.0001650105527161
Lithuania,LTU,2008,.5556310272216797,.1458800029754639,.0106659066677094,.1690118827819824,LTU,.1458800029754639,1,1,-.0072351940906996,-.0010554701354793,-.0146056464797279,-.0156611166152073,1,-.0010554701354793,-.0156611166152073,0,0,.133149995803833,2009,.0063516616821289,2008,0,0,1,1,1,1,1,1,1,.0002846233044249,0,.0001581455390088,0,.0002846233044249,0,3.03576560045e-06,0
Lithuania,LTU,2009,.5565301513671875,.2790299987792969,.029365656375885,.1214446964263916,LTU,.2790299987792969,1,1,.004707233974979,.0013134594902923,-.0198142093528091,-.0185007498625169,1,.0013134594902923,-.0185007498625169,0,0,.08802001953125,2010,.0008991241455079,2009,0,0,1,1,1,1,1,1,1,.0031242565517345,0,.0017387429716467,0,.0031242565517345,0,.0000917458443283,0
Lithuania,LTU,2010,.5582549285888672,.3670500183105469,.0450615215301514,.1368437538146973,LTU,.3670500183105469,1,1,.0126347693075188,.0046375923056743,-.0181280268236685,-.0134904345179942,1,.0046375923056743,-.0134904345179942,0,0,.0076599884033203,2011,.0017247772216796,2010,0,0,1,1,1,1,1,1,1,0,.0018860587927882,0,.0010529016166824,0,.0018860587927882,0,.0000849886788984
Lithuania,LTU,2011,.5567469787597656,.3747100067138672,.0484422969818115,.1449803066253662,LTU,.3747100067138672,1,1,.0133294383287095,.0049946739256428,-.017237081822892,-.0122424078972492,1,.0049946739256428,-.0122424078972492,0,0,.024370002746582,2012,-.0015079498291015,2011,0,0,1,1,1,1,1,1,1,0,.0031340854135332,0,.0017448925851597,0,.0031340854135332,0,.0001518222963687
Lithuania,LTU,2012,.568297004699707,.3990800094604492,.0567312288284302,.0989530334472656,LTU,.3990800094604492,1,1,.0154890219215851,.0061813590149993,-.0222770256285328,-.0160956666135335,1,.0061813590149993,-.0160956666135335,0,0,-.0104899978637695,2013,.0115500259399414,2012,0,0,1,1,1,1,1,1,1,.0007191733027511,0,.0004087040338135,0,.0007191733027511,0,.0000407995852057,0
Lithuania,LTU,2013,.5759629058837891,.3885900115966797,.0520278453826904,.1270129680633545,LTU,.3885900115966797,1,1,.0145652251795241,.0056599010214195,-.0192044887631004,-.0135445877416809,1,.0056599010214195,-.0135445877416809,0,0,.0186499786376954,2014,.0076659011840821,2013,0,0,1,1,1,1,1,1,1,0,.0018319055691015,0,.0010551096548844,0,.0018319055691015,0,.0000953100997049
Lithuania,LTU,2014,.5983777999877929,.407239990234375,.0499488162994385,.3077922668457031,LTU,.407239990234375,1,1,.0163695545658175,.0066663372415246,.0005906771065059,.0072570143480304,1,.0066663372415246,.0072570143480304,0,0,.0169300079345703,2015,.0224148941040039,2014,0,0,1,1,1,1,1,1,1,0,.0226335076588128,0,.0135433885188873,0,.0226335076588128,0,.001130516916262
Lithuania,LTU,2015,.5890998077392579,.4241699981689453,.0450162649154663,.3277900924682617,LTU,.4241699981689453,1,1,.0179063173021282,.0075953225772563,.002780420500226,.0103757430774823,1,.0075953225772563,.0103757430774823,0,0,-.0261600112915039,2016,-.0092779922485351,2015,0,0,1,1,1,1,1,1,1,0,.0257522363882647,0,.0151706375051827,0,.0257522363882647,0,.0011592694954198
Lithuania,LTU,2016,.5759356307983399,.3980099868774414,.0397322201728821,.1716036758422852,LTU,.3980099868774414,1,1,.0154437823047312,.0061467795924441,-.0143218475388428,-.0081750679463987,1,.0061467795924441,-.0081750679463987,0,0,-.0067599868774414,2017,-.013164176940918,2016,0,0,1,1,1,1,1,1,1,0,.0072014253643837,0,.0041475574598835,0,.0072014253643837,0,.0002861286181363
Lithuania,LTU,2017,.5715707397460937,.39125,.0342465758323669,.0692097206115723,LTU,.39125,1,1,.0147638928802141,.0057763730893838,-.0255338908507118,-.0197575177613281,1,.0057763730893838,-.0197575177613281,0,0,-.0578200149536133,2018,-.0043648910522461,2017,0,0,1,1,1,1,1,1,1,.0043810244505457,0,.0025040653860441,0,.0043810244505457,0,.0001500350860691,0
Lithuania,LTU,2018,.5777058792114258,.3334299850463867,.0270790219306946,.3448917312622071,LTU,.3334299850463867,1,1,.0097569548888102,.0032532613226743,.0046530341172078,.007906295439882,1,.0032532613226743,.007906295439882,0,0,.0224800109863281,2019,.0061351394653321,2018,0,0,1,1,1,1,1,1,1,0,.0232827887506644,0,.0134506039456965,0,.0232827887506644,0,.000630475147187
Lithuania,LTU,2019,.5848808670043946,.3559099960327148,.0254479050636292,,LTU,.3559099960327148,0,0,,,,,0,,,,0,.10302001953125,2020,.0071749877929688,2019,2,2,0,0,0,0,0,0,0,,,,,,,,
Lithuania,LTU,2020,.5889252853393555,.4589300155639648,.0191157233715057,,LTU,.4589300155639648,0,0,,,,,0,,,,0,-.0255800247192383,2021,.0040444183349609,2020,2,2,0,0,0,0,0,0,0,,,,,,,,
Lithuania,LTU,2021,.5928899383544922,.4333499908447266,.012569408416748,,LTU,.4333499908447266,0,0,,,,,0,,,,0,-.0501499938964844,2022,.0039646530151367,2021,2,2,0,0,0,0,0,0,0,,,,,,,,
Lithuania,LTU,2022,.5925260543823242,.3831999969482422,.0074231177568436,,LTU,.3831999969482422,0,0,,,,,0,,,,0,-.012140007019043,2023,-.000363883972168,2022,2,2,0,0,0,0,0,0,0,,,,,,,,
Lithuania,LTU,2023,.5983865356445313,.3710599899291992,.0059412986040115,,LTU,.3710599899291992,0,0,,,,,0,,,,0,,,.0058604812622071,2023,3,2,0,0,0,0,0,0,0,,,,,,,,
Morocco,MAR,1995,.3553836059570312,.7222000122070312,.2483450698852539,.2120960553487142,MAR,.7222000122070312,0,0,,,,,0,,,,0,-.0688500213623047,1996,,,1,2,0,0,0,1,0,0,0,,,,,,,,
Morocco,MAR,1996,.3554626846313477,.6533499908447266,.2300065040588379,.0706046244303385,MAR,.6533499908447266,0,1,,,-.0253811501738168,,0,,,,0,.0262100219726562,1997,.0000790786743164,1996,1,1,0,0,0,1,0,1,0,,,,,,,,
Morocco,MAR,1997,.361606674194336,.6795600128173828,.2117231369018555,.1726888154347738,MAR,.6795600128173828,0,1,,,-.014203025757977,,0,,,,0,-.0343600463867187,1998,.0061439895629883,1997,1,1,0,0,0,1,0,1,0,,,,,,,,
Morocco,MAR,1998,.3664862060546875,.645199966430664,.2031257820129395,.1774548308054606,MAR,.645199966430664,0,1,,,-.0136811514867784,,0,,,,0,-.0115699768066406,1999,.0048795318603516,1998,1,1,0,0,0,1,0,1,0,,,,,,,,
Morocco,MAR,1999,.3603073501586914,.6336299896240234,.183981876373291,.0746471172968547,MAR,.6336299896240234,0,1,,,-.0249385009470614,,0,,,,0,.0149700164794923,2000,-.0061788558959961,1999,1,1,0,0,0,1,0,1,0,,,,,,,,
Morocco,MAR,2000,.3548196029663086,.6486000061035156,.201578369140625,.1011519673665365,MAR,.6486000061035156,0,1,,,-.0220362443999217,,0,,,,0,-.0442499923706055,2001,-.0054877471923828,2000,1,1,0,0,0,1,0,1,0,,,,,,,,
Morocco,MAR,2001,.3526630401611328,.6043500137329102,.195108470916748,.1150802895228068,MAR,.6043500137329102,0,1,,,-.020511106017232,,0,,,,0,-.010629997253418,2002,-.0021565628051758,2001,1,1,0,0,0,1,0,1,0,,,,,,,,
Morocco,MAR,2002,.3501792144775391,.5937200164794922,.1564933586120605,.0907131067911784,MAR,.5937200164794922,0,1,,,-.0231792899696896,,0,,,,0,-.0244300079345704,2003,-.0024838256835937,2002,1,1,0,0,0,1,0,1,0,,,,,,,,
Morocco,MAR,2003,.3428762817382813,.5692900085449218,.1551952838897705,.1763434228897095,MAR,.5692900085449218,0,1,,,-.0138028496247249,,0,,,,0,-.0249800109863281,2004,-.0073029327392578,2003,1,1,0,0,0,1,0,1,0,,,,,,,,
Morocco,MAR,2004,.3498526763916016,.5443099975585938,.1425939083099365,.124610102335612,MAR,.5443099975585938,0,1,,,-.0194676003359599,,0,,,,0,.0033599853515625,2005,.0069763946533203,2004,1,1,0,0,0,1,0,1,0,,,,,,,,
Morocco,MAR,2005,.3396831893920899,.5476699829101562,.1243690967559814,.0950214379628499,MAR,.5476699829101562,0,1,,,-.0227075316946057,,0,,,,0,-.04125,2006,-.0101694869995117,2005,1,1,0,0,0,1,0,1,0,,,,,,,,
Morocco,MAR,2006,.3526963806152344,.5064199829101562,.116919641494751,.102654686609904,MAR,.5064199829101562,0,1,,,-.0218716980338374,,0,,,,0,-.0357599639892578,2007,.0130131912231445,2006,1,1,0,0,0,1,0,1,0,,,,,,,,
Morocco,MAR,2007,.3567083358764648,.4706600189208984,.1038610649108887,.072810142993927,MAR,.4706600189208984,0,1,,,-.0251396479327483,,0,,,,0,-.0507500076293945,2008,.0040119552612304,2007,1,1,0,0,0,1,0,1,0,,,,,,,,
Morocco,MAR,2008,.3600707626342773,.4199100112915039,.0811260032653809,.0632604312896728,MAR,.4199100112915039,0,1,,,-.0261853325242137,,0,,,,0,.0063100051879883,2009,.0033624267578125,2008,1,1,0,0,0,1,0,1,0,,,,,,,,
Morocco,MAR,2009,.3679217147827148,.4262200164794922,.081315860748291,.1635606110890706,MAR,.4262200164794922,0,1,,,-.0152025556838697,,0,,,,0,.0265399932861328,2010,.0078509521484375,2009,1,1,0,0,0,1,0,1,0,,,,,,,,
Morocco,MAR,2010,.3694432830810547,.452760009765625,.0833837795257568,.0919892508188883,MAR,.452760009765625,0,1,,,-.0230395533799795,,0,,,,0,.0327899932861328,2011,.0015215682983398,2010,1,1,0,0,0,1,0,1,0,,,,,,,,
Morocco,MAR,2011,.3585211563110351,.4855500030517578,.0816934967041016,.1463536624908447,MAR,.4855500030517578,0,1,,,-.0170867006269351,,0,,,,0,.0372700119018555,2012,-.0109221267700195,2011,1,1,0,0,0,1,0,1,0,,,,,,,,
Morocco,MAR,2012,.3679338073730469,.5228200149536133,.0872283744812012,.1390835978190104,MAR,.5228200149536133,0,1,,,-.0178827659786156,,0,,,,0,.0479399871826172,2013,.0094126510620117,2012,1,1,0,0,0,1,0,1,0,,,,,,,,
Morocco,MAR,2013,.3752790451049804,.5707600021362305,.0926969528198242,.0733289098739624,MAR,.5707600021362305,1,1,.0309123315041042,.0176435223953184,-.0250828434396059,-.0074393210442876,1,.0176435223953184,-.0074393210442876,0,0,.0148799896240235,2014,.0073452377319336,2013,0,0,1,1,1,1,1,1,1,0,.0079371722664948,0,.0029786544290039,0,.0079371722664948,0,.0007357516831101
Morocco,MAR,2014,.4052666473388672,.5856399917602539,.0988531494140625,.1659314931233724,MAR,.5856399917602539,1,1,.0323156793182438,.0189253541696633,-.0149429462958348,.0039824078738285,1,.0189253541696633,.0039824078738285,0,0,-.0016999816894532,2015,.0299876022338867,2014,0,0,1,1,1,1,1,1,1,0,.0193589011846109,0,.0078455169792517,0,.0193589011846109,0,.0019136883512944
Morocco,MAR,2015,.4091756057739258,.5839400100708008,.1092095947265625,.3139488957722982,MAR,.5839400100708008,1,1,.0322666871296822,.018841809607458,.0012648222747881,.0201066318822461,1,.018841809607458,.0201066318822461,0,0,.0168999862670899,2016,.0039089584350586,2015,0,0,1,1,1,1,1,1,1,0,.0354831251930285,0,.0145188292456095,0,.0354831251930285,0,.0038750977219625
Morocco,MAR,2016,.4076196670532227,.6008399963378906,.1043730545043945,.1185060081481934,MAR,.6008399963378906,1,1,.0336495104116691,.0202179717125191,-.0201359929989336,.0000819787135855,1,.0202179717125191,.0000819787135855,0,0,.00177001953125,2017,-.0015559387207031,2016,0,0,1,1,1,1,1,1,1,0,.0154584720243679,0,.0063011772197244,0,.0154584720243679,0,.001613447943154
Morocco,MAR,2017,.4083772277832031,.6026100158691406,.0987468433380127,.3098074938456217,MAR,.6026100158691406,1,1,.0339430035978851,.0204543939367678,.0008113425975051,.0212657365342729,1,.0204543939367678,.0212657365342729,0,0,.001969985961914,2018,.0007575607299805,2017,0,0,1,1,1,1,1,1,1,0,.0366422298450553,0,.0149638522439186,0,.0366422298450553,0,.0036183045300651
Morocco,MAR,2018,.4106909561157226,.6045800018310546,.096687707901001,.0819068921407064,MAR,.6045800018310546,1,1,.0339602026464845,.0205316593781946,-.0241435623220197,-.0036119029438251,1,.0205316593781946,-.0036119029438251,0,0,-.0018799972534179,2019,.0023137283325195,2018,0,0,1,1,1,1,1,1,1,0,.0117645903669573,0,.0048316108661155,0,.0117645903669573,0,.0011374912769753
Morocco,MAR,2019,.4170556640625,.6027000045776367,.1023500061035156,,MAR,.6027000045776367,0,0,,,,,0,,,,0,.1197500228881836,2020,.0063647079467773,2019,2,2,0,0,0,0,0,0,0,,,,,,,,
Morocco,MAR,2020,.4268464279174805,.7224500274658203,.0926076984405518,,MAR,.7224500274658203,0,0,,,,,0,,,,0,-.0289400482177734,2021,.0097907638549805,2020,2,2,0,0,0,0,0,0,0,,,,,,,,
Morocco,MAR,2021,.4261339569091797,.6935099792480469,.0878761577606201,,MAR,.6935099792480469,0,0,,,,,0,,,,0,.0202100372314453,2022,-.0007124710083007,2021,2,2,0,0,0,0,0,0,0,,,,,,,,
Morocco,MAR,2022,.430895881652832,.7137200164794922,.0807676315307617,,MAR,.7137200164794922,0,0,,,,,0,,,,0,-.0266699981689453,2023,.0047619247436523,2022,2,2,0,0,0,0,0,0,0,,,,,,,,
Morocco,MAR,2023,.4306853103637696,.6870500183105469,.0816531848907471,,MAR,.6870500183105469,0,0,,,,,0,,,,0,,,-.0002105712890625,2023,3,2,0,0,0,0,0,0,0,,,,,,,,
Mexico,MEX,1995,.3511345672607422,,.2333353424072266,.1893606646631805,MEX,,0,0,,,,,0,,,,,,,,,2,2,0,0,0,0,0,0,0,,,,,,,,
Mexico,MEX,1996,.3515017700195313,.425369987487793,.2232200050354004,.1991953445488299,MEX,.425369987487793,0,1,,,-.0113005853570326,,0,,,,0,-.0341699981689453,1997,.000367202758789,1996,1,1,0,0,0,1,0,1,0,,,,,,,,
Mexico,MEX,1997,.3577840042114258,.3911999893188476,.1990614700317383,.181109934927712,MEX,.3911999893188476,0,1,,,-.0132809209689149,,0,,,,0,.005880012512207,1998,.0062822341918945,1997,1,1,0,0,0,1,0,1,0,,,,,,,,
Mexico,MEX,1998,.3643913269042969,.3970800018310547,.1694802093505859,.2847771517659577,MEX,.3970800018310547,0,1,,,-.001929456689677,,0,,,,0,.0195899963378906,1999,.0066073226928711,1998,1,1,0,0,0,1,0,1,0,,,,,,,,
Mexico,MEX,1999,.3712958526611328,.4166699981689453,.1902479553222656,.1726187896728516,MEX,.4166699981689453,0,1,,,-.0142106935140848,,0,,,,0,-.0321199798583984,2000,.0069045257568359,1999,1,1,0,0,0,1,0,1,0,,,,,,,,
Mexico,MEX,2000,.3789767074584961,.3845500183105469,.1803484725952148,.2036336865223629,MEX,.3845500183105469,0,1,,,-.0108145910194957,,0,,,,0,-.011400032043457,2001,.0076808547973633,2000,1,1,0,0,0,1,0,1,0,,,,,,,,
Mexico,MEX,2001,.3840565490722656,.3731499862670898,.2180393600463867,.1946001171058332,MEX,.3731499862670898,0,1,,,-.0118037585082472,,0,,,,0,.0255100250244141,2002,.0050798416137695,2001,1,1,0,0,0,1,0,1,0,,,,,,,,
Mexico,MEX,2002,.3889926910400391,.3986600112915039,.1699078750610352,.1940507871332303,MEX,.3986600112915039,0,1,,,-.0118639096317335,,0,,,,0,.0226699829101563,2003,.0049361419677735,2002,1,1,0,0,0,1,0,1,0,,,,,,,,
Mexico,MEX,2003,.3876393508911133,.4213299942016602,.1482789039611817,.2433452133393623,MEX,.4213299942016602,0,1,,,-.0064662155939208,,0,,,,0,-.0322700119018555,2004,-.0013533401489258,2003,1,1,0,0,0,1,0,1,0,,,,,,,,
Mexico,MEX,2004,.3867420959472656,.3890599822998047,.1418929481506348,.1801910460834772,MEX,.3890599822998047,0,1,,,-.013381538446745,,0,,,,0,-.0206499862670899,2005,-.0008972549438477,2004,1,1,0,0,0,1,0,1,0,,,,,,,,
Mexico,MEX,2005,.3974153137207031,.3684099960327148,.1370550632476807,.2409820292029582,MEX,.3684099960327148,0,1,,,-.0067249820692619,,0,,,,0,-.0106399917602539,2006,.0106732177734375,2005,1,1,0,0,0,1,0,1,0,,,,,,,,
Mexico,MEX,2006,.4741845703125,.3577700042724609,.1272173404693603,.218514314973858,MEX,.3577700042724609,0,1,,,-.009185175979027,,0,,,,0,-.0024800109863281,2007,.0767692565917969,2006,1,1,0,0,0,1,0,1,0,,,,,,,,
Mexico,MEX,2007,.4759138870239258,.3552899932861328,.1177420139312744,.1770560159817548,MEX,.3552899932861328,1,1,.0116052742955604,.0041232378265534,-.013724821340792,-.0096015835142386,1,.0041232378265534,-.0096015835142386,0,0,.0507600021362305,2008,.0017293167114258,2007,0,0,1,1,1,1,1,1,1,0,.0057749097965438,0,.0027483597684857,0,.0057749097965438,0,.0006799495097165
Mexico,MEX,2008,.4752594375610352,.4060499954223633,.1026683712005615,.1923763897049595,MEX,.4060499954223633,1,1,.0161815017975674,.0065704987308292,-.0120472546001426,-.0054767558693134,1,.0065704987308292,-.0054767558693134,0,0,.010620002746582,2009,-.0006544494628906,2008,0,0,1,1,1,1,1,1,1,0,.009899737441469,0,.0047049436484345,0,.009899737441469,0,.0010163899184288
Mexico,MEX,2009,.4790494537353516,.4166699981689453,.1303750896453857,.3256138774710642,MEX,.4166699981689453,1,1,.0172302221630427,.0071793166371255,.0025421269725511,.0097214436096766,1,.0071793166371255,.0097214436096766,0,0,-.0151200103759765,2010,.0037900161743164,2009,0,0,1,1,1,1,1,1,1,0,.025097936920459,0,.0120231529716302,0,.025097936920459,0,.0032721457759191
Mexico,MEX,2010,.5026663208007812,.4015499877929687,.1164564800262451,.193734510045656,MEX,.4015499877929687,1,1,.0157777140483543,.0063355408835176,-.0118985416800458,-.0055630007965282,1,.0063355408835176,-.0055630007965282,0,0,.0101200103759766,2011,.0236168670654296,2010,0,0,1,1,1,1,1,1,1,0,.0098134925142542,0,.0049329121763462,0,.0098134925142542,0,.001142844794974
Mexico,MEX,2011,.5055548095703125,.4116699981689453,.1075668334960938,.3291072340414558,MEX,.4116699981689453,1,1,.0167829628719237,.0069090422947543,.0029246462832153,.0098336885779696,1,.0069090422947543,.0098336885779696,0,0,-.0035200119018555,2012,.0028884887695313,2011,0,0,1,1,1,1,1,1,1,0,.025210181888752,0,.0127451287040009,0,.025210181888752,0,.0027117794376336
Mexico,MEX,2012,.513492202758789,.4081499862670899,.1147051334381104,.2260711776034933,MEX,.4081499862670899,1,1,.0163940335750896,.006691224578535,-.0083577065164557,-.0016664819379206,1,.006691224578535,-.0016664819379206,0,0,.0325100326538086,2013,.0079373931884765,2012,0,0,1,1,1,1,1,1,1,0,.0137100113728618,0,.0070399839396988,0,.0137100113728618,0,.0015726086839621
Mexico,MEX,2013,.5143038177490235,.4406600189208985,.1145441150665283,.1884460528467742,MEX,.4406600189208985,1,1,.0192916486860616,.0085010582750152,-.0124776228478084,-.0039765645727931,1,.0085010582750152,-.0039765645727931,0,0,.0302699661254883,2014,.0008116149902344,2013,0,0,1,1,1,1,1,1,1,0,.0113999287379893,0,.0058630268720147,0,.0113999287379893,0,.0013057947491145
Mexico,MEX,2014,.3734231948852539,.4709299850463867,.1190096569061279,.2383099319565464,MEX,.4709299850463867,1,1,.0220492042271367,.0103836314169702,-.0070175742441885,.0033660571727817,1,.0103836314169702,.0033660571727817,0,0,.0388000106811524,2015,-.1408806228637696,2014,0,0,1,1,1,1,1,1,1,0,.0187425504835641,0,.0069989030818707,0,.0187425504835641,0,.0022305445025947
Mexico,MEX,2015,.3707757949829101,.5097299957275391,.1186395835876465,.2226228511165565,MEX,.5097299957275391,1,1,.0255279550782584,.0130123644329734,-.0087352950746658,.0042770693583076,1,.0130123644329734,.0042770693583076,0,0,.0402999877929687,2016,-.0026473999023438,2015,0,0,1,1,1,1,1,1,1,0,.01965356266909,0,.0072870653228783,0,.01965356266909,0,.0023316904910746
Mexico,MEX,2016,.3684158706665039,.5500299835205078,.1267564296722412,.2645115101505334,MEX,.5500299835205078,1,1,.0291820354889423,.0160509944990778,-.0041485256866992,.0119024688123786,1,.0160509944990778,.0119024688123786,0,0,-.0248199844360352,2017,-.0023599243164062,2016,0,0,1,1,1,1,1,1,1,0,.027278962123161,0,.0100500025814829,0,.027278962123161,0,.0034577838438962
Mexico,MEX,2017,.3682134246826172,.5252099990844726,.1492661762237549,.2846942123896639,MEX,.5252099990844726,1,1,.0269638366252917,.0141616766092833,-.0019385384746043,.012223138134679,1,.0141616766092833,.012223138134679,0,0,-.0031900024414062,2018,-.0002024459838867,2017,0,0,1,1,1,1,1,1,1,0,.0275996314454614,0,.0101625548145114,0,.0275996314454614,0,.0041196914510489
Mexico,MEX,2018,.3679214477539062,.5220199966430664,.1609653472900391,.3705463371557348,MEX,.5220199966430664,1,1,.0267371885227284,.0139573470628797,.0074621897141281,.0214195367770078,1,.0139573470628797,.0214195367770078,0,0,-.0033300018310547,2019,-.000291976928711,2018,0,0,1,1,1,1,1,1,1,0,.0367960300877902,0,.0135380486614961,0,.0367960300877902,0,.0059228857619759
Mexico,MEX,2019,.3636758041381836,.5186899948120117,.1915467262268066,,MEX,.5186899948120117,0,0,,,,,0,,,,0,.0658700180053711,2020,-.0042456436157227,2019,2,2,0,0,0,0,0,0,0,,,,,,,,
Mexico,MEX,2020,.3626288223266602,.5845600128173828,.1866513442993164,,MEX,.5845600128173828,0,0,,,,,0,,,,0,-.0176100158691406,2021,-.0010469818115234,2020,2,2,0,0,0,0,0,0,0,,,,,,,,
Mexico,MEX,2021,.3571400451660156,.5669499969482422,.1889523506164551,,MEX,.5669499969482422,0,0,,,,,0,,,,0,-.0289199829101563,2022,-.0054887771606446,2021,2,2,0,0,0,0,0,0,0,,,,,,,,
Mexico,MEX,2022,.3594685745239258,.5380300140380859,.208707160949707,,MEX,.5380300140380859,0,0,,,,,0,,,,0,-.0105000305175781,2023,.0023285293579102,2022,2,2,0,0,0,0,0,0,0,,,,,,,,
Mexico,MEX,2023,.3612793731689453,.5275299835205078,.2386756706237793,,MEX,.5275299835205078,0,0,,,,,0,,,,0,,,.0018107986450195,2023,3,2,0,0,0,0,0,0,0,,,,,,,,
Mauritius,MUS,1995,.4288152694702149,,,,MUS,,0,0,,,,,0,,,,,,,,,3,4,0,0,0,0,0,0,0,,,,,,,,
Mauritius,MUS,1996,.4295539855957031,,,,MUS,,0,0,,,,,0,,,,,,,.0007387161254883,1996,3,3,0,0,0,0,0,0,0,,,,,,,,
Mauritius,MUS,1997,.4339414978027344,,,,MUS,,0,0,,,,,0,,,,,,,.0043875122070313,1997,3,3,0,0,0,0,0,0,0,,,,,,,,
Mauritius,MUS,1998,.4393647384643555,,,,MUS,,0,0,,,,,0,,,,,,,.0054232406616211,1998,3,3,0,0,0,0,0,0,0,,,,,,,,
Mauritius,MUS,1999,.44060546875,,,,MUS,,0,0,,,,,0,,,,,,,.0012407302856445,1999,3,3,0,0,0,0,0,0,0,,,,,,,,
Mauritius,MUS,2000,.4421469497680664,.5694400024414062,.2030818176269531,,MUS,.5694400024414062,0,0,,,,,0,,,,0,.0123999786376953,2001,.0015414810180664,2000,2,2,0,0,0,0,0,0,0,,,,,,,,
Mauritius,MUS,2001,.4500152206420898,.5818399810791015,.209874267578125,,MUS,.5818399810791015,0,0,,,,,0,,,,0,.0477100372314454,2002,.0078682708740234,2001,2,2,0,0,0,0,0,0,0,,,,,,,,
Mauritius,MUS,2002,.4539955139160156,.6295500183105469,.1967222785949707,,MUS,.6295500183105469,0,0,,,,,0,,,,0,.0399199676513672,2003,.0039802932739258,2002,2,2,0,0,0,0,0,0,0,,,,,,,,
Mauritius,MUS,2003,.452516975402832,.6694699859619141,.2028384971618652,,MUS,.6694699859619141,0,0,,,,,0,,,,0,-.0752599716186524,2004,-.0014785385131836,2003,2,2,0,0,0,0,0,0,0,,,,,,,,
Mauritius,MUS,2004,.4519124984741211,.5942100143432617,.1975364494323731,,MUS,.5942100143432617,0,0,,,,,0,,,,0,-.0112900161743164,2005,-.000604476928711,2004,2,2,0,0,0,0,0,0,0,,,,,,,,
Mauritius,MUS,2005,.429140510559082,.5829199981689454,.1931701850891113,,MUS,.5829199981689454,0,0,,,,,0,,,,0,-.0298500061035156,2006,-.022771987915039,2005,2,2,0,0,0,0,0,0,0,,,,,,,,
Mauritius,MUS,2006,.4533131408691407,.5530699920654297,.1995475578308105,,MUS,.5530699920654297,0,0,,,,,0,,,,0,-.0649900054931641,2007,.0241726303100586,2006,2,2,0,0,0,0,0,0,0,,,,,,,,
Mauritius,MUS,2007,.4596643447875977,.4880799865722656,.2050209236145019,,MUS,.4880799865722656,0,0,,,,,0,,,,0,-.0004899978637696,2008,.006351203918457,2007,2,2,0,0,0,0,0,0,0,,,,,,,,
Mauritius,MUS,2008,.4813502883911133,.4875899887084961,.1850821685791016,,MUS,.4875899887084961,0,0,,,,,0,,,,0,.0807800292968751,2009,.0216859436035156,2008,2,2,0,0,0,0,0,0,0,,,,,,,,
Mauritius,MUS,2009,.485603141784668,.5683700180053711,.1659576416015625,,MUS,.5683700180053711,0,0,,,,,0,,,,0,-.0244500350952149,2010,.0042528533935547,2009,2,2,0,0,0,0,0,0,0,,,,,,,,
Mauritius,MUS,2010,.503109359741211,.5439199829101562,.1505806732177734,,MUS,.5439199829101562,0,0,,,,,0,,,,0,.0047300338745118,2011,.017506217956543,2010,2,2,0,0,0,0,0,0,0,,,,,,,,
Mauritius,MUS,2011,.5105936813354492,.548650016784668,.1336591720581055,,MUS,.548650016784668,0,0,,,,,0,,,,0,-.0068100357055664,2012,.0074843215942383,2011,2,2,0,0,0,0,0,0,0,,,,,,,,
Mauritius,MUS,2012,.5159324264526367,.5418399810791016,.132108268737793,,MUS,.5418399810791016,0,0,,,,,0,,,,0,.022920036315918,2013,.0053387451171875,2012,2,2,0,0,0,0,0,0,0,,,,,,,,
Mauritius,MUS,2013,.5230028533935547,.5647600173950196,.1179219532012939,,MUS,.5647600173950196,0,0,,,,,0,,,,0,.0265299987792968,2014,.007070426940918,2013,2,2,0,0,0,0,0,0,0,,,,,,,,
Mauritius,MUS,2014,.5364657211303711,.5912900161743164,.1210184478759766,,MUS,.5912900161743164,0,0,,,,,0,,,,0,.0389199829101562,2015,.0134628677368164,2014,2,2,0,0,0,0,0,0,0,,,,,,,,
Mauritius,MUS,2015,.5374793243408204,.6302099990844726,.1098873996734619,,MUS,.6302099990844726,0,0,,,,,0,,,,0,-.0042499923706054,2016,.0010136032104493,2015,2,2,0,0,0,0,0,0,0,,,,,,,,
Mauritius,MUS,2016,.521214485168457,.6259600067138672,.1103119850158691,,MUS,.6259600067138672,0,0,,,,,0,,,,0,-.0125899887084961,2017,-.0162648391723633,2016,2,2,0,0,0,0,0,0,0,,,,,,,,
Mauritius,MUS,2017,.5207292175292969,.6133700180053711,.1055911922454834,,MUS,.6133700180053711,0,0,,,,,0,,,,0,.0181099700927735,2018,-.0004852676391601,2017,2,2,0,0,0,0,0,0,0,,,,,,,,
Mauritius,MUS,2018,.5460079193115235,.6314799880981445,.1140222072601318,,MUS,.6314799880981445,0,0,,,,,0,,,,0,.1792000198364258,2019,.0252787017822266,2018,2,2,0,0,0,0,0,0,0,,,,,,,,
Mauritius,MUS,2019,.5476521682739258,.8106800079345703,.1266322135925293,,MUS,.8106800079345703,0,0,,,,,0,,,,0,.108280029296875,2020,.0016442489624023,2019,2,2,0,0,0,0,0,0,0,,,,,,,,
Mauritius,MUS,2020,.5646342849731445,.9189600372314453,.1236651134490967,,MUS,.9189600372314453,0,0,,,,,0,,,,0,-.0576200103759765,2021,.0169821166992187,2020,2,2,0,0,0,0,0,0,0,,,,,,,,
Mauritius,MUS,2021,.5646249008178711,.8613400268554687,.1035038471221924,,MUS,.8613400268554687,0,0,,,,,0,,,,0,-.0433000183105469,2022,-9.38415527341e-06,2021,2,2,0,0,0,0,0,0,0,,,,,,,,
Mauritius,MUS,2022,.5645662689208985,.8180400085449219,.1039199638366699,,MUS,.8180400085449219,0,0,,,,,0,,,,0,-.0035300445556641,2023,-.0000586318969726,2022,2,2,0,0,0,0,0,0,0,,,,,,,,
Mauritius,MUS,2023,.5639752578735352,.8145099639892578,.1101578426361084,,MUS,.8145099639892578,0,0,,,,,0,,,,0,,,-.0005910110473633,2023,3,2,0,0,0,0,0,0,0,,,,,,,,
Malaysia,MYS,1995,.3946110916137695,.3816600036621094,.0854085636138916,.0291918444633484,MYS,.3816600036621094,0,0,,,,,0,,,,0,-.0539699935913086,1996,,,1,2,0,0,0,1,0,0,0,,,,,,,,
Malaysia,MYS,1996,.3982036972045899,.3276900100708008,.0733437252044678,.03530632853508,MYS,.3276900100708008,0,1,,,-.0292462808987807,,0,,,,0,-.0314900016784668,1997,.0035926055908204,1996,1,1,0,0,0,1,0,1,0,,,,,,,,
Malaysia,MYS,1997,.3923848342895508,.296200008392334,.0602808237075806,.093913471698761,MYS,.296200008392334,0,1,,,-.0228288529748811,,0,,,,0,.0401600074768066,1998,-.0058188629150391,1997,1,1,0,0,0,1,0,1,0,,,,,,,,
Malaysia,MYS,1998,.3901296234130859,.3363600158691406,.074802098274231,.3049912166595459,MYS,.3363600158691406,0,1,,,.0002839647040486,,0,,,,0,.0072699737548828,1999,-.0022552108764649,1998,1,1,0,0,0,1,0,1,0,,,,,,,,
Malaysia,MYS,1999,.392354850769043,.3436299896240234,.0714879846572876,.0223324316740036,MYS,.3436299896240234,0,1,,,-.0306669105951563,,0,,,,0,-.0184499740600585,2000,.002225227355957,1999,1,1,0,0,0,1,0,1,0,,,,,,,,
Malaysia,MYS,2000,.3963176727294922,.3251800155639649,.0765066385269165,.0467394000291824,MYS,.3251800155639649,0,1,,,-.0279943701537495,,0,,,,0,.055469970703125,2001,.0039628219604492,2000,1,1,0,0,0,1,0,1,0,,,,,,,,
Malaysia,MYS,2001,.4052272415161133,.3806499862670898,.0602187490463257,.0567722196877003,MYS,.3806499862670898,0,1,,,-.0268957856885043,,0,,,,0,.0146700286865235,2002,.0089095687866211,2001,1,1,0,0,0,1,0,1,0,,,,,,,,
Malaysia,MYS,2002,.4150580978393555,.3953200149536133,.0693150424957275,.1384060335159302,MYS,.3953200149536133,1,1,.0151785352530961,.0060003787832279,-.0179569586425829,-.011956579859355,1,.0060003787832279,-.011956579859355,0,0,.0186100006103516,2003,.0098308563232422,2002,0,0,1,1,1,1,1,1,1,0,.0034199134514274,0,.0014194627719247,0,.0034199134514274,0,.0002370514462174
Malaysia,MYS,2003,.4232469940185547,.4139300155639649,.0041751873493195,.0686493825912476,MYS,.4139300155639649,1,1,.0168033928545279,.0069554286658021,-.0255952473452335,-.0186398186794314,1,.0069554286658021,-.0186398186794314,0,0,.0056699752807617,2004,.0081888961791992,2003,0,0,1,1,1,1,1,1,1,.003263325368649,0,.0013811926527852,0,.003263325368649,0,.0000136249947959,0
Malaysia,MYS,2004,.4253926086425781,.4195999908447265,.0192623496055603,.1696465110778809,MYS,.4195999908447265,1,1,.0173842635303104,.0072944368181606,-.0145361552688013,-.0072417184506407,1,.0072944368181606,-.0072417184506407,0,0,-.0118199920654297,2005,.0021456146240234,2004,0,0,1,1,1,1,1,1,1,0,.0081347748601417,0,.0034604730984757,0,.0081347748601417,0,.0001566948773186
Malaysia,MYS,2005,.4150728607177734,.4077799987792969,.0641787624359131,.1192636799812317,MYS,.4077799987792969,1,1,.0162857772487403,.0066410142266112,-.0200530286345913,-.01341201440798,1,.0066410142266112,-.01341201440798,0,0,-.0111600112915039,2006,-.0103197479248047,2005,0,0,1,1,1,1,1,1,1,0,.0019644789028024,0,.0008154018780059,0,.0019644789028024,0,.0001260778248133
Malaysia,MYS,2006,.4234747695922851,.396619987487793,.0417464733123779,.1128637969493866,MYS,.396619987487793,1,1,.0152775271723927,.0060593726359588,-.0207538099022185,-.0146944372662597,1,.0060593726359588,-.0146944372662597,0,0,-.0031399917602539,2007,.0084019088745117,2006,0,0,1,1,1,1,1,1,1,0,.0006820560445227,0,.0002888335263033,0,.0006820560445227,0,.0000284734344602
Malaysia,MYS,2007,.4189785385131836,.3934799957275391,.0299339556694031,.0428560960292816,MYS,.3934799957275391,1,1,.0149459636539992,.0058809377147196,-.0284195883469714,-.0225386506322518,1,.0058809377147196,-.0225386506322518,0,0,.0001300048828125,2008,-.0044962310791015,2007,0,0,1,1,1,1,1,1,1,.0071621573214694,0,.0030007902071507,0,.0071621573214694,0,.0002143916997582,0
Malaysia,MYS,2008,.4122716903686524,.3936100006103516,.0579204750061035,.0558916585147381,MYS,.3936100006103516,1,1,.0149668075515173,.0058910851294877,-.0269922063218098,-.0211011211923221,1,.0058910851294877,-.0211011211923221,0,0,.1104700088500976,2009,-.0067068481445313,2008,0,0,1,1,1,1,1,1,1,.0057246278815397,0,.0023601020134539,0,.0057246278815397,0,.000331573166132,0
Malaysia,MYS,2009,.4248360443115234,.5040800094604492,.0395057773590088,.1090556085109711,MYS,.5040800094604492,1,1,.024940058049186,.0125717846973778,-.021170803010992,-.0085990183136142,1,.0125717846973778,-.0085990183136142,0,0,.0080400085449219,2010,.0125643539428711,2009,0,0,1,1,1,1,1,1,1,0,.0067774749971682,0,.0028793156682172,0,.0067774749971682,0,.0002677494182944
Malaysia,MYS,2010,.4504008102416992,.5121200180053711,.0570787525177002,.1638832575082779,MYS,.5121200180053711,1,1,.0257016840835744,.0131623469156485,-.0151672261996397,-.0020048792839912,1,.0131623469156485,-.0020048792839912,0,0,.0068599700927734,2011,.0255647659301758,2010,0,0,1,1,1,1,1,1,1,0,.0133716140267912,0,.006022585791906,0,.0133716140267912,0,.0007632350477974
Malaysia,MYS,2011,.4508672714233398,.5189799880981445,.0673044204711914,.0502046310901642,MYS,.5189799880981445,1,1,.0262388834239981,.0136174554070951,-.02761493056033,-.0139974751532348,1,.0136174554070951,-.0139974751532348,0,0,.0188999938964844,2012,.0004664611816406,2011,0,0,1,1,1,1,1,1,1,0,.0013790181575476,0,.0006217541539367,0,.0013790181575476,0,.000092814017913
Malaysia,MYS,2012,.4789917755126953,.5378799819946289,.0306263041496277,,MYS,.5378799819946289,0,0,,,,,0,,,,0,.0186800003051757,2013,.0281245040893555,2012,2,2,0,0,0,0,0,0,0,,,,,,,,
Malaysia,MYS,2013,.4942948532104492,.5565599822998046,.0550571966171265,,MYS,.5565599822998046,0,0,,,,,0,,,,0,-.0028299713134765,2014,.0153030776977539,2013,2,2,0,0,0,0,0,0,0,,,,,,,,
Malaysia,MYS,2014,.5249768829345703,.5537300109863281,.0738137102127075,,MYS,.5537300109863281,0,0,,,,,0,,,,0,.0159799957275391,2015,.0306820297241212,2014,2,2,0,0,0,0,0,0,0,,,,,,,,
Malaysia,MYS,2015,.5256266021728515,.5697100067138672,.0727822399139404,,MYS,.5697100067138672,0,0,,,,,0,,,,0,-.0118400192260742,2016,.0006497192382812,2015,2,2,0,0,0,0,0,0,0,,,,,,,,
Malaysia,MYS,2016,.500595703125,.5578699874877929,.0910392475128174,,MYS,.5578699874877929,0,0,,,,,0,,,,0,-.0139199829101562,2017,-.0250308990478515,2016,2,2,0,0,0,0,0,0,0,,,,,,,,
Malaysia,MYS,2017,.4867232131958008,.5439500045776368,.0914879512786865,,MYS,.5439500045776368,0,0,,,,,0,,,,0,.0125099945068359,2018,-.0138724899291992,2017,2,2,0,0,0,0,0,0,0,,,,,,,,
Malaysia,MYS,2018,.4937052154541016,.5564599990844726,.0936244106292725,,MYS,.5564599990844726,0,0,,,,,0,,,,0,.0143700027465821,2019,.0069820022583008,2018,2,2,0,0,0,0,0,0,0,,,,,,,,
Malaysia,MYS,2019,.5026324081420899,.5708300018310547,.0913432598114014,,MYS,.5708300018310547,0,0,,,,,0,,,,0,.1061000061035157,2020,.0089271926879883,2019,2,2,0,0,0,0,0,0,0,,,,,,,,
Malaysia,MYS,2020,.5028362274169922,.6769300079345704,.0895774364471436,,MYS,.6769300079345704,0,0,,,,,0,,,,0,.0146900177001953,2021,.0002038192749023,2020,2,2,0,0,0,0,0,0,0,,,,,,,,
Malaysia,MYS,2021,.500369644165039,.6916200256347657,.1107612133026123,,MYS,.6916200256347657,0,0,,,,,0,,,,0,-.0369800567626953,2022,-.0024665832519531,2021,2,2,0,0,0,0,0,0,0,,,,,,,,
Malaysia,MYS,2022,.5034051132202149,.6546399688720703,.1017776203155518,,MYS,.6546399688720703,0,0,,,,,0,,,,0,.0424800109863281,2023,.0030354690551758,2022,2,2,0,0,0,0,0,0,0,,,,,,,,
Malaysia,MYS,2023,.5056172561645508,.6971199798583985,.0903432750701904,,MYS,.6971199798583985,0,0,,,,,0,,,,0,,,.0022121429443359,2023,3,2,0,0,0,0,0,0,0,,,,,,,,
Namibia,NAM,1995,.3794836044311524,.1799099922180176,.0346076607704163,.0083142466957753,NAM,.1799099922180176,0,0,,,,,0,,,,0,.0073400115966797,1996,,,1,2,0,0,0,1,0,0,0,,,,,,,,
Namibia,NAM,1996,.3790921783447266,.1872500038146973,.0493453025817871,0,NAM,.1872500038146973,0,1,,,-.0331122911903692,,0,,,,0,-.0100800132751465,1997,-.0003914260864258,1996,1,1,0,0,0,1,0,1,0,,,,,,,,
Namibia,NAM,1997,.3758369445800781,.1771699905395508,.060196213722229,.0175225305098754,NAM,.1771699905395508,0,1,,,-.0311935903201118,,0,,,,0,.0185700035095215,1998,-.0032552337646485,1997,1,1,0,0,0,1,0,1,0,,,,,,,,
Namibia,NAM,1998,.3736218643188476,.1957399940490723,.0751850700378418,.0828245702156654,NAM,.1957399940490723,0,1,,,-.0240430774223046,,0,,,,0,.0222300148010254,1999,-.0022150802612305,1998,1,1,0,0,0,1,0,1,0,,,,,,,,
Namibia,NAM,1999,.3670946502685547,.2179700088500977,.0701836395263672,.0362514440829937,NAM,.2179700088500977,0,1,,,-.0291427916211758,,0,,,,0,-.0093800163269043,2000,-.0065272140502929,1999,1,1,0,0,0,1,0,1,0,,,,,,,,
Namibia,NAM,2000,.3610402297973633,.2085899925231934,.0618054151535034,.0083142466957753,NAM,.2085899925231934,0,1,,,-.0322018888736646,,0,,,,0,.0353400039672852,2001,-.0060544204711914,2000,1,1,0,0,0,1,0,1,0,,,,,,,,
Namibia,NAM,2001,.3615087127685547,.2439299964904785,.0595569801330566,0,NAM,.2439299964904785,0,1,,,-.0331122911903692,,0,,,,0,-.0220599937438965,2002,.0004684829711914,2001,1,1,0,0,0,1,0,1,0,,,,,,,,
Namibia,NAM,2002,.3611085891723633,.221870002746582,.069250226020813,.0072647792371837,NAM,.221870002746582,0,1,,,-.0323168045888903,,0,,,,0,.0495899963378906,2003,-.0004001235961914,2002,1,1,0,0,0,1,0,1,0,,,,,,,,
Namibia,NAM,2003,.3622102355957031,.2714599990844727,.0817177677154541,.0355431362715634,NAM,.2714599990844727,0,1,,,-.0292203506708482,,0,,,,0,.0203300094604492,2004,.0011016464233399,2003,1,1,0,0,0,1,0,1,0,,,,,,,,
Namibia,NAM,2004,.3590307998657227,.2917900085449219,.084600133895874,.0089067399960298,NAM,.2917900085449219,0,1,,,-.0321370114057566,,0,,,,0,-.0228200149536133,2005,-.0031794357299805,2004,1,1,0,0,0,1,0,1,0,,,,,,,,
Namibia,NAM,2005,.3521735000610351,.2689699935913086,.0847055339813232,.0249334348331798,NAM,.2689699935913086,0,1,,,-.0303821031569703,,0,,,,0,-.0076099967956543,2006,-.0068572998046875,2005,1,1,0,0,0,1,0,1,0,,,,,,,,
Namibia,NAM,2006,.3617294311523437,.2613599967956543,.073542308807373,.0014604243177634,NAM,.2613599967956543,0,1,,,-.0329523760794862,,0,,,,0,-.0677199935913086,2007,.0095559310913086,2006,1,1,0,0,0,1,0,1,0,,,,,,,,
Namibia,NAM,2007,.3662649154663086,.1936400032043457,.0538535833358765,.0811590145184443,NAM,.1936400032043457,0,1,,,-.0242254542293485,,0,,,,0,-.0026700019836426,2008,.0045354843139648,2007,1,1,0,0,0,1,0,1,0,,,,,,,,
Namibia,NAM,2008,.3840426254272461,.1909700012207031,.0372090101242065,.001582133715803,NAM,.1909700012207031,0,1,,,-.0329390490130671,,0,,,,0,-.0324600028991699,2009,.0177777099609375,2008,1,1,0,0,0,1,0,1,0,,,,,,,,
Namibia,NAM,2009,.3662116241455078,.1585099983215332,.0397693061828613,.0219187617301941,NAM,.1585099983215332,0,1,,,-.03071220707107,,0,,,,0,.0047699928283692,2010,-.0178310012817383,2009,1,1,0,0,0,1,0,1,0,,,,,,,,
Namibia,NAM,2010,.3631441116333008,.1632799911499024,.039630720615387,.0745772088657726,NAM,.1632799911499024,0,1,,,-.0249461558555508,,0,,,,0,.1112200164794922,2011,-.003067512512207,2010,1,1,0,0,0,1,0,1,0,,,,,,,,
Namibia,NAM,2011,.3617620849609375,.2745000076293945,.0371833682060242,.0101282566785812,NAM,.2745000076293945,0,1,,,-.032003256459773,,0,,,,0,-.0282200050354004,2012,-.0013820266723633,2011,1,1,0,0,0,1,0,1,0,,,,,,,,
Namibia,NAM,2012,.3664508056640625,.2462800025939941,.0446775197982788,.0489000421303969,NAM,.2462800025939941,0,1,,,-.0277577818437689,,0,,,,0,.0148500061035156,2013,.004688720703125,2012,1,1,0,0,0,1,0,1,0,,,,,,,,
Namibia,NAM,2013,.3694589996337891,.2611300086975097,.0438753032684326,.0242095629985516,NAM,.2611300086975097,0,1,,,-.0304613664527753,,0,,,,0,.0145899963378907,2014,.0030081939697266,2013,1,1,0,0,0,1,0,1,0,,,,,,,,
Namibia,NAM,2014,.3725780487060547,.2757200050354004,.041331901550293,.0730825182107779,NAM,.2757200050354004,0,1,,,-.0251098230986403,,0,,,,0,.1451799964904785,2015,.0031190490722656,2014,1,1,0,0,0,1,0,1,0,,,,,,,,
Namibia,NAM,2015,.3724930953979492,.4209000015258789,.047551736831665,.3196457077906682,NAM,.4209000015258789,1,1,.0176064888486915,.0074105711832796,.0018886179172713,.0092991891005509,1,.0074105711832796,.0092991891005509,0,0,.0374300003051758,2016,-.0000849533081055,2015,0,0,1,1,1,1,1,1,1,0,.0246756824113333,0,.0091915213224543,0,.0246756824113333,0,.0011733715561655
Namibia,NAM,2016,.385601806640625,.4583300018310547,.0756954908370972,.2008412082378681,NAM,.4583300018310547,1,1,.0208896294227429,.0095743438915758,-.0111203648066559,-.0015460209150801,1,.0095743438915758,-.0015460209150801,0,0,-.0200400161743164,2017,.0131087112426758,2016,0,0,1,1,1,1,1,1,1,0,.0138304723957023,0,.0053330551424761,0,.0138304723957023,0,.0010469043965016
Namibia,NAM,2017,.3774854278564453,.4382899856567383,.090214204788208,.1804695364145132,NAM,.4382899856567383,1,1,.0190728828747484,.0083594535616061,-.0133510440132945,-.0049915904516884,1,.0083594535616061,-.0049915904516884,0,0,.0491500091552735,2018,-.0081163787841797,2017,0,0,1,1,1,1,1,1,1,0,.010384902859094,0,.0039201494990127,0,.010384902859094,0,.000936865753236
Namibia,NAM,2018,.3842934417724609,.4874399948120117,.1033102798461914,.0179948352141814,NAM,.4874399948120117,1,1,.0233794918418132,.0113960993820809,-.0311418733922019,-.019745774010121,1,.0113960993820809,-.019745774010121,0,0,.0882400131225586,2019,.0068080139160157,2018,0,0,1,1,1,1,1,1,1,.0043692806993386,0,.0016790859180188,0,.0043692806993386,0,.0004513916117752,0
Namibia,NAM,2019,.3812322616577148,.5756800079345703,.115246057510376,,NAM,.5756800079345703,0,0,,,,,0,,,,0,.0672899627685547,2020,-.0030611801147461,2019,2,2,0,0,0,0,0,0,0,,,,,,,,
Namibia,NAM,2020,.3800989151000976,.642969970703125,.1234771156311035,,NAM,.642969970703125,0,0,,,,,0,,,,0,.0530699920654297,2021,-.0011333465576172,2020,2,2,0,0,0,0,0,0,0,,,,,,,,
Namibia,NAM,2021,.379327163696289,.6960399627685547,.139147777557373,,NAM,.6960399627685547,0,0,,,,,0,,,,0,.0044900512695312,2022,-.0007717514038086,2021,2,2,0,0,0,0,0,0,0,,,,,,,,
Namibia,NAM,2022,.3815325164794922,.7005300140380859,.1462599658966064,,NAM,.7005300140380859,0,0,,,,,0,,,,0,-.0219300079345702,2023,.0022053527832032,2022,2,2,0,0,0,0,0,0,0,,,,,,,,
Namibia,NAM,2023,.3797610092163086,.6786000061035157,.144970760345459,,NAM,.6786000061035157,0,0,,,,,0,,,,0,,,-.0017715072631836,2023,3,2,0,0,0,0,0,0,0,,,,,,,,
Nigeria,NGA,1995,.293480224609375,.2417200088500976,.1562088680267334,,NGA,.2417200088500976,0,0,,,,,0,,,,0,-.0627200126647949,1996,,,3,4,0,0,0,0,0,0,0,,,,,,,,
Nigeria,NGA,1996,.2934799385070801,.1789999961853027,.1087382125854492,,NGA,.1789999961853027,0,0,,,,,0,,,,0,-.0076000022888184,1997,-2.86102294911e-07,1996,2,2,0,0,0,0,0,0,0,,,,,,,,
Nigeria,NGA,1997,.2987821388244629,.1713999938964844,.1143675994873047,,NGA,.1713999938964844,0,0,,,,,0,,,,0,-.0132899951934815,1998,.0053022003173828,1997,2,2,0,0,0,0,0,0,0,,,,,,,,
Nigeria,NGA,1998,.3040886497497559,.1581099987030029,.1780465507507324,,NGA,.1581099987030029,0,0,,,,,0,,,,0,.3030299854278564,1999,.0053065109252929,1998,2,2,0,0,0,0,0,0,0,,,,,,,,
Nigeria,NGA,1999,.2973914909362793,.4611399841308594,.2702742576599121,,NGA,.4611399841308594,0,0,,,,,0,,,,0,-.0521099853515625,2000,-.0066971588134765,1999,2,2,0,0,0,0,0,0,0,,,,,,,,
Nigeria,NGA,2000,.2911482810974121,.4090299987792969,.1408388710021973,,NGA,.4090299987792969,0,0,,,,,0,,,,0,-.03197998046875,2001,-.0062432098388672,2000,2,2,0,0,0,0,0,0,0,,,,,,,,
Nigeria,NGA,2001,.2839161109924316,.3770500183105469,.1453322505950928,,NGA,.3770500183105469,0,0,,,,,0,,,,0,-.0698100090026855,2002,-.0072321701049805,2001,2,2,0,0,0,0,0,0,0,,,,,,,,
Nigeria,NGA,2002,.2768074226379394,.3072400093078613,.0907175827026367,,NGA,.3072400093078613,0,0,,,,,0,,,,0,-.008380012512207,2003,-.0071086883544922,2002,2,2,0,0,0,0,0,0,0,,,,,,,,
Nigeria,NGA,2003,.2782587623596192,.2988599967956543,.1952412796020508,,NGA,.2988599967956543,0,0,,,,,0,,,,0,-.0468499946594238,2004,.0014513397216797,2003,2,2,0,0,0,0,0,0,0,,,,,,,,
Nigeria,NGA,2004,.278531379699707,.2520100021362305,.0579161977767944,,NGA,.2520100021362305,0,0,,,,,0,,,,0,-.1175100040435791,2005,.0002726173400879,2004,2,2,0,0,0,0,0,0,0,,,,,,,,
Nigeria,NGA,2005,.3149100303649902,.1344999980926514,.0821866893768311,,NGA,.1344999980926514,0,0,,,,,0,,,,0,-.0677199983596802,2006,.0363786506652832,2005,2,2,0,0,0,0,0,0,0,,,,,,,,
Nigeria,NGA,2006,.3827704620361328,.0667799997329712,.03213951587677,,NGA,.0667799997329712,0,0,,,,,0,,,,0,-.0091400003433228,2007,.0678604316711426,2006,2,2,0,0,0,0,0,0,0,,,,,,,,
Nigeria,NGA,2007,.3882621383666992,.0576399993896484,.036905255317688,,NGA,.0576399993896484,0,0,,,,,0,,,,0,-.0059700012207031,2008,.0054916763305664,2007,2,2,0,0,0,0,0,0,0,,,,,,,,
Nigeria,NGA,2008,.3984303665161133,.0516699981689453,.0315634417533875,,NGA,.0516699981689453,0,0,,,,,0,,,,0,.009520001411438,2009,.0101682281494141,2008,2,2,0,0,0,0,0,0,0,,,,,,,,
Nigeria,NGA,2009,.3940056610107422,.0611899995803833,.0643812704086304,,NGA,.0611899995803833,0,0,,,,,0,,,,0,.0055100011825562,2010,-.0044247055053711,2009,2,2,0,0,0,0,0,0,0,,,,,,,,
Nigeria,NGA,2010,.4147311401367187,.0667000007629395,.0505668926239014,,NGA,.0667000007629395,0,0,,,,,0,,,,0,.0570800018310547,2011,.0207254791259766,2010,2,2,0,0,0,0,0,0,0,,,,,,,,
Nigeria,NGA,2011,.4171068572998047,.1237800025939941,.0474980163574219,,NGA,.1237800025939941,0,0,,,,,0,,,,0,.0010400009155273,2012,.0023757171630859,2011,2,2,0,0,0,0,0,0,0,,,,,,,,
Nigeria,NGA,2012,.4187504577636719,.1248200035095215,.0661370611190796,,NGA,.1248200035095215,0,0,,,,,0,,,,0,.0050599956512451,2013,.0016436004638672,2012,2,2,0,0,0,0,0,0,0,,,,,,,,
Nigeria,NGA,2013,.4221242141723633,.1298799991607666,.0859700775146484,,NGA,.1298799991607666,0,0,,,,,0,,,,0,.027770004272461,2014,.0033737564086914,2013,2,2,0,0,0,0,0,0,0,,,,,,,,
Nigeria,NGA,2014,.2021304512023926,.1576500034332275,.0887086391448975,,NGA,.1576500034332275,0,0,,,,,0,,,,0,-.0083500003814697,2015,-.2199937629699707,2014,2,2,0,0,0,0,0,0,0,,,,,,,,
Nigeria,NGA,2015,.2100400161743164,.1493000030517578,.1555641841888428,,NGA,.1493000030517578,0,0,,,,,0,,,,0,.0244599914550781,2016,.0079095649719238,2015,2,2,0,0,0,0,0,0,0,,,,,,,,
Nigeria,NGA,2016,.2288111686706543,.1737599945068359,.250412769317627,,NGA,.1737599945068359,0,0,,,,,0,,,,0,.0062899971008301,2017,.0187711524963379,2016,2,2,0,0,0,0,0,0,0,,,,,,,,
Nigeria,NGA,2017,.2280594062805176,.180049991607666,.2059957122802734,,NGA,.180049991607666,0,0,,,,,0,,,,0,.0237200164794922,2018,-.0007517623901367,2017,2,2,0,0,0,0,0,0,0,,,,,,,,
Nigeria,NGA,2018,.2302962684631348,.2037700080871582,.2414307022094727,,NGA,.2037700080871582,0,0,,,,,0,,,,0,.010629997253418,2019,.0022368621826172,2018,2,2,0,0,0,0,0,0,0,,,,,,,,
Nigeria,NGA,2019,.2354277038574219,.2144000053405762,.2411003303527832,,NGA,.2144000053405762,0,0,,,,,0,,,,0,.0428299903869629,2020,.0051314353942871,2019,2,2,0,0,0,0,0,0,0,,,,,,,,
Nigeria,NGA,2020,.2470685768127441,.2572299957275391,.3644284057617188,,NGA,.2572299957275391,0,0,,,,,0,,,,0,.009010009765625,2021,.0116408729553223,2020,2,2,0,0,0,0,0,0,0,,,,,,,,
Nigeria,NGA,2021,.2505012512207031,.2662400054931641,.352791862487793,,NGA,.2662400054931641,0,0,,,,,0,,,,0,.0321399879455566,2022,.003432674407959,2021,2,2,0,0,0,0,0,0,0,,,,,,,,
Nigeria,NGA,2022,.2463403129577637,.2983799934387207,.2497352981567383,,NGA,.2983799934387207,0,0,,,,,0,,,,0,.0649799919128418,2023,-.0041609382629394,2022,2,2,0,0,0,0,0,0,0,,,,,,,,
Nigeria,NGA,2023,.2525531959533691,.3633599853515625,.3897653961181641,,NGA,.3633599853515625,0,0,,,,,0,,,,0,,,.0062128829956054,2023,3,2,0,0,0,0,0,0,0,,,,,,,,
Netherlands,NLD,1995,.6023240661621094,.7302999877929688,.0942690944671631,.1135511350631714,NLD,.7302999877929688,0,0,,,,,0,,,,0,-.0178399658203126,1996,,,2,3,0,0,0,0,0,0,0,,,,,,,,
Netherlands,NLD,1996,.60945068359375,.7124600219726562,.0929920291900635,.0483733248710632,NLD,.7124600219726562,0,0,,,,,0,,,,0,-.0555000305175781,1997,.0071266174316406,1996,2,2,0,0,0,0,0,0,0,,,,,,,,
Netherlands,NLD,1997,.612319450378418,.6569599914550781,.0897837066650391,.125307765007019,NLD,.6569599914550781,0,0,,,,,0,,,,0,-.0301599884033203,1998,.002868766784668,1997,2,2,0,0,0,0,0,0,0,,,,,,,,
Netherlands,NLD,1998,.6174482727050781,.6268000030517578,.0854898357391357,.1797504043579101,NLD,.6268000030517578,0,0,,,,,0,,,,0,-.0407899856567382,1999,.0051288223266601,1998,2,2,0,0,0,0,0,0,0,,,,,,,,
Netherlands,NLD,1999,.6286544036865235,.5860100173950196,.0736327123641968,.1191234445571899,NLD,.5860100173950196,0,0,,,,,0,,,,0,-.0644600296020508,2000,.0112061309814454,1999,2,2,0,0,0,0,0,0,0,,,,,,,,
Netherlands,NLD,2000,.6315097808837891,.5215499877929688,.0589681148529053,.1301738405227661,NLD,.5215499877929688,1,1,.0265261735030596,.0138347254667149,-.0188583761548086,-.0050236506880937,1,.0138347254667149,-.0050236506880937,0,0,-.0274099731445313,2001,.0028553771972656,2000,0,0,1,1,1,1,1,1,1,0,.0103528426226887,0,.0065379213761785,0,.0103528426226887,0,.0006104876128288
Netherlands,NLD,2001,.615878677368164,.4941400146484375,.0518712139129639,.0464737868309021,NLD,.4941400146484375,1,1,.0240020994084304,.011860397753275,-.0280234545530836,-.0161630567998085,1,.011860397753275,-.0161630567998085,0,0,-.0072100067138672,2002,-.015631103515625,2001,0,0,1,1,1,1,1,1,1,.0007865634890261,0,.0004844276812875,0,.0007865634890261,0,.0000408000029954,0
Netherlands,NLD,2002,.6128458786010742,.4869300079345703,.0480834770202637,.2046220588684082,NLD,.4869300079345703,1,1,.0234646346217701,.0114256347225603,-.0107063651625381,.0007192695600222,1,.0114256347225603,.0007192695600222,0,0,.0111100006103516,2003,-.0030327987670898,2002,0,0,1,1,1,1,1,1,1,0,.0160957628708046,0,.0098642219383128,0,.0160957628708046,0,.0007739402441219
Netherlands,NLD,2003,.612671012878418,.4980400085449219,.0437030076980591,.20955153465271,NLD,.4980400085449219,1,1,.0244673543962808,.0121857213925953,-.0101665921273637,.0020191292652316,1,.0121857213925953,.0020191292652316,0,0,.0029100036621094,2004,-.0001748657226562,2003,0,0,1,1,1,1,1,1,1,0,.017395622576014,0,.0106577937032972,0,.017395622576014,0,.0007602410273521
Netherlands,NLD,2004,.6114955520629883,.5009500122070313,.0415188550949097,.1057722568511963,NLD,.5009500122070313,1,1,.0246562339082631,.0123515406773238,-.0215303269783448,-.009178786301021,1,.0123515406773238,-.009178786301021,0,0,-.0051499938964844,2005,-.0011754608154296,2004,0,0,1,1,1,1,1,1,1,0,.0061977070097614,0,.0037898702694587,0,.0061977070097614,0,.000257321699259
Netherlands,NLD,2005,.6217212677001953,.4958000183105469,.0386193084716797,.201592321395874,NLD,.4958000183105469,1,1,.0242602971042362,.0120282557484996,-.0110381186111583,.0009901371373413,1,.0120282557484996,.0009901371373413,0,0,-.0462000274658203,2006,.010225715637207,2005,0,0,1,1,1,1,1,1,1,0,.0163666304481237,0,.0101754822301881,0,.0163666304481237,0,.0006320679499181
Netherlands,NLD,2006,.6468895721435547,.4495999908447266,.0337476992607117,.2942095565795899,NLD,.4495999908447266,1,1,.0201699764549327,.0090684212294761,-.0008966170941439,.0081718041353322,1,.0090684212294761,.0081718041353322,0,0,-.0221899795532227,2007,.0251683044433594,2006,0,0,1,1,1,1,1,1,1,0,.0235482974461146,0,.0152331480596262,0,.0235482974461146,0,.0007947008603133
Netherlands,NLD,2007,.6567256927490235,.4274100112915039,.0333364272117615,.2531253147125244,NLD,.4274100112915039,1,1,.0181453169917044,.0077554901403123,-.0053953035469812,.0023601865933311,1,.0077554901403123,.0023601865933311,0,0,.1161100006103516,2008,.0098361206054688,2007,0,0,1,1,1,1,1,1,1,0,.0177366799041135,0,.0116481333970966,0,.0177366799041135,0,.0005912775386018
Netherlands,NLD,2008,.673092041015625,.5435200119018555,.0328039455413818,.1134715604782105,NLD,.5435200119018555,1,1,.0284904835627214,.0154851479651,-.0206872603584178,-.0052021123933179,1,.0154851479651,-.0052021123933179,0,0,.0193799972534179,2009,.0163663482666015,2008,0,0,1,1,1,1,1,1,1,0,.0101743809174645,0,.0068482948178066,0,.0101743809174645,0,.0003337598375338
Netherlands,NLD,2009,.6749482727050782,.5629000091552734,.0297691798210144,.1192749881744385,NLD,.5629000091552734,1,1,.03023763957684,.0170207675946371,-.0200517903979031,-.003031022803266,1,.0170207675946371,-.003031022803266,0,0,.0260699844360353,2010,.0018562316894531,2009,0,0,1,1,1,1,1,1,1,0,.0123454705075164,0,.0083325539947797,0,.0123454705075164,0,.0003675145315133
Netherlands,NLD,2010,.6757108306884766,.5889699935913086,.0286717772483826,.0402413427829742,NLD,.5889699935913086,1,1,.032526953024263,.019157399314245,-.0287059014069698,-.0095485020927248,1,.019157399314245,-.0095485020927248,0,0,.0227000045776367,2011,.0007625579833984,2010,0,0,1,1,1,1,1,1,1,0,.0058279912180576,0,.0039380367871988,0,.0058279912180576,0,.0001670988660097
Netherlands,NLD,2011,.6861534881591796,.6116699981689453,.0307238078117371,.1948865699768066,NLD,.6116699981689453,1,1,.0346772050592987,.0212110059551253,-.0117723921840445,.0094386137710808,1,.0212110059551253,.0094386137710808,0,0,.0452300262451172,2012,.0104426574707031,2011,0,0,1,1,1,1,1,1,1,0,.0248151070818632,0,.017026972283264,0,.0248151070818632,0,.0007624145808108
Netherlands,NLD,2012,.6826576232910156,.6569000244140625,.0274601101875305,.1261266422271728,NLD,.6569000244140625,1,1,.0386970293573109,.0254200795295692,-.0193015406216921,.0061185389078771,1,.0254200795295692,.0061185389078771,0,0,.0147100067138672,2013,-.003495864868164,2012,0,0,1,1,1,1,1,1,1,0,.0214950322186595,0,.0146737476069539,0,.0214950322186595,0,.0005902559532089
Netherlands,NLD,2013,.6911416625976563,.6716100311279297,.0281396913528442,.0607108545303345,NLD,.6716100311279297,1,1,.0399741597232092,.0268470466560173,-.0264645088192228,.0003825378367945,1,.0268470466560173,.0003825378367945,0,0,.0000499725341797,2014,.0084840393066407,2013,0,0,1,1,1,1,1,1,1,0,.0157590311475769,0,.0108917229882646,0,.0157590311475769,0,.0004434542725127
Netherlands,NLD,2014,.7130088043212891,.6716600036621094,.025871741771698,.1890589427947998,NLD,.6716600036621094,1,1,.0400687546407288,.0269125798887281,-.0124105119658506,.0145020679228774,1,.0269125798887281,.0145020679228774,0,0,-.0336700057983399,2015,.0218671417236328,2014,0,0,1,1,1,1,1,1,1,0,.0298785612336598,0,.0213036772200522,0,.0298785612336598,0,.0007730104207471
Netherlands,NLD,2015,.704316635131836,.6379899978637695,.0235622000694275,.2847729873657227,NLD,.6379899978637695,1,1,.0371075872308084,.0236742694981131,-.0019299126876478,.0217443568104654,1,.0236742694981131,.0217443568104654,0,0,-.0291600036621094,2016,-.0086921691894531,2015,0,0,1,1,1,1,1,1,1,0,.0371208501212478,0,.0261448322506304,0,.0371208501212478,0,.0008746488973041
Netherlands,NLD,2016,.6901184844970704,.6088299942016602,.0212496042251587,.1506638622283936,NLD,.6088299942016602,1,1,.0343907241883396,.0209381044081777,-.0166147377456174,.0043233666625603,1,.0209381044081777,.0043233666625603,0,0,-.0489699935913086,2017,-.0141981506347656,2016,0,0,1,1,1,1,1,1,1,0,.0196998599733427,0,.0135952375096077,0,.0196998599733427,0,.0004186142277246
Netherlands,NLD,2017,.6877080535888672,.5598600006103516,.0183165955543518,.0912449407577515,NLD,.5598600006103516,1,1,.0299445370658127,.0167647485399426,-.0231210546426675,-.0063563061027249,1,.0167647485399426,-.0063563061027249,0,0,-.0443199920654297,2018,-.0024104309082031,2017,0,0,1,1,1,1,1,1,1,0,.0090201872080575,0,.0062032553878604,0,.0090201872080575,0,.0001652191209145
Netherlands,NLD,2018,.6832685852050782,.5155400085449219,.0161363744735718,.3309998512268066,NLD,.5155400085449219,1,1,.0261266017205887,.0134693084742821,.003131886113019,.0166011945873011,1,.0134693084742821,.0166011945873011,0,0,-.0390200042724609,2019,-.0044394683837891,2018,0,0,1,1,1,1,1,1,1,0,.0319776878980835,0,.021849349568253,0,.0319776878980835,0,.0005160039467225
Netherlands,NLD,2019,.6799057769775391,.4765200042724609,.0131342744827271,,NLD,.4765200042724609,0,0,,,,,0,,,,0,.0575999832153321,2020,-.0033628082275391,2019,2,2,0,0,0,0,0,0,0,,,,,,,,
Netherlands,NLD,2020,.6766975402832032,.534119987487793,.011951197385788,,NLD,.534119987487793,0,0,,,,,0,,,,0,-.0291099929809571,2021,-.0032082366943359,2020,2,2,0,0,0,0,0,0,0,,,,,,,,
Netherlands,NLD,2021,.6767704772949219,.5050099945068359,.00944196164608,,NLD,.5050099945068359,0,0,,,,,0,,,,0,-.0208699798583984,2022,.0000729370117187,2021,2,2,0,0,0,0,0,0,0,,,,,,,,
Netherlands,NLD,2022,.6715728759765625,.4841400146484375,.009822501540184,,NLD,.4841400146484375,0,0,,,,,0,,,,0,-.0256400299072265,2023,-.0051976013183594,2022,2,2,0,0,0,0,0,0,0,,,,,,,,
Netherlands,NLD,2023,.6713249969482422,.458499984741211,.0096495449542999,,NLD,.458499984741211,0,0,,,,,0,,,,0,,,-.0002478790283202,2023,3,2,0,0,0,0,0,0,0,,,,,,,,
Norway,NOR,1995,.6471352386474609,.3294300079345703,-.028046441078186,.0464565309047699,NOR,.3294300079345703,0,0,,,,,0,,,,0,-.0430600166320801,1996,,,2,3,0,0,0,0,0,0,0,,,,,,,,
Norway,NOR,1996,.6535163116455078,.2863699913024902,-.0244372868537903,.0752570014953613,NOR,.2863699913024902,0,0,,,,,0,,,,0,-.0266399955749512,1997,.0063810729980469,1996,2,2,0,0,0,0,0,0,0,,,,,,,,
Norway,NOR,1997,.6579538726806641,.2597299957275391,-.0215983939170837,.1558185192108154,NOR,.2597299957275391,0,0,,,,,0,,,,0,-.0220299911499024,1998,.0044375610351562,1997,2,2,0,0,0,0,0,0,0,,,,,,,,
Norway,NOR,1998,.6592972564697266,.2377000045776367,-.0200608253479004,.0624701592922211,NOR,.2377000045776367,0,0,,,,,0,,,,0,.0135599899291992,1999,.0013433837890625,1998,2,2,0,0,0,0,0,0,0,,,,,,,,
Norway,NOR,1999,.6634002685546875,.2512599945068359,-.0273322916030884,.1019522786140442,NOR,.2512599945068359,0,0,,,,,0,,,,0,.036830005645752,2000,.0041030120849609,1999,2,2,0,0,0,0,0,0,0,,,,,,,,
Norway,NOR,2000,.664675521850586,.2880900001525879,-.0284029722213745,.1509999279022217,NOR,.2880900001525879,1,1,.0055428593157541,.0015968423411214,-.0165779388654286,-.0149810965243072,1,.0015968423411214,-.0149810965243072,0,0,-.0147400093078613,2001,.0012752532958985,2000,0,0,1,1,1,1,1,1,1,0,.0003953967864752,0,.0002628105653884,0,.0003953967864752,0,-.0000112304439427
Norway,NOR,2001,.667966079711914,.2733499908447266,-.0327248954772949,.0965969522476196,NOR,.2733499908447266,1,1,.0041789177555373,.001142307130217,-.0225350143388741,-.0213927072086571,1,.001142307130217,-.0213927072086571,0,0,.0670600128173828,2002,.003290557861328,2001,0,0,1,1,1,1,1,1,1,.0060162138978747,0,.0040186268120717,0,.0060162138978747,0,-.000196879970977,0
Norway,NOR,2002,.6722102355957031,.3404100036621094,-.0368496203422546,.2744604454040527,NOR,.3404100036621094,1,1,.0103353112764788,.0035182433494752,-.0030591264861497,.0004591168633255,1,.0035182433494752,.0004591168633255,0,0,.09072998046875,2003,.0042441558837891,2002,0,0,1,1,1,1,1,1,1,0,.0158356101741079,0,.0106448592459388,0,.0158356101741079,0,-.0005835362228038
Norway,NOR,2003,.6704180908203125,.4311399841308594,-.0330090713500977,.1836263019561768,NOR,.4311399841308594,1,1,.0184320111609277,.0079467769994222,-.0130053811086943,-.0050586041092721,1,.0079467769994222,-.0050586041092721,0,0,.0065000152587891,2004,-.0017921447753907,2003,0,0,1,1,1,1,1,1,1,0,.0103178892015102,0,.006917299579772,0,.0103178892015102,0,-.0003405839408351
Norway,NOR,2004,.6728800201416015,.4376399993896484,-.0339453339576721,.1228657176971436,NOR,.4376399993896484,1,1,.0189739837566742,.0083037742396901,-.0196586088390985,-.0113548345994084,1,.0083037742396901,-.0113548345994084,0,0,-.0163299942016601,2005,.0024619293212891,2004,0,0,1,1,1,1,1,1,1,0,.004021658711374,0,.002706093794712,0,.004021658711374,0,-.0001365165480214
Norway,NOR,2005,.6927264404296875,.4213100051879883,-.0332136130332947,.2200384307861328,NOR,.4213100051879883,1,1,.0175734412898858,.0074038666410126,-.0090182867084541,-.0016144200674415,1,.0074038666410126,-.0016144200674415,0,0,.100260009765625,2006,.0198464202880859,2005,0,0,1,1,1,1,1,1,1,0,.0137620732433409,0,.0095333520107922,0,.0137620732433409,0,-.0004570881752402
Norway,NOR,2006,.7383066558837891,.5215700149536133,-.0362621784210205,.3641247650146485,NOR,.5215700149536133,1,1,.0266922081840416,.0139218554216956,.0067590335091165,.0206808889308121,1,.0139218554216956,.0206808889308121,0,0,-.0327000045776368,2007,.0455802154541016,2006,0,0,1,1,1,1,1,1,1,0,.0360573822415945,0,.0266214053027151,0,.0360573822415945,0,-.0013075192282396
Norway,NOR,2007,.7421577453613282,.4888700103759765,-.0486199617385864,.2221773063659668,NOR,.4888700103759765,1,1,.0236514467238194,.0115624830052804,-.0087840818124155,.002778401192865,1,.0115624830052804,.002778401192865,0,0,-.020620002746582,2008,.0038510894775391,2007,0,0,1,1,1,1,1,1,1,0,.0181548945036474,0,.0134737955720997,0,.0181548945036474,0,-.0008826902761354
Norway,NOR,2008,.744255599975586,.4682500076293945,-.0527810192108154,.1248021560668945,NOR,.4682500076293945,1,1,.0217284784449554,.0101743601976255,-.0194465706301682,-.0092722104325427,1,.0101743601976255,-.0092722104325427,0,0,-.0510800170898437,2009,.0020978546142578,2008,0,0,1,1,1,1,1,1,1,0,.0061042828782397,0,.004543146715965,0,.0061042828782397,0,-.0003221902718646
Norway,NOR,2009,.7415934753417969,.4171699905395508,-.0419888496398926,.1149662614822388,NOR,.4171699905395508,1,1,.0171273181546457,.0071450031525414,-.0205235919821187,-.0133785888295772,1,.0071450031525414,-.0133785888295772,0,0,.003479995727539,2010,-.0026621246337891,2009,0,0,1,1,1,1,1,1,1,0,.0019979044812052,0,.0014816329276179,0,.0019979044812052,0,-.0000838897108562
Norway,NOR,2010,.7566138458251953,.4206499862670898,-.037064368724823,.0548915336608887,NOR,.4206499862670898,1,1,.017398144642915,.0073185293051151,-.0271017190674926,-.0197831897623776,1,.0073185293051151,-.0197831897623776,0,0,-.1311899948120117,2011,.0150203704833984,2010,0,0,1,1,1,1,1,1,1,.0044066964515952,0,.0033341675496257,0,.0044066964515952,0,-.0001633314221403,0
Norway,NOR,2011,.7558816528320312,.2894599914550781,-.0361859965324402,.1587799388885498,NOR,.2894599914550781,1,1,.00567154108123,.00164168423291,-.0157260348643674,-.0140843506314574,1,.00164168423291,-.0140843506314574,0,0,.0122000122070313,2012,-.0007321929931641,2011,0,0,1,1,1,1,1,1,1,0,.001292142679325,0,.000976706944143,0,.001292142679325,0,-.0000467574705135
Norway,NOR,2012,.7578472137451172,.3016600036621094,-.0323375821113586,.067910947561264,NOR,.3016600036621094,1,1,.006705048573582,.0020226449772614,-.0256761052974488,-.0236534603201874,1,.0020226449772614,-.0236534603201874,0,0,.0040799903869629,2013,.001965560913086,2012,0,0,1,1,1,1,1,1,1,.008276967009405,0,.0062726763863378,0,.008276967009405,0,-.0002676571002996,0
Norway,NOR,2013,.7812308502197266,.3057399940490723,-.0351187086105347,.1303800567626953,NOR,.3057399940490723,1,1,.0071158656676592,.0021756047268841,-.0188357956674303,-.0166601909405462,1,.0021756047268841,-.0166601909405462,0,0,-.0177400016784668,2014,.0233836364746094,2013,0,0,1,1,1,1,1,1,1,.0012836976297638,0,.0010028641907254,0,.0012836976297638,0,-.0000450818030037,0
Norway,NOR,2014,.7946703338623047,.2879999923706055,-.0421380519866943,.2659086547851562,NOR,.2879999923706055,1,1,.0056154296555338,.0016172436979514,-.0039955396425422,-.0023782959445908,1,.0016172436979514,-.0023782959445908,0,0,.044000015258789,2015,.0134394836425781,2014,0,0,1,1,1,1,1,1,1,0,.0129981973661916,0,.0103292818405996,0,.0129981973661916,0,-.0005477187163499
Norway,NOR,2015,.7945465087890625,.3320000076293945,-.0470866107940674,.2399638275146484,NOR,.3320000076293945,1,1,.0095546800773704,.0031721538585834,-.0068364742115844,-.003664320353001,1,.0031721538585834,-.003664320353001,0,0,.0345599746704102,2016,-.0001238250732422,2015,0,0,1,1,1,1,1,1,1,0,.0117121729577814,0,.0093058661339389,0,.0117121729577814,0,-.0005514865296159
Norway,NOR,2016,.7852954864501953,.3665599822998047,-.0459290170669556,.1848101600646973,NOR,.3665599822998047,1,1,.0126243667142865,.0046275876393351,-.0128757497417066,-.0082481621023715,1,.0046275876393351,-.0082481621023715,0,0,.0025600051879883,2017,-.0092510223388672,2016,0,0,1,1,1,1,1,1,1,0,.0071283312084109,0,.0055978463238872,0,.0071283312084109,0,-.00032739724573
Norway,NOR,2017,.7867526245117188,.369119987487793,-.0440943384170532,.0646089286804199,NOR,.369119987487793,1,1,.0127702383493879,.0047137502197422,-.0260376733082285,-.0213239230884863,1,.0047137502197422,-.0213239230884863,0,0,.0115600204467773,2018,.0014571380615235,2017,0,0,1,1,1,1,1,1,1,.0059474297777039,0,.0046791559867077,0,.0059474297777039,0,-.0002622479813297,0
Norway,NOR,2018,.780148696899414,.3806800079345703,-.0385281467437744,.2777732971191406,NOR,.3806800079345703,1,1,.0139596147088322,.0053141462381218,-.0026963722900482,.0026177739480735,1,.0053141462381218,.0026177739480735,0,0,.009379997253418,2019,-.0066039276123048,2018,0,0,1,1,1,1,1,1,1,0,.0179942672588559,0,.0140382041536563,0,.0179942672588559,0,-.0006932857694959
Norway,NOR,2019,.7686985778808594,.3900600051879883,-.0364847302436829,,NOR,.3900600051879883,0,0,,,,,0,,,,0,.052599983215332,2020,-.0114501190185546,2019,2,2,0,0,0,0,0,0,0,,,,,,,,
Norway,NOR,2020,.7610594177246094,.4426599884033203,-.0371351766586304,,NOR,.4426599884033203,0,0,,,,,0,,,,0,-.0414500045776368,2021,-.00763916015625,2020,2,2,0,0,0,0,0,0,0,,,,,,,,
Norway,NOR,2021,.7672899627685547,.4012099838256836,-.021730375289917,,NOR,.4012099838256836,0,0,,,,,0,,,,0,-.0529199981689453,2022,.0062305450439453,2021,2,2,0,0,0,0,0,0,0,,,,,,,,
Norway,NOR,2022,.7609076690673828,.3482899856567383,-.020010507106781,,NOR,.3482899856567383,0,0,,,,,0,,,,0,.0760900115966797,2023,-.0063822937011718,2022,2,2,0,0,0,0,0,0,0,,,,,,,,
Norway,NOR,2023,.7647808074951172,.424379997253418,-.0389165258407593,,NOR,.424379997253418,0,0,,,,,0,,,,0,,,.0038731384277344,2023,3,2,0,0,0,0,0,0,0,,,,,,,,
New Zealand,NZL,1995,.641978759765625,.4348199844360351,.136442985534668,.0400727345347404,NZL,.4348199844360351,0,0,,,,,0,,,,0,-.062239990234375,1996,,,2,3,0,0,0,0,0,0,0,,,,,,,,
New Zealand,NZL,1996,.6436399841308593,.3725799942016602,.1248083782196045,.0354639996290207,NZL,.3725799942016602,0,0,,,,,0,,,,0,-.0261499786376953,1997,.0016612243652343,1996,2,2,0,0,0,0,0,0,0,,,,,,,,
New Zealand,NZL,1997,.6472903442382812,.3464300155639649,.1095647048950195,.0356462295055389,NZL,.3464300155639649,0,0,,,,,0,,,,0,-.0016699981689453,1998,.0036503601074219,1997,2,2,0,0,0,0,0,0,0,,,,,,,,
New Zealand,NZL,1998,.6543087005615235,.3447600173950195,.0996743202209473,.0492176722288132,NZL,.3447600173950195,0,0,,,,,0,,,,0,-.0248000144958496,1999,.0070183563232422,1998,2,2,0,0,0,0,0,0,0,,,,,,,,
New Zealand,NZL,1999,.6577723693847656,.3199600028991699,.090660924911499,.1203357839584351,NZL,.3199600028991699,0,0,,,,,0,,,,0,-.0197100067138672,2000,.0034636688232421,1999,2,2,0,0,0,0,0,0,0,,,,,,,,
New Zealand,NZL,2000,.6585250854492187,.3002499961853027,.0837974262237549,.0563375041484833,NZL,.3002499961853027,1,1,.0065701046733386,.001972673903107,-.0269433866376332,-.0249707127345263,1,.001972673903107,-.0249707127345263,0,0,-.0186499977111816,2001,.0007527160644532,2000,0,0,1,1,1,1,1,1,1,.0095942194237439,0,.0063180341658395,0,.0095942194237439,0,.0008039708943357,0
New Zealand,NZL,2001,.6629252624511719,.2815999984741211,.0614636945724487,.0634394996166229,NZL,.2815999984741211,1,1,.0048976661136881,.0013791827701413,-.0261657247081759,-.0247865419380346,1,.0013791827701413,-.0247865419380346,0,0,-.0176399993896484,2002,.0044001770019532,2001,0,0,1,1,1,1,1,1,1,.0094100486272522,0,.0062381589558995,0,.0094100486272522,0,.0005783763547373,0
New Zealand,NZL,2002,.6650823211669922,.2639599990844727,.0526355981826782,.0344643303751946,NZL,.2639599990844727,1,1,.0032907430059856,.0008686245208472,-.029338478917852,-.0284698543970048,1,.0008686245208472,-.0284698543970048,0,0,-.0167799949645996,2003,.0021570587158203,2002,0,0,1,1,1,1,1,1,1,.0130933610862224,0,.0087081629831024,0,.0130933610862224,0,.0006891768929951,0
New Zealand,NZL,2003,.6678267669677734,.247180004119873,.0484223079681396,.0628688523769379,NZL,.247180004119873,1,1,.0018014512004435,.0004452827151474,-.0262282100526744,-.025782927337527,1,.0004452827151474,-.025782927337527,0,0,-.022130012512207,2004,.0027444458007813,2003,0,0,1,1,1,1,1,1,1,.0104064340267446,0,.0069496951917443,0,.0104064340267446,0,.0005039035532932,0
New Zealand,NZL,2004,.6774507141113282,.225049991607666,.0428120994567871,.0304858775138855,NZL,.225049991607666,1,1,-.0002117064041089,-.000047644524468,-.0297741158233189,-.0298217603477869,1,-.000047644524468,-.0298217603477869,0,0,-.017239990234375,2005,.0096239471435547,2004,0,0,1,1,1,1,1,1,1,.0144452670370045,0,.0097859564697475,0,.0144452670370045,0,.0006184322090681,0
New Zealand,NZL,2005,.6875228881835938,.207810001373291,.0303892278671265,.0412979454994202,NZL,.207810001373291,1,1,-.0017547211445941,-.0003646486034678,-.0285902043876141,-.028954852991082,1,-.0003646486034678,-.028954852991082,0,0,-.0238100051879883,2006,.0100721740722656,2005,0,0,1,1,1,1,1,1,1,.0135783596802996,0,.0093354330641952,0,.0135783596802996,0,.0004126358663864,0
New Zealand,NZL,2006,.7412919616699218,.1839999961853027,.0193110275268555,.0593016867637634,NZL,.1839999961853027,1,1,-.0038836097555954,-.0007145841802148,-.0266188113851984,-.0273333955654131,1,-.0007145841802148,-.0273333955654131,0,0,-.0208899879455567,2007,.0537690734863281,2006,0,0,1,1,1,1,1,1,1,.0119569022546307,0,.0088635555278307,0,.0119569022546307,0,.0002309000685751,0
New Zealand,NZL,2007,.7515080261230469,.1631100082397461,.0142023777961731,.0771288478374481,NZL,.1631100082397461,1,1,-.0057499891859001,-.0009378807834906,-.0246667537501998,-.0256046345336904,1,-.0009378807834906,-.0256046345336904,0,0,.0265799903869629,2008,.0102160644531251,2007,0,0,1,1,1,1,1,1,1,.010228141222908,0,.0076865302213353,0,.010228141222908,0,.0001452639258004,0
New Zealand,NZL,2008,.7561148071289062,.189689998626709,.0092444133758545,.0485648620128632,NZL,.189689998626709,1,1,-.0033793749504187,-.0006410336297041,-.0277944837563632,-.0284355173860673,1,-.0006410336297041,-.0284355173860673,0,0,.0530599975585938,2009,.0046067810058593,2008,0,0,1,1,1,1,1,1,1,.0130590240752849,0,.0098741214699758,0,.0130590240752849,0,.0001207230168372,0
New Zealand,NZL,2009,.7625045013427735,.2427499961853027,.0093550229072571,.0238279865980148,NZL,.2427499961853027,1,1,.001375599325458,.0003339267310074,-.0305031487154095,-.0301692219844021,1,.0003339267310074,-.0301692219844021,0,0,.0532500076293945,2010,.0063896942138673,2009,0,0,1,1,1,1,1,1,1,.0147927286736197,0,.0112795222007773,0,.0147927286736197,0,.0001383863156026,0
New Zealand,NZL,2010,.7683887481689453,.2960000038146973,.0169155824184418,.0688323149681091,NZL,.2960000038146973,1,1,.006196621827014,.0018342000844344,-.0255752164193073,-.023741016334873,1,.0018342000844344,-.023741016334873,0,0,.0508099937438965,2011,.0058842468261718,2010,0,0,1,1,1,1,1,1,1,.0083645230240906,0,.0064272053755113,0,.0083645230240906,0,.000141490778605,0
New Zealand,NZL,2011,.7725283813476562,.3468099975585938,.0216023778915405,.051464248418808,NZL,.3468099975585938,1,1,.0107543984273674,.0037297328923394,-.0274770036288689,-.0237472707365295,1,.0037297328923394,-.0237472707365295,0,0,.009900016784668,2012,.0041396331787109,2011,0,0,1,1,1,1,1,1,1,.0083707774257471,0,.0064666631353339,0,.0083707774257471,0,.000180828697197,0
New Zealand,NZL,2012,.7746029663085937,.3567100143432617,.0242028021812439,.0216376485824585,NZL,.3567100143432617,1,1,.0116238907016624,.0041463582189145,-.0307429887005211,-.0265966304816066,1,.0041463582189145,-.0265966304816066,0,0,-.0111200332641602,2013,.0020745849609375,2012,0,0,1,1,1,1,1,1,1,.0112201371708242,0,.0086911515349098,0,.0112201371708242,0,.0002715587603919,0
New Zealand,NZL,2013,.7780162811279296,.3455899810791015,.0210077261924744,.1384271793365479,NZL,.3455899810791015,1,1,.010705715227639,.003699787922958,-.0179546431947999,-.0142548552718419,1,.003699787922958,-.0142548552718419,0,0,-.0039399719238281,2014,.0034133148193359,2013,0,0,1,1,1,1,1,1,1,0,.0011216380389405,0,.0008726526558281,0,.0011216380389405,0,.0000235630648091
New Zealand,NZL,2014,.7973065948486329,.3416500091552734,.0171942055225372,.0197982354238629,NZL,.3416500091552734,1,1,.0102680675534986,.0035080853736598,-.030944402738646,-.0274363173649862,1,.0035080853736598,-.0274363173649862,0,0,.0001699829101562,2015,.0192903137207032,2014,0,0,1,1,1,1,1,1,1,.0120598240542038,0,.0096153772511309,0,.0120598240542038,0,.0002073590933536,0
New Zealand,NZL,2015,.7961727905273438,.3418199920654297,.0170548415184021,.0157986166626215,NZL,.3418199920654297,1,1,.0102805484819716,.0035140970005358,-.0313823572905623,-.0278682602900265,1,.0035140970005358,-.0278682602900265,0,0,-.008219985961914,2016,-.0011338043212891,2015,0,0,1,1,1,1,1,1,1,.0124917669792441,0,.0099456049744821,0,.0124917669792441,0,.0002130451061158,0
New Zealand,NZL,2016,.784777603149414,.3336000061035156,.0171573877334595,.0989454298019409,NZL,.3336000061035156,1,1,.0095995928398387,.0032024242299614,-.0222778582206572,-.0190754339906957,1,.0032024242299614,-.0190754339906957,0,0,-.0223800086975098,2017,-.0113951873779298,2016,0,0,1,1,1,1,1,1,1,.0036989406799133,0,.0029028458009743,0,.0036989406799133,0,.0000634641594483,0
New Zealand,NZL,2017,.7849910736083985,.3112199974060059,.0167596256732941,.1146036610603332,NZL,.3112199974060059,1,1,.0075976748915099,.0023645483600274,-.0205632963926588,-.0181987480326314,1,.0023645483600274,-.0181987480326314,0,0,-.0300699996948242,2018,.0002134704589845,2017,0,0,1,1,1,1,1,1,1,.002822254721849,0,.0022154447641006,0,.002822254721849,0,.0000472999326929,0
New Zealand,NZL,2018,.7778031921386719,.2811499977111817,.0164816057682037,,NZL,.2811499977111817,0,0,,,,,0,,,,0,.0370400047302246,2019,-.0071878814697266,2018,2,2,0,0,0,0,0,0,0,,,,,,,,
New Zealand,NZL,2019,.6941881561279297,.3181900024414063,.0171335697174072,,NZL,.3181900024414063,0,0,,,,,0,,,,0,.1136100006103515,2020,-.0836150360107422,2019,2,2,0,0,0,0,0,0,0,,,,,,,,
New Zealand,NZL,2020,.6937869262695312,.4318000030517578,.0179434096813202,,NZL,.4318000030517578,0,0,,,,,0,,,,0,.0435400009155273,2021,-.0004012298583985,2020,2,2,0,0,0,0,0,0,0,,,,,,,,
New Zealand,NZL,2021,.6926780700683594,.4753400039672852,.0195813286304474,,NZL,.4753400039672852,0,0,,,,,0,,,,0,-.0064300155639648,2022,-.0011088562011718,2021,2,2,0,0,0,0,0,0,0,,,,,,,,
New Zealand,NZL,2022,.6901536560058594,.4689099884033203,.0195444059371948,,NZL,.4689099884033203,0,0,,,,,0,,,,0,.0040399932861328,2023,-.0025244140624999,2022,2,2,0,0,0,0,0,0,0,,,,,,,,
New Zealand,NZL,2023,.6896719360351562,.4729499816894531,.0180957162380219,,NZL,.4729499816894531,0,0,,,,,0,,,,0,,,-.0004817199707032,2023,3,2,0,0,0,0,0,0,0,,,,,,,,
Pakistan,PAK,1995,.3412777709960937,.5232899856567382,.3136787796020508,.0901076030731201,PAK,.5232899856567382,0,0,,,,,0,,,,0,.002050018310547,1996,,,1,2,0,0,0,1,0,0,0,,,,,,,,
Pakistan,PAK,1996,.341279296875,.5253400039672852,.3535136032104492,.0360734078017148,PAK,.5253400039672852,0,1,,,-.029162286429168,,0,,,,0,.0024100112915039,1997,1.52587890628e-06,1996,1,1,0,0,0,1,0,1,0,,,,,,,,
Pakistan,PAK,1997,.3361233520507813,.5277500152587891,.4027580642700195,.0231399702483957,PAK,.5277500152587891,0,1,,,-.0305784858687974,,0,,,,0,.0104100036621094,1998,-.0051559448242188,1997,1,1,0,0,0,1,0,1,0,,,,,,,,
Pakistan,PAK,1998,.3309781265258789,.5381600189208985,.463919677734375,.2057410349990383,PAK,.5381600189208985,0,1,,,-.0105838383120683,,0,,,,0,.069209976196289,1999,-.0051452255249024,1998,1,1,0,0,0,1,0,1,0,,,,,,,,
Pakistan,PAK,1999,.3316862106323242,.6073699951171875,.4365102767944336,.1437032377358639,PAK,.6073699951171875,0,1,,,-.0173769196841122,,0,,,,0,.0093600082397461,2000,.0007080841064454,1999,1,1,0,0,0,1,0,1,0,,,,,,,,
Pakistan,PAK,2000,.3325261306762695,.6167300033569336,.4488122177124023,.1657270853447192,PAK,.6167300033569336,0,1,,,-.0149653287583774,,0,,,,0,.0347500228881835,2001,.0008399200439453,2000,1,1,0,0,0,1,0,1,0,,,,,,,,
Pakistan,PAK,2001,.3294136428833008,.6514800262451171,.395082893371582,.2692406619678844,PAK,.6514800262451171,0,1,,,-.0036306879404663,,0,,,,0,-.0461700439453124,2002,-.0031124877929687,2001,1,1,0,0,0,1,0,1,0,,,,,,,,
Pakistan,PAK,2002,.3245716857910156,.6053099822998047,.3467769622802734,.2206388171513875,PAK,.6053099822998047,0,1,,,-.0089525449572353,,0,,,,0,-.0420499801635742,2003,-.0048419570922851,2002,1,1,0,0,0,1,0,1,0,,,,,,,,
Pakistan,PAK,2003,.3299110794067383,.5632600021362305,.2471733665466309,.0954090728181781,PAK,.5632600021362305,0,1,,,-.0226650860367801,,0,,,,0,-.0571699905395509,2004,.0053393936157227,2003,1,1,0,0,0,1,0,1,0,,,,,,,,
Pakistan,PAK,2004,.3177078819274902,.5060900115966797,.2379545783996582,.2475214131673177,PAK,.5060900115966797,0,1,,,-.0060089255786601,,0,,,,0,-.0273100280761718,2005,-.0122031974792481,2004,1,1,0,0,0,1,0,1,0,,,,,,,,
Pakistan,PAK,2005,.3464382171630859,.4787799835205078,.2285553550720215,.0733968421184655,PAK,.4787799835205078,0,1,,,-.0250754049217176,,0,,,,0,-.0168899917602539,2006,.0287303352355957,2005,1,1,0,0,0,1,0,1,0,,,,,,,,
Pakistan,PAK,2006,.4223971939086914,.4618899917602539,.2094675636291504,.2685284082817309,PAK,.4618899917602539,0,1,,,-.0037086790597682,,0,,,,0,-.0197999954223633,2007,.0759589767456055,2006,1,1,0,0,0,1,0,1,0,,,,,,,,
Pakistan,PAK,2007,.4212874603271484,.4420899963378906,.2778665733337402,.1172278167262222,PAK,.4420899963378906,0,1,,,-.02027595377642,,0,,,,0,.0526599884033203,2008,-.001109733581543,2007,1,1,0,0,0,1,0,1,0,,,,,,,,
Pakistan,PAK,2008,.4184928512573242,.494749984741211,.3200529098510742,.2078135675372499,PAK,.494749984741211,0,1,,,-.0103568979176736,,0,,,,0,.0509400177001952,2009,-.0027946090698242,2008,1,1,0,0,0,1,0,1,0,,,,,,,,
Pakistan,PAK,2009,.418088493347168,.5456900024414062,.3396241378784179,.1596098694656835,PAK,.5456900024414062,0,1,,,-.0156351582344364,,0,,,,0,.0214699935913086,2010,-.0004043579101563,2009,1,1,0,0,0,1,0,1,0,,,,,,,,
Pakistan,PAK,2010,.4421265029907226,.5671599960327148,.3015270042419433,.2684371352918221,PAK,.5671599960327148,1,1,.0307255044280552,.0174262769695189,-.003718673367672,.0137076036018469,1,.0174262769695189,.0137076036018469,0,0,-.0056499862670898,2011,.0240380096435547,2010,0,0,1,1,1,1,1,1,1,0,.0290840969126294,0,.0128588500606241,0,.0290840969126294,0,.0087696406131475
Pakistan,PAK,2011,.4376135635375977,.561510009765625,.3026777267456054,.1107360383236047,PAK,.561510009765625,1,1,.0301066254629136,.0169051715576906,-.0209867975020794,-.0040816259443888,1,.0169051715576906,-.0040816259443888,0,0,.0221299743652343,2012,-.004512939453125,2011,0,0,1,1,1,1,1,1,1,0,.0112948673663936,0,.004942787157892,0,.0112948673663936,0,.0034187047783532
Pakistan,PAK,2012,.4415795135498047,.5836399841308594,.3405220413208008,.079559774760044,PAK,.5836399841308594,1,1,.0320751610938261,.0187203465117954,-.0244005695024801,-.0056802229906847,1,.0187203465117954,-.0056802229906847,0,0,.0086700057983399,2013,.003965950012207,2012,0,0,1,1,1,1,1,1,1,0,.0096962703200977,0,.0042816743311962,0,.0096962703200977,0,.003301793762598
Pakistan,PAK,2013,.4492587280273437,.5923099899291993,.3290644454956055,.1708660358371157,PAK,.5923099899291993,1,1,.0329190585070777,.0194982872128059,-.0144026184365769,.005095668776229,1,.0194982872128059,.005095668776229,0,0,-.0044799804687501,2014,.0076792144775391,2013,0,0,1,1,1,1,1,1,1,0,.0204721620870114,0,.0091972974991804,0,.0204721620870114,0,.0067366606652586
Pakistan,PAK,2014,.2803915023803711,.5878300094604492,.2991621208190918,.1715776232517127,PAK,.5878300094604492,1,1,.0325166181815774,.0191142439732985,-.0143247002733937,.0047895436999048,1,.0191142439732985,.0047895436999048,0,0,.0027999877929688,2015,-.1688672256469727,2014,0,0,1,1,1,1,1,1,1,0,.0201660370106872,0,.0056543854144847,0,.0201660370106872,0,.0060329144006335
Pakistan,PAK,2015,.277767505645752,.5906299972534179,.3272491073608398,.1960686883059415,PAK,.5906299972534179,1,1,.0327856483048844,.0193641873682654,-.011642951321289,.0077212360469764,1,.0193641873682654,.0077212360469764,0,0,.030019989013672,2016,-.0026239967346191,2015,0,0,1,1,1,1,1,1,1,0,.0230977293577588,0,.0064157986697853,0,.0230977293577588,0,.0075587113143888
Pakistan,PAK,2016,.2754273796081543,.6206499862670899,.2799332809448242,.3168461845860337,PAK,.6206499862670899,1,1,.0355705016348645,.0220768313511922,.0015820727178772,.0236589040690694,1,.0220768313511922,.0236589040690694,0,0,.0007699966430663,2017,-.0023401260375977,2016,0,0,1,1,1,1,1,1,1,0,.0390353973798518,0,.0107514172122956,0,.0390353973798518,0,.0109273068615269
Pakistan,PAK,2017,.2793051147460938,.6214199829101562,.2716916275024414,.2472069399284594,PAK,.6214199829101562,1,1,.0355908702203005,.0221168779640567,-.0060433601072078,.016073517856849,1,.0221168779640567,.016073517856849,0,0,.0417900085449219,2018,.0038777351379395,2017,0,0,1,1,1,1,1,1,1,0,.0314500111676314,0,.0087841489779412,0,.0314500111676314,0,.0085447047191037
Pakistan,PAK,2018,.2803611183166504,.6632099914550781,.2848530006408692,.1953754355690696,PAK,.6632099914550781,1,1,.0393131750700907,.0260728905023068,-.0117188618542337,.0143540286480731,1,.0260728905023068,.0143540286480731,0,0,.1239099884033203,2019,.0010560035705566,2018,0,0,1,1,1,1,1,1,1,0,.0297305219588555,0,.0083352823845225,0,.0297305219588555,0,.0084688283905992
Pakistan,PAK,2019,.2822504997253418,.7871199798583984,.4237905120849609,,PAK,.7871199798583984,0,0,,,,,0,,,,0,.0209300231933593,2020,.0018893814086914,2019,2,2,0,0,0,0,0,0,0,,,,,,,,
Pakistan,PAK,2020,.3071712875366211,.8080500030517578,.4155295944213867,,PAK,.8080500030517578,0,0,,,,,0,,,,0,-.0605599975585938,2021,.0249207878112793,2020,2,2,0,0,0,0,0,0,0,,,,,,,,
Pakistan,PAK,2021,.3111766052246094,.747490005493164,.3965531158447266,,PAK,.747490005493164,0,0,,,,,0,,,,0,.0256900024414063,2022,.0040053176879883,2021,2,2,0,0,0,0,0,0,0,,,,,,,,
Pakistan,PAK,2022,.3068241119384766,.7731800079345703,.3957576751708984,,PAK,.7731800079345703,0,0,,,,,0,,,,0,.0119000244140625,2023,-.0043524932861328,2022,2,2,0,0,0,0,0,0,0,,,,,,,,
Pakistan,PAK,2023,.299420223236084,.7850800323486328,.5930292892456055,,PAK,.7850800323486328,0,0,,,,,0,,,,0,,,-.0074038887023926,2023,3,2,0,0,0,0,0,0,0,,,,,,,,
Philippines,PHL,1995,.3264891052246094,.608489990234375,.2209881019592285,.0940503505865733,PHL,.608489990234375,0,0,,,,,0,,,,0,-.0777499771118164,1996,,,1,2,0,0,0,1,0,0,0,,,,,,,,
Philippines,PHL,1996,.3272608947753906,.5307400131225586,.1972913932800293,.0534254435698191,PHL,.5307400131225586,0,1,,,-.0272622545753079,,0,,,,0,.0381699752807617,1997,.0007717895507812,1996,1,1,0,0,0,1,0,1,0,,,,,,,,
Philippines,PHL,1997,.3295999526977539,.5689099884033203,.1773506355285644,.0719864666461945,PHL,.5689099884033203,0,1,,,-.0252298397303493,,0,,,,0,-.0611800003051758,1998,.0023390579223633,1997,1,1,0,0,0,1,0,1,0,,,,,,,,
Philippines,PHL,1998,.3325466918945312,.5077299880981445,.2048034477233887,.4604413477579752,PHL,.5077299880981445,0,1,,,.0173056101594292,,0,,,,0,.0344499969482422,1999,.0029467391967773,1998,1,1,0,0,0,1,0,1,0,,,,,,,,
Philippines,PHL,1999,.3186040687561035,.5421799850463868,.1977033996582031,.0992607533931732,PHL,.5421799850463868,0,1,,,-.0222433305793117,,0,,,,0,.0498500061035155,2000,-.0139426231384277,1999,1,1,0,0,0,1,0,1,0,,,,,,,,
Philippines,PHL,2000,.3049747276306152,.5920299911499023,.2354148864746094,.0873744457960129,PHL,.5920299911499023,0,1,,,-.0235448702580679,,0,,,,0,.0026800155639649,2001,-.0136293411254883,2000,1,1,0,0,0,1,0,1,0,,,,,,,,
Philippines,PHL,2001,.308372802734375,.5947100067138672,.2658942985534668,.0626397321124872,PHL,.5947100067138672,1,1,.0330589468043692,.0196604864759798,-.0262532985095355,-.0065928120335557,1,.0196604864759798,-.0065928120335557,0,0,.0571299743652344,2002,.0033980751037598,2001,0,0,1,1,1,1,1,1,1,0,.0087836812772267,0,.0027086484137838,0,.0087836812772267,0,.0023355307719254
Philippines,PHL,2002,.3114665222167969,.6518399810791016,.256661319732666,.0999939179420471,PHL,.6518399810791016,1,1,.0382235721402157,.0249156525406539,-.0221630497398991,.0027526028007548,1,.0249156525406539,.0027526028007548,0,0,.0620899963378906,2003,.0030937194824219,2002,0,0,1,1,1,1,1,1,1,0,.0181290961115372,0,.0056466065167946,0,.0181290961115372,0,.0046530377335475
Philippines,PHL,2003,.2981106376647949,.7139299774169922,.284929084777832,.0791630047559738,PHL,.7139299774169922,1,1,.0437934674840527,.0312654692519016,-.0244440154506365,.0068214538012651,1,.0312654692519016,.0068214538012651,0,0,-.0031099700927734,2004,-.013355884552002,2003,0,0,1,1,1,1,1,1,1,0,.0221979471120475,0,.0066174441684219,0,.0221979471120475,0,.0063248407545824
Philippines,PHL,2004,.2904800033569336,.7108200073242188,.297530632019043,.1311882658799489,PHL,.7108200073242188,1,1,.043550271241484,.0309564041228434,-.0187472975172487,.0122091066055946,1,.0309564041228434,.0122091066055946,0,0,-.0640799713134766,2005,-.0076306343078613,2004,0,0,1,1,1,1,1,1,1,0,.027585599916377,0,.0080130651563122,0,.027585599916377,0,.0082075609777441
Philippines,PHL,2005,.3020431137084961,.6467400360107421,.2949871444702148,.1466679175694784,PHL,.6467400360107421,1,1,.0377976363396485,.0244452446874252,-.0170522899867301,.0073929547006951,1,.0244452446874252,.0073929547006951,0,0,-.0748500442504882,2006,.0115631103515625,2005,0,0,1,1,1,1,1,1,1,0,.0227694480114775,0,.0068773549748104,0,.0227694480114775,0,.0067166944500688
Philippines,PHL,2006,.2889389991760254,.5718899917602539,.2527418327331543,.0581326738993327,PHL,.5718899917602539,1,1,.031003297650703,.0177304756380012,-.0267468172117005,-.0090163415736993,1,.0177304756380012,-.0090163415736993,0,0,-.0702099990844727,2007,-.0131041145324707,2006,0,0,1,1,1,1,1,1,1,0,.0063601517370831,0,.0018376958775205,0,.0063601517370831,0,.0016074764064913
Philippines,PHL,2007,.289698371887207,.5016799926757812,.1986703109741211,.1566612060864767,PHL,.5016799926757812,1,1,.0247576140569637,.0124203996387674,-.0159580341448874,-.00353763450612,1,.0124203996387674,-.00353763450612,0,0,-.0015800094604492,2008,.0007593727111816,2007,0,0,1,1,1,1,1,1,1,0,.0118388588046624,0,.0034296981207132,0,.0118388588046624,0,.002352029760301
Philippines,PHL,2008,.2833067321777344,.500099983215332,.1818892860412598,.0395640865961711,PHL,.500099983215332,1,1,.0245333022334445,.0122691040351623,-.0287800603324899,-.0165109562973277,1,.0122691040351623,-.0165109562973277,0,0,-.0020499801635742,2009,-.0063916397094727,2008,0,0,1,1,1,1,1,1,1,.0011344629865453,0,.0003214010014947,0,.0011344629865453,0,.000206346662663,0
Philippines,PHL,2009,.2827887535095215,.4980500030517578,.1903846168518066,.0294543312489986,PHL,.4980500030517578,1,1,.0243418252098437,.012123446120048,-.0298870691844236,-.0177636230643756,1,.012123446120048,-.0177636230643756,0,0,-.0221799850463867,2010,-.0005179786682129,2009,0,0,1,1,1,1,1,1,1,.0023871297535932,0,.0006750534474841,0,.0023871297535932,0,.0004544727835134,0
Philippines,PHL,2010,.2891422843933105,.4758700180053711,.1806151008605957,.1477073017756144,PHL,.4758700180053711,1,1,.0224299192916953,.0106737260971981,-.0169384783783142,-.0062647522811161,1,.0106737260971981,-.0062647522811161,0,0,-.0215300369262695,2011,.006353530883789,2010,0,0,1,1,1,1,1,1,1,0,.0091117410296663,0,.002634589616118,0,.0091117410296663,0,.0016457180250888
Philippines,PHL,2011,.3009836769104004,.4543399810791016,.1469295597076416,.0459451371431351,PHL,.4543399810791016,1,1,.0204220207417555,.0092785405174062,-.028081341204524,-.0188028006871178,1,.0092785405174062,-.0188028006871178,0,0,.0025700378417969,2012,.0118413925170899,2011,0,0,1,1,1,1,1,1,1,.0034263073763354,0,.0010312625923547,0,.0034263073763354,0,.000503425834228,0
Philippines,PHL,2012,.3157873153686523,.4569100189208984,.1436005973815918,.146535728375117,PHL,.4569100189208984,1,1,.0207237904479935,.0094689074857054,-.0170667645811454,-.0075978570954399,1,.0094689074857054,-.0075978570954399,0,0,-.018280029296875,2013,.0148036384582519,2012,0,0,1,1,1,1,1,1,1,0,.0077786362153425,0,.0024563946476724,0,.0077786362153425,0,.0011170168073373
Philippines,PHL,2013,.3271852111816406,.4386299896240234,.1338871955871582,.0890889706611633,PHL,.4386299896240234,1,1,.0190393145264031,.0083512143331647,-.0233571313724664,-.0150059170393017,1,.0083512143331647,-.0150059170393017,0,0,-.0356399917602539,2014,.0113978958129883,2013,0,0,1,1,1,1,1,1,1,0,.0003705762714807,0,.0001212470756433,0,.0003705762714807,0,.0000496154177397
Philippines,PHL,2014,.3449702453613281,.4029899978637695,.1186580753326416,.0842738046646118,PHL,.4029899978637695,1,1,.015830390560637,.0063794890582138,-.0238843875916986,-.0175048985334848,1,.0063794890582138,-.0175048985334848,0,0,-.0061100006103516,2015,.0177850341796875,2014,0,0,1,1,1,1,1,1,1,.0021284052227024,0,.000734236471904,0,.0021284052227024,0,.0002525524672538,0
Philippines,PHL,2015,.3388898086547851,.396879997253418,.109481315612793,.1730837554931641,PHL,.396879997253418,1,1,.0153431874256214,.0060894041833393,-.0141597801871786,-.0080703760038392,1,.0060894041833393,-.0080703760038392,0,0,-.023120002746582,2016,-.006080436706543,2015,0,0,1,1,1,1,1,1,1,0,.0073061173069432,0,.0024759686961594,0,.0073061173069432,0,.0007998833347855
Philippines,PHL,2016,.3262438201904297,.3737599945068359,.0974982166290283,.0920756206512451,PHL,.3737599945068359,1,1,.013206852968056,.0049361932927932,-.0230300959632888,-.0180939026704956,1,.0049361932927932,-.0180939026704956,0,0,.0075400161743164,2017,-.0126459884643554,2016,0,0,1,1,1,1,1,1,1,.0027174093597132,0,.0008865380105341,0,.0027174093597132,0,.0002649425664231,0
Philippines,PHL,2017,.3288453674316406,.3813000106811523,.0870308971405029,.1493307232856751,PHL,.3813000106811523,1,1,.0139252125969618,.0053096837119589,-.0167607152257608,-.011451031513802,1,.0053096837119589,-.011451031513802,0,0,-.0098300170898437,2018,.0026015472412109,2017,0,0,1,1,1,1,1,1,1,0,.0039254617969804,0,.0012908699269669,0,.0039254617969804,0,.000341636461882
Philippines,PHL,2018,.3230777359008789,.3714699935913086,.0850790023803711,.1558093528747559,PHL,.3714699935913086,1,1,.0130456259985648,.0048460586060815,-.0160513112830119,-.0112052526769304,1,.0048460586060815,-.0112052526769304,0,0,-.0017399978637695,2019,-.0057676315307617,2018,0,0,1,1,1,1,1,1,1,0,.004171240633852,0,.0013476349798827,0,.004171240633852,0,.0003548849918166
Philippines,PHL,2019,.3262870788574219,.3697299957275391,.0776574182510376,,PHL,.3697299957275391,0,0,,,,,0,,,,0,.1467100143432617,2020,.003209342956543,2019,2,2,0,0,0,0,0,0,0,,,,,,,,
Philippines,PHL,2020,.3364234161376953,.5164400100708008,.0892804527282715,,PHL,.5164400100708008,0,0,,,,,0,,,,0,.0536100006103516,2021,.0101363372802735,2020,2,2,0,0,0,0,0,0,0,,,,,,,,
Philippines,PHL,2021,.3362596893310547,.5700500106811524,.0860399723052978,,PHL,.5700500106811524,0,0,,,,,0,,,,0,.0038399887084961,2022,-.0001637268066406,2021,2,2,0,0,0,0,0,0,0,,,,,,,,
Philippines,PHL,2022,.3470394515991211,.5738899993896485,.0971773052215576,,PHL,.5738899993896485,0,0,,,,,0,,,,0,-.0090499877929687,2023,.0107797622680664,2022,2,2,0,0,0,0,0,0,0,,,,,,,,
Philippines,PHL,2023,.3559347915649414,.5648400115966797,.1119712066650391,,PHL,.5648400115966797,0,0,,,,,0,,,,0,,,.0088953399658203,2023,3,2,0,0,0,0,0,0,0,,,,,,,,
Poland,POL,1995,.4498744201660156,.4857600021362305,.1325926971435547,.1073333619435628,POL,.4857600021362305,0,0,,,,,0,,,,0,-.05552001953125,1996,,,2,3,0,0,0,0,0,0,0,,,,,,,,
Poland,POL,1996,.4503432464599609,.4302399826049805,.0989027786254883,.0878302536010742,POL,.4302399826049805,0,0,,,,,0,,,,0,-.0045999908447266,1997,.0004688262939453,1996,2,2,0,0,0,0,0,0,0,,,,,,,,
Poland,POL,1997,.4532849884033203,.4256399917602539,.1087581920623779,.1323313770294189,POL,.4256399917602539,0,0,,,,,0,,,,0,-.0400199890136719,1998,.0029417419433594,1997,2,2,0,0,0,0,0,0,0,,,,,,,,
Poland,POL,1998,.4544185256958008,.385620002746582,.1004387760162354,.1738953336079915,POL,.385620002746582,0,0,,,,,0,,,,0,.0067100143432617,1999,.0011335372924804,1998,2,2,0,0,0,0,0,0,0,,,,,,,,
Poland,POL,1999,.4508002471923828,.3923300170898438,.073154296875,.1230218607584635,POL,.3923300170898438,0,0,,,,,0,,,,0,-.0295800018310547,2000,-.0036182785034179,1999,2,2,0,0,0,0,0,0,0,,,,,,,,
Poland,POL,2000,.4504239273071289,.3627500152587891,.0770199108123779,.1904202562967936,POL,.3627500152587891,1,1,.0122856277041628,.0044566116371489,-.0122614493975477,-.0078048377603988,1,.0044566116371489,-.0078048377603988,0,0,.0076199722290039,2001,-.0003763198852539,2000,0,0,1,1,1,1,1,1,1,0,.0075716555503836,0,.0034104548292206,0,.0075716555503836,0,.0005831682351926
Poland,POL,2001,.4521090698242187,.370369987487793,.0776681995391846,.0647705631256103,POL,.370369987487793,1,1,.0128827797229299,.0047713949647896,-.0260199744861048,-.0212485795213153,1,.0047713949647896,-.0212485795213153,0,0,.0438899993896484,2002,.0016851425170898,2001,0,0,1,1,1,1,1,1,1,.0058720862105329,0,.0026548234345716,0,.0058720862105329,0,.000456074363511,0
Poland,POL,2002,.4571311569213867,.4142599868774414,.0712202405929565,.2815651283264161,POL,.4142599868774414,1,1,.0169825379519061,.0070351859491023,-.0022811702829427,.0047540156661596,1,.0070351859491023,.0047540156661596,0,0,.0481100082397461,2003,.005022087097168,2002,0,0,1,1,1,1,1,1,1,0,.020130508976942,0,.0092022828580459,0,.020130508976942,0,.0014336996925965
Poland,POL,2003,.4536128234863281,.4623699951171875,.0747772979736328,.1824700673421224,POL,.4623699951171875,1,1,.021240099283399,.0098207846019538,-.0131319877286091,-.0033112031266553,1,.0098207846019538,-.0033112031266553,0,0,-.012249984741211,2004,-.0035183334350586,2003,0,0,1,1,1,1,1,1,1,0,.0120652901841271,0,.0054729703466038,0,.0120652901841271,0,.0009022097992368
Poland,POL,2004,.4452340316772461,.4501200103759765,.0704342842102051,.0795676695505778,POL,.4501200103759765,1,1,.0200660697603448,.0090321395287315,-.0243997050302248,-.0153675655014934,1,.0090321395287315,-.0153675655014934,0,0,.0146199798583985,2005,-.0083787918090821,2004,0,0,1,1,1,1,1,1,1,0,8.92780928905e-06,0,3.97496452381e-06,0,8.92780928905e-06,0,6.28823856839e-07
Poland,POL,2005,.4498053741455078,.464739990234375,.0611127710342407,.1681285940806071,POL,.464739990234375,1,1,.0214431944499354,.0099655099792568,-.0147023657748698,-.0047368557956131,1,.0099655099792568,-.0047368557956131,0,0,.0062400054931641,2006,.0045713424682617,2005,0,0,1,1,1,1,1,1,1,0,.0106396375151693,0,.0047857661332833,0,.0106396375151693,0,.0006502177313519
Poland,POL,2006,.447453727722168,.4709799957275391,.05789137840271,.3018868675231933,POL,.4709799957275391,1,1,.0220983332700681,.0104078729091224,-.0000559586526918,.0103519142564306,1,.0104078729091224,.0103519142564306,0,0,-.0266999816894531,2007,-.0023516464233398,2006,0,0,1,1,1,1,1,1,1,0,.025728407567213,0,.0115122718743047,0,.025728407567213,0,.0014894529781727
Poland,POL,2007,.4606021118164063,.4442800140380859,.0530839490890503,.3061404406229655,POL,.4442800140380859,1,1,.0196998608444824,.008752254452535,.0004098036642086,.0091620581167435,1,.008752254452535,.0091620581167435,0,0,.0213099670410156,2008,.0131483840942383,2007,0,0,1,1,1,1,1,1,1,0,.0245385514275259,0,.0113025086084339,0,.0245385514275259,0,.0013026032146978
Poland,POL,2008,.4759922790527344,.4655899810791015,.0521147680282593,.1461557820638021,POL,.4655899810791015,1,1,.0215042197035002,.0100121492448735,-.0171083683505187,-.0070962191056453,1,.0100121492448735,-.0070962191056453,0,0,.0314200210571289,2009,.0153901672363281,2008,0,0,1,1,1,1,1,1,1,0,.0082802742051371,0,.0039413465900848,0,.0082802742051371,0,.0004315245694111
Poland,POL,2009,.4838948822021484,.4970100021362305,.0649374771118164,.1324827537536621,POL,.4970100021362305,1,1,.0243206109927625,.0120875869214673,-.0186055522933822,-.0065179653719148,1,.0120875869214673,-.0065179653719148,0,0,.0404700088500977,2010,.007902603149414,2009,0,0,1,1,1,1,1,1,1,0,.0088585279388676,0,.0042865963334628,0,.0088585279388676,0,.0005752504552746
Poland,POL,2010,.4943119049072265,.5374800109863281,.0648188972473144,.0989786167144775,POL,.5374800109863281,1,1,.0279370578005075,.0150156101335425,-.0222742242844555,-.007258614150913,1,.0150156101335425,-.007258614150913,0,0,.0103199768066407,2011,.0104170227050781,2010,0,0,1,1,1,1,1,1,1,0,.0081178791598694,0,.0040127643113217,0,.0081178791598694,0,.0005261919751297
Poland,POL,2011,.509012451171875,.5477999877929688,.0649397087097168,.1532414124806722,POL,.5477999877929688,1,1,.0289033529547299,.0158332563957769,-.0163324983790264,-.0004992419832495,1,.0158332563957769,-.0004992419832495,0,0,-.0030799865722657,2012,.0147005462646485,2011,0,0,1,1,1,1,1,1,1,0,.0148772513275329,0,.0075727061649276,0,.0148772513275329,0,.0009661243676112
Poland,POL,2012,.5193345260620117,.5447200012207031,.0680634927749634,.1521456514994304,POL,.5447200012207031,1,1,.02862556257793,.0155929164823933,-.0164524831921284,-.0008595667097351,1,.0155929164823933,-.0008595667097351,0,0,.0238700103759766,2013,.0103220748901367,2012,0,0,1,1,1,1,1,1,1,0,.0145169266010473,0,.0075391411962319,0,.0145169266010473,0,.0009880727288251
Poland,POL,2013,.538548469543457,.5685900115966797,.0652670478820801,.1097137317657471,POL,.5685900115966797,1,1,.030742699630202,.0174799919392498,-.0210987391238175,-.0036187471845677,1,.0174799919392498,-.0036187471845677,0,0,-.0572900009155273,2014,.0192139434814453,2013,0,0,1,1,1,1,1,1,1,0,.0117577461262147,0,.0063321161815534,0,.0117577461262147,0,.000767393379405
Poland,POL,2014,.5649582290649414,.5113000106811524,.0504356718063355,.2386753870646159,POL,.5113000106811524,0,0,,,,,0,,,,0,-.0007400131225587,2015,.0264097595214844,2014,2,2,0,0,0,0,0,0,0,,,,,,,,
Poland,POL,2015,.5713275146484375,.5105599975585937,.0450105381011963,.3268774274190267,POL,.5105599975585937,1,1,.0256757940151326,.013109033329681,.0026804845221871,.0157895178518682,1,.013109033329681,.0157895178518682,0,0,.0307300186157227,2016,.006369285583496,2015,0,0,1,1,1,1,1,1,1,0,.0311660111626506,0,.0178059996990626,0,.0311660111626506,0,.0014027989328988
Poland,POL,2016,.5571708679199219,.5412900161743164,.0440663051605225,.1680757484436035,POL,.5412900161743164,1,1,.0283282446654241,.0153337960131374,-.0147081523232026,.0006256436899348,1,.0153337960131374,.0006256436899348,0,0,-.0368500137329101,2017,-.0141566467285156,2016,0,0,1,1,1,1,1,1,1,0,.0160021370007172,0,.0089159245612631,0,.0160021370007172,0,.0007051550522941
Poland,POL,2017,.5531123733520508,.5044400024414063,.0393744492530823,.0965202490488688,POL,.5044400024414063,1,1,.0249636368409742,.0125926570290074,-.0225434132681333,-.0099507562391259,1,.0125926570290074,-.0099507562391259,0,0,-.0220999908447266,2018,-.0040584945678711,2017,0,0,1,1,1,1,1,1,1,0,.0054257370716565,0,.0030010423088882,0,.0054257370716565,0,.0002136354089885
Poland,POL,2018,.5538360977172851,.4823400115966797,.0349053835868835,.3600636062622071,POL,.4823400115966797,1,1,.023160919541013,.011171438200002,.0063143403851313,.0174857785851333,1,.011171438200002,.0174857785851333,0,0,-.0302300262451172,2019,.0007237243652344,2018,0,0,1,1,1,1,1,1,1,0,.0328622718959157,0,.0182003124289584,0,.0328622718959157,0,.0011470702060634
Poland,POL,2019,.542298812866211,.4521099853515625,.0333996891975403,,POL,.4521099853515625,0,0,,,,,0,,,,0,.113740005493164,2020,-.0115372848510742,2019,2,2,0,0,0,0,0,0,0,,,,,,,,
Poland,POL,2020,.5405447006225585,.5658499908447265,.031554229259491,,POL,.5658499908447265,0,0,,,,,0,,,,0,-.0357099914550781,2021,-.0017541122436524,2020,2,2,0,0,0,0,0,0,0,,,,,,,,
Poland,POL,2021,.5326996994018555,.5301399993896484,.0261147713661194,,POL,.5301399993896484,0,0,,,,,0,,,,0,-.0422700119018554,2022,-.0078450012207031,2021,2,2,0,0,0,0,0,0,0,,,,,,,,
Poland,POL,2022,.5324391174316406,.487869987487793,.0382908296585083,,POL,.487869987487793,0,0,,,,,0,,,,0,.0073400115966797,2023,-.0002605819702148,2022,2,2,0,0,0,0,0,0,0,,,,,,,,
Poland,POL,2023,.5364661407470703,.4952099990844727,.0497323751449585,,POL,.4952099990844727,0,0,,,,,0,,,,0,,,.0040270233154297,2023,3,2,0,0,0,0,0,0,0,,,,,,,,
Portugal,PRT,1995,.4458826446533203,.622150001525879,.1218157577514648,.1957584800720215,PRT,.622150001525879,0,0,,,,,0,,,,0,.010970001220703,1996,,,2,3,0,0,0,0,0,0,0,,,,,,,,
Portugal,PRT,1996,.4488371658325195,.633120002746582,.1085337924957275,.0628381290435791,PRT,.633120002746582,0,0,,,,,0,,,,0,-.0459600067138671,1997,.0029545211791992,1996,2,2,0,0,0,0,0,0,0,,,,,,,,
Portugal,PRT,1997,.4496427154541016,.5871599960327148,.0864168834686279,.2203656005859375,PRT,.5871599960327148,0,0,,,,,0,,,,0,-.0309999847412109,1998,.000805549621582,1997,2,2,0,0,0,0,0,0,0,,,,,,,,
Portugal,PRT,1998,.4541463470458985,.5561600112915039,.0708451843261719,.1835413017272949,PRT,.5561600112915039,0,0,,,,,0,,,,0,-.0021000289916993,1999,.0045036315917969,1998,2,2,0,0,0,0,0,0,0,,,,,,,,
Portugal,PRT,1999,.4553369140625,.5540599822998047,.0649278450012207,.0566570920944214,PRT,.5540599822998047,0,0,,,,,0,,,,0,-.0121299743652343,2000,.0011905670166015,1999,2,2,0,0,0,0,0,0,0,,,,,,,,
Portugal,PRT,2000,.4559088897705078,.5419300079345704,.0637258625030518,.0853565301895142,PRT,.5419300079345704,1,1,.028327738176772,.0153516513749065,-.0237658301489988,-.0084141787740923,1,.0153516513749065,-.0084141787740923,0,0,.031870002746582,2001,.0005719757080078,2000,0,0,1,1,1,1,1,1,1,0,.0069623145366901,0,.0031741810906554,0,.0069623145366901,0,.0004436794988681
Portugal,PRT,2001,.4632950592041016,.5738000106811524,.0633071994781494,.1186024417877197,PRT,.5738000106811524,1,1,.0312175389296469,.0179126241712707,-.0201254336046739,-.0022128094334032,1,.0179126241712707,-.0022128094334032,0,0,.0266399765014648,2002,.0073861694335938,2001,0,0,1,1,1,1,1,1,1,0,.0131636838773792,0,.0060986697013145,0,.0131636838773792,0,.0008333559610925
Portugal,PRT,2002,.4706330108642578,.6004399871826172,.0622884368896484,.143170488357544,PRT,.6004399871826172,1,1,.0336308471067287,.0201933054057047,-.0174352552478732,.0027580501578315,1,.0201933054057047,.0027580501578315,0,0,.0385300064086914,2003,.0073379516601562,2002,0,0,1,1,1,1,1,1,1,0,.0181345434686139,0,.0085347147932825,0,.0181345434686139,0,.0011295723663673
Portugal,PRT,2003,.4698686218261719,.6389699935913086,.0592542266845703,.2179027671813965,PRT,.6389699935913086,1,1,.0371487874754704,.0237369604951262,-.0092521398961929,.0144848205989333,1,.0237369604951262,.0144848205989333,0,0,.0320199966430664,2004,-.0007643890380859,2003,0,0,1,1,1,1,1,1,1,0,.0298613139097157,0,.0140308944126768,0,.0298613139097157,0,.0017694090635054
Portugal,PRT,2004,.4666020584106445,.670989990234375,.0567059183120728,.1292228755950928,PRT,.670989990234375,1,1,.03996648719633,.0268171128535677,-.0189625059340824,.0078546069194854,1,.0268171128535677,.0078546069194854,0,0,.0515000152587891,2005,-.0032665634155274,2004,0,0,1,1,1,1,1,1,1,0,.0232311002302678,0,.0108396791865869,0,.0232311002302678,0,.0013173408719571
Portugal,PRT,2005,.4662328338623047,.7224900054931641,.0562344789505005,.1465357685089111,PRT,.7224900054931641,1,1,.0446106719462537,.0322307646195026,-.017066760186532,.0151640044329705,1,.0322307646195026,.0151640044329705,0,0,.0143000030517577,2006,-.0003692245483398,2005,0,0,1,1,1,1,1,1,1,0,.0305404977437529,0,.0142389828106352,0,.0305404977437529,0,.0017174289775089
Portugal,PRT,2006,.473437614440918,.7367900085449218,.0607011651992798,.1258025321960449,PRT,.7367900085449218,1,1,.0458822927505256,.0338056148677204,-.0193370303700726,.0144685844976478,1,.0338056148677204,.0144685844976478,0,0,-.0095100402832031,2007,.0072047805786133,2006,0,0,1,1,1,1,1,1,1,0,.0298450778084302,0,.0141297824404268,0,.0298450778084302,0,.0018116309984349
Portugal,PRT,2007,.492310562133789,.7272799682617187,.0621863651275635,.0939563980102539,PRT,.7272799682617187,1,1,.0450045816516842,.0327309307152688,-.0228241525835095,.0099067781317593,1,.0327309307152688,.0099067781317593,0,0,.0291500091552734,2008,.0188729476928711,2007,0,0,1,1,1,1,1,1,1,0,.0252832714425417,0,.0124472215764589,0,.0252832714425417,0,.0015722747495452
Portugal,PRT,2008,.5100751113891602,.7564299774169921,.0653869247436523,.0655933361053467,PRT,.7564299774169921,1,1,.0476064903989791,.036010976457402,-.0259298816064631,.0100810948509389,1,.036010976457402,.0100810948509389,0,0,.1215600585937501,2009,.0177645492553711,2008,0,0,1,1,1,1,1,1,1,0,.0254575881617213,0,.0129852821172894,0,.0254575881617213,0,.0016645934012854
Portugal,PRT,2009,.515518798828125,.8779900360107422,.0672312593460083,.1849475364685059,PRT,.8779900360107422,1,1,.058623671266362,.0514709992462351,-.0128607071526586,.0386102920935764,1,.0514709992462351,.0386102920935764,0,0,.1227599334716796,2010,.0054436874389648,2009,0,0,1,1,1,1,1,1,1,0,.0539867854043588,0,.0278312027642468,0,.0539867854043588,0,.0036295995707777
Portugal,PRT,2010,.5174380493164062,1.000749969482422,.0670389699935913,.0493775777816772,PRT,1.000749969482422,1,1,.0695698150818553,.0696219903200644,-.0277054921320076,.0419164981880569,1,.0696219903200644,.0419164981880569,0,0,.1394900512695314,2011,.0019192504882812,2010,0,0,1,1,1,1,1,1,1,0,.0572929914988393,0,.0296455737606608,0,.0572929914988393,0,.0038408631379338
Portugal,PRT,2011,.527106704711914,1.140240020751953,.0905179500579834,.2009550132751465,PRT,1.140240020751953,1,1,.0822222818674033,.0937531363827609,-.011107903260423,.0826452331223379,1,.0937531363827609,.0826452331223379,0,0,.1458000183105468,2012,.0096686553955078,2011,0,0,1,1,1,1,1,1,1,0,.0980217264331203,0,.0516679092103347,0,.0980217264331203,0,.0088727257378705
Portugal,PRT,2012,.5480199813842773,1.2860400390625,.1003940677642822,.1558695583343506,PRT,1.2860400390625,1,1,.0953042245426267,.1225650486536209,-.0160447188409183,.1065203298127026,1,.1225650486536209,.1065203298127026,0,0,.0223699951171876,2013,.0209132766723633,2012,0,0,1,1,1,1,1,1,1,0,.121896823123485,0,.0668018947389348,0,.121896823123485,0,.0122377179209099
Portugal,PRT,2013,.5582817840576172,1.308410034179688,.0935118389129639,.0753288335800171,PRT,1.308410034179688,1,1,.0972596943794786,.1272555600473596,-.0248638536451186,.102391706402241,1,.1272555600473596,.102391706402241,0,0,.0161199951171873,2014,.0102618026733399,2013,0,0,1,1,1,1,1,1,1,0,.1177681997130234,0,.0657478406410405,0,.1177681997130234,0,.011012720920634
Portugal,PRT,2014,.5792049026489258,1.324530029296875,.0983447551727295,.2014659919738769,PRT,1.324530029296875,1,1,.0987981124198955,.1308610667380001,-.0110519515659241,.119809115172076,1,.1308610667380001,.119809115172076,0,0,-.0143000793457031,2015,.0209231185913086,2014,0,0,1,1,1,1,1,1,1,0,.1351856084828584,0,.0783001672008498,0,.1351856084828584,0,.0132947955691232
Portugal,PRT,2015,.5927437973022461,1.310229949951172,.0981000423431397,.3107696418762207,PRT,1.310229949951172,1,1,.097588661124318,.1278635865807171,.000916696916197,.1287802834969141,1,.1278635865807171,.1287802834969141,0,0,.0015699768066406,2016,.0135388946533204,2015,0,0,1,1,1,1,1,1,1,0,.1441567768076965,0,.0854480352918464,0,.1441567768076965,0,.0141417859088856
Portugal,PRT,2016,.571536865234375,1.311799926757812,.0908624935150146,.1263641586303711,PRT,1.311799926757812,1,1,.097600415963359,.1280322185122664,-.0192755327954104,.108756685716856,1,.1280322185122664,.108756685716856,0,0,-.0515099334716795,2017,-.0212069320678712,2016,0,0,1,1,1,1,1,1,1,0,.1241331790276384,0,.0709466880130339,0,.1241331790276384,0,.0112790501743969
Portugal,PRT,2017,.5770374298095703,1.260289993286133,.0854439353942871,.3644872665405274,PRT,1.260289993286133,1,1,.093134655047028,.1173766737839252,.0067987270906333,.1241754008745585,1,.1173766737839252,.1241754008745585,0,0,-.0491699981689453,2018,.0055005645751953,2017,0,0,1,1,1,1,1,1,1,0,.1395518941853409,0,.0805266663457662,0,.1395518941853409,0,.0119238630309227
Portugal,PRT,2018,.5762065505981445,1.211119995117188,.0755320119857788,.1264223289489746,PRT,1.211119995117188,1,1,.0885450696646515,.1072387043399038,-.0192691631993715,.0879695411405323,1,.1072387043399038,.0879695411405323,0,0,-.0500199890136719,2019,-.0008308792114258,2018,0,0,1,1,1,1,1,1,1,0,.1033460344513147,0,.0595486620291891,0,.1033460344513147,0,.0078059339128594
Portugal,PRT,2019,.5742462158203125,1.161100006103516,.066295747756958,,PRT,1.161100006103516,0,0,,,,,0,,,,0,.1798599243164061,2020,-.001960334777832,2019,2,2,0,0,0,0,0,0,0,,,,,,,,
Portugal,PRT,2020,.5712026977539062,1.340959930419922,.0633833646774292,,PRT,1.340959930419922,0,0,,,,,0,,,,0,-.102179946899414,2021,-.0030435180664063,2020,2,2,0,0,0,0,0,0,0,,,,,,,,
Portugal,PRT,2021,.5732994079589844,1.238779983520508,.0512826251983643,,PRT,1.238779983520508,0,0,,,,,0,,,,0,-.1264599609374999,2022,.0020967102050782,2021,2,2,0,0,0,0,0,0,0,,,,,,,,
Portugal,PRT,2022,.5756239318847656,1.112320022583008,.0414792013168335,,PRT,1.112320022583008,0,0,,,,,0,,,,0,-.1437200164794923,2023,.0023245239257812,2022,2,2,0,0,0,0,0,0,0,,,,,,,,
Portugal,PRT,2023,.5739291763305664,.9686000061035156,.0413161849975586,,PRT,.9686000061035156,0,0,,,,,0,,,,0,,,-.0016947555541992,2023,3,2,0,0,0,0,0,0,0,,,,,,,,
Romania,ROU,1995,.3800525665283203,,.0436713552474976,.0868186511993408,ROU,,0,0,,,,,0,,,,,,,,,3,3,0,0,0,0,0,0,0,,,,,,,,
Romania,ROU,1996,.384078254699707,,.0582213258743286,.0881194124221802,ROU,,0,0,,,,,0,,,,,,,.0040256881713867,1996,3,2,0,0,0,0,0,0,0,,,,,,,,
Romania,ROU,1997,.3819166946411133,,.1334180450439453,.0645391864776611,ROU,,0,0,,,,,0,,,,,,,-.0021615600585937,1997,3,2,0,0,0,0,0,0,0,,,,,,,,
Romania,ROU,1998,.3722493743896484,,.157192907333374,.1915033721923828,ROU,,0,0,,,,,0,,,,,,,-.0096673202514648,1998,3,2,0,0,0,0,0,0,0,,,,,,,,
Romania,ROU,1999,.3669465255737305,,.1656572151184082,.1272607612609863,ROU,,0,0,,,,,0,,,,,,,-.005302848815918,1999,3,2,0,0,0,0,0,0,0,,,,,,,,
Romania,ROU,2000,.3671036911010742,.2955800056457519,.1552112865447998,.2079556522369385,ROU,.2955800056457519,0,1,,,-.0103413397745853,,0,,,,0,-.0214900016784668,2001,.0001571655273437,2000,1,1,0,0,0,1,0,1,0,,,,,,,,
Romania,ROU,2001,.3753232574462891,.2740900039672852,.1268230819702149,.1114590606689453,ROU,.2740900039672852,0,1,,,-.020907627224565,,0,,,,0,-.000260009765625,2002,.0082195663452149,2001,1,1,0,0,0,1,0,1,0,,,,,,,,
Romania,ROU,2002,.3894945526123047,.2738299942016602,.1009902286529541,.2681980018615723,ROU,.2738299942016602,0,1,,,-.0037448582569189,,0,,,,0,-.0250300025939941,2003,.0141712951660156,2002,1,1,0,0,0,1,0,1,0,,,,,,,,
Romania,ROU,2003,.3815691757202149,.248799991607666,.0709786653518677,.2243381614685059,ROU,.248799991607666,0,1,,,-.008547470178987,,0,,,,0,-.0355099868774414,2004,-.0079253768920898,2003,1,1,0,0,0,1,0,1,0,,,,,,,,
Romania,ROU,2004,.3884183502197265,.2132900047302246,.0364165091514587,.0893975863456726,ROU,.2132900047302246,0,1,,,-.0233233382406976,,0,,,,0,-.035620002746582,2005,.0068491744995117,2004,1,1,0,0,0,1,0,1,0,,,,,,,,
Romania,ROU,2005,.3974773025512695,.1776700019836426,.0348929166793823,.109455023765564,ROU,.1776700019836426,0,1,,,-.0211270674103521,,0,,,,0,-.0507600021362305,2006,.009058952331543,2005,1,1,0,0,0,1,0,1,0,,,,,,,,
Romania,ROU,2006,.3865457916259766,.1269099998474121,.0196633529663086,.164112982749939,ROU,.1269099998474121,0,1,,,-.0151420714983341,,0,,,,0,-.0026000022888184,2007,-.0109315109252929,2006,1,1,0,0,0,1,0,1,0,,,,,,,,
Romania,ROU,2007,.4214885330200195,.1243099975585937,.0172594308853149,.397479778289795,ROU,.1243099975585937,0,1,,,.0104113765860713,,0,,,,0,.0057299995422363,2008,.034942741394043,2007,1,1,0,0,0,1,0,1,0,,,,,,,,
Romania,ROU,2008,.4438111877441406,.1300399971008301,.0195323967933655,.2005915775299072,ROU,.1300399971008301,1,1,-.0086377121228686,-.0011232480594156,-.0111476991380949,-.0122709471975106,1,-.0011232480594156,-.0122709471975106,0,0,.0944700050354004,2009,.0223226547241211,2008,0,0,1,1,1,1,1,1,1,0,.0031055461132718,0,.0013782761091254,0,.0031055461132718,0,.0000606587589445
Romania,ROU,2009,.4545847320556641,.2245100021362305,.0332733511924744,.1127130565643311,ROU,.2245100021362305,1,1,-.0002025508882834,-.0000454747003612,-.020770315834842,-.0208157905352032,1,-.0000454747003612,-.0208157905352032,0,0,.0771299934387207,2010,.0107735443115234,2009,0,0,1,1,1,1,1,1,1,.0054392972244208,0,.0024726214713344,0,.0054392972244208,0,.0001809836467884,0
Romania,ROU,2010,.4308813095092773,.3016399955749512,.0396103072166443,.2054187784194947,ROU,.3016399955749512,1,1,.0067997794044505,.0020510854294691,-.010619125109216,-.0085680396797469,1,.0020510854294691,-.0085680396797469,0,0,.0243300056457519,2011,-.0237034225463867,2010,0,0,1,1,1,1,1,1,1,0,.0068084536310355,0,.0029336354162738,0,.0068084536310355,0,.0002696849399956
Romania,ROU,2011,.4176311111450196,.3259700012207031,.0449649000167847,.1735777006149292,ROU,.3259700012207031,1,1,.0089657242646912,.0029225571495059,-.0141056936535894,-.0111831365040835,1,.0029225571495059,-.0111831365040835,0,0,.0356999969482422,2012,-.0132501983642578,2011,0,0,1,1,1,1,1,1,1,0,.0041933568066989,0,.0017512762626092,0,.0041933568066989,0,.0001885538695479
Romania,ROU,2012,.3927638244628906,.3616699981689453,.0540131902694702,.3859388465881348,ROU,.3616699981689453,1,1,.0123257423748838,.0044578512221551,.0091476552481585,.0136055064703136,1,.0044578512221551,.0136055064703136,0,0,.0309500122070313,2013,-.024867286682129,2012,0,0,1,1,1,1,1,1,1,0,.028981999781096,0,.0113830810746059,0,.028981999781096,0,.0015654102685661
Romania,ROU,2013,.402225112915039,.3926200103759765,.0521695375442505,.2062838077545166,ROU,.3926200103759765,1,1,.0149833407156761,.0058827593872555,-.0105244051977871,-.0046416458105316,1,.0058827593872555,-.0046416458105316,0,0,.0121199798583985,2014,.0094612884521484,2013,0,0,1,1,1,1,1,1,1,0,.0107348475002508,0,.0043178252479141,0,.0107348475002508,0,.0005600320296961
Romania,ROU,2014,.4202704238891601,.404739990234375,.0462514448165894,.1900084095001221,ROU,.404739990234375,1,1,.0160620145646658,.0065009396180472,-.0123065462405374,-.0058056066224902,1,.0065009396180472,-.0058056066224902,0,0,-.0111999893188477,2015,.0180453109741211,2014,0,0,1,1,1,1,1,1,1,0,.0095708866882922,0,.0040223606054837,0,.0095708866882922,0,.0004426673375094
Romania,ROU,2015,.4338056564331055,.3935400009155273,.039585554599762,.3646781425476074,ROU,.3935400009155273,1,1,.0151772795202526,.0059728665962954,.006819627836715,.0127924944330104,1,.0059728665962954,.0127924944330104,0,0,.0019400024414063,2016,.0135352325439453,2015,0,0,1,1,1,1,1,1,1,0,.0281689877437928,0,.0122198662192521,0,.0281689877437928,0,.0011150850023519
Romania,ROU,2016,.4275064468383789,.3954800033569336,.0439009428024292,.1676785516738892,ROU,.3954800033569336,1,1,.0152134742701186,.0060166248554171,-.014751645001802,-.0087350201463849,1,.0060166248554171,-.0087350201463849,0,0,-.0244100189208984,2017,-.0062992095947266,2016,0,0,1,1,1,1,1,1,1,0,.0066414731643975,0,.002839272594284,0,.0066414731643975,0,.0002915669335141
Romania,ROU,2017,.4302777481079101,.3710699844360352,.0406221151351929,.2053472633361816,ROU,.3710699844360352,1,1,.0130444238249263,.0048403941456925,-.0106269559446374,-.0057865617989449,1,.0048403941456925,-.0057865617989449,0,0,-.0068899917602539,2018,.0027713012695312,2017,0,0,1,1,1,1,1,1,1,0,.0095899315118375,0,.0041263341354225,0,.0095899315118375,0,.0003895633020125
Romania,ROU,2018,.4365155410766601,.3641799926757813,.0450416469573975,.3410609378814697,ROU,.3641799926757813,1,1,.0125199928548886,.0045595309061942,.0042335657881754,.0087930966943695,1,.0045595309061942,.0087930966943695,0,0,.003489990234375,2019,.00623779296875,2018,0,0,1,1,1,1,1,1,1,0,.0241695900051519,0,.0105504016586999,0,.0241695900051519,0,.0010886381401171
Romania,ROU,2019,.4206284332275391,.3676699829101562,.0381803703308105,,ROU,.3676699829101562,0,0,,,,,0,,,,0,.1277000045776367,2020,-.0158871078491211,2019,2,2,0,0,0,0,0,0,0,,,,,,,,
Romania,ROU,2020,.4331756210327148,.495369987487793,.0459914302825928,,ROU,.495369987487793,0,0,,,,,0,,,,0,.0226800155639649,2021,.0125471878051758,2020,2,2,0,0,0,0,0,0,0,,,,,,,,
Romania,ROU,2021,.4357350158691407,.5180500030517579,.0482216024398804,,ROU,.5180500030517579,0,0,,,,,0,,,,0,.0009700012207031,2022,.0025593948364258,2021,2,2,0,0,0,0,0,0,0,,,,,,,,
Romania,ROU,2022,.4390110015869141,.519020004272461,.0649748754501343,,ROU,.519020004272461,0,0,,,,,0,,,,0,.0069300079345703,2023,.0032759857177734,2022,2,2,0,0,0,0,0,0,0,,,,,,,,
Romania,ROU,2023,.4406818008422851,.5259500122070313,.0600466299057007,,ROU,.5259500122070313,0,0,,,,,0,,,,0,,,.0016707992553711,2023,3,2,0,0,0,0,0,0,0,,,,,,,,
Russia,RUS,1995,.3868587112426758,,,.1778969376909187,RUS,,0,0,,,,,0,,,,,,,,,3,4,0,0,0,0,0,0,0,,,,,,,,
Russia,RUS,1996,.3888249969482422,,,.0799150270097006,RUS,,0,0,,,,,0,,,,,,,.0019662857055664,1996,3,3,0,0,0,0,0,0,0,,,,,,,,
Russia,RUS,1997,.3865034866333008,.5151900100708008,,.1205160809225506,RUS,.5151900100708008,0,0,,,,,0,,,,0,.8367399215698242,1998,-.0023215103149414,1997,2,3,0,0,0,0,0,0,0,,,,,,,,
Russia,RUS,1998,.3958363723754883,1.351929931640625,.1324281597137451,.1158841038539129,RUS,1.351929931640625,0,0,,,,,0,,,,0,-.4281399536132813,1999,.0093328857421875,1998,2,2,0,0,0,0,0,0,0,,,,,,,,
Russia,RUS,1999,.4072805786132813,.9237899780273438,.1783387565612793,.0948452234643152,RUS,.9237899780273438,0,0,,,,,0,,,,0,-.365109977722168,2000,.011444206237793,1999,2,2,0,0,0,0,0,0,0,,,,,,,,
Russia,RUS,2000,.4145116424560547,.5586800003051757,.118460807800293,.0909001669764908,RUS,.5586800003051757,0,1,,,-.0231588070525591,,0,,,,0,-.1143000030517577,2001,.0072310638427734,2000,1,1,0,0,0,1,0,1,0,,,,,,,,
Russia,RUS,2001,.4299521255493164,.444379997253418,.0716275835037231,.1161647222381012,RUS,.444379997253418,0,1,,,-.0203923616387646,,0,,,,0,-.0686100006103516,2002,.0154404830932617,2001,1,1,0,0,0,1,0,1,0,,,,,,,,
Russia,RUS,2002,.4432312393188477,.3757699966430664,.0555797147750854,.1738020711280162,RUS,.3757699966430664,0,1,,,-.0140811252901057,,0,,,,0,-.0924300003051758,2003,.0132791137695313,2002,1,1,0,0,0,1,0,1,0,,,,,,,,
Russia,RUS,2003,.4460307693481445,.2833399963378906,.0425933027267456,.1212756514422644,RUS,.2833399963378906,0,1,,,-.0198327196220864,,0,,,,0,-.0750600051879883,2004,.0027995300292968,2003,1,1,0,0,0,1,0,1,0,,,,,,,,
Russia,RUS,2004,.4372385406494141,.2082799911499023,.0309914326667786,.0841043025225985,RUS,.2082799911499023,1,1,-.0016823991375218,-.0003504100774736,-.0239029479193412,-.0242533579968149,1,-.0003504100774736,-.0242533579968149,0,0,-.0597699928283691,2005,-.0087922286987304,2004,0,0,1,1,1,1,1,1,1,.0088768646860325,0,.0038813073608632,0,.0088768646860325,0,.0002751067542093,0
Russia,RUS,2005,.4682213592529297,.1485099983215332,.0201052498817444,.14155310555416,RUS,.1485099983215332,1,1,-.0070179222376318,-.0010422316197314,-.0176123571676355,-.0186545887873668,1,-.0010422316197314,-.0186545887873668,0,0,-.0504699993133545,2006,.0309828186035156,2005,0,0,1,1,1,1,1,1,1,.0032780954765844,0,.0015348743198072,0,.0032780954765844,0,.0000659069286929,0
Russia,RUS,2006,.5484737396240235,.0980399990081787,.0139782321453094,.1037088716380736,RUS,.0980399990081787,1,1,-.0115838779461893,-.0011356833823553,-.0217562657491099,-.0228919491314652,1,-.0011356833823553,-.0228919491314652,0,0,-.0177099990844727,2007,.0802523803710938,2006,0,0,1,1,1,1,1,1,1,.0075154558206828,0,.004122030158949,0,.0075154558206828,0,.0001050527861393,0
Russia,RUS,2007,.5556924057006836,.0803299999237061,-.000026647481136,.2316613101024254,RUS,.0803299999237061,1,1,-.0130869339141669,-.0010512734003266,-.0077455921825979,-.0087968655829244,1,-.0010512734003266,-.0087968655829244,0,0,-.0058699989318848,2008,.0072186660766601,2007,0,0,1,1,1,1,1,1,1,0,.006579627727858,0,.0036562491607083,0,.006579627727858,0,-1.75330505760e-07
Russia,RUS,2008,.5705654907226563,.0744600009918213,.0051422321796417,.1542954276200214,RUS,.0744600009918213,1,1,-.0136692060633939,-.0010178090970377,-.0162170846969675,-.0172348937940052,1,-.0010178090970377,-.0172348937940052,0,0,.0247200012207031,2009,.0148730850219727,2008,0,0,1,1,1,1,1,1,1,.0018584004832228,0,.0010603391836692,0,.0018584004832228,0,9.55632676749e-06,0
Russia,RUS,2009,.5587865447998047,.0991800022125244,-.0094169443845749,.1087819484324237,RUS,.0991800022125244,1,1,-.0114777821109681,-.0011383664551607,-.0212007685362663,-.022339134991427,1,-.0011383664551607,-.022339134991427,0,0,.0018699932098389,2010,-.0117789459228516,2009,0,0,1,1,1,1,1,1,1,.0069626416806446,0,.0038906304874065,0,.0069626416806446,0,-.0000655668094764,0
Russia,RUS,2010,.5942123031616211,.1010499954223633,.0035591593384743,.1535385587295286,RUS,.1010499954223633,1,1,-.0112781714635945,-.0011396591747689,-.0162999611398443,-.0174396203146132,1,-.0011396591747689,-.0174396203146132,0,0,.0023500061035156,2011,.0354257583618164,2010,0,0,1,1,1,1,1,1,1,.0020631270038308,0,.0012259354486612,0,.0020631270038308,0,7.34299774214e-06,0
Russia,RUS,2011,.5909518814086914,.1034000015258789,.0079843193292618,.1828470717010155,RUS,.1034000015258789,1,1,-.0110462318944549,-.0011421803947418,-.0130907061003025,-.0142328864950443,1,-.0011421803947418,-.0142328864950443,0,0,.0082699966430664,2012,-.0032604217529297,2011,0,0,1,1,1,1,1,1,1,0,.0011436068157381,0,.0006758165993522,0,.0011436068157381,0,9.13092200397e-06
Russia,RUS,2012,.6015786743164062,.1116699981689453,.007933509349823,.1523584705216238,RUS,.1116699981689453,1,1,-.0103238121460162,-.0011528600834422,-.0164291797062044,-.0175820397896466,1,-.0011528600834422,-.0175820397896466,0,0,.0118099975585938,2013,.0106267929077148,2012,0,0,1,1,1,1,1,1,1,.0022055464788642,0,.0013268097268983,0,.0022055464788642,0,.0000174977236115,0
Russia,RUS,2013,.609037094116211,.1234799957275391,.0100627052783966,.1124866861143922,RUS,.1234799957275391,1,1,-.0092895834729884,-.0011470777275552,-.0207951031895596,-.0219421809171148,1,-.0011470777275552,-.0219421809171148,0,0,.0278800010681152,2014,.0074584197998048,2013,0,0,1,1,1,1,1,1,1,.0065656876063324,0,.0039987473006355,0,.0065656876063324,0,.0000660685793325,0
Russia,RUS,2014,.4829636001586914,.1513599967956543,.0116038739681244,.1523963333812415,RUS,.1513599967956543,1,1,-.0067539748099374,-.0010222816055901,-.0164250337581259,-.0174473153637159,1,-.0010222816055901,-.0174473153637159,0,0,.0015000057220459,2015,-.1260734939575196,2014,0,0,1,1,1,1,1,1,1,.0020708220529335,0,.0010001316739728,0,.0020708220529335,0,.0000240295581127,0
Russia,RUS,2015,.5069926452636718,.1528600025177002,.0078401857614517,.178590262076434,RUS,.1528600025177002,1,1,-.0066006726874383,-.0010089788436203,-.0135568228136734,-.0145658016572938,1,-.0010089788436203,-.0145658016572938,0,0,-.004370002746582,2016,.0240290451049804,2015,0,0,1,1,1,1,1,1,1,0,.0008106916534886,0,.0004110147058954,0,.0008106916534886,0,6.35597315861e-06
Russia,RUS,2016,.5261577224731445,.1484899997711182,.013215457201004,.2287159924213988,RUS,.1484899997711182,1,1,-.0069585326658158,-.0010332725139543,-.0080681017421952,-.0091013742561495,1,-.0010332725139543,-.0091013742561495,0,0,-.0053800010681152,2017,.0191650772094727,2016,0,0,1,1,1,1,1,1,1,0,.0062751190546329,0,.0033017023500335,0,.0062751190546329,0,.0000829285672977
Russia,RUS,2017,.5230866622924805,.1431099987030029,.0152573359012604,.1605007007133727,RUS,.1431099987030029,1,1,-.0074903095593554,-.0010719381913244,-.0155376130374553,-.0166095512287797,1,-.0010719381913244,-.0166095512287797,0,0,-.0069099998474121,2018,-.0030710601806641,2017,0,0,1,1,1,1,1,1,1,.0012330579179973,0,.0006449961507385,0,.0012330579179973,0,.0000188131788406,0
Russia,RUS,2018,.5328293228149414,.1361999988555908,.0141233396530151,.1248603142569073,RUS,.1361999988555908,1,1,-.0081368305388068,-.0011082363100736,-.0194402023621987,-.0205484386722724,1,-.0011082363100736,-.0205484386722724,0,0,.0012800025939942,2019,.009742660522461,2018,0,0,1,1,1,1,1,1,1,.00517194536149,0,.0027557641445986,0,.00517194536149,0,.0000730451410072,0
Russia,RUS,2019,.5399998092651367,.137480001449585,.0075668406486511,,RUS,.137480001449585,0,0,,,,,0,,,,0,.0541400051116943,2020,.0071704864501952,2019,2,2,0,0,0,0,0,0,0,,,,,,,,
Russia,RUS,2020,.5295283508300781,.1916200065612793,.004237288236618,,RUS,.1916200065612793,0,0,,,,,0,,,,0,-.0263300132751465,2021,-.0104714584350586,2020,2,2,0,0,0,0,0,0,0,,,,,,,,
Russia,RUS,2021,.5151074981689453,.1652899932861328,.0092398154735565,,RUS,.1652899932861328,0,0,,,,,0,,,,0,-.0139499950408936,2022,-.0144208526611328,2021,2,2,0,0,0,0,0,0,0,,,,,,,,
Russia,RUS,2022,.4948211288452148,.1513399982452392,.0105309867858887,,RUS,.1513399982452392,0,0,,,,,0,,,,0,.0005599975585938,2023,-.0202863693237305,2022,2,2,0,0,0,0,0,0,0,,,,,,,,
Russia,RUS,2023,.491439094543457,.151899995803833,.0078470706939697,,RUS,.151899995803833,0,0,,,,,0,,,,0,,,-.0033820343017578,2023,3,2,0,0,0,0,0,0,0,,,,,,,,
Singapore,SGP,1995,.5620775604248047,.69822998046875,,,SGP,.69822998046875,0,0,,,,,0,,,,0,.0144900512695313,1996,,,2,4,0,0,0,0,0,0,0,,,,,,,,
Singapore,SGP,1996,.5748887634277344,.7127200317382812,,,SGP,.7127200317382812,0,0,,,,,0,,,,0,-.0048500061035156,1997,.0128112030029297,1996,2,3,0,0,0,0,0,0,0,,,,,,,,
Singapore,SGP,1997,.5838109970092773,.7078700256347656,,,SGP,.7078700256347656,0,0,,,,,0,,,,0,.1385900115966797,1998,.0089222335815429,1997,2,3,0,0,0,0,0,0,0,,,,,,,,
Singapore,SGP,1998,.5861548233032227,.8464600372314454,,,SGP,.8464600372314454,0,0,,,,,0,,,,0,.0067399597167969,1999,.0023438262939454,1998,2,3,0,0,0,0,0,0,0,,,,,,,,
Singapore,SGP,1999,.5995134735107421,.8531999969482422,,,SGP,.8531999969482422,0,0,,,,,0,,,,0,-.0306400299072266,2000,.0133586502075195,1999,2,3,0,0,0,0,0,0,0,,,,,,,,
Singapore,SGP,2000,.6254761505126953,.8225599670410156,,,SGP,.8225599670410156,0,0,,,,,0,,,,0,.1221500396728515,2001,.0259626770019532,2000,2,3,0,0,0,0,0,0,0,,,,,,,,
Singapore,SGP,2001,.6283778762817382,.9447100067138672,,,SGP,.9447100067138672,0,0,,,,,0,,,,0,.0183899688720703,2002,.0029017257690429,2001,2,3,0,0,0,0,0,0,0,,,,,,,,
Singapore,SGP,2002,.6444806671142578,.9630999755859375,,,SGP,.9630999755859375,0,0,,,,,0,,,,0,.0282099914550781,2003,.0161027908325195,2002,2,3,0,0,0,0,0,0,0,,,,,,,,
Singapore,SGP,2003,.6429927825927735,.9913099670410156,,,SGP,.9913099670410156,0,0,,,,,0,,,,0,-.0343999481201172,2004,-.0014878845214843,2003,2,3,0,0,0,0,0,0,0,,,,,,,,
Singapore,SGP,2004,.6542408752441407,.9569100189208984,,,SGP,.9569100189208984,0,0,,,,,0,,,,0,-.0302799987792969,2005,.0112480926513672,2004,2,3,0,0,0,0,0,0,0,,,,,,,,
Singapore,SGP,2005,.6528996276855469,.9266300201416016,,,SGP,.9266300201416016,0,0,,,,,0,,,,0,-.0613899993896484,2006,-.0013412475585938,2005,2,3,0,0,0,0,0,0,0,,,,,,,,
Singapore,SGP,2006,.7114139556884765,.8652400207519532,,,SGP,.8652400207519532,0,0,,,,,0,,,,0,.0126499938964844,2007,.0585143280029297,2006,2,3,0,0,0,0,0,0,0,,,,,,,,
Singapore,SGP,2007,.7267100524902343,.8778900146484375,,,SGP,.8778900146484375,0,0,,,,,0,,,,0,.1006399536132813,2008,.0152960968017578,2007,2,3,0,0,0,0,0,0,0,,,,,,,,
Singapore,SGP,2008,.736235122680664,.9785299682617188,,,SGP,.9785299682617188,0,0,,,,,0,,,,0,.0383600616455078,2009,.0095250701904297,2008,2,3,0,0,0,0,0,0,0,,,,,,,,
Singapore,SGP,2009,.7194818115234375,1.016890029907227,,,SGP,1.016890029907227,0,0,,,,,0,,,,0,-.0301499938964843,2010,-.0167533111572266,2009,2,3,0,0,0,0,0,0,0,,,,,,,,
Singapore,SGP,2010,.7499860382080078,.9867400360107422,,,SGP,.9867400360107422,0,0,,,,,0,,,,0,.0445599365234374,2011,.0305042266845703,2010,2,3,0,0,0,0,0,0,0,,,,,,,,
Singapore,SGP,2011,.7644010162353516,1.03129997253418,,,SGP,1.03129997253418,0,0,,,,,0,,,,0,.0359500122070313,2012,.0144149780273438,2011,2,3,0,0,0,0,0,0,0,,,,,,,,
Singapore,SGP,2012,.7728155517578125,1.067249984741211,,,SGP,1.067249984741211,0,0,,,,,0,,,,0,-.0854000091552735,2013,.0084145355224609,2012,2,3,0,0,0,0,0,0,0,,,,,,,,
Singapore,SGP,2013,.7848036193847656,.9818499755859375,,,SGP,.9818499755859375,0,0,,,,,0,,,,0,-.0043599700927733,2014,.0119880676269531,2013,2,3,0,0,0,0,0,0,0,,,,,,,,
Singapore,SGP,2014,.8072019958496094,.9774900054931641,,,SGP,.9774900054931641,0,0,,,,,0,,,,0,.0435199737548828,2015,.0223983764648438,2014,2,3,0,0,0,0,0,0,0,,,,,,,,
Singapore,SGP,2015,.804161376953125,1.021009979248047,,,SGP,1.021009979248047,0,0,,,,,0,,,,0,.0380799865722656,2016,-.0030406188964844,2015,2,3,0,0,0,0,0,0,0,,,,,,,,
Singapore,SGP,2016,.7845143127441406,1.059089965820313,,,SGP,1.059089965820313,0,0,,,,,0,,,,0,.0137600708007812,2017,-.0196470642089843,2016,2,3,0,0,0,0,0,0,0,,,,,,,,
Singapore,SGP,2017,.7902337646484375,1.072850036621094,,,SGP,1.072850036621094,0,0,,,,,0,,,,0,.0190299987792968,2018,.0057194519042969,2017,2,3,0,0,0,0,0,0,0,,,,,,,,
Singapore,SGP,2018,.7939757537841797,1.091880035400391,,,SGP,1.091880035400391,0,0,,,,,0,,,,0,.1849399566650392,2019,.0037419891357422,2018,2,3,0,0,0,0,0,0,0,,,,,,,,
Singapore,SGP,2019,.7951992797851563,1.27681999206543,,,SGP,1.27681999206543,0,0,,,,,0,,,,0,.1943300628662108,2020,.0012235260009765,2019,2,3,0,0,0,0,0,0,0,,,,,,,,
Singapore,SGP,2020,.7975067901611328,1.471150054931641,,,SGP,1.471150054931641,0,0,,,,,0,,,,0,-.0718099975585937,2021,.0023075103759765,2020,2,3,0,0,0,0,0,0,0,,,,,,,,
Singapore,SGP,2021,.802470703125,1.399340057373047,,,SGP,1.399340057373047,0,0,,,,,0,,,,0,.1340399169921875,2022,.0049639129638672,2021,2,3,0,0,0,0,0,0,0,,,,,,,,
Singapore,SGP,2022,.8012519073486328,1.533379974365234,,,SGP,1.533379974365234,0,0,,,,,0,,,,0,.1709500122070313,2023,-.0012187957763672,2022,2,3,0,0,0,0,0,0,0,,,,,,,,
Singapore,SGP,2023,.8001235961914063,1.704329986572266,,,SGP,1.704329986572266,0,0,,,,,0,,,,0,,,-.0011283111572266,2023,3,3,0,0,0,0,0,0,0,,,,,,,,
Serbia,SRB,1995,.3279016494750976,,,.0642234718799591,SRB,,0,0,,,,,0,,,,,,,,,6,7,0,0,0,0,0,0,0,,,,,,,,
Serbia,SRB,1996,.3279016494750976,,,.0815675377845764,SRB,,0,0,,,,,0,,,,,,,0,1996,6,6,0,0,0,0,0,0,0,,,,,,,,
Serbia,SRB,1997,.3185452079772949,,,.0817114365100861,SRB,,0,0,,,,,0,,,,,,,-.0093564414978027,1997,6,6,0,0,0,0,0,0,0,,,,,,,,
Serbia,SRB,1998,.3091887474060059,,,.2255742645263672,SRB,,0,0,,,,,0,,,,,,,-.009356460571289,1998,4,4,0,0,0,0,0,0,0,,,,,,,,
Serbia,SRB,1999,.3127372360229492,,,.1076491117477417,SRB,,0,0,,,,,0,,,,,,,.0035484886169433,1999,4,4,0,0,0,0,0,0,0,,,,,,,,
Serbia,SRB,2000,.3162857055664062,2.006349945068359,.0170185267925262,.2310620355606079,SRB,2.006349945068359,0,0,,,,,0,,,,0,-1.047439956665039,2001,.003548469543457,2000,3,3,0,0,0,0,0,0,0,,,,,,,,
Serbia,SRB,2001,.3317605209350586,.9589099884033203,.0200499629974365,.1173976516723633,SRB,.9589099884033203,0,0,,,,,0,,,,0,-.2747100067138671,2002,.0154748153686524,2001,3,3,0,0,0,0,0,0,0,,,,,,,,
Serbia,SRB,2002,.3461603164672852,.6841999816894532,.0070651870965958,.2327893209457398,SRB,.6841999816894532,0,0,,,,,0,,,,0,-.039739990234375,2003,.0143997955322266,2002,3,3,0,0,0,0,0,0,0,,,,,,,,
Serbia,SRB,2003,.3540043640136719,.6444599914550782,.0235210657119751,.2990662479400635,SRB,.6444599914550782,0,0,,,,,0,,,,0,-.0686299896240234,2004,.0078440475463867,2003,3,3,0,0,0,0,0,0,0,,,,,,,,
Serbia,SRB,2004,.3609380340576172,.5758300018310547,.0298389220237732,.1166104102134705,SRB,.5758300018310547,0,0,,,,,0,,,,0,-.0745000076293946,2005,.0069336700439454,2004,3,3,0,0,0,0,0,0,0,,,,,,,,
Serbia,SRB,2005,.3395778656005859,.5013299942016601,.0330143785476685,.1155010652542114,SRB,.5013299942016601,0,0,,,,,0,,,,0,-.1309199905395508,2006,-.0213601684570313,2005,3,3,0,0,0,0,0,0,0,,,,,,,,
Serbia,SRB,2006,.354998893737793,.3704100036621094,.0334529256820679,.2068941926956177,SRB,.3704100036621094,0,0,,,,,0,,,,0,-.070300006866455,2007,.015421028137207,2006,2,2,0,0,0,0,0,0,0,,,,,,,,
Serbia,SRB,2007,.3672428131103516,.3001099967956543,.0171689999103546,.3885301303863525,SRB,.3001099967956543,0,0,,,,,0,,,,0,-.0059700012207031,2008,.0122439193725586,2007,2,2,0,0,0,0,0,0,0,,,,,,,,
Serbia,SRB,2008,.3719557571411133,.2941399955749512,.0144559979438782,.2033802938461304,SRB,.2941399955749512,0,1,,,-.010842337282978,,0,,,,0,.0592300224304199,2009,.0047129440307617,2008,1,1,0,0,0,1,0,1,0,,,,,,,,
Serbia,SRB,2009,.3713608169555664,.3533700180053711,.0186300933361053,.143040566444397,SRB,.3533700180053711,0,1,,,-.0174494815770943,,0,,,,0,.0711199951171875,2010,-.0005949401855469,2009,1,1,0,0,0,1,0,1,0,,,,,,,,
Serbia,SRB,2010,.3758866500854492,.4244900131225586,.0267061519622803,.1529259872436523,SRB,.4244900131225586,0,1,,,-.0163670371504915,,0,,,,0,.035270004272461,2011,.0045258331298828,2010,1,1,0,0,0,1,0,1,0,,,,,,,,
Serbia,SRB,2011,.3772220611572266,.4597600173950195,.0328700637817383,.242646918296814,SRB,.4597600173950195,0,1,,,-.0065426782546694,,0,,,,0,.1197799682617187,2012,.0013354110717774,2011,1,1,0,0,0,1,0,1,0,,,,,,,,
Serbia,SRB,2012,.376732292175293,.5795399856567383,.0461736822128296,.3779071044921875,SRB,.5795399856567383,0,1,,,.008268186923621,,0,,,,0,.0321200180053711,2013,-.0004897689819336,2012,1,1,0,0,0,1,0,1,0,,,,,,,,
Serbia,SRB,2013,.3961839294433594,.6116600036621094,.0614907503128052,.2291512632369995,SRB,.6116600036621094,0,1,,,-.0080204399908163,,0,,,,0,.0230799865722656,2014,.0194516372680664,2013,1,1,0,0,0,1,0,1,0,,,,,,,,
Serbia,SRB,2014,.4169202804565429,.634739990234375,.0710477685928345,.1969392967224121,SRB,.634739990234375,0,1,,,-.0115476205056061,,0,,,,0,.0360400390625,2015,.0207363510131836,2014,1,1,0,0,0,1,0,1,0,,,,,,,,
Serbia,SRB,2015,.4086103820800781,.670780029296875,.0766253042221069,.399517879486084,SRB,.670780029296875,0,1,,,.0106345467803984,,0,,,,0,-.0210000610351562,2016,-.0083098983764648,2015,1,1,0,0,0,1,0,1,0,,,,,,,,
Serbia,SRB,2016,.4122407150268554,.6497799682617188,.0713994264602661,.1592410182952881,SRB,.6497799682617188,0,1,,,-.0156755470961499,,0,,,,0,-.0972099685668946,2017,.0036303329467773,2016,1,1,0,0,0,1,0,1,0,,,,,,,,
Serbia,SRB,2017,.4415505981445312,.5525699996948242,.061429934501648,.2378185081481934,SRB,.5525699996948242,0,1,,,-.0070713846962931,,0,,,,0,-.0411999893188477,2018,.0293098831176758,2017,1,1,0,0,0,1,0,1,0,,,,,,,,
Serbia,SRB,2018,.4458179092407227,.5113700103759765,.051617603302002,.3646773147583008,SRB,.5113700103759765,0,1,,,.0068195371945522,,0,,,,0,-.0168300247192382,2019,.0042673110961914,2018,1,1,0,0,0,1,0,1,0,,,,,,,,
Serbia,SRB,2019,.4464113998413086,.4945399856567383,.0477967691421509,,SRB,.4945399856567383,0,0,,,,,0,,,,0,.0487100219726563,2020,.0005934906005859,2019,2,2,0,0,0,0,0,0,0,,,,,,,,
Serbia,SRB,2020,.4392853927612305,.5432500076293946,.0489008188247681,,SRB,.5432500076293946,0,0,,,,,0,,,,0,-.006879997253418,2021,-.0071260070800782,2020,2,2,0,0,0,0,0,0,0,,,,,,,,
Serbia,SRB,2021,.4411976623535157,.5363700103759765,.040106692314148,,SRB,.5363700103759765,0,0,,,,,0,,,,0,-.027400016784668,2022,.0019122695922852,2021,2,2,0,0,0,0,0,0,0,,,,,,,,
Serbia,SRB,2022,.4445756530761719,.5089699935913086,.0348055982589722,,SRB,.5089699935913086,0,0,,,,,0,,,,0,-.0523099899291992,2023,.0033779907226562,2022,2,2,0,0,0,0,0,0,0,,,,,,,,
Serbia,SRB,2023,.4489032745361328,.4566600036621093,.0429815435409546,,SRB,.4566600036621093,0,0,,,,,0,,,,0,,,.004327621459961,2023,3,2,0,0,0,0,0,0,0,,,,,,,,
Slovak Republic,SVK,1995,.4259846496582032,.213120002746582,.0283475565910339,.08969939549764,SVK,.213120002746582,0,0,,,,,0,,,,0,.0902700042724609,1996,,,2,3,0,0,0,0,0,0,0,,,,,,,,
Slovak Republic,SVK,1996,.4215727615356445,.303390007019043,.0358691358566284,.0829786888758341,SVK,.303390007019043,0,0,,,,,0,,,,0,.0248600006103516,1997,-.0044118881225586,1996,2,2,0,0,0,0,0,0,0,,,,,,,,
Slovak Republic,SVK,1997,.4249410629272461,.3282500076293945,.0425084495544434,.0989410400390625,SVK,.3282500076293945,0,0,,,,,0,,,,0,.0102700042724609,1998,.0033683013916015,1997,2,2,0,0,0,0,0,0,0,,,,,,,,
Slovak Republic,SVK,1998,.4260124969482422,.3385200119018555,.0489931917190552,.1939401308695475,SVK,.3385200119018555,0,0,,,,,0,,,,0,.1327399826049804,1999,.0010714340209961,1998,2,2,0,0,0,0,0,0,0,,,,,,,,
Slovak Republic,SVK,1999,.4281444549560547,.4712599945068359,.0677212429046631,.1044316895802816,SVK,.4712599945068359,0,0,,,,,0,,,,0,.0347200012207031,2000,.0021319580078125,1999,2,2,0,0,0,0,0,0,0,,,,,,,,
Slovak Republic,SVK,2000,.4332023239135742,.505979995727539,.0763274049758911,.1981761169433594,SVK,.505979995727539,0,1,,,-.0114121898363345,,0,,,,0,.0075300216674805,2001,.0050578689575195,2000,1,1,0,0,0,1,0,1,0,,,,,,,,
Slovak Republic,SVK,2001,.4392784881591797,.5135100173950196,.0810214042663574,.0771364688873291,SVK,.5135100173950196,0,1,,,-.0246659192522926,,0,,,,0,-.057030029296875,2002,.0060761642456055,2001,1,1,0,0,0,1,0,1,0,,,,,,,,
Slovak Republic,SVK,2002,.4503391647338867,.4564799880981446,.0789564561843872,.2460319519042969,SVK,.4564799880981446,0,1,,,-.0061720202081694,,0,,,,0,-.0200899887084961,2003,.0110606765747071,2002,1,1,0,0,0,1,0,1,0,,,,,,,,
Slovak Republic,SVK,2003,.4564052963256836,.4363899993896485,.044270281791687,.237302360534668,SVK,.4363899993896485,0,1,,,-.0071279023821772,,0,,,,0,-.0164199829101563,2004,.0060661315917969,2003,1,1,0,0,0,1,0,1,0,,,,,,,,
Slovak Republic,SVK,2004,.4615274429321289,.4199700164794922,.0402796268463135,.0894747829437256,SVK,.4199700164794922,0,1,,,-.0233148852846716,,0,,,,0,-.0701200103759765,2005,.0051221466064453,2004,1,1,0,0,0,1,0,1,0,,,,,,,,
Slovak Republic,SVK,2005,.4758550262451172,.3498500061035156,.0313688731193542,.1348487122853597,SVK,.3498500061035156,0,1,,,-.0183464820243247,,0,,,,0,-.0345300102233887,2006,.0143275833129883,2005,1,1,0,0,0,1,0,1,0,,,,,,,,
Slovak Republic,SVK,2006,.4992994689941406,.3153199958801269,.0257714080810547,.2453316752115886,SVK,.3153199958801269,0,1,,,-.0062486998577761,,0,,,,0,-.0115900039672852,2007,.0234444427490235,2006,1,1,0,0,0,1,0,1,0,,,,,,,,
Slovak Republic,SVK,2007,.5118392181396484,.3037299919128418,.0284246158599854,.3306245422363281,SVK,.3037299919128418,0,1,,,.0030907901259844,,0,,,,0,-.0173999977111816,2008,.0125397491455078,2007,1,1,0,0,0,1,0,1,0,,,,,,,,
Slovak Republic,SVK,2008,.5110643768310547,.2863299942016602,.0273391461372375,.1562614885965983,SVK,.2863299942016602,1,1,.0053882539005527,.0015428187081023,-.0160018028400113,-.014458984131909,1,.0015428187081023,-.014458984131909,0,0,.0777400207519531,2009,-.0007748413085937,2008,0,0,1,1,1,1,1,1,1,0,.0009175091788734,0,.0004689062567377,0,.0009175091788734,0,.0000250839175235
Slovak Republic,SVK,2009,.5109186553955078,.3640700149536133,.0317822599411011,.1388648859659831,SVK,.3640700149536133,1,1,.0123681597104505,.0045028760907324,-.017906714724061,-.0134038386333286,1,.0045028760907324,-.0134038386333286,0,0,.0424699783325195,2010,-.0001457214355468,2009,0,0,1,1,1,1,1,1,1,0,.0019726546774538,0,.0010078660753644,0,.0019726546774538,0,.0000626954237329
Slovak Republic,SVK,2010,.5054455184936524,.4065399932861328,.0331518030166626,.1101551946004232,SVK,.4065399932861328,1,1,.0161678541210432,.0065728793058201,-.0210503993520818,-.0144775200462618,1,.0065728793058201,-.0144775200462618,0,0,.0261600112915039,2011,-.0054731369018555,2010,0,0,1,1,1,1,1,1,1,0,.0008989732645206,0,.0004543820077976,0,.0008989732645206,0,.0000298025845826
Slovak Republic,SVK,2011,.5060379028320312,.4327000045776367,.0371956419944763,.1871016057332357,SVK,.4327000045776367,1,1,.018574762687897,.0080372999000815,-.0126248385621886,-.0045875386621071,1,.0080372999000815,-.0045875386621071,0,0,.0841799926757812,2012,.0005923843383788,2011,0,0,1,1,1,1,1,1,1,0,.0107889546486753,0,.0054596199841655,0,.0107889546486753,0,.0004013020946068
Slovak Republic,SVK,2012,.49944091796875,.5168799972534179,.0444861793518066,.2328205235799154,SVK,.5168799972534179,0,1,,,-.0076186593798945,,0,,,,0,.0292300033569336,2013,-.0065969848632812,2012,1,1,0,0,0,1,0,1,0,,,,,,,,
Slovak Republic,SVK,2013,.5047605514526368,.5461100006103515,.0442741680145264,.1463408311208089,SVK,.5461100006103515,0,1,,,-.0170881056500761,,0,,,,0,-.0121900177001952,2014,.0053196334838868,2013,1,1,0,0,0,1,0,1,0,,,,,,,,
Slovak Republic,SVK,2014,.510489501953125,.5339199829101563,.04335364818573,.2125776227315267,SVK,.5339199829101563,1,1,.0276966070240077,.0147877719489275,-.0098352382839774,.0049525336649502,1,.0147877719489275,.0049525336649502,0,0,-.0179299926757813,2015,.0057289505004883,2014,0,0,1,1,1,1,1,1,1,0,.0203290269757326,0,.0103777548560334,0,.0203290269757326,0,.0008813374834641
Slovak Republic,SVK,2015,.4987996292114258,.515989990234375,.0356762766838074,.356665636698405,SVK,.515989990234375,1,1,.0261850914840859,.0135112450991597,.0059422658633891,.0194535109625488,1,.0135112450991597,.0194535109625488,0,0,.0053700256347656,2016,-.0116898727416992,2015,0,0,1,1,1,1,1,1,1,0,.0348300042733312,0,.01737319321697,0,.0348300042733312,0,.0012426048693536
Slovak Republic,SVK,2016,.5008121490478515,.5213600158691406,.0368088555335999,.1621834373474121,SVK,.5213600158691406,1,1,.0265315577019774,.013832493344536,-.0153533549337341,-.0015208615891982,1,.013832493344536,-.0015208615891982,0,0,-.0075500106811524,2017,.0020125198364258,2016,0,0,1,1,1,1,1,1,1,0,.0138556317215842,0,.0069390686989022,0,.0138556317215842,0,.0005100099463666
Slovak Republic,SVK,2017,.4985674667358398,.5138100051879883,.0311863708496094,.148651549021403,SVK,.5138100051879883,1,1,.0258429928109167,.0132783882702503,-.0168350841789883,-.003556695908738,1,.0132783882702503,-.003556695908738,0,0,-.0211100006103515,2018,-.0022446823120117,2017,0,0,1,1,1,1,1,1,1,0,.0118197974020444,0,.0058929664480681,0,.0118197974020444,0,.0003686165851474
Slovak Republic,SVK,2018,.5056591415405274,.4927000045776367,.0297329473495483,.3783072789510091,SVK,.4927000045776367,1,1,.0241055284428252,.0118767939741263,.0083120056564212,.0201887996305475,1,.0118767939741263,.0201887996305475,0,0,-.0126000213623047,2019,.0070916748046875,2018,0,0,1,1,1,1,1,1,1,0,.0355652929413299,0,.0179839154973503,0,.0355652929413299,0,.0010574609824958
Slovak Republic,SVK,2019,.5056532669067383,.480099983215332,.0268735432624817,,SVK,.480099983215332,0,0,,,,,0,,,,0,.1039800262451172,2020,-5.87463378909e-06,2019,2,2,0,0,0,0,0,0,0,,,,,,,,
Slovak Republic,SVK,2020,.5099141311645508,.5840800094604492,.0254820942878723,,SVK,.5840800094604492,0,0,,,,,0,,,,0,.0180899810791015,2021,.0042608642578125,2020,2,2,0,0,0,0,0,0,0,,,,,,,,
Slovak Republic,SVK,2021,.5046075057983398,.6021699905395508,.0221618485450745,,SVK,.6021699905395508,0,0,,,,,0,,,,0,-.0246099853515624,2022,-.005306625366211,2021,2,2,0,0,0,0,0,0,0,,,,,,,,
Slovak Republic,SVK,2022,.502275390625,.5775600051879883,.0186906886100769,,SVK,.5775600051879883,0,0,,,,,0,,,,0,-.0199800109863282,2023,-.0023321151733398,2022,2,2,0,0,0,0,0,0,0,,,,,,,,
Slovak Republic,SVK,2023,.5004878616333008,.5575799942016602,.0140645015239716,,SVK,.5575799942016602,0,0,,,,,0,,,,0,,,-.0017875289916992,2023,3,2,0,0,0,0,0,0,0,,,,,,,,
Slovenia,SVN,1995,.5318071746826172,.1822800064086914,.0358521294593811,.0700147342681885,SVN,.1822800064086914,0,0,,,,,0,,,,0,.0336999893188477,1996,,,2,3,0,0,0,0,0,0,0,,,,,,,,
Slovenia,SVN,1996,.528826675415039,.2159799957275391,.0377958488464355,.0842331027984619,SVN,.2159799957275391,0,0,,,,,0,,,,0,.0049900054931641,1997,-.0029804992675782,1996,2,2,0,0,0,0,0,0,0,,,,,,,,
Slovenia,SVN,1997,.5277686309814453,.2209700012207031,.0455168581008911,.12594162940979,SVN,.2209700012207031,0,0,,,,,0,,,,0,.007239990234375,1998,-.0010580444335937,1997,2,2,0,0,0,0,0,0,0,,,,,,,,
Slovenia,SVN,1998,.5384497451782226,.2282099914550781,.0400782442092895,.2597312927246094,SVN,.2282099914550781,0,0,,,,,0,,,,0,.0099600028991699,1999,.0106811141967773,1998,2,2,0,0,0,0,0,0,0,,,,,,,,
Slovenia,SVN,1999,.5281156921386718,.238169994354248,.042362322807312,.1284841537475586,SVN,.238169994354248,0,0,,,,,0,,,,0,.0226799964904785,2000,-.0103340530395508,1999,2,2,0,0,0,0,0,0,0,,,,,,,,
Slovenia,SVN,2000,.5309728240966797,.2608499908447265,.0408283758163452,.1979343605041504,SVN,.2608499908447265,0,1,,,-.0114386619426344,,0,,,,0,.0023900032043457,2001,.0028571319580079,2000,1,1,0,0,0,1,0,1,0,,,,,,,,
Slovenia,SVN,2001,.5382979202270508,.2632399940490723,.0407572746276855,.136635913848877,SVN,.2632399940490723,0,1,,,-.0181507851075287,,0,,,,0,.0135799980163574,2002,.0073250961303711,2001,1,1,0,0,0,1,0,1,0,,,,,,,,
Slovenia,SVN,2002,.5439741897583008,.2768199920654297,.0391023230552673,.2196279525756836,SVN,.2768199920654297,0,1,,,-.0090632336925194,,0,,,,0,-.0065399932861328,2003,.00567626953125,2002,1,1,0,0,0,1,0,1,0,,,,,,,,
Slovenia,SVN,2003,.5452268981933593,.2702799987792969,.0328628039360046,.3934733581542969,SVN,.2702799987792969,0,1,,,.0099726772899699,,0,,,,0,.0007200050354004,2004,.0012527084350585,2003,1,1,0,0,0,1,0,1,0,,,,,,,,
Slovenia,SVN,2004,.5590663146972656,.2710000038146972,.0319141840934753,.1245300674438477,SVN,.2710000038146972,0,1,,,-.0194763640825199,,0,,,,0,-.0051200103759765,2005,.0138394165039063,2004,1,1,0,0,0,1,0,1,0,,,,,,,,
Slovenia,SVN,2005,.5661184310913085,.2658799934387207,.0292889809608459,.1625156593322754,SVN,.2658799934387207,0,1,,,-.0153169769339289,,0,,,,0,-.003809986114502,2006,.0070521163940429,2005,1,1,0,0,0,1,0,1,0,,,,,,,,
Slovenia,SVN,2006,.5635503387451172,.2620700073242188,.0266384673118591,.2683267784118653,SVN,.2620700073242188,0,1,,,-.0037307573438701,,0,,,,0,-.0326399993896485,2007,-.0025680923461914,2006,1,1,0,0,0,1,0,1,0,,,,,,,,
Slovenia,SVN,2007,.5738846969604492,.2294300079345703,.0240036869049072,.3837454986572266,SVN,.2294300079345703,0,1,,,.0089074856801022,,0,,,,0,-.0104900169372558,2008,.010334358215332,2007,1,1,0,0,0,1,0,1,0,,,,,,,,
Slovenia,SVN,2008,.5688685989379882,.2189399909973145,.0160501170158386,.1677945709228516,SVN,.2189399909973145,1,1,-.0006648634544632,-.0001455651987346,-.0147389410014394,-.0148845062001741,1,-.0001455651987346,-.0148845062001741,0,0,.130470027923584,2009,-.0050160980224609,2008,0,0,1,1,1,1,1,1,1,0,.0004919871106083,0,.0002798760183073,0,.0004919871106083,0,7.89645069555e-06
Slovenia,SVN,2009,.5937899398803711,.3494100189208985,.0204858589172363,.1909993171691895,SVN,.3494100189208985,1,1,.0110862039181679,.003873630720808,-.0121980427680559,-.0083244120472479,1,.003873630720808,-.0083244120472479,0,0,.0366599655151367,2010,.0249213409423829,2009,0,0,1,1,1,1,1,1,1,0,.0070520812635345,0,.0041874549095056,0,.0070520812635345,0,.0001444679418377
Slovenia,SVN,2010,.6155966186523437,.3860699844360351,.0244642233848572,.1090261363983154,SVN,.3860699844360351,1,1,.0143259413338645,.0055308159477966,-.0211740301800455,-.0156432142322489,1,.0055308159477966,-.0156432142322489,0,0,.0820800018310547,2011,.0218066787719726,2010,0,0,1,1,1,1,1,1,1,.0002667209214665,0,.0001641924973786,0,.0002667209214665,0,6.52512020417e-06,0
Slovenia,SVN,2011,.6232684707641601,.4681499862670899,.0317942976951599,.3096549415588379,SVN,.4681499862670899,1,1,.021849248822124,.0102287255360236,.0007946382633196,.0110233637993432,1,.0102287255360236,.0110233637993432,0,0,.0725900268554687,2012,.0076718521118164,2011,0,0,1,1,1,1,1,1,1,0,.0263998571101256,0,.0164541985694203,0,.0263998571101256,0,.000839364916069
Slovenia,SVN,2012,.6243949890136719,.5407400131225586,.0317834544181824,.3086500930786133,SVN,.5407400131225586,1,1,.0283774592075378,.0153448276642688,.0006846082849214,.0160294359491902,1,.0153448276642688,.0160294359491902,0,0,.1676199722290039,2013,.0011265182495117,2012,0,0,1,1,1,1,1,1,1,0,.0314059292599726,0,.0196097048552448,0,.0314059292599726,0,.000998188921095
Slovenia,SVN,2013,.6233887100219726,.7083599853515625,.0435717678070068,.1674195861816406,SVN,.7083599853515625,1,1,.0433544455081475,.0307105543850765,-.0147800014834794,.0159305529015971,1,.0307105543850765,.0159305529015971,0,0,.1029700469970702,2014,-.0010062789916992,2013,0,0,1,1,1,1,1,1,1,0,.0313070462123795,0,.0195164591529336,0,.0313070462123795,0,.001364103348289
Slovenia,SVN,2014,.6312612533569336,.8113300323486328,.0617871332168579,.2197025489807129,SVN,.8113300323486328,1,1,.0526525135468023,.0427185655191639,-.0090550654552225,.0336635000639415,1,.0427185655191639,.0336635000639415,0,0,.0228499603271485,2015,.007872543334961,2014,0,0,1,1,1,1,1,1,1,0,.0490399933747239,0,.0309570476823439,0,.0490399933747239,0,.0030300406035979
Slovenia,SVN,2015,.6220000076293946,.8341799926757812,.0618128061294556,.4250185394287109,SVN,.8341799926757812,1,1,.0548518237923115,.0457562939693237,.0134268454382026,.0591831394075262,1,.0457562939693237,.0591831394075262,0,0,-.0398799896240234,2016,-.0092612457275391,2015,0,0,1,1,1,1,1,1,1,0,.0745596327183086,0,.0463760921196328,0,.0745596327183086,0,.0046087401223002
Slovenia,SVN,2016,.6166718673706054,.7943000030517579,.0595413064956665,.1926235771179199,SVN,.7943000030517579,1,1,.0511017836967182,.0405901469462535,-.0120201878072444,.0285699591390092,1,.0405901469462535,.0285699591390092,0,0,-.0454000091552734,2017,-.0053281402587891,2016,0,0,1,1,1,1,1,1,1,0,.0439464524497916,0,.0271005408965265,0,.0439464524497916,0,.0026166291947103
Slovenia,SVN,2017,.607322883605957,.7488999938964844,.0491223335266113,.2638393211364746,SVN,.7488999938964844,1,1,.047068394721922,.0352495205199647,-.0042221297614945,.0310273907584702,1,.0352495205199647,.0310273907584702,0,0,-.0388299560546875,2018,-.0093489837646484,2017,0,0,1,1,1,1,1,1,1,0,.0464038840692526,0,.028182140683455,0,.0464038840692526,0,.00227946707018
Slovenia,SVN,2018,.6017206954956055,.7100700378417969,.0402624845504761,.3905939865112305,SVN,.7100700378417969,1,1,.0436649198838977,.0310051513143183,.0096573887604831,.0406625400748014,1,.0310051513143183,.0406625400748014,0,0,-.0498600006103516,2019,-.0056021881103515,2018,0,0,1,1,1,1,1,1,1,0,.0560390333855838,0,.0337198461436749,0,.0560390333855838,0,.0022562707159107
Slovenia,SVN,2019,.601453857421875,.6602100372314453,.031914176940918,,SVN,.6602100372314453,0,0,,,,,0,,,,0,.1414899444580078,2020,-.0002668380737305,2019,2,2,0,0,0,0,0,0,0,,,,,,,,
Slovenia,SVN,2020,.5922871017456055,.8016999816894531,.031436276435852,,SVN,.8016999816894531,0,0,,,,,0,,,,0,-.0535199737548828,2021,-.0091667556762695,2020,2,2,0,0,0,0,0,0,0,,,,,,,,
Slovenia,SVN,2021,.5911657333374023,.7481800079345703,.024540011882782,,SVN,.7481800079345703,0,0,,,,,0,,,,0,-.0204499816894531,2022,-.0011213684082032,2021,2,2,0,0,0,0,0,0,0,,,,,,,,
Slovenia,SVN,2022,.5894222640991211,.7277300262451172,.0205562281608582,,SVN,.7277300262451172,0,0,,,,,0,,,,0,-.0448400115966797,2023,-.0017434692382812,2022,2,2,0,0,0,0,0,0,0,,,,,,,,
Slovenia,SVN,2023,.5931171035766601,.6828900146484375,.0159445011615753,,SVN,.6828900146484375,0,0,,,,,0,,,,0,,,.003694839477539,2023,3,2,0,0,0,0,0,0,0,,,,,,,,
Sweden,SWE,1995,.6197736358642578,.6869599914550781,.0432053995132446,.0553885703702127,SWE,.6869599914550781,0,0,,,,,0,,,,0,.0024099731445313,1996,,,2,3,0,0,0,0,0,0,0,,,,,,,,
Sweden,SWE,1996,.6230169296264648,.6893699645996094,.0479134464263916,.0897886837682416,SWE,.6893699645996094,0,0,,,,,0,,,,0,-.0123199462890625,1997,.003243293762207,1996,2,2,0,0,0,0,0,0,0,,,,,,,,
Sweden,SWE,1997,.6268763732910156,.6770500183105469,.0532473993301392,.185974049106721,SWE,.6770500183105469,0,0,,,,,0,,,,0,-.02302001953125,1998,.0038594436645508,1997,2,2,0,0,0,0,0,0,0,,,,,,,,
Sweden,SWE,1998,.6291747665405274,.6540299987792969,.0457130718231201,.0782922261761081,SWE,.6540299987792969,0,0,,,,,0,,,,0,-.0512099838256836,1999,.0022983932495118,1998,2,2,0,0,0,0,0,0,0,,,,,,,,
Sweden,SWE,1999,.6398246383666992,.6028200149536133,.0443123006820679,.123374655016007,SWE,.6028200149536133,0,0,,,,,0,,,,0,-.0984099960327148,2000,.0106498718261718,1999,2,2,0,0,0,0,0,0,0,,,,,,,,
Sweden,SWE,2000,.6446125030517578,.5044100189208984,.0376881241798401,.170221804957236,SWE,.5044100189208984,1,1,.0250126784960885,.0126166456334744,-.0144731611215604,-.001856515488086,1,.0126166456334744,-.001856515488086,0,0,.0153999710083008,2001,.0047878646850585,2000,0,0,1,1,1,1,1,1,1,0,.0135199778226964,0,.0087151467454926,0,.0135199778226964,0,.0005095426030905
Sweden,SWE,2001,.6513703918457031,.5198099899291992,.0319707775115967,.083951294191422,SWE,.5198099899291992,1,1,.0263372258532431,.0136903531055373,-.0239197021899655,-.0102293490844282,1,.0136903531055373,-.0102293490844282,0,0,-.0212400054931641,2002,.0067578887939453,2001,0,0,1,1,1,1,1,1,1,0,.0051471442263542,0,.0033526973516067,0,.0051471442263542,0,.0001645582028809
Sweden,SWE,2002,.6616294860839844,.4985699844360352,.0382820892333984,.3081238826628654,SWE,.4985699844360352,1,1,.0245842193821133,.0122569538747123,.000626988731509,.0128839426062213,1,.0122569538747123,.0128839426062213,0,0,-.0040099716186524,2003,.0102590942382813,2002,0,0,1,1,1,1,1,1,1,0,.0282604359170037,0,.0186979376922765,0,.0282604359170037,0,.0010818685295495
Sweden,SWE,2003,.6657400512695313,.4945600128173828,.0237455272674561,.1849961151615266,SWE,.4945600128173828,1,1,.0241371176015376,.0119372531903911,-.0128553878307421,-.000918134640351,1,.0119372531903911,-.000918134640351,0,0,-.0080000305175781,2004,.0041105651855469,2003,0,0,1,1,1,1,1,1,1,0,.0144583586704314,0,.0096255084425263,0,.0144583586704314,0,.0003433213500514
Sweden,SWE,2004,.6702742767333985,.4865599822998047,.0208325290679932,.1085242459081834,SWE,.4865599822998047,1,1,.0233638930558206,.0113679353916946,-.0212289867241159,-.0098610513324213,1,.0113679353916946,-.0098610513324213,0,0,.0023200225830078,2005,.0045342254638672,2004,0,0,1,1,1,1,1,1,1,0,.0055154419783611,0,.003696858882911,0,.0055154419783611,0,.000114900605337
Sweden,SWE,2005,.6772872924804687,.4888800048828125,.0187017667293549,.2376186715402911,SWE,.4888800048828125,1,1,.023663185480965,.011568458233477,-.00709326661987,.0044751916136071,1,.011568458233477,.0044751916136071,0,0,-.0503900146484375,2006,.0070130157470703,2005,0,0,1,1,1,1,1,1,1,0,.0198516849243895,0,.0134452939336151,0,.0198516849243895,0,.0003712615806406
Sweden,SWE,2006,.719052963256836,.438489990234375,.0179448473453522,.4046047542941186,SWE,.438489990234375,1,1,.0192482145236273,.0084401493984945,.0111915548629677,.0196317042614622,1,.0084401493984945,.0196317042614622,0,0,-.0465999984741211,2007,.0417656707763673,2006,0,0,1,1,1,1,1,1,1,0,.0350081975722446,0,.0251727482026032,0,.0350081975722446,0,.0006282167612699
Sweden,SWE,2007,.72274658203125,.3918899917602539,.0132736527919769,.2321690085626417,SWE,.3918899917602539,1,1,.0149358525376245,.005853211127902,-.0076899996711797,-.0018367885432777,1,.005853211127902,-.0018367885432777,0,0,-.0124499893188477,2008,.003693618774414,2007,0,0,1,1,1,1,1,1,1,0,.0135397047675047,0,.0097857753424263,0,.0135397047675047,0,.0001797213399897
Sweden,SWE,2008,.7231240844726563,.3794400024414062,.0100466239452362,.1321891489336567,SWE,.3794400024414062,1,1,.0137458857576675,.0052157389254487,-.0186377017493833,-.0134219628239347,1,.0052157389254487,-.0134219628239347,0,0,.0323999786376953,2009,.0003775024414063,2008,0,0,1,1,1,1,1,1,1,0,.0019545304868477,0,.0014133680688757,0,.0019545304868477,0,.0000196364327909
Sweden,SWE,2009,.7219890594482422,.4118399810791016,.0090966367721558,.1219501836838261,SWE,.4118399810791016,1,1,.0166528274201012,.006858300129608,-.0197588589660487,-.0129005588364407,1,.006858300129608,-.0129005588364407,0,0,-.0258099746704102,2010,-.0011350250244141,2009,0,0,1,1,1,1,1,1,1,0,.0024759344743417,0,.0017875976023855,0,.0024759344743417,0,.0000225226765847
Sweden,SWE,2010,.7391997528076172,.3860300064086914,.0072780787944794,.0647284137049029,SWE,.3860300064086914,1,1,.0142912486456086,.0055168508062525,-.0260245898086546,-.0205077390024022,1,.0055168508062525,-.0205077390024022,0,0,-.0092200088500977,2011,.017210693359375,2010,0,0,1,1,1,1,1,1,1,.0051312456916198,0,.0037930155468405,0,.0051312456916198,0,.0000373456104574,0
Sweden,SWE,2011,.7463265228271484,.3768099975585937,.0096935844421387,.162151470491963,SWE,.3768099975585937,1,1,.0135303705332785,.0050983788876116,-.0153568552748142,-.0102584763872026,1,.0050983788876116,-.0102584763872026,0,0,.0031100082397461,2012,.0071267700195312,2011,0,0,1,1,1,1,1,1,1,0,.0051180169235798,0,.0038197117743458,0,.0051180169235798,0,.000049611929225
Sweden,SWE,2012,.7447148132324218,.3799200057983398,.005300281047821,.0708288701118961,SWE,.3799200057983398,1,1,.0137459835011563,.0052223741314632,-.02535659547927,-.0201342213478069,1,.0052223741314632,-.0201342213478069,0,0,.0279700088500976,2013,-.0016117095947266,2012,0,0,1,1,1,1,1,1,1,.0047577280370245,0,.0035431505465033,0,.0047577280370245,0,.0000252172957453,0
Sweden,SWE,2013,.7454795074462891,.4078900146484375,.0047252327203751,.1333824126951156,SWE,.4078900146484375,1,1,.0163055836726655,.0066508847630949,-.0185070404721056,-.0118561557090108,1,.0066508847630949,-.0118561557090108,0,0,.0490099716186523,2014,.0007646942138673,2013,0,0,1,1,1,1,1,1,1,0,.0035203376017716,0,.0026243395414134,0,.0035203376017716,0,.0000166344144227
Sweden,SWE,2014,.7527564239501953,.4568999862670898,.002803413271904,.2930657885151525,SWE,.4568999862670898,1,1,.0208257520914161,.0095152858445699,-.0010218586384158,.008493427206154,1,.0095152858445699,.008493427206154,0,0,-.0123199844360352,2015,.0072769165039062,2014,0,0,1,1,1,1,1,1,1,0,.0238699205169364,0,.0179682360083045,0,.0238699205169364,0,.0000669172519765
Sweden,SWE,2015,.7553082275390625,.4445800018310547,.0026891577243805,.2643244983303931,SWE,.4445800018310547,1,1,.019697487680703,.0087571091091541,-.004169003307888,.0045881058012661,1,.0087571091091541,.0045881058012661,0,0,-.0156999969482421,2016,.0025518035888672,2015,0,0,1,1,1,1,1,1,1,0,.0199645991120485,0,.0150794259688493,0,.0199645991120485,0,.0000536879559163
Sweden,SWE,2016,.7404000854492188,.4288800048828125,.0012108700722456,.1750683464542512,SWE,.4288800048828125,1,1,.0182227356938654,.0078153669733632,-.0139424693140717,-.0061271023407085,1,.0078153669733632,-.0061271023407085,0,0,-.0125,2017,-.0149081420898437,2016,0,0,1,1,1,1,1,1,1,0,.0092493909700739,0,.006848249864596,0,.0092493909700739,0,.0000111998107122
Sweden,SWE,2017,.736031494140625,.4163800048828125,.0006925618648529,.0482998659533839,SWE,.4163800048828125,1,1,.0170094652431414,.0070824012209932,-.0278235005795699,-.0207410993585766,1,.0070824012209932,-.0207410993585766,0,0,-.0170400238037109,2018,-.0043685913085938,2017,0,0,1,1,1,1,1,1,1,.0053646060477942,0,.0039485190048338,0,.0053646060477942,0,3.71532156866e-06,0
Sweden,SWE,2018,.7273410797119141,.3993399810791016,.0007930056750774,.315727479380946,SWE,.3993399810791016,1,1,.0156645798886037,.0062554930363271,.0014595755335035,.0077150685698305,1,.0062554930363271,.0077150685698305,0,0,-.0414699935913086,2019,-.0086904144287109,2018,0,0,1,1,1,1,1,1,1,0,.0230915618806129,0,.0167954415504795,0,.0230915618806129,0,.0000183117396177
Sweden,SWE,2019,.7238177490234375,.357869987487793,-.0001625157520175,,SWE,.357869987487793,0,0,,,,,0,,,,0,.0464900207519531,2020,-.0035233306884765,2019,2,2,0,0,0,0,0,0,0,,,,,,,,
Sweden,SWE,2020,.718274154663086,.4043600082397461,-.0007984113693237,,SWE,.4043600082397461,0,0,,,,,0,,,,0,-.031140022277832,2021,-.0055435943603516,2020,2,2,0,0,0,0,0,0,0,,,,,,,,
Sweden,SWE,2021,.7218173980712891,.3732199859619141,-.0001016921550035,,SWE,.3732199859619141,0,0,,,,,0,,,,0,-.0310799789428711,2022,.0035432434082031,2021,2,2,0,0,0,0,0,0,0,,,,,,,,
Sweden,SWE,2022,.7171813201904297,.342140007019043,.003852626979351,,SWE,.342140007019043,0,0,,,,,0,,,,0,-.0216200256347656,2023,-.0046360778808594,2022,2,2,0,0,0,0,0,0,0,,,,,,,,
Sweden,SWE,2023,.7135448455810547,.3205199813842773,.0041841870546341,,SWE,.3205199813842773,0,0,,,,,0,,,,0,,,-.003636474609375,2023,3,2,0,0,0,0,0,0,0,,,,,,,,
Thailand,THA,1995,.3907660675048828,,,.1040097602208455,THA,,0,0,,,,,0,,,,,,,,,2,3,0,0,0,0,0,0,0,,,,,,,,
Thailand,THA,1996,.392032699584961,.1519299983978271,,.091201745669047,THA,.1519299983978271,0,1,,,-.0231257844648951,,0,,,,0,.2526200199127198,1997,.0012666320800782,1996,1,2,0,0,0,1,0,1,0,,,,,,,,
Thailand,THA,1997,.3981690216064453,.4045500183105469,,.4282645511627197,THA,.4045500183105469,0,1,,,.0137822807182495,,0,,,,0,.0942599868774414,1998,.0061363220214843,1997,1,2,0,0,0,1,0,1,0,,,,,,,,
Thailand,THA,1998,.406239013671875,.4988100051879883,,.6491849242316351,THA,.4988100051879883,0,1,,,.037972857063717,,0,,,,0,.0670399856567382,1999,.0080699920654297,1998,1,2,0,0,0,1,0,1,0,,,,,,,,
Thailand,THA,1999,.410887451171875,.5658499908447265,,.1335501488049825,THA,.5658499908447265,0,1,,,-.0184886735233482,,0,,,,0,.012410011291504,2000,.0046484375,1999,1,2,0,0,0,1,0,1,0,,,,,,,,
Thailand,THA,2000,.4111701965332031,.5782600021362305,.0684174537658691,.1458621146943834,THA,.5782600021362305,0,1,,,-.0171405246556227,,0,,,,0,-.0029399871826172,2001,.0002827453613282,2000,1,1,0,0,0,1,0,1,0,,,,,,,,
Thailand,THA,2001,.4091533279418945,.5753200149536133,.0655436611175537,.2028053771124946,THA,.5753200149536133,0,1,,,-.0109052901331118,,0,,,,0,-.0263100051879883,2002,-.0020168685913086,2001,1,1,0,0,0,1,0,1,0,,,,,,,,
Thailand,THA,2002,.4073674011230469,.549010009765625,.0705107975006103,.1421107403437296,THA,.549010009765625,1,1,.02900437141992,.0159236902364961,-.0175512966743791,-.001627606437883,1,.0159236902364961,-.001627606437883,0,0,-.074010009765625,2003,-.0017859268188476,2002,0,0,1,1,1,1,1,1,1,0,.0137488868728994,0,.0056008483137478,0,.0137488868728994,0,.0009694449781538
Thailand,THA,2003,.4028432846069336,.475,.0540860652923584,.2189709122975667,THA,.475,1,1,.0224016948561262,.0106408050566599,-.0091351789947522,.0015056260619077,1,.0106408050566599,.0015056260619077,0,0,-.0123300170898437,2004,-.0045241165161133,2003,0,0,1,1,1,1,1,1,1,0,.0168821193726901,0,.0068008484192208,0,.0168821193726901,0,.0009130874106647
Thailand,THA,2004,.3913139343261719,.4626699829101563,.0616039514541626,.2939975547790528,THA,.4626699829101563,1,1,.0213453731041197,.009875863409294,-.000919831095053,.0089560323142409,1,.009875863409294,.0089560323142409,0,0,-.0080499649047852,2005,-.0115293502807617,2004,0,0,1,1,1,1,1,1,1,0,.0243325256250233,0,.0095216563344203,0,.0243325256250233,0,.0014989797273611
Thailand,THA,2005,.3985113143920899,.4546200180053711,.0559922790527344,.2793398835923936,THA,.4546200180053711,1,1,.020611050868973,.0093701963171621,-.0025248325214132,.0068453637957489,1,.0093701963171621,.0068453637957489,0,0,-.0628500366210938,2006,.007197380065918,2005,0,0,1,1,1,1,1,1,1,0,.0222218571065313,0,.008855661483757,0,.0222218571065313,0,.0012442524241789
Thailand,THA,2006,.3892528915405273,.3917699813842773,.0662913703918457,.3269008784823947,THA,.3917699813842773,1,1,.0149915602343308,.005873243273925,.0026830523919173,.0085562956658424,1,.005873243273925,.0085562956658424,0,0,-.0319199752807617,2007,-.0092584228515625,2006,0,0,1,1,1,1,1,1,1,0,.0239327889766248,0,.0093159073117805,0,.0239327889766248,0,.0015865373785593
Thailand,THA,2007,.389540901184082,.3598500061035156,.0521786451339722,.2119156826866997,THA,.3598500061035156,1,1,.0120398839130327,.0043325522995904,-.0099077201061292,-.0055751678065388,1,.0043325522995904,-.0055751678065388,0,0,-.0103900146484375,2008,.0002880096435547,2007,0,0,1,1,1,1,1,1,1,0,.0098013255042436,0,.0038180171697216,0,.0098013255042436,0,.0005114198853285
Thailand,THA,2008,.3942560195922852,.3494599914550781,.0554751062393188,.0862083095974392,THA,.3494599914550781,1,1,.0110171353472674,.0038500480243155,-.0236725610923216,-.0198225130680061,1,.0038500480243155,-.0198225130680061,0,0,.0741799926757812,2009,.0047151184082032,2008,0,0,1,1,1,1,1,1,1,.0044460197572237,0,.0017528700525117,0,.0044460197572237,0,.0002466434183741,0
Thailand,THA,2009,.4077548217773437,.4236399841308593,.0529526329040527,.242495756149292,THA,.4236399841308593,1,1,.017798770040542,.007540270657524,-.0065592303698926,.0009810402876315,1,.007540270657524,.0009810402876315,0,0,-.0253299713134765,2010,.0134988021850586,2009,0,0,1,1,1,1,1,1,1,0,.0163575335984139,0,.0066698631971382,0,.0163575335984139,0,.0008661744718525
Thailand,THA,2010,.4154971694946289,.3983100128173828,.0526290655136108,.4185802078247071,THA,.3983100128173828,1,1,.0156441446946195,.0062312194738309,.0127218540875157,.0189530735613466,1,.0062312194738309,.0189530735613466,0,0,-.0071500015258789,2011,.0077423477172852,2010,0,0,1,1,1,1,1,1,1,0,.034329566872129,0,.0142638378653462,0,.034329566872129,0,.0018067330239672
Thailand,THA,2011,.4174465560913086,.3911600112915039,.0561580514907837,.039869795176718,THA,.3911600112915039,1,1,.0147352024786315,.0057638219679241,-.0287465855259139,-.0229827635579898,1,.0057638219679241,-.0229827635579898,0,0,.028129997253418,2012,.0019493865966797,2011,0,0,1,1,1,1,1,1,1,.0076062702472074,0,.0031752113193965,0,.0076062702472074,0,.0004271533161955,0
Thailand,THA,2012,.4244981002807617,.4192900085449219,.0565190982818604,.3194115119510227,THA,.4192900085449219,1,1,.0174615179314026,.0073214400026651,.0018629736896248,.0091844136922898,1,.0073214400026651,.0091844136922898,0,0,.0026200103759765,2013,.0070515441894531,2012,0,0,1,1,1,1,1,1,1,0,.0245609070030722,0,.0104260583639766,0,.0245609070030722,0,.0013881603167983
Thailand,THA,2013,.4350851440429688,.4219100189208984,.050371036529541,.3093919511941763,THA,.4219100189208984,1,1,.0176901340312744,.0074636447838482,.0007658410618388,.0082294858456871,1,.0074636447838482,.0082294858456871,0,0,.0114299774169922,2014,.010587043762207,2013,0,0,1,1,1,1,1,1,1,0,.0236059791564695,0,.0102706108415678,0,.0236059791564695,0,.0011890576384061
Thailand,THA,2014,.4511713027954102,.4333399963378906,.0523107004165649,.3300743528512808,THA,.4333399963378906,1,1,.0187326918070897,.0081176245990831,.003030544897631,.0111481694967141,1,.0081176245990831,.0111481694967141,0,0,-.007750015258789,2015,.0160861587524414,2014,0,0,1,1,1,1,1,1,1,0,.0265246628074965,0,.0119671666750672,0,.0265246628074965,0,.0013875236897734
Thailand,THA,2015,.4489005661010742,.4255899810791016,.0451813936233521,.3909302491408129,THA,.4255899810791016,1,1,.0180783582140541,.0076939681302605,.0096942092071447,.0173881773374052,1,.0076939681302605,.0173881773374052,0,0,-.0081399917602539,2016,-.002270736694336,2015,0,0,1,1,1,1,1,1,1,0,.0327646706481876,0,.0147080792020867,0,.0327646706481876,0,.0014803534814953
Thailand,THA,2016,.4412323760986328,.4174499893188476,.0391382241249084,.2324432959923377,THA,.4174499893188476,1,1,.0172349706950445,.007194738332557,-.0076599654515354,-.0004652271189784,1,.007194738332557,-.0004652271189784,0,0,.0003200149536133,2017,-.0076681900024414,2016,0,0,1,1,1,1,1,1,1,0,.014911266191804,0,.0065793334124489,0,.014911266191804,0,.000583600478201
Thailand,THA,2017,.4447659301757813,.4177700042724609,.0488602447509766,.2026207337012658,THA,.4177700042724609,1,1,.0172428181653488,.007203532218607,-.0109255084157173,-.0037219761971102,1,.007203532218607,-.0037219761971102,0,0,.0016400146484375,2018,.0035335540771484,2017,0,0,1,1,1,1,1,1,1,0,.0116545171136722,0,.005183532144812,0,.0116545171136722,0,.0005694425586285
Thailand,THA,2018,.4556360626220703,.4194100189208985,.047795147895813,.1051141247382531,THA,.4194100189208985,1,1,.0173218753220008,.0072649680565458,-.0216023918354804,-.0143374237789347,1,.0072649680565458,-.0143374237789347,0,0,-.0087800216674805,2019,.010870132446289,2018,0,0,1,1,1,1,1,1,1,0,.0010390695318477,0,.0004734375502817,0,.0010390695318477,0,.0000496624819487
Thailand,THA,2019,.4660649108886719,.410629997253418,.0484270715713501,,THA,.410629997253418,0,0,,,,,0,,,,0,.0837099838256836,2020,.0104288482666016,2019,2,2,0,0,0,0,0,0,0,,,,,,,,
Thailand,THA,2020,.477107925415039,.4943399810791015,.0474184370040894,,THA,.4943399810791015,0,0,,,,,0,,,,0,.0893300247192383,2021,.0110430145263672,2020,2,2,0,0,0,0,0,0,0,,,,,,,,
Thailand,THA,2021,.4798174667358399,.5836700057983398,.0629457807540894,,THA,.5836700057983398,0,0,,,,,0,,,,0,.0218099975585938,2022,.0027095413208008,2021,2,2,0,0,0,0,0,0,0,,,,,,,,
Thailand,THA,2022,.4842511749267578,.6054800033569336,.0658452653884888,,THA,.6054800033569336,0,0,,,,,0,,,,0,.0168799972534179,2023,.0044337081909179,2022,2,2,0,0,0,0,0,0,0,,,,,,,,
Thailand,THA,2023,.4888680267333985,.6223600006103516,.0558143997192383,,THA,.6223600006103516,0,0,,,,,0,,,,0,,,.0046168518066407,2023,3,2,0,0,0,0,0,0,0,,,,,,,,
Turkey,TUR,1995,.3364922332763672,,,.0677984318588719,TUR,,0,0,,,,,0,,,,,,,,,2,3,0,0,0,0,0,0,0,,,,,,,,
Turkey,TUR,1996,.3377627182006836,,,.0935468341365005,TUR,,0,1,,,-.0228689994485529,,0,,,,,,,.0012704849243164,1996,2,2,0,0,0,0,0,0,0,,,,,,,,
Turkey,TUR,1997,.3398028945922851,,,.0483048264185588,TUR,,0,1,,,-.0278229574132251,,0,,,,,,,.0020401763916015,1997,2,2,0,0,0,0,0,0,0,,,,,,,,
Turkey,TUR,1998,.3406545639038086,,,.2114379836573745,TUR,,0,1,,,-.0099600277076352,,0,,,,,,,.0008516693115235,1998,2,2,0,0,0,0,0,0,0,,,,,,,,
Turkey,TUR,1999,.3458487319946289,,,.1854727378036037,TUR,,0,1,,,-.0128031980926433,,0,,,,,,,.0051941680908203,1999,2,2,0,0,0,0,0,0,0,,,,,,,,
Turkey,TUR,2000,.3510353469848633,.5123400115966796,.3889353942871094,.1291768513303815,TUR,.5123400115966796,0,1,,,-.0189675455484637,,0,,,,0,.2433699798583985,2001,.0051866149902344,2000,1,1,0,0,0,1,0,1,0,,,,,,,,
Turkey,TUR,2001,.347929458618164,.7557099914550781,.5022602081298828,.175746539144805,TUR,.7557099914550781,0,1,,,-.0138682078422578,,0,,,,0,-.0438199615478515,2002,-.0031058883666992,2001,1,1,0,0,0,1,0,1,0,,,,,,,,
Turkey,TUR,2002,.3458984756469727,.7118900299072266,.4583065795898438,.20962114276308,TUR,.7118900299072266,0,1,,,-.0101589701037143,,0,,,,0,-.0757700347900391,2003,-.0020309829711914,2002,1,1,0,0,0,1,0,1,0,,,,,,,,
Turkey,TUR,2003,.3570013046264648,.6361199951171875,.3797192764282227,.1166673924706199,TUR,.6361199951171875,0,1,,,-.0203373197136247,,0,,,,0,-.0656700134277344,2004,.0111028289794922,2003,1,1,0,0,0,1,0,1,0,,,,,,,,
Turkey,TUR,2004,.3588621902465821,.5704499816894532,.2869290161132813,.0945377690864332,TUR,.5704499816894532,0,1,,,-.022760492988842,,0,,,,0,-.0689099884033203,2005,.0018608856201172,2004,1,1,0,0,0,1,0,1,0,,,,,,,,
Turkey,TUR,2005,.3820089340209961,.5015399932861329,.1620358467102051,.0771795404318607,TUR,.5015399932861329,0,1,,,-.0246612029580376,,0,,,,0,-.0595199966430665,2006,.0231467437744141,2005,1,1,0,0,0,1,0,1,0,,,,,,,,
Turkey,TUR,2006,.383846206665039,.4420199966430664,.1440279579162598,.1344600495425138,TUR,.4420199966430664,0,1,,,-.0183890402348819,,0,,,,0,-.0707099914550781,2007,.0018372726440429,2006,1,1,0,0,0,1,0,1,0,,,,,,,,
Turkey,TUR,2007,.3934523391723633,.3713100051879883,.1447124862670899,.3068561068448153,TUR,.3713100051879883,0,1,,,.0004881684530102,,0,,,,0,-.0010700225830078,2008,.0096061325073242,2007,1,1,0,0,0,1,0,1,0,,,,,,,,
Turkey,TUR,2008,.4042265701293946,.3702399826049805,.1301795864105225,.1911636653090968,TUR,.3702399826049805,0,1,,,-.0121800467988728,,0,,,,0,.0535200119018555,2009,.0107742309570313,2008,1,1,0,0,0,1,0,1,0,,,,,,,,
Turkey,TUR,2009,.4060968399047852,.4237599945068359,.1342383098602295,.1027009498711788,TUR,.4237599945068359,0,1,,,-.0218666322495536,,0,,,,0,-.0375600051879883,2010,.0018702697753906,2009,1,1,0,0,0,1,0,1,0,,,,,,,,
Turkey,TUR,2010,.4141064071655273,.3861999893188476,.1065744113922119,.4497392908732096,TUR,.3861999893188476,0,1,,,.0161337448374215,,0,,,,0,-.0384700012207031,2011,.0080095672607421,2010,1,1,0,0,0,1,0,1,0,,,,,,,,
Turkey,TUR,2011,.4174502182006836,.3477299880981445,.0766201543807983,.096178847804214,TUR,.3477299880981445,1,1,.0108685341341719,.0037793152451199,-.0225807963883885,-.0188014811432686,1,.0037793152451199,-.0188014811432686,0,0,-.0395699882507324,2012,.0033438110351563,2011,0,0,1,1,1,1,1,1,1,.0034249878324862,0,.0014297619180061,0,.0034249878324862,0,.0002624230964774,0
Turkey,TUR,2012,.4240926742553711,.3081599998474121,.0766792011260986,.3408910167578494,TUR,.3081599998474121,1,1,.0074813051679986,.0023054389994289,.0042149595824346,.0065203985818635,1,.0023054389994289,.0065203985818635,0,0,-.0126799964904785,2013,.0066424560546875,2012,0,0,1,1,1,1,1,1,1,0,.0218968918926459,0,.009286311440633,0,.0218968918926459,0,.0016790361774726
Turkey,TUR,2013,.4384267044067383,.2954800033569336,.0699378538131714,.1760776620922667,TUR,.2954800033569336,1,1,.0062251379383593,.0018394037789238,-.0138319501860306,-.0119925464071068,1,.0018394037789238,-.0119925464071068,0,0,-.0218099975585938,2014,.0143340301513671,2013,0,0,1,1,1,1,1,1,1,0,.0033839469036756,0,.0014836126888659,0,.0033839469036756,0,.0002366659838608
Turkey,TUR,2014,.4557336044311524,.2736700057983398,.0618618822097778,.1638554890950521,TUR,.2736700057983398,1,1,.0042549160921203,.001164442911602,-.0151702668151828,-.0140058239035807,1,.001164442911602,-.0140058239035807,0,0,-.0091200065612793,2015,.0173069000244141,2014,0,0,1,1,1,1,1,1,1,0,.0013706694072017,0,.0006246601094275,0,.0013706694072017,0,.0000847921894169
Turkey,TUR,2015,.4544841384887695,.2645499992370606,.0576290321350098,.3394823895078717,TUR,.2645499992370606,1,1,.003557931463763,.000941250766024,.0040607162025257,.0050019669685497,1,.000941250766024,.0050019669685497,0,0,.005629997253418,2016,-.0012494659423828,2015,0,0,1,1,1,1,1,1,1,0,.0203784602793321,0,.0092616869637799,0,.0203784602793321,0,.0011743909422996
Turkey,TUR,2016,.4352152633666992,.2701799964904785,.0433603477478027,.2700193867538915,TUR,.2701799964904785,1,1,.004015543525372,.0010849195355924,-.0035454182972626,-.0024604987616702,1,.0010849195355924,-.0024604987616702,0,0,-.0009099960327149,2017,-.0192688751220703,2016,0,0,1,1,1,1,1,1,1,0,.0129159945491122,0,.0056212379693347,0,.0129159945491122,0,.0005600420151582
Turkey,TUR,2017,.4507453155517578,.2692700004577637,.043162407875061,.2685206557765152,TUR,.2692700004577637,1,1,.0039326442582964,.0010589431212317,-.0037095279519128,-.0026505848306811,1,.0010589431212317,-.0026505848306811,0,0,.0189900016784668,2018,.0155300521850585,2017,0,0,1,1,1,1,1,1,1,0,.0127259084801013,0,.005736143633546,0,.0127259084801013,0,.0005492808523988
Turkey,TUR,2018,.4529528427124023,.2882600021362305,.0458930158615112,.2717721407341235,TUR,.2882600021362305,1,1,.0056429317015722,.0016266315043498,-.0033534933589483,-.0017268618545985,1,.0016266315043498,-.0017268618545985,0,0,.0236899948120117,2019,.0022075271606445,2018,0,0,1,1,1,1,1,1,1,0,.0136496314561839,0,.0061826393700551,0,.0136496314561839,0,.0006264227529224
Turkey,TUR,2019,.4685233306884766,.3119499969482422,.0592138004302978,,TUR,.3119499969482422,0,0,,,,,0,,,,0,.0710200119018554,2020,.0155704879760742,2019,2,2,0,0,0,0,0,0,0,,,,,,,,
Turkey,TUR,2020,.4784150695800781,.3829700088500976,.0604556274414062,,TUR,.3829700088500976,0,0,,,,,0,,,,0,.0061299896240234,2021,.0098917388916016,2020,2,2,0,0,0,0,0,0,0,,,,,,,,
Turkey,TUR,2021,.4819499588012695,.3890999984741211,.0642960834503174,,TUR,.3890999984741211,0,0,,,,,0,,,,0,-.0947699928283691,2022,.0035348892211914,2021,2,2,0,0,0,0,0,0,0,,,,,,,,
Turkey,TUR,2022,.4809844970703125,.294330005645752,.044477334022522,,TUR,.294330005645752,0,0,,,,,0,,,,0,-.0119200134277344,2023,-.000965461730957,2022,2,2,0,0,0,0,0,0,0,,,,,,,,
Turkey,TUR,2023,.4806129074096679,.2824099922180176,.0614886713027954,,TUR,.2824099922180176,0,0,,,,,0,,,,0,,,-.0003715896606445,2023,3,2,0,0,0,0,0,0,0,,,,,,,,
Taiwan Province of China,TWN,1995,,,,,TWN,,0,0,,,,,0,,,,,,,,,6,6,0,0,0,0,0,0,0,,,,,,,,
Taiwan Province of China,TWN,1996,,,,,TWN,,0,0,,,,,0,,,,,,,,,6,6,0,0,0,0,0,0,0,,,,,,,,
Taiwan Province of China,TWN,1997,,.2498200035095215,,,TWN,.2498200035095215,0,0,,,,,0,,,,0,-.0129500007629395,1998,,,5,6,0,0,0,0,0,0,0,,,,,,,,
Taiwan Province of China,TWN,1998,,.236870002746582,,,TWN,.236870002746582,0,0,,,,,0,,,,0,.0000300025939941,1999,,,5,6,0,0,0,0,0,0,0,,,,,,,,
Taiwan Province of China,TWN,1999,,.2369000053405762,,,TWN,.2369000053405762,0,0,,,,,0,,,,0,.025369987487793,2000,,,5,6,0,0,0,0,0,0,0,,,,,,,,
Taiwan Province of China,TWN,2000,,.2622699928283692,,,TWN,.2622699928283692,0,0,,,,,0,,,,0,.0389900016784668,2001,,,5,6,0,0,0,0,0,0,0,,,,,,,,
Taiwan Province of China,TWN,2001,,.3012599945068359,,,TWN,.3012599945068359,0,0,,,,,0,,,,0,-.0034700012207031,2002,,,5,6,0,0,0,0,0,0,0,,,,,,,,
Taiwan Province of China,TWN,2002,,.2977899932861328,,,TWN,.2977899932861328,0,0,,,,,0,,,,0,.0237100219726563,2003,,,5,6,0,0,0,0,0,0,0,,,,,,,,
Taiwan Province of China,TWN,2003,,.3215000152587891,,,TWN,.3215000152587891,0,0,,,,,0,,,,0,.012959976196289,2004,,,5,6,0,0,0,0,0,0,0,,,,,,,,
Taiwan Province of China,TWN,2004,,.3344599914550781,,,TWN,.3344599914550781,0,0,,,,,0,,,,0,.0062200164794922,2005,,,5,6,0,0,0,0,0,0,0,,,,,,,,
Taiwan Province of China,TWN,2005,,.3406800079345703,,,TWN,.3406800079345703,0,0,,,,,0,,,,0,-.0077099990844727,2006,,,5,6,0,0,0,0,0,0,0,,,,,,,,
Taiwan Province of China,TWN,2006,,.3329700088500976,,,TWN,.3329700088500976,0,0,,,,,0,,,,0,-.0113999938964844,2007,,,5,6,0,0,0,0,0,0,0,,,,,,,,
Taiwan Province of China,TWN,2007,,.3215700149536133,,,TWN,.3215700149536133,0,0,,,,,0,,,,0,.0119599914550781,2008,,,5,6,0,0,0,0,0,0,0,,,,,,,,
Taiwan Province of China,TWN,2008,,.3335300064086914,,,TWN,.3335300064086914,0,0,,,,,0,,,,0,.0335799789428711,2009,,,5,6,0,0,0,0,0,0,0,,,,,,,,
Taiwan Province of China,TWN,2009,,.3671099853515625,,,TWN,.3671099853515625,0,0,,,,,0,,,,0,.0017900085449219,2010,,,5,6,0,0,0,0,0,0,0,,,,,,,,
Taiwan Province of China,TWN,2010,,.3688999938964844,,,TWN,.3688999938964844,0,0,,,,,0,,,,0,.0145299911499023,2011,,,5,6,0,0,0,0,0,0,0,,,,,,,,
Taiwan Province of China,TWN,2011,,.3834299850463867,,,TWN,.3834299850463867,0,0,,,,,0,,,,0,.0086200332641602,2012,,,5,6,0,0,0,0,0,0,0,,,,,,,,
Taiwan Province of China,TWN,2012,,.3920500183105469,,,TWN,.3920500183105469,0,0,,,,,0,,,,0,-.0031000137329101,2013,,,5,6,0,0,0,0,0,0,0,,,,,,,,
Taiwan Province of China,TWN,2013,,.3889500045776367,,,TWN,.3889500045776367,0,0,,,,,0,,,,0,-.0140700149536133,2014,,,5,6,0,0,0,0,0,0,0,,,,,,,,
Taiwan Province of China,TWN,2014,,.3748799896240234,,,TWN,.3748799896240234,0,0,,,,,0,,,,0,-.015469970703125,2015,,,5,6,0,0,0,0,0,0,0,,,,,,,,
Taiwan Province of China,TWN,2015,,.3594100189208984,,,TWN,.3594100189208984,0,0,,,,,0,,,,0,-.005770034790039,2016,,,5,6,0,0,0,0,0,0,0,,,,,,,,
Taiwan Province of China,TWN,2016,,.3536399841308594,,,TWN,.3536399841308594,0,0,,,,,0,,,,0,-.0090599822998047,2017,,,5,6,0,0,0,0,0,0,0,,,,,,,,
Taiwan Province of China,TWN,2017,,.3445800018310547,,,TWN,.3445800018310547,0,0,,,,,0,,,,0,-.0062699890136719,2018,,,5,6,0,0,0,0,0,0,0,,,,,,,,
Taiwan Province of China,TWN,2018,,.3383100128173828,,,TWN,.3383100128173828,0,0,,,,,0,,,,0,-.0121900177001953,2019,,,5,6,0,0,0,0,0,0,0,,,,,,,,
Taiwan Province of China,TWN,2019,,.3261199951171875,,,TWN,.3261199951171875,0,0,,,,,0,,,,0,-.0065399932861328,2020,,,5,6,0,0,0,0,0,0,0,,,,,,,,
Taiwan Province of China,TWN,2020,,.3195800018310547,,,TWN,.3195800018310547,0,0,,,,,0,,,,0,-.0187300109863281,2021,,,5,6,0,0,0,0,0,0,0,,,,,,,,
Taiwan Province of China,TWN,2021,,.3008499908447266,,,TWN,.3008499908447266,0,0,,,,,0,,,,0,-.0060299873352051,2022,,,5,6,0,0,0,0,0,0,0,,,,,,,,
Taiwan Province of China,TWN,2022,,.2948200035095215,,,TWN,.2948200035095215,0,0,,,,,0,,,,0,-.0046199989318848,2023,,,5,6,0,0,0,0,0,0,0,,,,,,,,
Taiwan Province of China,TWN,2023,,.2902000045776367,,,TWN,.2902000045776367,0,0,,,,,0,,,,0,,,,,6,6,0,0,0,0,0,0,0,,,,,,,,
Uganda,UGA,1995,.305678596496582,,,,UGA,,0,0,,,,,0,,,,,,,,,3,4,0,0,0,0,0,0,0,,,,,,,,
Uganda,UGA,1996,.3057988357543945,,,,UGA,,0,0,,,,,0,,,,,,,.0001202392578125,1996,3,3,0,0,0,0,0,0,0,,,,,,,,
Uganda,UGA,1997,.3041217803955078,.4419499969482422,.0641448640823364,,UGA,.4419499969482422,0,0,,,,,0,,,,0,.0089799880981445,1998,-.0016770553588867,1997,2,2,0,0,0,0,0,0,0,,,,,,,,
Uganda,UGA,1998,.3024633598327637,.4509299850463867,.0609240531921387,,UGA,.4509299850463867,0,0,,,,,0,,,,0,.02625,1999,-.0016584205627441,1998,2,2,0,0,0,0,0,0,0,,,,,,,,
Uganda,UGA,1999,.2939547920227051,.4771799850463867,.0609276437759399,,UGA,.4771799850463867,0,0,,,,,0,,,,0,.0082699966430664,2000,-.0085085678100586,1999,2,2,0,0,0,0,0,0,0,,,,,,,,
Uganda,UGA,2000,.288259220123291,.4854499816894531,.0554604578018188,,UGA,.4854499816894531,0,0,,,,,0,,,,0,.0280700302124023,2001,-.0056955718994141,2000,2,2,0,0,0,0,0,0,0,,,,,,,,
Uganda,UGA,2001,.2884276390075683,.5135200119018555,.0594267702102661,,UGA,.5135200119018555,0,0,,,,,0,,,,0,.033589973449707,2002,.0001684188842773,2001,2,2,0,0,0,0,0,0,0,,,,,,,,
Uganda,UGA,2002,.2888197135925293,.5471099853515625,.0719390201568604,,UGA,.5471099853515625,0,0,,,,,0,,,,0,.0042800140380859,2003,.0003920745849609,2002,2,2,0,0,0,0,0,0,0,,,,,,,,
Uganda,UGA,2003,.2915811157226563,.5513899993896484,.0834086513519287,,UGA,.5513899993896484,0,0,,,,,0,,,,0,-.0617300033569336,2004,.002761402130127,2003,2,2,0,0,0,0,0,0,0,,,,,,,,
Uganda,UGA,2004,.2973443603515625,.4896599960327148,.080451831817627,,UGA,.4896599960327148,0,0,,,,,0,,,,0,-.0640299987792968,2005,.0057632446289062,2004,2,2,0,0,0,0,0,0,0,,,,,,,,
Uganda,UGA,2005,.2877821350097656,.425629997253418,.0759387445449829,,UGA,.425629997253418,0,0,,,,,0,,,,0,-.1480500030517579,2006,-.0095622253417968,2005,2,2,0,0,0,0,0,0,0,,,,,,,,
Uganda,UGA,2006,.2741240882873535,.2775799942016601,.0722928476333618,,UGA,.2775799942016601,0,0,,,,,0,,,,0,-.1078199958801269,2007,-.0136580467224121,2006,2,2,0,0,0,0,0,0,0,,,,,,,,
Uganda,UGA,2007,.2778513145446777,.1697599983215332,.0728034162521362,,UGA,.1697599983215332,0,0,,,,,0,,,,0,-.0132199954986572,2008,.0037272262573242,2007,2,2,0,0,0,0,0,0,0,,,,,,,,
Uganda,UGA,2008,.2798474884033203,.156540002822876,.0813624286651611,,UGA,.156540002822876,0,0,,,,,0,,,,0,-.0086100006103516,2009,.0019961738586426,2008,2,2,0,0,0,0,0,0,0,,,,,,,,
Uganda,UGA,2009,.2749669456481934,.1479300022125244,.076081600189209,,UGA,.1479300022125244,0,0,,,,,0,,,,0,.0356199932098389,2010,-.0048805427551269,2009,2,2,0,0,0,0,0,0,0,,,,,,,,
Uganda,UGA,2010,.2653672218322754,.1835499954223633,.065126633644104,,UGA,.1835499954223633,0,0,,,,,0,,,,0,-.0039599990844726,2011,-.0095997238159179,2010,2,2,0,0,0,0,0,0,0,,,,,,,,
Uganda,UGA,2011,.2715005493164063,.1795899963378906,.0644987440109253,,UGA,.1795899963378906,0,0,,,,,0,,,,0,.0153199958801269,2012,.0061333274841309,2011,2,2,0,0,0,0,0,0,0,,,,,,,,
Uganda,UGA,2012,.2601753616333008,.1949099922180176,.0944837856292725,,UGA,.1949099922180176,0,0,,,,,0,,,,0,.025890007019043,2013,-.0113251876831055,2012,2,2,0,0,0,0,0,0,0,,,,,,,,
Uganda,UGA,2013,.2577579116821289,.2207999992370605,.1053204154968262,,UGA,.2207999992370605,0,0,,,,,0,,,,0,.026879997253418,2014,-.0024174499511719,2013,2,2,0,0,0,0,0,0,0,,,,,,,,
Uganda,UGA,2014,.2631644248962403,.2476799964904785,.1117782878875732,,UGA,.2476799964904785,0,0,,,,,0,,,,0,.0325399971008301,2015,.0054065132141113,2014,2,2,0,0,0,0,0,0,0,,,,,,,,
Uganda,UGA,2015,.2656173896789551,.2802199935913086,.1149060726165771,,UGA,.2802199935913086,0,0,,,,,0,,,,0,.0331100082397461,2016,.0024529647827148,2015,2,2,0,0,0,0,0,0,0,,,,,,,,
Uganda,UGA,2016,.2925852394104004,.3133300018310547,.1641160583496094,,UGA,.3133300018310547,0,0,,,,,0,,,,0,.0222800064086914,2017,.0269678497314453,2016,2,2,0,0,0,0,0,0,0,,,,,,,,
Uganda,UGA,2017,.2977206993103028,.3356100082397461,.1650080299377441,,UGA,.3356100082397461,0,0,,,,,0,,,,0,.0145700073242188,2018,.0051354598999024,2017,2,2,0,0,0,0,0,0,0,,,,,,,,
Uganda,UGA,2018,.2928629302978515,.3501800155639648,.1363774490356445,,UGA,.3501800155639648,0,0,,,,,0,,,,0,.0295599746704102,2019,-.0048577690124512,2018,2,2,0,0,0,0,0,0,0,,,,,,,,
Uganda,UGA,2019,.2855282402038574,.379739990234375,.1565450096130371,,UGA,.379739990234375,0,0,,,,,0,,,,0,.0883000183105469,2020,-.0073346900939941,2019,2,2,0,0,0,0,0,0,0,,,,,,,,
Uganda,UGA,2020,.282342529296875,.4680400085449219,.1644866561889649,,UGA,.4680400085449219,0,0,,,,,0,,,,0,.0354199981689453,2021,-.0031857109069824,2020,2,2,0,0,0,0,0,0,0,,,,,,,,
Uganda,UGA,2021,.2812626838684082,.5034600067138671,.2159403038024902,,UGA,.5034600067138671,0,0,,,,,0,,,,0,-.004890022277832,2022,-.0010798454284668,2021,2,2,0,0,0,0,0,0,0,,,,,,,,
Uganda,UGA,2022,.2840467453002929,.4985699844360352,.2138785934448242,,UGA,.4985699844360352,0,0,,,,,0,,,,0,.005260009765625,2023,.0027840614318848,2022,2,2,0,0,0,0,0,0,0,,,,,,,,
Uganda,UGA,2023,.2834068870544433,.5038299942016602,.2193884658813477,,UGA,.5038299942016602,0,0,,,,,0,,,,0,,,-.0006398582458496,2023,3,2,0,0,0,0,0,0,0,,,,,,,,
United States,USA,1995,.6140185546875,,,.0932323335088709,USA,,0,0,,,,,0,,,,,,,,,2,3,0,0,0,0,0,0,0,,,,,,,,
United States,USA,1996,.6157697677612305,,,.0609995579828498,USA,,0,1,,,-.0264328960584246,,0,,,,,,,.0017512130737305,1996,2,2,0,0,0,0,0,0,0,,,,,,,,
United States,USA,1997,.6154510879516601,,,.0576765782820281,USA,,0,1,,,-.0267967592595885,,0,,,,,,,-.0003186798095703,1997,2,2,0,0,0,0,0,0,0,,,,,,,,
United States,USA,1998,.6162489700317383,,,.1093727097203655,USA,,0,1,,,-.0211360807221033,,0,,,,,,,.0007978820800781,1998,2,2,0,0,0,0,0,0,0,,,,,,,,
United States,USA,1999,.6219432067871093,,,.0627023813442517,USA,,0,1,,,-.0262464384766516,,0,,,,,,,.0056942367553711,1999,2,2,0,0,0,0,0,0,0,,,,,,,,
United States,USA,2000,.6286397552490235,,,.0628375225054321,USA,,0,1,,,-.0262316406446022,,0,,,,,,,.0066965484619141,2000,2,2,0,0,0,0,0,0,0,,,,,,,,
United States,USA,2001,.6266481018066407,.5348500061035156,.0716743659973145,.0465730001618785,USA,.5348500061035156,1,1,.0276637203389822,.0147959409921506,-.0280125907851832,-.0132166497930327,1,.0147959409921506,-.0132166497930327,0,0,.023740005493164,2002,-.0019916534423828,2001,0,0,1,1,1,1,1,1,1,0,.0021598435177497,0,.0013534618405972,0,.0021598435177497,0,.0001548054147881
United States,USA,2002,.6253226089477539,.5585900115966796,.0704220628738403,.1123762936130647,USA,.5585900115966796,1,1,.0298451454966652,.0166712001690868,-.0208071910662648,-.004135990897178,1,.0166712001690868,-.004135990897178,0,0,.0309700012207031,2003,-.0013254928588867,2002,0,0,1,1,1,1,1,1,1,0,.0112405024136044,0,.0070289402951586,0,.0112405024136044,0,.0007915793677044
United States,USA,2003,.6221070098876953,.5895600128173828,.0669377422332764,.1045841387177026,USA,.5895600128173828,1,1,.0326251893247165,.0192345070364494,-.0216604248141236,-.0024259177776743,1,.0192345070364494,-.0024259177776743,0,0,.0748200225830078,2004,-.0032155990600586,2003,0,0,1,1,1,1,1,1,1,0,.0129505755331081,0,.0080566438212267,0,.0129505755331081,0,.0008668822868078
United States,USA,2004,.6195049285888672,.6643800354003906,.0642217397689819,.0795880378545612,USA,.6643800354003906,1,1,.0393371288676099,.0261348030696124,-.0243974747197935,.0017373283498189,1,.0261348030696124,.0017373283498189,0,0,-.0066100311279297,2005,-.0026020812988281,2004,0,0,1,1,1,1,1,1,1,0,.0171138216606013,0,.0106020968657334,0,.0171138216606013,0,.0010990794011399
United States,USA,2005,.6414628601074219,.6577700042724609,.0645318126678467,.1010270587423796,USA,.6577700042724609,1,1,.0387576574777733,.0254936245247455,-.0220499217786392,.0034437027461063,1,.0254936245247455,.0034437027461063,0,0,-.0124600219726562,2006,.0219579315185547,2005,0,0,1,1,1,1,1,1,1,0,.0188201960568887,0,.0120724567904343,0,.0188201960568887,0,.0012145013663153
United States,USA,2006,.7166419219970703,.6453099822998047,.0619787740707397,.0776858010650963,USA,.6453099822998047,1,1,.0376205885846141,.0242769413536455,-.0246057678873429,-.0003288265336973,1,.0242769413536455,-.0003288265336973,0,0,.0041699981689453,2007,.0751790618896484,2006,0,0,1,1,1,1,1,1,1,0,.0150476667770851,0,.0107837888407017,0,.0150476667770851,0,.0009326359394687
United States,USA,2007,.7175582885742188,.64947998046875,.065278525352478,.090461533737439,USA,.64947998046875,1,1,.0380046164709828,.0246832375632962,-.0232068369861933,.0014764005771029,1,.0246832375632962,.0014764005771029,0,0,.0889600372314453,2008,.0009163665771484,2007,0,0,1,1,1,1,1,1,1,0,.0168528938878853,0,.0120929336957139,0,.0168528938878853,0,.0011001320609229
United States,USA,2008,.7255846405029297,.7384400177001953,.0662583541870117,.0272713528371626,USA,.7384400177001953,1,1,.0459615295886312,.0339398327229569,-.0301261032997406,.0038137294232163,1,.0339398327229569,.0038137294232163,0,0,.1322699737548828,2009,.0080263519287109,2008,0,0,1,1,1,1,1,1,1,0,.0191902227339987,0,.0139241308636196,0,.0191902227339987,0,.0012715125748369
United States,USA,2009,.7184468841552735,.8707099914550781,.0669335985183716,.0640157248832846,USA,.8707099914550781,1,1,.0578839930824345,.0504001711221923,-.0261026285748871,.0242975425473052,1,.0504001711221923,.0242975425473052,0,0,.0858000183105468,2010,-.0071377563476562,2009,0,0,1,1,1,1,1,1,1,0,.0396740358580876,0,.0285036874441076,0,.0396740358580876,0,.0026555259877287
United States,USA,2010,.7434294891357421,.9565100097656249,.0704553365707397,.0810089788257435,USA,.9565100097656249,1,1,.0656129754685538,.0627594678061781,-.0242418829988115,.0385175848073667,1,.0627594678061781,.0385175848073667,0,0,.0437599945068361,2011,.0249826049804687,2010,0,0,1,1,1,1,1,1,1,0,.0538940781181491,0,.0400664469628173,0,.0538940781181491,0,.0037971254129839
United States,USA,2011,.7451580810546875,1.000270004272461,.078988995552063,.08155606830761,USA,1.000270004272461,1,1,.0695492351736439,.0695680137642872,-.0241819772069868,.0453860365573004,1,.0695680137642872,.0453860365573004,0,0,.0363999938964843,2012,.0017285919189454,2011,0,0,1,1,1,1,1,1,1,0,.0607625298680828,0,.0452776901565287,0,.0607625298680828,0,.0047995712014821
United States,USA,2012,.7495632171630859,1.036669998168945,.0758871841430664,.1132288149351715,USA,1.036669998168945,1,1,.072845369502093,.0755166090683509,-.0207138407706715,.0548027682976793,1,.0755166090683509,.0548027682976793,0,0,.0134799957275391,2013,.0044051361083984,2012,0,0,1,1,1,1,1,1,1,0,.0701792616084617,0,.0526037931093684,0,.0701792616084617,0,.0053257065487058
United States,USA,2013,.7492845153808594,1.050149993896484,.0633207368850708,.0711510828964172,USA,1.050149993896484,1,1,.0740282531194554,.0777407695615635,-.0253213134776368,.0524194560839268,1,.0777407695615635,.0524194560839268,0,0,-.0007299804687502,2014,-.0002787017822266,2013,0,0,1,1,1,1,1,1,1,0,.0677959493947092,0,.0507984550869999,0,.0677959493947092,0,.004292889473496
United States,USA,2014,.6839614868164062,1.049420013427734,.062943320274353,.0743829558440434,USA,1.049420013427734,1,1,.0739648657515144,.0776202104101348,-.0249674263816105,.0526527840285244,1,.0776202104101348,.0526527840285244,0,0,.0050000000000001,2015,-.0653230285644532,2014,0,0,1,1,1,1,1,1,1,0,.0680292773393067,0,.0465294056760379,0,.0680292773393067,0,.0042819885916008
United States,USA,2015,.6823079681396484,1.054420013427734,.0583473539352417,.1263059977869834,USA,1.054420013427734,1,1,.0744510273171054,.0785026532234109,-.019281901353922,.0592207518694889,1,.0785026532234109,.0592207518694889,0,0,.0196299743652344,2016,-.0016535186767578,2015,0,0,1,1,1,1,1,1,1,0,.0745972451802713,0,.0508982947877661,0,.0745972451802713,0,.0043525518671273
United States,USA,2016,.6699642181396485,1.074049987792969,.0639829540252686,.1220658965008233,USA,1.074049987792969,1,1,.0762136163032733,.0818572336601887,-.0197461885197026,.0621110451404861,1,.0818572336601887,.0621110451404861,0,0,-.0100199890136718,2017,-.01234375,2016,0,0,1,1,1,1,1,1,1,0,.0774875384512685,0,.05191387811407,0,.0774875384512685,0,.0049578816102587
United States,USA,2017,.6695261383056641,1.064029998779297,.0662171030044556,.1140111029071193,USA,1.064029998779297,1,1,.0753067407350632,.0801286312524021,-.0206281809619058,.0595004502904964,1,.0801286312524021,.0595004502904964,0,0,.0125,2018,-.0004380798339844,2017,0,0,1,1,1,1,1,1,1,0,.0748769436012788,0,.0501320708974952,0,.0748769436012788,0,.0049581342871047
United States,USA,2018,.6658792877197266,1.076529998779297,.0744319295883179,.1056611055456182,USA,1.076529998779297,1,1,.0764251581052361,.0822739753617374,-.0215424979434131,.0607314774183243,1,.0822739753617374,.0607314774183243,0,0,.0113200378417968,2019,-.0036468505859375,2018,0,0,1,1,1,1,1,1,1,0,.0761079707291067,0,.0506787213388914,0,.0761079707291067,0,.0056648631184186
United States,USA,2019,.6516925811767578,1.087850036621094,.0758645963668823,,USA,1.087850036621094,0,0,,,,,0,,,,0,.2376699829101563,2020,-.0141867065429688,2019,2,2,0,0,0,0,0,0,0,,,,,,,,
United States,USA,2020,.6456562805175782,1.32552001953125,.0669737672805786,,USA,1.32552001953125,0,0,,,,,0,,,,0,-.075040054321289,2021,-.0060363006591796,2020,2,2,0,0,0,0,0,0,0,,,,,,,,
United States,USA,2021,.6488287353515625,1.250479965209961,.0714060831069946,,USA,1.250479965209961,0,0,,,,,0,,,,0,-.0590299987792968,2022,.0031724548339843,2021,2,2,0,0,0,0,0,0,0,,,,,,,,
United States,USA,2022,.647666015625,1.191449966430664,.0826303863525391,,USA,1.191449966430664,0,0,,,,,0,,,,0,.0081800079345702,2023,-.0011627197265625,2022,2,2,0,0,0,0,0,0,0,,,,,,,,
United States,USA,2023,.6473125457763672,1.199629974365234,.1055971908569336,,USA,1.199629974365234,0,0,,,,,0,,,,0,,,-.0003534698486328,2023,3,2,0,0,0,0,0,0,0,,,,,,,,
Vietnam,VNM,1995,.3457078552246094,,,.0743066533406575,VNM,,0,0,,,,,0,,,,,,,,,3,4,0,0,0,0,0,0,0,,,,,,,,
Vietnam,VNM,1996,.3464585494995117,,,.0753488710191515,VNM,,0,0,,,,,0,,,,,,,.0007506942749023,1996,3,3,0,0,0,0,0,0,0,,,,,,,,
Vietnam,VNM,1997,.3469168472290039,,,.3146243095397949,VNM,,0,0,,,,,0,,,,,,,.0004582977294922,1997,3,3,0,0,0,0,0,0,0,,,,,,,,
Vietnam,VNM,1998,.3473882675170898,,.0280814170837402,.4983112631903754,VNM,,0,0,,,,,0,,,,,,,.0004714202880859,1998,3,2,0,0,0,0,0,0,0,,,,,,,,
Vietnam,VNM,1999,.3471305847167969,,.0296325039863586,.116393346786499,VNM,,0,0,,,,,0,,,,,,,-.000257682800293,1999,3,2,0,0,0,0,0,0,0,,,,,,,,
Vietnam,VNM,2000,.3458416748046875,.247549991607666,.0386825680732727,.1302578544616699,VNM,.247549991607666,0,1,,,-.0188491767062702,,0,,,,0,.0066500091552734,2001,-.0012889099121093,2000,1,1,0,0,0,1,0,1,0,,,,,,,,
Vietnam,VNM,2001,.3416051483154297,.2542000007629395,.0431764698028564,.166427092022366,VNM,.2542000007629395,0,1,,,-.0148886786751699,,0,,,,0,.0229100036621094,2002,-.0042365264892578,2001,1,1,0,0,0,1,0,1,0,,,,,,,,
Vietnam,VNM,2002,.3374733734130859,.2771100044250489,.0438184642791748,.1539663802252876,VNM,.2771100044250489,0,1,,,-.0162531150820923,,0,,,,0,.0212399864196777,2003,-.0041317749023438,2002,1,1,0,0,0,1,0,1,0,,,,,,,,
Vietnam,VNM,2003,.3382897567749024,.2983499908447266,.0418067026138306,.1899344740973579,VNM,.2983499908447266,0,1,,,-.0123146420986982,,0,,,,0,-.0047199821472168,2004,.0008163833618164,2003,1,1,0,0,0,1,0,1,0,,,,,,,,
Vietnam,VNM,2004,.3380128860473633,.2936300086975098,.0378414797782898,.2372088283962674,VNM,.2936300086975098,0,1,,,-.0071381440647496,,0,,,,0,-.0069400024414062,2005,-.0002768707275391,2004,1,1,0,0,0,1,0,1,0,,,,,,,,
Vietnam,VNM,2005,.3559634780883789,.2866900062561035,.029026026725769,.2743256971571181,VNM,.2866900062561035,0,1,,,-.0030738812944528,,0,,,,0,.0157899856567383,2006,.0179505920410156,2005,1,1,0,0,0,1,0,1,0,,,,,,,,
Vietnam,VNM,2006,.362095947265625,.3024799919128418,.0285039067268372,.3041498947143555,VNM,.3024799919128418,0,1,,,.0001918407298604,,0,,,,0,.0196199989318848,2007,.0061324691772461,2006,1,1,0,0,0,1,0,1,0,,,,,,,,
Vietnam,VNM,2007,.3679705810546875,.3220999908447266,.0389142918586731,.1756597593095567,VNM,.3220999908447266,0,1,,,-.0138777101538855,,0,,,,0,-.0116499900817871,2008,.0058746337890625,2007,1,1,0,0,0,1,0,1,0,,,,,,,,
Vietnam,VNM,2008,.3660093307495117,.3104500007629394,.0389337420463562,.1074054876963298,VNM,.3104500007629394,1,1,.0075233664903192,.0023356291326595,-.0213514897126815,-.019015860580022,1,.0023356291326595,-.019015860580022,0,0,.0512499809265137,2009,-.0019612503051758,2008,0,0,1,1,1,1,1,1,1,.0036393672692396,0,.0013320423785661,0,.0036393672692396,0,.0001416941864725,0
Vietnam,VNM,2009,.3664747238159179,.3616999816894531,.0442679882049561,.217924264272054,VNM,.3616999816894531,1,1,.0122104930386855,.0044165351085117,-.0092497859846657,-.004833250876154,1,.0044165351085117,-.004833250876154,0,0,.0111700057983399,2010,.0004653930664063,2009,0,0,1,1,1,1,1,1,1,0,.0105432424346284,0,.0038638318593547,0,.0105432424346284,0,.0004667281317381
Vietnam,VNM,2010,.3471450424194336,.372869987487793,.0431765270233154,.3588366826375326,VNM,.372869987487793,1,1,.013314069753519,.0049644170224062,.0061799933839904,.0111444104063966,1,.0049644170224062,.0111444104063966,0,0,-.0110199737548828,2011,-.0193296813964843,2010,0,0,1,1,1,1,1,1,1,0,.026520903717179,0,.0092066002459018,0,.026520903717179,0,.0011450805160275
Vietnam,VNM,2011,.354344367980957,.3618500137329101,.041381688117981,.0446161715189616,VNM,.3618500137329101,1,1,.0121023251049907,.004379226505441,-.02822686171015,-.023847635204709,1,.004379226505441,-.023847635204709,0,0,.0214500045776367,2012,.0071993255615234,2011,0,0,1,1,1,1,1,1,1,.0084711418939266,0,.0030017014204804,0,.0084711418939266,0,.0003505501518576,0
Vietnam,VNM,2012,.354758186340332,.3833000183105469,.0543768072128296,.2462128565046522,VNM,.3833000183105469,1,1,.0141731091255368,.0054325529873356,-.0061522113218935,-.0007196583345579,1,.0054325529873356,-.0007196583345579,0,0,.030829963684082,2013,.000413818359375,2012,0,0,1,1,1,1,1,1,1,0,.0146568349762245,0,.005199632193655,0,.0146568349762245,0,.0007969918898524
Vietnam,VNM,2013,.3639472579956055,.4141299819946289,.0653760862350464,.1124507587296622,VNM,.4141299819946289,1,1,.0168521268368064,.0069789709834978,-.0207990372049296,-.0138200662214317,1,.0069789709834978,-.0138200662214317,0,0,.0223000335693359,2014,.0091890716552734,2013,0,0,1,1,1,1,1,1,1,0,.0015564270893507,0,.0005664573714393,0,.0015564270893507,0,.000101753111612
Vietnam,VNM,2014,.3728954315185547,.4364300155639648,.0762205457687378,.2080459976196289,VNM,.4364300155639648,1,1,.0189249514973562,.0082594168765384,-.0103314470388132,-.0020720301622748,1,.0082594168765384,-.0020720301622748,0,0,.024739990234375,2015,.0089481735229492,2014,0,0,1,1,1,1,1,1,1,0,.0133044631485076,0,.0049611735268855,0,.0133044631485076,0,.0010140734423393
Vietnam,VNM,2015,.3776188278198242,.4611700057983398,.0823345470428467,.4131365122113909,VNM,.4611700057983398,1,1,.0212940971431721,.0098201989029871,.0121257744570765,.0219459733600636,1,.0098201989029871,.0219459733600636,0,0,.0176300048828125,2016,.0047233963012695,2015,0,0,1,1,1,1,1,1,1,0,.037322466670846,0,.0140936661155893,0,.037322466670846,0,.0030729283878658
Vietnam,VNM,2016,.3980486297607422,.4788000106811524,.0807153701782227,.2033209991455078,VNM,.4788000106811524,1,1,.0227324904233721,.0108843166575198,-.0108488299978072,.0000354866597126,1,.0108843166575198,.0000354866597126,0,0,-.0125900268554688,2017,.020429801940918,2016,0,0,1,1,1,1,1,1,1,0,.015411979970495,0,.0061347175091555,0,.015411979970495,0,.0012439836684979
Vietnam,VNM,2017,.3999555587768555,.4662099838256836,.0793764352798462,.1388678509848458,VNM,.4662099838256836,1,1,.0215548680693301,.0100490946939671,-.0179063900572402,-.0078572953632731,1,.0100490946939671,-.0078572953632731,0,0,-.02822998046875,2018,.0019069290161133,2017,0,0,1,1,1,1,1,1,1,0,.0075191979475093,0,.0030073450166499,0,.0075191979475093,0,.0005968471292368
Vietnam,VNM,2018,.4046942520141601,.4379800033569336,.0781643438339233,.1062129075186593,VNM,.4379800033569336,1,1,.0189928742424654,.0083184991244728,-.0214820761381671,-.0131635770136943,1,.0083184991244728,-.0131635770136943,0,0,-.0280500030517578,2019,.0047386932373047,2018,0,0,1,1,1,1,1,1,1,0,.0022129162970881,0,.00089555450562,0,.0022129162970881,0,.0001729711503213
Vietnam,VNM,2019,.4127228164672851,.4099300003051758,.0715426206588745,,VNM,.4099300003051758,0,0,,,,,0,,,,0,.0032600021362305,2020,.008028564453125,2019,2,2,0,0,0,0,0,0,0,,,,,,,,
Vietnam,VNM,2020,.4229422760009766,.4131900024414062,.0719412708282471,,VNM,.4131900024414062,0,0,,,,,0,,,,0,-.0208200073242187,2021,.0102194595336914,2020,2,2,0,0,0,0,0,0,0,,,,,,,,
Vietnam,VNM,2021,.4249790573120117,.3923699951171875,.0641416549682617,,VNM,.3923699951171875,0,0,,,,,0,,,,0,-.0431399917602539,2022,.0020367813110352,2021,2,2,0,0,0,0,0,0,0,,,,,,,,
Vietnam,VNM,2022,.4293387985229492,.3492300033569336,.0529467868804932,,VNM,.3492300033569336,0,0,,,,,0,,,,0,-.0066600036621094,2023,.0043597412109375,2022,2,2,0,0,0,0,0,0,0,,,,,,,,
Vietnam,VNM,2023,.4293171310424805,.3425699996948242,.0506944847106934,,VNM,.3425699996948242,0,0,,,,,0,,,,0,,,-.0000216674804687,2023,3,2,0,0,0,0,0,0,0,,,,,,,,
South Africa,ZAF,1995,.3719838714599609,,,.0117595156986752,ZAF,,0,0,,,,,0,,,,,,,,,2,3,0,0,0,0,0,0,0,,,,,,,,
South Africa,ZAF,1996,.3703169250488281,,,0,ZAF,,0,1,,,-.0331122911903692,,0,,,,,,,-.0016669464111328,1996,2,2,0,0,0,0,0,0,0,,,,,,,,
South Africa,ZAF,1997,.3649473190307617,,,.0141649964597562,ZAF,,0,1,,,-.0315612371905368,,0,,,,,,,-.0053696060180664,1997,2,2,0,0,0,0,0,0,0,,,,,,,,
South Africa,ZAF,1998,.3620222473144531,,,.0498467258914657,ZAF,,0,1,,,-.0276541208482753,,0,,,,,,,-.0029250717163086,1998,2,2,0,0,0,0,0,0,0,,,,,,,,
South Africa,ZAF,1999,.3631940460205078,,,.0444500391379647,ZAF,,0,1,,,-.0282450530520807,,0,,,,,,,.0011717987060547,1999,2,2,0,0,0,0,0,0,0,,,,,,,,
South Africa,ZAF,2000,.3713317108154297,.3792900085449219,.2047592163085938,.0041547064863793,ZAF,.3792900085449219,1,1,.0136425148654236,.0051744695798807,-.0326573546761148,-.027482885096234,1,.0051744695798807,-.027482885096234,0,0,.0011599731445312,2001,.0081376647949219,2000,0,0,1,1,1,1,1,1,1,.0121063917854516,0,.0044954871734936,0,.0121063917854516,0,.0024788952943139,0
South Africa,ZAF,2001,.3702332305908203,.3804499816894531,.1869011878967285,0,ZAF,.3804499816894531,1,1,.013743928945841,.0052288775157863,-.0331122911903692,-.0278834136745829,1,.0052288775157863,-.0278834136745829,0,0,-.0624399757385254,2002,-.0010984802246094,2001,0,0,1,1,1,1,1,1,1,.0125069203638005,0,.004630477531032,0,.0125069203638005,0,.0023375582729241,0
South Africa,ZAF,2002,.3686080932617187,.3180100059509277,.1640084648132324,.005988160042983,ZAF,.3180100059509277,1,1,.0081321360382829,.0025861006299281,-.0324565932088912,-.0298704925789631,1,.0025861006299281,-.0298704925789631,0,0,-.0028700065612793,2003,-.0016251373291016,2002,0,0,1,1,1,1,1,1,1,.0144939992681807,0,.0053426054339808,0,.0144939992681807,0,.0023771385689784,0
South Africa,ZAF,2003,.3677130889892578,.3151399993896484,.1476391983032227,.0179253570686864,ZAF,.3151399993896484,1,1,.0078823808796303,.0024840535055957,-.0311494811848178,-.0286654276792221,1,.0024840535055957,-.0286654276792221,0,0,-.007810001373291,2004,-.0008950042724609,2003,0,0,1,1,1,1,1,1,1,.0132889343684397,0,.0048865151059945,0,.0132889343684397,0,.0019619676164606,0
South Africa,ZAF,2004,.3706426239013672,.3073299980163574,.1352935791015625,.0161099406169808,ZAF,.3073299980163574,1,1,.0071786567766089,.0022062165729153,-.0313482676057519,-.0291420510328366,1,.0022062165729153,-.0291420510328366,0,0,-.0109600067138672,2005,.0029295349121094,2004,0,0,1,1,1,1,1,1,1,.0137655577220542,0,.0051021024335679,0,.0137655577220542,0,.0018623915725459,0
South Africa,ZAF,2005,.3669783782958984,.2963699913024903,.1069132137298584,.0096821581774756,ZAF,.2963699913024903,1,1,.0061883759916224,.0018340489388137,-.0320521038326915,-.0302180548938778,1,.0018340489388137,-.0302180548938778,0,0,-.0160699844360352,2006,-.0036642456054688,2005,0,0,1,1,1,1,1,1,1,.0148415615830954,0,.0054465322011431,0,.0148415615830954,0,.0015867590456183,0
South Africa,ZAF,2006,.3674346542358398,.2803000068664551,.095957612991333,.0011767392654134,ZAF,.2803000068664551,1,1,.0047370334301172,.0013277905029885,-.0329834393301118,-.0316556488271234,1,.0013277905029885,-.0316556488271234,0,0,-.0370400047302246,2007,.0004562759399414,2006,0,0,1,1,1,1,1,1,1,.016279155516341,0,.0059815258783982,0,.016279155516341,0,.0015621089048628,0
South Africa,ZAF,2007,.3630474853515625,.2432600021362305,.0857120609283447,.0610154256095057,ZAF,.2432600021362305,1,1,.0014475760036228,.0003521373417336,-.0264311585679945,-.0260790212262608,1,.0003521373417336,-.0260790212262608,0,0,-.002810001373291,2008,-.0043871688842773,2007,0,0,1,1,1,1,1,1,1,.0107025279154784,0,.0038855258466193,0,.0107025279154784,0,.0009173357247788,0
South Africa,ZAF,2008,.3614057922363281,.2404500007629395,.0798558044433594,.0030348138624559,ZAF,.2404500007629395,1,1,.0011541355963734,.0002775119050285,-.0327799818817519,-.0325024699767234,1,.0002775119050285,-.0325024699767234,0,0,.0295000076293945,2009,-.0016416931152344,2008,0,0,1,1,1,1,1,1,1,.017125976665941,0,.0061894271647753,0,.017125976665941,0,.0013676086435369,0
South Africa,ZAF,2009,.361562614440918,.269950008392334,.0860025215148926,.0043666728569762,ZAF,.269950008392334,1,1,.0038083698346755,.0010280694688317,-.0326341445547513,-.0316060750859196,1,.0010280694688317,-.0316060750859196,0,0,.0418999862670899,2010,.0001568222045898,2009,0,0,1,1,1,1,1,1,1,.0162295817751372,0,.0058680100179013,0,.0162295817751372,0,.0013957849557939,0
South Africa,ZAF,2010,.3511784362792969,.3118499946594238,.0935952281951904,.0222228070866802,ZAF,.3118499946594238,1,1,.0075894870119008,.002366781484129,-.030678914385989,-.0283121329018599,1,.002366781484129,-.0283121329018599,0,0,.0355700111389161,2011,-.0103841781616211,2010,0,0,1,1,1,1,1,1,1,.0129356395910775,0,.0045427176838672,0,.0129356395910775,0,.0012107141393776,0
South Africa,ZAF,2011,.3503244781494141,.3474200057983399,.0944410228729248,.0106286456630282,ZAF,.3474200057983399,1,1,.010780597421069,.0037453952185374,-.0319484643291852,-.0282030691106478,1,.0037453952185374,-.0282030691106478,0,0,.0266600036621094,2012,-.0008539581298828,2011,0,0,1,1,1,1,1,1,1,.0128265757998654,0,.0044934634735318,0,.0128265757998654,0,.0012113549384964,0
South Africa,ZAF,2012,.3508747100830078,.3740800094604492,.0994344806671143,.0495883146187534,ZAF,.3740800094604492,1,1,.0132058097967748,.0049400294537104,-.0276824166434264,-.022742387189716,1,.0049400294537104,-.022742387189716,0,0,.02947998046875,2013,.0005502319335937,2012,0,0,1,1,1,1,1,1,1,.0073658938789336,0,.002584505879273,0,.0073658938789336,0,.0007324238325008,0
South Africa,ZAF,2013,.3640643310546875,.4035599899291992,.1062145042419434,.0447109076769456,ZAF,.4035599899291992,1,1,.0158538838451753,.0063979932048976,-.0282164881885478,-.0218184949836502,1,.0063979932048976,-.0218184949836502,0,0,.0289699935913086,2014,.0131896209716797,2013,0,0,1,1,1,1,1,1,1,.0064420016728678,0,.0023453030296858,0,.0064420016728678,0,.0006842340140094,0
South Africa,ZAF,2014,.371119270324707,.4325299835205078,.1089584541320801,.0568859625899273,ZAF,.4325299835205078,1,1,.0184680593048401,.0079879893867783,-.026883330946002,-.0188953415592238,1,.0079879893867783,-.0188953415592238,0,0,.0194200134277344,2015,.0070549392700195,2014,0,0,1,1,1,1,1,1,1,.0035188482484414,0,.0013059123943449,0,.0035188482484414,0,.0003834082654756,0
South Africa,ZAF,2015,.3626677322387695,.4519499969482422,.1137650299072266,.2711911792858787,ZAF,.4519499969482422,1,1,.0203651825823119,.0092040442059263,-.0034171080997362,.0057869361061901,1,.0092040442059263,.0057869361061901,0,0,.0193899917602539,2016,-.0084515380859375,2015,0,0,1,1,1,1,1,1,1,0,.0211634294169725,0,.0076752929530487,0,.0211634294169725,0,.0024076581805614
South Africa,ZAF,2016,.3815787506103516,.4713399887084961,.1186984443664551,.159534998976666,ZAF,.4713399887084961,1,1,.0220307809598202,.010383988048841,-.0156433564836764,-.0052593684348354,1,.010383988048841,-.0052593684348354,0,0,.0145400238037109,2017,.018911018371582,2016,0,0,1,1,1,1,1,1,1,0,.010117124875947,0,.0038604798699328,0,.010117124875947,0,.0012008869842361
South Africa,ZAF,2017,.3641996765136719,.485880012512207,.1259092998504639,.1153532505553702,ZAF,.485880012512207,1,1,.023307528948851,.0113246624572964,-.0204812170368459,-.0091565545795495,1,.0113246624572964,-.0091565545795495,0,0,.02947998046875,2018,-.0173790740966797,2017,0,0,1,1,1,1,1,1,1,0,.0062199387312329,0,.0022652996738499,0,.0062199387312329,0,.0007831481307623
South Africa,ZAF,2018,.3582564163208008,.515359992980957,.1278955364227295,.0539180789304816,ZAF,.515359992980957,1,1,.0259158994844964,.0133560177764252,-.027208311459347,-.0138522936829217,1,.0133560177764252,-.0138522936829217,0,0,.0456500244140625,2019,-.0059432601928711,2018,0,0,1,1,1,1,1,1,1,0,.0015241996278607,0,.0005460542964349,0,.0015241996278607,0,.0001949383290206
South Africa,ZAF,2019,.3583296203613281,.5610100173950195,.1354760265350342,,ZAF,.5610100173950195,0,0,,,,,0,,,,0,.1282600021362305,2020,.0000732040405274,2019,2,2,0,0,0,0,0,0,0,,,,,,,,
South Africa,ZAF,2020,.35551025390625,.68927001953125,.1634392166137695,,ZAF,.68927001953125,0,0,,,,,0,,,,0,-.0010800170898437,2021,-.0028193664550781,2020,2,2,0,0,0,0,0,0,0,,,,,,,,
South Africa,ZAF,2021,.3610040664672852,.6881900024414063,.1553441047668457,,ZAF,.6881900024414063,0,0,,,,,0,,,,0,.0189599609375,2022,.0054938125610351,2021,2,2,0,0,0,0,0,0,0,,,,,,,,
South Africa,ZAF,2022,.3554815673828125,.7071499633789062,.1628495979309082,,ZAF,.7071499633789062,0,0,,,,,0,,,,0,.025050048828125,2023,-.0055224990844727,2022,2,2,0,0,0,0,0,0,0,,,,,,,,
South Africa,ZAF,2023,.3568257904052735,.7322000122070312,.1826019096374512,,ZAF,.7322000122070312,0,0,,,,,0,,,,0,,,.001344223022461,2023,3,2,0,0,0,0,0,0,0,,,,,,,,
Zambia,ZMB,1995,.3098352432250976,,,,ZMB,,0,0,,,,,0,,,,,,,,,3,4,0,0,0,0,0,0,0,,,,,,,,
Zambia,ZMB,1996,.3099197769165039,,,,ZMB,,0,0,,,,,0,,,,,,,.0000845336914063,1996,3,3,0,0,0,0,0,0,0,,,,,,,,
Zambia,ZMB,1997,.3120836639404297,,,,ZMB,,0,0,,,,,0,,,,,,,.0021638870239258,1997,3,3,0,0,0,0,0,0,0,,,,,,,,
Zambia,ZMB,1998,.3142546272277832,,,,ZMB,,0,0,,,,,0,,,,,,,.0021709632873535,1998,3,3,0,0,0,0,0,0,0,,,,,,,,
Zambia,ZMB,1999,.3149808120727539,,,,ZMB,,0,0,,,,,0,,,,,,,.0007261848449707,1999,3,3,0,0,0,0,0,0,0,,,,,,,,
Zambia,ZMB,2000,.3158420753479004,2.609639892578125,.1214054679870605,,ZMB,2.609639892578125,0,0,,,,,0,,,,0,-.5072099304199216,2001,.0008612632751465,2000,2,2,0,0,0,0,0,0,0,,,,,,,,
Zambia,ZMB,2001,.3166969871520996,2.102429962158203,.101314001083374,,ZMB,2.102429962158203,0,0,,,,,0,,,,0,-.2999899291992187,2002,.0008549118041992,2001,2,2,0,0,0,0,0,0,0,,,,,,,,
Zambia,ZMB,2002,.3174555778503418,1.802440032958984,.1550364112854004,,ZMB,1.802440032958984,0,0,,,,,0,,,,0,-.2078601074218751,2003,.0007585906982422,2002,2,2,0,0,0,0,0,0,0,,,,,,,,
Zambia,ZMB,2003,.3319343948364258,1.594579925537109,.1552343273162842,,ZMB,1.594579925537109,0,0,,,,,0,,,,0,-.2954399108886718,2004,.014478816986084,2003,2,2,0,0,0,0,0,0,0,,,,,,,,
Zambia,ZMB,2004,.3148714447021485,1.299140014648438,.1453958797454834,,ZMB,1.299140014648438,0,0,,,,,0,,,,0,-.5416600036621094,2005,-.0170629501342773,2004,2,2,0,0,0,0,0,0,0,,,,,,,,
Zambia,ZMB,2005,.3043312835693359,.7574800109863281,.1157926177978516,,ZMB,.7574800109863281,0,0,,,,,0,,,,0,-.5074200057983398,2006,-.0105401611328125,2005,2,2,0,0,0,0,0,0,0,,,,,,,,
Zambia,ZMB,2006,.3007218933105469,.2500600051879883,.0445306539535522,,ZMB,.2500600051879883,0,0,,,,,0,,,,0,-.0308500099182129,2007,-.003609390258789,2006,2,2,0,0,0,0,0,0,0,,,,,,,,
Zambia,ZMB,2007,.3065659523010254,.2192099952697754,.0730170488357544,,ZMB,.2192099952697754,0,0,,,,,0,,,,0,-.0272900009155273,2008,.0058440589904785,2007,2,2,0,0,0,0,0,0,0,,,,,,,,
Zambia,ZMB,2008,.3133738899230957,.1919199943542481,.0753592348098755,,ZMB,.1919199943542481,0,0,,,,,0,,,,0,.0132999992370605,2009,.0068079376220703,2008,2,2,0,0,0,0,0,0,0,,,,,,,,
Zambia,ZMB,2009,.311440544128418,.2052199935913086,.084761905670166,,ZMB,.2052199935913086,0,0,,,,,0,,,,0,-.0162399864196777,2010,-.0019333457946777,2009,2,2,0,0,0,0,0,0,0,,,,,,,,
Zambia,ZMB,2010,.3042050170898438,.1889800071716309,.0901240921020508,,ZMB,.1889800071716309,0,0,,,,,0,,,,0,.0190999984741211,2011,-.0072355270385742,2010,2,2,0,0,0,0,0,0,0,,,,,,,,
Zambia,ZMB,2011,.311530818939209,.208080005645752,.0534828662872314,,ZMB,.208080005645752,0,0,,,,,0,,,,0,.0411199951171875,2012,.0073258018493652,2011,2,2,0,0,0,0,0,0,0,,,,,,,,
Zambia,ZMB,2012,.3178257369995117,.2492000007629395,.0707675838470459,,ZMB,.2492000007629395,0,0,,,,,0,,,,0,.0098900032043457,2013,.0062949180603027,2012,2,2,0,0,0,0,0,0,0,,,,,,,,
Zambia,ZMB,2013,.3181837272644043,.2590900039672852,.083612232208252,,ZMB,.2590900039672852,0,0,,,,,0,,,,0,.07947998046875,2014,.0003579902648926,2013,2,2,0,0,0,0,0,0,0,,,,,,,,
Zambia,ZMB,2014,.3300201797485351,.3385699844360351,.1175972461700439,,ZMB,.3385699844360351,0,0,,,,,0,,,,0,.2801200103759766,2015,.0118364524841308,2014,2,2,0,0,0,0,0,0,0,,,,,,,,
Zambia,ZMB,2015,.3182495880126953,.6186899948120117,.1517847633361816,,ZMB,.6186899948120117,0,0,,,,,0,,,,0,-.0071500015258789,2016,-.0117705917358398,2015,2,2,0,0,0,0,0,0,0,,,,,,,,
Zambia,ZMB,2016,.3333133316040039,.6115399932861328,.189011344909668,,ZMB,.6115399932861328,0,0,,,,,0,,,,0,.0545200347900391,2017,.0150637435913086,2016,2,2,0,0,0,0,0,0,0,,,,,,,,
Zambia,ZMB,2017,.3319717025756836,.6660600280761719,.228326187133789,,ZMB,.6660600280761719,0,0,,,,,0,,,,0,.1455899810791015,2018,-.0013416290283203,2017,2,2,0,0,0,0,0,0,0,,,,,,,,
Zambia,ZMB,2018,.3325689315795898,.8116500091552734,.2451606178283691,,ZMB,.8116500091552734,0,0,,,,,0,,,,0,.2216699981689454,2019,.0005972290039062,2018,2,2,0,0,0,0,0,0,0,,,,,,,,
Zambia,ZMB,2019,.3249271774291992,1.033320007324219,.3385097885131836,,ZMB,1.033320007324219,0,0,,,,,0,,,,0,.3666900634765624,2020,-.0076417541503906,2019,2,2,0,0,0,0,0,0,0,,,,,,,,
Zambia,ZMB,2020,.3189572906494141,1.400010070800781,.2930234909057617,,ZMB,1.400010070800781,0,0,,,,,0,,,,0,-.2895401000976563,2021,-.0059698867797852,2020,2,2,0,0,0,0,0,0,0,,,,,,,,
Zambia,ZMB,2021,.3252793502807617,1.110469970703125,.2719835472106933,,ZMB,1.110469970703125,0,0,,,,,0,,,,0,-.1157099914550781,2022,.0063220596313476,2021,2,2,0,0,0,0,0,0,0,,,,,,,,
Zambia,ZMB,2022,.3337459564208984,.9947599792480468,.305892162322998,,ZMB,.9947599792480468,0,0,,,,,0,,,,0,.2958200073242188,2023,.0084666061401367,2022,2,2,0,0,0,0,0,0,0,,,,,,,,
Zambia,ZMB,2023,.3353751754760742,1.290579986572266,.2780060195922852,,ZMB,1.290579986572266,0,0,,,,,0,,,,0,,,.0016292190551758,2023,3,2,0,0,0,0,0,0,0,,,,,,,,
