criterion,variable,cutoff,rss,N,N_low,N_high
YA,YA_hat,-.0314990561484881,3.6822131,1433,145,1288
YA,YA_hat,-.0314018314806313,3.6821249,1433,146,1287
YA,YA_hat,-.0313818149477318,3.6821048,1433,147,1286
YA,YA_hat,-.0313743102901824,3.6820982,1433,147,1286
YA,YA_hat,-.031320601800953,3.682055,1433,148,1285
YA,YA_hat,-.0313175308458657,3.6820524,1433,150,1283
YA,YA_hat,-.0312609123391504,3.6820056,1433,150,1283
YA,YA_hat,-.0312488409215481,3.6819963,1433,151,1282
YA,YA_hat,-.0312213838290343,3.6819742,1433,153,1280
YA,YA_hat,-.0312064035245925,3.6819651,1433,154,1279
YA,YA_hat,-.0311110812113767,3.6819086,1433,154,1279
YA,YA_hat,-.0310988740586524,3.6819067,1433,156,1277
YA,YA_hat,-.031027427579435,3.681891,1433,157,1276
YA,YA_hat,-.0309694984405,3.6818759,1433,157,1276
YA,YA_hat,-.0308530129086881,3.6818495,1433,159,1274
YA,YA_hat,-.0308143228035246,3.6818428,1433,160,1273
YA,YA_hat,-.0307036771298683,3.6818235,1433,161,1272
YA,YA_hat,-.0306990618536019,3.6818228,1433,161,1272
YA,YA_hat,-.0306753617908616,3.6818194,1433,163,1270
YA,YA_hat,-.0305228953710066,3.6817961,1433,163,1270
YA,YA_hat,-.0304789506905338,3.6817913,1433,165,1268
YA,YA_hat,-.0304565925108888,3.6817865,1433,165,1268
YA,YA_hat,-.0303553895159677,3.681757,1433,167,1266
YA,YA_hat,-.0303252116910221,3.6817472,1433,168,1265
YA,YA_hat,-.0302660187317754,3.6817229,1433,168,1265
YA,YA_hat,-.0301737698639611,3.681689,1433,169,1264
YA,YA_hat,-.0301216882584425,3.6816695,1433,170,1263
YA,YA_hat,-.0300538546630791,3.6816442,1433,171,1262
YA,YA_hat,-.0300043371989395,3.681627,1433,172,1261
YA,YA_hat,-.0299238252506185,3.6816068,1433,174,1259
YA,YA_hat,-.0299211646132926,3.6816065,1433,175,1258
YA,YA_hat,-.0299055129278633,3.6816046,1433,175,1258
YA,YA_hat,-.0298643594524334,3.6816003,1433,176,1257
YA,YA_hat,-.0298595607694545,3.6815989,1433,178,1255
YA,YA_hat,-.0298529347718127,3.6815968,1433,178,1255
YA,YA_hat,-.0298305045037462,3.6815884,1433,180,1253
YA,YA_hat,-.0297506676822022,3.6815588,1433,181,1252
YA,YA_hat,-.0297165380148258,3.6815469,1433,182,1251
YA,YA_hat,-.029697934000383,3.6815429,1433,183,1250
YA,YA_hat,-.0296843223549843,3.6815388,1433,184,1249
YA,YA_hat,-.0296569046920183,3.6815348,1433,184,1249
YA,YA_hat,-.0296096176478783,3.6815259,1433,185,1248
YA,YA_hat,-.0295637864480862,3.6815157,1433,187,1246
YA,YA_hat,-.029558257944799,3.6815143,1433,187,1246
YA,YA_hat,-.0295425895149979,3.6815107,1433,188,1245
YA,YA_hat,-.029542471075791,3.6815107,1433,190,1243
YA,YA_hat,-.0295162938070563,3.681504,1433,191,1242
YA,YA_hat,-.0294409662511766,3.6814916,1433,192,1241
YA,YA_hat,-.0293895227773293,3.6814821,1433,193,1240
YA,YA_hat,-.0293810497313648,3.6814818,1433,194,1239
YA,YA_hat,-.0293771713450181,3.6814816,1433,194,1239
YA,YA_hat,-.0293742066641818,3.6814814,1433,196,1237
YA,YA_hat,-.0293577419693332,3.6814809,1433,197,1236
YA,YA_hat,-.0292293357688998,3.6815023,1433,198,1235
YA,YA_hat,-.0291884701622709,3.6815114,1433,199,1234
YA,YA_hat,-.0291494606677591,3.6815214,1433,199,1234
YA,YA_hat,-.0291400584926352,3.6815228,1433,200,1233
YA,YA_hat,-.0290821198453901,3.6815319,1433,202,1231
YA,YA_hat,-.0289449934786384,3.6815724,1433,203,1230
YA,YA_hat,-.0288054620904803,3.6816175,1433,204,1229
YA,YA_hat,-.0287054531308442,3.6816423,1433,204,1229
YA,YA_hat,-.0286069656951364,3.6816628,1433,206,1227
YA,YA_hat,-.028606147703864,3.681663,1433,207,1226
YA,YA_hat,-.0285074222780029,3.6816959,1433,208,1225
YA,YA_hat,-.0284802227723095,3.6817052,1433,209,1224
YA,YA_hat,-.0283578303707316,3.6817427,1433,210,1223
YA,YA_hat,-.028313608814552,3.6817558,1433,210,1223
YA,YA_hat,-.0282423269331501,3.6817768,1433,211,1222
YA,YA_hat,-.0281736491623507,3.6817994,1433,212,1221
YA,YA_hat,-.0281013067779888,3.681823,1433,213,1220
YA,YA_hat,-.0280439742282973,3.6818409,1433,214,1219
YA,YA_hat,-.0280309152995575,3.6818445,1433,216,1217
YA,YA_hat,-.0280259665435743,3.6818459,1433,216,1217
YA,YA_hat,-.0280188530824059,3.6818488,1433,217,1216
YA,YA_hat,-.0279600122439797,3.681869,1433,218,1215
YA,YA_hat,-.0279565285335985,3.68187,1433,220,1213
YA,YA_hat,-.0279348420558165,3.6818755,1433,220,1213
YA,YA_hat,-.0279061247435992,3.681881,1433,222,1211
YA,YA_hat,-.0278863681452998,3.6818833,1433,222,1211
YA,YA_hat,-.027865196659859,3.6818838,1433,223,1210
YA,YA_hat,-.0277918303122639,3.6818869,1433,225,1208
YA,YA_hat,-.0277061661071293,3.6818838,1433,226,1207
YA,YA_hat,-.0276485609153143,3.6818833,1433,227,1206
YA,YA_hat,-.0276342601007154,3.6818833,1433,228,1205
YA,YA_hat,-.0276316574325311,3.6818833,1433,229,1204
YA,YA_hat,-.027585933273775,3.6818807,1433,229,1204
YA,YA_hat,-.0275350052712774,3.681896,1433,230,1203
YA,YA_hat,-.0275083846695719,3.6819081,1433,232,1201
YA,YA_hat,-.02744509023514,3.681941,1433,233,1200
YA,YA_hat,-.0274344573238083,3.6819451,1433,233,1200
YA,YA_hat,-.0274166459407523,3.6819527,1433,234,1199
YA,YA_hat,-.0273898304834888,3.6819646,1433,235,1198
YA,YA_hat,-.0273869929231642,3.6819658,1433,236,1197
YA,YA_hat,-.0273751264051158,3.6819737,1433,237,1196
YA,YA_hat,-.027350276225323,3.6819899,1433,239,1194
YA,YA_hat,-.027336416814579,3.6819999,1433,240,1193
YA,YA_hat,-.0273096989682135,3.6820214,1433,240,1193
YA,YA_hat,-.0272756544323837,3.6820474,1433,241,1192
YA,YA_hat,-.0272656455668821,3.6820543,1433,243,1190
YA,YA_hat,-.0272136114276617,3.6820905,1433,243,1190
YA,YA_hat,-.0272087575215705,3.6820941,1433,245,1188
YA,YA_hat,-.0271609463888573,3.6821277,1433,245,1188
YA,YA_hat,-.0271293154917076,3.6821501,1433,247,1186
YA,YA_hat,-.0271127872830408,3.682163,1433,248,1185
YA,YA_hat,-.027082911713461,3.6821866,1433,248,1185
YA,YA_hat,-.0270673875998359,3.6821988,1433,249,1184
YA,YA_hat,-.0270556326126723,3.6822062,1433,250,1183
YA,YA_hat,-.0270478984372623,3.6822112,1433,251,1182
YA,YA_hat,-.027040578967277,3.6822155,1433,252,1181
YA,YA_hat,-.0270174846487986,3.6822276,1433,254,1179
YA,YA_hat,-.0268759064523448,3.6823046,1433,255,1178
YA,YA_hat,-.0268633515149493,3.6823115,1433,255,1178
YA,YA_hat,-.0268567334044633,3.6823151,1433,256,1177
YA,YA_hat,-.0268429984533387,3.6823235,1433,258,1175
YA,YA_hat,-.0267885216982037,3.6823561,1433,258,1175
YA,YA_hat,-.0267473471299514,3.68238,1433,260,1173
YA,YA_hat,-.0267351960020469,3.6823859,1433,260,1173
YA,YA_hat,-.0267140780354147,3.682395,1433,262,1171
YA,YA_hat,-.0267116364674247,3.6823962,1433,263,1170
YA,YA_hat,-.0266447344972722,3.6824224,1433,263,1170
YA,YA_hat,-.0265926275434784,3.6824431,1433,265,1168
YA,YA_hat,-.0265594830912893,3.682456,1433,266,1167
YA,YA_hat,-.0265180487815467,3.6824706,1433,266,1167
YA,YA_hat,-.0264458018223962,3.6824958,1433,268,1165
YA,YA_hat,-.0264403462432101,3.6824977,1433,269,1164
YA,YA_hat,-.0264214547993103,3.6825039,1433,269,1164
YA,YA_hat,-.0263137518408335,3.6825395,1433,270,1163
YA,YA_hat,-.026263559510751,3.6825554,1433,271,1162
YA,YA_hat,-.0262603495634607,3.6825564,1433,273,1160
YA,YA_hat,-.0261676506811159,3.6825764,1433,273,1160
YA,YA_hat,-.0261428928795758,3.6825831,1433,275,1158
YA,YA_hat,-.0261402540614338,3.6825838,1433,276,1157
YA,YA_hat,-.0261283785471864,3.6825879,1433,276,1157
YA,YA_hat,-.0260977685738487,3.6825976,1433,278,1155
YA,YA_hat,-.026070519734044,3.6826067,1433,279,1154
YA,YA_hat,-.0260660105600775,3.6826081,1433,280,1153
YA,YA_hat,-.0260361338452448,3.6826189,1433,281,1152
YA,YA_hat,-.0260075264070978,3.6826286,1433,282,1151
YA,YA_hat,-.0259973050943592,3.6826329,1433,283,1150
YA,YA_hat,-.0259625339105892,3.6826463,1433,283,1150
YA,YA_hat,-.0259560744714318,3.6826489,1433,284,1149
YA,YA_hat,-.0259477328024146,3.6826518,1433,286,1147
YA,YA_hat,-.0258722759991989,3.682673,1433,286,1147
YA,YA_hat,-.0258678689302949,3.6826739,1433,288,1145
YA,YA_hat,-.0258535594856616,3.682677,1433,289,1144
YA,YA_hat,-.0258395843697012,3.6826794,1433,290,1143
YA,YA_hat,-.0257892637464643,3.6826882,1433,291,1142
YA,YA_hat,-.0257407116238846,3.6826944,1433,291,1142
YA,YA_hat,-.0257381448723097,3.6826947,1433,293,1140
YA,YA_hat,-.0257350137330099,3.6826952,1433,294,1139
YA,YA_hat,-.0257311626279845,3.6826954,1433,294,1139
YA,YA_hat,-.0257210671621894,3.6826966,1433,295,1138
YA,YA_hat,-.0256885810496346,3.6827006,1433,297,1136
YA,YA_hat,-.0256539840807086,3.6827021,1433,298,1135
YA,YA_hat,-.0256481153814712,3.6827023,1433,299,1134
YA,YA_hat,-.0256052232848535,3.6827037,1433,299,1134
YA,YA_hat,-.0256034571717082,3.6827037,1433,301,1132
YA,YA_hat,-.0255937021971123,3.682704,1433,301,1132
YA,YA_hat,-.0255520241321753,3.6827054,1433,303,1130
YA,YA_hat,-.0255472365469943,3.6827052,1433,304,1129
YA,YA_hat,-.025528940144644,3.6827071,1433,304,1129
YA,YA_hat,-.0254819019848687,3.6827116,1433,306,1127
YA,YA_hat,-.0254224444356755,3.6827168,1433,306,1127
YA,YA_hat,-.0253539972200078,3.6827235,1433,308,1125
YA,YA_hat,-.0253444795303024,3.6827247,1433,309,1124
YA,YA_hat,-.0252612624457857,3.6827421,1433,310,1123
YA,YA_hat,-.0252047857159946,3.6827545,1433,311,1122
YA,YA_hat,-.0251644053417816,3.6827638,1433,312,1121
YA,YA_hat,-.0251426285789564,3.6827686,1433,312,1121
YA,YA_hat,-.0250982654436321,3.6827748,1433,313,1120
YA,YA_hat,-.0250914817989662,3.682776,1433,314,1119
YA,YA_hat,-.025066114791076,3.6827796,1433,316,1117
YA,YA_hat,-.025038568257744,3.6827836,1433,316,1117
YA,YA_hat,-.0250188536295077,3.6827891,1433,317,1116
YA,YA_hat,-.02501056712127,3.6827915,1433,318,1115
YA,YA_hat,-.0249589899589589,3.6828065,1433,319,1114
YA,YA_hat,-.0249189797939686,3.6828182,1433,320,1113
YA,YA_hat,-.0249153089969312,3.6828194,1433,322,1111
YA,YA_hat,-.0248520773573791,3.682837,1433,323,1110
YA,YA_hat,-.024753791735562,3.6828656,1433,324,1109
YA,YA_hat,-.0246865758226066,3.6828873,1433,325,1108
YA,YA_hat,-.0245623231456635,3.6829247,1433,325,1108
YA,YA_hat,-.0245426168226481,3.6829307,1433,326,1107
YA,YA_hat,-.0245267708772623,3.6829355,1433,328,1105
YA,YA_hat,-.0245177213680353,3.6829383,1433,328,1105
YA,YA_hat,-.0245125371852594,3.6829398,1433,330,1103
YA,YA_hat,-.0244258049421607,3.6829674,1433,331,1102
YA,YA_hat,-.0244195258173265,3.6829696,1433,332,1101
YA,YA_hat,-.024408009872679,3.6829727,1433,332,1101
YA,YA_hat,-.024360228027986,3.6829865,1433,333,1100
YA,YA_hat,-.0243381752852537,3.6829903,1433,335,1098
YA,YA_hat,-.0242270881355795,3.6830087,1433,336,1097
YA,YA_hat,-.0241198017834197,3.6830256,1433,336,1097
YA,YA_hat,-.0239926826908386,3.6830497,1433,337,1096
YA,YA_hat,-.0239730976180457,3.6830544,1433,338,1095
YA,YA_hat,-.0239506878593318,3.6830599,1433,339,1094
YA,YA_hat,-.0239494462801936,3.6830602,1433,341,1092
YA,YA_hat,-.0239430490825092,3.6830616,1433,342,1091
YA,YA_hat,-.0239267019793749,3.6830647,1433,342,1091
YA,YA_hat,-.0238826036652034,3.6830676,1433,343,1090
YA,YA_hat,-.0238544061385135,3.6830699,1433,345,1088
YA,YA_hat,-.0238326995939999,3.6830719,1433,345,1088
YA,YA_hat,-.0238315610280223,3.6830721,1433,347,1086
YA,YA_hat,-.0238253529410308,3.6830728,1433,348,1085
YA,YA_hat,-.0237939437095102,3.6830654,1433,349,1084
YA,YA_hat,-.0237913059965695,3.6830647,1433,350,1083
YA,YA_hat,-.0237335777429225,3.6830473,1433,350,1083
YA,YA_hat,-.0237317617399989,3.6830468,1433,351,1082
YA,YA_hat,-.0236491407648816,3.6830244,1433,353,1080
YA,YA_hat,-.0236479721718969,3.6830242,1433,354,1079
YA,YA_hat,-.0236295630613624,3.6830208,1433,355,1078
YA,YA_hat,-.0235962057679561,3.6830139,1433,355,1078
YA,YA_hat,-.023559689641261,3.6830068,1433,357,1076
YA,YA_hat,-.023558366956932,3.6830065,1433,357,1076
YA,YA_hat,-.0235110146787721,3.682997,1433,359,1074
YA,YA_hat,-.0235073945366525,3.6829963,1433,359,1074
YA,YA_hat,-.0234977667251584,3.6829941,1433,360,1073
YA,YA_hat,-.0234152165060985,3.6829705,1433,361,1072
YA,YA_hat,-.0233762118134982,3.6829562,1433,363,1070
YA,YA_hat,-.0233108400301507,3.6829398,1433,364,1069
YA,YA_hat,-.023268267821643,3.682924,1433,364,1069
YA,YA_hat,-.0232643395626394,3.6829226,1433,365,1068
YA,YA_hat,-.0232522593313972,3.6829174,1433,367,1066
YA,YA_hat,-.0232379691263497,3.6829114,1433,368,1065
YA,YA_hat,-.0232049822205763,3.6828964,1433,369,1064
YA,YA_hat,-.0231851311553928,3.6828871,1433,370,1063
YA,YA_hat,-.0231807789985986,3.6828852,1433,370,1063
YA,YA_hat,-.0231570407677614,3.6828744,1433,371,1062
YA,YA_hat,-.0231186971795371,3.6828566,1433,372,1061
YA,YA_hat,-.0230907033918016,3.6828425,1433,374,1059
YA,YA_hat,-.0230614947826755,3.6828287,1433,375,1058
YA,YA_hat,-.0230584387607645,3.6828275,1433,376,1057
YA,YA_hat,-.0230456684587968,3.682822,1433,376,1057
YA,YA_hat,-.023015992064986,3.6828082,1433,377,1056
YA,YA_hat,-.0229985503390831,3.6827993,1433,378,1055
YA,YA_hat,-.0229904187181342,3.6827953,1433,380,1053
YA,YA_hat,-.0229887722499178,3.6827943,1433,381,1052
YA,YA_hat,-.0229840994450032,3.6827919,1433,381,1052
YA,YA_hat,-.0229839215100811,3.6827919,1433,383,1050
YA,YA_hat,-.0229803671174198,3.6827903,1433,383,1050
YA,YA_hat,-.0229787059776393,3.6827896,1433,384,1049
YA,YA_hat,-.0229444771665352,3.682775,1433,386,1047
YA,YA_hat,-.0229329849029201,3.68277,1433,387,1046
YA,YA_hat,-.022927652877546,3.6827676,1433,388,1045
YA,YA_hat,-.0229229602021156,3.6827655,1433,388,1045
YA,YA_hat,-.022856995229469,3.6827366,1433,389,1044
YA,YA_hat,-.022806177363471,3.682719,1433,390,1043
YA,YA_hat,-.0227773067297994,3.6827085,1433,392,1041
YA,YA_hat,-.0227394783895325,3.6826947,1433,393,1040
YA,YA_hat,-.0227224547438777,3.6826875,1433,393,1040
YA,YA_hat,-.0227103728865639,3.6826823,1433,394,1039
YA,YA_hat,-.0226967949274237,3.6826754,1433,395,1038
YA,YA_hat,-.0226713357112855,3.6826608,1433,396,1037
YA,YA_hat,-.022660058363127,3.6826541,1433,397,1036
YA,YA_hat,-.0226532637683025,3.6826503,1433,399,1034
YA,YA_hat,-.0226240837274252,3.6826346,1433,400,1033
YA,YA_hat,-.0226093712060384,3.6826267,1433,401,1032
YA,YA_hat,-.0226034738550806,3.6826239,1433,401,1032
YA,YA_hat,-.0225982424267874,3.6826215,1433,403,1030
YA,YA_hat,-.0225622344398677,3.6826038,1433,404,1029
YA,YA_hat,-.0225195155853715,3.6825836,1433,405,1028
YA,YA_hat,-.022477965736902,3.6825614,1433,405,1028
YA,YA_hat,-.0224733449074571,3.682559,1433,406,1027
YA,YA_hat,-.0224439291283927,3.6825421,1433,408,1025
YA,YA_hat,-.0224227802831626,3.6825294,1433,409,1024
YA,YA_hat,-.0224177617050511,3.6825261,1433,409,1024
YA,YA_hat,-.0223836888998393,3.6825047,1433,411,1022
YA,YA_hat,-.0223700688269853,3.6824977,1433,412,1021
YA,YA_hat,-.0223569379748416,3.6824913,1433,412,1021
YA,YA_hat,-.0223546836892763,3.6824901,1433,413,1020
YA,YA_hat,-.0223246647953605,3.6824732,1433,414,1019
YA,YA_hat,-.0223151663992533,3.6824679,1433,415,1018
YA,YA_hat,-.0223097380737868,3.6824651,1433,417,1016
YA,YA_hat,-.0222935714529487,3.682456,1433,418,1015
YA,YA_hat,-.022284860476276,3.6824515,1433,419,1014
YA,YA_hat,-.0222832424012329,3.6824505,1433,419,1014
YA,YA_hat,-.0222634298047895,3.682441,1433,421,1012
YA,YA_hat,-.0222545994903677,3.6824365,1433,422,1011
YA,YA_hat,-.0222274327651743,3.6824212,1433,423,1010
YA,YA_hat,-.0222082234399921,3.6824107,1433,424,1009
YA,YA_hat,-.0220989754680774,3.6823411,1433,425,1008
YA,YA_hat,-.0220314864916994,3.6822963,1433,426,1007
YA,YA_hat,-.021939976856652,3.6822395,1433,426,1007
YA,YA_hat,-.0218946389878674,3.68221,1433,427,1006
YA,YA_hat,-.0218537072178185,3.6821864,1433,429,1004
YA,YA_hat,-.0218467620430147,3.6821818,1433,430,1003
YA,YA_hat,-.0218131146092509,3.6821613,1433,430,1003
YA,YA_hat,-.0217460778958605,3.6821115,1433,431,1002
YA,YA_hat,-.0217307876606451,3.6821003,1433,432,1001
YA,YA_hat,-.0217281025161036,3.6820982,1433,434,999
YA,YA_hat,-.0217163589680292,3.6820886,1433,435,998
YA,YA_hat,-.0217055870611091,3.6820796,1433,435,998
YA,YA_hat,-.0216750504025977,3.6820524,1433,437,996
YA,YA_hat,-.0216342704319515,3.6820157,1433,438,995
YA,YA_hat,-.0216237202090725,3.6820064,1433,439,994
YA,YA_hat,-.0216130508993394,3.6819975,1433,440,993
YA,YA_hat,-.0215367731765423,3.6819346,1433,441,992
YA,YA_hat,-.0215165524050511,3.6819184,1433,442,991
YA,YA_hat,-.0215091951003798,3.6819127,1433,443,990
YA,YA_hat,-.021492634508276,3.6819,1433,444,989
YA,YA_hat,-.0214895039186466,3.6818974,1433,445,988
YA,YA_hat,-.0214655442424119,3.6818779,1433,446,987
YA,YA_hat,-.0214407110786206,3.6818576,1433,447,986
YA,YA_hat,-.0213474161258316,3.6817846,1433,448,985
YA,YA_hat,-.0213400020489114,3.6817787,1433,449,984
YA,YA_hat,-.0213349111408958,3.6817741,1433,449,984
YA,YA_hat,-.0212738057037402,3.6817219,1433,451,982
YA,YA_hat,-.0212269526840735,3.6816819,1433,452,981
YA,YA_hat,-.0211766320067051,3.6816387,1433,453,980
YA,YA_hat,-.0211733715109357,3.6816356,1433,453,980
YA,YA_hat,-.021120352400038,3.6815829,1433,454,979
YA,YA_hat,-.0211154512692138,3.6815779,1433,456,977
YA,YA_hat,-.0210960379483785,3.6815612,1433,457,976
YA,YA_hat,-.0210285690829869,3.6815028,1433,457,976
YA,YA_hat,-.0210100205368256,3.6814899,1433,459,974
YA,YA_hat,-.0210053525279427,3.6814866,1433,460,973
YA,YA_hat,-.0210025524518856,3.6814842,1433,461,972
YA,YA_hat,-.0210017673146356,3.6814837,1433,462,971
YA,YA_hat,-.0209844108055206,3.6814699,1433,462,971
YA,YA_hat,-.0209758731277284,3.6814632,1433,464,969
YA,YA_hat,-.0209063618304513,3.6814103,1433,464,969
YA,YA_hat,-.0208447453666058,3.68137,1433,466,967
YA,YA_hat,-.0208134913672087,3.6813495,1433,467,966
YA,YA_hat,-.0207243355902237,3.6813121,1433,468,965
YA,YA_hat,-.020717459401635,3.681309,1433,468,965
YA,YA_hat,-.0207109489139376,3.6813068,1433,469,964
YA,YA_hat,-.0206779947126607,3.6812968,1433,470,963
YA,YA_hat,-.0206054240141083,3.681273,1433,472,961
YA,YA_hat,-.020565849826696,3.6812613,1433,473,960
YA,YA_hat,-.0205066458346755,3.6812449,1433,474,959
YA,YA_hat,-.0204903704281023,3.6812391,1433,474,959
YA,YA_hat,-.0204698972859732,3.681232,1433,476,957
YA,YA_hat,-.0204686980546273,3.6812315,1433,477,956
YA,YA_hat,-.0204681230049297,3.6812313,1433,477,956
YA,YA_hat,-.0204259607812708,3.6812141,1433,479,954
YA,YA_hat,-.0204021135517548,3.6812024,1433,479,954
YA,YA_hat,-.020318706656645,3.6811635,1433,481,952
YA,YA_hat,-.0202571702011337,3.6811333,1433,481,952
YA,YA_hat,-.020237086917762,3.6811235,1433,483,950
YA,YA_hat,-.0202161581900852,3.6811125,1433,483,950
YA,YA_hat,-.0202003735099149,3.6811047,1433,484,949
YA,YA_hat,-.0201980052383856,3.6811032,1433,485,948
YA,YA_hat,-.0201923830746147,3.6810994,1433,487,946
YA,YA_hat,-.0201192477932996,3.6810505,1433,488,945
YA,YA_hat,-.0201176851165172,3.6810496,1433,488,945
YA,YA_hat,-.0201154690595968,3.6810482,1433,490,943
YA,YA_hat,-.0201051464091245,3.681041,1433,490,943
YA,YA_hat,-.0201046902520979,3.6810408,1433,492,941
YA,YA_hat,-.0200689433835094,3.6810155,1433,493,940
YA,YA_hat,-.0200068109008408,3.6809773,1433,493,940
YA,YA_hat,-.0199928141599548,3.6809688,1433,495,938
YA,YA_hat,-.0199678073950474,3.6809516,1433,496,937
YA,YA_hat,-.019962698409775,3.680948,1433,496,937
YA,YA_hat,-.0199479442642614,3.680938,1433,498,935
YA,YA_hat,-.0199092493856977,3.6809115,1433,498,935
YA,YA_hat,-.0197633759592452,3.6808145,1433,499,934
YA,YA_hat,-.0197534451785,3.6808076,1433,500,933
YA,YA_hat,-.0197338195879628,3.680794,1433,501,932
YA,YA_hat,-.0196852820202834,3.6807604,1433,502,931
YA,YA_hat,-.019629596089536,3.680727,1433,504,929
YA,YA_hat,-.0196253506339765,3.6807244,1433,504,929
YA,YA_hat,-.0196205017914332,3.6807206,1433,506,927
YA,YA_hat,-.019602054785711,3.6807017,1433,507,926
YA,YA_hat,-.0194800024470745,3.6805816,1433,508,925
YA,YA_hat,-.0194774043170638,3.6805789,1433,509,924
YA,YA_hat,-.0194630252239615,3.6805627,1433,510,923
YA,YA_hat,-.0194404939019254,3.6805363,1433,510,923
YA,YA_hat,-.0194365336020897,3.6805317,1433,511,922
YA,YA_hat,-.0194338952985163,3.6805284,1433,512,921
YA,YA_hat,-.0194229917519141,3.6805146,1433,514,919
YA,YA_hat,-.0193868537990319,3.6804671,1433,514,919
YA,YA_hat,-.0193750543740114,3.6804514,1433,516,917
YA,YA_hat,-.0193370716081338,3.6804006,1433,516,917
YA,YA_hat,-.0193270844304904,3.6803865,1433,518,915
YA,YA_hat,-.0193159135054522,3.6803708,1433,519,914
YA,YA_hat,-.0193005907560693,3.6803493,1433,520,913
YA,YA_hat,-.0192704245205218,3.6803071,1433,521,912
YA,YA_hat,-.0191851116681098,3.6801805,1433,522,911
YA,YA_hat,-.0190458731066319,3.6799829,1433,523,910
YA,YA_hat,-.019035811292147,3.6799684,1433,524,909
YA,YA_hat,-.0190326624313137,3.6799638,1433,524,909
YA,YA_hat,-.0190279992766455,3.6799572,1433,526,907
YA,YA_hat,-.019027528232881,3.6799564,1433,526,907
YA,YA_hat,-.0190190509355468,3.6799452,1433,528,905
YA,YA_hat,-.0190047212746932,3.6799257,1433,528,905
YA,YA_hat,-.0189581924086128,3.6798625,1433,530,903
YA,YA_hat,-.0188511758867313,3.6797183,1433,531,902
YA,YA_hat,-.0188221407598548,3.6796794,1433,532,901
YA,YA_hat,-.0188134573916101,3.6796682,1433,532,901
YA,YA_hat,-.018788678660821,3.679636,1433,534,899
YA,YA_hat,-.0186979226437594,3.679513,1433,535,898
YA,YA_hat,-.0186710622015249,3.6794767,1433,536,897
YA,YA_hat,-.0186626708785156,3.6794653,1433,537,896
YA,YA_hat,-.0185922902683813,3.6793702,1433,537,896
YA,YA_hat,-.0185865709036556,3.6793621,1433,538,895
YA,YA_hat,-.0185845060051034,3.679359,1433,540,893
YA,YA_hat,-.0185655272158475,3.6793308,1433,541,892
YA,YA_hat,-.018518541727287,3.6792624,1433,542,891
YA,YA_hat,-.0185103019364512,3.6792505,1433,542,891
YA,YA_hat,-.0185041926808181,3.6792414,1433,543,890
YA,YA_hat,-.0185004126334711,3.6792359,1433,544,889
YA,YA_hat,-.0184561062429691,3.6791713,1433,545,888
YA,YA_hat,-.0184342777993083,3.6791396,1433,546,887
YA,YA_hat,-.0184330720488792,3.6791377,1433,548,885
YA,YA_hat,-.0184315589066414,3.6791356,1433,549,884
YA,YA_hat,-.0184250501874341,3.6791255,1433,549,884
YA,YA_hat,-.0184135308298988,3.6791079,1433,550,883
YA,YA_hat,-.0183590145360905,3.6790245,1433,551,882
YA,YA_hat,-.0183209068577285,3.6789663,1433,553,880
YA,YA_hat,-.0182585696328393,3.6788716,1433,554,879
YA,YA_hat,-.018251414382039,3.6788602,1433,554,879
YA,YA_hat,-.0182257071345785,3.6788187,1433,555,878
YA,YA_hat,-.0182198416437525,3.6788094,1433,556,877
YA,YA_hat,-.0182059091463549,3.6787877,1433,557,876
YA,YA_hat,-.01820488980775,3.678786,1433,559,874
YA,YA_hat,-.0181791125458356,3.6787457,1433,560,873
YA,YA_hat,-.018161514366336,3.6787183,1433,560,873
YA,YA_hat,-.0181490590116321,3.678699,1433,562,871
YA,YA_hat,-.0181336586491792,3.6786745,1433,562,871
YA,YA_hat,-.0180733248017295,3.6785743,1433,563,870
YA,YA_hat,-.0180322760114413,3.6785049,1433,564,869
YA,YA_hat,-.0180308997345012,3.6785026,1433,566,867
YA,YA_hat,-.0180273827747602,3.6784966,1433,566,867
YA,YA_hat,-.0180176250556296,3.6784799,1433,567,866
YA,YA_hat,-.0179928279525091,3.6784372,1433,568,865
YA,YA_hat,-.017984017106248,3.678422,1433,569,864
YA,YA_hat,-.0179712490933967,3.6784003,1433,571,862
YA,YA_hat,-.0179521748824163,3.6783681,1433,572,861
YA,YA_hat,-.0179343541128398,3.6783378,1433,572,861
YA,YA_hat,-.0179214859190559,3.6783159,1433,574,859
YA,YA_hat,-.0178765888877743,3.6782384,1433,574,859
YA,YA_hat,-.0178653098880723,3.6782186,1433,575,858
YA,YA_hat,-.0178291091191235,3.6781554,1433,576,857
YA,YA_hat,-.017827055560685,3.6781518,1433,577,856
YA,YA_hat,-.0178187967306977,3.6781375,1433,579,854
YA,YA_hat,-.017811425659971,3.6781247,1433,580,853
YA,YA_hat,-.0178091272300532,3.6781206,1433,581,852
YA,YA_hat,-.0177812357843523,3.6780713,1433,582,851
YA,YA_hat,-.0177652639994887,3.6780431,1433,583,850
YA,YA_hat,-.0177623294367236,3.6780381,1433,584,849
YA,YA_hat,-.0177520967107713,3.6780205,1433,585,848
YA,YA_hat,-.0177499114244429,3.6780167,1433,585,848
YA,YA_hat,-.0177183457996716,3.6779623,1433,587,846
YA,YA_hat,-.0177072218083464,3.6779432,1433,588,845
YA,YA_hat,-.0176264540182739,3.6777971,1433,589,844
YA,YA_hat,-.0176067523620204,3.6777613,1433,590,843
YA,YA_hat,-.0175785694391396,3.6777112,1433,590,843
YA,YA_hat,-.0175672020776548,3.677691,1433,591,842
YA,YA_hat,-.017563810553854,3.677685,1433,593,840
YA,YA_hat,-.0175488739358988,3.677659,1433,594,839
YA,YA_hat,-.0175175421767421,3.6776056,1433,594,839
YA,YA_hat,-.0174711752555612,3.6775243,1433,596,837
YA,YA_hat,-.017456747693434,3.6774986,1433,597,836
YA,YA_hat,-.0174531341882723,3.6774921,1433,597,836
YA,YA_hat,-.0174442540543701,3.6774762,1433,598,835
YA,YA_hat,-.0174130049277233,3.6774173,1433,600,833
YA,YA_hat,-.0173652192537144,3.6773276,1433,600,833
YA,YA_hat,-.0172925127850414,3.677201,1433,602,831
YA,YA_hat,-.0172394560541738,3.6771085,1433,602,831
YA,YA_hat,-.0172012628694856,3.6770437,1433,604,829
YA,YA_hat,-.0171775750721685,3.6770065,1433,604,829
YA,YA_hat,-.0171731818232674,3.6769996,1433,606,827
YA,YA_hat,-.0171467838721729,3.6769576,1433,606,827
YA,YA_hat,-.0171201166484311,3.6769147,1433,608,825
YA,YA_hat,-.0170769250244081,3.6768479,1433,609,824
YA,YA_hat,-.0170532862833794,3.6768103,1433,610,823
YA,YA_hat,-.0170048847897953,3.6767323,1433,610,823
YA,YA_hat,-.0169999125743217,3.6767242,1433,611,822
YA,YA_hat,-.0169732109940766,3.6766798,1433,613,820
YA,YA_hat,-.0169478969863766,3.6766376,1433,614,819
YA,YA_hat,-.0169353211305399,3.6766167,1433,615,818
YA,YA_hat,-.0168654370340458,3.6765001,1433,615,818
YA,YA_hat,-.0168292295337348,3.6764333,1433,616,817
YA,YA_hat,-.0168219892456622,3.6764181,1433,618,815
YA,YA_hat,-.0168059900495631,3.6763842,1433,619,814
YA,YA_hat,-.0167964624129736,3.6763637,1433,619,814
YA,YA_hat,-.016794494968548,3.6763594,1433,620,813
YA,YA_hat,-.0167361376569609,3.6762345,1433,622,811
YA,YA_hat,-.0167081901292693,3.6761749,1433,622,811
YA,YA_hat,-.0166935568796381,3.6761448,1433,624,809
YA,YA_hat,-.0166898177292311,3.6761377,1433,624,809
YA,YA_hat,-.0166449703318747,3.6760511,1433,626,807
YA,YA_hat,-.016629292831093,3.6760206,1433,626,807
YA,YA_hat,-.0165784330591367,3.6759222,1433,627,806
YA,YA_hat,-.0165759710020104,3.6759171,1433,628,805
YA,YA_hat,-.0165388741239287,3.6758435,1433,630,803
YA,YA_hat,-.0165206520452207,3.6758072,1433,631,802
YA,YA_hat,-.0164807156552496,3.6757288,1433,631,802
YA,YA_hat,-.0164243944535095,3.6756155,1433,633,800
YA,YA_hat,-.0163791376253234,3.6755247,1433,634,799
YA,YA_hat,-.0163554663726968,3.6754761,1433,634,799
YA,YA_hat,-.0163496005314583,3.6754639,1433,635,798
YA,YA_hat,-.0163255046030607,3.6754136,1433,637,796
YA,YA_hat,-.0163160480945492,3.6753933,1433,638,795
YA,YA_hat,-.0162757893240486,3.6753061,1433,639,794
YA,YA_hat,-.0162249978064398,3.6751969,1433,639,794
YA,YA_hat,-.0162187801572724,3.6751838,1433,640,793
YA,YA_hat,-.0161927053506675,3.6751366,1433,641,792
YA,YA_hat,-.0161851193299432,3.6751227,1433,643,790
YA,YA_hat,-.0161742890540553,3.6751029,1433,644,789
YA,YA_hat,-.0161694702751336,3.6750941,1433,645,788
YA,YA_hat,-.0161597819976453,3.6750767,1433,646,787
YA,YA_hat,-.0161595465155584,3.6750765,1433,647,786
YA,YA_hat,-.0161574660351699,3.6750731,1433,648,785
YA,YA_hat,-.0161207914338662,3.6750178,1433,649,784
YA,YA_hat,-.0161040242148109,3.6749935,1433,649,784
YA,YA_hat,-.0160029045247208,3.6748321,1433,651,782
YA,YA_hat,-.0159686114242417,3.6747775,1433,651,782
YA,YA_hat,-.0159525724977901,3.6747515,1433,652,781
YA,YA_hat,-.0159520023164542,3.6747506,1433,653,780
YA,YA_hat,-.0159219466381295,3.6747026,1433,655,778
YA,YA_hat,-.0159031422040179,3.6746726,1433,656,777
YA,YA_hat,-.0158903805233644,3.6746519,1433,657,776
YA,YA_hat,-.0158704102098241,3.6746192,1433,658,775
YA,YA_hat,-.0158525041065828,3.6745889,1433,659,774
YA,YA_hat,-.015851714555507,3.6745875,1433,660,773
YA,YA_hat,-.0158163590245336,3.6745274,1433,661,772
YA,YA_hat,-.0158011559708861,3.6745017,1433,661,772
YA,YA_hat,-.0157655795045565,3.6744416,1433,662,771
YA,YA_hat,-.0157341487351052,3.6743968,1433,664,769
YA,YA_hat,-.0156802394928008,3.6743228,1433,664,769
YA,YA_hat,-.0156621117722508,3.674298,1433,665,768
YA,YA_hat,-.015661636034656,3.6742976,1433,666,767
YA,YA_hat,-.0156139687951479,3.6742322,1433,667,766
YA,YA_hat,-.015596076151238,3.6742079,1433,668,765
YA,YA_hat,-.0155910270293865,3.674201,1433,669,764
YA,YA_hat,-.0155780443480564,3.6741834,1433,671,762
YA,YA_hat,-.015510997152192,3.6740923,1433,671,762
YA,YA_hat,-.0154870169143603,3.6740599,1433,672,761
YA,YA_hat,-.0154400319830067,3.6739967,1433,674,759
YA,YA_hat,-.0154089235304071,3.6739552,1433,675,758
YA,YA_hat,-.0153600375898865,3.6738877,1433,675,758
YA,YA_hat,-.0153209844440739,3.6738355,1433,677,756
YA,YA_hat,-.0152908920969877,3.6737945,1433,677,756
YA,YA_hat,-.0152730829551065,3.673764,1433,679,754
YA,YA_hat,-.0152472246797901,3.6737204,1433,680,753
YA,YA_hat,-.0152332974521254,3.6736968,1433,680,753
YA,YA_hat,-.0152004828855755,3.6736414,1433,681,752
YA,YA_hat,-.0151560563434787,3.6735663,1433,682,751
YA,YA_hat,-.0151397938006915,3.6735387,1433,684,749
YA,YA_hat,-.0151353332548245,3.6735313,1433,684,749
YA,YA_hat,-.0150814314934518,3.6734407,1433,685,748
YA,YA_hat,-.0150669494441444,3.6734183,1433,687,746
YA,YA_hat,-.0150544074315619,3.673399,1433,688,745
YA,YA_hat,-.0150527578418473,3.6733963,1433,688,745
YA,YA_hat,-.0150452181859635,3.6733842,1433,690,743
YA,YA_hat,-.0150133377109685,3.6733322,1433,691,742
YA,YA_hat,-.0149713009256683,3.673264,1433,691,742
YA,YA_hat,-.0149145565053702,3.673172,1433,693,740
YA,YA_hat,-.0148910760276639,3.6731317,1433,693,740
YA,YA_hat,-.0148364590136979,3.6730387,1433,694,739
YA,YA_hat,-.0148353439073498,3.6730368,1433,695,738
YA,YA_hat,-.0148290984553686,3.6730258,1433,697,736
YA,YA_hat,-.0147956979266455,3.672967,1433,697,736
YA,YA_hat,-.0147717450533457,3.6729245,1433,698,735
YA,YA_hat,-.0147542110895625,3.6728921,1433,700,733
YA,YA_hat,-.0147501561004177,3.6728847,1433,701,732
YA,YA_hat,-.0147367635976498,3.6728594,1433,701,732
YA,YA_hat,-.0146729803261635,3.6727395,1433,703,730
YA,YA_hat,-.0145993132321202,3.6726046,1433,703,730
YA,YA_hat,-.0145883565886355,3.6725845,1433,704,729
YA,YA_hat,-.0145766573168556,3.6725633,1433,706,727
YA,YA_hat,-.0145316570008051,3.6724818,1433,706,727
YA,YA_hat,-.0144740092608969,3.6723773,1433,708,725
YA,YA_hat,-.0144674267341349,3.6723654,1433,709,724
YA,YA_hat,-.0144657558434823,3.6723623,1433,710,723
YA,YA_hat,-.0143542819516983,3.6721549,1433,711,722
YA,YA_hat,-.0143482288767652,3.6721449,1433,711,722
YA,YA_hat,-.0143242934084212,3.6721053,1433,712,721
YA,YA_hat,-.014278250838737,3.6720331,1433,713,720
YA,YA_hat,-.0142619098134581,3.6720071,1433,714,719
YA,YA_hat,-.0142491203772108,3.6719868,1433,716,717
YA,YA_hat,-.0142257906950996,3.6719499,1433,716,717
YA,YA_hat,-.0141870195810641,3.6718874,1433,717,716
YA,YA_hat,-.0141441721780833,3.6718166,1433,719,714
YA,YA_hat,-.0140907547797969,3.6717281,1433,719,714
YA,YA_hat,-.0140238095961145,3.6716247,1433,720,713
YA,YA_hat,-.0140116524408954,3.6716251,1433,721,712
YA,YA_hat,-.0140113922776586,3.6716251,1433,723,710
YA,YA_hat,-.0139805783154617,3.6716237,1433,724,709
YA,YA_hat,-.0139343492496894,3.6716228,1433,724,709
YA,YA_hat,-.0138636443655174,3.6716282,1433,725,708
YA,YA_hat,-.0138147162234827,3.6716328,1433,727,706
YA,YA_hat,-.0138004542145313,3.6716363,1433,727,706
YA,YA_hat,-.0137982957101053,3.6716368,1433,729,704
YA,YA_hat,-.0137105802564339,3.6716621,1433,729,704
YA,YA_hat,-.0136902862733559,3.6716683,1433,730,703
YA,YA_hat,-.0136454164491826,3.6716821,1433,732,701
YA,YA_hat,-.0136051582390787,3.6716931,1433,732,701
YA,YA_hat,-.013572071928827,3.6717026,1433,734,699
YA,YA_hat,-.0135484293438642,3.6717093,1433,735,698
YA,YA_hat,-.0135019437642871,3.6717217,1433,735,698
YA,YA_hat,-.0134938745347662,3.6717238,1433,737,696
YA,YA_hat,-.0134614615122614,3.6717312,1433,737,696
YA,YA_hat,-.0134219888292692,3.671741,1433,738,695
YA,YA_hat,-.0134039987290708,3.6717455,1433,740,693
YA,YA_hat,-.0134028467918498,3.6717458,1433,741,692
YA,YA_hat,-.0133983606566475,3.671746,1433,741,692
YA,YA_hat,-.0133293181045157,3.6717443,1433,742,691
YA,YA_hat,-.013311817771362,3.6717412,1433,744,689
YA,YA_hat,-.013300802813358,3.6717393,1433,744,689
YA,YA_hat,-.0131863279540491,3.6717222,1433,746,687
YA,YA_hat,-.0131740249387824,3.6717196,1433,746,687
YA,YA_hat,-.0131641425672396,3.6717176,1433,748,685
YA,YA_hat,-.0131494993896582,3.671715,1433,748,685
YA,YA_hat,-.0131460057590449,3.6717143,1433,750,683
YA,YA_hat,-.0131416123875937,3.6717136,1433,751,682
YA,YA_hat,-.0131399174248319,3.6717131,1433,752,681
YA,YA_hat,-.0131192804080274,3.6717072,1433,752,681
YA,YA_hat,-.0131090995623502,3.6717045,1433,753,680
YA,YA_hat,-.0130963843082729,3.6717019,1433,755,678
YA,YA_hat,-.0130489801208437,3.6716919,1433,755,678
YA,YA_hat,-.0130284086042267,3.6716881,1433,756,677
YA,YA_hat,-.0130054090724788,3.671684,1433,758,675
YA,YA_hat,-.0129906172084638,3.6716814,1433,758,675
YA,YA_hat,-.0129898825539695,3.6716812,1433,759,674
YA,YA_hat,-.012981580417557,3.67168,1433,761,672
YA,YA_hat,-.0129706589978801,3.6716788,1433,761,672
YA,YA_hat,-.0129204259992716,3.6716692,1433,763,670
YA,YA_hat,-.0128695013463267,3.6716602,1433,763,670
YA,YA_hat,-.012860246467884,3.6716592,1433,764,669
YA,YA_hat,-.0128440797660811,3.6716554,1433,765,668
YA,YA_hat,-.0128288754953212,3.6716523,1433,766,667
YA,YA_hat,-.0127450029661753,3.6716356,1433,768,665
YA,YA_hat,-.0126922179908685,3.6716294,1433,769,664
YA,YA_hat,-.0126223505641566,3.6716299,1433,770,663
YA,YA_hat,-.0125958175061553,3.6716328,1433,770,663
YA,YA_hat,-.0125389053568374,3.6716387,1433,771,662
YA,YA_hat,-.012511785352243,3.6716413,1433,772,661
YA,YA_hat,-.0124971285611647,3.6716492,1433,774,659
YA,YA_hat,-.0124529197923364,3.6716766,1433,775,658
YA,YA_hat,-.0124131601437513,3.6717014,1433,775,658
YA,YA_hat,-.0124085489923959,3.6717043,1433,777,656
YA,YA_hat,-.0123753817052792,3.6717296,1433,777,656
YA,YA_hat,-.012361638656733,3.6717396,1433,778,655
YA,YA_hat,-.0123147014582437,3.671771,1433,780,653
YA,YA_hat,-.0122840899937479,3.6717918,1433,780,653
YA,YA_hat,-.0121999766048819,3.6718495,1433,781,652
YA,YA_hat,-.0121863532952447,3.6718588,1433,783,650
YA,YA_hat,-.0121856236998342,3.6718593,1433,784,649
YA,YA_hat,-.0121517637558854,3.6718812,1433,784,649
YA,YA_hat,-.0121433068405103,3.6718867,1433,785,648
YA,YA_hat,-.0120049161601904,3.6719775,1433,786,647
YA,YA_hat,-.0119673747611921,3.6720018,1433,788,645
YA,YA_hat,-.0119642713341288,3.672004,1433,789,644
YA,YA_hat,-.0119221034990527,3.6720324,1433,790,643
YA,YA_hat,-.0118988927071341,3.6720481,1433,790,643
YA,YA_hat,-.0118615803580557,3.6720734,1433,792,641
YA,YA_hat,-.0118591688443116,3.672075,1433,793,640
YA,YA_hat,-.0118553484000493,3.6720753,1433,794,639
YA,YA_hat,-.0118276602242531,3.6720793,1433,794,639
YA,YA_hat,-.0117716300501817,3.6720881,1433,796,637
YA,YA_hat,-.0117650980857225,3.6720891,1433,797,636
YA,YA_hat,-.0117582234828723,3.6720901,1433,797,636
YA,YA_hat,-.0117390861958238,3.6720936,1433,799,634
YA,YA_hat,-.011734098981734,3.6720946,1433,800,633
YA,YA_hat,-.0117082687335987,3.6720986,1433,801,632
YA,YA_hat,-.0116688836601066,3.6721132,1433,801,632
YA,YA_hat,-.0116552415278837,3.6721182,1433,802,631
YA,YA_hat,-.0116353672004537,3.6721263,1433,804,629
YA,YA_hat,-.0116323852868982,3.6721275,1433,805,628
YA,YA_hat,-.0116306264176827,3.6721282,1433,805,628
YA,YA_hat,-.0116296136275095,3.6721284,1433,806,627
YA,YA_hat,-.0115864410160416,3.6721478,1433,807,626
YA,YA_hat,-.0115743663404266,3.6721535,1433,808,625
YA,YA_hat,-.0115647868340735,3.672158,1433,810,623
YA,YA_hat,-.0115408697081554,3.6721699,1433,811,622
YA,YA_hat,-.0114936275373689,3.6721909,1433,811,622
YA,YA_hat,-.0114542981880299,3.6722093,1433,813,620
YA,YA_hat,-.0113897655500638,3.6722395,1433,813,620
YA,YA_hat,-.0113591882036154,3.6722541,1433,815,618
YA,YA_hat,-.0113584246735111,3.6722546,1433,816,617
YA,YA_hat,-.0113546876580251,3.6722565,1433,817,616
YA,YA_hat,-.0113206511088552,3.6722782,1433,818,615
YA,YA_hat,-.0112997685945453,3.6722918,1433,819,614
YA,YA_hat,-.0112858779664971,3.6723006,1433,819,614
YA,YA_hat,-.0112720506890052,3.6723099,1433,820,613
YA,YA_hat,-.0112656650601341,3.6723135,1433,822,611
YA,YA_hat,-.0112257009086329,3.6723354,1433,822,611
YA,YA_hat,-.0111737093513351,3.6723642,1433,824,609
YA,YA_hat,-.0110424190093775,3.6724424,1433,824,609
YA,YA_hat,-.011023197836706,3.6724553,1433,826,607
YA,YA_hat,-.011019961669268,3.6724577,1433,826,607
YA,YA_hat,-.0110150639954002,3.672461,1433,827,606
YA,YA_hat,-.0109972910433482,3.6724725,1433,829,604
YA,YA_hat,-.010984245467993,3.6724801,1433,829,604
YA,YA_hat,-.0108620371435063,3.6725454,1433,830,603
YA,YA_hat,-.0108484498304198,3.6725533,1433,831,602
YA,YA_hat,-.0108317796355859,3.6725643,1433,833,600
YA,YA_hat,-.0108139224141633,3.672576,1433,834,599
YA,YA_hat,-.0108028073560534,3.6725831,1433,835,598
YA,YA_hat,-.0107572906572684,3.6726091,1433,835,598
YA,YA_hat,-.0107186411557472,3.672631,1433,836,597
YA,YA_hat,-.0106825312171075,3.672652,1433,837,596
YA,YA_hat,-.010660136615961,3.6726651,1433,838,595
YA,YA_hat,-.0106456884821312,3.6726735,1433,839,594
YA,YA_hat,-.0106371909583068,3.672678,1433,841,592
YA,YA_hat,-.0106207473930721,3.6726873,1433,841,592
YA,YA_hat,-.010553983980452,3.6727259,1433,843,590
YA,YA_hat,-.0105528559896334,3.6727266,1433,843,590
YA,YA_hat,-.0105515166116125,3.6727271,1433,844,589
YA,YA_hat,-.0105355021116802,3.672734,1433,846,587
YA,YA_hat,-.0105045818260149,3.6727488,1433,847,586
YA,YA_hat,-.010502732361325,3.6727498,1433,848,585
YA,YA_hat,-.0104496098132889,3.6727762,1433,848,585
YA,YA_hat,-.0104186136798992,3.6727924,1433,850,583
YA,YA_hat,-.0103836767659835,3.6728127,1433,850,583
YA,YA_hat,-.0103691718838308,3.6728208,1433,851,582
YA,YA_hat,-.010341221475634,3.6728358,1433,853,580
YA,YA_hat,-.0103290388706977,3.6728425,1433,854,579
YA,YA_hat,-.0103115623949642,3.6728497,1433,855,578
YA,YA_hat,-.0103064680650193,3.6728518,1433,855,578
YA,YA_hat,-.0102872312068713,3.6728592,1433,857,576
YA,YA_hat,-.0102816843666976,3.6728616,1433,857,576
YA,YA_hat,-.0102757056435429,3.6728635,1433,859,574
YA,YA_hat,-.0102649802019354,3.6728668,1433,860,573
YA,YA_hat,-.0101709805974619,3.6728978,1433,861,572
YA,YA_hat,-.0101604710159986,3.6729014,1433,862,571
YA,YA_hat,-.0101434778711611,3.6729069,1433,862,571
YA,YA_hat,-.0101323614635779,3.6729102,1433,863,570
YA,YA_hat,-.0101272889696708,3.6729119,1433,864,569
YA,YA_hat,-.0101185995326617,3.6729147,1433,865,568
YA,YA_hat,-.0100629224896989,3.6729329,1433,866,567
YA,YA_hat,-.010051210101283,3.6729372,1433,867,566
YA,YA_hat,-.0099465792064604,3.6729758,1433,869,564
YA,YA_hat,-.009945872734813,3.672976,1433,869,564
YA,YA_hat,-.0099166086307137,3.6729875,1433,870,563
YA,YA_hat,-.0099045221296411,3.6729925,1433,872,561
YA,YA_hat,-.0098959150124592,3.6729963,1433,873,560
YA,YA_hat,-.00987457286321,3.6730056,1433,873,560
YA,YA_hat,-.0098681767239246,3.6730087,1433,875,558
YA,YA_hat,-.009840841410307,3.6730223,1433,876,557
YA,YA_hat,-.0098003968845342,3.6730423,1433,876,557
YA,YA_hat,-.0097638253493052,3.6730607,1433,878,555
YA,YA_hat,-.0097627283349982,3.6730611,1433,879,554
YA,YA_hat,-.009737235671392,3.6730745,1433,880,553
YA,YA_hat,-.0097046046340647,3.6730912,1433,880,553
YA,YA_hat,-.0097027241970426,3.6730921,1433,882,551
YA,YA_hat,-.0096995963222379,3.6730938,1433,883,550
YA,YA_hat,-.0096649395335864,3.6731117,1433,884,549
YA,YA_hat,-.0096620278442112,3.6731131,1433,884,549
YA,YA_hat,-.0096340973539012,3.6731246,1433,886,547
YA,YA_hat,-.0096134151824234,3.6731329,1433,886,547
YA,YA_hat,-.0095458237690157,3.6731591,1433,887,546
YA,YA_hat,-.0094828226849589,3.6731813,1433,889,544
YA,YA_hat,-.0094693905299749,3.6731858,1433,890,543
YA,YA_hat,-.0094686620909283,3.6731861,1433,891,542
YA,YA_hat,-.009431801359626,3.6731949,1433,892,541
YA,YA_hat,-.009408148527571,3.6732001,1433,893,540
YA,YA_hat,-.0093426110418874,3.673203,1433,893,540
YA,YA_hat,-.009332032230727,3.6732035,1433,894,539
YA,YA_hat,-.0092711699800136,3.6732032,1433,896,537
YA,YA_hat,-.0092516947440163,3.6732032,1433,896,537
YA,YA_hat,-.0091439281273387,3.6732047,1433,897,536
YA,YA_hat,-.0091172203696378,3.6732054,1433,898,535
YA,YA_hat,-.0090222567871659,3.6732011,1433,900,533
YA,YA_hat,-.0090007412709298,3.6732004,1433,901,532
YA,YA_hat,-.0089837059502442,3.6732008,1433,902,531
YA,YA_hat,-.0089514018071156,3.6732011,1433,903,530
YA,YA_hat,-.0089421400171122,3.6732011,1433,904,529
YA,YA_hat,-.0089413555098266,3.6732011,1433,905,528
YA,YA_hat,-.0088628190723366,3.6731975,1433,906,527
YA,YA_hat,-.008859157968333,3.6731973,1433,907,526
YA,YA_hat,-.0088439618847523,3.6731966,1433,908,525
YA,YA_hat,-.0088334714777162,3.6731958,1433,909,524
YA,YA_hat,-.0087971836887397,3.6731932,1433,909,524
YA,YA_hat,-.0087614527300797,3.673198,1433,910,523
YA,YA_hat,-.0087455453326956,3.6732001,1433,911,522
YA,YA_hat,-.00874220402012,3.6732006,1433,913,520
YA,YA_hat,-.0087374046778509,3.6732013,1433,913,520
YA,YA_hat,-.0087360453372683,3.6732013,1433,915,518
YA,YA_hat,-.0086038325535201,3.6732073,1433,916,517
YA,YA_hat,-.0084324797611755,3.6732283,1433,917,516
YA,YA_hat,-.0083959664776732,3.6732192,1433,918,515
YA,YA_hat,-.0083315451646191,3.6732037,1433,919,514
YA,YA_hat,-.0082918663995197,3.6731946,1433,920,513
YA,YA_hat,-.0082896510595304,3.6731942,1433,920,513
YA,YA_hat,-.0082400847960222,3.6731713,1433,922,511
YA,YA_hat,-.0081622245964929,3.6731358,1433,922,511
YA,YA_hat,-.0081513214556769,3.6731303,1433,924,509
YA,YA_hat,-.0081249197629713,3.6731179,1433,924,509
YA,YA_hat,-.0081148483855577,3.6731133,1433,925,508
YA,YA_hat,-.0081148329869534,3.6731133,1433,926,507
YA,YA_hat,-.0081087119802696,3.67311,1433,928,505
YA,YA_hat,-.0079809407672551,3.6730232,1433,928,505
YA,YA_hat,-.0079639226767253,3.6730118,1433,930,503
YA,YA_hat,-.0079452614791661,3.6729989,1433,930,503
YA,YA_hat,-.0078428837218714,3.6729388,1433,931,502
YA,YA_hat,-.0078194569644493,3.6729252,1433,933,500
YA,YA_hat,-.0077640729339301,3.6728926,1433,934,499
YA,YA_hat,-.0076807674433607,3.6728654,1433,934,499
YA,YA_hat,-.0076804417726767,3.6728654,1433,935,498
YA,YA_hat,-.0076800799985817,3.6728652,1433,936,497
YA,YA_hat,-.0075325862687637,3.6728146,1433,937,496
YA,YA_hat,-.0075158936571544,3.6728089,1433,939,494
YA,YA_hat,-.0075010671811095,3.6728039,1433,940,493
YA,YA_hat,-.0075003287624655,3.6728036,1433,941,492
YA,YA_hat,-.0073102746003183,3.6727471,1433,941,492
YA,YA_hat,-.0073084880454598,3.6727467,1433,942,491
YA,YA_hat,-.0072881010547911,3.6727412,1433,944,489
YA,YA_hat,-.0072379304883592,3.6727288,1433,944,489
YA,YA_hat,-.007162605564501,3.6727331,1433,946,487
YA,YA_hat,-.0071306491070505,3.6727335,1433,946,487
YA,YA_hat,-.0070080564163552,3.6727459,1433,947,486
YA,YA_hat,-.0069694030027362,3.6727498,1433,949,484
YA,YA_hat,-.0069693669921959,3.6727498,1433,950,483
YA,YA_hat,-.0068957781573858,3.6727579,1433,950,483
YA,YA_hat,-.006893283101013,3.6727579,1433,952,481
YA,YA_hat,-.0067978509885566,3.6727538,1433,952,481
YA,YA_hat,-.0065832195494734,3.6727474,1433,953,480
YA,YA_hat,-.006547743093451,3.6727469,1433,955,478
YA,YA_hat,-.0065071918778832,3.6727464,1433,956,477
YA,YA_hat,-.0064112656318276,3.6727459,1433,956,477
YA,YA_hat,-.0063929328049232,3.6727476,1433,957,476
YA,YA_hat,-.0063487550694592,3.6727471,1433,959,474
YA,YA_hat,-.0062480865179734,3.672754,1433,960,473
YA,YA_hat,-.0058882671517515,3.6727901,1433,960,473
YA,YA_hat,-.0058765579241086,3.6727912,1433,962,471
YA,YA_hat,-.0058093075717738,3.6728003,1433,963,470
YA,YA_hat,-.0057960955855224,3.6728017,1433,964,469
YA,YA_hat,-.0057498078694091,3.672807,1433,965,468
YA,YA_hat,-.0057385814427711,3.6728084,1433,965,468
YA,YA_hat,-.0056335447742828,3.6728141,1433,967,466
YA,YA_hat,-.0055909591907338,3.6728175,1433,967,466
YA,YA_hat,-.0055805583734352,3.6728179,1433,968,465
YA,YA_hat,-.0055221472468542,3.6728215,1433,970,463
YA,YA_hat,-.0054867881238154,3.672823,1433,970,463
YA,YA_hat,-.0054700966503725,3.6728239,1433,971,462
YA,YA_hat,-.0054424787272487,3.6728253,1433,973,460
YA,YA_hat,-.0054129352444888,3.6728268,1433,974,459
YA,YA_hat,-.0053287733302546,3.6728311,1433,975,458
YA,YA_hat,-.0052656229528609,3.6728358,1433,976,457
YA,YA_hat,-.0051975073045486,3.6728406,1433,977,456
YA,YA_hat,-.0051489856206212,3.6728444,1433,978,455
YA,YA_hat,-.0051206791407256,3.672848,1433,978,455
YA,YA_hat,-.0050799046103038,3.6728537,1433,980,453
YA,YA_hat,-.0049337155425464,3.672879,1433,980,453
YA,YA_hat,-.0048230220886787,3.6728945,1433,981,452
YA,YA_hat,-.004790856230478,3.6728992,1433,982,451
YA,YA_hat,-.0047071720687894,3.6729119,1433,984,449
YA,YA_hat,-.004662403348871,3.6729152,1433,985,448
YA,YA_hat,-.004619770841852,3.6729183,1433,986,447
YA,YA_hat,-.0045860207206036,3.6729207,1433,986,447
YA,YA_hat,-.004499032769627,3.6729281,1433,987,446
YA,YA_hat,-.0044921221801843,3.6729283,1433,989,444
YA,YA_hat,-.0043973534152595,3.6729217,1433,990,443
YA,YA_hat,-.0043515044574187,3.6729145,1433,991,442
YA,YA_hat,-.0043354755291465,3.6729116,1433,991,442
YA,YA_hat,-.0042216712028194,3.6728914,1433,992,441
YA,YA_hat,-.0040893072796377,3.6728663,1433,994,439
YA,YA_hat,-.0040626356729483,3.6728616,1433,994,439
YA,YA_hat,-.0040276991065447,3.672857,1433,995,438
YA,YA_hat,-.0039455502716102,3.6728444,1433,997,436
YA,YA_hat,-.0039068096450769,3.6728389,1433,997,436
YA,YA_hat,-.0038751045896119,3.6728346,1433,998,435
YA,YA_hat,-.0038336467766748,3.6728277,1433,1000,433
YA,YA_hat,-.0038212534071092,3.6728256,1433,1000,433
YA,YA_hat,-.0037458520914865,3.6728027,1433,1001,432
YA,YA_hat,-.0036778061934478,3.6727829,1433,1002,431
YA,YA_hat,-.0036611245949826,3.6727781,1433,1003,430
YA,YA_hat,-.0035973761029536,3.6727591,1433,1004,429
YA,YA_hat,-.0034877861862543,3.6727316,1433,1006,427
YA,YA_hat,-.0034693634388483,3.6727269,1433,1007,426
YA,YA_hat,-.0034199702173638,3.672714,1433,1008,425
YA,YA_hat,-.0033560073503836,3.6726978,1433,1009,424
YA,YA_hat,-.0032432867950261,3.6726623,1433,1010,423
YA,YA_hat,-.0030236496692529,3.6725919,1433,1010,423
YA,YA_hat,-.0029756930374802,3.6725774,1433,1011,422
YA,YA_hat,-.0028881055425554,3.6725521,1433,1013,420
YA,YA_hat,-.0028372288465676,3.6725378,1433,1014,419
YA,YA_hat,-.0027361974485034,3.6724911,1433,1014,419
YA,YA_hat,-.0025733685597424,3.6724174,1433,1016,417
YA,YA_hat,-.0025285399782695,3.6723974,1433,1017,416
YA,YA_hat,-.002515411925257,3.6723914,1433,1018,415
YA,YA_hat,-.00239614095923,3.6723156,1433,1018,415
YA,YA_hat,-.0023233700485705,3.6722589,1433,1020,413
YA,YA_hat,-.0022093482864806,3.672168,1433,1021,412
YA,YA_hat,-.0021607549760076,3.6721296,1433,1021,412
YA,YA_hat,-.0021106553459911,3.6720903,1433,1022,411
YA,YA_hat,-.0020888509749984,3.6720734,1433,1023,410
YA,YA_hat,-.0019890149276261,3.6719933,1433,1024,409
YA,YA_hat,-.0019749040995132,3.6719837,1433,1025,408
YA,YA_hat,-.0019253236781026,3.6719506,1433,1027,406
YA,YA_hat,-.0019159343745359,3.6719444,1433,1027,406
YA,YA_hat,-.0019029854074215,3.6719353,1433,1029,404
YA,YA_hat,-.0017462730231107,3.6718245,1433,1030,403
YA,YA_hat,-.0017338703477315,3.6718159,1433,1030,403
YA,YA_hat,-.0017226905878549,3.671808,1433,1031,402
YA,YA_hat,-.0016675847437496,3.6717696,1433,1033,400
YA,YA_hat,-.0016453497863258,3.6717556,1433,1033,400
YA,YA_hat,-.0016273351119548,3.6717441,1433,1035,398
YA,YA_hat,-.0016121042269231,3.6717343,1433,1035,398
YA,YA_hat,-.0014534912549824,3.6716318,1433,1036,397
YA,YA_hat,-.0014534534904042,3.6716318,1433,1037,396
YA,YA_hat,-.0014470038587312,3.6716278,1433,1039,394
YA,YA_hat,-.0014345257307742,3.6716197,1433,1039,394
YA,YA_hat,-.0014254970581613,3.6716139,1433,1040,393
YA,YA_hat,-.0013480113624588,3.6715651,1433,1041,392
YA,YA_hat,-.0013014530988009,3.6715355,1433,1042,391
YA,YA_hat,-.0012682807160118,3.6715176,1433,1043,390
YA,YA_hat,-.0011951081526758,3.6714816,1433,1044,389
YA,YA_hat,-.0010835659243217,3.6714351,1433,1046,387
YA,YA_hat,-.0010820395608845,3.6714346,1433,1046,387
YA,YA_hat,-.0010434147666433,3.6714187,1433,1048,385
YA,YA_hat,-.0010028440416329,3.671402,1433,1048,385
YA,YA_hat,-.0009480163548243,3.6713779,1433,1050,383
YA,YA_hat,-.0009057402090584,3.6713595,1433,1050,383
YA,YA_hat,-.0009021058888857,3.6713579,1433,1052,381
YA,YA_hat,-.0008233497962051,3.6713185,1433,1053,380
YA,YA_hat,-.0007083004898781,3.671262,1433,1053,380
YA,YA_hat,-.0007068266307969,3.6712613,1433,1054,379
YA,YA_hat,-.0005849448872101,3.6712141,1433,1055,378
YA,YA_hat,-.0005541950903529,3.6712012,1433,1056,377
YA,YA_hat,-.0004663429063513,3.671165,1433,1058,375
YA,YA_hat,-.0004563930296813,3.6711597,1433,1058,375
YA,YA_hat,-.0003244908588001,3.6710911,1433,1060,373
YA,YA_hat,-.0002188769802217,3.6710367,1433,1061,372
YA,YA_hat,-.0001598783322992,3.6710217,1433,1061,372
YA,YA_hat,-.000109635300666,3.6710088,1433,1062,371
YA,YA_hat,-.0000968928388464,3.6710057,1433,1064,369
YA,YA_hat,-.0000899006198996,3.6710041,1433,1065,368
YA,YA_hat,-5.56811233505e-06,3.6709833,1433,1065,368
YA,YA_hat,5.00608019288e-06,3.6709805,1433,1066,367
YA,YA_hat,.0000103914893934,3.6709793,1433,1068,365
YA,YA_hat,.0000245183737691,3.6709762,1433,1069,364
YA,YA_hat,.000082903028735,3.6709638,1433,1070,363
YA,YA_hat,.0001094168762411,3.670958,1433,1071,362
YA,YA_hat,.0001322058187635,3.670954,1433,1071,362
YA,YA_hat,.0001521426913158,3.6709511,1433,1072,361
YA,YA_hat,.0001722793915387,3.6709487,1433,1074,359
YA,YA_hat,.0001754978719394,3.670948,1433,1075,358
YA,YA_hat,.0002548796574894,3.6709359,1433,1075,358
YA,YA_hat,.0002550471448331,3.6709359,1433,1076,357
YA,YA_hat,.0002988152637874,3.6709301,1433,1078,355
YA,YA_hat,.0003277849470811,3.670927,1433,1078,355
YA,YA_hat,.0003719932732005,3.670923,1433,1080,353
YA,YA_hat,.0003732391629802,3.6709228,1433,1081,352
YA,YA_hat,.0003845040127933,3.6709213,1433,1082,351
YA,YA_hat,.0004887629266348,3.6709106,1433,1083,350
YA,YA_hat,.0005117915614269,3.6709085,1433,1083,350
YA,YA_hat,.0005541068057503,3.6709039,1433,1084,349
YA,YA_hat,.00064354608647,3.6708946,1433,1086,347
YA,YA_hat,.0006628181739053,3.6708918,1433,1086,347
YA,YA_hat,.0006870150119884,3.6708879,1433,1088,345
YA,YA_hat,.0006985457763372,3.6708872,1433,1088,345
YA,YA_hat,.0007287451735949,3.6708851,1433,1089,344
YA,YA_hat,.0008688540705077,3.6708727,1433,1090,343
YA,YA_hat,.000880900921232,3.6708722,1433,1092,341
YA,YA_hat,.00094713561752,3.6708691,1433,1092,341
YA,YA_hat,.000958257249437,3.6708682,1433,1094,339
YA,YA_hat,.000977735613946,3.6708682,1433,1094,339
YA,YA_hat,.0009904973062104,3.6708701,1433,1096,337
YA,YA_hat,.0010297679633123,3.6708765,1433,1096,337
YA,YA_hat,.0010470973872358,3.6708794,1433,1098,335
YA,YA_hat,.0010806664556742,3.6708851,1433,1099,334
YA,YA_hat,.0011222522961458,3.6708927,1433,1100,333
YA,YA_hat,.0011589059580253,3.6708989,1433,1100,333
YA,YA_hat,.0012471441527831,3.6709192,1433,1101,332
YA,YA_hat,.0012623737802917,3.6709232,1433,1102,331
YA,YA_hat,.0013361293547315,3.6709409,1433,1104,329
YA,YA_hat,.0014727483281224,3.6709743,1433,1104,329
YA,YA_hat,.0015000051595614,3.6709797,1433,1105,328
YA,YA_hat,.0015021055975206,3.6709802,1433,1107,326
YA,YA_hat,.0015096991609638,3.6709819,1433,1107,326
YA,YA_hat,.0016731028152963,3.6710186,1433,1108,325
YA,YA_hat,.0017018638351769,3.671025,1433,1109,324
YA,YA_hat,.0017155328629498,3.6710279,1433,1111,322
YA,YA_hat,.0017326296788167,3.6710322,1433,1112,321
YA,YA_hat,.0017337431363262,3.6710324,1433,1112,321
YA,YA_hat,.0017430954868053,3.6710351,1433,1113,320
YA,YA_hat,.0017850000582247,3.6710496,1433,1115,318
YA,YA_hat,.0018099670917749,3.671057,1433,1116,317
YA,YA_hat,.0018534314962649,3.6710703,1433,1117,316
YA,YA_hat,.0018728610437401,3.6710749,1433,1117,316
YA,YA_hat,.0019501550213151,3.6710932,1433,1118,315
YA,YA_hat,.0019584591567692,3.6710951,1433,1119,314
YA,YA_hat,.0019822171090409,3.6710987,1433,1121,312
YA,YA_hat,.0019999953947291,3.6711016,1433,1122,311
YA,YA_hat,.0020050271900189,3.6711028,1433,1123,310
YA,YA_hat,.0020147836352497,3.6711051,1433,1123,310
YA,YA_hat,.0020177744778614,3.6711059,1433,1125,308
YA,YA_hat,.0020737140536704,3.6711154,1433,1125,308
YA,YA_hat,.0020837428633388,3.6711168,1433,1127,306
YA,YA_hat,.0021323290052971,3.6711245,1433,1128,305
YA,YA_hat,.0021491475236643,3.6711276,1433,1129,304
YA,YA_hat,.002169122254115,3.6711295,1433,1129,304
YA,YA_hat,.0022028035064557,3.6711318,1433,1131,302
YA,YA_hat,.0022122425227046,3.6711326,1433,1132,301
YA,YA_hat,.0022198386006679,3.671133,1433,1133,300
YA,YA_hat,.0022319495455999,3.671134,1433,1133,300
YA,YA_hat,.0022696855717325,3.6711371,1433,1134,299
YA,YA_hat,.0023040530063162,3.6711357,1433,1135,298
YA,YA_hat,.0023067420331019,3.6711359,1433,1136,297
YA,YA_hat,.0024190410091704,3.671149,1433,1137,296
YA,YA_hat,.0024220843242581,3.671149,1433,1138,295
YA,YA_hat,.002453310436163,3.6711493,1433,1139,294
YA,YA_hat,.0025766485733573,3.6711488,1433,1141,292
YA,YA_hat,.0026027780020739,3.6711488,1433,1142,291
YA,YA_hat,.0026186668893594,3.6711483,1433,1142,291
YA,YA_hat,.002654572359064,3.6711435,1433,1144,289
YA,YA_hat,.0026632708820512,3.6711426,1433,1144,289
YA,YA_hat,.0026678000674501,3.6711421,1433,1145,288
YA,YA_hat,.0027267368257679,3.6711352,1433,1147,286
YA,YA_hat,.0027477852535137,3.671133,1433,1147,286
YA,YA_hat,.0028739540603554,3.6711197,1433,1149,284
YA,YA_hat,.0029151867214115,3.6711168,1433,1150,283
YA,YA_hat,.0029222458497783,3.6711159,1433,1150,283
YA,YA_hat,.0029782980705985,3.671108,1433,1152,281
YA,YA_hat,.003099717727495,3.6710865,1433,1153,280
YA,YA_hat,.0031272967212303,3.6710823,1433,1154,279
YA,YA_hat,.0032727856666178,3.6710596,1433,1155,278
YA,YA_hat,.0032896700373592,3.671057,1433,1156,277
YA,YA_hat,.003294632951856,3.671056,1433,1156,277
YA,YA_hat,.0032953102351641,3.671056,1433,1158,275
YA,YA_hat,.0034183281831944,3.6710229,1433,1159,274
YA,YA_hat,.0034769862702726,3.6710074,1433,1159,274
YA,YA_hat,.0035102584452895,3.6709919,1433,1161,272
YA,YA_hat,.0035184794630763,3.6709905,1433,1161,272
YA,YA_hat,.0035690929243991,3.6709819,1433,1163,270
YA,YA_hat,.0037109124669809,3.6709578,1433,1163,270
YA,YA_hat,.0037252991637711,3.6709557,1433,1164,269
YA,YA_hat,.0038380847898194,3.6709371,1433,1165,268
YA,YA_hat,.0039467196472084,3.6709173,1433,1166,267
YA,YA_hat,.0039617360367653,3.6709163,1433,1167,266
YA,YA_hat,.0040152083160946,3.6709208,1433,1168,265
YA,YA_hat,.0040364134190443,3.6709232,1433,1170,263
YA,YA_hat,.0040984201581836,3.670929,1433,1170,263
YA,YA_hat,.0042042899941075,3.6709418,1433,1171,262
YA,YA_hat,.00424509544228,3.6709497,1433,1172,261
YA,YA_hat,.0042648022089754,3.6709526,1433,1173,260
YA,YA_hat,.0043121114123711,3.6709595,1433,1175,258
YA,YA_hat,.0044045458315814,3.6709676,1433,1176,257
YA,YA_hat,.0044511282007166,3.67097,1433,1177,256
YA,YA_hat,.0045648714009611,3.670979,1433,1177,256
YA,YA_hat,.0046442626231247,3.6709862,1433,1178,255
YA,YA_hat,.0046690778795108,3.6709878,1433,1179,254
YA,YA_hat,.0048423447461416,3.6709967,1433,1180,253
YA,YA_hat,.0048546108521978,3.6709969,1433,1181,252
YA,YA_hat,.0049154503943186,3.6710007,1433,1183,250
YA,YA_hat,.0049337852155531,3.6710014,1433,1184,249
YA,YA_hat,.0049770575619613,3.6710026,1433,1185,248
YA,YA_hat,.0051367293808535,3.6710083,1433,1186,247
YA,YA_hat,.0051607298027699,3.6710095,1433,1186,247
YA,YA_hat,.0051885712779619,3.6710093,1433,1188,245
YA,YA_hat,.0051888667174092,3.6710093,1433,1189,244
YA,YA_hat,.0052046140737409,3.6710081,1433,1189,244
YA,YA_hat,.0052465637469505,3.6710043,1433,1190,243
YA,YA_hat,.0052497921386365,3.6710041,1433,1192,241
YA,YA_hat,.0053116552672416,3.6709993,1433,1192,241
YA,YA_hat,.0053294600279445,3.6709979,1433,1193,240
YA,YA_hat,.0053947432180684,3.6710005,1433,1195,238
YA,YA_hat,.0054318653923591,3.6710026,1433,1195,238
YA,YA_hat,.0054561361943652,3.6710043,1433,1196,237
YA,YA_hat,.0055045755820329,3.6710062,1433,1197,236
YA,YA_hat,.0055230662125113,3.6710069,1433,1198,235
YA,YA_hat,.0055390580090199,3.6710076,1433,1199,234
YA,YA_hat,.0055914738639149,3.6710048,1433,1200,233
YA,YA_hat,.0056077379707635,3.6710038,1433,1201,232
YA,YA_hat,.0056158616877181,3.6710033,1433,1202,231
YA,YA_hat,.0056648681323256,3.671001,1433,1204,229
YA,YA_hat,.0057104513648858,3.6709983,1433,1205,228
YA,YA_hat,.0057304022886448,3.6709976,1433,1205,228
YA,YA_hat,.0057657854554054,3.6709952,1433,1206,227
YA,YA_hat,.0057663022193675,3.670995,1433,1207,226
YA,YA_hat,.0058437167951791,3.6709862,1433,1208,225
YA,YA_hat,.0060553979681068,3.6709616,1433,1209,224
YA,YA_hat,.006116920852313,3.6709547,1433,1211,222
YA,YA_hat,.0061169301260099,3.6709547,1433,1211,222
YA,YA_hat,.0061659054961366,3.6709485,1433,1213,220
YA,YA_hat,.0061711788727889,3.6709478,1433,1213,220
YA,YA_hat,.006199274809541,3.6709428,1433,1215,218
YA,YA_hat,.0062566907533112,3.6709328,1433,1216,217
YA,YA_hat,.0062976833899623,3.6709249,1433,1216,217
YA,YA_hat,.0064461729741992,3.6708941,1433,1217,216
YA,YA_hat,.0065020280696978,3.6708827,1433,1218,215
YA,YA_hat,.0065045013468121,3.670882,1433,1220,213
YA,YA_hat,.0065494314298408,3.6708722,1433,1221,212
YA,YA_hat,.0065989826566992,3.6708593,1433,1222,211
YA,YA_hat,.006619577669128,3.6708541,1433,1222,211
YA,YA_hat,.0066261618812131,3.6708524,1433,1223,210
YA,YA_hat,.0066299973949314,3.6708515,1433,1224,209
YA,YA_hat,.006667095428965,3.6708412,1433,1225,208
YA,YA_hat,.0068011812301281,3.6708069,1433,1227,206
YA,YA_hat,.006842703030533,3.6707957,1433,1227,206
YA,YA_hat,.0069259955890631,3.670773,1433,1229,204
YA,YA_hat,.0069610980546251,3.670763,1433,1229,204
YA,YA_hat,.006968941144484,3.6707609,1433,1231,202
YA,YA_hat,.0069756016029713,3.6707587,1433,1232,201
YA,YA_hat,.0070502207794542,3.6707511,1433,1232,201
YA,YA_hat,.0072096319959751,3.6707296,1433,1234,199
YA,YA_hat,.0072370922848619,3.6707251,1433,1235,198
YA,YA_hat,.0072497880982298,3.670723,1433,1236,197
YA,YA_hat,.0072521887075661,3.6707225,1433,1237,196
YA,YA_hat,.0072548383748198,3.6707222,1433,1238,195
YA,YA_hat,.0072844256915107,3.6707172,1433,1238,195
YA,YA_hat,.0073828636623631,3.6707017,1433,1239,194
YA,YA_hat,.0074350161433923,3.6706917,1433,1241,192
YA,YA_hat,.0075147112138464,3.670676,1433,1242,191
YA,YA_hat,.0075508254823682,3.6706681,1433,1243,190
YA,YA_hat,.0076303779052208,3.6706474,1433,1244,189
YA,YA_hat,.0076390199524478,3.670645,1433,1244,189
YA,YA_hat,.0077857639013268,3.6706164,1433,1245,188
YA,YA_hat,.0078142273784692,3.6706107,1433,1246,187
YA,YA_hat,.0079859236512628,3.6705792,1433,1247,186
YA,YA_hat,.0080279282139119,3.670573,1433,1248,185
YA,YA_hat,.0081872923097347,3.6705458,1433,1249,184
YA,YA_hat,.0083712339996364,3.670548,1433,1250,183
YA,YA_hat,.0084326673298701,3.6705456,1433,1251,182
YA,YA_hat,.008510341022401,3.6705387,1433,1252,181
YA,YA_hat,.008746107695469,3.6705163,1433,1253,180
YA,YA_hat,.0088723679548893,3.6705105,1433,1255,178
YA,YA_hat,.0089600517686081,3.6705062,1433,1255,178
YA,YA_hat,.0090365831739814,3.6705022,1433,1257,176
YA,YA_hat,.0093383679846963,3.6704881,1433,1257,176
YA,YA_hat,.0095293050784154,3.6704812,1433,1259,174
YA,YA_hat,.0095353089838966,3.6704814,1433,1259,174
YA,YA_hat,.0097307980863971,3.6704938,1433,1261,172
YA,YA_hat,.0097409075988889,3.6704946,1433,1261,172
YA,YA_hat,.0098653508332082,3.6704965,1433,1263,170
YA,YA_hat,.0098744161858625,3.6704965,1433,1263,170
YA,YA_hat,.0098970869949686,3.6704969,1433,1264,169
YA,YA_hat,.0099764217741736,3.6704977,1433,1265,168
YA,YA_hat,.0099938120861969,3.6704981,1433,1266,167
YA,YA_hat,.0100174605934609,3.6705029,1433,1268,165
YA,YA_hat,.0100638546658426,3.6705127,1433,1268,165
YA,YA_hat,.0101926023141891,3.6705391,1433,1270,163
YA,YA_hat,.010350831762062,3.6705616,1433,1270,163
YA,YA_hat,.0103510324670586,3.6705616,1433,1272,161
YA,YA_hat,.0104715637032864,3.6705792,1433,1273,160
YA,YA_hat,.0105081994217238,3.6705832,1433,1274,159
YA,YA_hat,.0105303740333941,3.6705854,1433,1274,159
YA,YA_hat,.0105485064204231,3.6705863,1433,1276,157
YA,YA_hat,.0105723365669521,3.670588,1433,1277,156
YA,YA_hat,.0106375707427866,3.6705935,1433,1277,156
YA,YA_hat,.0106903370162188,3.6705978,1433,1279,154
YA,YA_hat,.0107373234864539,3.6706016,1433,1280,153
YA,YA_hat,.0109470783423248,3.6706252,1433,1280,153
YA,YA_hat,.0110894825396668,3.6706419,1433,1282,151
YA,YA_hat,.0111165052088902,3.6706452,1433,1282,151
YA,YA_hat,.0112898302640631,3.6706607,1433,1284,149
YA,YA_hat,.0113098596454459,3.6706626,1433,1285,148
YA,YA_hat,.0116212227462385,3.6706824,1433,1286,147
YA,YA_hat,.0116473096909978,3.6706836,1433,1287,146
YA,YA_hat,.0117689653289479,3.6706879,1433,1287,146
YA,YA_hat,.0118144112768694,3.6706889,1433,1289,144
YA,YA_hat,.0119717646666072,3.6706879,1433,1289,144
b,debt_gdp,.22127,3.6696823,1433,144,1289
b,debt_gdp,.22187,3.6697021,1433,145,1288
b,debt_gdp,.22451,3.6697881,1433,145,1288
b,debt_gdp,.22505,3.6698058,1433,147,1286
b,debt_gdp,.22597,3.669836,1433,148,1285
b,debt_gdp,.22708,3.6698732,1433,149,1284
b,debt_gdp,.22882,3.6699305,1433,149,1284
b,debt_gdp,.22943,3.6699505,1433,150,1283
b,debt_gdp,.22955,3.6699538,1433,152,1281
b,debt_gdp,.23106,3.6699977,1433,152,1281
b,debt_gdp,.23286,3.670048,1433,154,1279
b,debt_gdp,.23485,3.6701019,1433,155,1278
b,debt_gdp,.23524,3.6701121,1433,156,1277
b,debt_gdp,.23652,3.6701446,1433,157,1276
b,debt_gdp,.23653,3.6701448,1433,158,1275
b,debt_gdp,.23948,3.6702211,1433,159,1274
b,debt_gdp,.23962,3.6702259,1433,160,1273
b,debt_gdp,.24045,3.6702535,1433,160,1273
b,debt_gdp,.24252,3.6703219,1433,162,1271
b,debt_gdp,.24275,3.6703296,1433,163,1270
b,debt_gdp,.24326,3.6703489,1433,164,1269
b,debt_gdp,.24393,3.6703744,1433,165,1268
b,debt_gdp,.24628,3.6704612,1433,166,1267
b,debt_gdp,.24645,3.6704674,1433,167,1266
b,debt_gdp,.24718,3.6704931,1433,168,1265
b,debt_gdp,.24755,3.6705055,1433,169,1264
b,debt_gdp,.24768,3.6705101,1433,170,1263
b,debt_gdp,.2488,3.6705465,1433,171,1262
b,debt_gdp,.24884,3.670548,1433,172,1261
b,debt_gdp,.24917,3.6705587,1433,173,1260
b,debt_gdp,.2492,3.6705596,1433,174,1259
b,debt_gdp,.25006,3.6705909,1433,175,1258
b,debt_gdp,.251,3.6706226,1433,176,1257
b,debt_gdp,.25174,3.6706471,1433,177,1256
b,debt_gdp,.25201,3.6706574,1433,178,1255
b,debt_gdp,.25263,3.6706815,1433,179,1254
b,debt_gdp,.2542,3.6707406,1433,179,1254
b,debt_gdp,.25553,3.6707888,1433,180,1253
b,debt_gdp,.25703,3.6708417,1433,182,1251
b,debt_gdp,.25723,3.6708486,1433,183,1250
b,debt_gdp,.25798,3.6708741,1433,184,1249
b,debt_gdp,.25856,3.6708934,1433,185,1248
b,debt_gdp,.25909,3.6709092,1433,186,1247
b,debt_gdp,.2591,3.6709096,1433,187,1246
b,debt_gdp,.26,3.6709354,1433,188,1245
b,debt_gdp,.2606,3.6709526,1433,189,1244
b,debt_gdp,.26085,3.6709597,1433,190,1243
b,debt_gdp,.26113,3.6709673,1433,191,1242
b,debt_gdp,.26136,3.6709738,1433,192,1241
b,debt_gdp,.26207,3.6709931,1433,193,1240
b,debt_gdp,.26324,3.6710234,1433,193,1240
b,debt_gdp,.26346,3.6710289,1433,195,1238
b,debt_gdp,.26357,3.6710315,1433,196,1237
b,debt_gdp,.26363,3.6710329,1433,197,1236
b,debt_gdp,.26396,3.6710401,1433,197,1236
b,debt_gdp,.26418,3.6710443,1433,199,1234
b,debt_gdp,.26455,3.671052,1433,200,1233
b,debt_gdp,.26483,3.6710577,1433,201,1232
b,debt_gdp,.26588,3.6710794,1433,202,1231
b,debt_gdp,.26624,3.671087,1433,203,1230
b,debt_gdp,.26715,3.6711049,1433,204,1229
b,debt_gdp,.26897,3.6711421,1433,205,1228
b,debt_gdp,.26927,3.6711483,1433,206,1227
b,debt_gdp,.26995,3.6711621,1433,207,1226
b,debt_gdp,.27013,3.6711657,1433,207,1226
b,debt_gdp,.27018,3.6711667,1433,208,1225
b,debt_gdp,.27028,3.6711686,1433,210,1223
b,debt_gdp,.27043,3.6711717,1433,211,1222
b,debt_gdp,.271,3.6711833,1433,212,1221
b,debt_gdp,.27146,3.6711931,1433,212,1221
b,debt_gdp,.27335,3.6712325,1433,214,1219
b,debt_gdp,.27346,3.6712351,1433,215,1218
b,debt_gdp,.27367,3.6712401,1433,216,1217
b,debt_gdp,.27383,3.6712439,1433,217,1216
b,debt_gdp,.27409,3.6712501,1433,218,1215
b,debt_gdp,.2742,3.6712527,1433,219,1214
b,debt_gdp,.2745,3.6712601,1433,220,1213
b,debt_gdp,.27453,3.6712608,1433,221,1212
b,debt_gdp,.27565,3.6712866,1433,222,1211
b,debt_gdp,.27572,3.6712883,1433,223,1210
b,debt_gdp,.27678,3.6713126,1433,224,1209
b,debt_gdp,.27682,3.6713135,1433,225,1208
b,debt_gdp,.27711,3.67132,1433,226,1207
b,debt_gdp,.2772,3.6713221,1433,227,1206
b,debt_gdp,.27758,3.6713305,1433,228,1205
b,debt_gdp,.27903,3.6713638,1433,229,1204
b,debt_gdp,.27955,3.671376,1433,230,1203
b,debt_gdp,.28022,3.6713912,1433,231,1202
b,debt_gdp,.2803,3.6713929,1433,232,1201
b,debt_gdp,.28062,3.6714001,1433,232,1201
b,debt_gdp,.28103,3.6714091,1433,234,1199
b,debt_gdp,.28115,3.6714118,1433,235,1198
b,debt_gdp,.28155,3.6714215,1433,236,1197
b,debt_gdp,.2816,3.6714227,1433,237,1196
b,debt_gdp,.28206,3.671433,1433,238,1195
b,debt_gdp,.28275,3.6714485,1433,239,1194
b,debt_gdp,.28289,3.6714518,1433,239,1194
b,debt_gdp,.28306,3.6714556,1433,240,1193
b,debt_gdp,.2833,3.6714611,1433,242,1191
b,debt_gdp,.28334,3.6714621,1433,243,1190
b,debt_gdp,.28344,3.671464,1433,244,1189
b,debt_gdp,.28633,3.6715233,1433,245,1188
b,debt_gdp,.28669,3.671531,1433,246,1187
b,debt_gdp,.28683,3.6715338,1433,247,1186
b,debt_gdp,.28708,3.6715391,1433,248,1185
b,debt_gdp,.28791,3.671556,1433,249,1184
b,debt_gdp,.288,3.6715577,1433,249,1184
b,debt_gdp,.28809,3.6715593,1433,251,1182
b,debt_gdp,.28826,3.6715627,1433,252,1181
b,debt_gdp,.28946,3.6715853,1433,253,1180
b,debt_gdp,.29078,3.6716092,1433,254,1179
b,debt_gdp,.29179,3.671627,1433,255,1178
b,debt_gdp,.29363,3.6716597,1433,256,1177
b,debt_gdp,.29393,3.671665,1433,257,1176
b,debt_gdp,.29396,3.6716654,1433,258,1175
b,debt_gdp,.29414,3.6716685,1433,259,1174
b,debt_gdp,.29433,3.6716719,1433,260,1173
b,debt_gdp,.29483,3.6716802,1433,261,1172
b,debt_gdp,.29548,3.6716926,1433,262,1171
b,debt_gdp,.29552,3.6716933,1433,263,1170
b,debt_gdp,.29553,3.6716936,1433,264,1169
b,debt_gdp,.29558,3.6716945,1433,265,1168
b,debt_gdp,.296,3.6717024,1433,265,1168
b,debt_gdp,.2962,3.6717062,1433,267,1166
b,debt_gdp,.29623,3.6717069,1433,268,1165
b,debt_gdp,.29637,3.6717095,1433,269,1164
b,debt_gdp,.29832,3.6717472,1433,269,1164
b,debt_gdp,.29835,3.6717477,1433,271,1162
b,debt_gdp,.29838,3.6717484,1433,271,1162
b,debt_gdp,.29886,3.671757,1433,273,1160
b,debt_gdp,.30025,3.6717815,1433,274,1159
b,debt_gdp,.30164,3.6718047,1433,275,1158
b,debt_gdp,.30166,3.6718049,1433,276,1157
b,debt_gdp,.30248,3.6718178,1433,277,1156
b,debt_gdp,.30252,3.6718185,1433,278,1155
b,debt_gdp,.30333,3.6718307,1433,279,1154
b,debt_gdp,.30373,3.6718369,1433,280,1153
b,debt_gdp,.30423,3.6718445,1433,281,1152
b,debt_gdp,.30563,3.6718662,1433,282,1151
b,debt_gdp,.30574,3.6718678,1433,283,1150
b,debt_gdp,.30724,3.6718895,1433,284,1149
b,debt_gdp,.30733,3.6718907,1433,285,1148
b,debt_gdp,.30816,3.6719022,1433,286,1147
b,debt_gdp,.3089,3.6719122,1433,287,1146
b,debt_gdp,.31045,3.6719337,1433,288,1145
b,debt_gdp,.31122,3.6719446,1433,289,1144
b,debt_gdp,.31185,3.6719522,1433,290,1143
b,debt_gdp,.31195,3.6719537,1433,291,1142
b,debt_gdp,.31333,3.6719708,1433,292,1141
b,debt_gdp,.31514,3.6719935,1433,293,1140
b,debt_gdp,.31532,3.6719959,1433,294,1139
b,debt_gdp,.31678,3.6720154,1433,295,1138
b,debt_gdp,.317,3.6720183,1433,296,1137
b,debt_gdp,.31801,3.6720316,1433,297,1136
b,debt_gdp,.31819,3.6720338,1433,298,1135
b,debt_gdp,.31951,3.6720514,1433,299,1134
b,debt_gdp,.3221,3.6720905,1433,300,1133
b,debt_gdp,.3238,3.6721163,1433,300,1133
b,debt_gdp,.32382,3.6721165,1433,302,1131
b,debt_gdp,.32518,3.6721392,1433,303,1130
b,debt_gdp,.32563,3.6721466,1433,303,1130
b,debt_gdp,.32597,3.6721523,1433,304,1129
b,debt_gdp,.32663,3.6721635,1433,306,1127
b,debt_gdp,.32769,3.6721818,1433,307,1126
b,debt_gdp,.3301,3.6722231,1433,308,1125
b,debt_gdp,.33184,3.6722524,1433,309,1124
b,debt_gdp,.33191,3.6722536,1433,309,1124
b,debt_gdp,.332,3.672255,1433,311,1122
b,debt_gdp,.33315,3.6722741,1433,312,1121
b,debt_gdp,.3334300000000001,3.6722789,1433,314,1119
b,debt_gdp,.3336,3.6722817,1433,315,1118
b,debt_gdp,.3343,3.6722927,1433,316,1117
b,debt_gdp,.33536,3.6723094,1433,317,1116
b,debt_gdp,.33561,3.6723135,1433,318,1115
b,debt_gdp,.33578,3.6723161,1433,319,1114
b,debt_gdp,.33636,3.6723251,1433,319,1114
b,debt_gdp,.33782,3.672348,1433,321,1112
b,debt_gdp,.3382500000000001,3.6723547,1433,322,1111
b,debt_gdp,.33857,3.6723597,1433,323,1110
b,debt_gdp,.3387,3.6723614,1433,324,1109
b,debt_gdp,.33893,3.6723645,1433,325,1108
b,debt_gdp,.33906,3.6723664,1433,326,1107
b,debt_gdp,.33967,3.6723735,1433,327,1106
b,debt_gdp,.33982,3.6723752,1433,328,1105
b,debt_gdp,.33985,3.6723757,1433,329,1104
b,debt_gdp,.34041,3.6723816,1433,330,1103
b,debt_gdp,.34165,3.6723983,1433,331,1102
b,debt_gdp,.34182,3.6724005,1433,332,1101
b,debt_gdp,.34195,3.6724021,1433,333,1100
b,debt_gdp,.34214,3.6724048,1433,334,1099
b,debt_gdp,.34254,3.6724098,1433,335,1098
b,debt_gdp,.34363,3.6724248,1433,336,1097
b,debt_gdp,.34509,3.6724451,1433,337,1096
b,debt_gdp,.34559,3.6724517,1433,338,1095
b,debt_gdp,.34681,3.6724672,1433,339,1094
b,debt_gdp,.34742,3.6724746,1433,340,1093
b,debt_gdp,.34773,3.6724784,1433,340,1093
b,debt_gdp,.34824,3.6724849,1433,342,1091
b,debt_gdp,.34829,3.6724854,1433,343,1090
b,debt_gdp,.34923,3.6724946,1433,343,1090
b,debt_gdp,.34941,3.6724963,1433,345,1088
b,debt_gdp,.34946,3.6724966,1433,346,1087
b,debt_gdp,.34985,3.6724999,1433,347,1086
b,debt_gdp,.34989,3.6725004,1433,348,1085
b,debt_gdp,.35018,3.6725028,1433,349,1084
b,debt_gdp,.35332,3.6725297,1433,350,1083
b,debt_gdp,.35337,3.6725302,1433,351,1082
b,debt_gdp,.35339,3.6725304,1433,352,1081
b,debt_gdp,.35387,3.6725342,1433,353,1080
b,debt_gdp,.35434,3.672538,1433,354,1079
b,debt_gdp,.3552900000000001,3.6725454,1433,355,1078
b,debt_gdp,.35539,3.6725464,1433,355,1078
b,debt_gdp,.35558,3.6725481,1433,357,1076
b,debt_gdp,.35591,3.6725509,1433,358,1075
b,debt_gdp,.35614,3.6725531,1433,359,1074
b,debt_gdp,.35671,3.6725578,1433,360,1073
b,debt_gdp,.35687,3.672559,1433,361,1072
b,debt_gdp,.35698,3.6725597,1433,362,1071
b,debt_gdp,.35777,3.672565,1433,362,1071
b,debt_gdp,.35783,3.6725655,1433,363,1070
b,debt_gdp,.35787,3.6725657,1433,365,1068
b,debt_gdp,.35848,3.6725695,1433,366,1067
b,debt_gdp,.35899,3.6725731,1433,366,1067
b,debt_gdp,.35961,3.6725774,1433,368,1065
b,debt_gdp,.35969,3.6725779,1433,369,1064
b,debt_gdp,.35985,3.6725791,1433,370,1063
b,debt_gdp,.36007,3.6725805,1433,371,1062
b,debt_gdp,.36167,3.6725922,1433,372,1061
b,debt_gdp,.3617,3.6725924,1433,373,1060
b,debt_gdp,.36185,3.6725936,1433,374,1059
b,debt_gdp,.36232,3.6725969,1433,375,1058
b,debt_gdp,.36275,3.6726,1433,376,1057
b,debt_gdp,.3640699999999999,3.6726098,1433,376,1057
b,debt_gdp,.36412,3.67261,1433,378,1055
b,debt_gdp,.36418,3.6726105,1433,379,1054
b,debt_gdp,.36438,3.672612,1433,379,1054
b,debt_gdp,.36448,3.6726127,1433,381,1052
b,debt_gdp,.36453,3.6726129,1433,382,1051
b,debt_gdp,.36497,3.6726162,1433,383,1050
b,debt_gdp,.36585,3.6726232,1433,384,1049
b,debt_gdp,.36588,3.6726234,1433,385,1048
b,debt_gdp,.36642,3.6726277,1433,386,1047
b,debt_gdp,.36656,3.6726286,1433,387,1046
b,debt_gdp,.36695,3.6726322,1433,388,1045
b,debt_gdp,.367,3.6726327,1433,388,1045
b,debt_gdp,.36705,3.6726332,1433,390,1043
b,debt_gdp,.3676700000000001,3.6726384,1433,391,1042
b,debt_gdp,.36841,3.6726446,1433,392,1041
b,debt_gdp,.36883,3.6726482,1433,392,1041
b,debt_gdp,.36912,3.6726508,1433,394,1039
b,debt_gdp,.36973,3.672657,1433,395,1038
b,debt_gdp,.37024,3.672662,1433,396,1037
b,debt_gdp,.37037,3.6726632,1433,397,1036
b,debt_gdp,.37044,3.6726639,1433,398,1035
b,debt_gdp,.37066,3.6726663,1433,398,1035
b,debt_gdp,.37085,3.6726682,1433,400,1033
b,debt_gdp,.37107,3.6726704,1433,401,1032
b,debt_gdp,.37131,3.6726727,1433,401,1032
b,debt_gdp,.37147,3.6726744,1433,403,1030
b,debt_gdp,.37287,3.672689,1433,404,1029
b,debt_gdp,.37315,3.6726918,1433,405,1028
b,debt_gdp,.3732200000000001,3.6726928,1433,406,1027
b,debt_gdp,.37376,3.6726985,1433,407,1026
b,debt_gdp,.37408,3.6727021,1433,408,1025
b,debt_gdp,.37412,3.6727026,1433,409,1024
b,debt_gdp,.37471,3.6727085,1433,410,1023
b,debt_gdp,.37549,3.6727169,1433,411,1022
b,debt_gdp,.37575,3.672719,1433,411,1022
b,debt_gdp,.37577,3.6727192,1433,413,1020
b,debt_gdp,.37592,3.6727202,1433,414,1019
b,debt_gdp,.37616,3.6727221,1433,415,1018
b,debt_gdp,.37681,3.6727271,1433,416,1017
b,debt_gdp,.37705,3.6727288,1433,417,1016
b,debt_gdp,.37844,3.6727393,1433,418,1015
b,debt_gdp,.37854,3.67274,1433,419,1014
b,debt_gdp,.37863,3.6727407,1433,420,1013
b,debt_gdp,.37875,3.6727419,1433,421,1012
b,debt_gdp,.37907,3.6727445,1433,422,1011
b,debt_gdp,.37929,3.6727462,1433,423,1010
b,debt_gdp,.37944,3.6727474,1433,424,1009
b,debt_gdp,.37974,3.6727495,1433,425,1008
b,debt_gdp,.37988,3.6727505,1433,426,1007
b,debt_gdp,.37992,3.6727507,1433,427,1006
b,debt_gdp,.38005,3.6727517,1433,428,1005
b,debt_gdp,.38011,3.6727521,1433,429,1004
b,debt_gdp,.38045,3.6727538,1433,430,1003
b,debt_gdp,.38065,3.6727545,1433,431,1002
b,debt_gdp,.38068,3.6727548,1433,432,1001
b,debt_gdp,.38121,3.6727574,1433,432,1001
b,debt_gdp,.3813,3.6727579,1433,433,1000
b,debt_gdp,.3816599999999999,3.6727591,1433,434,999
b,debt_gdp,.38297,3.6727638,1433,436,997
b,debt_gdp,.3832,3.6727648,1433,437,996
b,debt_gdp,.3833,3.6727653,1433,438,995
b,debt_gdp,.38335,3.6727653,1433,439,994
b,debt_gdp,.38382,3.6727667,1433,440,993
b,debt_gdp,.38409,3.6727676,1433,441,992
b,debt_gdp,.38455,3.6727688,1433,442,991
b,debt_gdp,.38498,3.67277,1433,443,990
b,debt_gdp,.3853199999999999,3.6727712,1433,443,990
b,debt_gdp,.38539,3.6727715,1433,445,988
b,debt_gdp,.38603,3.6727738,1433,445,988
b,debt_gdp,.38607,3.6727741,1433,447,986
b,debt_gdp,.3862,3.6727746,1433,448,985
b,debt_gdp,.38831,3.6727839,1433,448,985
b,debt_gdp,.3884300000000001,3.6727843,1433,450,983
b,debt_gdp,.38859,3.672785,1433,451,982
b,debt_gdp,.38906,3.672787,1433,452,981
b,debt_gdp,.3890999999999999,3.672787,1433,452,981
b,debt_gdp,.3892,3.6727874,1433,454,979
b,debt_gdp,.38962,3.6727891,1433,455,978
b,debt_gdp,.39006,3.672791,1433,456,977
b,debt_gdp,.39019,3.6727912,1433,457,976
b,debt_gdp,.39116,3.6727934,1433,458,975
b,debt_gdp,.3912,3.6727936,1433,459,974
b,debt_gdp,.39125,3.6727936,1433,460,973
b,debt_gdp,.39144,3.6727939,1433,461,972
b,debt_gdp,.39177,3.6727939,1433,462,971
b,debt_gdp,.39189,3.6727939,1433,463,970
b,debt_gdp,.39237,3.6727934,1433,464,969
b,debt_gdp,.39262,3.6727929,1433,465,968
b,debt_gdp,.39308,3.672792,1433,466,967
b,debt_gdp,.39348,3.6727908,1433,467,966
b,debt_gdp,.39354,3.6727908,1433,468,965
b,debt_gdp,.3936,3.6727905,1433,469,964
b,debt_gdp,.39361,3.6727905,1433,470,963
b,debt_gdp,.39402,3.6727886,1433,470,963
b,debt_gdp,.39469,3.6727858,1433,472,961
b,debt_gdp,.3953199999999999,3.6727827,1433,472,961
b,debt_gdp,.39548,3.6727819,1433,474,959
b,debt_gdp,.39609,3.6727788,1433,475,958
b,debt_gdp,.39628,3.6727781,1433,476,957
b,debt_gdp,.39662,3.6727767,1433,477,956
b,debt_gdp,.39666,3.6727765,1433,478,955
b,debt_gdp,.39688,3.6727755,1433,479,954
b,debt_gdp,.39708,3.6727746,1433,480,953
b,debt_gdp,.3973,3.6727736,1433,481,952
b,debt_gdp,.39742,3.6727729,1433,482,951
b,debt_gdp,.39747,3.6727724,1433,483,950
b,debt_gdp,.39756,3.6727717,1433,484,949
b,debt_gdp,.39801,3.6727684,1433,484,949
b,debt_gdp,.3983100000000001,3.672766,1433,486,947
b,debt_gdp,.39866,3.6727631,1433,487,946
b,debt_gdp,.3987,3.6727629,1433,488,945
b,debt_gdp,.39908,3.6727595,1433,489,944
b,debt_gdp,.39934,3.6727569,1433,490,943
b,debt_gdp,.3995900000000001,3.6727543,1433,491,942
b,debt_gdp,.40121,3.6727366,1433,492,941
b,debt_gdp,.40129,3.6727359,1433,493,940
b,debt_gdp,.40141,3.6727345,1433,494,939
b,debt_gdp,.40153,3.6727331,1433,495,938
b,debt_gdp,.40155,3.6727328,1433,496,937
b,debt_gdp,.40299,3.6727173,1433,497,936
b,debt_gdp,.40302,3.6727169,1433,498,935
b,debt_gdp,.40356,3.6727118,1433,498,935
b,debt_gdp,.40436,3.672704,1433,500,933
b,debt_gdp,.40455,3.6727023,1433,501,932
b,debt_gdp,.4046,3.6727018,1433,502,931
b,debt_gdp,.40474,3.6727006,1433,503,930
b,debt_gdp,.40605,3.6726904,1433,504,929
b,debt_gdp,.40654,3.6726859,1433,505,928
b,debt_gdp,.40692,3.6726823,1433,506,927
b,debt_gdp,.40699,3.6726818,1433,507,926
b,debt_gdp,.40724,3.6726794,1433,508,925
b,debt_gdp,.40755,3.6726763,1433,509,924
b,debt_gdp,.40778,3.6726742,1433,510,923
b,debt_gdp,.40782,3.6726737,1433,511,922
b,debt_gdp,.40789,3.6726732,1433,511,922
b,debt_gdp,.40815,3.6726718,1433,513,920
b,debt_gdp,.40869,3.6726696,1433,514,919
b,debt_gdp,.40897,3.6726687,1433,515,918
b,debt_gdp,.40901,3.6726685,1433,515,918
b,debt_gdp,.40903,3.6726682,1433,517,916
b,debt_gdp,.40993,3.6726625,1433,518,915
b,debt_gdp,.41039,3.6726589,1433,518,915
b,debt_gdp,.4106300000000001,3.6726573,1433,520,913
b,debt_gdp,.41081,3.6726556,1433,521,912
b,debt_gdp,.41095,3.6726544,1433,522,911
b,debt_gdp,.4114,3.6726501,1433,523,910
b,debt_gdp,.41167,3.6726475,1433,523,910
b,debt_gdp,.41184,3.6726458,1433,525,908
b,debt_gdp,.41222,3.6726406,1433,525,908
b,debt_gdp,.41237,3.6726387,1433,527,906
b,debt_gdp,.41244,3.6726377,1433,528,905
b,debt_gdp,.41276,3.6726334,1433,529,904
b,debt_gdp,.41281,3.6726327,1433,530,903
b,debt_gdp,.41319,3.6726272,1433,531,902
b,debt_gdp,.41393,3.6726165,1433,532,901
b,debt_gdp,.4141299999999999,3.6726136,1433,532,901
b,debt_gdp,.41426,3.6726117,1433,534,899
b,debt_gdp,.4144,3.6726098,1433,535,898
b,debt_gdp,.41482,3.6726043,1433,536,897
b,debt_gdp,.41534,3.6725974,1433,537,896
b,debt_gdp,.41546,3.672596,1433,538,895
b,debt_gdp,.41598,3.6725895,1433,539,894
b,debt_gdp,.41638,3.6725852,1433,540,893
b,debt_gdp,.41667,3.6725821,1433,540,893
b,debt_gdp,.41692,3.6725791,1433,543,890
b,debt_gdp,.41717,3.6725767,1433,544,889
b,debt_gdp,.41745,3.6725733,1433,545,888
b,debt_gdp,.41777,3.6725698,1433,545,888
b,debt_gdp,.41857,3.6725609,1433,547,886
b,debt_gdp,.41886,3.6725574,1433,548,885
b,debt_gdp,.41929,3.6725523,1433,549,884
b,debt_gdp,.41941,3.6725509,1433,550,883
b,debt_gdp,.4196,3.6725485,1433,550,883
b,debt_gdp,.41991,3.6725447,1433,552,881
b,debt_gdp,.41997,3.672544,1433,553,880
b,debt_gdp,.4201,3.6725423,1433,554,879
b,debt_gdp,.42065,3.6725354,1433,555,878
b,debt_gdp,.4209000000000001,3.6725297,1433,556,877
b,debt_gdp,.42131,3.6725202,1433,557,876
b,debt_gdp,.42133,3.6725197,1433,557,876
b,debt_gdp,.42191,3.6725104,1433,559,874
b,debt_gdp,.42364,3.672482,1433,560,873
b,debt_gdp,.42366,3.6724818,1433,561,872
b,debt_gdp,.42376,3.6724799,1433,562,871
b,debt_gdp,.42383,3.6724784,1433,562,871
b,debt_gdp,.42395,3.6724763,1433,563,870
b,debt_gdp,.42417,3.672472,1433,565,868
b,debt_gdp,.42447,3.6724656,1433,566,867
b,debt_gdp,.42449,3.6724651,1433,567,866
b,debt_gdp,.42514,3.6724489,1433,568,865
b,debt_gdp,.4252,3.6724474,1433,569,864
b,debt_gdp,.42537,3.6724439,1433,570,863
b,debt_gdp,.42559,3.6724391,1433,571,862
b,debt_gdp,.42563,3.6724381,1433,572,861
b,debt_gdp,.42577,3.6724353,1433,573,860
b,debt_gdp,.42612,3.6724272,1433,574,859
b,debt_gdp,.42622,3.672425,1433,575,858
b,debt_gdp,.42697,3.6724076,1433,576,857
b,debt_gdp,.42741,3.6723971,1433,577,856
b,debt_gdp,.42888,3.6723688,1433,578,855
b,debt_gdp,.42943,3.672359,1433,579,854
b,debt_gdp,.42977,3.672354,1433,580,853
b,debt_gdp,.43049,3.6723444,1433,581,852
b,debt_gdp,.43114,3.6723366,1433,582,851
b,debt_gdp,.43122,3.6723356,1433,583,850
b,debt_gdp,.4318,3.6723299,1433,584,849
b,debt_gdp,.43253,3.6723261,1433,585,848
b,debt_gdp,.4327,3.6723254,1433,585,848
b,debt_gdp,.43319,3.6723235,1433,587,846
b,debt_gdp,.4333400000000001,3.672323,1433,588,845
b,debt_gdp,.43335,3.6723228,1433,589,844
b,debt_gdp,.4363900000000001,3.6723068,1433,590,843
b,debt_gdp,.43643,3.6723068,1433,591,842
b,debt_gdp,.43764,3.6723015,1433,591,842
b,debt_gdp,.43792,3.6723006,1433,592,841
b,debt_gdp,.43798,3.6723003,1433,593,840
b,debt_gdp,.43829,3.6722991,1433,595,838
b,debt_gdp,.43835,3.6722989,1433,596,837
b,debt_gdp,.43849,3.6722984,1433,597,836
b,debt_gdp,.43863,3.6722975,1433,598,835
b,debt_gdp,.4401,3.6722896,1433,599,834
b,debt_gdp,.4406600000000001,3.6722858,1433,600,833
b,debt_gdp,.44141,3.6722817,1433,601,832
b,debt_gdp,.44195,3.6722779,1433,602,831
b,debt_gdp,.44202,3.6722775,1433,603,830
b,debt_gdp,.44209,3.672277,1433,603,830
b,debt_gdp,.44226,3.672276,1433,605,828
b,debt_gdp,.44266,3.672272,1433,606,827
b,debt_gdp,.44428,3.6722565,1433,607,826
b,debt_gdp,.44438,3.6722555,1433,608,825
b,debt_gdp,.44458,3.6722536,1433,609,824
b,debt_gdp,.4455,3.6722457,1433,610,823
b,debt_gdp,.4496,3.6722095,1433,611,822
b,debt_gdp,.45012,3.6722052,1433,612,821
b,debt_gdp,.4504,3.6722031,1433,613,820
b,debt_gdp,.4509300000000001,3.6721992,1433,614,819
b,debt_gdp,.45195,3.6721916,1433,615,818
b,debt_gdp,.45197,3.6721914,1433,615,818
b,debt_gdp,.45211,3.6721904,1433,617,816
b,debt_gdp,.4527600000000001,3.6721861,1433,618,815
b,debt_gdp,.45333,3.6721823,1433,619,814
b,debt_gdp,.45434,3.6721745,1433,620,813
b,debt_gdp,.45462,3.6721725,1433,621,812
b,debt_gdp,.4564800000000001,3.6721585,1433,622,811
b,debt_gdp,.4569,3.6721554,1433,623,810
b,debt_gdp,.45691,3.6721551,1433,623,810
b,debt_gdp,.45832,3.6721451,1433,625,808
b,debt_gdp,.45833,3.6721449,1433,626,807
b,debt_gdp,.45893,3.6721396,1433,627,806
b,debt_gdp,.45915,3.6721377,1433,628,805
b,debt_gdp,.45976,3.6721349,1433,629,804
b,debt_gdp,.46114,3.6721275,1433,630,803
b,debt_gdp,.46117,3.6721272,1433,631,802
b,debt_gdp,.46123,3.672127,1433,632,801
b,debt_gdp,.46189,3.6721261,1433,633,800
b,debt_gdp,.4621500000000001,3.6721258,1433,634,799
b,debt_gdp,.46237,3.6721249,1433,635,798
b,debt_gdp,.46267,3.6721234,1433,636,797
b,debt_gdp,.46474,3.6721148,1433,637,796
b,debt_gdp,.46529,3.6721129,1433,637,796
b,debt_gdp,.4655899999999999,3.6721117,1433,638,795
b,debt_gdp,.46621,3.6721087,1433,640,793
b,debt_gdp,.46804,3.6720989,1433,641,792
b,debt_gdp,.46815,3.6720984,1433,642,791
b,debt_gdp,.4682500000000001,3.6720979,1433,643,790
b,debt_gdp,.46891,3.6720898,1433,644,789
b,debt_gdp,.47066,3.6720679,1433,645,788
b,debt_gdp,.47093,3.6720645,1433,646,787
b,debt_gdp,.47098,3.6720638,1433,647,786
b,debt_gdp,.47134,3.6720591,1433,648,785
b,debt_gdp,.475,3.6720119,1433,649,784
b,debt_gdp,.47534,3.6720076,1433,650,783
b,debt_gdp,.47545,3.6720064,1433,650,783
b,debt_gdp,.47587,3.6720016,1433,652,781
b,debt_gdp,.47652,3.6719952,1433,653,780
b,debt_gdp,.47687,3.6719911,1433,654,779
b,debt_gdp,.47718,3.6719873,1433,654,779
b,debt_gdp,.4775,3.6719832,1433,656,777
b,debt_gdp,.4777,3.6719804,1433,657,776
b,debt_gdp,.47878,3.6719682,1433,658,775
b,debt_gdp,.4788,3.671968,1433,659,774
b,debt_gdp,.47922,3.6719632,1433,660,773
b,debt_gdp,.47988,3.6719558,1433,661,772
b,debt_gdp,.4801,3.6719542,1433,662,771
b,debt_gdp,.48162,3.6719418,1433,663,770
b,debt_gdp,.48234,3.6719353,1433,664,769
b,debt_gdp,.48414,3.6719174,1433,665,768
b,debt_gdp,.48545,3.6719048,1433,666,767
b,debt_gdp,.48555,3.6719038,1433,667,766
b,debt_gdp,.48588,3.6719003,1433,667,766
b,debt_gdp,.48656,3.6718929,1433,669,764
b,debt_gdp,.48693,3.6718903,1433,670,763
b,debt_gdp,.48711,3.6718888,1433,671,762
b,debt_gdp,.4871200000000001,3.6718888,1433,672,761
b,debt_gdp,.48744,3.671885,1433,673,760
b,debt_gdp,.48759,3.6718833,1433,674,759
b,debt_gdp,.48787,3.6718805,1433,675,758
b,debt_gdp,.48808,3.6718786,1433,676,757
b,debt_gdp,.48887,3.67187,1433,677,756
b,debt_gdp,.48888,3.67187,1433,678,755
b,debt_gdp,.48966,3.6718576,1433,679,754
b,debt_gdp,.4927,3.6718118,1433,680,753
b,debt_gdp,.49414,3.6717899,1433,681,752
b,debt_gdp,.49434,3.6717868,1433,682,751
b,debt_gdp,.49449,3.6717849,1433,683,750
b,debt_gdp,.49454,3.6717842,1433,684,749
b,debt_gdp,.4945600000000001,3.6717839,1433,685,748
b,debt_gdp,.49475,3.6717815,1433,686,747
b,debt_gdp,.49537,3.6717739,1433,687,746
b,debt_gdp,.4958,3.6717684,1433,688,745
b,debt_gdp,.49701,3.6717517,1433,689,744
b,debt_gdp,.49798,3.6717393,1433,689,744
b,debt_gdp,.49804,3.6717384,1433,690,743
b,debt_gdp,.49805,3.6717384,1433,692,741
b,debt_gdp,.49857,3.6717322,1433,694,739
b,debt_gdp,.49881,3.6717296,1433,695,738
b,debt_gdp,.49904,3.6717272,1433,695,738
b,debt_gdp,.49986,3.6717179,1433,697,736
b,debt_gdp,.5001,3.671715,1433,698,735
b,debt_gdp,.5003300000000001,3.6717124,1433,699,734
b,debt_gdp,.5004500000000001,3.671711,1433,700,733
b,debt_gdp,.50095,3.6717045,1433,701,732
b,debt_gdp,.50096,3.6717045,1433,702,731
b,debt_gdp,.50113,3.6717024,1433,703,730
b,debt_gdp,.50154,3.6716962,1433,704,729
b,debt_gdp,.50168,3.6716943,1433,705,728
b,debt_gdp,.5032,3.6716721,1433,706,727
b,debt_gdp,.50346,3.6716678,1433,707,726
b,debt_gdp,.50375,3.671663,1433,708,725
b,debt_gdp,.50399,3.671659,1433,709,724
b,debt_gdp,.50408,3.6716573,1433,710,723
b,debt_gdp,.50441,3.6716516,1433,711,722
b,debt_gdp,.50444,3.6716511,1433,712,721
b,debt_gdp,.50501,3.6716413,1433,713,720
b,debt_gdp,.50554,3.6716325,1433,714,719
b,debt_gdp,.50598,3.671627,1433,715,718
b,debt_gdp,.50609,3.6716256,1433,716,717
b,debt_gdp,.50642,3.6716216,1433,717,716
b,debt_gdp,.50773,3.6716053,1433,718,715
b,debt_gdp,.50897,3.6715901,1433,719,714
b,debt_gdp,.50971,3.6715813,1433,720,713
b,debt_gdp,.50973,3.6715808,1433,721,712
b,debt_gdp,.51056,3.6715698,1433,722,711
b,debt_gdp,.51137,3.6715603,1433,723,710
b,debt_gdp,.51212,3.6715512,1433,724,709
b,debt_gdp,.51234,3.6715486,1433,725,708
b,debt_gdp,.51237,3.6715481,1433,726,707
b,debt_gdp,.5132800000000001,3.6715317,1433,727,706
b,debt_gdp,.51351,3.6715276,1433,728,705
b,debt_gdp,.51352,3.6715274,1433,729,704
b,debt_gdp,.51381,3.6715217,1433,730,703
b,debt_gdp,.51536,3.6714895,1433,731,702
b,debt_gdp,.51554,3.6714857,1433,732,701
b,debt_gdp,.5159899999999999,3.6714754,1433,733,700
b,debt_gdp,.51644,3.6714654,1433,734,699
b,debt_gdp,.51688,3.6714551,1433,735,698
b,debt_gdp,.51761,3.6714385,1433,736,697
b,debt_gdp,.51805,3.6714284,1433,737,696
b,debt_gdp,.51869,3.6714141,1433,738,695
b,debt_gdp,.51898,3.6714079,1433,739,694
b,debt_gdp,.51902,3.671407,1433,740,693
b,debt_gdp,.51981,3.6713903,1433,741,692
b,debt_gdp,.52024,3.6713803,1433,742,691
b,debt_gdp,.52136,3.6713581,1433,743,690
b,debt_gdp,.52155,3.6713543,1433,744,689
b,debt_gdp,.52157,3.6713541,1433,745,688
b,debt_gdp,.5220199999999999,3.6713428,1433,746,687
b,debt_gdp,.52205,3.6713421,1433,747,686
b,debt_gdp,.52282,3.6713247,1433,748,685
b,debt_gdp,.52329,3.6713142,1433,749,684
b,debt_gdp,.52444,3.6712885,1433,750,683
b,debt_gdp,.52521,3.671277,1433,751,682
b,debt_gdp,.52534,3.6712751,1433,752,681
b,debt_gdp,.5277499999999999,3.6712391,1433,753,680
b,debt_gdp,.5301400000000001,3.6712046,1433,754,679
b,debt_gdp,.53074,3.671196,1433,755,678
b,debt_gdp,.53079,3.6711953,1433,756,677
b,debt_gdp,.5339200000000001,3.6711509,1433,757,676
b,debt_gdp,.53412,3.6711481,1433,758,675
b,debt_gdp,.53485,3.6711378,1433,759,674
b,debt_gdp,.53553,3.6711271,1433,760,673
b,debt_gdp,.53637,3.6711097,1433,761,672
b,debt_gdp,.53748,3.6710868,1433,762,671
b,debt_gdp,.5378799999999999,3.6710784,1433,763,670
b,debt_gdp,.53803,3.6710751,1433,764,669
b,debt_gdp,.53816,3.6710725,1433,765,668
b,debt_gdp,.53866,3.6710615,1433,766,667
b,debt_gdp,.53891,3.671056,1433,767,666
b,debt_gdp,.54052,3.6710188,1433,768,665
b,debt_gdp,.54074,3.6710131,1433,769,664
b,debt_gdp,.54088,3.6710112,1433,770,663
b,debt_gdp,.5412899999999999,3.6710041,1433,771,662
b,debt_gdp,.54184,3.6709938,1433,772,661
b,debt_gdp,.54193,3.6709921,1433,773,660
b,debt_gdp,.54218,3.6709874,1433,774,659
b,debt_gdp,.54325,3.6709659,1433,775,658
b,debt_gdp,.54352,3.6709607,1433,776,657
b,debt_gdp,.5439200000000001,3.6709518,1433,777,656
b,debt_gdp,.54395,3.6709511,1433,778,655
b,debt_gdp,.54431,3.6709423,1433,779,654
b,debt_gdp,.54472,3.6709325,1433,780,653
b,debt_gdp,.54569,3.6709092,1433,781,652
b,debt_gdp,.54611,3.6708996,1433,782,651
b,debt_gdp,.54711,3.6708758,1433,783,650
b,debt_gdp,.54767,3.6708622,1433,784,649
b,debt_gdp,.5478000000000001,3.6708591,1433,785,648
b,debt_gdp,.54865,3.6708376,1433,786,647
b,debt_gdp,.54901,3.6708279,1433,787,646
b,debt_gdp,.55003,3.6707985,1433,788,645
b,debt_gdp,.55139,3.6707599,1433,789,644
b,debt_gdp,.55257,3.670727,1433,790,643
b,debt_gdp,.5530700000000001,3.6707129,1433,791,642
b,debt_gdp,.55372,3.6706934,1433,792,641
b,debt_gdp,.5537299999999999,3.6706929,1433,793,640
b,debt_gdp,.55557,3.6706324,1433,794,639
b,debt_gdp,.55638,3.6706071,1433,795,638
b,debt_gdp,.55643,3.6706052,1433,796,637
b,debt_gdp,.55646,3.6706042,1433,797,636
b,debt_gdp,.5565599999999999,3.6706009,1433,798,635
b,debt_gdp,.55787,3.6705551,1433,799,634
b,debt_gdp,.5579,3.6705539,1433,800,633
b,debt_gdp,.55859,3.6705358,1433,801,632
b,debt_gdp,.5586800000000001,3.6705332,1433,802,631
b,debt_gdp,.55875,3.6705313,1433,803,630
b,debt_gdp,.55986,3.6704981,1433,804,629
b,debt_gdp,.56101,3.6704621,1433,805,628
b,debt_gdp,.5615100000000001,3.6704464,1433,806,627
b,debt_gdp,.5629,3.670404,1433,807,626
b,debt_gdp,.56326,3.670393,1433,808,625
b,debt_gdp,.5644899999999999,3.670356,1433,809,624
b,debt_gdp,.56476,3.6703479,1433,810,623
b,debt_gdp,.56585,3.670316,1433,812,621
b,debt_gdp,.56695,3.6702831,1433,813,620
b,debt_gdp,.56716,3.6702766,1433,814,619
b,debt_gdp,.56809,3.6702468,1433,815,618
b,debt_gdp,.56837,3.670238,1433,816,617
b,debt_gdp,.56859,3.6702304,1433,817,616
b,debt_gdp,.56891,3.670218,1433,818,615
b,debt_gdp,.56897,3.6702158,1433,819,614
b,debt_gdp,.5690999999999999,3.6702108,1433,820,613
b,debt_gdp,.5692900000000001,3.6702037,1433,821,612
b,debt_gdp,.5694400000000001,3.670198,1433,822,611
b,debt_gdp,.5697099999999999,3.670188,1433,823,610
b,debt_gdp,.5700500000000001,3.6701751,1433,824,609
b,debt_gdp,.57045,3.6701596,1433,825,608
b,debt_gdp,.57076,3.6701477,1433,826,607
b,debt_gdp,.5708299999999999,3.6701448,1433,827,606
b,debt_gdp,.57189,3.6701035,1433,828,605
b,debt_gdp,.5738,3.6700318,1433,829,604
b,debt_gdp,.57389,3.6700282,1433,830,603
b,debt_gdp,.5753199999999999,3.6699746,1433,831,602
b,debt_gdp,.57568,3.6699607,1433,832,601
b,debt_gdp,.57756,3.6698883,1433,833,600
b,debt_gdp,.57826,3.6698613,1433,834,599
b,debt_gdp,.57841,3.6698556,1433,835,598
b,debt_gdp,.57856,3.6698494,1433,836,597
b,debt_gdp,.5795400000000001,3.6698074,1433,837,596
b,debt_gdp,.58062,3.6697614,1433,838,595
b,debt_gdp,.58174,3.6697137,1433,839,594
b,debt_gdp,.58184,3.6697094,1433,840,593
b,debt_gdp,.58292,3.6696665,1433,841,592
b,debt_gdp,.5836399999999999,3.6696374,1433,842,591
b,debt_gdp,.58367,3.6696362,1433,843,590
b,debt_gdp,.58394,3.6696258,1433,844,589
b,debt_gdp,.58408,3.6696205,1433,845,588
b,debt_gdp,.5845600000000001,3.6696024,1433,846,587
b,debt_gdp,.58564,3.6695616,1433,847,586
b,debt_gdp,.58684,3.6695158,1433,848,585
b,debt_gdp,.58783,3.6694782,1433,849,584
b,debt_gdp,.58897,3.6694345,1433,850,583
b,debt_gdp,.58907,3.6694307,1433,851,582
b,debt_gdp,.5895600000000001,3.6694131,1433,852,581
b,debt_gdp,.59063,3.669379,1433,853,580
b,debt_gdp,.59085,3.6693716,1433,854,579
b,debt_gdp,.59129,3.6693575,1433,855,578
b,debt_gdp,.5920300000000001,3.6693351,1433,856,577
b,debt_gdp,.59231,3.6693265,1433,857,576
b,debt_gdp,.59239,3.6693242,1433,858,575
b,debt_gdp,.5930299999999999,3.669302,1433,859,574
b,debt_gdp,.59324,3.6692948,1433,860,573
b,debt_gdp,.59372,3.6692772,1433,861,572
b,debt_gdp,.59421,3.6692595,1433,862,571
b,debt_gdp,.59471,3.6692414,1433,863,570
b,debt_gdp,.59595,3.6691945,1433,864,569
b,debt_gdp,.59721,3.6691473,1433,865,568
b,debt_gdp,.59823,3.6691048,1433,866,567
b,debt_gdp,.5982500000000001,3.6691041,1433,867,566
b,debt_gdp,.59838,3.6690989,1433,868,565
b,debt_gdp,.60044,3.6690056,1433,869,564
b,debt_gdp,.60076,3.6689913,1433,870,563
b,debt_gdp,.60084,3.6689875,1433,871,562
b,debt_gdp,.60217,3.6689279,1433,872,561
b,debt_gdp,.60261,3.6689081,1433,873,560
b,debt_gdp,.60266,3.6689057,1433,874,559
b,debt_gdp,.6027,3.6689041,1433,875,558
b,debt_gdp,.6032,3.6688826,1433,876,557
b,debt_gdp,.6043500000000001,3.6688328,1433,877,556
b,debt_gdp,.60458,3.6688228,1433,878,555
b,debt_gdp,.60531,3.6687913,1433,879,554
b,debt_gdp,.60548,3.6687839,1433,880,553
b,debt_gdp,.6057900000000001,3.6687708,1433,881,552
b,debt_gdp,.60634,3.6687498,1433,882,551
b,debt_gdp,.60737,3.66871,1433,883,550
b,debt_gdp,.60758,3.6687019,1433,884,549
b,debt_gdp,.60812,3.6686804,1433,885,548
b,debt_gdp,.60849,3.6686671,1433,886,547
b,debt_gdp,.60883,3.6686549,1433,887,546
b,debt_gdp,.6115400000000001,3.6685545,1433,888,545
b,debt_gdp,.61166,3.66855,1433,889,544
b,debt_gdp,.61167,3.6685495,1433,890,543
b,debt_gdp,.61255,3.668519,1433,891,542
b,debt_gdp,.613,3.6685035,1433,892,541
b,debt_gdp,.6133700000000001,3.6684916,1433,893,540
b,debt_gdp,.61338,3.6684911,1433,894,539
b,debt_gdp,.6142,3.6684687,1433,895,538
b,debt_gdp,.61614,3.6684155,1433,896,537
b,debt_gdp,.61617,3.6684146,1433,897,536
b,debt_gdp,.61673,3.6683972,1433,898,535
b,debt_gdp,.61729,3.6683798,1433,899,534
b,debt_gdp,.61765,3.6683688,1433,900,533
b,debt_gdp,.61869,3.6683493,1433,901,532
b,debt_gdp,.6206499999999999,3.6683123,1433,902,531
b,debt_gdp,.6214200000000001,3.6682975,1433,903,530
b,debt_gdp,.62198,3.6682856,1433,904,529
b,debt_gdp,.62259,3.6682725,1433,905,528
b,debt_gdp,.6243300000000001,3.6682413,1433,906,527
b,debt_gdp,.62596,3.6682105,1433,907,526
b,debt_gdp,.62848,3.6681621,1433,908,525
b,debt_gdp,.6295499999999999,3.6681414,1433,909,524
b,debt_gdp,.63021,3.6681299,1433,910,523
b,debt_gdp,.63025,3.6681292,1433,911,522
b,debt_gdp,.63148,3.6681056,1433,912,521
b,debt_gdp,.6315,3.6681056,1433,913,520
b,debt_gdp,.63344,3.6680944,1433,914,519
b,debt_gdp,.63363,3.6680937,1433,915,518
b,debt_gdp,.63474,3.6680892,1433,916,517
b,debt_gdp,.63612,3.6680844,1433,917,516
b,debt_gdp,.6368699999999999,3.668082,1433,918,515
b,debt_gdp,.6379899999999999,3.6680779,1433,919,514
b,debt_gdp,.63897,3.6680732,1433,920,513
b,debt_gdp,.63988,3.6680689,1433,921,512
b,debt_gdp,.6429699999999999,3.6680524,1433,922,511
b,debt_gdp,.64397,3.6680479,1433,923,510
b,debt_gdp,.64417,3.668047,1433,924,509
b,debt_gdp,.6447400000000001,3.6680443,1433,925,508
b,debt_gdp,.6448900000000001,3.6680446,1433,926,507
b,debt_gdp,.6452,3.6680455,1433,927,506
b,debt_gdp,.6453100000000001,3.668046,1433,928,505
b,debt_gdp,.6459900000000001,3.668047,1433,929,504
b,debt_gdp,.6467400000000001,3.6680484,1433,930,503
b,debt_gdp,.6470199999999999,3.6680491,1433,931,502
b,debt_gdp,.64813,3.668051,1433,932,501
b,debt_gdp,.6486,3.6680536,1433,933,500
b,debt_gdp,.6494799999999999,3.6680589,1433,934,499
b,debt_gdp,.6496500000000001,3.6680603,1433,935,498
b,debt_gdp,.6497799999999999,3.668062,1433,936,497
b,debt_gdp,.64988,3.6680634,1433,937,496
b,debt_gdp,.6514799999999999,3.6680846,1433,938,495
b,debt_gdp,.6517000000000001,3.6680877,1433,939,494
b,debt_gdp,.65184,3.6680899,1433,940,493
b,debt_gdp,.6522199999999999,3.6680951,1433,941,492
b,debt_gdp,.65274,3.668103,1433,942,491
b,debt_gdp,.65278,3.6681035,1433,943,490
b,debt_gdp,.6532800000000001,3.6681106,1433,944,489
b,debt_gdp,.65335,3.6681116,1433,945,488
b,debt_gdp,.65363,3.6681154,1433,946,487
b,debt_gdp,.654,3.6681201,1433,947,486
b,debt_gdp,.65464,3.668128,1433,948,485
b,debt_gdp,.65479,3.6681299,1433,949,484
b,debt_gdp,.6557999999999999,3.6681421,1433,950,483
b,debt_gdp,.6568999999999999,3.6681576,1433,951,482
b,debt_gdp,.65718,3.6681616,1433,952,481
b,debt_gdp,.65768,3.6681688,1433,953,480
b,debt_gdp,.65777,3.6681697,1433,954,479
b,debt_gdp,.65813,3.668174,1433,955,478
b,debt_gdp,.65912,3.6681871,1433,956,477
b,debt_gdp,.66021,3.6682074,1433,957,476
b,debt_gdp,.66026,3.6682086,1433,958,475
b,debt_gdp,.66109,3.6682253,1433,959,474
b,debt_gdp,.66321,3.6682665,1433,960,473
b,debt_gdp,.6639700000000001,3.668277,1433,961,472
b,debt_gdp,.66412,3.6682792,1433,962,471
b,debt_gdp,.66431,3.6682816,1433,963,470
b,debt_gdp,.66438,3.6682823,1433,964,469
b,debt_gdp,.66581,3.668298,1433,965,468
b,debt_gdp,.66606,3.6683006,1433,966,467
b,debt_gdp,.6676099999999999,3.668314,1433,967,466
b,debt_gdp,.66877,3.6683252,1433,968,465
b,debt_gdp,.6689400000000001,3.6683269,1433,969,464
b,debt_gdp,.66947,3.6683321,1433,970,463
b,debt_gdp,.6696899999999999,3.6683335,1433,971,462
b,debt_gdp,.67078,3.6683409,1433,972,461
b,debt_gdp,.6709900000000001,3.6683424,1433,973,460
b,debt_gdp,.6712,3.668344,1433,974,459
b,debt_gdp,.67133,3.6683452,1433,975,458
b,debt_gdp,.67161,3.6683481,1433,976,457
b,debt_gdp,.6716599999999999,3.6683486,1433,977,456
b,debt_gdp,.67181,3.6683497,1433,978,455
b,debt_gdp,.6718600000000001,3.66835,1433,979,454
b,debt_gdp,.67238,3.6683531,1433,980,453
b,debt_gdp,.6733100000000001,3.6683569,1433,981,452
b,debt_gdp,.6744,3.6683612,1433,982,451
b,debt_gdp,.6744599999999999,3.6683612,1433,983,450
b,debt_gdp,.6750400000000001,3.6683972,1433,984,449
b,debt_gdp,.6764199999999999,3.6684828,1433,985,448
b,debt_gdp,.67675,3.6685033,1433,986,447
b,debt_gdp,.67686,3.66851,1433,987,446
b,debt_gdp,.67693,3.6685145,1433,988,445
b,debt_gdp,.6775100000000001,3.6685503,1433,989,444
b,debt_gdp,.6779999999999999,3.6685839,1433,990,443
b,debt_gdp,.67938,3.6686773,1433,991,442
b,debt_gdp,.6795600000000001,3.6686897,1433,992,441
b,debt_gdp,.67959,3.6686919,1433,993,440
b,debt_gdp,.68018,3.6687315,1433,994,439
b,debt_gdp,.68025,3.6687362,1433,995,438
b,debt_gdp,.68042,3.6687474,1433,996,437
b,debt_gdp,.68146,3.6688194,1433,997,436
b,debt_gdp,.68176,3.6688397,1433,998,435
b,debt_gdp,.68188,3.6688478,1433,999,434
b,debt_gdp,.68232,3.6688759,1433,1000,433
b,debt_gdp,.68301,3.6689203,1433,1001,432
b,debt_gdp,.68547,3.669075,1433,1002,431
b,debt_gdp,.68649,3.6691401,1433,1003,430
b,debt_gdp,.68699,3.6691716,1433,1004,429
b,debt_gdp,.68731,3.6691911,1433,1005,428
b,debt_gdp,.6876399999999999,3.6692114,1433,1006,427
b,debt_gdp,.68782,3.6692221,1433,1007,426
b,debt_gdp,.68816,3.6692424,1433,1008,425
b,debt_gdp,.6881900000000001,3.6692441,1433,1009,424
b,debt_gdp,.68852,3.6692634,1433,1010,423
b,debt_gdp,.68927,3.6693087,1433,1011,422
b,debt_gdp,.6900799999999999,3.6693573,1433,1012,421
b,debt_gdp,.69028,3.6693692,1433,1013,420
b,debt_gdp,.69162,3.6694486,1433,1014,419
b,debt_gdp,.69284,3.6695197,1433,1015,418
b,debt_gdp,.69351,3.6695588,1433,1016,417
b,debt_gdp,.69428,3.6696055,1433,1018,415
b,debt_gdp,.6945,3.6696193,1433,1019,414
b,debt_gdp,.6945699999999999,3.6696239,1433,1020,413
b,debt_gdp,.69528,3.6696689,1433,1022,411
b,debt_gdp,.6956100000000001,3.6696932,1433,1023,410
b,debt_gdp,.6959000000000001,3.6697147,1433,1024,409
b,debt_gdp,.69604,3.6697249,1433,1025,408
b,debt_gdp,.69755,3.6698365,1433,1026,407
b,debt_gdp,.6981499999999999,3.6698811,1433,1027,406
b,debt_gdp,.69819,3.669884,1433,1028,405
b,debt_gdp,.6982299999999999,3.6698873,1433,1029,404
b,debt_gdp,.6982599999999999,3.6698897,1433,1030,403
b,debt_gdp,.6986199999999999,3.6699181,1433,1031,402
b,debt_gdp,.6992,3.6699629,1433,1032,401
b,debt_gdp,.70053,3.6700616,1433,1033,400
b,debt_gdp,.70134,3.6701219,1433,1034,399
b,debt_gdp,.70147,3.6701314,1433,1035,398
b,debt_gdp,.7023900000000001,3.6701987,1433,1036,397
b,debt_gdp,.70356,3.6702831,1433,1037,396
b,debt_gdp,.7064,3.6704993,1433,1038,395
b,debt_gdp,.7071500000000001,3.6705573,1433,1039,394
b,debt_gdp,.7077599999999999,3.6706042,1433,1040,393
b,debt_gdp,.70785,3.6706114,1433,1041,392
b,debt_gdp,.7078700000000001,3.6706128,1433,1042,391
b,debt_gdp,.70792,3.6706169,1433,1043,390
b,debt_gdp,.70836,3.6706498,1433,1044,389
b,debt_gdp,.7087600000000001,3.6706829,1433,1045,388
b,debt_gdp,.7088100000000001,3.670687,1433,1046,387
b,debt_gdp,.71006,3.6707909,1433,1047,386
b,debt_gdp,.7100700000000001,3.6707919,1433,1048,385
b,debt_gdp,.71072,3.6708443,1433,1049,384
b,debt_gdp,.7108199999999999,3.6708524,1433,1050,383
b,debt_gdp,.71184,3.6709356,1433,1051,382
b,debt_gdp,.7118899999999999,3.6709394,1433,1052,381
b,debt_gdp,.7126699999999999,3.6710014,1433,1053,380
b,debt_gdp,.71272,3.6710055,1433,1054,379
b,debt_gdp,.71372,3.6710827,1433,1055,378
b,debt_gdp,.71393,3.6710989,1433,1056,377
b,debt_gdp,.71514,3.6711903,1433,1057,376
b,debt_gdp,.7168300000000001,3.6713185,1433,1058,375
b,debt_gdp,.71687,3.6713214,1433,1059,374
b,debt_gdp,.7173,3.6713538,1433,1060,373
b,debt_gdp,.71801,3.6714065,1433,1061,372
b,debt_gdp,.7184900000000001,3.671442,1433,1062,371
b,debt_gdp,.7188899999999999,3.6714718,1433,1063,370
b,debt_gdp,.72002,3.6715555,1433,1064,369
b,debt_gdp,.72131,3.6716506,1433,1065,368
b,debt_gdp,.7222,3.6717162,1433,1066,367
b,debt_gdp,.72245,3.6717346,1433,1067,366
b,debt_gdp,.72249,3.6717374,1433,1068,365
b,debt_gdp,.7226,3.6717453,1433,1069,364
b,debt_gdp,.7236199999999999,3.6718194,1433,1070,363
b,debt_gdp,.72398,3.6718476,1433,1071,362
b,debt_gdp,.72566,3.6719799,1433,1072,361
b,debt_gdp,.7268300000000001,3.6720703,1433,1073,360
b,debt_gdp,.7272799999999999,3.6721058,1433,1074,359
b,debt_gdp,.7273499999999999,3.6721113,1433,1075,358
b,debt_gdp,.7275,3.6721227,1433,1076,357
b,debt_gdp,.72773,3.6721406,1433,1077,356
b,debt_gdp,.7282999999999999,3.672184,1433,1078,355
b,debt_gdp,.72847,3.6721973,1433,1079,354
b,debt_gdp,.73126,3.672415,1433,1080,353
b,debt_gdp,.7358899999999999,3.6727934,1433,1081,352
b,debt_gdp,.7367900000000001,3.6728649,1433,1082,351
b,debt_gdp,.73824,3.6729798,1433,1083,350
b,debt_gdp,.73844,3.6729956,1433,1084,349
b,debt_gdp,.73964,3.6730955,1433,1085,348
b,debt_gdp,.74031,3.6731534,1433,1086,347
b,debt_gdp,.7408100000000001,3.6731963,1433,1087,346
b,debt_gdp,.7429000000000001,3.6733758,1433,1088,345
b,debt_gdp,.7434099999999999,3.6734195,1433,1089,344
b,debt_gdp,.7453799999999999,3.6735799,1433,1090,343
b,debt_gdp,.74586,3.6736176,1433,1091,342
b,debt_gdp,.74646,3.6736634,1433,1092,341
b,debt_gdp,.74749,3.6737418,1433,1093,340
b,debt_gdp,.74818,3.6737936,1433,1094,339
b,debt_gdp,.74847,3.6738155,1433,1095,338
b,debt_gdp,.7489,3.6738505,1433,1096,337
b,debt_gdp,.74941,3.6738913,1433,1097,336
b,debt_gdp,.75,3.6739385,1433,1098,335
b,debt_gdp,.7531699999999999,3.6741929,1433,1099,334
b,debt_gdp,.75414,3.6742725,1433,1100,333
b,debt_gdp,.75518,3.6743567,1433,1101,332
b,debt_gdp,.75571,3.6744001,1433,1102,331
b,debt_gdp,.75643,3.674459,1433,1103,330
b,debt_gdp,.75724,3.674526,1433,1104,329
b,debt_gdp,.75748,3.6745458,1433,1105,328
b,debt_gdp,.75912,3.6746943,1433,1106,327
b,debt_gdp,.7608799999999999,3.6748481,1433,1107,326
b,debt_gdp,.76095,3.6748543,1433,1108,325
b,debt_gdp,.7617400000000001,3.6749232,1433,1109,324
b,debt_gdp,.76215,3.6749589,1433,1110,323
b,debt_gdp,.76227,3.6749694,1433,1111,322
b,debt_gdp,.76268,3.675005,1433,1112,321
b,debt_gdp,.76334,3.675065,1433,1113,320
b,debt_gdp,.76491,3.6752076,1433,1114,319
b,debt_gdp,.76589,3.6752961,1433,1115,318
b,debt_gdp,.7666500000000001,3.6753645,1433,1116,317
b,debt_gdp,.7720600000000001,3.6758502,1433,1117,316
b,debt_gdp,.7722,3.675863,1433,1118,315
b,debt_gdp,.77294,3.6759305,1433,1119,314
b,debt_gdp,.77318,3.6759517,1433,1120,313
b,debt_gdp,.77422,3.676044,1433,1121,312
b,debt_gdp,.77457,3.6760745,1433,1122,311
b,debt_gdp,.77654,3.6762414,1433,1123,310
b,debt_gdp,.77807,3.6763692,1433,1124,309
b,debt_gdp,.77893,3.6764412,1433,1125,308
b,debt_gdp,.78141,3.67665,1433,1126,307
b,debt_gdp,.78188,3.6766899,1433,1127,306
b,debt_gdp,.78205,3.6767039,1433,1128,305
b,debt_gdp,.78364,3.6768365,1433,1129,304
b,debt_gdp,.78484,3.6769347,1433,1130,303
b,debt_gdp,.78687,3.6771021,1433,1131,302
b,debt_gdp,.78712,3.6771226,1433,1132,301
b,debt_gdp,.79057,3.6774173,1433,1133,300
b,debt_gdp,.7914600000000001,3.6774914,1433,1134,299
b,debt_gdp,.7920199999999999,3.6775379,1433,1135,298
b,debt_gdp,.7926099999999999,3.6775866,1433,1136,297
b,debt_gdp,.7943000000000001,3.6777256,1433,1137,296
b,debt_gdp,.7948999999999999,3.6777732,1433,1138,295
b,debt_gdp,.79604,3.6778643,1433,1139,294
b,debt_gdp,.7981199999999999,3.6780238,1433,1140,293
b,debt_gdp,.7983499999999999,3.6780415,1433,1141,292
b,debt_gdp,.80059,3.6782079,1433,1142,291
b,debt_gdp,.80092,3.6782296,1433,1143,290
b,debt_gdp,.8011,3.6782417,1433,1144,289
b,debt_gdp,.8017,3.678282,1433,1145,288
b,debt_gdp,.8017400000000001,3.6782846,1433,1146,287
b,debt_gdp,.80437,3.6784549,1433,1147,286
b,debt_gdp,.8046800000000001,3.6784747,1433,1148,285
b,debt_gdp,.8075199999999999,3.6786528,1433,1149,284
b,debt_gdp,.80805,3.6786859,1433,1150,283
b,debt_gdp,.8087399999999999,3.6787291,1433,1151,282
b,debt_gdp,.8103400000000001,3.6788294,1433,1152,281
b,debt_gdp,.81066,3.6788485,1433,1153,280
b,debt_gdp,.81068,3.6788497,1433,1154,279
b,debt_gdp,.81107,3.6788721,1433,1155,278
b,debt_gdp,.81133,3.6788876,1433,1156,277
b,debt_gdp,.8116500000000001,3.6789069,1433,1157,276
b,debt_gdp,.8130700000000001,3.6789899,1433,1158,275
b,debt_gdp,.8133499999999999,3.6790066,1433,1159,274
b,debt_gdp,.81462,3.6790764,1433,1160,273
b,debt_gdp,.8180299999999999,3.6792564,1433,1161,272
b,debt_gdp,.81804,3.6792572,1433,1162,271
b,debt_gdp,.82256,3.6794982,1433,1163,270
b,debt_gdp,.82378,3.6795692,1433,1164,269
b,debt_gdp,.82399,3.6795816,1433,1165,268
b,debt_gdp,.82431,3.6796002,1433,1166,267
b,debt_gdp,.8249599999999999,3.6796393,1433,1167,266
b,debt_gdp,.8259399999999999,3.6796968,1433,1168,265
b,debt_gdp,.82745,3.6797853,1433,1169,264
b,debt_gdp,.8277899999999999,3.679805,1433,1170,263
b,debt_gdp,.82935,3.6798947,1433,1171,262
b,debt_gdp,.8318300000000001,3.6800344,1433,1172,261
b,debt_gdp,.83231,3.6800621,1433,1173,260
b,debt_gdp,.83356,3.6801331,1433,1174,259
b,debt_gdp,.83418,3.6801677,1433,1175,258
b,debt_gdp,.83419,3.6801684,1433,1176,257
b,debt_gdp,.83585,3.6802537,1433,1177,256
b,debt_gdp,.83654,3.6802895,1433,1178,255
b,debt_gdp,.8375400000000001,3.6803393,1433,1179,254
b,debt_gdp,.83939,3.6804285,1433,1180,253
b,debt_gdp,.83975,3.6804457,1433,1181,252
b,debt_gdp,.84057,3.6804838,1433,1182,251
b,debt_gdp,.84072,3.6804905,1433,1183,250
b,debt_gdp,.8409,3.6804979,1433,1184,249
b,debt_gdp,.84284,3.6805758,1433,1185,248
b,debt_gdp,.84304,3.680584,1433,1186,247
b,debt_gdp,.8436400000000001,3.6806083,1433,1187,246
b,debt_gdp,.84598,3.6807039,1433,1188,245
b,debt_gdp,.84646,3.6807234,1433,1189,244
b,debt_gdp,.84777,3.680773,1433,1190,243
b,debt_gdp,.8489,3.6808155,1433,1191,242
b,debt_gdp,.84937,3.6808331,1433,1192,241
b,debt_gdp,.8494799999999999,3.6808376,1433,1193,240
b,debt_gdp,.8521,3.6809461,1433,1194,239
b,debt_gdp,.8523000000000001,3.6809545,1433,1195,238
b,debt_gdp,.8532,3.6809914,1433,1196,237
b,debt_gdp,.85584,3.6810942,1433,1197,236
b,debt_gdp,.85615,3.6811059,1433,1198,235
b,debt_gdp,.8571299999999999,3.6811414,1433,1199,234
b,debt_gdp,.8575499999999999,3.6811566,1433,1200,233
b,debt_gdp,.85776,3.681165,1433,1201,232
b,debt_gdp,.85883,3.6812069,1433,1202,231
b,debt_gdp,.8592400000000001,3.6812229,1433,1203,230
b,debt_gdp,.86117,3.6813033,1433,1204,229
b,debt_gdp,.86134,3.6813102,1433,1205,228
b,debt_gdp,.86222,3.6813457,1433,1206,227
b,debt_gdp,.86232,3.6813495,1433,1207,226
b,debt_gdp,.8627899999999999,3.6813707,1433,1208,225
b,debt_gdp,.8645,3.6814461,1433,1209,224
b,debt_gdp,.86476,3.6814575,1433,1210,223
b,debt_gdp,.8649899999999999,3.6814675,1433,1211,222
b,debt_gdp,.8651099999999999,3.6814728,1433,1212,221
b,debt_gdp,.86524,3.6814783,1433,1213,220
b,debt_gdp,.87015,3.6816931,1433,1214,219
b,debt_gdp,.87071,3.6817172,1433,1215,218
b,debt_gdp,.87118,3.6817384,1433,1216,217
b,debt_gdp,.87213,3.6817815,1433,1217,216
b,debt_gdp,.87251,3.6817992,1433,1218,215
b,debt_gdp,.8732500000000001,3.6818328,1433,1219,214
b,debt_gdp,.8734000000000001,3.6818397,1433,1220,213
b,debt_gdp,.87703,3.6820035,1433,1221,212
b,debt_gdp,.8778900000000001,3.6820409,1433,1222,211
b,debt_gdp,.87799,3.6820455,1433,1223,210
b,debt_gdp,.87949,3.6821175,1433,1224,209
b,debt_gdp,.8833199999999999,3.6823058,1433,1225,208
b,debt_gdp,.88534,3.6824052,1433,1226,207
b,debt_gdp,.88748,3.6825082,1433,1227,206
b,debt_gdp,.88934,3.6825974,1433,1228,205
b,debt_gdp,.8956000000000001,3.6828983,1433,1229,204
b,debt_gdp,.89724,3.6829791,1433,1230,203
b,debt_gdp,.8990300000000001,3.6830671,1433,1231,202
b,debt_gdp,.9011,3.6831698,1433,1232,201
b,debt_gdp,.90562,3.6834195,1433,1233,200
b,debt_gdp,.90756,3.6835248,1433,1234,199
b,debt_gdp,.9098900000000001,3.6836498,1433,1235,198
b,debt_gdp,.91494,3.683919,1433,1236,197
b,debt_gdp,.91586,3.6839671,1433,1237,196
b,debt_gdp,.9174,3.6840453,1433,1238,195
b,debt_gdp,.91896,3.6841242,1433,1239,194
b,debt_gdp,.92283,3.6843066,1433,1240,193
b,debt_gdp,.9247799999999999,3.6843975,1433,1241,192
b,debt_gdp,.92663,3.6844831,1433,1242,191
b,debt_gdp,.9316,3.6847069,1433,1243,190
b,debt_gdp,.94471,3.6852834,1433,1244,189
b,debt_gdp,.9456,3.6853211,1433,1245,188
b,debt_gdp,.9514199999999999,3.6855636,1433,1246,187
b,debt_gdp,.95651,3.6857705,1433,1247,186
b,debt_gdp,.95691,3.6857865,1433,1248,185
b,debt_gdp,.9600700000000001,3.6859119,1433,1249,184
b,debt_gdp,.96163,3.6859739,1433,1250,183
b,debt_gdp,.96301,3.6860275,1433,1251,182
b,debt_gdp,.9631000000000001,3.6860311,1433,1252,181
b,debt_gdp,.96315,3.686033,1433,1253,180
b,debt_gdp,.96512,3.6860979,1433,1254,179
b,debt_gdp,.9688099999999999,3.6862171,1433,1255,178
b,debt_gdp,.96979,3.6862485,1433,1256,177
b,debt_gdp,.97095,3.6862857,1433,1257,176
b,debt_gdp,.9717,3.6863096,1433,1258,175
b,debt_gdp,.9751099999999999,3.6864176,1433,1259,174
b,debt_gdp,.97573,3.6864374,1433,1260,173
b,debt_gdp,.9757899999999999,3.6864393,1433,1261,172
b,debt_gdp,.97749,3.6864939,1433,1262,171
b,debt_gdp,.978,3.6865101,1433,1263,170
b,debt_gdp,.9785299999999999,3.6865273,1433,1264,169
b,debt_gdp,.98149,3.6866195,1433,1265,168
b,debt_gdp,.98158,3.6866221,1433,1266,167
b,debt_gdp,.98185,3.686631,1433,1267,166
b,debt_gdp,.98263,3.6866558,1433,1268,165
b,debt_gdp,.98528,3.6867404,1433,1269,164
b,debt_gdp,.9867400000000001,3.6867862,1433,1270,163
b,debt_gdp,.9876200000000001,3.6868141,1433,1271,162
b,debt_gdp,.99131,3.6869297,1433,1272,161
b,debt_gdp,.99476,3.6870334,1433,1273,160
b,debt_gdp,.9971800000000001,3.6871028,1433,1274,159
b,debt_gdp,.9985299999999999,3.6871407,1433,1275,158
b,debt_gdp,1,3.6871815,1433,1276,157
b,debt_gdp,1.00027,3.6871889,1433,1277,156
b,debt_gdp,1.00075,3.6872022,1433,1278,155
b,debt_gdp,1.00078,3.6872029,1433,1279,154
b,debt_gdp,1.00245,3.6872504,1433,1280,153
b,debt_gdp,1.01144,3.6874979,1433,1280,153
b,debt_gdp,1.01387,3.687562,1433,1282,151
b,debt_gdp,1.01659,3.6876254,1433,1283,150
b,debt_gdp,1.01689,3.6876323,1433,1284,149
b,debt_gdp,1.01967,3.6876915,1433,1285,148
b,debt_gdp,1.02101,3.6877198,1433,1286,147
b,debt_gdp,1.02442,3.6877899,1433,1287,146
b,debt_gdp,1.02485,3.6877985,1433,1288,145
b,debt_gdp,1.02669,3.6878357,1433,1289,144
b*mA,debt_gdp_mA_hat,.004914314532453,3.6812143,1433,145,1288
b*mA,debt_gdp_mA_hat,.0049361128766904,3.6812155,1433,145,1288
b*mA,debt_gdp_mA_hat,.0049520443212277,3.6812165,1433,147,1286
b*mA,debt_gdp_mA_hat,.0049567694575999,3.6812167,1433,148,1285
b*mA,debt_gdp_mA_hat,.0049639452458991,3.6812172,1433,149,1284
b*mA,debt_gdp_mA_hat,.0049746200919497,3.6812177,1433,150,1283
b*mA,debt_gdp_mA_hat,.0049921604456278,3.6812189,1433,151,1282
b*mA,debt_gdp_mA_hat,.0050056338483641,3.6812196,1433,152,1281
b*mA,debt_gdp_mA_hat,.0050924917971824,3.6812246,1433,152,1281
b*mA,debt_gdp_mA_hat,.0050993492755358,3.6812251,1433,154,1279
b*mA,debt_gdp_mA_hat,.0051259964819525,3.6812265,1433,154,1279
b*mA,debt_gdp_mA_hat,.005157027803006,3.6812282,1433,155,1278
b*mA,debt_gdp_mA_hat,.0051808839846583,3.6812296,1433,157,1276
b*mA,debt_gdp_mA_hat,.005247462913247,3.6812339,1433,158,1275
b*mA,debt_gdp_mA_hat,.0054361808936838,3.6812456,1433,159,1274
b*mA,debt_gdp_mA_hat,.0055453470332559,3.6812525,1433,160,1273
b*mA,debt_gdp_mA_hat,.0055567920398809,3.6812532,1433,161,1272
b*mA,debt_gdp_mA_hat,.0056151685643797,3.6812568,1433,162,1271
b*mA,debt_gdp_mA_hat,.0056465738443354,3.6812587,1433,163,1270
b*mA,debt_gdp_mA_hat,.0056850715321942,3.6812611,1433,163,1270
b*mA,debt_gdp_mA_hat,.0057054521926946,3.6812623,1433,165,1268
b*mA,debt_gdp_mA_hat,.0057098225775999,3.6812627,1433,165,1268
b*mA,debt_gdp_mA_hat,.0057381592361704,3.6812642,1433,167,1266
b*mA,debt_gdp_mA_hat,.0057438660731948,3.6812646,1433,167,1266
b*mA,debt_gdp_mA_hat,.0058451896044287,3.6812704,1433,169,1264
b*mA,debt_gdp_mA_hat,.0058664273836852,3.6812713,1433,170,1263
b*mA,debt_gdp_mA_hat,.0058679694974832,3.6812716,1433,170,1263
b*mA,debt_gdp_mA_hat,.0059754026706549,3.6812773,1433,172,1261
b*mA,debt_gdp_mA_hat,.0059835336328604,3.6812778,1433,172,1261
b*mA,debt_gdp_mA_hat,.0060721096648081,3.681282,1433,174,1259
b*mA,debt_gdp_mA_hat,.0061122425439991,3.681284,1433,175,1258
b*mA,debt_gdp_mA_hat,.0061192588207613,3.6812842,1433,175,1258
b*mA,debt_gdp_mA_hat,.0061266154036183,3.6812847,1433,176,1257
b*mA,debt_gdp_mA_hat,.0061461908768394,3.6812856,1433,178,1255
b*mA,debt_gdp_mA_hat,.0061773698714097,3.6812871,1433,179,1254
b*mA,debt_gdp_mA_hat,.0063598748682786,3.6812959,1433,180,1253
b*mA,debt_gdp_mA_hat,.0064087015872503,3.681298,1433,180,1253
b*mA,debt_gdp_mA_hat,.0064822568987731,3.6813016,1433,182,1251
b*mA,debt_gdp_mA_hat,.0066647801423342,3.6813109,1433,183,1250
b*mA,debt_gdp_mA_hat,.0068646888860024,3.6813207,1433,184,1249
b*mA,debt_gdp_mA_hat,.0068913724811489,3.6813221,1433,184,1249
b*mA,debt_gdp_mA_hat,.0069550553928651,3.6813252,1433,185,1248
b*mA,debt_gdp_mA_hat,.0071099003749162,3.6813321,1433,186,1247
b*mA,debt_gdp_mA_hat,.007178887279704,3.6813352,1433,187,1246
b*mA,debt_gdp_mA_hat,.0072032099771402,3.6813364,1433,189,1244
b*mA,debt_gdp_mA_hat,.0072306494236839,3.6813376,1433,190,1243
b*mA,debt_gdp_mA_hat,.0072599411314558,3.6813388,1433,190,1243
b*mA,debt_gdp_mA_hat,.0072800609946765,3.6813397,1433,191,1242
b*mA,debt_gdp_mA_hat,.0073102082916435,3.6813407,1433,192,1241
b*mA,debt_gdp_mA_hat,.0074452320113054,3.6813457,1433,194,1239
b*mA,debt_gdp_mA_hat,.0074571643872737,3.6813462,1433,195,1238
b*mA,debt_gdp_mA_hat,.0075604747466001,3.6813481,1433,196,1237
b*mA,debt_gdp_mA_hat,.0076835487468231,3.68135,1433,196,1237
b*mA,debt_gdp_mA_hat,.0076996215097574,3.68135,1433,198,1235
b*mA,debt_gdp_mA_hat,.0077099104907918,3.6813502,1433,198,1235
b*mA,debt_gdp_mA_hat,.007753867179045,3.6813507,1433,199,1234
b*mA,debt_gdp_mA_hat,.0080072904300574,3.6813545,1433,201,1232
b*mA,debt_gdp_mA_hat,.0080901074454203,3.6813555,1433,201,1232
b*mA,debt_gdp_mA_hat,.0081574369766302,3.6813562,1433,202,1231
b*mA,debt_gdp_mA_hat,.0081752056193755,3.6813562,1433,204,1229
b*mA,debt_gdp_mA_hat,.0081837796329673,3.6813564,1433,204,1229
b*mA,debt_gdp_mA_hat,.0082695665153302,3.6813569,1433,205,1228
b*mA,debt_gdp_mA_hat,.00828079454102,3.6813569,1433,206,1227
b*mA,debt_gdp_mA_hat,.0083108932588566,3.6813574,1433,207,1226
b*mA,debt_gdp_mA_hat,.0083636602471532,3.6813581,1433,208,1225
b*mA,debt_gdp_mA_hat,.0084867599486634,3.6813595,1433,210,1223
b*mA,debt_gdp_mA_hat,.0085021909806399,3.6813598,1433,210,1223
b*mA,debt_gdp_mA_hat,.0085426267502242,3.6813605,1433,211,1222
b*mA,debt_gdp_mA_hat,.0086221397350495,3.6813614,1433,212,1221
b*mA,debt_gdp_mA_hat,.0086282450530814,3.6813617,1433,213,1220
b*mA,debt_gdp_mA_hat,.0087288061215247,3.6813631,1433,214,1219
b*mA,debt_gdp_mA_hat,.0087641177325892,3.6813633,1433,216,1217
b*mA,debt_gdp_mA_hat,.0088704155835921,3.6813643,1433,217,1216
b*mA,debt_gdp_mA_hat,.0089177080972522,3.6813648,1433,218,1215
b*mA,debt_gdp_mA_hat,.0090415436836801,3.6813672,1433,218,1215
b*mA,debt_gdp_mA_hat,.0090679607606777,3.6813679,1433,220,1213
b*mA,debt_gdp_mA_hat,.009090722995131,3.6813684,1433,220,1213
b*mA,debt_gdp_mA_hat,.0091580377949979,3.6813698,1433,221,1212
b*mA,debt_gdp_mA_hat,.0091709428668513,3.68137,1433,222,1211
b*mA,debt_gdp_mA_hat,.0091804905709646,3.6813703,1433,224,1209
b*mA,debt_gdp_mA_hat,.0093142755155168,3.6813743,1433,225,1208
b*mA,debt_gdp_mA_hat,.0093188848674171,3.6813745,1433,225,1208
b*mA,debt_gdp_mA_hat,.0093634587167622,3.6813767,1433,227,1206
b*mA,debt_gdp_mA_hat,.0093683336170516,3.6813769,1433,228,1205
b*mA,debt_gdp_mA_hat,.009407054564729,3.6813788,1433,229,1204
b*mA,debt_gdp_mA_hat,.0095129611393448,3.6813838,1433,230,1203
b*mA,debt_gdp_mA_hat,.0095577948537591,3.6813853,1433,230,1203
b*mA,debt_gdp_mA_hat,.0096318250138781,3.6813867,1433,231,1202
b*mA,debt_gdp_mA_hat,.0097042456802992,3.6813879,1433,233,1200
b*mA,debt_gdp_mA_hat,.0097121159033537,3.6813881,1433,234,1199
b*mA,debt_gdp_mA_hat,.0097122503312828,3.6813881,1433,235,1198
b*mA,debt_gdp_mA_hat,.0097277833185647,3.6813886,1433,235,1198
b*mA,debt_gdp_mA_hat,.0098104868809416,3.681391,1433,237,1196
b*mA,debt_gdp_mA_hat,.0098167282127529,3.681391,1433,237,1196
b*mA,debt_gdp_mA_hat,.0098694191100793,3.6813929,1433,238,1195
b*mA,debt_gdp_mA_hat,.0099311505685162,3.6813951,1433,239,1194
b*mA,debt_gdp_mA_hat,.0100248733310875,3.6813986,1433,241,1192
b*mA,debt_gdp_mA_hat,.0101029225946845,3.6814017,1433,241,1192
b*mA,debt_gdp_mA_hat,.0101329684446893,3.6814029,1433,243,1190
b*mA,debt_gdp_mA_hat,.0101393633443739,3.6814032,1433,244,1189
b*mA,debt_gdp_mA_hat,.0101427227183543,3.6814034,1433,245,1188
b*mA,debt_gdp_mA_hat,.0101704312359719,3.6814046,1433,246,1187
b*mA,debt_gdp_mA_hat,.0101814174257065,3.6814051,1433,246,1187
b*mA,debt_gdp_mA_hat,.0102030765945344,3.6814058,1433,247,1186
b*mA,debt_gdp_mA_hat,.0102353278120868,3.6814072,1433,249,1184
b*mA,debt_gdp_mA_hat,.0102459904196469,3.6814077,1433,249,1184
b*mA,debt_gdp_mA_hat,.0103095829537385,3.6814101,1433,251,1182
b*mA,debt_gdp_mA_hat,.0105252438828798,3.6814191,1433,251,1182
b*mA,debt_gdp_mA_hat,.0105555920658905,3.6814206,1433,252,1181
b*mA,debt_gdp_mA_hat,.0105827905228287,3.6814218,1433,254,1179
b*mA,debt_gdp_mA_hat,.0106695885444377,3.6814256,1433,254,1179
b*mA,debt_gdp_mA_hat,.0107134373303044,3.6814275,1433,256,1177
b*mA,debt_gdp_mA_hat,.0107276683913127,3.681428,1433,257,1176
b*mA,debt_gdp_mA_hat,.0107394041446094,3.6814284,1433,257,1176
b*mA,debt_gdp_mA_hat,.010776359043907,3.6814299,1433,258,1175
b*mA,debt_gdp_mA_hat,.0108599469923986,3.6814322,1433,259,1174
b*mA,debt_gdp_mA_hat,.0109020240624017,3.6814334,1433,261,1172
b*mA,debt_gdp_mA_hat,.0109029799379763,3.6814334,1433,261,1172
b*mA,debt_gdp_mA_hat,.0110338331171897,3.6814377,1433,262,1171
b*mA,debt_gdp_mA_hat,.0110603422162737,3.6814389,1433,263,1170
b*mA,debt_gdp_mA_hat,.0112507660618715,3.6814473,1433,264,1169
b*mA,debt_gdp_mA_hat,.0113841538685473,3.6814532,1433,266,1167
b*mA,debt_gdp_mA_hat,.0113929417903605,3.6814537,1433,267,1166
b*mA,debt_gdp_mA_hat,.0115115836984273,3.6814568,1433,267,1166
b*mA,debt_gdp_mA_hat,.0116836289515621,3.681462,1433,269,1164
b*mA,debt_gdp_mA_hat,.0117244547586742,3.6814635,1433,269,1164
b*mA,debt_gdp_mA_hat,.0118043452127435,3.6814671,1433,271,1162
b*mA,debt_gdp_mA_hat,.0118460548589818,3.6814692,1433,271,1162
b*mA,debt_gdp_mA_hat,.0118490535123731,3.6814692,1433,273,1160
b*mA,debt_gdp_mA_hat,.0119036147165707,3.6814721,1433,274,1159
b*mA,debt_gdp_mA_hat,.0119307483903773,3.6814735,1433,274,1159
b*mA,debt_gdp_mA_hat,.0119483479035507,3.6814744,1433,275,1158
b*mA,debt_gdp_mA_hat,.0119706366233686,3.6814754,1433,277,1156
b*mA,debt_gdp_mA_hat,.0120072134170227,3.6814773,1433,278,1155
b*mA,debt_gdp_mA_hat,.0121088349850969,3.6814821,1433,278,1155
b*mA,debt_gdp_mA_hat,.0121448008750556,3.681484,1433,280,1153
b*mA,debt_gdp_mA_hat,.0121780469593632,3.6814857,1433,280,1153
b*mA,debt_gdp_mA_hat,.012188218693079,3.6814861,1433,282,1151
b*mA,debt_gdp_mA_hat,.012233984334125,3.6814885,1433,282,1151
b*mA,debt_gdp_mA_hat,.0122529364449851,3.6814892,1433,284,1149
b*mA,debt_gdp_mA_hat,.0123275047649199,3.6814928,1433,285,1148
b*mA,debt_gdp_mA_hat,.0123581884465522,3.6814942,1433,285,1148
b*mA,debt_gdp_mA_hat,.0123606712456813,3.6814945,1433,287,1146
b*mA,debt_gdp_mA_hat,.0123990829036877,3.6814957,1433,288,1145
b*mA,debt_gdp_mA_hat,.0124042937426343,3.6814959,1433,288,1145
b*mA,debt_gdp_mA_hat,.0124482588078634,3.6814971,1433,289,1144
b*mA,debt_gdp_mA_hat,.01246114067186,3.6814973,1433,291,1142
b*mA,debt_gdp_mA_hat,.0126395042134774,3.6815016,1433,291,1142
b*mA,debt_gdp_mA_hat,.0127286990866941,3.6815026,1433,293,1140
b*mA,debt_gdp_mA_hat,.0127369417963485,3.6815026,1433,293,1140
b*mA,debt_gdp_mA_hat,.0128158867407226,3.6815031,1433,295,1138
b*mA,debt_gdp_mA_hat,.0128949048900197,3.6815038,1433,296,1137
b*mA,debt_gdp_mA_hat,.0129074928616522,3.6815035,1433,296,1137
b*mA,debt_gdp_mA_hat,.0130048903162652,3.6815021,1433,297,1136
b*mA,debt_gdp_mA_hat,.0130324155342659,3.6815016,1433,298,1135
b*mA,debt_gdp_mA_hat,.0130888026121728,3.6815007,1433,300,1133
b*mA,debt_gdp_mA_hat,.0131103133238263,3.6815,1433,301,1132
b*mA,debt_gdp_mA_hat,.0132048963897824,3.6814964,1433,301,1132
b*mA,debt_gdp_mA_hat,.0132655541002374,3.681494,1433,303,1130
b*mA,debt_gdp_mA_hat,.0132766151146609,3.6814935,1433,303,1130
b*mA,debt_gdp_mA_hat,.0132777691729396,3.6814935,1433,304,1129
b*mA,debt_gdp_mA_hat,.0134032916503986,3.6814876,1433,306,1127
b*mA,debt_gdp_mA_hat,.0134704016438039,3.6814842,1433,306,1127
b*mA,debt_gdp_mA_hat,.013607730375842,3.6814771,1433,308,1125
b*mA,debt_gdp_mA_hat,.0136513297473013,3.6814749,1433,308,1125
b*mA,debt_gdp_mA_hat,.0136563315016549,3.6814747,1433,310,1123
b*mA,debt_gdp_mA_hat,.0137074343270405,3.6814723,1433,311,1122
b*mA,debt_gdp_mA_hat,.0137871984953997,3.681468,1433,312,1121
b*mA,debt_gdp_mA_hat,.0138411282807492,3.681464,1433,312,1121
b*mA,debt_gdp_mA_hat,.0138790376606326,3.6814616,1433,314,1119
b*mA,debt_gdp_mA_hat,.0138811328962565,3.6814616,1433,314,1119
b*mA,debt_gdp_mA_hat,.0139346777091459,3.681458,1433,316,1117
b*mA,debt_gdp_mA_hat,.0139455245326976,3.681457,1433,317,1116
b*mA,debt_gdp_mA_hat,.0139605534131244,3.6814561,1433,318,1115
b*mA,debt_gdp_mA_hat,.0139659397719441,3.6814556,1433,319,1114
b*mA,debt_gdp_mA_hat,.0139757281568848,3.6814551,1433,320,1113
b*mA,debt_gdp_mA_hat,.0140047904299913,3.6814532,1433,321,1112
b*mA,debt_gdp_mA_hat,.0140626128536331,3.6814489,1433,322,1111
b*mA,debt_gdp_mA_hat,.0140808625356586,3.6814477,1433,323,1110
b*mA,debt_gdp_mA_hat,.014214805000205,3.6814389,1433,323,1110
b*mA,debt_gdp_mA_hat,.0143531709226622,3.6814301,1433,324,1109
b*mA,debt_gdp_mA_hat,.0143608392207662,3.6814296,1433,326,1107
b*mA,debt_gdp_mA_hat,.0144271869796454,3.6814253,1433,327,1106
b*mA,debt_gdp_mA_hat,.0144410125840398,3.6814244,1433,327,1106
b*mA,debt_gdp_mA_hat,.014448938416258,3.6814241,1433,329,1104
b*mA,debt_gdp_mA_hat,.0144514326344842,3.6814239,1433,329,1104
b*mA,debt_gdp_mA_hat,.0145537311168184,3.6814189,1433,331,1102
b*mA,debt_gdp_mA_hat,.014653548454405,3.6814148,1433,331,1102
b*mA,debt_gdp_mA_hat,.0146549899263432,3.6814148,1433,333,1100
b*mA,debt_gdp_mA_hat,.0147177272718243,3.6814122,1433,334,1099
b*mA,debt_gdp_mA_hat,.0147923613577498,3.6814094,1433,334,1099
b*mA,debt_gdp_mA_hat,.0148558393457551,3.681407,1433,335,1098
b*mA,debt_gdp_mA_hat,.014936767031529,3.6814053,1433,336,1097
b*mA,debt_gdp_mA_hat,.0149843419444873,3.6814046,1433,338,1095
b*mA,debt_gdp_mA_hat,.0150023803474758,3.6814046,1433,338,1095
b*mA,debt_gdp_mA_hat,.0150115902858663,3.6814046,1433,340,1093
b*mA,debt_gdp_mA_hat,.0151037172430646,3.6814041,1433,340,1093
b*mA,debt_gdp_mA_hat,.0151592944531188,3.6814036,1433,342,1091
b*mA,debt_gdp_mA_hat,.0151664350894933,3.6814036,1433,343,1090
b*mA,debt_gdp_mA_hat,.01518504985236,3.6814036,1433,343,1090
b*mA,debt_gdp_mA_hat,.0152647728203397,3.6814039,1433,344,1089
b*mA,debt_gdp_mA_hat,.015279633450826,3.6814039,1433,345,1088
b*mA,debt_gdp_mA_hat,.0153200433764514,3.6814041,1433,347,1086
b*mA,debt_gdp_mA_hat,.0154165181429913,3.6814041,1433,348,1085
b*mA,debt_gdp_mA_hat,.0154523414092104,3.6814036,1433,349,1084
b*mA,debt_gdp_mA_hat,.0155415664175757,3.6814029,1433,350,1083
b*mA,debt_gdp_mA_hat,.0155909409153212,3.6814027,1433,351,1082
b*mA,debt_gdp_mA_hat,.0156711267510145,3.681402,1433,352,1081
b*mA,debt_gdp_mA_hat,.0157430360745405,3.6814015,1433,352,1081
b*mA,debt_gdp_mA_hat,.0158705167318802,3.6814005,1433,354,1079
b*mA,debt_gdp_mA_hat,.0159109222731195,3.6814013,1433,355,1078
b*mA,debt_gdp_mA_hat,.0159375840504173,3.6814015,1433,356,1077
b*mA,debt_gdp_mA_hat,.0159986666412599,3.6814024,1433,356,1077
b*mA,debt_gdp_mA_hat,.0160302576728756,3.6814032,1433,357,1076
b*mA,debt_gdp_mA_hat,.0161358803424386,3.6814053,1433,359,1074
b*mA,debt_gdp_mA_hat,.0161629520058309,3.6814058,1433,360,1073
b*mA,debt_gdp_mA_hat,.01616411487279,3.681406,1433,360,1073
b*mA,debt_gdp_mA_hat,.016178956234406,3.681406,1433,362,1071
b*mA,debt_gdp_mA_hat,.0163417240728273,3.6814077,1433,363,1070
b*mA,debt_gdp_mA_hat,.0164049684587413,3.6814082,1433,363,1070
b*mA,debt_gdp_mA_hat,.0164416979570993,3.6814086,1433,365,1068
b*mA,debt_gdp_mA_hat,.0164951635451917,3.6814094,1433,366,1067
b*mA,debt_gdp_mA_hat,.0165149547922146,3.6814098,1433,367,1066
b*mA,debt_gdp_mA_hat,.0165289658492075,3.6814101,1433,368,1065
b*mA,debt_gdp_mA_hat,.0165307387259609,3.6814101,1433,369,1064
b*mA,debt_gdp_mA_hat,.016708805220257,3.6814141,1433,369,1064
b*mA,debt_gdp_mA_hat,.0167100374833011,3.6814141,1433,371,1062
b*mA,debt_gdp_mA_hat,.0167924843360769,3.6814158,1433,371,1062
b*mA,debt_gdp_mA_hat,.0168083293895825,3.6814163,1433,372,1061
b*mA,debt_gdp_mA_hat,.0168535297689791,3.6814187,1433,373,1060
b*mA,debt_gdp_mA_hat,.0170289709256385,3.6814268,1433,374,1059
b*mA,debt_gdp_mA_hat,.0170346991551877,3.681427,1433,375,1058
b*mA,debt_gdp_mA_hat,.0171074706208001,3.6814308,1433,376,1057
b*mA,debt_gdp_mA_hat,.0171483115541385,3.681433,1433,378,1055
b*mA,debt_gdp_mA_hat,.0171594360711281,3.6814334,1433,378,1055
b*mA,debt_gdp_mA_hat,.0173310861341702,3.6814439,1433,379,1054
b*mA,debt_gdp_mA_hat,.0173863145797728,3.6814473,1433,381,1052
b*mA,debt_gdp_mA_hat,.0173998684043825,3.681448,1433,381,1052
b*mA,debt_gdp_mA_hat,.01745164342782,3.6814506,1433,382,1051
b*mA,debt_gdp_mA_hat,.0174639616103138,3.6814511,1433,383,1050
b*mA,debt_gdp_mA_hat,.0175013163443845,3.6814528,1433,385,1048
b*mA,debt_gdp_mA_hat,.0177656078620631,3.6814647,1433,385,1048
b*mA,debt_gdp_mA_hat,.017814998429174,3.6814668,1433,386,1047
b*mA,debt_gdp_mA_hat,.0180690249359533,3.6814768,1433,388,1045
b*mA,debt_gdp_mA_hat,.0181158572158027,3.681479,1433,389,1044
b*mA,debt_gdp_mA_hat,.018150076566017,3.6814816,1433,390,1043
b*mA,debt_gdp_mA_hat,.0182314648846479,3.6814866,1433,390,1043
b*mA,debt_gdp_mA_hat,.0182500426392632,3.6814878,1433,392,1041
b*mA,debt_gdp_mA_hat,.0183272425282084,3.6814926,1433,393,1040
b*mA,debt_gdp_mA_hat,.0184284122631033,3.6814988,1433,393,1040
b*mA,debt_gdp_mA_hat,.0184956044181366,3.6815031,1433,394,1039
b*mA,debt_gdp_mA_hat,.0185056790130966,3.6815033,1433,396,1037
b*mA,debt_gdp_mA_hat,.0185202779792829,3.6815035,1433,396,1037
b*mA,debt_gdp_mA_hat,.0186252693105673,3.6815066,1433,397,1036
b*mA,debt_gdp_mA_hat,.0186776735783357,3.6815081,1433,399,1034
b*mA,debt_gdp_mA_hat,.0187265892859903,3.6815083,1433,400,1033
b*mA,debt_gdp_mA_hat,.0187416306086764,3.6815083,1433,401,1032
b*mA,debt_gdp_mA_hat,.0187825874926383,3.6815085,1433,402,1031
b*mA,debt_gdp_mA_hat,.0188944394251257,3.681509,1433,402,1031
b*mA,debt_gdp_mA_hat,.0189355612112228,3.6815093,1433,404,1029
b*mA,debt_gdp_mA_hat,.0189571310742476,3.6815095,1433,405,1028
b*mA,debt_gdp_mA_hat,.01901149694779,3.68151,1433,406,1027
b*mA,debt_gdp_mA_hat,.0190212264296624,3.68151,1433,406,1027
b*mA,debt_gdp_mA_hat,.0190412976697788,3.6815102,1433,408,1025
b*mA,debt_gdp_mA_hat,.0191633663558329,3.6815119,1433,408,1025
b*mA,debt_gdp_mA_hat,.0191702384493024,3.6815119,1433,410,1023
b*mA,debt_gdp_mA_hat,.0192262862064277,3.6815124,1433,411,1022
b*mA,debt_gdp_mA_hat,.0192344019512369,3.6815124,1433,412,1021
b*mA,debt_gdp_mA_hat,.0192377630634003,3.6815126,1433,412,1021
b*mA,debt_gdp_mA_hat,.0192716425433036,3.6815135,1433,414,1019
b*mA,debt_gdp_mA_hat,.0192894823436936,3.681514,1433,415,1018
b*mA,debt_gdp_mA_hat,.0193742191624817,3.6815164,1433,416,1017
b*mA,debt_gdp_mA_hat,.0193881913082395,3.6815169,1433,416,1017
b*mA,debt_gdp_mA_hat,.0193888370088804,3.6815169,1433,418,1015
b*mA,debt_gdp_mA_hat,.0194314814596393,3.6815181,1433,419,1014
b*mA,debt_gdp_mA_hat,.0194424702999096,3.6815183,1433,420,1013
b*mA,debt_gdp_mA_hat,.0195197704085246,3.6815202,1433,421,1012
b*mA,debt_gdp_mA_hat,.0196234890114557,3.6815245,1433,421,1012
b*mA,debt_gdp_mA_hat,.0196262218000782,3.6815245,1433,422,1011
b*mA,debt_gdp_mA_hat,.0196754619095667,3.6815271,1433,424,1009
b*mA,debt_gdp_mA_hat,.0196941003435666,3.6815279,1433,424,1009
b*mA,debt_gdp_mA_hat,.01972905586322,3.6815293,1433,425,1008
b*mA,debt_gdp_mA_hat,.0198130351126678,3.6815336,1433,427,1006
b*mA,debt_gdp_mA_hat,.0198896289101367,3.6815376,1433,428,1005
b*mA,debt_gdp_mA_hat,.0199409829424829,3.6815403,1433,428,1005
b*mA,debt_gdp_mA_hat,.0199954480749818,3.6815429,1433,429,1004
b*mA,debt_gdp_mA_hat,.0199997641987787,3.6815431,1433,430,1003
b*mA,debt_gdp_mA_hat,.0200010242426882,3.6815431,1433,431,1002
b*mA,debt_gdp_mA_hat,.0200231761160139,3.6815443,1433,432,1001
b*mA,debt_gdp_mA_hat,.0200880844296945,3.6815476,1433,434,999
b*mA,debt_gdp_mA_hat,.0201147875298699,3.6815491,1433,435,998
b*mA,debt_gdp_mA_hat,.0201204293860076,3.6815495,1433,436,997
b*mA,debt_gdp_mA_hat,.0201365000478743,3.6815503,1433,437,996
b*mA,debt_gdp_mA_hat,.0201664941035073,3.6815517,1433,437,996
b*mA,debt_gdp_mA_hat,.0202356462023473,3.6815555,1433,438,995
b*mA,debt_gdp_mA_hat,.0202379553306395,3.6815557,1433,440,993
b*mA,debt_gdp_mA_hat,.0202671451206858,3.6815569,1433,441,992
b*mA,debt_gdp_mA_hat,.0203301912754397,3.68156,1433,441,992
b*mA,debt_gdp_mA_hat,.0203567701381643,3.6815615,1433,443,990
b*mA,debt_gdp_mA_hat,.020372761118261,3.6815624,1433,444,989
b*mA,debt_gdp_mA_hat,.0204024872585784,3.6815641,1433,444,989
b*mA,debt_gdp_mA_hat,.0204127863917356,3.6815646,1433,446,987
b*mA,debt_gdp_mA_hat,.020446042257907,3.6815667,1433,446,987
b*mA,debt_gdp_mA_hat,.0204766905770373,3.6815689,1433,448,985
b*mA,debt_gdp_mA_hat,.0204962786659641,3.6815703,1433,448,985
b*mA,debt_gdp_mA_hat,.0205037010599972,3.6815708,1433,450,983
b*mA,debt_gdp_mA_hat,.0205171237152117,3.6815715,1433,450,983
b*mA,debt_gdp_mA_hat,.0205417854311554,3.6815729,1433,452,981
b*mA,debt_gdp_mA_hat,.0206038786685433,3.6815767,1433,453,980
b*mA,debt_gdp_mA_hat,.0206345892605536,3.6815786,1433,453,980
b*mA,debt_gdp_mA_hat,.0206918687389873,3.6815827,1433,454,979
b*mA,debt_gdp_mA_hat,.0208888380111893,3.6815984,1433,456,977
b*mA,debt_gdp_mA_hat,.0208993519474795,3.6815994,1433,456,977
b*mA,debt_gdp_mA_hat,.0209154208751039,3.6816008,1433,458,975
b*mA,debt_gdp_mA_hat,.0212362895744375,3.6816306,1433,459,974
b*mA,debt_gdp_mA_hat,.0212390642388256,3.6816308,1433,460,973
b*mA,debt_gdp_mA_hat,.0213153648370693,3.6816385,1433,461,972
b*mA,debt_gdp_mA_hat,.021337290425934,3.6816406,1433,461,972
b*mA,debt_gdp_mA_hat,.0213376683871691,3.6816406,1433,462,971
b*mA,debt_gdp_mA_hat,.0213518025139361,3.6816421,1433,463,970
b*mA,debt_gdp_mA_hat,.0214147601301463,3.6816452,1433,465,968
b*mA,debt_gdp_mA_hat,.0214308035374574,3.6816459,1433,465,968
b*mA,debt_gdp_mA_hat,.0214782349731876,3.6816483,1433,467,966
b*mA,debt_gdp_mA_hat,.0214991878921863,3.6816492,1433,467,966
b*mA,debt_gdp_mA_hat,.0215219780785269,3.6816504,1433,468,965
b*mA,debt_gdp_mA_hat,.0215641538929602,3.6816525,1433,469,964
b*mA,debt_gdp_mA_hat,.0216799000571317,3.6816583,1433,470,963
b*mA,debt_gdp_mA_hat,.0217448098113947,3.6816616,1433,471,962
b*mA,debt_gdp_mA_hat,.0217787698449239,3.6816633,1433,473,960
b*mA,debt_gdp_mA_hat,.0217811274207837,3.6816635,1433,473,960
b*mA,debt_gdp_mA_hat,.0218034012263118,3.6816647,1433,474,959
b*mA,debt_gdp_mA_hat,.021828678535768,3.6816661,1433,475,958
b*mA,debt_gdp_mA_hat,.021838428273398,3.6816666,1433,477,956
b*mA,debt_gdp_mA_hat,.0218499774332503,3.6816673,1433,478,955
b*mA,debt_gdp_mA_hat,.021856979622289,3.6816676,1433,479,954
b*mA,debt_gdp_mA_hat,.0218804214145582,3.681669,1433,479,954
b*mA,debt_gdp_mA_hat,.0219674825057866,3.6816735,1433,480,953
b*mA,debt_gdp_mA_hat,.0219989466303231,3.6816752,1433,482,951
b*mA,debt_gdp_mA_hat,.022009419533163,3.6816757,1433,482,951
b*mA,debt_gdp_mA_hat,.0220139385291873,3.6816759,1433,483,950
b*mA,debt_gdp_mA_hat,.0220749814532761,3.6816788,1433,484,949
b*mA,debt_gdp_mA_hat,.0221054075571281,3.6816802,1433,486,947
b*mA,debt_gdp_mA_hat,.0221762983758333,3.6816835,1433,487,946
b*mA,debt_gdp_mA_hat,.022234253488591,3.6816864,1433,488,945
b*mA,debt_gdp_mA_hat,.022257901969616,3.6816874,1433,489,944
b*mA,debt_gdp_mA_hat,.0222934532341623,3.6816888,1433,489,944
b*mA,debt_gdp_mA_hat,.0223097845935282,3.6816895,1433,490,943
b*mA,debt_gdp_mA_hat,.0223304086168261,3.6816905,1433,491,942
b*mA,debt_gdp_mA_hat,.0224828744099844,3.6816974,1433,493,940
b*mA,debt_gdp_mA_hat,.0225201520401929,3.681699,1433,493,940
b*mA,debt_gdp_mA_hat,.0225296472164871,3.6816995,1433,495,938
b*mA,debt_gdp_mA_hat,.0225347446620457,3.6817,1433,496,937
b*mA,debt_gdp_mA_hat,.0225841347664771,3.6817026,1433,497,936
b*mA,debt_gdp_mA_hat,.0226147457066499,3.681704,1433,498,935
b*mA,debt_gdp_mA_hat,.0226803548428355,3.6817076,1433,498,935
b*mA,debt_gdp_mA_hat,.0227070699004866,3.6817091,1433,499,934
b*mA,debt_gdp_mA_hat,.0227229794366401,3.6817098,1433,501,932
b*mA,debt_gdp_mA_hat,.0228520409437262,3.6817174,1433,502,931
b*mA,debt_gdp_mA_hat,.0229174004028238,3.6817212,1433,503,930
b*mA,debt_gdp_mA_hat,.0229717014928224,3.6817243,1433,504,929
b*mA,debt_gdp_mA_hat,.022986305269427,3.681725,1433,504,929
b*mA,debt_gdp_mA_hat,.023037761171886,3.6817281,1433,506,927
b*mA,debt_gdp_mA_hat,.0230511666926344,3.6817286,1433,507,926
b*mA,debt_gdp_mA_hat,.0230714644323964,3.6817296,1433,507,926
b*mA,debt_gdp_mA_hat,.0231205642517403,3.6817319,1433,509,924
b*mA,debt_gdp_mA_hat,.0231338626354473,3.6817329,1433,510,923
b*mA,debt_gdp_mA_hat,.0231509475798451,3.6817338,1433,511,922
b*mA,debt_gdp_mA_hat,.0231578289581319,3.6817343,1433,512,921
b*mA,debt_gdp_mA_hat,.0232662722183355,3.6817422,1433,512,921
b*mA,debt_gdp_mA_hat,.0232759791433811,3.6817431,1433,513,920
b*mA,debt_gdp_mA_hat,.0233546492871714,3.6817493,1433,514,919
b*mA,debt_gdp_mA_hat,.0234082305623922,3.6817534,1433,516,917
b*mA,debt_gdp_mA_hat,.0235312543334213,3.6817634,1433,517,916
b*mA,debt_gdp_mA_hat,.0235436569841593,3.6817646,1433,518,915
b*mA,debt_gdp_mA_hat,.0235772290378623,3.6817672,1433,518,915
b*mA,debt_gdp_mA_hat,.023639348405204,3.6817727,1433,520,913
b*mA,debt_gdp_mA_hat,.0236596582919216,3.6817744,1433,521,912
b*mA,debt_gdp_mA_hat,.0236635146368389,3.6817746,1433,521,912
b*mA,debt_gdp_mA_hat,.0236737254140315,3.6817756,1433,522,911
b*mA,debt_gdp_mA_hat,.0236912814888718,3.681777,1433,524,909
b*mA,debt_gdp_mA_hat,.0237478232921782,3.6817815,1433,525,908
b*mA,debt_gdp_mA_hat,.0237483819337188,3.6817815,1433,526,907
b*mA,debt_gdp_mA_hat,.0237696700383719,3.6817832,1433,527,906
b*mA,debt_gdp_mA_hat,.0237966050273764,3.6817853,1433,528,905
b*mA,debt_gdp_mA_hat,.0238475989800014,3.6817894,1433,528,905
b*mA,debt_gdp_mA_hat,.023885079495168,3.6817932,1433,529,904
b*mA,debt_gdp_mA_hat,.0240506832896925,3.6818101,1433,530,903
b*mA,debt_gdp_mA_hat,.0240930419829388,3.6818144,1433,531,902
b*mA,debt_gdp_mA_hat,.0240936140940332,3.6818144,1433,532,901
b*mA,debt_gdp_mA_hat,.0241016208596501,3.6818151,1433,533,900
b*mA,debt_gdp_mA_hat,.024122453715866,3.6818175,1433,535,898
b*mA,debt_gdp_mA_hat,.0241784958880863,3.6818235,1433,536,897
b*mA,debt_gdp_mA_hat,.0242428404350738,3.6818304,1433,536,897
b*mA,debt_gdp_mA_hat,.024253394368663,3.6818314,1433,537,896
b*mA,debt_gdp_mA_hat,.0243990375247049,3.6818447,1433,538,895
b*mA,debt_gdp_mA_hat,.0245094525679417,3.681855,1433,540,893
b*mA,debt_gdp_mA_hat,.0245753053100703,3.6818612,1433,541,892
b*mA,debt_gdp_mA_hat,.0245863205867203,3.6818624,1433,541,892
b*mA,debt_gdp_mA_hat,.0246049032949942,3.6818635,1433,543,890
b*mA,debt_gdp_mA_hat,.0246601415250612,3.6818671,1433,543,890
b*mA,debt_gdp_mA_hat,.0246615215027154,3.6818674,1433,545,888
b*mA,debt_gdp_mA_hat,.0246957040379262,3.6818693,1433,545,888
b*mA,debt_gdp_mA_hat,.0247082866440199,3.68187,1433,547,886
b*mA,debt_gdp_mA_hat,.0247240411033842,3.6818709,1433,548,885
b*mA,debt_gdp_mA_hat,.0247325342058288,3.6818717,1433,548,885
b*mA,debt_gdp_mA_hat,.024773063318882,3.681874,1433,549,884
b*mA,debt_gdp_mA_hat,.0247910029086122,3.681875,1433,551,882
b*mA,debt_gdp_mA_hat,.0249239125572244,3.6818798,1433,552,881
b*mA,debt_gdp_mA_hat,.0249553409930409,3.681881,1433,553,880
b*mA,debt_gdp_mA_hat,.0251068137327282,3.6818864,1433,553,880
b*mA,debt_gdp_mA_hat,.0251492743490553,3.6818883,1433,554,879
b*mA,debt_gdp_mA_hat,.025173023298963,3.6818893,1433,555,878
b*mA,debt_gdp_mA_hat,.0252410783669316,3.6818914,1433,557,876
b*mA,debt_gdp_mA_hat,.0252948617596642,3.6818938,1433,557,876
b*mA,debt_gdp_mA_hat,.0253069825834177,3.6818943,1433,559,874
b*mA,debt_gdp_mA_hat,.0253383107759642,3.6818957,1433,559,874
b*mA,debt_gdp_mA_hat,.0255041205343174,3.6819036,1433,561,872
b*mA,debt_gdp_mA_hat,.0255421491753635,3.6819055,1433,562,871
b*mA,debt_gdp_mA_hat,.0255639345413273,3.6819069,1433,562,871
b*mA,debt_gdp_mA_hat,.0256064765065237,3.6819091,1433,563,870
b*mA,debt_gdp_mA_hat,.0257935994680691,3.6819191,1433,565,868
b*mA,debt_gdp_mA_hat,.0258168395031829,3.6819203,1433,566,867
b*mA,debt_gdp_mA_hat,.0258334703917054,3.6819212,1433,566,867
b*mA,debt_gdp_mA_hat,.0259770810499374,3.6819291,1433,568,865
b*mA,debt_gdp_mA_hat,.026026520489886,3.6819317,1433,569,864
b*mA,debt_gdp_mA_hat,.0260266041336212,3.6819317,1433,569,864
b*mA,debt_gdp_mA_hat,.0260806535885466,3.6819355,1433,571,862
b*mA,debt_gdp_mA_hat,.0261002076992685,3.6819367,1433,572,861
b*mA,debt_gdp_mA_hat,.0261450129519783,3.6819396,1433,572,861
b*mA,debt_gdp_mA_hat,.0261794525983658,3.6819417,1433,574,859
b*mA,debt_gdp_mA_hat,.0262024393448975,3.6819434,1433,575,858
b*mA,debt_gdp_mA_hat,.0262559881326574,3.6819475,1433,576,857
b*mA,debt_gdp_mA_hat,.026283350737935,3.6819496,1433,576,857
b*mA,debt_gdp_mA_hat,.0263111992021859,3.6819518,1433,577,856
b*mA,debt_gdp_mA_hat,.0263871680467889,3.6819575,1433,579,854
b*mA,debt_gdp_mA_hat,.0263920640682011,3.6819577,1433,579,854
b*mA,debt_gdp_mA_hat,.0265819114656175,3.6819696,1433,580,853
b*mA,debt_gdp_mA_hat,.0265941465719715,3.6819704,1433,581,852
b*mA,debt_gdp_mA_hat,.0266123408671089,3.6819715,1433,583,850
b*mA,debt_gdp_mA_hat,.0267369578355471,3.6819754,1433,583,850
b*mA,debt_gdp_mA_hat,.0268894086917947,3.681978,1433,585,848
b*mA,debt_gdp_mA_hat,.0269235571454528,3.6819787,1433,585,848
b*mA,debt_gdp_mA_hat,.0270184840896739,3.6819806,1433,586,847
b*mA,debt_gdp_mA_hat,.0274294101481771,3.6819885,1433,588,845
b*mA,debt_gdp_mA_hat,.0274476132231781,3.6819887,1433,588,845
b*mA,debt_gdp_mA_hat,.0275423155748518,3.6819899,1433,589,844
b*mA,debt_gdp_mA_hat,.0275510685921299,3.6819899,1433,591,842
b*mA,debt_gdp_mA_hat,.027569234490755,3.6819901,1433,591,842
b*mA,debt_gdp_mA_hat,.0277649833031947,3.6819932,1433,593,840
b*mA,debt_gdp_mA_hat,.0277886098650342,3.681994,1433,593,840
b*mA,debt_gdp_mA_hat,.0278299800615762,3.6819952,1433,594,839
b*mA,debt_gdp_mA_hat,.0278423156549319,3.6819956,1433,595,838
b*mA,debt_gdp_mA_hat,.0278576436541061,3.6819961,1433,596,837
b*mA,debt_gdp_mA_hat,.0278934603535486,3.6819971,1433,598,835
b*mA,debt_gdp_mA_hat,.0279176224837624,3.6819975,1433,599,834
b*mA,debt_gdp_mA_hat,.0280366306525517,3.6820009,1433,600,833
b*mA,debt_gdp_mA_hat,.0280794916016563,3.6820023,1433,600,833
b*mA,debt_gdp_mA_hat,.0280959288609943,3.682003,1433,601,832
b*mA,debt_gdp_mA_hat,.0281869121286358,3.6820056,1433,603,830
b*mA,debt_gdp_mA_hat,.0282489518334585,3.6820076,1433,604,829
b*mA,debt_gdp_mA_hat,.0283886557416065,3.6820118,1433,605,828
b*mA,debt_gdp_mA_hat,.0284262640022349,3.6820128,1433,605,828
b*mA,debt_gdp_mA_hat,.028428070312554,3.6820128,1433,607,826
b*mA,debt_gdp_mA_hat,.0284742989803395,3.6820145,1433,607,826
b*mA,debt_gdp_mA_hat,.0284980694788778,3.6820154,1433,608,825
b*mA,debt_gdp_mA_hat,.0289694836237827,3.6820312,1433,610,823
b*mA,debt_gdp_mA_hat,.0289849765753644,3.6820319,1433,610,823
b*mA,debt_gdp_mA_hat,.0289987737398256,3.6820321,1433,612,821
b*mA,debt_gdp_mA_hat,.0289992392617021,3.6820321,1433,612,821
b*mA,debt_gdp_mA_hat,.029050751026114,3.6820335,1433,613,820
b*mA,debt_gdp_mA_hat,.0291042050742591,3.6820352,1433,615,818
b*mA,debt_gdp_mA_hat,.029131140041411,3.6820357,1433,615,818
b*mA,debt_gdp_mA_hat,.0291460613407452,3.6820362,1433,617,816
b*mA,debt_gdp_mA_hat,.0291500519100144,3.6820362,1433,618,815
b*mA,debt_gdp_mA_hat,.0292460322899599,3.6820381,1433,618,815
b*mA,debt_gdp_mA_hat,.0292630924113703,3.6820385,1433,619,814
b*mA,debt_gdp_mA_hat,.0293664877140426,3.6820405,1433,620,813
b*mA,debt_gdp_mA_hat,.0293763845751544,3.6820407,1433,622,811
b*mA,debt_gdp_mA_hat,.0294359009858472,3.6820419,1433,623,810
b*mA,debt_gdp_mA_hat,.0294554125456556,3.6820424,1433,623,810
b*mA,debt_gdp_mA_hat,.0296270397597903,3.6820459,1433,624,809
b*mA,debt_gdp_mA_hat,.0296501637389717,3.6820464,1433,625,808
b*mA,debt_gdp_mA_hat,.0296643186410605,3.6820469,1433,627,806
b*mA,debt_gdp_mA_hat,.0297251403816022,3.6820486,1433,628,805
b*mA,debt_gdp_mA_hat,.0299070968480913,3.6820536,1433,629,804
b*mA,debt_gdp_mA_hat,.0299078232874398,3.6820536,1433,629,804
b*mA,debt_gdp_mA_hat,.0299762571918821,3.6820552,1433,631,802
b*mA,debt_gdp_mA_hat,.0299946574913947,3.6820555,1433,631,802
b*mA,debt_gdp_mA_hat,.0300924768647342,3.6820579,1433,632,801
b*mA,debt_gdp_mA_hat,.0301787115448352,3.6820598,1433,634,799
b*mA,debt_gdp_mA_hat,.0302261138174632,3.6820598,1433,634,799
b*mA,debt_gdp_mA_hat,.030258247506666,3.68206,1433,636,797
b*mA,debt_gdp_mA_hat,.0304296934760858,3.6820633,1433,636,797
b*mA,debt_gdp_mA_hat,.0304956770823904,3.682066,1433,637,796
b*mA,debt_gdp_mA_hat,.0305498129926206,3.6820679,1433,639,794
b*mA,debt_gdp_mA_hat,.030606794215538,3.6820712,1433,640,793
b*mA,debt_gdp_mA_hat,.0306557294910758,3.6820736,1433,641,792
b*mA,debt_gdp_mA_hat,.0306698515229693,3.6820741,1433,642,791
b*mA,debt_gdp_mA_hat,.0307802379951069,3.6820791,1433,643,790
b*mA,debt_gdp_mA_hat,.0308893180738615,3.6820836,1433,643,790
b*mA,debt_gdp_mA_hat,.0309604319332767,3.6820867,1433,644,789
b*mA,debt_gdp_mA_hat,.0311434414858475,3.6821034,1433,646,787
b*mA,debt_gdp_mA_hat,.0312966440371876,3.6821172,1433,646,787
b*mA,debt_gdp_mA_hat,.0314371114614714,3.6821308,1433,647,786
b*mA,debt_gdp_mA_hat,.0315608932001479,3.682143,1433,648,785
b*mA,debt_gdp_mA_hat,.0315618651435198,3.682143,1433,649,784
b*mA,debt_gdp_mA_hat,.0316068323929945,3.6821477,1433,651,782
b*mA,debt_gdp_mA_hat,.0316645817806393,3.6821535,1433,651,782
b*mA,debt_gdp_mA_hat,.0316817439371258,3.6821554,1433,653,780
b*mA,debt_gdp_mA_hat,.0317061038339398,3.6821578,1433,653,780
b*mA,debt_gdp_mA_hat,.0317293526453301,3.6821599,1433,655,778
b*mA,debt_gdp_mA_hat,.0318176539379553,3.682168,1433,656,777
b*mA,debt_gdp_mA_hat,.0319565427961974,3.6821804,1433,657,776
b*mA,debt_gdp_mA_hat,.032273279753227,3.6822093,1433,658,775
b*mA,debt_gdp_mA_hat,.0324264006025026,3.6822233,1433,659,774
b*mA,debt_gdp_mA_hat,.0324454129982871,3.682225,1433,660,773
b*mA,debt_gdp_mA_hat,.0326944398801254,3.6822474,1433,660,773
b*mA,debt_gdp_mA_hat,.0327035284166347,3.6822484,1433,662,771
b*mA,debt_gdp_mA_hat,.0327705346500547,3.6822546,1433,662,771
b*mA,debt_gdp_mA_hat,.0330830273833146,3.6822834,1433,664,769
b*mA,debt_gdp_mA_hat,.0330943261704275,3.6822844,1433,664,769
b*mA,debt_gdp_mA_hat,.033119954730093,3.6822867,1433,666,767
b*mA,debt_gdp_mA_hat,.0333667290456191,3.6823103,1433,667,766
b*mA,debt_gdp_mA_hat,.0336397486749928,3.6823361,1433,667,766
b*mA,debt_gdp_mA_hat,.0338498836023078,3.6823559,1433,669,764
b*mA,debt_gdp_mA_hat,.0338500929266674,3.6823559,1433,670,763
b*mA,debt_gdp_mA_hat,.0340014261972654,3.6823707,1433,670,763
b*mA,debt_gdp_mA_hat,.0341419835932042,3.6823843,1433,671,762
b*mA,debt_gdp_mA_hat,.0342919524370308,3.6823981,1433,672,761
b*mA,debt_gdp_mA_hat,.0343561010269664,3.682404,1433,673,760
b*mA,debt_gdp_mA_hat,.0343572347689242,3.6824043,1433,674,759
b*mA,debt_gdp_mA_hat,.0343801556875124,3.6824064,1433,675,758
b*mA,debt_gdp_mA_hat,.034420488773439,3.6824098,1433,676,757
b*mA,debt_gdp_mA_hat,.0345164049642843,3.6824193,1433,677,756
b*mA,debt_gdp_mA_hat,.0345356198410012,3.6824212,1433,679,754
b*mA,debt_gdp_mA_hat,.0345550858851714,3.6824234,1433,680,753
b*mA,debt_gdp_mA_hat,.0347902169682827,3.6824403,1433,681,752
b*mA,debt_gdp_mA_hat,.034980213385373,3.6824543,1433,681,752
b*mA,debt_gdp_mA_hat,.0351095813392253,3.6824641,1433,682,751
b*mA,debt_gdp_mA_hat,.0351352007618624,3.682466,1433,683,750
b*mA,debt_gdp_mA_hat,.035283009702372,3.6824789,1433,685,748
b*mA,debt_gdp_mA_hat,.0353198379864062,3.682482,1433,686,747
b*mA,debt_gdp_mA_hat,.0353244488528496,3.6824825,1433,686,747
b*mA,debt_gdp_mA_hat,.0353437538181804,3.6824841,1433,688,745
b*mA,debt_gdp_mA_hat,.0353735242839074,3.6824868,1433,689,744
b*mA,debt_gdp_mA_hat,.0354344643788776,3.682492,1433,690,743
b*mA,debt_gdp_mA_hat,.0354470963882452,3.6824932,1433,691,742
b*mA,debt_gdp_mA_hat,.0355802435112703,3.6825056,1433,691,742
b*mA,debt_gdp_mA_hat,.0355942687000282,3.6825068,1433,692,741
b*mA,debt_gdp_mA_hat,.0356222680709288,3.6825094,1433,693,740
b*mA,debt_gdp_mA_hat,.0356368389218395,3.6825109,1433,694,739
b*mA,debt_gdp_mA_hat,.0357406698327477,3.6825209,1433,695,738
b*mA,debt_gdp_mA_hat,.036071655804985,3.6825602,1433,696,737
b*mA,debt_gdp_mA_hat,.0360788762844752,3.6825609,1433,697,736
b*mA,debt_gdp_mA_hat,.0362001468626881,3.6825757,1433,699,734
b*mA,debt_gdp_mA_hat,.0362390728237403,3.6825805,1433,700,733
b*mA,debt_gdp_mA_hat,.0363698881006083,3.6825962,1433,701,732
b*mA,debt_gdp_mA_hat,.0364522951985611,3.682606,1433,702,731
b*mA,debt_gdp_mA_hat,.0364605595603305,3.6826069,1433,702,731
b*mA,debt_gdp_mA_hat,.0366092075325725,3.6826251,1433,704,729
b*mA,debt_gdp_mA_hat,.0366227240557461,3.6826267,1433,704,729
b*mA,debt_gdp_mA_hat,.0366862332356717,3.6826344,1433,705,728
b*mA,debt_gdp_mA_hat,.0367604999152998,3.6826434,1433,706,727
b*mA,debt_gdp_mA_hat,.0370587889828233,3.6826804,1433,707,726
b*mA,debt_gdp_mA_hat,.0371904911899918,3.6826966,1433,709,724
b*mA,debt_gdp_mA_hat,.0375074176779252,3.6827352,1433,710,723
b*mA,debt_gdp_mA_hat,.0375380789134351,3.682739,1433,710,723
b*mA,debt_gdp_mA_hat,.0375891276858003,3.6827457,1433,711,722
b*mA,debt_gdp_mA_hat,.0375992397430166,3.6827471,1433,713,720
b*mA,debt_gdp_mA_hat,.0376512903533257,3.6827538,1433,714,719
b*mA,debt_gdp_mA_hat,.037833437909087,3.6827769,1433,714,719
b*mA,debt_gdp_mA_hat,.0379389942321336,3.68279,1433,716,717
b*mA,debt_gdp_mA_hat,.0379638931332322,3.6827931,1433,717,716
b*mA,debt_gdp_mA_hat,.0380018933847149,3.6827979,1433,717,716
b*mA,debt_gdp_mA_hat,.0380596547329602,3.6828048,1433,719,714
b*mA,debt_gdp_mA_hat,.0381274531538737,3.6828134,1433,720,713
b*mA,debt_gdp_mA_hat,.0381368105164424,3.6828146,1433,721,712
b*mA,debt_gdp_mA_hat,.0385847297804364,3.6828687,1433,721,712
b*mA,debt_gdp_mA_hat,.0388466915404877,3.6829004,1433,723,710
b*mA,debt_gdp_mA_hat,.0388706403858719,3.6829033,1433,724,709
b*mA,debt_gdp_mA_hat,.0389161031517332,3.6829088,1433,725,708
b*mA,debt_gdp_mA_hat,.0390535711483163,3.6829247,1433,725,708
b*mA,debt_gdp_mA_hat,.0390989081913309,3.68293,1433,726,707
b*mA,debt_gdp_mA_hat,.0392396391001496,3.682946,1433,728,705
b*mA,debt_gdp_mA_hat,.0393484858506407,3.6829581,1433,728,705
b*mA,debt_gdp_mA_hat,.0393637202883064,3.6829598,1433,730,703
b*mA,debt_gdp_mA_hat,.0394828388738152,3.6829731,1433,731,702
b*mA,debt_gdp_mA_hat,.0395546125303548,3.6829813,1433,731,702
b*mA,debt_gdp_mA_hat,.0396353387536735,3.6829906,1433,732,701
b*mA,debt_gdp_mA_hat,.0397297846308752,3.6830015,1433,733,700
b*mA,debt_gdp_mA_hat,.0397500882333459,3.6830039,1433,735,698
b*mA,debt_gdp_mA_hat,.0397871441208143,3.6830082,1433,735,698
b*mA,debt_gdp_mA_hat,.0398468884841437,3.6830151,1433,736,697
b*mA,debt_gdp_mA_hat,.0399609285439816,3.6830277,1433,737,696
b*mA,debt_gdp_mA_hat,.0400931477818089,3.6830425,1433,739,694
b*mA,debt_gdp_mA_hat,.0401096909922996,3.6830447,1433,740,693
b*mA,debt_gdp_mA_hat,.040184709093143,3.6830537,1433,740,693
b*mA,debt_gdp_mA_hat,.0402394583041556,3.6830604,1433,742,691
b*mA,debt_gdp_mA_hat,.040323854292811,3.6830709,1433,743,690
b*mA,debt_gdp_mA_hat,.0403626444887011,3.6830759,1433,743,690
b*mA,debt_gdp_mA_hat,.0404610526165026,3.6830888,1433,744,689
b*mA,debt_gdp_mA_hat,.040638663817115,3.6831119,1433,745,688
b*mA,debt_gdp_mA_hat,.0407983621182562,3.6831326,1433,746,687
b*mA,debt_gdp_mA_hat,.0409587478032124,3.6831527,1433,748,685
b*mA,debt_gdp_mA_hat,.0409881138806636,3.6831565,1433,749,684
b*mA,debt_gdp_mA_hat,.0409989869332036,3.6831577,1433,750,683
b*mA,debt_gdp_mA_hat,.0410879356427058,3.6831686,1433,750,683
b*mA,debt_gdp_mA_hat,.0411110713702817,3.6831717,1433,751,682
b*mA,debt_gdp_mA_hat,.041116644401582,3.6831725,1433,752,681
b*mA,debt_gdp_mA_hat,.0411213709251396,3.6831729,1433,753,680
b*mA,debt_gdp_mA_hat,.0411265957270715,3.6831737,1433,755,678
b*mA,debt_gdp_mA_hat,.0414252577867673,3.6832111,1433,756,677
b*mA,debt_gdp_mA_hat,.0415516390804845,3.6832268,1433,757,676
b*mA,debt_gdp_mA_hat,.0416770790588285,3.6832428,1433,757,676
b*mA,debt_gdp_mA_hat,.0418805545728266,3.6832688,1433,758,675
b*mA,debt_gdp_mA_hat,.0419103084677255,3.6832726,1433,759,674
b*mA,debt_gdp_mA_hat,.042019496617096,3.6832869,1433,760,673
b*mA,debt_gdp_mA_hat,.0420816578442185,3.6832948,1433,762,671
b*mA,debt_gdp_mA_hat,.0420920966698027,3.6832962,1433,763,670
b*mA,debt_gdp_mA_hat,.0421266139186546,3.6833005,1433,763,670
b*mA,debt_gdp_mA_hat,.0421985110234837,3.6833093,1433,764,669
b*mA,debt_gdp_mA_hat,.0423693444232265,3.6833301,1433,765,668
b*mA,debt_gdp_mA_hat,.0424056385059863,3.6833346,1433,767,666
b*mA,debt_gdp_mA_hat,.0424167370821189,3.6833358,1433,768,665
b*mA,debt_gdp_mA_hat,.042466382236063,3.6833417,1433,769,664
b*mA,debt_gdp_mA_hat,.0424690226055272,3.6833422,1433,770,663
b*mA,debt_gdp_mA_hat,.0426679064254838,3.6833665,1433,770,663
b*mA,debt_gdp_mA_hat,.0426739560942955,3.6833673,1433,771,662
b*mA,debt_gdp_mA_hat,.0427923329232806,3.6833818,1433,773,660
b*mA,debt_gdp_mA_hat,.0428951715087817,3.6833942,1433,774,659
b*mA,debt_gdp_mA_hat,.0429195707407164,3.6833973,1433,774,659
b*mA,debt_gdp_mA_hat,.0429222453668621,3.6833975,1433,776,657
b*mA,debt_gdp_mA_hat,.0431522801183098,3.6834249,1433,777,656
b*mA,debt_gdp_mA_hat,.0432131722317855,3.6834321,1433,778,655
b*mA,debt_gdp_mA_hat,.0433066225355648,3.6834428,1433,778,655
b*mA,debt_gdp_mA_hat,.0434608936392029,3.6834602,1433,780,653
b*mA,debt_gdp_mA_hat,.0434627653924931,3.6834605,1433,781,652
b*mA,debt_gdp_mA_hat,.0435251018444407,3.6834674,1433,781,652
b*mA,debt_gdp_mA_hat,.0437345819524906,3.6834912,1433,782,651
b*mA,debt_gdp_mA_hat,.043813234362588,3.6835001,1433,784,649
b*mA,debt_gdp_mA_hat,.043906643436258,3.6835103,1433,784,649
b*mA,debt_gdp_mA_hat,.0441194789948342,3.6835337,1433,785,648
b*mA,debt_gdp_mA_hat,.0441329010726836,3.6835351,1433,787,646
b*mA,debt_gdp_mA_hat,.0443030063258492,3.683553,1433,787,646
b*mA,debt_gdp_mA_hat,.044319274547597,3.6835546,1433,788,645
b*mA,debt_gdp_mA_hat,.0445300425111058,3.6835768,1433,790,643
b*mA,debt_gdp_mA_hat,.0445450122341393,3.6835783,1433,791,642
b*mA,debt_gdp_mA_hat,.0445697179161717,3.6835809,1433,792,641
b*mA,debt_gdp_mA_hat,.0446037324876754,3.6835842,1433,792,641
b*mA,debt_gdp_mA_hat,.0446736217387839,3.6835914,1433,793,640
b*mA,debt_gdp_mA_hat,.0449878827962458,3.6836231,1433,794,639
b*mA,debt_gdp_mA_hat,.0450511013289151,3.6836293,1433,795,638
b*mA,debt_gdp_mA_hat,.0451213583962785,3.6836362,1433,796,637
b*mA,debt_gdp_mA_hat,.0451290943539808,3.6836369,1433,798,635
b*mA,debt_gdp_mA_hat,.0451832037351253,3.6836424,1433,798,635
b*mA,debt_gdp_mA_hat,.0454145034825933,3.6836655,1433,799,634
b*mA,debt_gdp_mA_hat,.045488469128359,3.6836727,1433,801,632
b*mA,debt_gdp_mA_hat,.0456135066743915,3.6836851,1433,802,631
b*mA,debt_gdp_mA_hat,.045926380428872,3.6837151,1433,802,631
b*mA,debt_gdp_mA_hat,.0459468830860834,3.683717,1433,803,630
b*mA,debt_gdp_mA_hat,.0462327819674753,3.6837435,1433,805,628
b*mA,debt_gdp_mA_hat,.0462726845121375,3.6837473,1433,805,628
b*mA,debt_gdp_mA_hat,.0464379743799166,3.6837621,1433,807,626
b*mA,debt_gdp_mA_hat,.0464820625709332,3.6837661,1433,807,626
b*mA,debt_gdp_mA_hat,.0464961549357559,3.6837673,1433,808,625
b*mA,debt_gdp_mA_hat,.0465139238396776,3.683769,1433,809,624
b*mA,debt_gdp_mA_hat,.0466409965514614,3.6837804,1433,811,622
b*mA,debt_gdp_mA_hat,.0467774442651385,3.6837926,1433,812,621
b*mA,debt_gdp_mA_hat,.0468634876922873,3.6838,1433,812,621
b*mA,debt_gdp_mA_hat,.046873980726503,3.6838009,1433,813,620
b*mA,debt_gdp_mA_hat,.0468901328095071,3.6838024,1433,815,618
b*mA,debt_gdp_mA_hat,.0469372104976752,3.6838064,1433,816,617
b*mA,debt_gdp_mA_hat,.046954620034707,3.6838081,1433,817,616
b*mA,debt_gdp_mA_hat,.0469823944055077,3.6838105,1433,818,615
b*mA,debt_gdp_mA_hat,.0473740026146396,3.6838434,1433,818,615
b*mA,debt_gdp_mA_hat,.047446012787921,3.6838493,1433,820,613
b*mA,debt_gdp_mA_hat,.0475025608702483,3.6838539,1433,820,613
b*mA,debt_gdp_mA_hat,.0475106364806812,3.6838546,1433,821,612
b*mA,debt_gdp_mA_hat,.0475363373398404,3.6838565,1433,823,610
b*mA,debt_gdp_mA_hat,.0475825654743287,3.6838603,1433,824,609
b*mA,debt_gdp_mA_hat,.0475908922098259,3.683861,1433,825,608
b*mA,debt_gdp_mA_hat,.047667713346123,3.6838672,1433,825,608
b*mA,debt_gdp_mA_hat,.0477900663554108,3.6838768,1433,827,606
b*mA,debt_gdp_mA_hat,.0477975862252097,3.6838775,1433,827,606
b*mA,debt_gdp_mA_hat,.0477985433831766,3.6838775,1433,828,605
b*mA,debt_gdp_mA_hat,.0478281038567487,3.6838799,1433,829,604
b*mA,debt_gdp_mA_hat,.0478773202444995,3.6838837,1433,831,602
b*mA,debt_gdp_mA_hat,.0479672026023768,3.6838903,1433,831,602
b*mA,debt_gdp_mA_hat,.0482111453466751,3.6839085,1433,832,601
b*mA,debt_gdp_mA_hat,.0482639917810573,3.6839123,1433,834,599
b*mA,debt_gdp_mA_hat,.0483131091746042,3.6839159,1433,835,598
b*mA,debt_gdp_mA_hat,.0483697288503184,3.6839201,1433,836,597
b*mA,debt_gdp_mA_hat,.0486395968100425,3.683939,1433,837,596
b*mA,debt_gdp_mA_hat,.0488093607330203,3.6839507,1433,837,596
b*mA,debt_gdp_mA_hat,.0489252605087555,3.6839585,1433,839,594
b*mA,debt_gdp_mA_hat,.0490307652676664,3.6839654,1433,839,594
b*mA,debt_gdp_mA_hat,.0490506150873472,3.6839666,1433,841,592
b*mA,debt_gdp_mA_hat,.0491645082829516,3.683974,1433,841,592
b*mA,debt_gdp_mA_hat,.0492024896004673,3.6839767,1433,843,590
b*mA,debt_gdp_mA_hat,.0492120726938647,3.6839771,1433,843,590
b*mA,debt_gdp_mA_hat,.0493384721467984,3.6839852,1433,845,588
b*mA,debt_gdp_mA_hat,.0494372503163121,3.6839912,1433,846,587
b*mA,debt_gdp_mA_hat,.0494552863733303,3.6839924,1433,846,587
b*mA,debt_gdp_mA_hat,.0494873820843018,3.6839943,1433,848,585
b*mA,debt_gdp_mA_hat,.049563958438899,3.6839991,1433,849,584
b*mA,debt_gdp_mA_hat,.0496003495936277,3.6840012,1433,849,584
b*mA,debt_gdp_mA_hat,.0496185742926377,3.6840024,1433,851,582
b*mA,debt_gdp_mA_hat,.0496977741723185,3.6840069,1433,851,582
b*mA,debt_gdp_mA_hat,.0499233367254538,3.6840203,1433,852,581
b*mA,debt_gdp_mA_hat,.0499368589116249,3.684021,1433,853,580
b*mA,debt_gdp_mA_hat,.049953859446574,3.6840219,1433,854,579
b*mA,debt_gdp_mA_hat,.0503534667083354,3.6840446,1433,855,578
b*mA,debt_gdp_mA_hat,.0503705797481593,3.6840456,1433,856,577
b*mA,debt_gdp_mA_hat,.0505267807820664,3.6840541,1433,857,576
b*mA,debt_gdp_mA_hat,.0506156531006108,3.6840589,1433,858,575
b*mA,debt_gdp_mA_hat,.0506581072658906,3.6840611,1433,860,573
b*mA,debt_gdp_mA_hat,.0508050788408625,3.6840689,1433,861,572
b*mA,debt_gdp_mA_hat,.0513497787714296,3.6840961,1433,861,572
b*mA,debt_gdp_mA_hat,.0513986232845826,3.6840985,1433,862,571
b*mA,debt_gdp_mA_hat,.0514030954124969,3.6840987,1433,864,569
b*mA,debt_gdp_mA_hat,.0515781033797607,3.6841068,1433,865,568
b*mA,debt_gdp_mA_hat,.0518002585239555,3.6841171,1433,865,568
b*mA,debt_gdp_mA_hat,.0518060317245289,3.6841173,1433,866,567
b*mA,debt_gdp_mA_hat,.0518382818382637,3.6841187,1433,868,565
b*mA,debt_gdp_mA_hat,.0518547927941454,3.6841195,1433,868,565
b*mA,debt_gdp_mA_hat,.0521243532271431,3.6841311,1433,870,563
b*mA,debt_gdp_mA_hat,.0521428924712784,3.6841319,1433,871,562
b*mA,debt_gdp_mA_hat,.0522527268660423,3.6841366,1433,872,561
b*mA,debt_gdp_mA_hat,.0523840294278092,3.6841421,1433,873,560
b*mA,debt_gdp_mA_hat,.0526957370894843,3.6841564,1433,874,559
b*mA,debt_gdp_mA_hat,.052842540143595,3.6841631,1433,874,559
b*mA,debt_gdp_mA_hat,.0529274035235318,3.6841669,1433,876,557
b*mA,debt_gdp_mA_hat,.0529448848098142,3.6841676,1433,877,556
b*mA,debt_gdp_mA_hat,.0533877884217175,3.6841867,1433,877,556
b*mA,debt_gdp_mA_hat,.0534083432196643,3.6841874,1433,878,555
b*mA,debt_gdp_mA_hat,.0534719165500627,3.6841903,1433,880,553
b*mA,debt_gdp_mA_hat,.0534935330769655,3.684191,1433,880,553
b*mA,debt_gdp_mA_hat,.0534992497928262,3.6841912,1433,881,552
b*mA,debt_gdp_mA_hat,.053596986964588,3.6841953,1433,883,550
b*mA,debt_gdp_mA_hat,.0537095280538124,3.6841998,1433,883,550
b*mA,debt_gdp_mA_hat,.0537847344567889,3.6842029,1433,885,548
b*mA,debt_gdp_mA_hat,.0538336889472085,3.6842051,1433,886,547
b*mA,debt_gdp_mA_hat,.054208355851197,3.6842201,1433,887,546
b*mA,debt_gdp_mA_hat,.0542912202002548,3.6842234,1433,887,546
b*mA,debt_gdp_mA_hat,.0544899795767802,3.6842313,1433,889,544
b*mA,debt_gdp_mA_hat,.0547862729207052,3.684243,1433,889,544
b*mA,debt_gdp_mA_hat,.0551802198140265,3.6842582,1433,891,542
b*mA,debt_gdp_mA_hat,.0554779042040397,3.6842694,1433,891,542
b*mA,debt_gdp_mA_hat,.0554811867269627,3.6842694,1433,893,540
b*mA,debt_gdp_mA_hat,.0554952853780921,3.6842699,1433,894,539
b*mA,debt_gdp_mA_hat,.0558665599215313,3.6842828,1433,895,538
b*mA,debt_gdp_mA_hat,.0563264467995662,3.6842983,1433,895,538
b*mA,debt_gdp_mA_hat,.056396917450631,3.6843004,1433,897,536
b*mA,debt_gdp_mA_hat,.0564364808737039,3.6843016,1433,898,535
b*mA,debt_gdp_mA_hat,.0564868222897527,3.6843033,1433,898,535
b*mA,debt_gdp_mA_hat,.0566068558591341,3.6843069,1433,899,534
b*mA,debt_gdp_mA_hat,.0569759873336725,3.6843193,1433,900,533
b*mA,debt_gdp_mA_hat,.0570000072471453,3.68432,1433,902,531
b*mA,debt_gdp_mA_hat,.0572759412761855,3.6843293,1433,903,530
b*mA,debt_gdp_mA_hat,.0573696791038309,3.6843319,1433,904,529
b*mA,debt_gdp_mA_hat,.0577697619864428,3.6843421,1433,905,528
b*mA,debt_gdp_mA_hat,.0578847175986843,3.684345,1433,905,528
b*mA,debt_gdp_mA_hat,.0580884404901301,3.6843503,1433,907,526
b*mA,debt_gdp_mA_hat,.0583559880859734,3.6843562,1433,908,525
b*mA,debt_gdp_mA_hat,.0588124651089502,3.6843662,1433,909,524
b*mA,debt_gdp_mA_hat,.0588829040565074,3.6843677,1433,910,523
b*mA,debt_gdp_mA_hat,.0590821511749855,3.6843719,1433,910,523
b*mA,debt_gdp_mA_hat,.0591667024598802,3.6843739,1433,911,522
b*mA,debt_gdp_mA_hat,.0593208467166583,3.684377,1433,912,521
b*mA,debt_gdp_mA_hat,.0593332525309479,3.6843772,1433,914,519
b*mA,debt_gdp_mA_hat,.0593943909373796,3.6843791,1433,915,518
b*mA,debt_gdp_mA_hat,.0594423589806643,3.6843805,1433,916,517
b*mA,debt_gdp_mA_hat,.0595596741447614,3.6843846,1433,917,516
b*mA,debt_gdp_mA_hat,.0595667697762902,3.6843848,1433,917,516
b*mA,debt_gdp_mA_hat,.059706556893049,3.6843894,1433,918,515
b*mA,debt_gdp_mA_hat,.0597344415514768,3.6843903,1433,920,513
b*mA,debt_gdp_mA_hat,.0600298604399427,3.6843998,1433,920,513
b*mA,debt_gdp_mA_hat,.060033856868776,3.6844001,1433,922,511
b*mA,debt_gdp_mA_hat,.0602110402009276,3.6844049,1433,922,511
b*mA,debt_gdp_mA_hat,.0603989464789873,3.6844099,1433,924,509
b*mA,debt_gdp_mA_hat,.0607052330117252,3.6844172,1433,925,508
b*mA,debt_gdp_mA_hat,.0608111976193761,3.6844199,1433,925,508
b*mA,debt_gdp_mA_hat,.0609113293172191,3.6844223,1433,927,506
b*mA,debt_gdp_mA_hat,.0609841112256444,3.6844239,1433,928,505
b*mA,debt_gdp_mA_hat,.0610030393662276,3.6844244,1433,928,505
b*mA,debt_gdp_mA_hat,.0611444973573088,3.6844277,1433,929,504
b*mA,debt_gdp_mA_hat,.0612888853805659,3.6844311,1433,930,503
b*mA,debt_gdp_mA_hat,.0613764259025219,3.684433,1433,931,502
b*mA,debt_gdp_mA_hat,.0616628587973772,3.6844394,1433,932,501
b*mA,debt_gdp_mA_hat,.0617880319876907,3.6844423,1433,933,500
b*mA,debt_gdp_mA_hat,.0617901008096838,3.6844423,1433,934,499
b*mA,debt_gdp_mA_hat,.0618089314007776,3.6844428,1433,935,498
b*mA,debt_gdp_mA_hat,.0618819693748831,3.6844444,1433,937,496
b*mA,debt_gdp_mA_hat,.0621084757843613,3.6844501,1433,937,496
b*mA,debt_gdp_mA_hat,.0621779528199669,3.6844518,1433,939,494
b*mA,debt_gdp_mA_hat,.0621938275213029,3.6844521,1433,939,494
b*mA,debt_gdp_mA_hat,.0622637542229353,3.6844542,1433,940,493
b*mA,debt_gdp_mA_hat,.0625192760620597,3.6844616,1433,942,491
b*mA,debt_gdp_mA_hat,.0625485254842518,3.6844623,1433,942,491
b*mA,debt_gdp_mA_hat,.0625561720416758,3.6844625,1433,944,489
b*mA,debt_gdp_mA_hat,.0627643140449092,3.6844687,1433,944,489
b*mA,debt_gdp_mA_hat,.0628096131306499,3.6844699,1433,946,487
b*mA,debt_gdp_mA_hat,.0629937512099847,3.6844752,1433,946,487
b*mA,debt_gdp_mA_hat,.0631868110085894,3.6844814,1433,948,485
b*mA,debt_gdp_mA_hat,.0632067691242352,3.6844821,1433,949,484
b*mA,debt_gdp_mA_hat,.0632243696275931,3.6844826,1433,949,484
b*mA,debt_gdp_mA_hat,.0632292148500467,3.6844828,1433,951,482
b*mA,debt_gdp_mA_hat,.0633496053105869,3.6844864,1433,952,481
b*mA,debt_gdp_mA_hat,.0634172183307954,3.6844885,1433,953,480
b*mA,debt_gdp_mA_hat,.0636702864587889,3.6844962,1433,953,480
b*mA,debt_gdp_mA_hat,.063714788196571,3.6844974,1433,955,478
b*mA,debt_gdp_mA_hat,.0637628539222755,3.6844985,1433,955,478
b*mA,debt_gdp_mA_hat,.0638253900822977,3.6845,1433,956,477
b*mA,debt_gdp_mA_hat,.0639315806550794,3.6845021,1433,957,476
b*mA,debt_gdp_mA_hat,.0640468609184644,3.6845045,1433,959,474
b*mA,debt_gdp_mA_hat,.0640643742207045,3.6845047,1433,960,473
b*mA,debt_gdp_mA_hat,.0642405334907343,3.6845083,1433,960,473
b*mA,debt_gdp_mA_hat,.0642685252503324,3.6845088,1433,962,471
b*mA,debt_gdp_mA_hat,.064382242958627,3.6845109,1433,963,470
b*mA,debt_gdp_mA_hat,.0644698764097677,3.6845124,1433,963,470
b*mA,debt_gdp_mA_hat,.0645830653030667,3.6845143,1433,965,468
b*mA,debt_gdp_mA_hat,.0646931275461679,3.684516,1433,966,467
b*mA,debt_gdp_mA_hat,.0650022874858248,3.684521,1433,967,466
b*mA,debt_gdp_mA_hat,.0651966070882768,3.6845238,1433,968,465
b*mA,debt_gdp_mA_hat,.0653264809412955,3.684526,1433,969,464
b*mA,debt_gdp_mA_hat,.0654111919910534,3.6845272,1433,969,464
b*mA,debt_gdp_mA_hat,.0656937358196284,3.6845312,1433,970,463
b*mA,debt_gdp_mA_hat,.0657455074732479,3.6845324,1433,972,461
b*mA,debt_gdp_mA_hat,.0657955547757263,3.6845334,1433,972,461
b*mA,debt_gdp_mA_hat,.0658691473113249,3.6845348,1433,974,459
b*mA,debt_gdp_mA_hat,.0658764116198151,3.6845348,1433,974,459
b*mA,debt_gdp_mA_hat,.0659367233014095,3.684536,1433,976,457
b*mA,debt_gdp_mA_hat,.0659463297831697,3.6845362,1433,976,457
b*mA,debt_gdp_mA_hat,.0660922709008005,3.6845396,1433,977,456
b*mA,debt_gdp_mA_hat,.0662027938628925,3.6845417,1433,979,454
b*mA,debt_gdp_mA_hat,.0662555413462596,3.6845429,1433,979,454
b*mA,debt_gdp_mA_hat,.0664439230526531,3.684546,1433,981,452
b*mA,debt_gdp_mA_hat,.0666268766692691,3.6845496,1433,981,452
b*mA,debt_gdp_mA_hat,.0666707654714428,3.6845503,1433,982,451
b*mA,debt_gdp_mA_hat,.0666857345905681,3.6845505,1433,983,450
b*mA,debt_gdp_mA_hat,.0669419118531766,3.6845551,1433,985,448
b*mA,debt_gdp_mA_hat,.0671218762474003,3.684557,1433,986,447
b*mA,debt_gdp_mA_hat,.0671668132109547,3.6845574,1433,987,446
b*mA,debt_gdp_mA_hat,.067564308330633,3.6845608,1433,988,445
b*mA,debt_gdp_mA_hat,.0678707753535346,3.6845634,1433,989,444
b*mA,debt_gdp_mA_hat,.0679300906003824,3.6845639,1433,990,443
b*mA,debt_gdp_mA_hat,.0681724615107083,3.6845658,1433,990,443
b*mA,debt_gdp_mA_hat,.0685224573378283,3.6845667,1433,991,442
b*mA,debt_gdp_mA_hat,.0685551713250052,3.684567,1433,993,440
b*mA,debt_gdp_mA_hat,.0686498607115304,3.684567,1433,993,440
b*mA,debt_gdp_mA_hat,.0688093121560284,3.6845672,1433,995,438
b*mA,debt_gdp_mA_hat,.069158205517611,3.6845677,1433,995,438
b*mA,debt_gdp_mA_hat,.0692282358058045,3.6845732,1433,996,437
b*mA,debt_gdp_mA_hat,.0694631653227504,3.6845911,1433,998,435
b*mA,debt_gdp_mA_hat,.0695920501823405,3.6846025,1433,999,434
b*mA,debt_gdp_mA_hat,.069782968532517,3.6846187,1433,999,434
b*mA,debt_gdp_mA_hat,.0698596644974971,3.6846254,1433,1000,433
b*mA,debt_gdp_mA_hat,.0698668838635677,3.6846261,1433,1001,432
b*mA,debt_gdp_mA_hat,.0700856346035235,3.6846452,1433,1003,430
b*mA,debt_gdp_mA_hat,.0700933614911813,3.6846459,1433,1004,429
b*mA,debt_gdp_mA_hat,.0704250434152467,3.6846745,1433,1005,428
b*mA,debt_gdp_mA_hat,.0704272997999158,3.6846747,1433,1006,427
b*mA,debt_gdp_mA_hat,.0704496839485328,3.6846766,1433,1007,426
b*mA,debt_gdp_mA_hat,.0706290865985738,3.6846919,1433,1007,426
b*mA,debt_gdp_mA_hat,.070955377438181,3.6847188,1433,1009,424
b*mA,debt_gdp_mA_hat,.0710998404803038,3.6847315,1433,1010,423
b*mA,debt_gdp_mA_hat,.0714486670314401,3.6847625,1433,1010,423
b*mA,debt_gdp_mA_hat,.0714722098972911,3.6847646,1433,1012,421
b*mA,debt_gdp_mA_hat,.0714992072118457,3.6847672,1433,1012,421
b*mA,debt_gdp_mA_hat,.0715194939256485,3.6847692,1433,1014,419
b*mA,debt_gdp_mA_hat,.0715912716763583,3.6847763,1433,1015,418
b*mA,debt_gdp_mA_hat,.0717671937082714,3.684793,1433,1016,417
b*mA,debt_gdp_mA_hat,.0718568009526344,3.6848018,1433,1017,416
b*mA,debt_gdp_mA_hat,.0719197530228234,3.684808,1433,1017,416
b*mA,debt_gdp_mA_hat,.0719785109597362,3.6848137,1433,1019,414
b*mA,debt_gdp_mA_hat,.0722785948800479,3.6848428,1433,1020,413
b*mA,debt_gdp_mA_hat,.0723337872645355,3.6848483,1433,1021,412
b*mA,debt_gdp_mA_hat,.0724731114866931,3.6848621,1433,1021,412
b*mA,debt_gdp_mA_hat,.0727971583166698,3.6848938,1433,1023,410
b*mA,debt_gdp_mA_hat,.0730073758778776,3.6849144,1433,1024,409
b*mA,debt_gdp_mA_hat,.0734519264454208,3.6849577,1433,1025,408
b*mA,debt_gdp_mA_hat,.0735757406983999,3.6849704,1433,1025,408
b*mA,debt_gdp_mA_hat,.0735990420654356,3.6849728,1433,1027,406
b*mA,debt_gdp_mA_hat,.073841805849465,3.684998,1433,1027,406
b*mA,debt_gdp_mA_hat,.0745677204140863,3.6850734,1433,1029,404
b*mA,debt_gdp_mA_hat,.0746561684049457,3.6850824,1433,1029,404
b*mA,debt_gdp_mA_hat,.0748066567833005,3.6850979,1433,1030,403
b*mA,debt_gdp_mA_hat,.0750138632496765,3.6851192,1433,1031,402
b*mA,debt_gdp_mA_hat,.0750847472556247,3.6851265,1433,1032,401
b*mA,debt_gdp_mA_hat,.0751210291104795,3.6851304,1433,1033,400
b*mA,debt_gdp_mA_hat,.0752639922106654,3.6851449,1433,1035,398
b*mA,debt_gdp_mA_hat,.0752713196816807,3.6851456,1433,1036,397
b*mA,debt_gdp_mA_hat,.0755382249575748,3.6851723,1433,1036,397
b*mA,debt_gdp_mA_hat,.0755816597424989,3.6851766,1433,1037,396
b*mA,debt_gdp_mA_hat,.0756762160018502,3.6851859,1433,1039,394
b*mA,debt_gdp_mA_hat,.0756979291324449,3.6851881,1433,1040,393
b*mA,debt_gdp_mA_hat,.0759275102939846,3.6852114,1433,1040,393
b*mA,debt_gdp_mA_hat,.0759661509392055,3.6852155,1433,1041,392
b*mA,debt_gdp_mA_hat,.0762217795302784,3.6852412,1433,1042,391
b*mA,debt_gdp_mA_hat,.0764012692541707,3.6852593,1433,1043,390
b*mA,debt_gdp_mA_hat,.0764478477776899,3.6852639,1433,1045,388
b*mA,debt_gdp_mA_hat,.0766852535494243,3.6852875,1433,1046,387
b*mA,debt_gdp_mA_hat,.0770957485786424,3.685328,1433,1046,387
b*mA,debt_gdp_mA_hat,.0771081619577646,3.6853292,1433,1047,386
b*mA,debt_gdp_mA_hat,.0775421255787585,3.6853721,1433,1049,384
b*mA,debt_gdp_mA_hat,.0775461903772527,3.6853724,1433,1049,384
b*mA,debt_gdp_mA_hat,.0776938415990769,3.6853874,1433,1051,382
b*mA,debt_gdp_mA_hat,.0777138635903122,3.6853895,1433,1052,381
b*mA,debt_gdp_mA_hat,.0777554986113519,3.6853936,1433,1053,380
b*mA,debt_gdp_mA_hat,.0781199279978355,3.68543,1433,1054,379
b*mA,debt_gdp_mA_hat,.0781394361451862,3.685432,1433,1055,378
b*mA,debt_gdp_mA_hat,.0781953280060582,3.6854377,1433,1055,378
b*mA,debt_gdp_mA_hat,.0783270954860873,3.6854503,1433,1057,376
b*mA,debt_gdp_mA_hat,.0786981583382444,3.6854863,1433,1058,375
b*mA,debt_gdp_mA_hat,.0788014858947524,3.6854966,1433,1059,374
b*mA,debt_gdp_mA_hat,.0789540325274321,3.6855118,1433,1060,373
b*mA,debt_gdp_mA_hat,.0790651608349434,3.685523,1433,1061,372
b*mA,debt_gdp_mA_hat,.0794912440627811,3.685565,1433,1061,372
b*mA,debt_gdp_mA_hat,.0796295348239415,3.6855788,1433,1063,370
b*mA,debt_gdp_mA_hat,.0796767520324305,3.6855834,1433,1064,369
b*mA,debt_gdp_mA_hat,.079863219376004,3.6856012,1433,1064,369
b*mA,debt_gdp_mA_hat,.0799179646710136,3.6856065,1433,1066,367
b*mA,debt_gdp_mA_hat,.0799747817855927,3.685612,1433,1067,366
b*mA,debt_gdp_mA_hat,.0799775505197168,3.6856122,1433,1068,365
b*mA,debt_gdp_mA_hat,.0800543082961801,3.6856196,1433,1069,364
b*mA,debt_gdp_mA_hat,.080233203500239,3.6856365,1433,1070,363
b*mA,debt_gdp_mA_hat,.0805232738732113,3.6856644,1433,1070,363
b*mA,debt_gdp_mA_hat,.0806889672619196,3.6856802,1433,1072,361
b*mA,debt_gdp_mA_hat,.0808722237133949,3.6856983,1433,1073,360
b*mA,debt_gdp_mA_hat,.0809622867289346,3.6857071,1433,1074,359
b*mA,debt_gdp_mA_hat,.0809804802519771,3.6857088,1433,1074,359
b*mA,debt_gdp_mA_hat,.0809837516937309,3.6857092,1433,1076,357
b*mA,debt_gdp_mA_hat,.0810605667377318,3.6857166,1433,1077,356
b*mA,debt_gdp_mA_hat,.081190318005584,3.6857297,1433,1078,355
b*mA,debt_gdp_mA_hat,.0814418447702676,3.6857548,1433,1079,354
b*mA,debt_gdp_mA_hat,.0815039279639691,3.685761,1433,1080,353
b*mA,debt_gdp_mA_hat,.0817156413655664,3.6857824,1433,1080,353
b*mA,debt_gdp_mA_hat,.0818459374367468,3.6857953,1433,1081,352
b*mA,debt_gdp_mA_hat,.0819159977084577,3.6858022,1433,1083,350
b*mA,debt_gdp_mA_hat,.0820648895881668,3.685817,1433,1083,350
b*mA,debt_gdp_mA_hat,.0821602608244519,3.6858265,1433,1084,349
b*mA,debt_gdp_mA_hat,.0823108725461412,3.6858418,1433,1086,347
b*mA,debt_gdp_mA_hat,.0827033986908813,3.6858799,1433,1087,346
b*mA,debt_gdp_mA_hat,.0827336384177813,3.6858828,1433,1088,345
b*mA,debt_gdp_mA_hat,.0828247953509945,3.6858914,1433,1088,345
b*mA,debt_gdp_mA_hat,.0832355390145562,3.6859291,1433,1089,344
b*mA,debt_gdp_mA_hat,.0832975119568677,3.6859345,1433,1091,342
b*mA,debt_gdp_mA_hat,.0833424791136511,3.6859386,1433,1091,342
b*mA,debt_gdp_mA_hat,.0836755664660955,3.6859686,1433,1092,341
b*mA,debt_gdp_mA_hat,.0838471163358546,3.6859839,1433,1094,339
b*mA,debt_gdp_mA_hat,.0840027528634926,3.6859975,1433,1095,338
b*mA,debt_gdp_mA_hat,.0840610488527813,3.6860025,1433,1096,337
b*mA,debt_gdp_mA_hat,.0844673197420701,3.6860368,1433,1096,337
b*mA,debt_gdp_mA_hat,.0846012406987481,3.686048,1433,1098,335
b*mA,debt_gdp_mA_hat,.084628460488085,3.6860502,1433,1099,334
b*mA,debt_gdp_mA_hat,.0846398864233046,3.6860511,1433,1099,334
b*mA,debt_gdp_mA_hat,.0848250183950369,3.6860666,1433,1101,332
b*mA,debt_gdp_mA_hat,.0849731480489129,3.6860788,1433,1101,332
b*mA,debt_gdp_mA_hat,.0857383786880426,3.6861429,1433,1103,330
b*mA,debt_gdp_mA_hat,.0857450738957993,3.6861434,1433,1104,329
b*mA,debt_gdp_mA_hat,.0858087512138631,3.6861489,1433,1104,329
b*mA,debt_gdp_mA_hat,.0865172018236968,3.686208,1433,1105,328
b*mA,debt_gdp_mA_hat,.0866849167599623,3.6862218,1433,1107,326
b*mA,debt_gdp_mA_hat,.0867407022353179,3.6862266,1433,1107,326
b*mA,debt_gdp_mA_hat,.0869283489072695,3.6862421,1433,1109,324
b*mA,debt_gdp_mA_hat,.0870320150739365,3.6862507,1433,1109,324
b*mA,debt_gdp_mA_hat,.0872300135368404,3.6862669,1433,1111,322
b*mA,debt_gdp_mA_hat,.0873217860886923,3.6862748,1433,1111,322
b*mA,debt_gdp_mA_hat,.0876950784037487,3.6863055,1433,1112,321
b*mA,debt_gdp_mA_hat,.0877696524161083,3.6863115,1433,1114,319
b*mA,debt_gdp_mA_hat,.0879491895860296,3.686326,1433,1115,318
b*mA,debt_gdp_mA_hat,.0880312445188741,3.6863325,1433,1116,317
b*mA,debt_gdp_mA_hat,.0880868213716719,3.686337,1433,1116,317
b*mA,debt_gdp_mA_hat,.0882275975034384,3.6863482,1433,1117,316
b*mA,debt_gdp_mA_hat,.0889158281386848,3.6864011,1433,1119,314
b*mA,debt_gdp_mA_hat,.0889267940640486,3.6864021,1433,1120,313
b*mA,debt_gdp_mA_hat,.0890835332204473,3.686414,1433,1121,312
b*mA,debt_gdp_mA_hat,.0901899713967169,3.6864946,1433,1122,311
b*mA,debt_gdp_mA_hat,.090215346515394,3.6864965,1433,1123,310
b*mA,debt_gdp_mA_hat,.0903409275082303,3.6865051,1433,1123,310
b*mA,debt_gdp_mA_hat,.0903887186039821,3.6865084,1433,1125,308
b*mA,debt_gdp_mA_hat,.090857597340741,3.6865404,1433,1125,308
b*mA,debt_gdp_mA_hat,.0909144918231607,3.6865442,1433,1127,306
b*mA,debt_gdp_mA_hat,.0911376854396173,3.686559,1433,1127,306
b*mA,debt_gdp_mA_hat,.0911955472539918,3.6865628,1433,1129,304
b*mA,debt_gdp_mA_hat,.091327005555064,3.6865714,1433,1130,303
b*mA,debt_gdp_mA_hat,.0914850202045495,3.6865814,1433,1131,302
b*mA,debt_gdp_mA_hat,.0917677890138706,3.6865995,1433,1132,301
b*mA,debt_gdp_mA_hat,.0917844713710313,3.6866007,1433,1133,300
b*mA,debt_gdp_mA_hat,.0917888201851137,3.6866009,1433,1134,299
b*mA,debt_gdp_mA_hat,.0918280524283864,3.6866033,1433,1134,299
b*mA,debt_gdp_mA_hat,.0919459967159643,3.6866105,1433,1136,297
b*mA,debt_gdp_mA_hat,.0919480273519764,3.6866107,1433,1136,297
b*mA,debt_gdp_mA_hat,.0925487600597959,3.6866465,1433,1137,296
b*mA,debt_gdp_mA_hat,.0931417430811175,3.6866801,1433,1139,294
b*mA,debt_gdp_mA_hat,.0932560115424084,3.6866863,1433,1140,293
b*mA,debt_gdp_mA_hat,.0935021654508986,3.6866996,1433,1140,293
b*mA,debt_gdp_mA_hat,.093541244128104,3.6867018,1433,1142,291
b*mA,debt_gdp_mA_hat,.0938024136570947,3.6867156,1433,1142,291
b*mA,debt_gdp_mA_hat,.0940732218022192,3.6867297,1433,1144,289
b*mA,debt_gdp_mA_hat,.0942752881735923,3.6867399,1433,1145,288
b*mA,debt_gdp_mA_hat,.0945115843279628,3.6867518,1433,1146,287
b*mA,debt_gdp_mA_hat,.094818412547664,3.6867669,1433,1147,286
b*mA,debt_gdp_mA_hat,.0949936331735094,3.6867754,1433,1147,286
b*mA,debt_gdp_mA_hat,.0955903873543783,3.6868036,1433,1149,284
b*mA,debt_gdp_mA_hat,.0957060786842808,3.6868091,1433,1150,283
b*mA,debt_gdp_mA_hat,.0961139994252264,3.6868277,1433,1151,282
b*mA,debt_gdp_mA_hat,.0962134111246456,3.6868322,1433,1151,282
b*mA,debt_gdp_mA_hat,.0963759978162052,3.6868393,1433,1153,280
b*mA,debt_gdp_mA_hat,.0965352640232584,3.6868465,1433,1154,279
b*mA,debt_gdp_mA_hat,.0966024485069661,3.6868494,1433,1154,279
b*mA,debt_gdp_mA_hat,.0967806813983107,3.6868572,1433,1155,278
b*mA,debt_gdp_mA_hat,.0969404737478591,3.6868644,1433,1157,276
b*mA,debt_gdp_mA_hat,.0969890676754022,3.6868663,1433,1157,276
b*mA,debt_gdp_mA_hat,.0970573498752356,3.6868694,1433,1159,274
b*mA,debt_gdp_mA_hat,.0976538074260813,3.6868944,1433,1160,273
b*mA,debt_gdp_mA_hat,.0980091044555886,3.6869087,1433,1161,272
b*mA,debt_gdp_mA_hat,.0985872791013301,3.6869316,1433,1162,271
b*mA,debt_gdp_mA_hat,.0986626479451229,3.6869345,1433,1163,270
b*mA,debt_gdp_mA_hat,.0993851994886365,3.6869614,1433,1164,269
b*mA,debt_gdp_mA_hat,.1003953990399421,3.6869974,1433,1164,269
b*mA,debt_gdp_mA_hat,.1005524757420325,3.6870029,1433,1166,267
b*mA,debt_gdp_mA_hat,.1006156826890582,3.687005,1433,1166,267
b*mA,debt_gdp_mA_hat,.1020623317708195,3.6870565,1433,1168,265
b*mA,debt_gdp_mA_hat,.1026764333390988,3.6870778,1433,1168,265
b*mA,debt_gdp_mA_hat,.1026926040368244,3.6870782,1433,1170,263
b*mA,debt_gdp_mA_hat,.1029132193324081,3.6870856,1433,1171,262
b*mA,debt_gdp_mA_hat,.103086504536861,3.6870911,1433,1172,261
b*mA,debt_gdp_mA_hat,.1032683084724681,3.6870971,1433,1172,261
b*mA,debt_gdp_mA_hat,.1034010858916139,3.6871014,1433,1173,260
b*mA,debt_gdp_mA_hat,.1038952426526598,3.6871181,1433,1175,258
b*mA,debt_gdp_mA_hat,.1044819451099497,3.6871367,1433,1175,258
b*mA,debt_gdp_mA_hat,.1047238559263294,3.687145,1433,1177,256
b*mA,debt_gdp_mA_hat,.1050388479444048,3.6871552,1433,1177,256
b*mA,debt_gdp_mA_hat,.1050978943292993,3.6871572,1433,1179,254
b*mA,debt_gdp_mA_hat,.1054777397552345,3.68717,1433,1180,253
b*mA,debt_gdp_mA_hat,.1056296359216449,3.687175,1433,1181,252
b*mA,debt_gdp_mA_hat,.105636822561512,3.6871753,1433,1182,251
b*mA,debt_gdp_mA_hat,.105638199588464,3.6871753,1433,1182,251
b*mA,debt_gdp_mA_hat,.1058246169917037,3.6871817,1433,1183,250
b*mA,debt_gdp_mA_hat,.1068697060450908,3.6872165,1433,1185,248
b*mA,debt_gdp_mA_hat,.1070195396289245,3.6872218,1433,1185,248
b*mA,debt_gdp_mA_hat,.1070640898611862,3.6872232,1433,1187,246
b*mA,debt_gdp_mA_hat,.1077466975149126,3.6872475,1433,1188,245
b*mA,debt_gdp_mA_hat,.1077734951890268,3.6872485,1433,1188,245
b*mA,debt_gdp_mA_hat,.1079138129725038,3.6872535,1433,1190,243
b*mA,debt_gdp_mA_hat,.1080030678102419,3.6872566,1433,1190,243
b*mA,debt_gdp_mA_hat,.1082230099925467,3.6872647,1433,1191,242
b*mA,debt_gdp_mA_hat,.1085778721999464,3.6872776,1433,1193,240
b*mA,debt_gdp_mA_hat,.1093078896067185,3.6873045,1433,1193,240
b*mA,debt_gdp_mA_hat,.10971140717327,3.6873195,1433,1195,238
b*mA,debt_gdp_mA_hat,.1101074275371095,3.6873341,1433,1195,238
b*mA,debt_gdp_mA_hat,.1106502580980655,3.6873548,1433,1196,237
b*mA,debt_gdp_mA_hat,.1107605463198675,3.6873591,1433,1198,235
b*mA,debt_gdp_mA_hat,.1116188244992687,3.6873925,1433,1199,234
b*mA,debt_gdp_mA_hat,.1116485558105057,3.6873934,1433,1200,233
b*mA,debt_gdp_mA_hat,.1123072385095682,3.6874182,1433,1201,232
b*mA,debt_gdp_mA_hat,.1124984475202684,3.6874254,1433,1202,231
b*mA,debt_gdp_mA_hat,.1135347314488047,3.6874638,1433,1203,230
b*mA,debt_gdp_mA_hat,.11363373460889,3.6874676,1433,1204,229
b*mA,debt_gdp_mA_hat,.1137118517737223,3.6874707,1433,1204,229
b*mA,debt_gdp_mA_hat,.1143264093777372,3.6874936,1433,1206,227
b*mA,debt_gdp_mA_hat,.1147769433343116,3.6875098,1433,1206,227
b*mA,debt_gdp_mA_hat,.1148965428683369,3.6875141,1433,1208,225
b*mA,debt_gdp_mA_hat,.1154682214210079,3.6875348,1433,1209,224
b*mA,debt_gdp_mA_hat,.1154877098097458,3.6875353,1433,1210,223
b*mA,debt_gdp_mA_hat,.1157415434051712,3.6875446,1433,1210,223
b*mA,debt_gdp_mA_hat,.115770276944345,3.6875453,1433,1212,221
b*mA,debt_gdp_mA_hat,.116196391128831,3.6875589,1433,1213,220
b*mA,debt_gdp_mA_hat,.1162032394234938,3.6875591,1433,1214,219
b*mA,debt_gdp_mA_hat,.1170126938129249,3.687583,1433,1214,219
b*mA,debt_gdp_mA_hat,.117262683870513,3.6875906,1433,1216,217
b*mA,debt_gdp_mA_hat,.1174490830017873,3.6875961,1433,1216,217
b*mA,debt_gdp_mA_hat,.1176395761469764,3.6876013,1433,1218,215
b*mA,debt_gdp_mA_hat,.1178956063944306,3.6876075,1433,1218,215
b*mA,debt_gdp_mA_hat,.1183139206479271,3.6876187,1433,1220,213
b*mA,debt_gdp_mA_hat,.1190103630028929,3.6876373,1433,1221,212
b*mA,debt_gdp_mA_hat,.1211756892789967,3.6876974,1433,1222,211
b*mA,debt_gdp_mA_hat,.1212368358652462,3.6876988,1433,1223,210
b*mA,debt_gdp_mA_hat,.1213121963417457,3.687701,1433,1223,210
b*mA,debt_gdp_mA_hat,.1215429456689229,3.6877072,1433,1225,208
b*mA,debt_gdp_mA_hat,.1215452336910904,3.6877072,1433,1225,208
b*mA,debt_gdp_mA_hat,.1222717516026008,3.6877279,1433,1227,206
b*mA,debt_gdp_mA_hat,.1232051602329339,3.6877568,1433,1227,206
b*mA,debt_gdp_mA_hat,.1236561878929113,3.6877701,1433,1229,204
b*mA,debt_gdp_mA_hat,.1236656754115416,3.6877706,1433,1230,203
b*mA,debt_gdp_mA_hat,.1240250825104106,3.6877823,1433,1230,203
b*mA,debt_gdp_mA_hat,.1240298807645554,3.6877823,1433,1232,201
b*mA,debt_gdp_mA_hat,.1241353879875441,3.6877856,1433,1233,200
b*mA,debt_gdp_mA_hat,.1248352332566302,3.6878068,1433,1233,200
b*mA,debt_gdp_mA_hat,.1253288732150208,3.6878221,1433,1235,198
b*mA,debt_gdp_mA_hat,.1265484189342577,3.6878598,1433,1236,197
b*mA,debt_gdp_mA_hat,.1267409831229383,3.6878653,1433,1237,196
b*mA,debt_gdp_mA_hat,.1269675849519043,3.6878717,1433,1237,196
b*mA,debt_gdp_mA_hat,.1276753594882765,3.687892,1433,1238,195
b*mA,debt_gdp_mA_hat,.1284068734829096,3.6879127,1433,1239,194
b*mA,debt_gdp_mA_hat,.1285089117915609,3.6879156,1433,1240,193
b*mA,debt_gdp_mA_hat,.1291687753891173,3.6879349,1433,1241,192
b*mA,debt_gdp_mA_hat,.1292596275764287,3.6879373,1433,1243,190
b*mA,debt_gdp_mA_hat,.1297581779443384,3.6879516,1433,1244,189
b*mA,debt_gdp_mA_hat,.1300629987947404,3.6879601,1433,1244,189
b*mA,debt_gdp_mA_hat,.1304922554463974,3.6879721,1433,1245,188
b*mA,debt_gdp_mA_hat,.1307423640390002,3.687979,1433,1246,187
b*mA,debt_gdp_mA_hat,.1307438545944952,3.687979,1433,1247,186
b*mA,debt_gdp_mA_hat,.1308466463145675,3.6879821,1433,1248,185
b*mA,debt_gdp_mA_hat,.1313026197356964,3.6879959,1433,1250,183
b*mA,debt_gdp_mA_hat,.1316600701975586,3.6880066,1433,1251,182
b*mA,debt_gdp_mA_hat,.1324959326567508,3.6880262,1433,1251,182
b*mA,debt_gdp_mA_hat,.1325339792197632,3.6880271,1433,1253,180
b*mA,debt_gdp_mA_hat,.133734186271647,3.6880531,1433,1254,179
b*mA,debt_gdp_mA_hat,.1342272144119737,3.6880636,1433,1255,178
b*mA,debt_gdp_mA_hat,.1350838961357239,3.6880829,1433,1256,177
b*mA,debt_gdp_mA_hat,.1364580896770244,3.6881125,1433,1257,176
b*mA,debt_gdp_mA_hat,.1365678422167897,3.6881149,1433,1257,176
b*mA,debt_gdp_mA_hat,.1368148848420649,3.688122,1433,1258,175
b*mA,debt_gdp_mA_hat,.138133385122166,3.6881597,1433,1259,174
b*mA,debt_gdp_mA_hat,.1390504530876839,3.688185,1433,1261,172
b*mA,debt_gdp_mA_hat,.1393868792718632,3.6881943,1433,1262,171
b*mA,debt_gdp_mA_hat,.1397700990940835,3.6882043,1433,1263,170
b*mA,debt_gdp_mA_hat,.14031862541959,3.6882184,1433,1263,170
b*mA,debt_gdp_mA_hat,.1405482536810123,3.6882241,1433,1265,168
b*mA,debt_gdp_mA_hat,.1414189838574,3.6882458,1433,1266,167
b*mA,debt_gdp_mA_hat,.1417483839644617,3.6882539,1433,1267,166
b*mA,debt_gdp_mA_hat,.1421326186177201,3.6882632,1433,1268,165
b*mA,debt_gdp_mA_hat,.1429554615491072,3.6882823,1433,1269,164
b*mA,debt_gdp_mA_hat,.1436630389916402,3.6882985,1433,1270,163
b*mA,debt_gdp_mA_hat,.1440895946465411,3.688308,1433,1270,163
b*mA,debt_gdp_mA_hat,.1449502514066145,3.6883268,1433,1272,161
b*mA,debt_gdp_mA_hat,.1450642665772612,3.6883297,1433,1272,161
b*mA,debt_gdp_mA_hat,.1452431389909858,3.6883337,1433,1274,159
b*mA,debt_gdp_mA_hat,.1455046124949444,3.6883392,1433,1274,159
b*mA,debt_gdp_mA_hat,.1468148193603578,3.688365,1433,1276,157
b*mA,debt_gdp_mA_hat,.1471079330900239,3.6883717,1433,1276,157
b*mA,debt_gdp_mA_hat,.1481898371957421,3.6883965,1433,1277,156
b*mA,debt_gdp_mA_hat,.1482522789519045,3.6883979,1433,1279,154
b*mA,debt_gdp_mA_hat,.1483774225011756,3.6884005,1433,1280,153
b*mA,debt_gdp_mA_hat,.14865129156815,3.6884058,1433,1281,152
b*mA,debt_gdp_mA_hat,.1495273401552941,3.6884224,1433,1281,152
b*mA,debt_gdp_mA_hat,.1517229315238553,3.6884623,1433,1283,150
b*mA,debt_gdp_mA_hat,.1519844207479679,3.6884682,1433,1284,149
b*mA,debt_gdp_mA_hat,.1529721520633677,3.6884906,1433,1284,149
b*mA,debt_gdp_mA_hat,.1532928528393881,3.688498,1433,1286,147
b*mA,debt_gdp_mA_hat,.1536355702606909,3.6885054,1433,1286,147
b*mA,debt_gdp_mA_hat,.1546439555838621,3.6885266,1433,1288,145
b*mA,debt_gdp_mA_hat,.155068319297774,3.6885352,1433,1289,144
mA,mA_hat,.0259073585491816,3.6702797,1433,145,1288
mA,mA_hat,.0259990952846166,3.6702836,1433,146,1287
mA,mA_hat,.0260592927860213,3.6702859,1433,146,1287
mA,mA_hat,.0260972145171016,3.6702874,1433,148,1285
mA,mA_hat,.0263404803015393,3.6702971,1433,149,1284
mA,mA_hat,.0263803568643198,3.6702988,1433,149,1284
mA,mA_hat,.0267685182708772,3.6703124,1433,150,1283
mA,mA_hat,.0268743361482277,3.6703162,1433,151,1282
mA,mA_hat,.0269186919780764,3.6703179,1433,152,1281
mA,mA_hat,.027058951782443,3.6703234,1433,154,1279
mA,mA_hat,.0272188625086942,3.6703303,1433,155,1278
mA,mA_hat,.0273120109433934,3.6703343,1433,156,1277
mA,mA_hat,.0275242486558677,3.6703439,1433,157,1276
mA,mA_hat,.0278078353118766,3.6703525,1433,158,1275
mA,mA_hat,.0278320755654775,3.6703534,1433,158,1275
mA,mA_hat,.0279903838632553,3.6703603,1433,159,1274
mA,mA_hat,.0283624480647595,3.6703753,1433,160,1273
mA,mA_hat,.0285650781109908,3.6703782,1433,161,1272
mA,mA_hat,.0288341655579227,3.670382,1433,163,1270
mA,mA_hat,.0290870210148174,3.6703851,1433,164,1269
mA,mA_hat,.0291741804929303,3.6703854,1433,164,1269
mA,mA_hat,.0293344590049465,3.6703844,1433,165,1268
mA,mA_hat,.0294237426829658,3.6703839,1433,167,1266
mA,mA_hat,.0295208972703905,3.6703835,1433,168,1265
mA,mA_hat,.0295597866613711,3.6703832,1433,168,1265
mA,mA_hat,.0296334633018414,3.670382,1433,170,1263
mA,mA_hat,.0296975184050854,3.6703815,1433,171,1262
mA,mA_hat,.0297580447352152,3.6703808,1433,171,1262
mA,mA_hat,.0301897971505475,3.6703749,1433,172,1261
mA,mA_hat,.0301961046433162,3.6703746,1433,173,1260
mA,mA_hat,.0304234643692495,3.6703718,1433,174,1259
mA,mA_hat,.0305185864338828,3.6703706,1433,176,1257
mA,mA_hat,.0306319724302325,3.6703689,1433,177,1256
mA,mA_hat,.0307594968786186,3.670367,1433,178,1255
mA,mA_hat,.0309014082665497,3.6703649,1433,179,1254
mA,mA_hat,.0311389860834878,3.6703591,1433,179,1254
mA,mA_hat,.0311544282611819,3.6703594,1433,181,1252
mA,mA_hat,.0313241212064726,3.6703601,1433,181,1252
mA,mA_hat,.0313988846077869,3.6703613,1433,182,1251
mA,mA_hat,.0314769036118268,3.6703632,1433,183,1250
mA,mA_hat,.0315886316406266,3.6703665,1433,185,1248
mA,mA_hat,.0317875662702113,3.670372,1433,186,1247
mA,mA_hat,.0319442217700928,3.6703773,1433,187,1246
mA,mA_hat,.0320665859729444,3.6703813,1433,187,1246
mA,mA_hat,.0320819257005641,3.6703818,1433,189,1244
mA,mA_hat,.0321058155757703,3.6703827,1433,190,1243
mA,mA_hat,.0322084452288167,3.6703866,1433,190,1243
mA,mA_hat,.0322154454483029,3.6703868,1433,191,1242
mA,mA_hat,.0323631047871672,3.670392,1433,193,1240
mA,mA_hat,.0325073351622349,3.670399,1433,193,1240
mA,mA_hat,.0327871261118577,3.6704128,1433,194,1239
mA,mA_hat,.0331260944003941,3.6704297,1433,196,1237
mA,mA_hat,.0332163401150256,3.6704335,1433,196,1237
mA,mA_hat,.0332472220324179,3.670435,1433,198,1235
mA,mA_hat,.0334674689230202,3.6704454,1433,199,1234
mA,mA_hat,.0334807001909867,3.6704459,1433,199,1234
mA,mA_hat,.033542384114609,3.6704481,1433,200,1233
mA,mA_hat,.0336141206218469,3.6704504,1433,202,1231
mA,mA_hat,.0336993056273505,3.6704531,1433,203,1230
mA,mA_hat,.0340655818745502,3.6704741,1433,203,1230
mA,mA_hat,.034093996995449,3.6704755,1433,204,1229
mA,mA_hat,.0340949097919997,3.6704755,1433,206,1227
mA,mA_hat,.0341249904092507,3.6704769,1433,207,1226
mA,mA_hat,.0344474274678376,3.6704903,1433,208,1225
mA,mA_hat,.0346024708285939,3.6704972,1433,209,1224
mA,mA_hat,.0346836376715493,3.6705022,1433,210,1223
mA,mA_hat,.0350846949611961,3.6705263,1433,210,1223
mA,mA_hat,.035143237912336,3.6705301,1433,212,1221
mA,mA_hat,.0351913162474263,3.6705334,1433,212,1221
mA,mA_hat,.0352430637235956,3.6705368,1433,214,1219
mA,mA_hat,.0353594966963607,3.6705444,1433,215,1218
mA,mA_hat,.0353939093432703,3.6705465,1433,216,1217
mA,mA_hat,.0354693025481565,3.6705515,1433,217,1216
mA,mA_hat,.0354895104529952,3.6705525,1433,217,1216
mA,mA_hat,.035536675074317,3.6705549,1433,218,1215
mA,mA_hat,.0358032776918301,3.6705668,1433,219,1214
mA,mA_hat,.0359468350853271,3.6705739,1433,220,1213
mA,mA_hat,.0361886667417259,3.6705863,1433,221,1212
mA,mA_hat,.0361929486929679,3.6705863,1433,222,1211
mA,mA_hat,.0362592574819661,3.6705899,1433,224,1209
mA,mA_hat,.0362638577982946,3.6705902,1433,225,1208
mA,mA_hat,.0363512970623395,3.6705954,1433,225,1208
mA,mA_hat,.0364647520496263,3.6706023,1433,227,1206
mA,mA_hat,.0365111992405298,3.6706054,1433,228,1205
mA,mA_hat,.0365539837595232,3.670608,1433,229,1204
mA,mA_hat,.0366673392023407,3.6706152,1433,230,1203
mA,mA_hat,.0367231236720206,3.670619,1433,230,1203
mA,mA_hat,.036745465907251,3.6706204,1433,231,1202
mA,mA_hat,.0368610362793423,3.6706281,1433,232,1201
mA,mA_hat,.036864231121547,3.6706283,1433,234,1199
mA,mA_hat,.0370981009803096,3.6706398,1433,234,1199
mA,mA_hat,.0371061740157316,3.67064,1433,236,1197
mA,mA_hat,.0371586415062779,3.6706426,1433,236,1197
mA,mA_hat,.0372152514789172,3.6706457,1433,238,1195
mA,mA_hat,.0372264796015032,3.6706464,1433,239,1194
mA,mA_hat,.0372606237246994,3.6706481,1433,239,1194
mA,mA_hat,.037705361468586,3.6706729,1433,241,1192
mA,mA_hat,.0377343149132861,3.670675,1433,241,1192
mA,mA_hat,.0378624378693799,3.6706851,1433,243,1190
mA,mA_hat,.0378820403033495,3.6706865,1433,244,1189
mA,mA_hat,.0378901408675662,3.670687,1433,244,1189
mA,mA_hat,.037932173008404,3.6706901,1433,246,1187
mA,mA_hat,.0379612139773548,3.6706924,1433,247,1186
mA,mA_hat,.0379637948310021,3.6706924,1433,247,1186
mA,mA_hat,.0379747485594687,3.6706932,1433,249,1184
mA,mA_hat,.038046840358764,3.6706984,1433,250,1183
mA,mA_hat,.0381087895952273,3.6707027,1433,251,1182
mA,mA_hat,.0381142350163333,3.6707032,1433,252,1181
mA,mA_hat,.0381709324470735,3.6707072,1433,253,1180
mA,mA_hat,.0381893160651611,3.6707084,1433,253,1180
mA,mA_hat,.0382382541395943,3.6707115,1433,255,1178
mA,mA_hat,.0382717377916045,3.6707137,1433,256,1177
mA,mA_hat,.0383557414866494,3.6707227,1433,256,1177
mA,mA_hat,.0383561286485384,3.670723,1433,257,1176
mA,mA_hat,.0383585297337526,3.6707232,1433,259,1174
mA,mA_hat,.0383777795609391,3.6707256,1433,259,1174
mA,mA_hat,.0384226220589848,3.6707313,1433,260,1173
mA,mA_hat,.0384231409030545,3.6707313,1433,261,1172
mA,mA_hat,.0384366615637382,3.6707332,1433,263,1170
mA,mA_hat,.0385720468801697,3.6707518,1433,264,1169
mA,mA_hat,.0386388427670128,3.6707609,1433,265,1168
mA,mA_hat,.0386698963087977,3.6707652,1433,266,1167
mA,mA_hat,.0386922707100206,3.6707683,1433,267,1166
mA,mA_hat,.0387112523217833,3.6707709,1433,268,1165
mA,mA_hat,.0387209491304973,3.6707723,1433,268,1165
mA,mA_hat,.0387853635179959,3.6707816,1433,269,1164
mA,mA_hat,.0388272772643201,3.6707876,1433,270,1163
mA,mA_hat,.0389117014749734,3.6708,1433,271,1162
mA,mA_hat,.0393070510477756,3.6708584,1433,273,1160
mA,mA_hat,.0393130912709022,3.6708591,1433,274,1159
mA,mA_hat,.0395629866005409,3.6708977,1433,274,1159
mA,mA_hat,.039662940339624,3.6709132,1433,275,1158
mA,mA_hat,.0398244160827696,3.6709383,1433,277,1156
mA,mA_hat,.0398489777166255,3.6709421,1433,277,1156
mA,mA_hat,.0399017188942859,3.6709504,1433,279,1154
mA,mA_hat,.0399643057760449,3.6709604,1433,279,1154
mA,mA_hat,.0399927462794143,3.6709652,1433,280,1153
mA,mA_hat,.040029095786274,3.6709712,1433,281,1152
mA,mA_hat,.0403853456654999,3.6710341,1433,283,1150
mA,mA_hat,.0404689494665599,3.6710489,1433,284,1149
mA,mA_hat,.0404720816231592,3.6710494,1433,284,1149
mA,mA_hat,.0404992761484402,3.6710541,1433,285,1148
mA,mA_hat,.0407226381809393,3.6710932,1433,286,1147
mA,mA_hat,.0407499134463498,3.6710978,1433,288,1145
mA,mA_hat,.0408416026493004,3.671113,1433,289,1144
mA,mA_hat,.0408520496965063,3.6711149,1433,290,1143
mA,mA_hat,.0408847554161609,3.6711202,1433,290,1143
mA,mA_hat,.0409642727687091,3.6711333,1433,291,1142
mA,mA_hat,.0410202988383234,3.6711419,1433,293,1140
mA,mA_hat,.0410831439035826,3.6711514,1433,294,1139
mA,mA_hat,.0412210449134581,3.6711719,1433,294,1139
mA,mA_hat,.0413897568648928,3.6711977,1433,296,1137
mA,mA_hat,.0415118320780035,3.6712165,1433,297,1136
mA,mA_hat,.0417610452707293,3.6712511,1433,298,1135
mA,mA_hat,.0419732766393025,3.6712809,1433,299,1134
mA,mA_hat,.0420091566347938,3.6712861,1433,300,1133
mA,mA_hat,.0420862539758591,3.6712971,1433,300,1133
mA,mA_hat,.0421035010161788,3.6712995,1433,301,1132
mA,mA_hat,.0421629488395298,3.671308,1433,303,1130
mA,mA_hat,.042307762347168,3.6713285,1433,304,1129
mA,mA_hat,.04232617980152,3.6713314,1433,304,1129
mA,mA_hat,.0424995709493793,3.6713569,1433,306,1127
mA,mA_hat,.0425303161782689,3.6713612,1433,307,1126
mA,mA_hat,.0426155132251635,3.6713729,1433,308,1125
mA,mA_hat,.0426951735379408,3.6713841,1433,309,1124
mA,mA_hat,.042698134954908,3.6713846,1433,309,1124
mA,mA_hat,.0428220932974302,3.6714025,1433,310,1123
mA,mA_hat,.0428383346455446,3.6714046,1433,312,1121
mA,mA_hat,.0428814841598453,3.6714106,1433,313,1120
mA,mA_hat,.0429265942455583,3.6714165,1433,313,1120
mA,mA_hat,.0432486888703331,3.6714597,1433,314,1119
mA,mA_hat,.0433026719981399,3.6714673,1433,316,1117
mA,mA_hat,.0433278661257781,3.6714706,1433,317,1116
mA,mA_hat,.0433359676674702,3.6714718,1433,317,1116
mA,mA_hat,.0434500828507573,3.6714873,1433,319,1114
mA,mA_hat,.043529737487586,3.671499,1433,320,1113
mA,mA_hat,.0437235547725807,3.6715276,1433,321,1112
mA,mA_hat,.0437367462267058,3.6715295,1433,322,1111
mA,mA_hat,.0438871674079076,3.671555,1433,322,1111
mA,mA_hat,.0439399038655556,3.6715648,1433,324,1109
mA,mA_hat,.0440031778875223,3.6715765,1433,325,1108
mA,mA_hat,.0440127599711155,3.6715784,1433,325,1108
mA,mA_hat,.0445810841416472,3.6716814,1433,326,1107
mA,mA_hat,.0446097770970478,3.6716869,1433,327,1106
mA,mA_hat,.044730914308569,3.6717093,1433,328,1105
mA,mA_hat,.0447351513223873,3.67171,1433,330,1103
mA,mA_hat,.0448013266286723,3.6717227,1433,331,1102
mA,mA_hat,.0448168783601441,3.6717255,1433,331,1102
mA,mA_hat,.0449083515215844,3.6717427,1433,333,1100
mA,mA_hat,.0451433429037072,3.6717868,1433,334,1099
mA,mA_hat,.045146350941989,3.6717873,1433,335,1098
mA,mA_hat,.0452567799728311,3.6718078,1433,336,1097
mA,mA_hat,.0452709108417258,3.6718106,1433,337,1096
mA,mA_hat,.0453346554536709,3.6718228,1433,337,1096
mA,mA_hat,.0454858470568887,3.6718507,1433,339,1094
mA,mA_hat,.0455974256627301,3.6718721,1433,340,1093
mA,mA_hat,.0458939969215355,3.671922,1433,340,1093
mA,mA_hat,.0462288381509272,3.6719782,1433,341,1092
mA,mA_hat,.046296956082822,3.6719897,1433,342,1091
mA,mA_hat,.0463417683023373,3.6719968,1433,343,1090
mA,mA_hat,.0463420046971158,3.6719968,1433,345,1088
mA,mA_hat,.0463682293670273,3.6720011,1433,346,1087
mA,mA_hat,.046427319294697,3.6720111,1433,347,1086
mA,mA_hat,.0464840235418818,3.6720204,1433,348,1085
mA,mA_hat,.0465783264764532,3.6720362,1433,349,1084
mA,mA_hat,.0467752379919277,3.6720691,1433,349,1084
mA,mA_hat,.0468569806233375,3.6720827,1433,350,1083
mA,mA_hat,.0468777642041498,3.672086,1433,351,1082
mA,mA_hat,.0469937146908551,3.6721056,1433,352,1081
mA,mA_hat,.0470120095801159,3.6721087,1433,353,1080
mA,mA_hat,.0471203679607215,3.6721253,1433,354,1079
mA,mA_hat,.0471203997936447,3.6721253,1433,356,1077
mA,mA_hat,.0471924155942787,3.6721365,1433,357,1076
mA,mA_hat,.0471929685502566,3.6721365,1433,358,1075
mA,mA_hat,.0471936222594743,3.6721368,1433,358,1075
mA,mA_hat,.047340926884688,3.6721618,1433,359,1074
mA,mA_hat,.0473453875971195,3.6721625,1433,360,1073
mA,mA_hat,.0473924963442058,3.6721704,1433,362,1071
mA,mA_hat,.0475128926150461,3.6721914,1433,363,1070
mA,mA_hat,.047541676881473,3.6721964,1433,364,1069
mA,mA_hat,.0475679268639926,3.6722012,1433,364,1069
mA,mA_hat,.0476029796954212,3.6722074,1433,366,1067
mA,mA_hat,.0476495206496548,3.6722157,1433,366,1067
mA,mA_hat,.0476771169618137,3.6722205,1433,367,1066
mA,mA_hat,.0477175942907885,3.6722279,1433,369,1064
mA,mA_hat,.0479287074610765,3.6722655,1433,369,1064
mA,mA_hat,.0479478467411205,3.6722691,1433,370,1063
mA,mA_hat,.0480022110518881,3.6722791,1433,372,1061
mA,mA_hat,.0480923729119546,3.6722958,1433,373,1060
mA,mA_hat,.0482287229667942,3.6723194,1433,373,1060
mA,mA_hat,.0482296462831631,3.6723194,1433,374,1059
mA,mA_hat,.0483089316150581,3.6723328,1433,375,1058
mA,mA_hat,.0483235715399298,3.6723351,1433,376,1057
mA,mA_hat,.0483369417547688,3.6723373,1433,377,1056
mA,mA_hat,.0483394201043971,3.6723378,1433,379,1054
mA,mA_hat,.0484292128404036,3.6723533,1433,379,1054
mA,mA_hat,.0486406153517386,3.6723895,1433,381,1052
mA,mA_hat,.0488219231018085,3.6724205,1433,381,1052
mA,mA_hat,.0488451836327929,3.6724246,1433,382,1051
mA,mA_hat,.0489758559193213,3.6724472,1433,384,1049
mA,mA_hat,.0490385861476068,3.6724582,1433,384,1049
mA,mA_hat,.0491949051227831,3.672488,1433,386,1047
mA,mA_hat,.0492077744188654,3.6724904,1433,386,1047
mA,mA_hat,.0492679275572747,3.672502,1433,388,1045
mA,mA_hat,.0494974286394657,3.6725459,1433,389,1044
mA,mA_hat,.0497862069395356,3.6726,1433,389,1044
mA,mA_hat,.0498688118598378,3.672616,1433,390,1043
mA,mA_hat,.0499556897713414,3.6726325,1433,392,1041
mA,mA_hat,.0503089024834081,3.6726992,1433,393,1040
mA,mA_hat,.0504724535944357,3.6727309,1433,393,1040
mA,mA_hat,.0505164852940333,3.6727393,1433,395,1038
mA,mA_hat,.0505311772931432,3.6727421,1433,395,1038
mA,mA_hat,.0506144909552539,3.6727583,1433,397,1036
mA,mA_hat,.0506957333036727,3.6727741,1433,397,1036
mA,mA_hat,.05079472763731,3.6727927,1433,399,1034
mA,mA_hat,.0508751453029556,3.6728077,1433,399,1034
mA,mA_hat,.0508752556850175,3.6728077,1433,401,1032
mA,mA_hat,.0508828428125977,3.6728091,1433,401,1032
mA,mA_hat,.0509355622947377,3.6728194,1433,402,1031
mA,mA_hat,.051000892814788,3.6728318,1433,403,1030
mA,mA_hat,.0510323295354888,3.6728377,1433,404,1029
mA,mA_hat,.051047977846667,3.6728406,1433,406,1027
mA,mA_hat,.0510708702158671,3.6728451,1433,407,1026
mA,mA_hat,.0511660715735081,3.6728642,1433,407,1026
mA,mA_hat,.051178663551267,3.6728666,1433,408,1025
mA,mA_hat,.0512214384408527,3.6728749,1433,409,1024
mA,mA_hat,.0513059893514463,3.6728911,1433,410,1023
mA,mA_hat,.0513063566854235,3.6728914,1433,412,1021
mA,mA_hat,.0513287627825497,3.6728954,1433,413,1020
mA,mA_hat,.0513832499546621,3.6729057,1433,414,1019
mA,mA_hat,.0514000621916698,3.6729088,1433,415,1018
mA,mA_hat,.0514035164308725,3.6729095,1433,416,1017
mA,mA_hat,.0515078783515444,3.672929,1433,416,1017
mA,mA_hat,.0515175751051332,3.6729307,1433,417,1016
mA,mA_hat,.0516411121919506,3.6729534,1433,418,1015
mA,mA_hat,.0516510873147572,3.6729553,1433,419,1014
mA,mA_hat,.051678518227706,3.6729605,1433,421,1012
mA,mA_hat,.0516916173900796,3.6729629,1433,421,1012
mA,mA_hat,.051701826851669,3.6729648,1433,422,1011
mA,mA_hat,.0517062177899109,3.6729655,1433,423,1010
mA,mA_hat,.0517138561800114,3.672967,1433,425,1008
mA,mA_hat,.0519524143623649,3.6730134,1433,426,1007
mA,mA_hat,.0519547703325784,3.6730139,1433,426,1007
mA,mA_hat,.0519610234019049,3.6730151,1433,428,1005
mA,mA_hat,.0520708970861764,3.6730366,1433,428,1005
mA,mA_hat,.052104358686393,3.673043,1433,430,1003
mA,mA_hat,.0521732559533178,3.6730568,1433,431,1002
mA,mA_hat,.0522012369957856,3.6730623,1433,432,1001
mA,mA_hat,.0522062639104036,3.6730633,1433,433,1000
mA,mA_hat,.0522405661216888,3.6730695,1433,434,999
mA,mA_hat,.0522590202223119,3.6730731,1433,434,999
mA,mA_hat,.0522752390955944,3.6730762,1433,436,997
mA,mA_hat,.052308403894399,3.6730824,1433,437,996
mA,mA_hat,.0523762051049354,3.6730945,1433,437,996
mA,mA_hat,.052579836665729,3.6731315,1433,438,995
mA,mA_hat,.052868982468209,3.6731844,1433,439,994
mA,mA_hat,.0528723168230587,3.6731849,1433,441,992
mA,mA_hat,.053043613675388,3.6732163,1433,441,992
mA,mA_hat,.0531434628406534,3.6732349,1433,442,991
mA,mA_hat,.0532410219051933,3.6732531,1433,444,989
mA,mA_hat,.0535699073243504,3.6733136,1433,444,989
mA,mA_hat,.0535948493710687,3.6733181,1433,446,987
mA,mA_hat,.0536299720403079,3.6733248,1433,446,987
mA,mA_hat,.0537806475769181,3.6733532,1433,448,985
mA,mA_hat,.0538650667418705,3.6733692,1433,448,985
mA,mA_hat,.0539044685849131,3.6733766,1433,449,984
mA,mA_hat,.0539188573107015,3.6733792,1433,451,982
mA,mA_hat,.0540078702833447,3.6733975,1433,452,981
mA,mA_hat,.0542022383299082,3.6734345,1433,453,980
mA,mA_hat,.0542632276842611,3.6734462,1433,454,979
mA,mA_hat,.0543087454671178,3.6734548,1433,454,979
mA,mA_hat,.0543830365297585,3.6734688,1433,456,977
mA,mA_hat,.0544436486039006,3.67348,1433,457,976
mA,mA_hat,.0545453418432585,3.6734977,1433,457,976
mA,mA_hat,.0546052902088102,3.6735082,1433,459,974
mA,mA_hat,.0547080869489997,3.6735258,1433,460,973
mA,mA_hat,.0547305860107035,3.6735299,1433,460,973
mA,mA_hat,.0547588579351186,3.6735349,1433,462,971
mA,mA_hat,.0547677609982154,3.6735365,1433,463,970
mA,mA_hat,.0547735475314283,3.6735375,1433,463,970
mA,mA_hat,.0548062571470077,3.6735439,1433,464,969
mA,mA_hat,.0548750019254683,3.6735573,1433,466,967
mA,mA_hat,.0549130790782147,3.6735649,1433,466,967
mA,mA_hat,.0549536665560825,3.673573,1433,467,966
mA,mA_hat,.0549848366706217,3.6735792,1433,469,964
mA,mA_hat,.0549972161127806,3.6735818,1433,470,963
mA,mA_hat,.0551338894808943,3.6736112,1433,470,963
mA,mA_hat,.0552966309604634,3.6736453,1433,472,961
mA,mA_hat,.055308075775838,3.6736479,1433,472,961
mA,mA_hat,.0553369663883418,3.6736538,1433,474,959
mA,mA_hat,.0553458183046429,3.6736557,1433,474,959
mA,mA_hat,.0556345602056788,3.6737173,1433,476,957
mA,mA_hat,.0556539255921592,3.6737213,1433,477,956
mA,mA_hat,.0560201790747624,3.6737974,1433,478,955
mA,mA_hat,.0561259335823775,3.6738179,1433,479,954
mA,mA_hat,.0562580529467943,3.6738439,1433,480,953
mA,mA_hat,.0563072168984231,3.6738544,1433,481,952
mA,mA_hat,.0564348248069565,3.6738818,1433,481,952
mA,mA_hat,.0565669433732271,3.6739106,1433,482,951
mA,mA_hat,.0566158224074353,3.6739213,1433,484,949
mA,mA_hat,.0566478838217358,3.6739283,1433,485,948
mA,mA_hat,.0566813382050802,3.6739354,1433,486,947
mA,mA_hat,.0567426315079447,3.6739485,1433,487,946
mA,mA_hat,.0570340153037566,3.6740112,1433,487,946
mA,mA_hat,.0570698746782497,3.6740189,1433,489,944
mA,mA_hat,.057170051822389,3.6740406,1433,490,943
mA,mA_hat,.0575239713313219,3.6741173,1433,490,943
mA,mA_hat,.0575371939791537,3.6741207,1433,492,941
mA,mA_hat,.057620142080831,3.6741405,1433,492,941
mA,mA_hat,.0576625831797872,3.6741507,1433,493,940
mA,mA_hat,.0577076240317261,3.6741617,1433,495,938
mA,mA_hat,.0577603525098462,3.6741745,1433,496,937
mA,mA_hat,.0578058366545677,3.6741855,1433,497,936
mA,mA_hat,.0578422778648001,3.6741946,1433,498,935
mA,mA_hat,.057931721239111,3.6742167,1433,499,934
mA,mA_hat,.057962879554113,3.6742249,1433,499,934
mA,mA_hat,.0579859502895932,3.6742303,1433,500,933
mA,mA_hat,.0580533484207953,3.6742473,1433,501,932
mA,mA_hat,.0580969170402352,3.674258,1433,503,930
mA,mA_hat,.0581872956202142,3.6742806,1433,504,929
mA,mA_hat,.0582069934368769,3.6742857,1433,505,928
mA,mA_hat,.0582788606064566,3.6743038,1433,505,928
mA,mA_hat,.0583268466022765,3.6743164,1433,507,926
mA,mA_hat,.0583790319541221,3.6743298,1433,508,925
mA,mA_hat,.0583808617790545,3.6743302,1433,508,925
mA,mA_hat,.0584025392097809,3.6743357,1433,510,923
mA,mA_hat,.0584467882419201,3.6743469,1433,511,922
mA,mA_hat,.0585283644413501,3.6743681,1433,512,921
mA,mA_hat,.0585423339487286,3.6743717,1433,513,920
mA,mA_hat,.0586277993779891,3.6743929,1433,514,919
mA,mA_hat,.0586350036194712,3.6743948,1433,514,919
mA,mA_hat,.0587154186632224,3.6744144,1433,515,918
mA,mA_hat,.0587365011029405,3.6744196,1433,516,917
mA,mA_hat,.0588291551996595,3.6744423,1433,517,916
mA,mA_hat,.0588748737190174,3.6744535,1433,519,914
mA,mA_hat,.0589948305707108,3.674484,1433,519,914
mA,mA_hat,.0590350729723221,3.674494,1433,521,912
mA,mA_hat,.0591631816472675,3.6745257,1433,521,912
mA,mA_hat,.0591824359444961,3.6745305,1433,522,911
mA,mA_hat,.059240004172928,3.6745448,1433,523,910
mA,mA_hat,.0592829049858605,3.6745555,1433,524,909
mA,mA_hat,.0593344917232068,3.6745684,1433,526,907
mA,mA_hat,.0593393970972704,3.6745696,1433,527,906
mA,mA_hat,.0594585634431377,3.674598,1433,527,906
mA,mA_hat,.0596062640862883,3.6746333,1433,528,905
mA,mA_hat,.0596461803423986,3.674643,1433,530,903
mA,mA_hat,.0598080843385023,3.6746829,1433,530,903
mA,mA_hat,.0598936328107742,3.6747036,1433,531,902
mA,mA_hat,.0599550364762642,3.6747186,1433,532,901
mA,mA_hat,.0600839853317396,3.6747499,1433,534,899
mA,mA_hat,.0603018183631366,3.6748028,1433,534,899
mA,mA_hat,.0604250463655975,3.6748323,1433,535,898
mA,mA_hat,.0604605742968145,3.6748409,1433,536,897
mA,mA_hat,.0604622024301734,3.6748412,1433,537,896
mA,mA_hat,.0605573799885311,3.6748641,1433,539,894
mA,mA_hat,.0606739553958657,3.6748917,1433,540,893
mA,mA_hat,.0607775746620646,3.6749165,1433,541,892
mA,mA_hat,.0607786484312245,3.6749167,1433,542,891
mA,mA_hat,.0608200638290202,3.6749272,1433,543,890
mA,mA_hat,.0608514852933239,3.6749351,1433,544,889
mA,mA_hat,.0609333867060412,3.6749561,1433,544,889
mA,mA_hat,.0609925456390817,3.6749706,1433,546,887
mA,mA_hat,.0610719348572701,3.6749902,1433,547,886
mA,mA_hat,.0612972205684492,3.6750457,1433,547,886
mA,mA_hat,.0613328220864863,3.6750546,1433,549,884
mA,mA_hat,.061340208452759,3.6750562,1433,550,883
mA,mA_hat,.0615195242175965,3.6750996,1433,550,883
mA,mA_hat,.0615355991076295,3.6751034,1433,551,882
mA,mA_hat,.0617249791279031,3.6751485,1433,552,881
mA,mA_hat,.061773438349948,3.6751599,1433,553,880
mA,mA_hat,.06193823928419,3.6751978,1433,554,879
mA,mA_hat,.0619475166322465,3.6752,1433,556,877
mA,mA_hat,.0620010385126827,3.6752121,1433,557,876
mA,mA_hat,.0620380920819957,3.6752205,1433,558,875
mA,mA_hat,.0620506524418279,3.6752234,1433,558,875
mA,mA_hat,.0621459309311836,3.6752441,1433,559,874
mA,mA_hat,.0621494486238117,3.6752448,1433,560,873
mA,mA_hat,.0622752027180024,3.6752717,1433,561,872
mA,mA_hat,.0623170039532538,3.6752806,1433,562,871
mA,mA_hat,.0623773993928116,3.6752932,1433,564,869
mA,mA_hat,.0623799486256535,3.6752939,1433,565,868
mA,mA_hat,.06247528833011,3.6753139,1433,565,868
mA,mA_hat,.0624942748682747,3.675318,1433,567,866
mA,mA_hat,.062519185855056,3.6753232,1433,567,866
mA,mA_hat,.0626658487273146,3.6753566,1433,568,865
mA,mA_hat,.062751218739548,3.6753759,1433,570,863
mA,mA_hat,.0628150984072247,3.6753912,1433,571,862
mA,mA_hat,.0628203100973167,3.6753924,1433,572,861
mA,mA_hat,.0628485409534209,3.6753991,1433,572,861
mA,mA_hat,.0628897723939106,3.6754091,1433,574,859
mA,mA_hat,.0631283787471906,3.6754701,1433,575,858
mA,mA_hat,.0632537139341534,3.6755021,1433,575,858
mA,mA_hat,.0633325155256662,3.6755221,1433,577,856
mA,mA_hat,.063361623545787,3.6755295,1433,578,855
mA,mA_hat,.0634191615074322,3.675544,1433,579,854
mA,mA_hat,.0634335966563868,3.6755478,1433,580,853
mA,mA_hat,.0634931691597778,3.6755626,1433,581,852
mA,mA_hat,.0635364791506793,3.6755733,1433,581,852
mA,mA_hat,.063699131363028,3.6756132,1433,582,851
mA,mA_hat,.0637167185025833,3.6756175,1433,583,850
mA,mA_hat,.0637309474427694,3.675621,1433,584,849
mA,mA_hat,.0638116016318228,3.6756411,1433,585,848
mA,mA_hat,.0638549996437233,3.6756518,1433,587,846
mA,mA_hat,.0638919319062433,3.6756611,1433,587,846
mA,mA_hat,.0639224663075604,3.6756687,1433,589,844
mA,mA_hat,.0639361347874549,3.6756721,1433,590,843
mA,mA_hat,.0639746163003998,3.6756816,1433,591,842
mA,mA_hat,.0639778904624254,3.6756825,1433,592,841
mA,mA_hat,.0640878193865951,3.6757095,1433,593,840
mA,mA_hat,.06409683657157,3.6757116,1433,594,839
mA,mA_hat,.0641287560135457,3.6757193,1433,595,838
mA,mA_hat,.0642108728647433,3.6757388,1433,596,837
mA,mA_hat,.0642778123050997,3.6757548,1433,597,836
mA,mA_hat,.0644645331426827,3.6757987,1433,598,835
mA,mA_hat,.0646920210433007,3.675853,1433,599,834
mA,mA_hat,.064716988032985,3.675859,1433,600,833
mA,mA_hat,.0649134610730948,3.6759059,1433,601,832
mA,mA_hat,.0650564958765716,3.6759405,1433,601,832
mA,mA_hat,.0651696874324261,3.6759677,1433,603,830
mA,mA_hat,.0651768332321913,3.6759694,1433,603,830
mA,mA_hat,.0652730753742757,3.6759911,1433,605,828
mA,mA_hat,.0653178727908147,3.6760013,1433,606,827
mA,mA_hat,.0654137588731604,3.676023,1433,607,826
mA,mA_hat,.0655651399702052,3.6760573,1433,607,826
mA,mA_hat,.0656102740229993,3.6760676,1433,609,824
mA,mA_hat,.0656601648899722,3.676079,1433,610,823
mA,mA_hat,.0657680325968854,3.6761036,1433,611,822
mA,mA_hat,.0658330677527657,3.6761179,1433,612,821
mA,mA_hat,.0662228722567338,3.676204,1433,613,820
mA,mA_hat,.0662260961909107,3.6762047,1433,614,819
mA,mA_hat,.066276949595409,3.6762159,1433,614,819
mA,mA_hat,.0663590707793031,3.6762335,1433,616,817
mA,mA_hat,.0663614085426631,3.676234,1433,617,816
mA,mA_hat,.066381098328211,3.6762385,1433,618,815
mA,mA_hat,.0664550433980325,3.6762552,1433,619,814
mA,mA_hat,.0665248645088808,3.6762707,1433,619,814
mA,mA_hat,.0665418437303023,3.6762743,1433,621,812
mA,mA_hat,.0665535838533785,3.6762769,1433,621,812
mA,mA_hat,.066600825781942,3.6762877,1433,623,810
mA,mA_hat,.0666009902104907,3.6762877,1433,624,809
mA,mA_hat,.066692130139041,3.6763079,1433,625,808
mA,mA_hat,.0668096612702792,3.6763339,1433,625,808
mA,mA_hat,.0670017579469662,3.6763768,1433,627,806
mA,mA_hat,.067096879578518,3.6763973,1433,627,806
mA,mA_hat,.067293609987127,3.6764386,1433,629,804
mA,mA_hat,.0674047932587346,3.6764619,1433,629,804
mA,mA_hat,.067416917499987,3.6764643,1433,630,803
mA,mA_hat,.0674722196676097,3.6764753,1433,632,801
mA,mA_hat,.0675805311357782,3.6764967,1433,633,800
mA,mA_hat,.0676062991329864,3.6765018,1433,633,800
mA,mA_hat,.0676627196566184,3.676513,1433,634,799
mA,mA_hat,.0677712315032431,3.6765356,1433,635,798
mA,mA_hat,.0678946841006233,3.6765618,1433,636,797
mA,mA_hat,.0681506958610338,3.6766157,1433,638,795
mA,mA_hat,.0683678822698962,3.6766615,1433,639,794
mA,mA_hat,.0683777798226556,3.6766636,1433,639,794
mA,mA_hat,.0686429130569651,3.6767199,1433,641,792
mA,mA_hat,.0686577751356986,3.6767232,1433,642,791
mA,mA_hat,.0687475239811367,3.6767421,1433,642,791
mA,mA_hat,.068794443452454,3.6767521,1433,644,789
mA,mA_hat,.0688526595107065,3.6767645,1433,645,788
mA,mA_hat,.068907329045494,3.6767762,1433,646,787
mA,mA_hat,.0689154662414233,3.6767778,1433,646,787
mA,mA_hat,.0690155566593353,3.6767988,1433,647,786
mA,mA_hat,.0690606064673433,3.6768084,1433,649,784
mA,mA_hat,.0690765906765717,3.6768117,1433,650,783
mA,mA_hat,.0690890276650903,3.6768141,1433,651,782
mA,mA_hat,.0691173950730096,3.6768196,1433,651,782
mA,mA_hat,.0691930560254033,3.6768343,1433,653,780
mA,mA_hat,.0694340435321755,3.6768818,1433,653,780
mA,mA_hat,.0694912516727388,3.676893,1433,655,778
mA,mA_hat,.0694951727448751,3.6768937,1433,656,777
mA,mA_hat,.0698020282802166,3.6769528,1433,656,777
mA,mA_hat,.0698503108861864,3.6769624,1433,658,775
mA,mA_hat,.0698904852821564,3.6769702,1433,658,775
mA,mA_hat,.0700864923190742,3.6770115,1433,659,774
mA,mA_hat,.0701209657109958,3.6770184,1433,661,772
mA,mA_hat,.0701970385760453,3.6770337,1433,662,771
mA,mA_hat,.0703344510706112,3.6770613,1433,662,771
mA,mA_hat,.070354242824674,3.6770651,1433,663,770
mA,mA_hat,.0703843843254415,3.6770706,1433,665,768
mA,mA_hat,.0705688891507505,3.6771035,1433,665,768
mA,mA_hat,.0706786868370485,3.6771226,1433,667,766
mA,mA_hat,.0707979983182708,3.6771436,1433,667,766
mA,mA_hat,.0710679491761828,3.6771896,1433,668,765
mA,mA_hat,.0712644901991134,3.677223,1433,670,763
mA,mA_hat,.0713898916506896,3.6772437,1433,670,763
mA,mA_hat,.0714089606222524,3.677247,1433,671,762
mA,mA_hat,.071505435032339,3.677263,1433,673,760
mA,mA_hat,.0715066171971644,3.6772633,1433,673,760
mA,mA_hat,.0717152127778228,3.6772976,1433,675,758
mA,mA_hat,.0717311049833957,3.6773,1433,676,757
mA,mA_hat,.071957795323939,3.6773365,1433,676,757
mA,mA_hat,.0720938313010966,3.6773582,1433,678,755
mA,mA_hat,.0721569758181318,3.6773682,1433,679,754
mA,mA_hat,.0721753969171872,3.6773713,1433,680,753
mA,mA_hat,.072361876324687,3.6774025,1433,680,753
mA,mA_hat,.0728121596170541,3.6774781,1433,681,752
mA,mA_hat,.0728235467254406,3.67748,1433,682,751
mA,mA_hat,.0729654025742521,3.6775026,1433,684,749
mA,mA_hat,.0729792693306473,3.677505,1433,684,749
mA,mA_hat,.0730925559959951,3.6775229,1433,685,748
mA,mA_hat,.0731345456162531,3.6775296,1433,686,747
mA,mA_hat,.0731607316228109,3.6775336,1433,687,746
mA,mA_hat,.0731777539836007,3.6775362,1433,688,745
mA,mA_hat,.0732122098741324,3.6775417,1433,690,743
mA,mA_hat,.0732409182221326,3.677546,1433,690,743
mA,mA_hat,.0733454241261324,3.6775627,1433,692,741
mA,mA_hat,.0734421174491665,3.6775782,1433,693,740
mA,mA_hat,.0735697500068363,3.6775985,1433,693,740
mA,mA_hat,.0736014071871549,3.6776037,1433,694,739
mA,mA_hat,.0736774233986097,3.6776133,1433,696,737
mA,mA_hat,.0738659218550749,3.6776361,1433,696,737
mA,mA_hat,.0742268895998064,3.6776791,1433,698,735
mA,mA_hat,.0742461573207928,3.6776814,1433,699,734
mA,mA_hat,.0742790083141296,3.6776855,1433,700,733
mA,mA_hat,.0748022466772747,3.6777489,1433,701,732
mA,mA_hat,.0748556122138996,3.6777554,1433,702,731
mA,mA_hat,.0749089339345456,3.6777618,1433,703,730
mA,mA_hat,.074934947143052,3.6777649,1433,703,730
mA,mA_hat,.0750213199347691,3.6777751,1433,704,729
mA,mA_hat,.075094025024817,3.6777837,1433,706,727
mA,mA_hat,.0754399164146881,3.6778235,1433,706,727
mA,mA_hat,.075531835914372,3.677834,1433,708,725
mA,mA_hat,.0756268751282395,3.6778445,1433,709,724
mA,mA_hat,.0757230105140429,3.6778553,1433,709,724
mA,mA_hat,.075739696992381,3.6778569,1433,711,722
mA,mA_hat,.0757802053215612,3.6778624,1433,712,721
mA,mA_hat,.0760255344841771,3.6778963,1433,713,720
mA,mA_hat,.0762437775502027,3.6779239,1433,713,720
mA,mA_hat,.0763281790341649,3.6779344,1433,715,718
mA,mA_hat,.0763588507655596,3.6779377,1433,715,718
mA,mA_hat,.0764074771565547,3.6779425,1433,717,716
mA,mA_hat,.0765001274919076,3.6779521,1433,717,716
mA,mA_hat,.0765331405731916,3.6779552,1433,719,714
mA,mA_hat,.0767688261356999,3.6779792,1433,720,713
mA,mA_hat,.0768317005816705,3.6779857,1433,720,713
mA,mA_hat,.0769013244222475,3.6779926,1433,722,711
mA,mA_hat,.0769132841407213,3.6779938,1433,723,710
mA,mA_hat,.0770869910815745,3.6780109,1433,723,710
mA,mA_hat,.0772169300372058,3.6780241,1433,725,708
mA,mA_hat,.0772579215309029,3.6780283,1433,725,708
mA,mA_hat,.0772606941544861,3.6780286,1433,727,706
mA,mA_hat,.0773556448981388,3.6780381,1433,727,706
mA,mA_hat,.0775460455943461,3.6780565,1433,728,705
mA,mA_hat,.0778155925415217,3.6780829,1433,730,703
mA,mA_hat,.0779388497693142,3.6780951,1433,730,703
mA,mA_hat,.078047225897261,3.6781056,1433,732,701
mA,mA_hat,.0780600020842738,3.6781068,1433,733,700
mA,mA_hat,.0780632743471314,3.678107,1433,734,699
mA,mA_hat,.0781773181372724,3.678118,1433,735,698
mA,mA_hat,.0781914232231281,3.6781197,1433,735,698
mA,mA_hat,.0784513865798698,3.6781504,1433,736,697
mA,mA_hat,.0784734984182557,3.678153,1433,737,696
mA,mA_hat,.0786565426714535,3.6781747,1433,738,695
mA,mA_hat,.0787102193697313,3.6781814,1433,740,693
mA,mA_hat,.0787305730399968,3.6781838,1433,741,692
mA,mA_hat,.0787867639279353,3.6781909,1433,742,691
mA,mA_hat,.0788371226179189,3.6781971,1433,743,690
mA,mA_hat,.0788666504283288,3.6782007,1433,744,689
mA,mA_hat,.0788749283066349,3.6782019,1433,745,688
mA,mA_hat,.0788980081885457,3.6782045,1433,746,687
mA,mA_hat,.0789035219059039,3.6782053,1433,746,687
mA,mA_hat,.0789495833503294,3.6782105,1433,747,686
mA,mA_hat,.0790069761315759,3.6782172,1433,749,684
mA,mA_hat,.0792349819359891,3.6782439,1433,750,683
mA,mA_hat,.0792854654652584,3.6782498,1433,751,682
mA,mA_hat,.0793789565751515,3.6782608,1433,752,681
mA,mA_hat,.0796450320734591,3.678292,1433,753,680
mA,mA_hat,.0797590413118883,3.6783054,1433,753,680
mA,mA_hat,.0798242409488083,3.678313,1433,755,678
mA,mA_hat,.0798380886916757,3.6783147,1433,756,677
mA,mA_hat,.0799933917391973,3.678334,1433,757,676
mA,mA_hat,.0800381625361238,3.6783392,1433,757,676
mA,mA_hat,.0800676055152896,3.6783428,1433,759,674
mA,mA_hat,.0801787314750061,3.6783545,1433,760,673
mA,mA_hat,.0801854836195903,3.6783552,1433,760,673
mA,mA_hat,.0802107474676681,3.6783576,1433,761,672
mA,mA_hat,.0802203149494674,3.6783586,1433,763,670
mA,mA_hat,.0804327525027045,3.6783798,1433,763,670
mA,mA_hat,.0804377336140795,3.6783803,1433,764,669
mA,mA_hat,.0805959348954581,3.6783955,1433,766,667
mA,mA_hat,.0806589534650301,3.6784015,1433,767,666
mA,mA_hat,.080724718252308,3.6784077,1433,768,665
mA,mA_hat,.0807403486338536,3.6784091,1433,768,665
mA,mA_hat,.080749331378301,3.6784098,1433,770,663
mA,mA_hat,.0807631218270708,3.678411,1433,770,663
mA,mA_hat,.0808057168176679,3.6784143,1433,772,661
mA,mA_hat,.0808249068085762,3.678416,1433,772,661
mA,mA_hat,.0810696595832952,3.6784372,1433,774,659
mA,mA_hat,.0810879347791128,3.6784387,1433,774,659
mA,mA_hat,.0814507248707938,3.6784689,1433,776,657
mA,mA_hat,.0814554070844575,3.6784694,1433,777,656
mA,mA_hat,.0815395506629842,3.6784763,1433,778,655
mA,mA_hat,.0816548778411566,3.6784856,1433,778,655
mA,mA_hat,.0817436752407125,3.6784925,1433,780,653
mA,mA_hat,.0818294906431732,3.6784985,1433,780,653
mA,mA_hat,.0819317792289107,3.6785054,1433,781,652
mA,mA_hat,.0819464349305691,3.6785064,1433,783,650
mA,mA_hat,.081971336525357,3.678508,1433,783,650
mA,mA_hat,.0819807879761974,3.6785088,1433,785,648
mA,mA_hat,.082018195355371,3.6785111,1433,785,648
mA,mA_hat,.0820545568238945,3.6785147,1433,786,647
mA,mA_hat,.0820648547180857,3.6785157,1433,787,646
mA,mA_hat,.0822598287805883,3.678535,1433,788,645
mA,mA_hat,.082481796252466,3.6785572,1433,790,643
mA,mA_hat,.0826124048209848,3.6785703,1433,790,643
mA,mA_hat,.0826659860939341,3.6785755,1433,792,641
mA,mA_hat,.0827580041620108,3.6785846,1433,792,641
mA,mA_hat,.0827759322182126,3.6785862,1433,793,640
mA,mA_hat,.0827958702991372,3.6785884,1433,795,638
mA,mA_hat,.0829596130402228,3.6786056,1433,795,638
mA,mA_hat,.0829768623124236,3.6786075,1433,796,637
mA,mA_hat,.0829770521483095,3.6786075,1433,797,636
mA,mA_hat,.0830966218901183,3.6786194,1433,798,635
mA,mA_hat,.0831175880523466,3.6786215,1433,800,633
mA,mA_hat,.0831211606292167,3.678622,1433,801,632
mA,mA_hat,.0831394899431299,3.6786239,1433,802,631
mA,mA_hat,.0831975567708688,3.6786299,1433,803,630
mA,mA_hat,.0835817062834711,3.6786702,1433,804,629
mA,mA_hat,.0835974192734109,3.6786718,1433,804,629
mA,mA_hat,.0841008649562099,3.6787229,1433,806,627
mA,mA_hat,.0841677994104394,3.6787298,1433,806,627
mA,mA_hat,.0841742711322963,3.6787305,1433,808,625
mA,mA_hat,.0842658588515297,3.67874,1433,809,624
mA,mA_hat,.0843699932591502,3.6787505,1433,810,623
mA,mA_hat,.0844156863689587,3.678755,1433,810,623
mA,mA_hat,.0846029010381793,3.6787734,1433,812,621
mA,mA_hat,.0847010518526855,3.6787832,1433,812,621
mA,mA_hat,.084748772766792,3.6787877,1433,813,620
mA,mA_hat,.0847741905734646,3.6787906,1433,815,618
mA,mA_hat,.0848051591699036,3.6787937,1433,815,618
mA,mA_hat,.084838076025174,3.6787965,1433,816,617
mA,mA_hat,.0849011610902116,3.6788027,1433,818,615
mA,mA_hat,.084938329201145,3.6788061,1433,818,615
mA,mA_hat,.0849952729365362,3.6788113,1433,820,613
mA,mA_hat,.0850178998967456,3.6788132,1433,821,612
mA,mA_hat,.0851156434564642,3.6788213,1433,821,612
mA,mA_hat,.0851787802629988,3.6788268,1433,823,610
mA,mA_hat,.0853015329396134,3.6788373,1433,824,609
mA,mA_hat,.0853141578171908,3.6788385,1433,825,608
mA,mA_hat,.0853357280469705,3.6788404,1433,825,608
mA,mA_hat,.0853760629268267,3.6788442,1433,826,607
mA,mA_hat,.0854666089786664,3.6788523,1433,828,605
mA,mA_hat,.0856228175858569,3.6788664,1433,829,604
mA,mA_hat,.0856259412104393,3.6788669,1433,829,604
mA,mA_hat,.0858132751502212,3.6788819,1433,830,603
mA,mA_hat,.0858935365822349,3.6788883,1433,831,602
mA,mA_hat,.0859015041599303,3.6788888,1433,833,600
mA,mA_hat,.0861321430375452,3.6789076,1433,833,600
mA,mA_hat,.0863272594267581,3.6789217,1433,834,599
mA,mA_hat,.0863516485961146,3.6789234,1433,835,598
mA,mA_hat,.0865095705972597,3.6789346,1433,837,596
mA,mA_hat,.086528797534236,3.678936,1433,838,595
mA,mA_hat,.0865294029636478,3.678936,1433,838,595
mA,mA_hat,.0866697166477664,3.6789465,1433,840,593
mA,mA_hat,.0867504820068312,3.6789527,1433,841,592
mA,mA_hat,.0868401874550968,3.6789594,1433,841,592
mA,mA_hat,.0868646339307457,3.678961,1433,843,590
mA,mA_hat,.0870243798338449,3.6789725,1433,844,589
mA,mA_hat,.0870926401659339,3.678977,1433,844,589
mA,mA_hat,.0872378669787882,3.6789877,1433,846,587
mA,mA_hat,.0872979039129211,3.6789923,1433,847,586
mA,mA_hat,.087316783308768,3.6789937,1433,848,585
mA,mA_hat,.087585907548278,3.6790171,1433,848,585
mA,mA_hat,.08778133856739,3.679034,1433,850,583
mA,mA_hat,.0880080261859552,3.6790535,1433,851,582
mA,mA_hat,.0881050570286658,3.6790614,1433,852,581
mA,mA_hat,.0882940852356213,3.6790769,1433,853,580
mA,mA_hat,.0886241093622205,3.6791029,1433,854,579
mA,mA_hat,.0886364250529589,3.6791039,1433,854,579
mA,mA_hat,.0887377213775796,3.6791115,1433,856,577
mA,mA_hat,.0889883187919179,3.6791327,1433,857,576
mA,mA_hat,.0891784507737291,3.6791489,1433,857,576
mA,mA_hat,.0892095579804962,3.6791513,1433,858,575
mA,mA_hat,.0893901748196449,3.6791673,1433,860,573
mA,mA_hat,.0895396589405492,3.679179,1433,860,573
mA,mA_hat,.0895769593887114,3.6791821,1433,862,571
mA,mA_hat,.0895875466516534,3.679183,1433,862,571
mA,mA_hat,.0896619118456941,3.679189,1433,864,569
mA,mA_hat,.0896834675187002,3.6791906,1433,864,569
mA,mA_hat,.0898957614235231,3.6792073,1433,866,567
mA,mA_hat,.0899248823496818,3.6792097,1433,867,566
mA,mA_hat,.0899335298969403,3.6792102,1433,867,566
mA,mA_hat,.0901343213193601,3.6792238,1433,869,564
mA,mA_hat,.0901461243358561,3.6792245,1433,869,564
mA,mA_hat,.0902138766864377,3.6792285,1433,871,562
mA,mA_hat,.0902373882415739,3.67923,1433,872,561
mA,mA_hat,.0903027977669628,3.6792336,1433,873,560
mA,mA_hat,.0904282430104097,3.6792402,1433,873,560
mA,mA_hat,.0905454022712231,3.6792457,1433,875,558
mA,mA_hat,.0905746081407769,3.6792474,1433,876,557
mA,mA_hat,.0905893930755051,3.6792481,1433,877,556
mA,mA_hat,.0906324306626337,3.6792502,1433,877,556
mA,mA_hat,.0906868536613101,3.6792531,1433,878,555
mA,mA_hat,.0908913942655641,3.6792629,1433,880,553
mA,mA_hat,.090922951187484,3.6792645,1433,880,553
mA,mA_hat,.0910895230009694,3.6792729,1433,882,551
mA,mA_hat,.0912006268320182,3.6792784,1433,882,551
mA,mA_hat,.0913287442381064,3.679285,1433,884,549
mA,mA_hat,.0914106673198592,3.6792893,1433,884,549
mA,mA_hat,.0914516077950463,3.6792912,1433,885,548
mA,mA_hat,.0915205450130461,3.6792948,1433,887,546
mA,mA_hat,.0916080310359685,3.6792991,1433,887,546
mA,mA_hat,.0916436638782719,3.6793008,1433,888,545
mA,mA_hat,.0916681902938534,3.679302,1433,889,544
mA,mA_hat,.0917029694813729,3.6793032,1433,890,543
mA,mA_hat,.0917119047312155,3.6793036,1433,892,541
mA,mA_hat,.0917846174381964,3.6793067,1433,893,540
mA,mA_hat,.0917946205581216,3.6793072,1433,893,540
mA,mA_hat,.091826400890365,3.6793084,1433,895,538
mA,mA_hat,.0918762526851293,3.6793103,1433,896,537
mA,mA_hat,.0920785590335256,3.6793151,1433,897,536
mA,mA_hat,.0921505418909756,3.679317,1433,898,535
mA,mA_hat,.0921834478850994,3.6793182,1433,899,534
mA,mA_hat,.092255267890868,3.6793211,1433,900,533
mA,mA_hat,.0922970421522754,3.6793225,1433,900,533
mA,mA_hat,.0925268633983326,3.6793287,1433,901,532
mA,mA_hat,.0926169759972335,3.6793311,1433,902,531
mA,mA_hat,.0927442878041657,3.6793342,1433,904,529
mA,mA_hat,.0928124898059676,3.6793358,1433,905,528
mA,mA_hat,.0929102954617661,3.679338,1433,906,527
mA,mA_hat,.0929603552853969,3.6793392,1433,906,527
mA,mA_hat,.0930675446994087,3.6793423,1433,908,525
mA,mA_hat,.0931579449764636,3.6793449,1433,908,525
mA,mA_hat,.0932462028770156,3.6793473,1433,910,523
mA,mA_hat,.0934017129373531,3.6793516,1433,911,522
mA,mA_hat,.0934746172100822,3.6793535,1433,911,522
mA,mA_hat,.0934955669629735,3.6793544,1433,912,521
mA,mA_hat,.0940454452394088,3.6793814,1433,914,519
mA,mA_hat,.0941025063787498,3.6793842,1433,914,519
mA,mA_hat,.0941160013423497,3.6793847,1433,916,517
mA,mA_hat,.09445460876342,3.6793988,1433,917,516
mA,mA_hat,.094532200465262,3.6794007,1433,918,515
mA,mA_hat,.0945614078613072,3.6794014,1433,918,515
mA,mA_hat,.094568549895148,3.6794014,1433,920,513
mA,mA_hat,.0948519096792887,3.6794002,1433,921,512
mA,mA_hat,.0949604190636026,3.6793995,1433,922,511
mA,mA_hat,.0949671586411228,3.6793995,1433,922,511
mA,mA_hat,.0950277756333801,3.6793985,1433,923,510
mA,mA_hat,.095143961036009,3.6793957,1433,924,509
mA,mA_hat,.0951918005207524,3.6793945,1433,925,508
mA,mA_hat,.09534128401051,3.67939,1433,927,506
mA,mA_hat,.0953501441659432,3.6793897,1433,927,506
mA,mA_hat,.0953946050794877,3.6793888,1433,928,505
mA,mA_hat,.0954390762182606,3.6793878,1433,929,504
mA,mA_hat,.0955691447411235,3.6793849,1433,931,502
mA,mA_hat,.0956518687994453,3.6793833,1433,931,502
mA,mA_hat,.0957183416494292,3.6793814,1433,932,501
mA,mA_hat,.0958879725047942,3.6793737,1433,934,499
mA,mA_hat,.0960154282161851,3.6793675,1433,934,499
mA,mA_hat,.0960629037981832,3.6793659,1433,935,498
mA,mA_hat,.0960773091748501,3.6793659,1433,936,497
mA,mA_hat,.0961847796273567,3.6793661,1433,937,496
mA,mA_hat,.09622609815154,3.6793661,1433,938,495
mA,mA_hat,.0964391036072267,3.6793656,1433,939,494
mA,mA_hat,.0964466102855564,3.6793656,1433,940,493
mA,mA_hat,.0967247287018904,3.6793656,1433,942,491
mA,mA_hat,.0968747076743152,3.6793654,1433,943,490
mA,mA_hat,.0969910562449725,3.6793702,1433,944,489
mA,mA_hat,.0972741068118982,3.6793854,1433,945,488
mA,mA_hat,.0972969546205174,3.6793866,1433,946,487
mA,mA_hat,.0975725036470597,3.6794035,1433,946,487
mA,mA_hat,.0976084137373899,3.6794059,1433,948,485
mA,mA_hat,.0976877432009016,3.6794112,1433,948,485
mA,mA_hat,.0978982854157411,3.6794229,1433,949,484
mA,mA_hat,.0979169871977645,3.6794236,1433,951,482
mA,mA_hat,.0979434087922901,3.6794243,1433,952,481
mA,mA_hat,.0981297489386027,3.6794298,1433,952,481
mA,mA_hat,.0985466917157798,3.6794419,1433,954,479
mA,mA_hat,.0985582223272115,3.6794426,1433,955,478
mA,mA_hat,.0985966020949095,3.6794446,1433,956,477
mA,mA_hat,.0986749923155961,3.6794486,1433,956,477
mA,mA_hat,.0987792438019245,3.6794541,1433,957,476
mA,mA_hat,.0988265135415909,3.6794572,1433,958,475
mA,mA_hat,.0989429678961608,3.6794655,1433,960,473
mA,mA_hat,.0989677312526328,3.6794674,1433,960,473
mA,mA_hat,.0993377609744602,3.679496,1433,961,472
mA,mA_hat,.0995430711311588,3.679512,1433,962,471
mA,mA_hat,.0996102375237638,3.6795173,1433,964,469
mA,mA_hat,.0997122545814726,3.6795249,1433,964,469
mA,mA_hat,.0997427190042675,3.679527,1433,966,467
mA,mA_hat,.0999407234579434,3.6795399,1433,966,467
mA,mA_hat,.100308743500097,3.6795647,1433,967,466
mA,mA_hat,.1003128340598435,3.679565,1433,969,464
mA,mA_hat,.1005754049894814,3.6795843,1433,969,464
mA,mA_hat,.1006011695979434,3.6795864,1433,971,462
mA,mA_hat,.100645282408571,3.6795897,1433,972,461
mA,mA_hat,.1006765195268435,3.6795924,1433,973,460
mA,mA_hat,.1007231697682569,3.6795959,1433,974,459
mA,mA_hat,.100817551559386,3.6796038,1433,974,459
mA,mA_hat,.100908820650626,3.6796112,1433,975,458
mA,mA_hat,.1010473949858932,3.6796241,1433,977,456
mA,mA_hat,.1010993198742228,3.6796288,1433,977,456
mA,mA_hat,.1011826836551149,3.6796355,1433,978,455
mA,mA_hat,.1012244382731173,3.6796391,1433,980,453
mA,mA_hat,.1012702981609207,3.6796427,1433,981,452
mA,mA_hat,.1015872293671582,3.6796687,1433,982,451
mA,mA_hat,.1017122631245991,3.6796792,1433,982,451
mA,mA_hat,.1020243587789189,3.6797051,1433,983,450
mA,mA_hat,.1020445995521236,3.6797068,1433,985,448
mA,mA_hat,.102061804963447,3.6797082,1433,985,448
mA,mA_hat,.1024925558429079,3.6797397,1433,986,447
mA,mA_hat,.1025386316721689,3.6797431,1433,988,445
mA,mA_hat,.1026656556253866,3.6797786,1433,989,444
mA,mA_hat,.1028883112010231,3.6798439,1433,989,444
mA,mA_hat,.1029117493121542,3.6798508,1433,990,443
mA,mA_hat,.1029266373402074,3.6798553,1433,992,441
mA,mA_hat,.1029377558248016,3.6798584,1433,992,441
mA,mA_hat,.102972540786624,3.6798685,1433,993,440
mA,mA_hat,.103075633021844,3.679898,1433,995,438
mA,mA_hat,.1032007216366495,3.6799333,1433,996,437
mA,mA_hat,.103297242814707,3.6799605,1433,997,436
mA,mA_hat,.1033045232992726,3.6799626,1433,998,435
mA,mA_hat,.1034326145628597,3.6799984,1433,998,435
mA,mA_hat,.1035840597275066,3.6800408,1433,1000,433
mA,mA_hat,.1036920225647374,3.6800702,1433,1001,432
mA,mA_hat,.1037754408510115,3.6800928,1433,1002,431
mA,mA_hat,.103942789573984,3.6801381,1433,1003,430
mA,mA_hat,.1040723387983809,3.6801732,1433,1004,429
mA,mA_hat,.1041017999538177,3.6801808,1433,1005,428
mA,mA_hat,.1041838852202981,3.680203,1433,1005,428
mA,mA_hat,.1042629290652033,3.6802239,1433,1006,427
mA,mA_hat,.104351774775483,3.6802473,1433,1007,426
mA,mA_hat,.1044727737130443,3.6802785,1433,1009,424
mA,mA_hat,.1046345377305199,3.6803207,1433,1010,423
mA,mA_hat,.1048173111321332,3.6803675,1433,1011,422
mA,mA_hat,.1048579024943647,3.6803777,1433,1011,422
mA,mA_hat,.1048758641217341,3.6803823,1433,1013,420
mA,mA_hat,.1048898746905283,3.6803858,1433,1014,419
mA,mA_hat,.1049171890751052,3.680393,1433,1014,419
mA,mA_hat,.1049255983970506,3.6803949,1433,1016,417
mA,mA_hat,.105005066825195,3.6804132,1433,1017,416
mA,mA_hat,.1052139725879182,3.6804614,1433,1017,416
mA,mA_hat,.1052744771458353,3.6804752,1433,1019,414
mA,mA_hat,.1053491770425061,3.6804929,1433,1020,413
mA,mA_hat,.1054394347452773,3.6805131,1433,1021,412
mA,mA_hat,.1054577305596082,3.6805174,1433,1022,411
mA,mA_hat,.1055019138011098,3.6805284,1433,1023,410
mA,mA_hat,.1055938669268349,3.6805511,1433,1024,409
mA,mA_hat,.1057149966985627,3.6805811,1433,1025,408
mA,mA_hat,.1057852219202944,3.6805985,1433,1026,407
mA,mA_hat,.1060852025160525,3.6806719,1433,1027,406
mA,mA_hat,.1062091945148855,3.6807024,1433,1027,406
mA,mA_hat,.1065066783412138,3.6807706,1433,1028,405
mA,mA_hat,.1065830986740854,3.680788,1433,1029,404
mA,mA_hat,.1066100515339806,3.6807942,1433,1030,403
mA,mA_hat,.1067894185897409,3.6808352,1433,1031,402
mA,mA_hat,.1069951620306829,3.6808817,1433,1033,400
mA,mA_hat,.1070995914181926,3.6809053,1433,1034,399
mA,mA_hat,.1072383598471254,3.6809366,1433,1034,399
mA,mA_hat,.1073168887741003,3.6809542,1433,1035,398
mA,mA_hat,.1074297013285546,3.6809797,1433,1036,397
mA,mA_hat,.1074676986792904,3.6809883,1433,1037,396
mA,mA_hat,.1078882622015315,3.6810794,1433,1038,395
mA,mA_hat,.1080275863639223,3.6811094,1433,1040,393
mA,mA_hat,.108176799164083,3.6811435,1433,1041,392
mA,mA_hat,.1081805637407944,3.6811445,1433,1042,391
mA,mA_hat,.1082091031532773,3.6811509,1433,1042,391
mA,mA_hat,.1084299198352201,3.6812027,1433,1044,389
mA,mA_hat,.1084725270274214,3.6812129,1433,1044,389
mA,mA_hat,.1085374705323954,3.6812279,1433,1045,388
mA,mA_hat,.1086185608383761,3.681247,1433,1047,386
mA,mA_hat,.1090187826672962,3.6813412,1433,1048,385
mA,mA_hat,.1090809116041961,3.6813557,1433,1049,384
mA,mA_hat,.1091046764056797,3.6813614,1433,1050,383
mA,mA_hat,.1091330884791151,3.6813679,1433,1050,383
mA,mA_hat,.1091605925606223,3.6813743,1433,1052,381
mA,mA_hat,.1094345741205724,3.681437,1433,1053,380
mA,mA_hat,.1095908303555604,3.6814737,1433,1054,379
mA,mA_hat,.1096853288941945,3.6814957,1433,1054,379
mA,mA_hat,.1097322046835282,3.6815064,1433,1056,377
mA,mA_hat,.1099243714649578,3.6815524,1433,1057,376
mA,mA_hat,.1101101140693683,3.6815963,1433,1057,376
mA,mA_hat,.1102124725277547,3.6816216,1433,1058,375
mA,mA_hat,.110219686912073,3.6816232,1433,1059,374
mA,mA_hat,.1103570007054155,3.681658,1433,1061,372
mA,mA_hat,.1106186253843529,3.6817222,1433,1062,371
mA,mA_hat,.1107415543058941,3.681752,1433,1062,371
mA,mA_hat,.1109077717969125,3.6817925,1433,1063,370
mA,mA_hat,.1110966509162637,3.6818392,1433,1065,368
mA,mA_hat,.1111327793567072,3.6818483,1433,1066,367
mA,mA_hat,.1111369759708091,3.6818492,1433,1066,367
mA,mA_hat,.1111372324766902,3.6818495,1433,1068,365
mA,mA_hat,.1113176631143936,3.6818955,1433,1068,365
mA,mA_hat,.1114353190903661,3.6819255,1433,1070,363
mA,mA_hat,.1114941797217587,3.6819406,1433,1071,362
mA,mA_hat,.1115688497456077,3.6819592,1433,1072,361
mA,mA_hat,.111600958776667,3.681967,1433,1073,360
mA,mA_hat,.1117820798898952,3.6820099,1433,1073,360
mA,mA_hat,.1119307035744416,3.6820452,1433,1075,358
mA,mA_hat,.1119954948319885,3.6820602,1433,1075,358
mA,mA_hat,.1120575250999332,3.6820743,1433,1077,356
mA,mA_hat,.1121027183186211,3.6820841,1433,1077,356
mA,mA_hat,.1121994223777446,3.6821051,1433,1079,354
mA,mA_hat,.1123439429457099,3.6821368,1433,1079,354
mA,mA_hat,.1124093698849844,3.6821511,1433,1081,352
mA,mA_hat,.1125595347431534,3.6821826,1433,1081,352
mA,mA_hat,.1125877467871982,3.6821885,1433,1082,351
mA,mA_hat,.1128527942277171,3.6822443,1433,1084,349
mA,mA_hat,.1128606664912108,3.6822457,1433,1085,348
mA,mA_hat,.1131967555956349,3.6823099,1433,1085,348
mA,mA_hat,.1133290025850073,3.6823349,1433,1087,346
mA,mA_hat,.1134384038177175,3.6823571,1433,1087,346
mA,mA_hat,.1137749206531965,3.68243,1433,1088,345
mA,mA_hat,.1139095697246775,3.6824594,1433,1090,343
mA,mA_hat,.1139966047442157,3.6824794,1433,1091,342
mA,mA_hat,.1140590708735087,3.6824937,1433,1092,341
mA,mA_hat,.1141515740036308,3.6825149,1433,1093,340
mA,mA_hat,.1142542272611869,3.6825376,1433,1094,339
mA,mA_hat,.1144497623185754,3.68258,1433,1094,339
mA,mA_hat,.1145477107004713,3.682601,1433,1095,338
mA,mA_hat,.1149073938502905,3.6826746,1433,1097,336
mA,mA_hat,.1149170061517528,3.6826766,1433,1097,336
mA,mA_hat,.1149699215282513,3.6826875,1433,1099,334
mA,mA_hat,.1152553925831611,3.6827471,1433,1099,334
mA,mA_hat,.1155732616592345,3.6828148,1433,1100,333
mA,mA_hat,.1156976525179569,3.6828411,1433,1102,331
mA,mA_hat,.1158610451495125,3.6828711,1433,1102,331
mA,mA_hat,.1160524785150149,3.6829066,1433,1104,329
mA,mA_hat,.1161133011712012,3.6829188,1433,1105,328
mA,mA_hat,.1161447089411261,3.682925,1433,1106,327
mA,mA_hat,.116172638814298,3.6829305,1433,1107,326
mA,mA_hat,.1165147639215588,3.6829982,1433,1108,325
mA,mA_hat,.1165210946393363,3.6829994,1433,1108,325
mA,mA_hat,.1168086881115859,3.6830561,1433,1110,323
mA,mA_hat,.1168215126210562,3.6830585,1433,1111,322
mA,mA_hat,.1168532243012563,3.6830649,1433,1112,321
mA,mA_hat,.1172429066272903,3.6831415,1433,1112,321
mA,mA_hat,.1173063567613129,3.6831536,1433,1114,319
mA,mA_hat,.1176408681523518,3.6832173,1433,1114,319
mA,mA_hat,.1176449289640103,3.683218,1433,1115,318
mA,mA_hat,.1176515044725492,3.6832194,1433,1117,316
mA,mA_hat,.1178053922320717,3.6832492,1433,1118,315
mA,mA_hat,.1180384479253966,3.6832945,1433,1118,315
mA,mA_hat,.1185133404848133,3.6833842,1433,1120,313
mA,mA_hat,.1185151442327302,3.6833844,1433,1121,312
mA,mA_hat,.1189588161461128,3.6834686,1433,1122,311
mA,mA_hat,.1190436313850874,3.6834841,1433,1122,311
mA,mA_hat,.1190903399697555,3.6834927,1433,1123,310
mA,mA_hat,.1191765275169204,3.6835084,1433,1125,308
mA,mA_hat,.1194815031476527,3.6835642,1433,1125,308
mA,mA_hat,.1195369539634073,3.6835742,1433,1126,307
mA,mA_hat,.1198512694210272,3.6836329,1433,1128,305
mA,mA_hat,.1198903413150468,3.68364,1433,1129,304
mA,mA_hat,.119902329133201,3.6836424,1433,1129,304
mA,mA_hat,.1199367703652605,3.6836486,1433,1131,302
mA,mA_hat,.1200110447893332,3.6836619,1433,1132,301
mA,mA_hat,.1205456180969781,3.6837604,1433,1132,301
mA,mA_hat,.1207931590157001,3.6838052,1433,1134,299
mA,mA_hat,.1208575764480267,3.6838169,1433,1135,298
mA,mA_hat,.1211181682043669,3.6838639,1433,1136,297
mA,mA_hat,.1211823276672271,3.6838753,1433,1136,297
mA,mA_hat,.1211874081356043,3.683876,1433,1138,295
mA,mA_hat,.121260814662345,3.6838894,1433,1139,294
mA,mA_hat,.1214325455715428,3.6839209,1433,1140,293
mA,mA_hat,.1214821691872666,3.6839302,1433,1140,293
mA,mA_hat,.1217049056115283,3.6839709,1433,1142,291
mA,mA_hat,.1217367713490761,3.6839774,1433,1142,291
mA,mA_hat,.1217941535222347,3.6839886,1433,1144,289
mA,mA_hat,.1218938475659459,3.6840079,1433,1144,289
mA,mA_hat,.122061851813513,3.6840413,1433,1146,287
mA,mA_hat,.1222293748641221,3.684077,1433,1146,287
mA,mA_hat,.1224577283711827,3.6841309,1433,1148,285
mA,mA_hat,.1224678738582259,3.6841333,1433,1149,284
mA,mA_hat,.1224875483476497,3.6841378,1433,1150,283
mA,mA_hat,.1225607589655619,3.6841547,1433,1151,282
mA,mA_hat,.1226142150520913,3.6841671,1433,1152,281
mA,mA_hat,.1226325603364195,3.6841712,1433,1153,280
mA,mA_hat,.1228764104622381,3.6842251,1433,1153,280
mA,mA_hat,.1230016151829241,3.6842546,1433,1154,279
mA,mA_hat,.1231436184099051,3.6842883,1433,1156,277
mA,mA_hat,.1231928680464195,3.6843009,1433,1156,277
mA,mA_hat,.1233245223446658,3.6843343,1433,1157,276
mA,mA_hat,.1234343956566833,3.6843634,1433,1159,274
mA,mA_hat,.1239514547036663,3.6845024,1433,1160,273
mA,mA_hat,.1240247567006291,3.6845217,1433,1160,273
mA,mA_hat,.1241892943921631,3.6845653,1433,1162,271
mA,mA_hat,.1244251621108552,3.6846273,1433,1162,271
mA,mA_hat,.1246318736348271,3.6846797,1433,1164,269
mA,mA_hat,.1248526711856037,3.6847365,1433,1165,268
mA,mA_hat,.1250059548382932,3.6847749,1433,1165,268
mA,mA_hat,.1251002959168171,3.6847994,1433,1167,266
mA,mA_hat,.1253454873141981,3.6848626,1433,1168,265
mA,mA_hat,.1254840298126648,3.6848989,1433,1169,264
mA,mA_hat,.1256769166353043,3.6849482,1433,1170,263
mA,mA_hat,.1258508627822947,3.6849878,1433,1171,262
mA,mA_hat,.1261836348733387,3.6850629,1433,1171,262
mA,mA_hat,.1264385454033059,3.6851189,1433,1173,260
mA,mA_hat,.1265830444412731,3.6851504,1433,1174,259
mA,mA_hat,.1266060081493879,3.6851554,1433,1175,258
mA,mA_hat,.1268691974342823,3.6852117,1433,1175,258
mA,mA_hat,.1271105533951968,3.6852627,1433,1177,256
mA,mA_hat,.1276043874915678,3.6853647,1433,1178,255
mA,mA_hat,.1277749639270187,3.6853995,1433,1179,254
mA,mA_hat,.1279183005962261,3.6854284,1433,1179,254
mA,mA_hat,.1282915638270952,3.6855042,1433,1181,252
mA,mA_hat,.1283146288372626,3.6855087,1433,1182,251
mA,mA_hat,.128811660811361,3.6856055,1433,1183,250
mA,mA_hat,.1290171084932295,3.6856444,1433,1184,249
mA,mA_hat,.1292649638358112,3.6856918,1433,1185,248
mA,mA_hat,.1294896381555817,3.6857338,1433,1185,248
mA,mA_hat,.1295184892485926,3.685739,1433,1186,247
mA,mA_hat,.129655792880662,3.6857631,1433,1188,245
mA,mA_hat,.1299041298115412,3.6858063,1433,1189,244
mA,mA_hat,.1299234045795712,3.6858099,1433,1190,243
mA,mA_hat,.1307438890575473,3.6859608,1433,1190,243
mA,mA_hat,.1307636353766293,3.6859643,1433,1192,241
mA,mA_hat,.1308209347746734,3.6859748,1433,1193,240
mA,mA_hat,.1309205947640849,3.6859932,1433,1194,239
mA,mA_hat,.1309713943530385,3.6860025,1433,1195,238
mA,mA_hat,.1310136053388939,3.6860104,1433,1195,238
mA,mA_hat,.1312797628727743,3.686059,1433,1196,237
mA,mA_hat,.1318260078153748,3.6861553,1433,1197,236
mA,mA_hat,.1325008359274614,3.686271,1433,1199,234
mA,mA_hat,.1329857419002576,3.686352,1433,1200,233
mA,mA_hat,.1330544872492826,3.6863635,1433,1200,233
mA,mA_hat,.1331303519095839,3.6863751,1433,1202,231
mA,mA_hat,.1333572756823025,3.6864102,1433,1203,230
mA,mA_hat,.1334180479870568,3.6864195,1433,1204,229
mA,mA_hat,.1334580278433621,3.6864257,1433,1205,228
mA,mA_hat,.1337588558675782,3.6864729,1433,1205,228
mA,mA_hat,.1340189840407009,3.6865149,1433,1207,226
mA,mA_hat,.1340617220514065,3.6865215,1433,1208,225
mA,mA_hat,.1342211051641748,3.6865466,1433,1208,225
mA,mA_hat,.1347320390968475,3.686635,1433,1210,223
mA,mA_hat,.1347849229491749,3.6866441,1433,1211,222
mA,mA_hat,.1347904946005113,3.686645,1433,1211,222
mA,mA_hat,.134934269986704,3.6866686,1433,1213,220
mA,mA_hat,.1350446420315975,3.6866863,1433,1213,220
mA,mA_hat,.1350591409198579,3.6866884,1433,1215,218
mA,mA_hat,.1356421209832517,3.6867762,1433,1215,218
mA,mA_hat,.1358780604895594,3.6868124,1433,1217,216
mA,mA_hat,.1363460605141135,3.6868806,1433,1218,215
mA,mA_hat,.1368428288330321,3.6869516,1433,1219,214
mA,mA_hat,.1368810003315942,3.6869571,1433,1220,213
mA,mA_hat,.1375767931521753,3.6870525,1433,1220,213
mA,mA_hat,.1380257250566219,3.6871145,1433,1222,211
mA,mA_hat,.1380540199031078,3.6871183,1433,1223,210
mA,mA_hat,.1382778800779252,3.6871479,1433,1224,209
mA,mA_hat,.1386526142004265,3.6872008,1433,1224,209
mA,mA_hat,.1387522825803083,3.6872149,1433,1226,207
mA,mA_hat,.1395450625049473,3.6873238,1433,1226,207
mA,mA_hat,.1399283512955617,3.6873751,1433,1228,205
mA,mA_hat,.1401548713516353,3.6874049,1433,1228,205
mA,mA_hat,.1402762468611993,3.6874208,1433,1229,204
mA,mA_hat,.1404270845716732,3.6874399,1433,1231,202
mA,mA_hat,.1407810438996348,3.687484,1433,1231,202
mA,mA_hat,.1417929109866477,3.6876032,1433,1233,200
mA,mA_hat,.1420186409738858,3.6876252,1433,1234,199
mA,mA_hat,.1423652969793087,3.6876574,1433,1235,198
mA,mA_hat,.1426674854382662,3.687686,1433,1236,197
mA,mA_hat,.1430067540314545,3.6877162,1433,1237,196
mA,mA_hat,.1440248508012998,3.6878049,1433,1237,196
mA,mA_hat,.1440758176057732,3.6878092,1433,1238,195
mA,mA_hat,.1441342372171183,3.687814,1433,1240,193
mA,mA_hat,.1443213490152465,3.6878304,1433,1241,192
mA,mA_hat,.1446272316604404,3.6878562,1433,1242,191
mA,mA_hat,.1446327404226338,3.6878567,1433,1243,190
mA,mA_hat,.1446508818376545,3.6878583,1433,1244,189
mA,mA_hat,.1447533381543975,3.6878672,1433,1245,188
mA,mA_hat,.1450468766825877,3.6878927,1433,1246,187
mA,mA_hat,.1454819705720268,3.6879301,1433,1247,186
mA,mA_hat,.1461103875236473,3.687984,1433,1248,185
mA,mA_hat,.1461250787697813,3.6879854,1433,1249,184
mA,mA_hat,.1461785869594869,3.6879907,1433,1250,183
mA,mA_hat,.1462466534674483,3.6879973,1433,1251,182
mA,mA_hat,.146760594031116,3.6880467,1433,1252,181
mA,mA_hat,.1469548821121512,3.6880648,1433,1252,181
mA,mA_hat,.1471593144935666,3.6880836,1433,1253,180
mA,mA_hat,.1472648709872481,3.6880932,1433,1255,178
mA,mA_hat,.1473557519851547,3.6881011,1433,1256,177
mA,mA_hat,.1474833674082845,3.688112,1433,1257,176
mA,mA_hat,.1474835555448788,3.688112,1433,1258,175
mA,mA_hat,.147622057304726,3.6881237,1433,1259,174
mA,mA_hat,.1476285749236857,3.6881244,1433,1260,173
mA,mA_hat,.1478899485778886,3.6881464,1433,1260,173
mA,mA_hat,.148102615941951,3.6881645,1433,1262,171
mA,mA_hat,.1481468723297483,3.688168,1433,1262,171
mA,mA_hat,.1485463256598131,3.6881995,1433,1263,170
mA,mA_hat,.1487777223874688,3.6882172,1433,1265,168
mA,mA_hat,.1489505173682823,3.6882308,1433,1265,168
mA,mA_hat,.1490756925013913,3.6882408,1433,1266,167
mA,mA_hat,.149337426443146,3.6882608,1433,1268,165
mA,mA_hat,.1496473231517406,3.6882842,1433,1268,165
mA,mA_hat,.1496935700011452,3.6882873,1433,1270,163
mA,mA_hat,.149747468934628,3.6882908,1433,1270,163
mA,mA_hat,.1499652421380192,3.6883044,1433,1272,161
mA,mA_hat,.1499720731923907,3.6883049,1433,1273,160
mA,mA_hat,.1506592437908127,3.6883476,1433,1274,159
mA,mA_hat,.1507902677619485,3.6883554,1433,1275,158
mA,mA_hat,.1511032804168764,3.688375,1433,1276,157
mA,mA_hat,.1511618232861056,3.6883788,1433,1277,156
mA,mA_hat,.1513923362046145,3.6883938,1433,1278,155
mA,mA_hat,.1516321792019616,3.6884093,1433,1279,154
mA,mA_hat,.1517961600413828,3.6884198,1433,1280,153
mA,mA_hat,.1518837116372247,3.6884253,1433,1280,153
mA,mA_hat,.1519222279439428,3.6884277,1433,1282,151
mA,mA_hat,.1519433960310395,3.6884289,1433,1283,150
mA,mA_hat,.1526139696363815,3.6884701,1433,1284,149
mA,mA_hat,.1529351355081339,3.6884897,1433,1284,149
mA,mA_hat,.1533648331787403,3.6885157,1433,1286,147
mA,mA_hat,.1534377586923699,3.6885202,1433,1286,147
mA,mA_hat,.1540211809679234,3.688555,1433,1288,145
mA,mA_hat,.1540697240152932,3.6885579,1433,1288,145
mA,mA_hat,.1541519335703073,3.6885629,1433,1289,144
theta,theta_hat_A,-.0109907471094788,3.680984,1433,145,1288
theta,theta_hat_A,-.0109637970627779,3.680985,1433,145,1288
theta,theta_hat_A,-.0107644802360171,3.6809921,1433,147,1286
theta,theta_hat_A,-.0106723603753153,3.6809957,1433,148,1285
theta,theta_hat_A,-.010471839670048,3.6810031,1433,149,1284
theta,theta_hat_A,-.0103079529822306,3.6810093,1433,149,1284
theta,theta_hat_A,-.0099212018748091,3.6810229,1433,151,1282
theta,theta_hat_A,-.0098453126450853,3.6810248,1433,151,1282
theta,theta_hat_A,-.0096331270306368,3.68103,1433,152,1281
theta,theta_hat_A,-.0095363810516064,3.6810319,1433,153,1280
theta,theta_hat_A,-.0089587414780464,3.6810436,1433,154,1279
theta,theta_hat_A,-.0084183428054495,3.6810524,1433,155,1278
theta,theta_hat_A,-.0082968379838149,3.6810567,1433,157,1276
theta,theta_hat_A,-.0078365217136728,3.6810727,1433,158,1275
theta,theta_hat_A,-.0077259509459905,3.6810756,1433,158,1275
theta,theta_hat_A,-.0077008683735494,3.6810763,1433,159,1274
theta,theta_hat_A,-.0073629263645568,3.6810877,1433,160,1273
theta,theta_hat_A,-.0073398699138709,3.6810884,1433,162,1271
theta,theta_hat_A,-.0072727384672246,3.6810906,1433,162,1271
theta,theta_hat_A,-.007135762025879,3.6810942,1433,163,1270
theta,theta_hat_A,-.0069820885229907,3.6810963,1433,165,1268
theta,theta_hat_A,-.00695265512878,3.6810968,1433,165,1268
theta,theta_hat_A,-.0067708919744666,3.6810999,1433,166,1267
theta,theta_hat_A,-.0065169989604535,3.6811037,1433,168,1265
theta,theta_hat_A,-.0064848046677888,3.6811042,1433,169,1264
theta,theta_hat_A,-.0063549716512386,3.6811066,1433,170,1263
theta,theta_hat_A,-.0059691760405944,3.6811152,1433,170,1263
theta,theta_hat_A,-.0059339910326614,3.6811156,1433,171,1262
theta,theta_hat_A,-.0058028225461208,3.6811168,1433,172,1261
theta,theta_hat_A,-.0054285711352581,3.6811221,1433,173,1260
theta,theta_hat_A,-.0052889121011866,3.6811242,1433,175,1258
theta,theta_hat_A,-.0052864326023301,3.6811242,1433,175,1258
theta,theta_hat_A,-.0050651246242591,3.6811266,1433,177,1256
theta,theta_hat_A,-.0050047852196684,3.6811273,1433,177,1256
theta,theta_hat_A,-.0049679281324459,3.6811283,1433,179,1254
theta,theta_hat_A,-.004966118277231,3.6811283,1433,180,1253
theta,theta_hat_A,-.0049599254591476,3.6811285,1433,181,1252
theta,theta_hat_A,-.0048866663646742,3.6811295,1433,182,1251
theta,theta_hat_A,-.0047575457197051,3.6811311,1433,183,1250
theta,theta_hat_A,-.0046890029669848,3.6811328,1433,183,1250
theta,theta_hat_A,-.004688163354907,3.6811328,1433,185,1248
theta,theta_hat_A,-.0046528049999141,3.6811345,1433,185,1248
theta,theta_hat_A,-.0045913367819054,3.6811371,1433,186,1247
theta,theta_hat_A,-.0044316710276927,3.681144,1433,187,1246
theta,theta_hat_A,-.0044135820775007,3.681145,1433,188,1245
theta,theta_hat_A,-.0043774161733335,3.6811466,1433,190,1243
theta,theta_hat_A,-.0042780483876549,3.6811521,1433,191,1242
theta,theta_hat_A,-.0042636148668475,3.6811528,1433,192,1241
theta,theta_hat_A,-.0042523215920625,3.6811533,1433,192,1241
theta,theta_hat_A,-.0042511043463251,3.6811533,1433,193,1240
theta,theta_hat_A,-.0041178254742518,3.6811576,1433,194,1239
theta,theta_hat_A,-.0038125777745551,3.68117,1433,196,1237
theta,theta_hat_A,-.0038096972756085,3.6811702,1433,196,1237
theta,theta_hat_A,-.0038041562466103,3.6811705,1433,197,1236
theta,theta_hat_A,-.0037649152827748,3.6811726,1433,199,1234
theta,theta_hat_A,-.0037474163576414,3.6811736,1433,199,1234
theta,theta_hat_A,-.0037041433814255,3.6811757,1433,201,1232
theta,theta_hat_A,-.0036917483977881,3.6811764,1433,201,1232
theta,theta_hat_A,-.0036893036010326,3.6811767,1433,203,1230
theta,theta_hat_A,-.003520042302081,3.6811893,1433,204,1229
theta,theta_hat_A,-.0034448703768258,3.6811941,1433,205,1228
theta,theta_hat_A,-.0034245968359704,3.6811953,1433,206,1227
theta,theta_hat_A,-.0031906024780393,3.6812103,1433,207,1226
theta,theta_hat_A,-.0031883783319257,3.6812105,1433,208,1225
theta,theta_hat_A,-.0030409917119961,3.6812232,1433,209,1224
theta,theta_hat_A,-.0029892814059984,3.6812274,1433,209,1224
theta,theta_hat_A,-.0029203970518527,3.6812332,1433,210,1223
theta,theta_hat_A,-.002911295111735,3.6812339,1433,212,1221
theta,theta_hat_A,-.002875457862716,3.681237,1433,213,1220
theta,theta_hat_A,-.0028154652748187,3.681242,1433,213,1220
theta,theta_hat_A,-.0026008126173666,3.6812596,1433,215,1218
theta,theta_hat_A,-.0025233867979465,3.6812661,1433,215,1218
theta,theta_hat_A,-.002515134380671,3.6812668,1433,217,1216
theta,theta_hat_A,-.0024131978533793,3.6812749,1433,218,1215
theta,theta_hat_A,-.002409477929632,3.6812754,1433,219,1214
theta,theta_hat_A,-.0023530214818642,3.6812801,1433,219,1214
theta,theta_hat_A,-.0022286882521156,3.6812913,1433,221,1212
theta,theta_hat_A,-.0022284071358602,3.6812913,1433,221,1212
theta,theta_hat_A,-.0021865266034321,3.6812947,1433,223,1210
theta,theta_hat_A,-.0021808496363268,3.6812949,1433,224,1209
theta,theta_hat_A,-.0021246513545985,3.6812985,1433,224,1209
theta,theta_hat_A,-.0021116248637093,3.6812994,1433,225,1208
theta,theta_hat_A,-.0020256240429144,3.6813056,1433,227,1206
theta,theta_hat_A,-.0020235223362264,3.6813056,1433,228,1205
theta,theta_hat_A,-.0019753097251311,3.6813092,1433,228,1205
theta,theta_hat_A,-.0019728756045384,3.6813092,1433,230,1203
theta,theta_hat_A,-.0019567677567529,3.6813104,1433,231,1202
theta,theta_hat_A,-.0017031091605613,3.6813281,1433,231,1202
theta,theta_hat_A,-.0016739058979732,3.6813302,1433,233,1200
theta,theta_hat_A,-.0016327005510956,3.6813333,1433,233,1200
theta,theta_hat_A,-.0014804270321805,3.6813455,1433,234,1199
theta,theta_hat_A,-.001300464987316,3.6813614,1433,235,1198
theta,theta_hat_A,-.001073428224621,3.6813815,1433,236,1197
theta,theta_hat_A,-.0009904900264974,3.6813891,1433,237,1196
theta,theta_hat_A,-.0009230544217132,3.6813953,1433,239,1194
theta,theta_hat_A,-.0009171890873783,3.6813958,1433,240,1193
theta,theta_hat_A,-.0008697642188826,3.6814001,1433,240,1193
theta,theta_hat_A,-.0008447042616162,3.6814022,1433,241,1192
theta,theta_hat_A,-.0008430693310161,3.6814022,1433,242,1191
theta,theta_hat_A,-.0007457156138,3.681411,1433,244,1189
theta,theta_hat_A,-.0007298280137242,3.6814125,1433,244,1189
theta,theta_hat_A,-.0006864416651466,3.6814165,1433,246,1187
theta,theta_hat_A,-.000333024398917,3.681448,1433,246,1187
theta,theta_hat_A,-.0002689477488232,3.6814535,1433,247,1186
theta,theta_hat_A,-.0002210037061711,3.6814575,1433,249,1184
theta,theta_hat_A,-.0001010569129233,3.6814678,1433,250,1183
theta,theta_hat_A,.000355709488231,3.6815071,1433,251,1182
theta,theta_hat_A,.0004295245847529,3.6815133,1433,251,1182
theta,theta_hat_A,.0004505378665019,3.681515,1433,253,1180
theta,theta_hat_A,.0004519627477697,3.6815152,1433,253,1180
theta,theta_hat_A,.0005073674287831,3.68152,1433,255,1178
theta,theta_hat_A,.000508339532525,3.68152,1433,255,1178
theta,theta_hat_A,.0007153268792901,3.6815367,1433,257,1176
theta,theta_hat_A,.0007258855188321,3.6815376,1433,257,1176
theta,theta_hat_A,.0009762822398415,3.6815569,1433,258,1175
theta,theta_hat_A,.0010747932791842,3.6815646,1433,260,1173
theta,theta_hat_A,.0010997905242386,3.6815665,1433,261,1172
theta,theta_hat_A,.0011050791658265,3.681567,1433,261,1172
theta,theta_hat_A,.0011431221840186,3.6815698,1433,263,1170
theta,theta_hat_A,.001149201464238,3.6815703,1433,264,1169
theta,theta_hat_A,.0012457784892275,3.6815772,1433,265,1168
theta,theta_hat_A,.0016282927420555,3.6816037,1433,266,1167
theta,theta_hat_A,.0017778078774432,3.6816139,1433,266,1167
theta,theta_hat_A,.0018834775707263,3.6816208,1433,268,1165
theta,theta_hat_A,.0018954422598571,3.6816216,1433,269,1164
theta,theta_hat_A,.0020669862557531,3.6816328,1433,270,1163
theta,theta_hat_A,.0021282431709012,3.6816366,1433,271,1162
theta,theta_hat_A,.0021780342632414,3.6816397,1433,271,1162
theta,theta_hat_A,.0023079617812966,3.6816478,1433,272,1161
theta,theta_hat_A,.0023082855981534,3.6816478,1433,274,1159
theta,theta_hat_A,.0023771723886289,3.6816518,1433,275,1158
theta,theta_hat_A,.0024322099747391,3.6816549,1433,276,1157
theta,theta_hat_A,.0024758397653132,3.6816576,1433,276,1157
theta,theta_hat_A,.0025339434621813,3.6816611,1433,277,1156
theta,theta_hat_A,.002631202968619,3.6816666,1433,278,1155
theta,theta_hat_A,.0029184832277673,3.6816833,1433,280,1153
theta,theta_hat_A,.0029400655853532,3.6816845,1433,281,1152
theta,theta_hat_A,.0033187560154394,3.681706,1433,281,1152
theta,theta_hat_A,.0033624337081872,3.6817083,1433,282,1151
theta,theta_hat_A,.0033675994716844,3.6817088,1433,283,1150
theta,theta_hat_A,.0033783510388777,3.6817093,1433,284,1149
theta,theta_hat_A,.0033883194293478,3.6817098,1433,286,1147
theta,theta_hat_A,.0034440046737947,3.6817131,1433,286,1147
theta,theta_hat_A,.0034475311341084,3.6817131,1433,288,1145
theta,theta_hat_A,.0034963272019182,3.6817155,1433,289,1144
theta,theta_hat_A,.0036004076992885,3.6817203,1433,289,1144
theta,theta_hat_A,.0036914391984955,3.6817243,1433,290,1143
theta,theta_hat_A,.003849473063187,3.6817312,1433,292,1141
theta,theta_hat_A,.0039948796974701,3.6817377,1433,293,1140
theta,theta_hat_A,.0040909752240778,3.6817417,1433,294,1139
theta,theta_hat_A,.0041313649657416,3.6817436,1433,295,1138
theta,theta_hat_A,.0041827961976994,3.6817458,1433,296,1137
theta,theta_hat_A,.0042171737775029,3.6817472,1433,297,1136
theta,theta_hat_A,.0042193381716796,3.6817474,1433,297,1136
theta,theta_hat_A,.0042412828259111,3.6817482,1433,298,1135
theta,theta_hat_A,.0042866108264304,3.6817501,1433,300,1133
theta,theta_hat_A,.0044161659986374,3.6817553,1433,300,1133
theta,theta_hat_A,.0045704081797816,3.6817615,1433,302,1131
theta,theta_hat_A,.0046296699546292,3.6817639,1433,302,1131
theta,theta_hat_A,.0046346271305108,3.6817641,1433,303,1130
theta,theta_hat_A,.0046611588718418,3.6817651,1433,305,1128
theta,theta_hat_A,.0046702574979859,3.6817656,1433,305,1128
theta,theta_hat_A,.0046890053450989,3.6817663,1433,307,1126
theta,theta_hat_A,.0046926980552944,3.6817665,1433,307,1126
theta,theta_hat_A,.0047026678868474,3.681767,1433,308,1125
theta,theta_hat_A,.004873740391513,3.6817732,1433,310,1123
theta,theta_hat_A,.004903107142858,3.6817744,1433,310,1123
theta,theta_hat_A,.0049119363169763,3.6817746,1433,311,1122
theta,theta_hat_A,.0049311059360926,3.6817753,1433,313,1120
theta,theta_hat_A,.0050307961579896,3.6817789,1433,313,1120
theta,theta_hat_A,.0050782214306121,3.6817803,1433,315,1118
theta,theta_hat_A,.0051161883940927,3.6817815,1433,316,1117
theta,theta_hat_A,.0051168125797946,3.6817815,1433,317,1116
theta,theta_hat_A,.0051348052324858,3.6817822,1433,318,1115
theta,theta_hat_A,.0051727397615848,3.6817834,1433,319,1114
theta,theta_hat_A,.0053796210881676,3.6817896,1433,319,1114
theta,theta_hat_A,.0053887984238562,3.6817901,1433,321,1112
theta,theta_hat_A,.0054121002547999,3.6817908,1433,321,1112
theta,theta_hat_A,.0054605785350148,3.6817923,1433,322,1111
theta,theta_hat_A,.0055440461976348,3.6817949,1433,324,1109
theta,theta_hat_A,.0055458792706954,3.6817949,1433,324,1109
theta,theta_hat_A,.0055738260853525,3.6817958,1433,325,1108
theta,theta_hat_A,.0056074512149507,3.681797,1433,326,1107
theta,theta_hat_A,.0056870198905844,3.6817997,1433,327,1106
theta,theta_hat_A,.0057161059222775,3.6818006,1433,328,1105
theta,theta_hat_A,.0057220137194026,3.6818008,1433,330,1103
theta,theta_hat_A,.0057446199050123,3.6818016,1433,331,1102
theta,theta_hat_A,.0057689244114318,3.6818025,1433,331,1102
theta,theta_hat_A,.005776198387153,3.6818027,1433,332,1101
theta,theta_hat_A,.0058374585968014,3.6818051,1433,334,1099
theta,theta_hat_A,.0058790266489391,3.6818066,1433,334,1099
theta,theta_hat_A,.0059706538464098,3.6818099,1433,336,1097
theta,theta_hat_A,.0060169815217503,3.6818116,1433,336,1097
theta,theta_hat_A,.0060282967452755,3.681812,1433,337,1096
theta,theta_hat_A,.0061191990671012,3.6818156,1433,338,1095
theta,theta_hat_A,.0061597569012904,3.6818171,1433,340,1093
theta,theta_hat_A,.0062752707980578,3.6818213,1433,340,1093
theta,theta_hat_A,.0063117225769886,3.6818225,1433,341,1092
theta,theta_hat_A,.006397908973665,3.6818256,1433,343,1090
theta,theta_hat_A,.0064182578319638,3.6818264,1433,344,1089
theta,theta_hat_A,.0064215797624109,3.6818264,1433,344,1089
theta,theta_hat_A,.006605759842786,3.6818335,1433,346,1087
theta,theta_hat_A,.0066387805230357,3.6818347,1433,347,1086
theta,theta_hat_A,.0066936496737677,3.6818368,1433,347,1086
theta,theta_hat_A,.0067605876889212,3.6818392,1433,349,1084
theta,theta_hat_A,.006828008839513,3.6818419,1433,349,1084
theta,theta_hat_A,.0068383242971625,3.6818423,1433,351,1082
theta,theta_hat_A,.0068670458276951,3.6818433,1433,352,1081
theta,theta_hat_A,.0068948684953063,3.6818445,1433,353,1080
theta,theta_hat_A,.0069420278612307,3.6818461,1433,354,1079
theta,theta_hat_A,.0069511634241885,3.6818466,1433,354,1079
theta,theta_hat_A,.0069591928757599,3.6818469,1433,356,1077
theta,theta_hat_A,.0070231518944392,3.6818497,1433,357,1076
theta,theta_hat_A,.0070445900410062,3.6818504,1433,358,1075
theta,theta_hat_A,.0070698427350091,3.6818516,1433,358,1075
theta,theta_hat_A,.0071336349928352,3.681854,1433,359,1074
theta,theta_hat_A,.0071350789922459,3.6818542,1433,361,1072
theta,theta_hat_A,.0071562730052992,3.6818554,1433,361,1072
theta,theta_hat_A,.007259025610102,3.6818621,1433,362,1071
theta,theta_hat_A,.0072940453618651,3.6818643,1433,364,1069
theta,theta_hat_A,.0073144101714217,3.6818655,1433,364,1069
theta,theta_hat_A,.0073191878762037,3.6818659,1433,366,1067
theta,theta_hat_A,.0073369459146837,3.6818669,1433,367,1066
theta,theta_hat_A,.0073508657815165,3.6818678,1433,367,1066
theta,theta_hat_A,.0073790890268639,3.6818695,1433,368,1065
theta,theta_hat_A,.007488426847746,3.6818762,1433,370,1063
theta,theta_hat_A,.0075624235899143,3.6818807,1433,371,1062
theta,theta_hat_A,.0075787195313976,3.6818817,1433,372,1061
theta,theta_hat_A,.0076076436400006,3.6818836,1433,373,1060
theta,theta_hat_A,.0076426855496214,3.6818857,1433,374,1059
theta,theta_hat_A,.0077167076889017,3.6818905,1433,374,1059
theta,theta_hat_A,.0077230388386725,3.6818907,1433,376,1057
theta,theta_hat_A,.0077785662697165,3.6818943,1433,376,1057
theta,theta_hat_A,.0077921411384481,3.6818953,1433,377,1056
theta,theta_hat_A,.0078898068133612,3.6819015,1433,379,1054
theta,theta_hat_A,.0080591574492944,3.6819129,1433,380,1053
theta,theta_hat_A,.0080694138420765,3.6819136,1433,381,1052
theta,theta_hat_A,.0081396326692182,3.6819184,1433,382,1051
theta,theta_hat_A,.0081704513994118,3.6819205,1433,382,1051
theta,theta_hat_A,.0082169807074904,3.6819241,1433,384,1049
theta,theta_hat_A,.008287699843027,3.6819293,1433,385,1048
theta,theta_hat_A,.0083371403645215,3.6819329,1433,386,1047
theta,theta_hat_A,.0083578239513216,3.6819344,1433,387,1046
theta,theta_hat_A,.0084948072404632,3.6819444,1433,387,1046
theta,theta_hat_A,.0085089783131439,3.6819456,1433,388,1045
theta,theta_hat_A,.0085510321154892,3.6819487,1433,389,1044
theta,theta_hat_A,.008569444316133,3.6819501,1433,391,1042
theta,theta_hat_A,.0085748270343253,3.6819506,1433,391,1042
theta,theta_hat_A,.0086224270230792,3.6819539,1433,392,1041
theta,theta_hat_A,.008646337646375,3.6819556,1433,394,1039
theta,theta_hat_A,.0087225811156116,3.6819613,1433,395,1038
theta,theta_hat_A,.0087623252662871,3.6819642,1433,396,1037
theta,theta_hat_A,.0087713218522081,3.6819649,1433,397,1036
theta,theta_hat_A,.0088175569262663,3.681968,1433,398,1035
theta,theta_hat_A,.0089640627069003,3.6819782,1433,398,1035
theta,theta_hat_A,.0089793403173572,3.6819792,1433,399,1034
theta,theta_hat_A,.0090108494536197,3.6819816,1433,400,1033
theta,theta_hat_A,.0090512949974407,3.6819844,1433,401,1032
theta,theta_hat_A,.0090568006236299,3.6819847,1433,403,1030
theta,theta_hat_A,.0090802814617414,3.6819863,1433,403,1030
theta,theta_hat_A,.0092547253441404,3.681999,1433,405,1028
theta,theta_hat_A,.0093209821050643,3.6820035,1433,405,1028
theta,theta_hat_A,.0093253322153811,3.682004,1433,406,1027
theta,theta_hat_A,.0094677030073057,3.6820145,1433,408,1025
theta,theta_hat_A,.0094713414311656,3.6820147,1433,409,1024
theta,theta_hat_A,.0094794661733761,3.6820152,1433,410,1023
theta,theta_hat_A,.0095157526548022,3.682018,1433,411,1022
theta,theta_hat_A,.0095322647065006,3.6820192,1433,411,1022
theta,theta_hat_A,.0095617363962399,3.6820214,1433,412,1021
theta,theta_hat_A,.0096072986753099,3.682025,1433,413,1020
theta,theta_hat_A,.0096274855651311,3.6820264,1433,414,1019
theta,theta_hat_A,.0096789821406263,3.6820304,1433,416,1017
theta,theta_hat_A,.0096874157643435,3.6820312,1433,417,1016
theta,theta_hat_A,.0097092796288952,3.6820328,1433,417,1016
theta,theta_hat_A,.0097505780029957,3.6820362,1433,418,1015
theta,theta_hat_A,.0097569755769925,3.6820366,1433,419,1014
theta,theta_hat_A,.0098110882106751,3.6820409,1433,421,1012
theta,theta_hat_A,.0098212445066485,3.6820419,1433,422,1011
theta,theta_hat_A,.0098709779159485,3.6820457,1433,422,1011
theta,theta_hat_A,.0099032480029066,3.6820483,1433,423,1010
theta,theta_hat_A,.0099642388854323,3.6820531,1433,425,1008
theta,theta_hat_A,.0100690557764635,3.6820619,1433,425,1008
theta,theta_hat_A,.0100699584563173,3.6820619,1433,427,1006
theta,theta_hat_A,.0100742862712962,3.6820621,1433,428,1005
theta,theta_hat_A,.0101348585773195,3.6820672,1433,429,1004
theta,theta_hat_A,.0102503974294461,3.6820767,1433,430,1003
theta,theta_hat_A,.0103049000027575,3.6820812,1433,430,1003
theta,theta_hat_A,.0103087374741559,3.6820815,1433,431,1002
theta,theta_hat_A,.0103648073259224,3.682086,1433,432,1001
theta,theta_hat_A,.0103684881228664,3.6820862,1433,434,999
theta,theta_hat_A,.0103985110666429,3.6820886,1433,435,998
theta,theta_hat_A,.0104226806713918,3.6820908,1433,435,998
theta,theta_hat_A,.0104367209569139,3.6820917,1433,437,996
theta,theta_hat_A,.0104584859304956,3.6820934,1433,438,995
theta,theta_hat_A,.0106531182546302,3.6821079,1433,439,994
theta,theta_hat_A,.0106667560187776,3.6821091,1433,439,994
theta,theta_hat_A,.0107190421938885,3.6821129,1433,440,993
theta,theta_hat_A,.0108208128418971,3.6821206,1433,441,992
theta,theta_hat_A,.0110065558560535,3.6821344,1433,442,991
theta,theta_hat_A,.0110144099634269,3.6821349,1433,443,990
theta,theta_hat_A,.0110203893158501,3.6821353,1433,444,989
theta,theta_hat_A,.0110235612449853,3.6821356,1433,446,987
theta,theta_hat_A,.0110596687328616,3.6821382,1433,447,986
theta,theta_hat_A,.0110652054898066,3.6821387,1433,448,985
theta,theta_hat_A,.0110690710645646,3.6821389,1433,448,985
theta,theta_hat_A,.0111507122681897,3.6821449,1433,450,983
theta,theta_hat_A,.0112623595209278,3.6821527,1433,450,983
theta,theta_hat_A,.0112955660220978,3.6821549,1433,451,982
theta,theta_hat_A,.0114308783562118,3.6821644,1433,453,980
theta,theta_hat_A,.0114669009161067,3.6821671,1433,453,980
theta,theta_hat_A,.0114976121698312,3.682169,1433,454,979
theta,theta_hat_A,.0116813897135128,3.6821816,1433,456,977
theta,theta_hat_A,.0117483443398798,3.6821859,1433,457,976
theta,theta_hat_A,.0117672898683948,3.6821871,1433,457,976
theta,theta_hat_A,.011782432783326,3.6821883,1433,458,975
theta,theta_hat_A,.0118020016582041,3.6821895,1433,459,974
theta,theta_hat_A,.0120636806419266,3.6822066,1433,460,973
theta,theta_hat_A,.012084460826456,3.6822078,1433,462,971
theta,theta_hat_A,.0121889126418741,3.6822147,1433,462,971
theta,theta_hat_A,.0121912326594486,3.6822147,1433,463,970
theta,theta_hat_A,.0123699975671811,3.6822264,1433,465,968
theta,theta_hat_A,.0125104716695647,3.6822352,1433,465,968
theta,theta_hat_A,.0125296488545263,3.6822364,1433,466,967
theta,theta_hat_A,.0125793041601135,3.6822395,1433,468,965
theta,theta_hat_A,.0126604033015011,3.6822445,1433,468,965
theta,theta_hat_A,.0126884229938302,3.6822462,1433,470,963
theta,theta_hat_A,.0127111650772624,3.6822476,1433,471,962
theta,theta_hat_A,.0127464722016659,3.6822498,1433,472,961
theta,theta_hat_A,.0127740050242359,3.6822515,1433,472,961
theta,theta_hat_A,.0127959231336766,3.6822529,1433,473,960
theta,theta_hat_A,.0128430650409228,3.6822557,1433,475,958
theta,theta_hat_A,.0129222416120644,3.6822605,1433,475,958
theta,theta_hat_A,.0129845878516379,3.6822643,1433,476,957
theta,theta_hat_A,.0130149739956182,3.6822662,1433,478,955
theta,theta_hat_A,.0130715032537273,3.6822696,1433,479,954
theta,theta_hat_A,.0131478235024738,3.6822741,1433,480,953
theta,theta_hat_A,.0131720820523276,3.6822755,1433,481,952
theta,theta_hat_A,.0132004214256964,3.6822772,1433,482,951
theta,theta_hat_A,.0132317803470174,3.6822791,1433,483,950
theta,theta_hat_A,.0132590887043306,3.6822808,1433,483,950
theta,theta_hat_A,.0133593705126674,3.6822867,1433,484,949
theta,theta_hat_A,.0133742681292151,3.6822877,1433,486,947
theta,theta_hat_A,.0133805010239043,3.6822879,1433,487,946
theta,theta_hat_A,.0134411105300434,3.6822915,1433,487,946
theta,theta_hat_A,.0134654645608503,3.6822929,1433,489,944
theta,theta_hat_A,.0135302475428705,3.6822968,1433,490,943
theta,theta_hat_A,.0135895834460885,3.6823001,1433,491,942
theta,theta_hat_A,.0135985617033012,3.6823006,1433,492,941
theta,theta_hat_A,.0136291802426209,3.6823025,1433,492,941
theta,theta_hat_A,.0136311144380717,3.6823025,1433,493,940
theta,theta_hat_A,.013634475665807,3.6823027,1433,494,939
theta,theta_hat_A,.0136655410749862,3.6823046,1433,495,938
theta,theta_hat_A,.0136816346695893,3.6823053,1433,496,937
theta,theta_hat_A,.0136843759585748,3.6823056,1433,497,936
theta,theta_hat_A,.0136866805624767,3.6823058,1433,498,935
theta,theta_hat_A,.013769710917,3.6823103,1433,500,933
theta,theta_hat_A,.0138519082797189,3.6823151,1433,500,933
theta,theta_hat_A,.0138615666178031,3.6823156,1433,502,931
theta,theta_hat_A,.0139067165894777,3.6823182,1433,503,930
theta,theta_hat_A,.0141473892294396,3.6823313,1433,503,930
theta,theta_hat_A,.014154945990538,3.6823318,1433,505,928
theta,theta_hat_A,.0142651811672463,3.6823378,1433,506,927
theta,theta_hat_A,.0142855628454566,3.6823387,1433,507,926
theta,theta_hat_A,.0143334146539619,3.6823413,1433,508,925
theta,theta_hat_A,.0143581770028551,3.6823428,1433,508,925
theta,theta_hat_A,.0144018019019904,3.6823449,1433,509,924
theta,theta_hat_A,.014507456145379,3.6823506,1433,510,923
theta,theta_hat_A,.0145290333871586,3.6823516,1433,511,922
theta,theta_hat_A,.0145793296709612,3.6823542,1433,512,921
theta,theta_hat_A,.0146269305064236,3.6823568,1433,513,920
theta,theta_hat_A,.0146499466723846,3.682358,1433,514,919
theta,theta_hat_A,.0147060776755722,3.6823609,1433,515,918
theta,theta_hat_A,.0147869486395054,3.6823649,1433,516,917
theta,theta_hat_A,.0148670559570201,3.682369,1433,517,916
theta,theta_hat_A,.0148726307821931,3.6823695,1433,519,914
theta,theta_hat_A,.0148929425093155,3.6823704,1433,520,913
theta,theta_hat_A,.0149072723108445,3.6823711,1433,520,913
theta,theta_hat_A,.0149078897594857,3.6823711,1433,521,912
theta,theta_hat_A,.0149348272519476,3.6823726,1433,523,910
theta,theta_hat_A,.0151453208614281,3.6823828,1433,523,910
theta,theta_hat_A,.0152250333480571,3.6823869,1433,525,908
theta,theta_hat_A,.0153466358922144,3.6823926,1433,526,907
theta,theta_hat_A,.0153734862988474,3.682394,1433,527,906
theta,theta_hat_A,.0155128347994412,3.6824005,1433,528,905
theta,theta_hat_A,.0155260600806666,3.6824012,1433,528,905
theta,theta_hat_A,.0155479971174716,3.6824021,1433,529,904
theta,theta_hat_A,.0156004452905456,3.6824045,1433,530,903
theta,theta_hat_A,.0157891368979806,3.6824126,1433,531,902
theta,theta_hat_A,.0157908152052859,3.6824126,1433,532,901
theta,theta_hat_A,.0158047914407523,3.6824133,1433,534,899
theta,theta_hat_A,.0158967872651856,3.6824176,1433,534,899
theta,theta_hat_A,.0160845702627048,3.6824262,1433,535,898
theta,theta_hat_A,.0161201680413145,3.6824279,1433,537,896
theta,theta_hat_A,.0161890607291946,3.682431,1433,538,895
theta,theta_hat_A,.0163212999756469,3.6824365,1433,538,895
theta,theta_hat_A,.0163389111979494,3.6824372,1433,540,893
theta,theta_hat_A,.0164212809804144,3.6824405,1433,541,892
theta,theta_hat_A,.0164587870619012,3.6824419,1433,541,892
theta,theta_hat_A,.0164690771417037,3.6824424,1433,542,891
theta,theta_hat_A,.016564272581408,3.6824462,1433,544,889
theta,theta_hat_A,.0165809580234244,3.6824467,1433,545,888
theta,theta_hat_A,.0166194093026548,3.6824481,1433,546,887
theta,theta_hat_A,.0168538334279521,3.6824565,1433,547,886
theta,theta_hat_A,.0168568779684531,3.6824565,1433,548,885
theta,theta_hat_A,.0170089592864844,3.6824617,1433,549,884
theta,theta_hat_A,.0170566731118617,3.6824634,1433,550,883
theta,theta_hat_A,.0171135942916643,3.6824653,1433,550,883
theta,theta_hat_A,.0171388640104303,3.6824663,1433,551,882
theta,theta_hat_A,.0171914110524985,3.6824679,1433,553,880
theta,theta_hat_A,.0171988004099358,3.6824682,1433,553,880
theta,theta_hat_A,.0173408887299973,3.6824722,1433,555,878
theta,theta_hat_A,.0173485888930094,3.6824725,1433,555,878
theta,theta_hat_A,.0173705325730178,3.6824729,1433,557,876
theta,theta_hat_A,.0175270791971008,3.6824772,1433,558,875
theta,theta_hat_A,.0176536798885999,3.6824803,1433,558,875
theta,theta_hat_A,.0176603765661762,3.6824806,1433,560,873
theta,theta_hat_A,.0177016626472362,3.6824815,1433,561,872
theta,theta_hat_A,.0177190087551469,3.682482,1433,561,872
theta,theta_hat_A,.0177696789424748,3.6824834,1433,562,871
theta,theta_hat_A,.0179909364729794,3.6824887,1433,564,869
theta,theta_hat_A,.0181006739217622,3.6824913,1433,564,869
theta,theta_hat_A,.0182155335530739,3.6824942,1433,566,867
theta,theta_hat_A,.0182277521370697,3.6824946,1433,567,866
theta,theta_hat_A,.0182460675770502,3.6824949,1433,567,866
theta,theta_hat_A,.0182789748963433,3.6824958,1433,568,865
theta,theta_hat_A,.0182933412345294,3.6824961,1433,569,864
theta,theta_hat_A,.0183004855281591,3.6824963,1433,571,862
theta,theta_hat_A,.0184803537568909,3.6825001,1433,571,862
theta,theta_hat_A,.0184865472893984,3.6825004,1433,573,860
theta,theta_hat_A,.0186241235968232,3.6825037,1433,573,860
theta,theta_hat_A,.0187514458154886,3.682507,1433,574,859
theta,theta_hat_A,.0187890153656949,3.682508,1433,575,858
theta,theta_hat_A,.0187977701095482,3.6825082,1433,576,857
theta,theta_hat_A,.0188497932295771,3.6825097,1433,578,855
theta,theta_hat_A,.0190647541090378,3.6825149,1433,579,854
theta,theta_hat_A,.0191143942759157,3.6825161,1433,580,853
theta,theta_hat_A,.0191242734259842,3.6825163,1433,581,852
theta,theta_hat_A,.0192355103215201,3.682519,1433,581,852
theta,theta_hat_A,.0193044541872217,3.6825204,1433,583,850
theta,theta_hat_A,.0193832688965453,3.6825221,1433,583,850
theta,theta_hat_A,.0195432359844103,3.6825256,1433,585,848
theta,theta_hat_A,.0195452509609261,3.6825256,1433,586,847
theta,theta_hat_A,.0195949041394644,3.6825266,1433,587,846
theta,theta_hat_A,.0196067516150889,3.6825268,1433,587,846
theta,theta_hat_A,.0196335363894393,3.6825273,1433,589,844
theta,theta_hat_A,.0196572023824319,3.6825278,1433,589,844
theta,theta_hat_A,.019699338681785,3.6825285,1433,590,843
theta,theta_hat_A,.0197579839868773,3.6825294,1433,591,842
theta,theta_hat_A,.0197878140830456,3.6825299,1433,593,840
theta,theta_hat_A,.0199090354434645,3.6825318,1433,594,839
theta,theta_hat_A,.0200643036464261,3.682534,1433,594,839
theta,theta_hat_A,.020087794571241,3.6825345,1433,595,838
theta,theta_hat_A,.0201988051515839,3.6825354,1433,597,836
theta,theta_hat_A,.0202267921855524,3.6825356,1433,597,836
theta,theta_hat_A,.0202324564478157,3.6825356,1433,598,835
theta,theta_hat_A,.020234000841934,3.6825356,1433,599,834
theta,theta_hat_A,.0202787221888519,3.6825361,1433,600,833
theta,theta_hat_A,.0202910026103014,3.6825364,1433,601,832
theta,theta_hat_A,.020355504517313,3.6825368,1433,603,830
theta,theta_hat_A,.0204144977711399,3.6825373,1433,604,829
theta,theta_hat_A,.0204391611965115,3.6825373,1433,604,829
theta,theta_hat_A,.0204657326543034,3.6825373,1433,606,827
theta,theta_hat_A,.0205182297482376,3.6825373,1433,607,826
theta,theta_hat_A,.0205239329350931,3.6825373,1433,608,825
theta,theta_hat_A,.0205805124201615,3.6825376,1433,609,824
theta,theta_hat_A,.0206043235383845,3.6825376,1433,610,823
theta,theta_hat_A,.020637637964326,3.6825376,1433,610,823
theta,theta_hat_A,.0208048500631442,3.6825378,1433,611,822
theta,theta_hat_A,.0208289003611497,3.6825378,1433,613,820
theta,theta_hat_A,.0208715996407269,3.682538,1433,613,820
theta,theta_hat_A,.0209859243189696,3.6825387,1433,615,818
theta,theta_hat_A,.0209977997823074,3.6825387,1433,616,817
theta,theta_hat_A,.0211106241071405,3.682539,1433,617,816
theta,theta_hat_A,.0211539459918071,3.682539,1433,618,815
theta,theta_hat_A,.0211874538213779,3.6825392,1433,619,814
theta,theta_hat_A,.021222450984356,3.682539,1433,619,814
theta,theta_hat_A,.0212565528766161,3.682539,1433,620,813
theta,theta_hat_A,.0214640379037507,3.6825385,1433,621,812
theta,theta_hat_A,.0214642593327318,3.6825385,1433,623,810
theta,theta_hat_A,.0215957493053586,3.6825378,1433,623,810
theta,theta_hat_A,.021599879282337,3.6825378,1433,625,808
theta,theta_hat_A,.0216563710705068,3.6825378,1433,626,807
theta,theta_hat_A,.0217813008455964,3.6825378,1433,626,807
theta,theta_hat_A,.0217955537016567,3.6825378,1433,627,806
theta,theta_hat_A,.0217992641429396,3.6825378,1433,629,804
theta,theta_hat_A,.0218389008757819,3.6825378,1433,630,803
theta,theta_hat_A,.0218707278115502,3.6825378,1433,631,802
theta,theta_hat_A,.0218917467418312,3.6825378,1433,631,802
theta,theta_hat_A,.0219425010726781,3.6825378,1433,632,801
theta,theta_hat_A,.0219680545150684,3.6825378,1433,633,800
theta,theta_hat_A,.0220460767708444,3.6825378,1433,634,799
theta,theta_hat_A,.0220880564980352,3.6825378,1433,636,797
theta,theta_hat_A,.0221268528092401,3.6825378,1433,637,796
theta,theta_hat_A,.0221338506033229,3.6825378,1433,638,795
theta,theta_hat_A,.0221617257277713,3.6825378,1433,639,794
theta,theta_hat_A,.0222806015043903,3.6825373,1433,639,794
theta,theta_hat_A,.0222812629021383,3.6825373,1433,641,792
theta,theta_hat_A,.0223230496952081,3.6825371,1433,641,792
theta,theta_hat_A,.0223455567095758,3.6825371,1433,642,791
theta,theta_hat_A,.0223632870816239,3.6825371,1433,644,789
theta,theta_hat_A,.0224511001653705,3.6825364,1433,645,788
theta,theta_hat_A,.0225697120406979,3.6825349,1433,645,788
theta,theta_hat_A,.0225759710131101,3.6825349,1433,646,787
theta,theta_hat_A,.0226154655047551,3.6825345,1433,648,785
theta,theta_hat_A,.0226842599824613,3.6825335,1433,649,784
theta,theta_hat_A,.0226892255053178,3.6825335,1433,650,783
theta,theta_hat_A,.0227338969757786,3.682533,1433,650,783
theta,theta_hat_A,.0227593382118465,3.6825328,1433,652,781
theta,theta_hat_A,.0228156177021498,3.6825321,1433,652,781
theta,theta_hat_A,.0228210614377661,3.6825321,1433,653,780
theta,theta_hat_A,.0228348196069076,3.6825318,1433,654,779
theta,theta_hat_A,.0229519411587612,3.6825302,1433,655,778
theta,theta_hat_A,.0229773076065635,3.6825297,1433,656,777
theta,theta_hat_A,.0231602594214292,3.6825266,1433,657,776
theta,theta_hat_A,.0231741967965854,3.6825266,1433,659,774
theta,theta_hat_A,.0232424099370235,3.6825259,1433,660,773
theta,theta_hat_A,.0233118083303013,3.6825252,1433,661,772
theta,theta_hat_A,.0235278116776423,3.682523,1433,661,772
theta,theta_hat_A,.0235649915600545,3.6825225,1433,662,771
theta,theta_hat_A,.0235988018337631,3.6825223,1433,664,769
theta,theta_hat_A,.0236219849399873,3.6825223,1433,664,769
theta,theta_hat_A,.0236790992286087,3.6825216,1433,666,767
theta,theta_hat_A,.023775444194502,3.6825204,1433,666,767
theta,theta_hat_A,.023803520452522,3.6825202,1433,667,766
theta,theta_hat_A,.0239524623472756,3.6825175,1433,668,765
theta,theta_hat_A,.024025707575032,3.6825161,1433,670,763
theta,theta_hat_A,.0240510111984941,3.6825154,1433,671,762
theta,theta_hat_A,.024105390482719,3.6825144,1433,672,761
theta,theta_hat_A,.0242514247623489,3.6825111,1433,672,761
theta,theta_hat_A,.0243193284074948,3.6825094,1433,673,760
theta,theta_hat_A,.0245402353041031,3.6825039,1433,675,758
theta,theta_hat_A,.0245706720931382,3.6825032,1433,675,758
theta,theta_hat_A,.0246034881538196,3.6825023,1433,676,757
theta,theta_hat_A,.0246330255876494,3.6825016,1433,677,756
theta,theta_hat_A,.0247980961540342,3.682497,1433,678,755
theta,theta_hat_A,.0248194607148754,3.682497,1433,680,753
theta,theta_hat_A,.0249592092927214,3.6824956,1433,681,752
theta,theta_hat_A,.0249909818065636,3.6824954,1433,681,752
theta,theta_hat_A,.0252265942899282,3.6824925,1433,683,750
theta,theta_hat_A,.0252757876210924,3.6824918,1433,683,750
theta,theta_hat_A,.0252785083104116,3.6824918,1433,684,749
theta,theta_hat_A,.0252805925369309,3.6824915,1433,685,748
theta,theta_hat_A,.0253666782128067,3.6824896,1433,687,746
theta,theta_hat_A,.0254205096475288,3.6824884,1433,688,745
theta,theta_hat_A,.025450890482168,3.6824877,1433,689,744
theta,theta_hat_A,.0255497484169108,3.6824851,1433,690,743
theta,theta_hat_A,.0255662389007801,3.6824846,1433,690,743
theta,theta_hat_A,.0255885477970363,3.6824839,1433,692,741
theta,theta_hat_A,.0255921791183927,3.6824839,1433,693,740
theta,theta_hat_A,.0257190929721659,3.6824801,1433,693,740
theta,theta_hat_A,.0257339916372789,3.6824796,1433,694,739
theta,theta_hat_A,.0257423495989661,3.6824791,1433,695,738
theta,theta_hat_A,.0257549800310257,3.6824787,1433,697,736
theta,theta_hat_A,.0257730202644472,3.682478,1433,697,736
theta,theta_hat_A,.0257949058181158,3.682477,1433,699,734
theta,theta_hat_A,.0258682271342994,3.6824739,1433,700,733
theta,theta_hat_A,.0259815771244481,3.6824689,1433,701,732
theta,theta_hat_A,.0260165920923752,3.6824672,1433,701,732
theta,theta_hat_A,.0260649155282356,3.6824651,1433,702,731
theta,theta_hat_A,.0261253817920927,3.6824622,1433,703,730
theta,theta_hat_A,.0263794688523339,3.682451,1433,704,729
theta,theta_hat_A,.0264210318460344,3.6824491,1433,706,727
theta,theta_hat_A,.0264298543790384,3.6824486,1433,706,727
theta,theta_hat_A,.0264384946842567,3.6824484,1433,708,725
theta,theta_hat_A,.0266799019884825,3.6824386,1433,708,725
theta,theta_hat_A,.0268095623547483,3.6824322,1433,710,723
theta,theta_hat_A,.026928337779967,3.6824262,1433,711,722
theta,theta_hat_A,.0270259138732103,3.682421,1433,712,721
theta,theta_hat_A,.0270790790801895,3.6824181,1433,712,721
theta,theta_hat_A,.027229788762866,3.6824112,1433,713,720
theta,theta_hat_A,.0272638588176836,3.6824095,1433,714,719
theta,theta_hat_A,.0273877609380803,3.6824038,1433,715,718
theta,theta_hat_A,.0275133310841829,3.6823976,1433,717,716
theta,theta_hat_A,.0275717794604405,3.6823947,1433,717,716
theta,theta_hat_A,.0278875651742741,3.6823773,1433,719,714
theta,theta_hat_A,.0279534057943909,3.6823738,1433,719,714
theta,theta_hat_A,.0279956265486258,3.6823714,1433,720,713
theta,theta_hat_A,.0279974557997147,3.6823714,1433,722,711
theta,theta_hat_A,.0280228286270169,3.6823697,1433,723,710
theta,theta_hat_A,.0280654629716211,3.6823673,1433,723,710
theta,theta_hat_A,.0281482102895124,3.6823626,1433,725,708
theta,theta_hat_A,.0283379444290152,3.6823514,1433,726,707
theta,theta_hat_A,.028395904584381,3.682348,1433,726,707
theta,theta_hat_A,.028398578468075,3.6823478,1433,727,706
theta,theta_hat_A,.028481792498112,3.682343,1433,728,705
theta,theta_hat_A,.0289827249584253,3.6823132,1433,730,703
theta,theta_hat_A,.0292594687862555,3.6822968,1433,731,702
theta,theta_hat_A,.0292839559802215,3.6822953,1433,732,701
theta,theta_hat_A,.0293458076284531,3.6822915,1433,733,700
theta,theta_hat_A,.0296034891363823,3.682276,1433,734,699
theta,theta_hat_A,.0296249627315792,3.6822746,1433,735,698
theta,theta_hat_A,.0297167038201145,3.6822689,1433,736,697
theta,theta_hat_A,.0297585397699099,3.6822662,1433,736,697
theta,theta_hat_A,.0298676278103333,3.6822593,1433,738,695
theta,theta_hat_A,.02988064497717,3.6822584,1433,739,694
theta,theta_hat_A,.0300045965695477,3.6822507,1433,739,694
theta,theta_hat_A,.0300159996978364,3.68225,1433,741,692
theta,theta_hat_A,.0301365586469556,3.6822429,1433,742,691
theta,theta_hat_A,.0302649733262335,3.6822352,1433,742,691
theta,theta_hat_A,.0303133972162529,3.6822321,1433,744,689
theta,theta_hat_A,.0304645614246301,3.6822228,1433,744,689
theta,theta_hat_A,.030752091167732,3.682204,1433,746,687
theta,theta_hat_A,.0308206137255304,3.6821997,1433,746,687
theta,theta_hat_A,.030842831910583,3.682198,1433,747,686
theta,theta_hat_A,.0310862868801411,3.6821814,1433,749,684
theta,theta_hat_A,.03110615296384,3.6821799,1433,750,683
theta,theta_hat_A,.0311501045944149,3.6821766,1433,750,683
theta,theta_hat_A,.031225559843967,3.6821709,1433,752,681
theta,theta_hat_A,.0313368787951686,3.6821625,1433,753,680
theta,theta_hat_A,.0314577700604188,3.682153,1433,753,680
theta,theta_hat_A,.0315298051906527,3.6821473,1433,755,678
theta,theta_hat_A,.031722587346065,3.682132,1433,756,677
theta,theta_hat_A,.0318356019053637,3.6821234,1433,757,676
theta,theta_hat_A,.0320580268373816,3.6821063,1433,758,675
theta,theta_hat_A,.0321170172749666,3.6821017,1433,759,674
theta,theta_hat_A,.0322248058700313,3.6820936,1433,759,674
theta,theta_hat_A,.0323417248470047,3.6820848,1433,760,673
theta,theta_hat_A,.0325083851446108,3.6820724,1433,762,671
theta,theta_hat_A,.032739935309539,3.6820548,1433,762,671
theta,theta_hat_A,.0327412052665721,3.6820548,1433,764,669
theta,theta_hat_A,.0327576368773796,3.6820533,1433,764,669
theta,theta_hat_A,.0327831098983921,3.6820509,1433,766,667
theta,theta_hat_A,.0328356189344376,3.6820457,1433,766,667
theta,theta_hat_A,.0328559589057597,3.6820438,1433,767,666
theta,theta_hat_A,.0329955452781052,3.682029,1433,769,664
theta,theta_hat_A,.0330356354241165,3.6820245,1433,769,664
theta,theta_hat_A,.0331369903748002,3.6820133,1433,770,663
theta,theta_hat_A,.0332673821729171,3.6819983,1433,771,662
theta,theta_hat_A,.0332830726298934,3.6819963,1433,773,660
theta,theta_hat_A,.0333571554284227,3.6819873,1433,773,660
theta,theta_hat_A,.0334370082920048,3.6819766,1433,775,658
theta,theta_hat_A,.0335896840886738,3.6819565,1433,775,658
theta,theta_hat_A,.0337168390781773,3.6819401,1433,777,656
theta,theta_hat_A,.0337774957063251,3.681932,1433,778,655
theta,theta_hat_A,.0339615464914368,3.6819079,1433,779,654
theta,theta_hat_A,.0340128064825778,3.681901,1433,780,653
theta,theta_hat_A,.0340174877027244,3.6819003,1433,780,653
theta,theta_hat_A,.034147264841297,3.6818826,1433,782,651
theta,theta_hat_A,.0342011037732548,3.6818752,1433,782,651
theta,theta_hat_A,.0342025361486882,3.681875,1433,783,650
theta,theta_hat_A,.0346019064089623,3.6818178,1433,785,648
theta,theta_hat_A,.0346134346483202,3.6818161,1433,786,647
theta,theta_hat_A,.0346191924555438,3.6818154,1433,787,646
theta,theta_hat_A,.0350165540385035,3.6817598,1433,787,646
theta,theta_hat_A,.0351181073018036,3.6817465,1433,788,645
theta,theta_hat_A,.0351457222752762,3.6817427,1433,789,644
theta,theta_hat_A,.0351833944097796,3.6817374,1433,790,643
theta,theta_hat_A,.0352156364950408,3.6817334,1433,792,641
theta,theta_hat_A,.0354289289461548,3.6817055,1433,793,640
theta,theta_hat_A,.0356166822240215,3.6816802,1433,793,640
theta,theta_hat_A,.0359224770306855,3.6816354,1433,794,639
theta,theta_hat_A,.0359604096863622,3.6816297,1433,796,637
theta,theta_hat_A,.0359673847583174,3.6816287,1433,797,636
theta,theta_hat_A,.0360868245843056,3.6816108,1433,798,635
theta,theta_hat_A,.0360906424747152,3.6816103,1433,799,634
theta,theta_hat_A,.0361818562221536,3.6815958,1433,799,634
theta,theta_hat_A,.0362776552611107,3.681581,1433,800,633
theta,theta_hat_A,.0363198891307724,3.6815746,1433,801,632
theta,theta_hat_A,.0364592895690646,3.6815529,1433,802,631
theta,theta_hat_A,.0365379124756247,3.6815407,1433,803,630
theta,theta_hat_A,.0365537314802974,3.6815386,1433,805,628
theta,theta_hat_A,.0365739485771211,3.6815357,1433,805,628
theta,theta_hat_A,.0366328389518692,3.6815274,1433,807,626
theta,theta_hat_A,.036677260547164,3.6815209,1433,808,625
theta,theta_hat_A,.0368351048794864,3.6814978,1433,808,625
theta,theta_hat_A,.0368812736002563,3.6814909,1433,810,623
theta,theta_hat_A,.0369003067931638,3.681488,1433,811,622
theta,theta_hat_A,.0369355904173361,3.681483,1433,811,622
theta,theta_hat_A,.0369548232871395,3.6814802,1433,812,621
theta,theta_hat_A,.0369548570464541,3.6814802,1433,814,619
theta,theta_hat_A,.037156982469626,3.6814513,1433,814,619
theta,theta_hat_A,.0371586951160026,3.6814511,1433,815,618
theta,theta_hat_A,.0371681871747991,3.6814497,1433,817,616
theta,theta_hat_A,.0372504593903998,3.681438,1433,818,615
theta,theta_hat_A,.0372880799988121,3.6814327,1433,819,614
theta,theta_hat_A,.0373297514280747,3.681427,1433,820,613
theta,theta_hat_A,.0373635177596362,3.6814222,1433,820,613
theta,theta_hat_A,.0375217940339806,3.6813998,1433,822,611
theta,theta_hat_A,.0375764670796365,3.681392,1433,823,610
theta,theta_hat_A,.0376677692760541,3.6813791,1433,823,610
theta,theta_hat_A,.0376988565343492,3.681375,1433,825,608
theta,theta_hat_A,.0377775801341792,3.6813643,1433,826,607
theta,theta_hat_A,.0380202866652443,3.6813314,1433,826,607
theta,theta_hat_A,.0380316009775842,3.68133,1433,827,606
theta,theta_hat_A,.0381810412789691,3.6813099,1433,829,604
theta,theta_hat_A,.0385329830724225,3.6812623,1433,829,604
theta,theta_hat_A,.0385446867564213,3.6812606,1433,831,602
theta,theta_hat_A,.0385673035480301,3.6812577,1433,832,601
theta,theta_hat_A,.0386461129488682,3.6812482,1433,832,601
theta,theta_hat_A,.0386893703725299,3.6812429,1433,834,599
theta,theta_hat_A,.0387148984696627,3.6812394,1433,834,599
theta,theta_hat_A,.0388665706187513,3.6812186,1433,835,598
theta,theta_hat_A,.0389199792394017,3.6812112,1433,837,596
theta,theta_hat_A,.0390479708591391,3.6811934,1433,837,596
theta,theta_hat_A,.0390666878287351,3.681191,1433,839,594
theta,theta_hat_A,.0391709828092226,3.6811762,1433,840,593
theta,theta_hat_A,.0391825842395579,3.6811745,1433,840,593
theta,theta_hat_A,.0393373524152699,3.6811523,1433,842,591
theta,theta_hat_A,.0393934681317337,3.681144,1433,843,590
theta,theta_hat_A,.0397890316808804,3.6810827,1433,843,590
theta,theta_hat_A,.0400381132771206,3.6810443,1433,845,588
theta,theta_hat_A,.0401184633845949,3.6810319,1433,845,588
theta,theta_hat_A,.040251598847882,3.6810112,1433,847,586
theta,theta_hat_A,.0403230630375724,3.6809998,1433,848,585
theta,theta_hat_A,.0404445348166079,3.6809802,1433,848,585
theta,theta_hat_A,.0404674068381575,3.6809766,1433,849,584
theta,theta_hat_A,.0405019148837155,3.6809711,1433,851,582
theta,theta_hat_A,.0406660770359558,3.6809459,1433,852,581
theta,theta_hat_A,.0408093980173117,3.6809235,1433,852,581
theta,theta_hat_A,.0408144410542807,3.6809225,1433,854,579
theta,theta_hat_A,.0408424647277733,3.6809182,1433,855,578
theta,theta_hat_A,.0409732892024026,3.6808975,1433,855,578
theta,theta_hat_A,.0411470565013269,3.6808693,1433,857,576
theta,theta_hat_A,.0415326955440551,3.6808069,1433,857,576
theta,theta_hat_A,.0415956698339063,3.6807969,1433,859,574
theta,theta_hat_A,.0416338160418086,3.6807907,1433,859,574
theta,theta_hat_A,.0417623689949534,3.6807699,1433,860,573
theta,theta_hat_A,.0420871549726878,3.6807182,1433,861,572
theta,theta_hat_A,.042137005408048,3.6807103,1433,862,571
theta,theta_hat_A,.0421543629691895,3.6807075,1433,864,569
theta,theta_hat_A,.0422316700795538,3.6806958,1433,865,568
theta,theta_hat_A,.0423488438200472,3.6806781,1433,866,567
theta,theta_hat_A,.0423718105158667,3.6806748,1433,867,566
theta,theta_hat_A,.0424267927778188,3.6806667,1433,868,565
theta,theta_hat_A,.0425013327364518,3.6806557,1433,868,565
theta,theta_hat_A,.0425203035778245,3.6806529,1433,869,564
theta,theta_hat_A,.0426902304553048,3.6806266,1433,870,563
theta,theta_hat_A,.0429179325696106,3.6805918,1433,871,562
theta,theta_hat_A,.0429943277934351,3.6805799,1433,872,561
theta,theta_hat_A,.0431144723736755,3.6805601,1433,873,560
theta,theta_hat_A,.0432581163149737,3.6805422,1433,874,559
theta,theta_hat_A,.0432740563512058,3.6805403,1433,876,557
theta,theta_hat_A,.0434388283543283,3.6805198,1433,876,557
theta,theta_hat_A,.0434449786920474,3.6805191,1433,878,555
theta,theta_hat_A,.043693891766349,3.6804948,1433,879,554
theta,theta_hat_A,.0441359321076993,3.6804512,1433,879,554
theta,theta_hat_A,.0443547536958017,3.6804295,1433,880,553
theta,theta_hat_A,.0443870471507877,3.6804264,1433,881,552
theta,theta_hat_A,.0447076327312132,3.680398,1433,882,551
theta,theta_hat_A,.0448808488875289,3.6803844,1433,884,549
theta,theta_hat_A,.0449034660260905,3.6803827,1433,885,548
theta,theta_hat_A,.0451395193699592,3.6803646,1433,886,547
theta,theta_hat_A,.0453330310849859,3.6803486,1433,887,546
theta,theta_hat_A,.0456612320471715,3.6803198,1433,888,545
theta,theta_hat_A,.0456763069824267,3.6803184,1433,888,545
theta,theta_hat_A,.0457431021777146,3.6803126,1433,890,543
theta,theta_hat_A,.0459249178833964,3.6802976,1433,890,543
theta,theta_hat_A,.045981391117619,3.6802931,1433,891,542
theta,theta_hat_A,.0460445196575249,3.6802888,1433,892,541
theta,theta_hat_A,.0461924993779284,3.6802788,1433,894,539
theta,theta_hat_A,.0463226109537132,3.6802695,1433,895,538
theta,theta_hat_A,.0463549793259141,3.6802676,1433,895,538
theta,theta_hat_A,.0463615937954332,3.6802671,1433,896,537
theta,theta_hat_A,.0464671198828174,3.6802609,1433,897,536
theta,theta_hat_A,.0465008021915439,3.680259,1433,899,534
theta,theta_hat_A,.0465248892075838,3.6802576,1433,900,533
theta,theta_hat_A,.0466922651407154,3.6802478,1433,901,532
theta,theta_hat_A,.0467770712433497,3.6802433,1433,901,532
theta,theta_hat_A,.0469995235372114,3.6802316,1433,903,530
theta,theta_hat_A,.0470240979091527,3.6802304,1433,904,529
theta,theta_hat_A,.047120466860127,3.6802249,1433,905,528
theta,theta_hat_A,.047138860129719,3.6802237,1433,906,527
theta,theta_hat_A,.0471509022435309,3.680223,1433,907,526
theta,theta_hat_A,.0475025668394995,3.6802015,1433,907,526
theta,theta_hat_A,.0475078174122645,3.6802013,1433,908,525
theta,theta_hat_A,.0476184731440978,3.6801982,1433,909,524
theta,theta_hat_A,.0477660576947884,3.6801937,1433,910,523
theta,theta_hat_A,.0477766107237766,3.6801932,1433,912,521
theta,theta_hat_A,.0479176985641203,3.6801896,1433,913,520
theta,theta_hat_A,.0480876005237408,3.6801856,1433,914,519
theta,theta_hat_A,.0481526028014292,3.6801841,1433,915,518
theta,theta_hat_A,.0483032383853445,3.6801834,1433,915,518
theta,theta_hat_A,.0483963210735176,3.6801827,1433,916,517
theta,theta_hat_A,.048482797983477,3.6801834,1433,917,516
theta,theta_hat_A,.0485359476119399,3.6801834,1433,919,514
theta,theta_hat_A,.0485605424331912,3.6801834,1433,919,514
theta,theta_hat_A,.0487109408318866,3.6801844,1433,921,512
theta,theta_hat_A,.0487575280981404,3.6801844,1433,921,512
theta,theta_hat_A,.0489541730330799,3.6801846,1433,923,510
theta,theta_hat_A,.049088014113903,3.6801846,1433,923,510
theta,theta_hat_A,.0491139299399689,3.6801846,1433,925,508
theta,theta_hat_A,.049175158567694,3.6801851,1433,926,507
theta,theta_hat_A,.0492814447407783,3.6801858,1433,927,506
theta,theta_hat_A,.0495034064022815,3.6801875,1433,928,505
theta,theta_hat_A,.0495370712026892,3.6801877,1433,929,504
theta,theta_hat_A,.0495375177032285,3.6801877,1433,929,504
theta,theta_hat_A,.0495497991847421,3.6801877,1433,930,503
theta,theta_hat_A,.0496189778695363,3.6801879,1433,931,502
theta,theta_hat_A,.0497206221735267,3.6801882,1433,933,500
theta,theta_hat_A,.0500003897316654,3.6801894,1433,934,499
theta,theta_hat_A,.0502625240330304,3.6801901,1433,934,499
theta,theta_hat_A,.0503714006458281,3.6801896,1433,936,497
theta,theta_hat_A,.050377893628914,3.6801896,1433,937,496
theta,theta_hat_A,.0504272500899867,3.6801901,1433,938,495
theta,theta_hat_A,.0504291153283182,3.6801901,1433,939,494
theta,theta_hat_A,.0507878246755061,3.6801939,1433,939,494
theta,theta_hat_A,.0508099818297698,3.6801941,1433,940,493
theta,theta_hat_A,.0508589968360572,3.6801946,1433,941,492
theta,theta_hat_A,.0508789454141252,3.6801949,1433,942,491
theta,theta_hat_A,.0509261715826006,3.6801956,1433,944,489
theta,theta_hat_A,.0509650159284123,3.680196,1433,944,489
theta,theta_hat_A,.0509797635636622,3.680196,1433,946,487
theta,theta_hat_A,.0510114691489959,3.6801965,1433,947,486
theta,theta_hat_A,.0510567057353141,3.6801965,1433,947,486
theta,theta_hat_A,.0510592958653558,3.6801965,1433,949,484
theta,theta_hat_A,.0511973360713033,3.6801956,1433,949,484
theta,theta_hat_A,.0512187340433824,3.6801956,1433,951,482
theta,theta_hat_A,.0513383623020382,3.6801949,1433,952,481
theta,theta_hat_A,.0517423304661111,3.6802089,1433,953,480
theta,theta_hat_A,.0517541647377568,3.6802094,1433,953,480
theta,theta_hat_A,.0518498980025,3.6802135,1433,954,479
theta,theta_hat_A,.0520590073461914,3.6802223,1433,956,477
theta,theta_hat_A,.0520757364355517,3.680223,1433,956,477
theta,theta_hat_A,.0520898719849579,3.6802235,1433,957,476
theta,theta_hat_A,.0522952273208594,3.6802313,1433,959,474
theta,theta_hat_A,.0523830446272291,3.680234,1433,959,474
theta,theta_hat_A,.0524958330994064,3.6802378,1433,960,473
theta,theta_hat_A,.0525988442506378,3.6802411,1433,961,472
theta,theta_hat_A,.0528240673697743,3.680249,1433,962,471
theta,theta_hat_A,.0529038788048401,3.6802542,1433,963,470
theta,theta_hat_A,.0529791317343893,3.6802585,1433,964,469
theta,theta_hat_A,.0534584703750756,3.6802862,1433,966,467
theta,theta_hat_A,.0535885359304716,3.6802938,1433,966,467
theta,theta_hat_A,.0536829295580405,3.6802998,1433,967,466
theta,theta_hat_A,.0537975575833282,3.6803067,1433,969,464
theta,theta_hat_A,.0539039545256233,3.6803148,1433,969,464
theta,theta_hat_A,.0540187073141609,3.6803236,1433,970,463
theta,theta_hat_A,.0542818508146133,3.6803427,1433,971,462
theta,theta_hat_A,.0542899706037736,3.6803432,1433,973,460
theta,theta_hat_A,.0543228920084441,3.6803455,1433,973,460
theta,theta_hat_A,.0545081017711132,3.6803629,1433,974,459
theta,theta_hat_A,.0547456704733522,3.6803851,1433,975,458
theta,theta_hat_A,.0551123623871896,3.6804171,1433,976,457
theta,theta_hat_A,.0551340788410852,3.680419,1433,978,455
theta,theta_hat_A,.0551343959214965,3.680419,1433,978,455
theta,theta_hat_A,.0552201909673832,3.6804419,1433,979,454
theta,theta_hat_A,.0552888850337948,3.68046,1433,981,452
theta,theta_hat_A,.0553383175874906,3.680474,1433,982,451
theta,theta_hat_A,.0555540386170871,3.6805353,1433,982,451
theta,theta_hat_A,.055597754684039,3.680548,1433,983,450
theta,theta_hat_A,.0558370954395949,3.6806171,1433,984,449
theta,theta_hat_A,.0560515193669128,3.6806784,1433,986,447
theta,theta_hat_A,.0563861335549349,3.6807694,1433,987,446
theta,theta_hat_A,.056387331926466,3.6807699,1433,987,446
theta,theta_hat_A,.0567548126626604,3.6808763,1433,988,445
theta,theta_hat_A,.0569043879742993,3.6809185,1433,990,443
theta,theta_hat_A,.0569069957024854,3.6809192,1433,990,443
theta,theta_hat_A,.0570429391286036,3.6809564,1433,991,442
theta,theta_hat_A,.0572081583678505,3.6810002,1433,993,440
theta,theta_hat_A,.0572682282954461,3.6810157,1433,994,439
theta,theta_hat_A,.057416712350772,3.6810544,1433,995,438
theta,theta_hat_A,.0574381427776356,3.6810601,1433,996,437
theta,theta_hat_A,.0575989613093724,3.6811051,1433,997,436
theta,theta_hat_A,.0576779531425005,3.6811275,1433,998,435
theta,theta_hat_A,.0577050457518384,3.6811352,1433,998,435
theta,theta_hat_A,.0578128890512457,3.6811674,1433,999,434
theta,theta_hat_A,.0578258573910015,3.6811709,1433,1001,432
theta,theta_hat_A,.0580543121951003,3.681237,1433,1001,432
theta,theta_hat_A,.0581520980060382,3.6812654,1433,1002,431
theta,theta_hat_A,.0582648672310453,3.681298,1433,1004,429
theta,theta_hat_A,.0583311288029629,3.681318,1433,1005,428
theta,theta_hat_A,.0589243745598863,3.6814964,1433,1006,427
theta,theta_hat_A,.0589878937512724,3.6815152,1433,1007,426
theta,theta_hat_A,.0592530287167011,3.6815929,1433,1008,425
theta,theta_hat_A,.0592715261991962,3.6815984,1433,1008,425
theta,theta_hat_A,.059343341468198,3.6816192,1433,1009,424
theta,theta_hat_A,.0598430206136762,3.6817541,1433,1011,422
theta,theta_hat_A,.0598978435568645,3.6817698,1433,1011,422
theta,theta_hat_A,.060000525538708,3.6817994,1433,1012,421
theta,theta_hat_A,.0600462689944261,3.6818125,1433,1013,420
theta,theta_hat_A,.0600496972707876,3.6818135,1433,1014,419
theta,theta_hat_A,.0604591246406037,3.6819277,1433,1016,417
theta,theta_hat_A,.0604918701241235,3.6819365,1433,1017,416
theta,theta_hat_A,.0605381551483688,3.6819489,1433,1017,416
theta,theta_hat_A,.060870468357507,3.6820371,1433,1019,414
theta,theta_hat_A,.0609666469198462,3.6820621,1433,1020,413
theta,theta_hat_A,.0610247828085928,3.6820774,1433,1021,412
theta,theta_hat_A,.0610320031079802,3.6820793,1433,1021,412
theta,theta_hat_A,.0611324918866522,3.6821053,1433,1023,410
theta,theta_hat_A,.0613936363688698,3.6821725,1433,1023,410
theta,theta_hat_A,.0614091745726293,3.6821764,1433,1025,408
theta,theta_hat_A,.061484344422303,3.6821949,1433,1026,407
theta,theta_hat_A,.061508973109711,3.6822009,1433,1027,406
theta,theta_hat_A,.0616194528485353,3.6822278,1433,1027,406
theta,theta_hat_A,.0619079024627482,3.6822972,1433,1029,404
theta,theta_hat_A,.0621073688155167,3.6823447,1433,1029,404
theta,theta_hat_A,.0621121178487841,3.6823459,1433,1031,402
theta,theta_hat_A,.0621421729200865,3.682353,1433,1032,401
theta,theta_hat_A,.0622251272989968,3.6823726,1433,1032,401
theta,theta_hat_A,.0622992047226146,3.6823902,1433,1033,400
theta,theta_hat_A,.0623093626672932,3.6823926,1433,1035,398
theta,theta_hat_A,.0623476785621365,3.6824014,1433,1036,397
theta,theta_hat_A,.0624064770917611,3.6824152,1433,1036,397
theta,theta_hat_A,.0625998270080224,3.6824596,1433,1038,395
theta,theta_hat_A,.0626193289560685,3.6824641,1433,1038,395
theta,theta_hat_A,.0630859517422857,3.6825666,1433,1040,393
theta,theta_hat_A,.063182094235965,3.6825876,1433,1040,393
theta,theta_hat_A,.0632403670579966,3.6826003,1433,1042,391
theta,theta_hat_A,.063447024141127,3.6826451,1433,1043,390
theta,theta_hat_A,.0636079811910232,3.6826789,1433,1043,390
theta,theta_hat_A,.0636241818936834,3.6826825,1433,1044,389
theta,theta_hat_A,.0636430827626376,3.6826863,1433,1046,387
theta,theta_hat_A,.0637895658799855,3.6827168,1433,1046,387
theta,theta_hat_A,.0637965547980626,3.6827183,1433,1047,386
theta,theta_hat_A,.0638772598809408,3.682735,1433,1049,384
theta,theta_hat_A,.064019165163183,3.6827667,1433,1050,383
theta,theta_hat_A,.0643535546818519,3.6828413,1433,1051,382
theta,theta_hat_A,.0643643957626427,3.6828437,1433,1052,381
theta,theta_hat_A,.0644506416805896,3.682863,1433,1052,381
theta,theta_hat_A,.0645457708939466,3.6828837,1433,1053,380
theta,theta_hat_A,.0648742699110348,3.682951,1433,1055,378
theta,theta_hat_A,.0650694211119085,3.6829903,1433,1056,377
theta,theta_hat_A,.0650964026535377,3.6829958,1433,1056,377
theta,theta_hat_A,.0651373053877638,3.6830039,1433,1057,376
theta,theta_hat_A,.0653782372875966,3.6830516,1433,1059,374
theta,theta_hat_A,.0654699141328888,3.6830695,1433,1059,374
theta,theta_hat_A,.0656449103858714,3.6831036,1433,1061,372
theta,theta_hat_A,.0657556510479861,3.6831253,1433,1062,371
theta,theta_hat_A,.0658822481181884,3.683151,1433,1062,371
theta,theta_hat_A,.0659503214920114,3.6831651,1433,1064,369
theta,theta_hat_A,.0663896810143986,3.6832547,1433,1065,368
theta,theta_hat_A,.0664428430141709,3.6832652,1433,1065,368
theta,theta_hat_A,.0666070063673828,3.6832974,1433,1066,367
theta,theta_hat_A,.0666389986638828,3.6833038,1433,1068,365
theta,theta_hat_A,.0670484633246869,3.6833827,1433,1069,364
theta,theta_hat_A,.0671767205230014,3.6834078,1433,1069,364
theta,theta_hat_A,.0673446917064814,3.6834416,1433,1071,362
theta,theta_hat_A,.0673568280632271,3.683444,1433,1071,362
theta,theta_hat_A,.0674484353806903,3.6834621,1433,1072,361
theta,theta_hat_A,.0674597913818745,3.6834645,1433,1074,359
theta,theta_hat_A,.0679373673429899,3.683558,1433,1075,358
theta,theta_hat_A,.0689560105103415,3.6837525,1433,1076,357
theta,theta_hat_A,.0693726715972983,3.68383,1433,1077,356
theta,theta_hat_A,.0695447195317982,3.6838632,1433,1077,356
theta,theta_hat_A,.0695653265775487,3.6838672,1433,1079,354
theta,theta_hat_A,.0697308579124261,3.6838994,1433,1079,354
theta,theta_hat_A,.0697982962173194,3.6839125,1433,1081,352
theta,theta_hat_A,.0698122311427581,3.6839154,1433,1082,351
theta,theta_hat_A,.0701106562632961,3.6839743,1433,1083,350
theta,theta_hat_A,.0702338976292557,3.6839981,1433,1084,349
theta,theta_hat_A,.0702508243493786,3.6840014,1433,1084,349
theta,theta_hat_A,.0703445751363359,3.6840186,1433,1085,348
theta,theta_hat_A,.0704089664928463,3.6840305,1433,1087,346
theta,theta_hat_A,.0704564511215626,3.6840396,1433,1087,346
theta,theta_hat_A,.0710564419589816,3.684159,1433,1089,344
theta,theta_hat_A,.0710647985104629,3.6841607,1433,1090,343
theta,theta_hat_A,.0711366540635066,3.6841743,1433,1090,343
theta,theta_hat_A,.071197899845602,3.6841857,1433,1091,342
theta,theta_hat_A,.0713266270781482,3.6842096,1433,1092,341
theta,theta_hat_A,.0714144267342815,3.6842258,1433,1093,340
theta,theta_hat_A,.0719556465551028,3.6843212,1433,1094,339
theta,theta_hat_A,.0722438016818929,3.6843719,1433,1096,337
theta,theta_hat_A,.0724109077583847,3.6844015,1433,1097,336
theta,theta_hat_A,.0724407045833802,3.6844068,1433,1098,335
theta,theta_hat_A,.0726513726530152,3.6844437,1433,1099,334
theta,theta_hat_A,.0730934063254677,3.68452,1433,1099,334
theta,theta_hat_A,.0732246388747278,3.6845424,1433,1101,332
theta,theta_hat_A,.0745249351188821,3.6847582,1433,1101,332
theta,theta_hat_A,.0746567850733061,3.6847794,1433,1102,331
theta,theta_hat_A,.0748320384690547,3.6848063,1433,1104,329
theta,theta_hat_A,.0749801461042348,3.684829,1433,1104,329
theta,theta_hat_A,.0751262199967556,3.6848507,1433,1105,328
theta,theta_hat_A,.0751625141656717,3.6848562,1433,1107,326
theta,theta_hat_A,.075207562119273,3.6848633,1433,1107,326
theta,theta_hat_A,.0753531192478868,3.6848862,1433,1109,324
theta,theta_hat_A,.0757453919712946,3.6849477,1433,1109,324
theta,theta_hat_A,.0761250898272651,3.6850066,1433,1111,322
theta,theta_hat_A,.0761900557716206,3.6850166,1433,1111,322
theta,theta_hat_A,.0763452783058325,3.6850398,1433,1113,320
theta,theta_hat_A,.0764379442171245,3.6850533,1433,1114,319
theta,theta_hat_A,.0764387669257216,3.6850536,1433,1114,319
theta,theta_hat_A,.0765253752171251,3.6850674,1433,1115,318
theta,theta_hat_A,.0768651668682799,3.6851213,1433,1116,317
theta,theta_hat_A,.0770389262080714,3.6851482,1433,1118,315
theta,theta_hat_A,.0771762822986308,3.685169,1433,1119,314
theta,theta_hat_A,.0772336959361278,3.6851776,1433,1119,314
theta,theta_hat_A,.0779882286962267,3.6852865,1433,1120,313
theta,theta_hat_A,.0782394137060606,3.685322,1433,1121,312
theta,theta_hat_A,.0787072047759758,3.6853874,1433,1122,311
theta,theta_hat_A,.0790629718233858,3.6854358,1433,1123,310
theta,theta_hat_A,.0794195259122137,3.6854827,1433,1125,308
theta,theta_hat_A,.0800788266699491,3.685569,1433,1125,308
theta,theta_hat_A,.0804588005703292,3.6856177,1433,1126,307
theta,theta_hat_A,.0806519167968427,3.6856422,1433,1128,305
theta,theta_hat_A,.0807802526962114,3.6856582,1433,1128,305
theta,theta_hat_A,.0808030917500719,3.6856611,1433,1129,304
theta,theta_hat_A,.0810473779439843,3.6856906,1433,1131,302
theta,theta_hat_A,.0813755088115515,3.68573,1433,1132,301
theta,theta_hat_A,.0816320845936149,3.6857598,1433,1133,300
theta,theta_hat_A,.0820020980551066,3.6858013,1433,1133,300
theta,theta_hat_A,.0820036070224534,3.6858015,1433,1135,298
theta,theta_hat_A,.082182171366659,3.6858215,1433,1135,298
theta,theta_hat_A,.0824178088261965,3.6858475,1433,1137,296
theta,theta_hat_A,.0828944400569384,3.6859002,1433,1138,295
theta,theta_hat_A,.082951654934914,3.6859062,1433,1139,294
theta,theta_hat_A,.0830911480473054,3.685921,1433,1140,293
theta,theta_hat_A,.0831050457768153,3.6859224,1433,1141,292
theta,theta_hat_A,.0834798785849528,3.6859632,1433,1142,291
theta,theta_hat_A,.0836914318185732,3.685986,1433,1143,290
theta,theta_hat_A,.0837864531553235,3.6859961,1433,1144,289
theta,theta_hat_A,.083845316720554,3.6860018,1433,1145,288
theta,theta_hat_A,.0842132701091545,3.6860363,1433,1146,287
theta,theta_hat_A,.0844648280775284,3.6860604,1433,1147,286
theta,theta_hat_A,.0850422309939482,3.6861136,1433,1148,285
theta,theta_hat_A,.0851982670142781,3.6861277,1433,1149,284
theta,theta_hat_A,.0854638842220684,3.6861515,1433,1149,284
theta,theta_hat_A,.0856809364741648,3.6861713,1433,1151,282
theta,theta_hat_A,.085687901719783,3.6861718,1433,1151,282
theta,theta_hat_A,.0858777030956616,3.6861885,1433,1152,281
theta,theta_hat_A,.0862440063698661,3.6862197,1433,1154,279
theta,theta_hat_A,.0868146818016571,3.6862676,1433,1154,279
theta,theta_hat_A,.0869201849395773,3.6862764,1433,1155,278
theta,theta_hat_A,.0872864930684921,3.6863074,1433,1157,276
theta,theta_hat_A,.0877729592048128,3.6863477,1433,1158,275
theta,theta_hat_A,.0878991336426007,3.6863582,1433,1158,275
theta,theta_hat_A,.0879675667780045,3.6863639,1433,1160,273
theta,theta_hat_A,.0881592277482256,3.6863787,1433,1160,273
theta,theta_hat_A,.089246907079411,3.6864605,1433,1161,272
theta,theta_hat_A,.0897894780827789,3.6865015,1433,1163,270
theta,theta_hat_A,.0898739943082023,3.6865079,1433,1164,269
theta,theta_hat_A,.0901602572835861,3.6865296,1433,1165,268
theta,theta_hat_A,.0903453193806215,3.6865435,1433,1165,268
theta,theta_hat_A,.0908794798212272,3.686583,1433,1167,266
theta,theta_hat_A,.0910206620085295,3.6865935,1433,1167,266
theta,theta_hat_A,.0910543788239287,3.6865959,1433,1168,265
theta,theta_hat_A,.0914495727020685,3.686626,1433,1170,263
theta,theta_hat_A,.0916608937535258,3.6866419,1433,1170,263
theta,theta_hat_A,.091942975403057,3.6866632,1433,1171,262
theta,theta_hat_A,.0919918663343743,3.6866667,1433,1173,260
theta,theta_hat_A,.0921092332711826,3.6866753,1433,1174,259
theta,theta_hat_A,.0921409312274186,3.6866775,1433,1174,259
theta,theta_hat_A,.0925537837854422,3.686707,1433,1175,258
theta,theta_hat_A,.0927909148823221,3.6867235,1433,1177,256
theta,theta_hat_A,.0933404637205194,3.6867609,1433,1177,256
theta,theta_hat_A,.0935570246211438,3.6867752,1433,1178,255
theta,theta_hat_A,.0936227371645966,3.6867795,1433,1180,253
theta,theta_hat_A,.0936564372970102,3.6867816,1433,1180,253
theta,theta_hat_A,.0936805389092146,3.6867833,1433,1182,251
theta,theta_hat_A,.093992890942884,3.6868026,1433,1183,250
theta,theta_hat_A,.0940547290017301,3.6868064,1433,1183,250
theta,theta_hat_A,.0942601667542955,3.6868188,1433,1184,249
theta,theta_hat_A,.0955149766896978,3.6868937,1433,1186,247
theta,theta_hat_A,.0957549338803774,3.686908,1433,1186,247
theta,theta_hat_A,.0960985461824887,3.6869283,1433,1187,246
theta,theta_hat_A,.0961297801257861,3.6869302,1433,1189,244
theta,theta_hat_A,.0963336317325735,3.6869421,1433,1190,243
theta,theta_hat_A,.0963429073739517,3.6869426,1433,1190,243
theta,theta_hat_A,.0963611502695058,3.6869438,1433,1191,242
theta,theta_hat_A,.096845312991186,3.6869724,1433,1192,241
theta,theta_hat_A,.0972093401553804,3.6869936,1433,1193,240
theta,theta_hat_A,.0973863598326494,3.6870041,1433,1194,239
theta,theta_hat_A,.098047466965932,3.6870425,1433,1195,238
theta,theta_hat_A,.0980878180688159,3.6870449,1433,1197,236
theta,theta_hat_A,.0982962276790621,3.6870563,1433,1198,235
theta,theta_hat_A,.0984778459634163,3.6870661,1433,1199,234
theta,theta_hat_A,.0988751480029038,3.6870887,1433,1200,233
theta,theta_hat_A,.0990458197101369,3.6870983,1433,1201,232
theta,theta_hat_A,.0992102755068728,3.6871076,1433,1202,231
theta,theta_hat_A,.0995121593965201,3.6871247,1433,1203,230
theta,theta_hat_A,.0996909580694248,3.687135,1433,1204,229
theta,theta_hat_A,.0998867805645007,3.6871462,1433,1205,228
theta,theta_hat_A,.0999270059846274,3.6871483,1433,1206,227
theta,theta_hat_A,.0999759639006148,3.6871512,1433,1207,226
theta,theta_hat_A,.1000161705236074,3.6871536,1433,1207,226
theta,theta_hat_A,.1005740697357445,3.6871862,1433,1209,224
theta,theta_hat_A,.1007277012230258,3.6871951,1433,1210,223
theta,theta_hat_A,.1007524643564005,3.6871965,1433,1211,222
theta,theta_hat_A,.1008771562503803,3.6872036,1433,1211,222
theta,theta_hat_A,.1013469459632501,3.6872306,1433,1213,220
theta,theta_hat_A,.1020120326740879,3.687269,1433,1214,219
theta,theta_hat_A,.1022688901738044,3.6872835,1433,1214,219
theta,theta_hat_A,.1023329732502593,3.6872871,1433,1215,218
theta,theta_hat_A,.1025747680434582,3.6873012,1433,1217,216
theta,theta_hat_A,.1027001444851394,3.6873085,1433,1218,215
theta,theta_hat_A,.1029505337267363,3.6873229,1433,1219,214
theta,theta_hat_A,.102967984704226,3.6873238,1433,1219,214
theta,theta_hat_A,.1039965074645438,3.6873825,1433,1221,212
theta,theta_hat_A,.1041478119106538,3.687391,1433,1222,211
theta,theta_hat_A,.1042651765330248,3.6873977,1433,1222,211
theta,theta_hat_A,.1046579957294193,3.6874204,1433,1223,210
theta,theta_hat_A,.105845386401565,3.687489,1433,1225,208
theta,theta_hat_A,.1062244531753293,3.6875105,1433,1226,207
theta,theta_hat_A,.1070050390751192,3.6875539,1433,1227,206
theta,theta_hat_A,.1075007643548727,3.6875811,1433,1228,205
theta,theta_hat_A,.1094630540212446,3.6876864,1433,1228,205
theta,theta_hat_A,.109994239833949,3.6877143,1433,1229,204
theta,theta_hat_A,.1100019799276616,3.6877148,1433,1231,202
theta,theta_hat_A,.1108465788303499,3.6877587,1433,1232,201
theta,theta_hat_A,.1112807531860689,3.687782,1433,1232,201
theta,theta_hat_A,.1127241657348214,3.6878567,1433,1234,199
theta,theta_hat_A,.1134777225596046,3.6878941,1433,1234,199
theta,theta_hat_A,.1145337471006828,3.6879447,1433,1236,197
theta,theta_hat_A,.1146831847328896,3.6879516,1433,1237,196
theta,theta_hat_A,.115375973445215,3.6879833,1433,1237,196
theta,theta_hat_A,.1157292587286694,3.687999,1433,1239,194
theta,theta_hat_A,.1158155266856918,3.6880026,1433,1240,193
theta,theta_hat_A,.1174969671030627,3.6880741,1433,1240,193
theta,theta_hat_A,.1179964715901483,3.6880944,1433,1242,191
theta,theta_hat_A,.1191175652878344,3.6881392,1433,1243,190
theta,theta_hat_A,.1212909203532616,3.6882207,1433,1244,189
theta,theta_hat_A,.1236132296412303,3.6883008,1433,1244,189
theta,theta_hat_A,.1242467881132329,3.6883214,1433,1245,188
theta,theta_hat_A,.1252734072336265,3.6883535,1433,1247,186
theta,theta_hat_A,.1259572790316264,3.688374,1433,1248,185
theta,theta_hat_A,.1262772607307371,3.6883833,1433,1249,184
theta,theta_hat_A,.1266205997044253,3.6883934,1433,1249,184
theta,theta_hat_A,.1273698020114036,3.6884146,1433,1250,183
theta,theta_hat_A,.1276248135422486,3.6884215,1433,1252,181
theta,theta_hat_A,.1279461703444848,3.6884303,1433,1253,180
theta,theta_hat_A,.1281353624556142,3.6884356,1433,1253,180
theta,theta_hat_A,.1287660819621257,3.6884539,1433,1254,179
theta,theta_hat_A,.1288899820716852,3.6884575,1433,1255,178
theta,theta_hat_A,.1291003732914568,3.6884634,1433,1257,176
theta,theta_hat_A,.1291808460667982,3.6884658,1433,1258,175
theta,theta_hat_A,.1292672009055454,3.6884682,1433,1258,175
theta,theta_hat_A,.1306016744745518,3.6885052,1433,1259,174
theta,theta_hat_A,.1307879459076507,3.6885102,1433,1261,172
theta,theta_hat_A,.1314462970553679,3.6885278,1433,1261,172
theta,theta_hat_A,.131645405244779,3.6885328,1433,1263,170
theta,theta_hat_A,.1321941588701421,3.6885471,1433,1264,169
theta,theta_hat_A,.1330074839337797,3.6885674,1433,1265,168
theta,theta_hat_A,.1332334567089362,3.6885729,1433,1266,167
theta,theta_hat_A,.1333020624946519,3.6885746,1433,1267,166
theta,theta_hat_A,.1342158167468415,3.6885962,1433,1268,165
theta,theta_hat_A,.1342866677213787,3.6885977,1433,1269,164
theta,theta_hat_A,.1351511729807025,3.6886163,1433,1270,163
theta,theta_hat_A,.1360356568664603,3.6886344,1433,1270,163
theta,theta_hat_A,.1361856735687429,3.6886373,1433,1272,161
theta,theta_hat_A,.1368552521394656,3.6886508,1433,1272,161
theta,theta_hat_A,.1369162968045873,3.688652,1433,1274,159
theta,theta_hat_A,.1382045949322954,3.6886768,1433,1274,159
theta,theta_hat_A,.138216288150901,3.6886771,1433,1276,157
theta,theta_hat_A,.1390246077939691,3.6886928,1433,1277,156
theta,theta_hat_A,.1397980674527231,3.6887074,1433,1278,155
theta,theta_hat_A,.1398483672464592,3.6887083,1433,1278,155
theta,theta_hat_A,.1399207337872853,3.6887097,1433,1279,154
theta,theta_hat_A,.1403588362041802,3.6887176,1433,1280,153
theta,theta_hat_A,.1414598101644698,3.6887372,1433,1281,152
theta,theta_hat_A,.1422622197324403,3.6887498,1433,1283,150
theta,theta_hat_A,.1434332804643249,3.6887667,1433,1284,149
theta,theta_hat_A,.1450925545445144,3.6887934,1433,1284,149
theta,theta_hat_A,.1454154360585531,3.6887984,1433,1286,147
theta,theta_hat_A,.1455920955574476,3.6888013,1433,1286,147
theta,theta_hat_A,.1456680661816591,3.6888025,1433,1287,146
theta,theta_hat_A,.1459150941196466,3.6888063,1433,1289,144
theta,theta_hat_A,.1461500368879126,3.6888099,1433,1289,144
