country_name,iso3,year,vulnerability100,debt_gdp,b_it_theta,country_id,mA_hat,spread_saving_component,TA_hat,theta_hat_A,theta_recomputed_debt_gdp,theta_reconstruction_diff,b_it_mapping_diff,delta_debt_lead,debt_outcome_year,J_readiness,debt_missing_count,ready_missing_count,sample_debt,sample_ready,duplicate_key,debt_hinge_low,debt_hinge_high,debt_kink_low,debt_kink_high,ready_hinge_low,ready_hinge_high,ready_kink_low,ready_kink_high
Australia,AUS,1995,.3268232727050781,.3109700012207031,.3109700012207031,AUS,.0295960839083492,.0092034942491074,-.0195048431872875,-.0103013489381801,-.0103013489381801,0,0,-.0002108588933954,1996,,1,3,0,0,0,,,,,,,,
Australia,AUS,1996,.3267949295043945,.2929999923706055,.2929999923706055,AUS,.0254969216270916,.0074705978422118,-.0195145454267124,-.0120439475845006,-.0120439475845006,0,0,-.0196967027702429,1997,.0031560516357422,1,1,0,0,0,,,,,,,,
Australia,AUS,1997,.3280905532836914,.2586400032043457,.2586400032043457,AUS,.0188238945592563,.0048686121491243,-.0190710368670551,-.0142024247179308,-.0142024247179308,0,0,-.0084054639888637,1998,.0018423461914062,1,1,0,0,0,,,,,,,,
Australia,AUS,1998,.3285287475585937,.2365699958801269,.2365699958801269,AUS,.0134986583958572,.0031933775610952,-.018921037372744,-.0157276598116489,-.0157276598116489,0,0,.0004512706597624,1999,.0039900207519531,1,1,0,0,0,,,,,,,,
Australia,AUS,1999,.3286614227294922,.2250399971008301,.2250399971008301,AUS,.0086190266027514,.0019396257216952,-.018875620968007,-.0169359952463119,-.0169359952463119,0,0,-.0154803741132762,2000,.0069453811645508,1,1,0,0,0,,,,,,,,
Australia,AUS,2000,.3286286544799805,.1945800018310547,.1945800018310547,AUS,.0004549075950222,.0000885159206724,-.0188868379581361,-.0187983220374638,-.0187983220374638,0,0,-.0131573350414242,2001,.0080854034423828,0,0,1,1,0,.0337647469154696,0,.0204931961836746,0,.1282559344538586,0,.0023787644587534,0
Australia,AUS,2001,.3276745223999024,.1707600021362305,.1707600021362305,AUS,-.0051014512032984,-.0008711238183731,-.0192134495496491,-.0200845733680222,-.0200845733680222,0,0,-.0102737415177513,2002,.0055168914794922,0,0,1,1,0,.035050998246028,0,.0214672469080207,0,.129542185784417,0,.0026108258637059,0
Australia,AUS,2002,.3280223846435547,.1498499965667724,.1498499965667724,AUS,-.0096449356669406,-.0014452935765778,-.0190943718628185,-.0205396654393963,-.0205396654393963,0,0,-.0101648705972532,2003,.0027213287353516,0,0,1,1,0,.0355060903174021,0,.0218425952061294,0,.1299972778557911,0,.0024406016457014,0
Australia,AUS,2003,.3275015640258789,.1316499996185303,.1316499996185303,AUS,-.0142457567608024,-.0018754538721253,-.0192726554090734,-.0211481092811987,-.0211481092811987,0,0,-.0035850042543746,2004,.0047803497314453,0,0,1,1,0,.0361145341592045,0,.0223895370823494,0,.1306057216975935,0,.0010622787856087,0
Australia,AUS,2004,.3267987442016602,.1188799953460693,.1188799953460693,AUS,-.0198187403525306,-.0023560517608738,-.0195132396071397,-.0218692913680135,-.0218692913680135,0,0,-.0020038852243935,2005,.0090525817871094,0,0,1,1,0,.0368357162460193,0,.0231700988735012,0,.1313269037844083,0,-.0000400142907446,0
Australia,AUS,2005,.327109603881836,.1084000015258789,.1084000015258789,AUS,-.0236877920532199,-.0025677566947137,-.0194068283701639,-.0219745850648776,-.0219745850648776,0,0,-.0013947176134869,2006,.0048115921020507,0,0,1,1,0,.0369410099428834,0,.0234140749192421,0,.1314321974812724,0,-.0005188495150023,0
Australia,AUS,2006,.3270945358276367,.0992000007629395,.0992000007629395,AUS,-.0443775112226006,-.0044022491471393,-.0194119863574759,-.0238142355046152,-.0238142355046152,0,0,.0059145156070697,2007,.0437166976928711,0,0,1,1,0,.038780660382621,0,.0262754507422565,0,.13327184792101,0,-.0011178611618363,0
Australia,AUS,2007,.3271295928955078,.0964700031280518,.0964700031280518,AUS,-.0479156011447652,-.004622418192318,-.0193999858756032,-.0240224040679211,-.0240224040679211,0,0,.0313096192433256,2008,.0070360565185547,0,0,1,1,0,.0389888289459269,0,.0266908208860026,0,.133480016484316,0,-.0007176947560198,0
Australia,AUS,2008,.3265549468994141,.1170899963378906,.1170899963378906,AUS,-.0479802975484485,-.0056180128642387,-.0195966945360282,-.0252147074002669,-.0252147074002669,0,0,.0526177283940106,2009,.0078758239746094,0,0,1,1,0,.0401811322782727,0,.0278235027891254,0,.1346723198166618,0,-.0001232098297216,0
Australia,AUS,2009,.3268610382080078,.1656599998474121,.1656599998474121,AUS,-.037078814962527,-.0061424764810344,-.0194919155735182,-.0256343920545526,-.0256343920545526,0,0,.053131036748834,2010,-.0083917236328125,0,0,1,1,0,.0406008169325584,0,.0277734034050331,0,.1350920044709474,0,.0001551889782863,0
Australia,AUS,2010,.3265001678466797,.2028800010681152,.2028800010681152,AUS,-.0343028853327641,-.0069593694129506,-.0196154461050916,-.0265748155180422,-.0265748155180422,0,0,.0550201859188054,2011,.0068866729736328,0,0,1,1,0,.041541240396048,0,.0287027906155945,0,.136032427934437,0,.0010029487377788,0
Australia,AUS,2011,.3265813446044922,.2396199989318848,.2396199989318848,AUS,-.0303885261014813,-.0072816985919785,-.0195876582645854,-.0268693568565639,-.0268693568565639,0,0,.0436017361758551,2012,.0036351013183594,0,0,1,1,0,.0418357817345697,0,.029058380341039,0,.1363269692729587,0,.0018934898618659,0
Australia,AUS,2012,.3276515579223633,.2742000007629394,.2742000007629394,AUS,-.0272020115809013,-.0074587915962366,-.0192213105834765,-.0266801021797131,-.0266801021797131,0,0,.0400713320806941,2013,.0034040832519531,0,0,1,1,0,.0416465270577189,0,.029068695697091,0,.1361377145961079,0,.0026539422168247,0
Australia,AUS,2013,.3267119979858398,.3033300018310547,.3033300018310547,AUS,-.0269563690947867,-.0081766754868802,-.0195429339442219,-.0277196094311021,-.0277196094311021,0,0,.0451566184917497,2014,.0105101013183594,0,0,1,1,0,.0426860343091079,0,.0302428918223674,0,.1371772218474969,0,.0030138912020382,0
Australia,AUS,2014,.3264526748657227,.3389300155639648,.3389300155639648,AUS,-.0219639465966383,-.0074442407618447,-.0196317035587711,-.0270759443206159,-.0270759443206159,0,0,.0426825429079222,2015,.0011951446533204,0,0,1,1,0,.0420423691986217,0,.0298371042695576,0,.1365335567370107,0,.0033883115337241,0
Australia,AUS,2015,.3271173095703125,.3757500076293945,.3757500076293945,AUS,-.0150935958137496,-.0056714187421714,-.0194041906146271,-.0250756093567985,-.0250756093567985,0,0,.0431095970014043,2016,-.0037033081054688,0,0,1,1,0,.0400420342348043,0,.02826919592931,0,.1345332217731933,0,.0035731345555838,0
Australia,AUS,2016,.3279792785644531,.4045999908447266,.4045999908447266,AUS,-.0106970225886352,-.0043280152414276,-.0191091276239895,-.0234371428654172,-.0234371428654172,0,0,.0308245267844754,2017,-.0010603332519531,0,0,1,1,0,.038403567743423,0,.0270717376573202,0,.132894755281812,0,.0034399351450935,0
Australia,AUS,2017,.3276167678833008,.4103900146484375,.4103900146484375,AUS,-.0034940679855443,-.0014339306117702,-.0192332196579791,-.0206671502697493,-.0206671502697493,0,0,.0270948994603543,2018,-.0139093780517578,0,0,1,1,0,.0356335751477551,0,.0246234523536216,0,.1301247626861441,0,.0032302058627866,0
Australia,AUS,2018,.3155680274963379,.4159799957275391,.4159799957275391,AUS,.0014048494215501,.0005843892563743,-.0233576573073141,-.0227732680509398,-.0227732680509398,0,0,.0738013008517974,2019,.0046966552734375,0,0,1,1,0,.0377396929289456,0,.0262560686002685,0,.1322308804673346,0,.0031418762429729,0
Australia,AUS,2019,.3135621643066406,.4652899932861328,.4652899932861328,AUS,.0109052529441516,.0050741050691679,-.0240442898841064,-.0189701848149385,-.0189701848149385,0,0,.0975111447424223,2020,-.0023030090332031,0,0,1,1,0,.0339366096929443,0,.0235320504160733,0,.1284277972313334,0,.0030646567148536,0
Australia,AUS,2020,.3137673759460449,.5690999984741211,.5690999984741211,AUS,.0321796731807825,.018313451958081,-.0239740433201953,-.0056605913621143,-.0056605913621143,0,0,.0486246687027876,2021,-.0128317260742188,0,0,1,1,0,.0206270162401201,0,.0140383391568762,0,.1151182037785091,0,.0029001018033829,0
Australia,AUS,2021,.3131583213806152,.5537200164794922,.5537200164794922,AUS,.024256267763927,.0134311809859726,-.0241825304731657,-.0107513494871931,-.0107513494871931,0,0,.0108352333640942,2022,.0133726501464844,0,0,1,1,0,.0257177743651989,0,.0178469232175991,0,.1202089619035879,0,.0028731413416559,0
Australia,AUS,2022,.3158762359619141,.5004499816894531,.5004499816894531,AUS,.0151678382942173,.0075907443966097,-.0232521536149412,-.0156614092183316,-.0156614092183316,0,0,.0211533595290032,2023,-.0008071899414062,0,0,1,1,0,.0306278340963374,0,.021229550758683,0,.1251190216347264,0,.0026459359004369,0
Australia,AUS,2023,.3159372329711914,.4941600036621094,.4941600036621094,AUS,.0141126217164608,.0069738931990882,-.0232312735599744,-.0162573803608862,-.0162573803608862,0,0,,,.0001634216308594,1,0,0,1,0,,,,,.125714992777281,0,.0025336236129541,0
Austria,AUT,1995,.3063405418395996,.6823799896240235,.6823799896240235,AUT,.0874674814625074,.0596860590928252,-.0265163434462012,.0331697156466241,.0331697156466241,0,0,.0224472208831629,1996,,1,3,0,0,0,,,,,,,,
Austria,AUT,1996,.3071669387817383,.6818000030517578,.6818000030517578,AUT,.0841494459389275,.0573730924979645,-.0262334572230786,.0311396352748859,.0311396352748859,0,0,-.0263024607530113,1997,.0063634109497069,1,1,0,0,0,,,,,,,,
Austria,AUT,1997,.3061225318908691,.6337300109863281,.6337300109863281,AUT,.0767543726967201,.0486415494523411,-.0265909710347785,.0220505784175626,.0220505784175626,0,0,.0858562515007575,1998,.0014728927612305,1,1,0,0,0,,,,,,,,
Austria,AUT,1998,.3066686058044434,.6919699859619141,.6919699859619141,AUT,.0849276058644185,.0587673542377806,-.0264040429629527,.032363311274828,.032363311274828,0,0,-.0540980838351615,1999,.0008245849609375,1,1,0,0,0,,,,,,,,
Austria,AUT,1999,.3046699333190918,.6134000015258789,.6134000015258789,AUT,.0722858184332795,.044340121137273,-.0270882140698506,.0172519070674225,.0172519070674225,0,0,.078107994338472,2000,.003999137878418,1,1,0,0,0,,,,,,,,
Austria,AUT,2000,.3039168739318848,.6610900115966797,.6610900115966797,AUT,.0782385288065605,.0517227099160363,-.0273459959116888,.0243767140043475,.0243767140043475,0,0,.0333463957865866,2001,.0037329864501953,0,0,1,1,0,0,.0094102891263417,0,.0058263920858976,.0850808984120473,0,.0047794343330472,0
Austria,AUT,2001,.3037926292419433,.6723799896240235,.6723799896240235,AUT,.0763068071385039,.0513071701920296,-.0273885264551702,.0239186437368594,.0239186437368594,0,0,.0195876295113477,2002,.0083872222900391,0,0,1,1,0,0,.0089522188588536,0,.005617861565979,.0855389686795354,0,.0044976462269361,0
Austria,AUT,2002,.3044147491455078,.6744000244140625,.6744000244140625,AUT,.0734124978487469,.0495093903414922,-.0271755668701635,.0223338234713287,.0223338234713287,0,0,.0058065805019969,2003,.0065302658081055,0,0,1,1,0,0,.0073673985933229,0,.0046714369807431,.0871237889450661,0,.0045362143635688,0
Austria,AUT,2003,.304641056060791,.6641200256347656,.6641200256347656,AUT,.0729227142061141,.0484294348279212,-.0270980991240156,.0213313357039056,.0213313357039056,0,0,.023592275786808,2004,-.0026749801635743,0,0,1,1,0,0,.0063649108258998,0,.0040187648370838,.0881262767124892,0,.0042753354071901,0
Austria,AUT,2004,.3043294334411621,.6591200256347656,.6591200256347656,AUT,.0696976088733959,.0459390897473146,-.027204771524906,.0187343182224087,.0187343182224087,0,0,.0692518935831726,2005,.0059484481811524,0,0,1,1,0,0,.0037678933444028,0,.0024014373806391,.0907232941939862,0,.0042224228633709,0
Austria,AUT,2005,.3044386100769043,.6942800140380859,.6942800140380859,AUT,.0708927779711334,.0492194388849974,-.0271673989687365,.0220520399162609,.0220520399162609,0,0,.0241723215580865,2006,.0092190170288087,0,0,1,1,0,0,.0070856150382551,0,.0045812837831499,.0874055725001339,0,.0042880087267231,0
Austria,AUT,2006,.3043173599243164,.681760025024414,.681760025024414,AUT,.0558792667877473,.0380962503235605,-.0272089044438534,.0108873458797071,.0108873458797071,0,0,.0166432085837649,2007,.0298470306396483,0,0,1,1,0,.0040790789982987,0,.0027591226201278,0,.0985702665366877,0,.004794670529083,0
Austria,AUT,2007,.3030762672424316,.6581300354003906,.6581300354003906,AUT,.0478782701269328,.0315101276135478,-.0276337463127195,.0038763813008283,.0038763813008283,0,0,.0608947906609777,2008,.0114484405517579,0,0,1,1,0,.0110900435771775,0,.0076283604916676,0,.1055812311155665,0,.0048933182539122,0
Austria,AUT,2008,.3034719467163086,.6952799987792969,.6952799987792969,AUT,.0545986917191965,.0379613783118741,-.0274983001775456,.0104630781343285,.0104630781343285,0,0,.0968250723344986,2009,-.0029409790039062,0,0,1,1,0,.0045033467436773,0,.0030844128656293,0,.0989945342820663,0,.0045105324991373,0
Austria,AUT,2009,.303918628692627,.8075199890136718,.8075199890136718,AUT,.0787061826108068,.0635568157171867,-.0273453952346854,.0362114204825014,.0362114204825014,0,0,.0517406301029377,2010,-.016635971069336,0,0,1,1,0,0,.0212449956044956,0,.0141975998015261,.0732461919338935,0,.0034482279273656,0
Austria,AUT,2010,.3024361228942871,.8365399932861328,.8365399932861328,AUT,.080866895293028,.0676483920455001,-.0278528758952071,.039795516150293,.039795516150293,0,0,.0370378154116725,2011,.0067608642578125,0,0,1,1,0,0,.0248290912722872,0,.0167606443813583,.0696620962661018,0,.003210109976224,0
Austria,AUT,2011,.3035120391845703,.8335600280761719,.8335600280761719,AUT,.0796944323997375,.0664300933086398,-.027484576013837,.0389455172948028,.0389455172948028,0,0,.0184607550631728,2012,.0003947448730469,0,0,1,1,0,0,.023979092416797,0,.0161963262776186,.070512095121592,0,.0031634399313489,0
Austria,AUT,2012,.2997461700439453,.8293499755859375,.8293499755859375,AUT,.0787131743236974,.0652807692036501,-.028773681095964,.0365070881076861,.0365070881076861,0,0,.0069363874336465,2013,.0051155853271484,0,0,1,1,0,0,.0215406632296803,0,.014659518147762,.0729505243087087,0,.0033034254096767,0
Austria,AUT,2013,.3011209678649902,.8243099975585938,.8243099975585938,AUT,.0707290623582995,.0583026732198915,-.0283030702510763,.0299996029688152,.0299996029688152,0,0,.051458367122513,2014,.0147697448730469,0,0,1,1,0,0,.0150331780908094,0,.0104528793638959,.0794580094475796,0,.0034250364757631,0
Austria,AUT,2014,.3037026596069336,.8520999908447265,.8520999908447265,AUT,.0677260657553058,.0577093800100454,-.0274193242097913,.0302900558002541,.0302900558002541,0,0,.0350940169691757,2015,.0133526611328124,0,0,1,1,0,0,.0153236309222483,0,.0108594484703826,.0791675566161407,0,.0031856497610678,0
Austria,AUT,2015,.3001437759399414,.8561499786376953,.8561499786376953,AUT,.0719562741260279,.0616053625558469,-.0286375755219059,.032967787033941,.032967787033941,0,0,.0111639248777523,2016,-.0040931701660156,0,0,1,1,0,0,.0180013621559352,0,.0126834025275802,.0764898253824538,0,.0028085011738231,0
Austria,AUT,2016,.2985615348815918,.8341899871826172,.8341899871826172,AUT,.0768897340659772,.0641406462749724,-.0291791968351547,.0349614494398177,.0349614494398177,0,0,-.0177695016921844,2017,-.0168769073486328,0,0,1,1,0,0,.0199950245618119,0,.0137506433164087,.0744961629765771,0,.002548935568417,0
Austria,AUT,2017,.2984765243530274,.7905699920654297,.7905699920654297,AUT,.0689334707531899,.0544967334263918,-.0292082970243314,.0252884364020604,.0252884364020604,0,0,-.0123415492621301,2018,.0031642150878907,0,0,1,1,0,0,.0103220115240546,0,.0071311419059914,.0841691760143344,0,.0025725270806084,0
Austria,AUT,2018,.2976770401000977,.7458599853515625,.7458599853515625,AUT,.0625668305857614,.0466660953441897,-.0294819706903689,.0171841246538209,.0171841246538209,0,0,-.0126945681301806,2019,.0000135803222656,0,0,1,1,0,0,.0022176997758151,0,.0015321667330238,.0922734877625739,0,.0024624697696904,0
Austria,AUT,2019,.2982572555541992,.7100599670410156,.7100599670410156,AUT,.0589585283600727,.04186409070414,-.0292833555333677,.0125807351707723,.0125807351707723,0,0,.0894221714110494,2020,-.0047676086425782,0,0,1,1,0,.0023856897072335,0,.0016368537571017,0,.0968768772456225,0,.002296456528289,0
Austria,AUT,2020,.2938090705871582,.8318299865722656,.8318299865722656,AUT,.0816125298132898,.0678877495787175,-.030806026033358,.0370817235453595,.0370817235453595,0,0,.0483043204041643,2021,-.0044414520263671,0,0,1,1,0,0,.0221152986673537,0,.0150753794709287,.0723758888710353,0,.0016536155299126,0
Austria,AUT,2021,.291540756225586,.8239900207519532,.8239900207519532,AUT,.0823999120038334,.0678967052019978,-.0315824989967491,.0363142062052487,.0363142062052487,0,0,.0404178069791254,2022,-.0018582153320312,0,0,1,1,0,0,.0213477813272429,0,.0145125156300536,.0731434062111461,0,.0013064177136023,0
Austria,AUT,2022,.2991105270385742,.7814099884033203,.7814099884033203,AUT,.0741872678268751,.0579706720922725,-.0289912698113558,.0289794022809167,.0289794022809167,0,0,.0453734577020891,2023,-.0047134399414063,0,0,1,1,0,0,.0140129774029109,0,.0094601656204759,.0804782101354782,0,.0012212614783435,0
Austria,AUT,2023,.2953165626525879,.7775399780273438,.7775399780273438,AUT,.0750461864234556,.0583514101427296,-.0302899922546354,.0280614178880942,.0280614178880942,0,0,,,.0010973358154297,1,0,0,1,0,,,,,.0813961945283006,0,.0012615114388893,0
Belgium,BEL,1995,.3578819274902344,1.312859954833984,1.312859954833984,BEL,.1836617609770838,.2411221712211043,-.008873069157846,.2322491020632582,.2322491020632582,0,0,.0004561180971814,1996,,1,3,0,0,0,,,,,,,,
Belgium,BEL,1996,.3569965362548828,1.290039978027344,1.290039978027344,BEL,.1786758744433912,.2304990211409688,-.0091761498806597,.221322871260309,.221322871260309,0,0,.0095806068795288,1997,.004488639831543,1,1,0,0,0,,,,,,,,
Belgium,BEL,1997,.3569110107421875,1.242710037231445,1.242710037231445,BEL,.1727423052764732,.2146685966215717,-.0092054263554787,.205463170266093,.205463170266093,0,0,-.0055243243147551,1998,-.0026872634887696,1,1,0,0,0,,,,,,,,
Belgium,BEL,1998,.3566569519042969,1.191859970092773,1.191859970092773,BEL,.1693125411583361,.201796840241306,-.0092923939390177,.1925044463022883,.1925044463022883,0,0,.009784033658755,1999,-.0093696975708008,1,1,0,0,0,,,,,,,,
Belgium,BEL,1999,.3565018463134766,1.153619995117187,1.153619995117187,BEL,.1629904789200828,.1880290754959339,-.0093454885628419,.1786835869330921,.1786835869330921,0,0,.0058973934150832,2000,.0013882446289063,1,1,0,0,0,,,,,,,,
Belgium,BEL,2000,.3561085891723633,1.09588996887207,1.09588996887207,BEL,.1508823548943757,.165350459208542,-.0094801055025871,.155870353705955,.155870353705955,0,0,.0198731592660764,2001,.0080849456787109,0,0,1,1,0,0,.1409039288279491,0,.0765919741589658,0,.0464127412895601,0,.0058892300312939
Belgium,BEL,2001,.3566558837890625,1.082170028686523,1.082170028686523,BEL,.1467275820170067,.1587841916404484,-.009292759568498,.1494914320719504,.1494914320719504,0,0,.0077780082937252,2002,.0040758514404297,0,0,1,1,0,0,.1345250071939446,0,.0736728502961679,0,.0400338196555556,0,.0048464708967936
Belgium,BEL,2002,.354638557434082,1.054369964599609,1.054369964599609,BEL,.1400487487115616,.1476631942212288,-.0099833161331062,.1376798780881226,.1376798780881226,0,0,-.0082120656420245,2003,.0079188919067383,0,0,1,1,0,0,.1227134532101168,0,.068175987124614,0,.0282222656717278,0,.0030367519167724
Belgium,BEL,2003,.3557043075561523,1.016589965820313,1.016589965820313,BEL,.1371277711065781,.1394027161422518,-.0096184962608973,.1297842198813546,.1297842198813546,0,0,.0090753662150761,2004,-.0075618362426758,0,0,1,1,0,0,.1148177950033488,0,.0629211581746407,0,.0203266074649597,0,.0020457618802136
Belgium,BEL,2004,.3517432403564453,.9716999816894532,.9716999816894532,BEL,.1318304123302135,.1280996092473815,-.0109744201305571,.1171251891168244,.1171251891168244,0,0,.0220874590461761,2005,.0011711120605469,0,0,1,1,0,0,.1021587642388186,0,.0561035377052985,0,.0076675767004296,0,.0006989555383324
Belgium,BEL,2005,.3505686187744141,.9514199829101563,.9514199829101563,BEL,.1320306689035342,.125616616751817,-.0113765080933696,.1142401086584473,.1142401086584473,0,0,.008128027031805,2006,-.0060519409179687,0,0,1,1,0,0,.0992736837804415,0,.0539183111015209,0,.0047824962420525,0,.0003931325150081
Belgium,BEL,2006,.3507474136352539,.9149400329589844,.9149400329589844,BEL,.1153706240562482,.1055572025765223,-.0113153043299992,.0942418982465231,.0942418982465231,0,0,.0079009452113783,2007,.0250177764892577,0,0,1,1,0,0,.0792754733685173,0,.0450400204042769,.0152157141698717,0,.0011656412199649,0
Belgium,BEL,2007,.3520602416992187,.8732499694824218,.8732499694824218,BEL,.1056355020107034,.0922461989071071,-.0108659065240693,.0813802923830378,.0813802923830378,0,0,.0803768694869236,2008,.0062443542480469,0,0,1,1,0,0,.066413867505032,0,.0381474658759579,.028077320033357,0,.0020779838523449,0
Belgium,BEL,2008,.3531502151489258,.9316000366210937,.9316000366210937,BEL,.1098040841150597,.1022934887827353,-.010492794697574,.0918006940851613,.0918006940851613,0,0,.0555547216858705,2009,.0093046951293945,0,0,1,1,0,0,.0768342692071555,0,.0448477605692551,.0176569183312335,0,.0012531862804574,0
Belgium,BEL,2009,.3517179489135742,.9985299682617188,.9985299682617188,BEL,.1176061388782966,.1174332541215288,-.0109830777143238,.1064501764072049,.1064501764072049,0,0,.0486232050676725,2010,.0069217681884766,0,0,1,1,0,0,.0914837515291991,0,.0540318160050799,.0030074360091899,0,.0002148825068911,0
Belgium,BEL,2010,.3530846405029297,1.00245002746582,1.00245002746582,BEL,.1206601909351465,.1209558117169688,-.010515241736028,.1104405699809408,.1104405699809408,0,0,.0687558316531843,2011,-.0071461868286132,0,0,1,1,0,0,.095474145102935,0,.0557063323382015,0,.000982957564546,0,.0000647023050098
Belgium,BEL,2011,.3469819641113281,1.027350006103516,1.027350006103516,BEL,.1271212935849448,.1305980617403798,-.0126042657719732,.1179937959684066,.1179937959684066,0,0,.04130730843552,2012,.0009305572509766,0,0,1,1,0,0,.1030273710904008,0,.06020928857474,0,.0085361835520118,0,.0005393121148812
Belgium,BEL,2012,.3458176040649414,1.043349990844727,1.043349990844727,BEL,.1270346343478038,.1325415845837443,-.0130028410801353,.119538743503609,.119538743503609,0,0,.025065987449385,2013,.0070211029052735,0,0,1,1,0,0,.1045723186256032,0,.0618463703176508,0,.0100811310872142,0,.000627836757004
Belgium,BEL,2013,.3451184844970703,1.050319976806641,1.050319976806641,BEL,.1256056276340665,.1319260999033963,-.0132421586332161,.1186839412701802,.1186839412701802,0,0,.0431506610954766,2014,.0064300918579101,0,0,1,1,0,0,.1037175163921744,0,.0620077346248105,0,.0092263288537854,0,.000527638644342
Belgium,BEL,2014,.3430706024169922,1.065550003051758,1.065550003051758,BEL,.1234870037593251,.1315815772326013,-.0139431748126013,.11763840242,.11763840242,0,0,.0177499154652891,2015,.0123760604858398,0,0,1,1,0,0,.1026719775419942,0,.0626533316354583,0,.0081807900036052,0,.0004636840747808
Belgium,BEL,2015,.3437548828125,1.055719985961914,1.055719985961914,BEL,.1218361956223925,.1286249067321252,-.0137089368976581,.1149159698344672,.1149159698344672,0,0,.0318478910903356,2016,-.000418930053711,0,0,1,1,0,0,.0999495449564614,0,.0609501547478766,0,.0054583574180724,0,.0002836103225921
Belgium,BEL,2016,.3409006500244141,1.054749984741211,1.054749984741211,BEL,.1271634385210098,.134125634839675,-.0146859772183115,.1194396576213635,.1194396576213635,0,0,.0058394557780491,2017,-.0091094970703125,0,0,1,1,0,0,.1044732327433577,0,.0627570426927451,0,.0099820452049687,0,.0004833592836428
Belgium,BEL,2017,.341580810546875,1.024850006103516,1.024850006103516,BEL,.1250482490252175,.1281556987767281,-.0144531495885067,.1137025491882214,.1137025491882214,0,0,.0122324830433998,2018,-.0062416458129883,0,0,1,1,0,0,.0987361243102156,0,.0586944872895466,0,.0042449367718266,0,.0001746086982479
Belgium,BEL,2018,.3442860412597656,1.000780029296875,1.000780029296875,BEL,.1233267385137311,.1234229369828599,-.0135271145803613,.1098958224024986,.1098958224024986,0,0,.0173148261424167,2019,-.0074668121337891,0,0,1,1,0,0,.0949293975244928,0,.0557227278004999,0,.0004382099861038,0,.0000161037037963
Belgium,BEL,2019,.3353820037841797,.97572998046875,.97572998046875,BEL,.1241921072906662,.1211779624210946,-.0165750802776829,.1046028821434118,.1046028821434118,0,0,.1003074570508222,2020,-.0002924346923828,0,0,1,1,0,0,.089636457265406,0,.0525896052555366,.004854730272983,0,.0001712239152336,0
Belgium,BEL,2020,.3349691772460938,1.11245002746582,1.11245002746582,BEL,.1420771346534272,.1580537123474701,-.0167163960718358,.1413373162756343,.1413373162756343,0,0,.0719481763814016,2021,.0068354415893556,0,0,1,1,0,0,.1263708913976285,0,.0750054558958036,0,.0318797038592395,0,.0011031262379983
Belgium,BEL,2021,.3321617507934571,1.085410003662109,1.085410003662109,BEL,.1388126101429334,.1506685956835883,-.0176774139863327,.1329911816972556,.1329911816972556,0,0,.0586308842497365,2022,.0013573837280273,0,0,1,1,0,0,.1180247568192498,0,.0702119438118876,0,.0235335692808608,0,.0006879021316494
Belgium,BEL,2022,.3332947158813477,1.031399993896484,1.031399993896484,BEL,.1301666995543102,.134253933125841,-.0172895855732536,.1169643475525874,.1169643475525874,0,0,.0652706843384871,2023,-.000237808227539,0,0,1,1,0,0,.1019979226745816,0,.0606534578561851,0,.0075067351361926,0,.000197250781188
Belgium,BEL,2023,.3347019958496094,1.021910018920899,1.021910018920899,BEL,.1315355292629921,.1344174751979146,-.0168078556747047,.1176096195232099,.1176096195232099,0,0,,,-.0079730224609376,1,0,0,1,0,,,,,0,.0081520071068151,0,.0002432387663966
Bangladesh,BGD,1995,.5762206649780274,,,BGD,,,.0658670680084674,,,,,,,,3,3,0,0,0,,,,,,,,
Bangladesh,BGD,1996,.5748606872558594,,,BGD,,,.0654015302726194,,,,,,,-.0001551818847656,3,1,0,0,0,,,,,,,,
Bangladesh,BGD,1997,.580283432006836,,,BGD,,,.0672578050279342,,,,,,,.0022386169433594,3,1,0,0,0,,,,,,,,
Bangladesh,BGD,1998,.5707224655151367,,,BGD,,,.0639849641420054,,,,,,,.0021207809448242,3,1,0,0,0,,,,,,,,
Bangladesh,BGD,1999,.5683249664306641,,,BGD,,,.0631642695987862,,,,,,,-.006252212524414,3,1,0,0,0,,,,,,,,
Bangladesh,BGD,2000,.5652453994750977,,,BGD,,,.062110094515976,,,,,,,-.0062442398071289,3,1,0,0,0,,,,,,,,
Bangladesh,BGD,2001,.5670125579833984,,,BGD,,,.0627150154330093,,,,,,,-.0048074340820313,3,1,0,0,0,,,,,,,,
Bangladesh,BGD,2002,.563576431274414,,,BGD,,,.0615387853947428,,,,,,2003,-.0054393577575684,3,1,0,0,0,,,,,,,,
Bangladesh,BGD,2003,.563864974975586,.3704399871826172,.3704399871826172,BGD,.0366448384791515,.0135747134965259,.0616375575872186,.0752122710837445,.0752122710837445,0,0,.0321453906601796,2004,-.0051836204528808,0,0,1,1,0,0,.0602458462057387,0,.0189402567330453,.0342453413326503,0,.0056671569554964,0
Bangladesh,BGD,2004,.5634304428100586,.3658499908447266,.3658499908447266,BGD,.0389476145777181,.0142489844366821,.0614888116796972,.0757377961163793,.0757377961163793,0,0,.0303471831777504,2005,-.0062875938415528,0,0,1,1,0,0,.0607713712383735,0,.0187233670552653,.0337198163000155,0,.0052180722403771,0
Bangladesh,BGD,2005,.5601026153564453,.3555799865722656,.3555799865722656,BGD,.0295548006691718,.0105090956250901,.0603496538590985,.0708587494841886,.0708587494841886,0,0,.0434565975183257,2006,.0215823936462403,0,0,1,1,0,0,.0558923246061828,0,.0184264464166265,.0385988629322062,0,.0059292251022616,0
Bangladesh,BGD,2006,.554115982055664,.3533200073242188,.3533200073242188,BGD,-.0018480740964762,-.0006529615533027,.0583003528545535,.0576473913012509,.0576473913012509,0,0,.0455060391844948,2007,.0772322082519531,0,0,1,1,0,0,.0426809664232451,0,.0173673030859469,.0518102211151439,0,.0084413193744342,0
Bangladesh,BGD,2007,.5634095001220704,.3498899841308594,.3498899841308594,BGD,-.0128767254930399,-.0045054372784172,.0614816427302434,.0569762054518262,.0569762054518262,0,0,.0374071330974267,2008,.0130974197387695,0,0,1,1,0,0,.0420097805738204,0,.0176444107221893,.0524814069645686,0,.0092550622042065,0
Bangladesh,BGD,2008,.5578225708007812,.3386999893188476,.3386999893188476,BGD,-.0143826133561213,-.0048713909900954,.0595691655005214,.054697774510426,.054697774510426,0,0,.0315066659102513,2009,.0060082244873047,0,0,1,1,0,0,.0397313496324202,0,.0169261681675955,.0547598379059688,0,.0119835295072312,0
Bangladesh,BGD,2009,.5562024688720704,.330099983215332,.330099983215332,BGD,-.0155126430984634,-.0051207232264282,.059014583928014,.0538938607015858,.0538938607015858,0,0,.0049788347852972,2010,.0014768981933594,0,0,1,1,0,0,.03892743582358,0,.0166411803368506,.055563751714809,0,.0128002112491653,0
Bangladesh,BGD,2010,.554066162109375,.2962299919128418,.2962299919128418,BGD,-.0314922062841835,-.0093289360128812,.0582832988509346,.0489543628380534,.0489543628380534,0,0,.0412989456634433,2011,.0270372772216797,0,0,1,1,0,0,.0339879379600476,0,.0154485241748145,.0605032495783414,0,.0112069838870739,0
Bangladesh,BGD,2011,.5535620498657227,.2939299964904785,.2939299964904785,BGD,-.0328780106356296,-.0096638335507445,.058110734794408,.0484469012436635,.0484469012436635,0,0,.0411023265779425,2012,.0029303741455078,0,0,1,1,0,0,.0334804763656577,0,.0153159781767099,.0610107111727313,0,.0097958854553766,0
Bangladesh,BGD,2012,.5449834823608398,.2907799911499023,.2907799911499023,BGD,-.0296650339308565,-.008625998303876,.0551741816230255,.0465481833191495,.0465481833191495,0,0,.031264290141667,2013,.0015228652954102,0,0,1,1,0,0,.0315817584411437,0,.0144954854695703,.0629094290972453,0,.0107591024859393,0
Bangladesh,BGD,2013,.5449971008300781,.283439998626709,.283439998626709,BGD,-.031295338993627,-.008870350841376,.0551788433988999,.0463084925575239,.0463084925575239,0,0,.0380164040321621,2014,.0011603927612304,0,0,1,1,0,0,.0313420676795181,0,.0144218406293487,.0631491198588709,0,.0112055312065124,0
Bangladesh,BGD,2014,.5489215087890625,.286830005645752,.286830005645752,BGD,.0581694304915171,.016684738076292,.0565222183424665,.0732069564187585,.0732069564187585,0,0,.0313639608704022,2015,-.2059536361694336,0,0,1,1,0,0,.0582405315407527,0,.0148041377488531,.0362506559976363,0,.0069094253136767,0
Bangladesh,BGD,2015,.5383821487426758,.2820599937438965,.2820599937438965,BGD,.0641099773854189,.0180828598202526,.0529144608525426,.0709973206727952,.0709973206727952,0,0,.0348346447749108,2016,-.0029511833190918,0,0,1,1,0,0,.0560308957947894,0,.0140771138647942,.0384602917435996,0,.0079889517480604,0
Bangladesh,BGD,2016,.5345089721679688,.2771999931335449,.2771999931335449,BGD,.0582796137453149,.016155108530027,.0515886230658368,.0677437315958638,.0677437315958638,0,0,.0397455675483835,2017,.0159973716735839,0,0,1,1,0,0,.052777306717858,0,.0141039854694846,.041713880820531,0,.0078850013934332,0
Bangladesh,BGD,2017,.5296711730957031,.2830599975585937,.2830599975585937,BGD,.061232393386188,.0173324411224012,.0499325826837933,.0672650238061945,.0672650238061945,0,0,.0525128163199179,2018,.0008927154541016,0,0,1,1,0,0,.0522985989281887,0,.0140227453806771,.0421925886102003,0,.0080326991025746,0
Bangladesh,BGD,2018,.5288983917236328,.2955299949645996,.2955299949645996,BGD,.0618749908943114,.0182859157474305,.0496680497547644,.0679539655021949,.0679539655021949,0,0,.0617779981425225,2019,.0037088394165039,0,0,1,1,0,0,.0529875406241891,0,.0144039925700235,.0415036469141999,0,.0074857961625589,0
Bangladesh,BGD,2019,.5292065048217773,.3195100021362305,.3195100021362305,BGD,.0652111538885935,.0208356159182506,.0497735208016479,.0706091367198985,.0706091367198985,0,0,.0511913389939036,2020,.0003095817565918,0,0,1,1,0,0,.0556427118418927,0,.0151429932432941,.0388484756964963,0,.0080807116100247,0
Bangladesh,BGD,2020,.5281836318969727,.3450899887084961,.3450899887084961,BGD,.0671576918369705,.0231754471177088,.0494233783414357,.0725988254591445,.0725988254591445,0,0,.0514579708086115,2021,.0055375099182129,0,0,1,1,0,0,.0576324005811387,0,.0160036209165459,.0368587869572503,0,.0080046420995213,0
Bangladesh,BGD,2021,.5572457122802734,.3561399841308594,.3561399841308594,BGD,.0541316398146999,.0192784413445846,.0593716994647442,.0786501408093288,.0786501408093288,0,0,.0698376523717218,2022,-.0001803398132324,0,0,1,1,0,0,.063683715931323,0,.0176724923250964,.030807471607066,0,.0065780963194547,0
Bangladesh,BGD,2022,.5685681915283203,.3786299896240234,.3786299896240234,BGD,.052810902377499,.0199957914192278,.0632475286547388,.0832433200739666,.0832433200739666,0,0,.0705630555271975,2023,-.0023387336730957,0,0,1,1,0,0,.0682768951959608,0,.0187874369328517,.0262142923424282,0,.0060366522085118,0
Bangladesh,BGD,2023,.5683826065063476,.3972600173950195,.3972600173950195,BGD,.0538954975543284,.0214105262959457,.0631840005325291,.0845945268284748,.0845945268284748,0,0,,,.004143123626709,1,0,0,1,0,,,,,.02486308558792,0,.0061908688558119,0
Brazil,BRA,1995,.4062085723876953,,,BRA,,,.0076697583311417,,,,,,,,3,4,0,0,0,,,,,,,,
Brazil,BRA,1996,.4066446685791016,,,BRA,,,.0078190396246879,,,,,,,-.0007059097290039,3,2,0,0,0,,,,,,,,
Brazil,BRA,1997,.4051666259765625,,,BRA,,,.0073130867730662,,,,,,,.0010770034790039,3,2,0,0,0,,,,,,,,
Brazil,BRA,1998,.4017980194091797,,,BRA,,,.0061599697412357,,,,,,,.0009031295776367,3,2,0,0,0,,,,,,,,
Brazil,BRA,1999,.3994971084594727,,,BRA,,,.0053723385495962,,,,,,2000,.0053138351440429,3,2,0,0,0,,,,,,,,
Brazil,BRA,2000,.3971102523803711,.6219800186157226,.6219800186157226,BRA,.1392809912273182,.0866299935163836,.0045552872429848,.0911852807593684,.0911852807593684,0,0,.116838288216293,2001,.0050688934326172,0,1,1,0,0,0,.0762188558813626,0,.0274539013990316,,,,
Brazil,BRA,2001,.3945921325683594,.6733100128173828,.6733100128173828,BRA,.1469152354838287,.0989194990866855,.0036933026848782,.1026128017715637,.1026128017715637,0,0,.1877149441308777,2002,.0032052230834961,0,0,1,1,0,0,.0876463768935579,0,.0318510010936994,.0068448106448311,0,.0012429696891914,0
Brazil,BRA,2002,.3914939117431641,.7609500122070313,.7609500122070313,BRA,.1597167493071709,.121536462334959,.0026327421443576,.1241692044793167,.1241692044793167,0,0,.0642636353059256,2003,.0046171569824219,0,0,1,1,0,0,.1092027796013109,0,.0401888798995838,0,.0147115920629219,0,.0027365910431538
Brazil,BRA,2003,.3890575408935547,.7151399993896485,.7151399993896485,BRA,.155165808908121,.1109652764878479,.0017987412996931,.112764017787541,.112764017787541,0,0,.0600669132064585,2004,-.0025902557373047,0,0,1,1,0,0,.0977975929095352,0,.0357382146981436,0,.0033064053711462,0,.0008249659495659
Brazil,BRA,2004,.3880776977539063,.680250015258789,.680250015258789,BRA,.1522475702735639,.1035664120017054,.0014633284842604,.1050297404859658,.1050297404859658,0,0,.0622383071885775,2005,-.0042219161987305,0,0,1,1,0,0,.09006331560796,0,.032531634783968,.004427871930429,0,.000844678763358,0
Brazil,BRA,2005,.38504638671875,.6696900177001953,.6696900177001953,BRA,.1487870174312774,.0996411803371114,.0004256720190443,.1000668523561557,.1000668523561557,0,0,.0473918174382434,2006,.0077077102661133,0,0,1,1,0,0,.0851004274781499,0,.0313949268648417,.0093907600602391,0,.0017629471560544,0
Brazil,BRA,2006,.3834361648559571,.645989990234375,.645989990234375,BRA,.1324745304910209,.085577220658198,-.00012552748077,.085451693177428,.085451693177428,0,0,.0655585657344682,2007,.0306711959838867,0,0,1,1,0,0,.0704852682994222,0,.0281650252632684,.0240059192389668,0,.0040600025564953,0
Brazil,BRA,2007,.383110237121582,.6302500152587891,.6302500152587891,BRA,.1285093755739551,.0809930359163827,-.0002370967050578,.0807559392113249,.0807559392113249,0,0,.0719073626143928,2008,.0039596176147461,0,0,1,1,0,0,.0657895143333191,0,.0265491624537277,.0287016732050699,0,.0042185946333429,0
Brazil,BRA,2008,.381610221862793,.6141999816894531,.6141999816894531,BRA,.123403416280112,.0757943760196607,-.000750571077418,.0750438049422428,.0750438049422428,0,0,.0792609968178846,2009,.0077887344360352,0,0,1,1,0,0,.060077380064237,0,.0247119744507699,.034413807474152,0,.0051414814392524,0
Brazil,BRA,2009,.3789001083374023,.6470200347900391,.6470200347900391,BRA,.1235694223584863,.0799518919533729,-.0016782775346164,.0782736144187565,.0782736144187565,0,0,.0808661477536689,2010,.0139940643310547,0,0,1,1,0,0,.0633071895407507,0,.0269264354513938,.0311839979976383,0,.0044165736104495,0
Brazil,BRA,2010,.3785268402099609,.6243299865722656,.6243299865722656,BRA,.1129320737012087,.0705068800574537,-.0018060519798009,.0687008280776528,.0687008280776528,0,0,.0585468009187237,2011,.0167414093017578,0,0,1,1,0,0,.053734403199647,0,.0237544336097844,.040756784338742,0,.0058185120033673,0
Brazil,BRA,2011,.3779646682739258,.6063399887084961,.6063399887084961,BRA,.1094874186943945,.0663866002148815,-.0019984906102233,.0643881096046582,.0643881096046582,0,0,.071523670537096,2012,.0022817611694336,0,0,1,1,0,0,.0494216847266524,0,.0219606733394287,.0450695028117366,0,.0067408597552042,0
Brazil,BRA,2012,.3775794982910156,.6161399841308594,.6161399841308594,BRA,.1119276359442646,.0689630918345038,-.0021303392124745,.0668327526220293,.0668327526220293,0,0,.0437785504128135,2013,-.0017234420776367,0,0,1,1,0,0,.0518663277440235,0,.02295756916007,.0426248597943655,0,.0052730357567439,0
Brazil,BRA,2013,.3755424880981446,.5959500122070313,.5959500122070313,BRA,.1107021098466691,.0659729237144666,-.0028276338060776,.063145289908389,.063145289908389,0,0,.0719227749837075,2014,-.0017992782592773,0,0,1,1,0,0,.0481788650303832,0,.0212387020247069,.0463123225080058,0,.0062950517801307,0
Brazil,BRA,2014,.3740115356445313,.6161700057983398,.6161700057983398,BRA,.1525727718606774,.0940107657220624,-.003351698375172,.0906590673468903,.0906590673468903,0,0,.1280392564748697,2015,-.0861243438720703,0,0,1,1,0,0,.0756926424688845,0,.026848628761696,.0187985450695045,0,.0028744361149969,0
Brazil,BRA,2015,.3708345413208008,.7173000335693359,.7173000335693359,BRA,.1730517954767198,.124130058704685,-.0044392240898679,.1196908346148171,.1196908346148171,0,0,.0922466556107267,2016,-.0080543899536133,0,0,1,1,0,0,.1047244097368113,0,.036302877390814,0,.0102332221984223,0,.0023367091561649
Brazil,BRA,2016,.3692490005493164,.774219970703125,.774219970703125,BRA,.1809709422528249,.140111317609099,-.0049819749370471,.1351293426720519,.1351293426720519,0,0,.0949544930668304,2017,.0034021377563477,0,0,1,1,0,0,.1201629177940461,0,.0420634707070321,0,.0256717302556571,0,.0040945287971007
Brazil,BRA,2017,.3680320358276367,.8274500274658203,.8274500274658203,BRA,.1923972242006668,.1591990884491893,-.0053985574971161,.1538005309520732,.1538005309520732,0,0,.074216762273115,2018,-.0062290573120117,0,0,1,1,0,0,.1388341060740674,0,.0477345831362197,0,.0443429185356784,0,.0077448747713371
Brazil,BRA,2018,.3672471618652344,.847770004272461,.847770004272461,BRA,.1968291322756446,.166865834310268,-.0056672298741903,.1611986044360778,.1611986044360778,0,0,.0712999654710407,2019,-.0021676635742187,0,0,1,1,0,0,.1462321795580719,0,.0499612407381327,0,.0517409920196829,0,.0085184616244564
Brazil,BRA,2019,.3689388275146485,.8711799621582031,.8711799621582031,BRA,.197020449398041,.1716402676509775,-.0050881511264998,.1665521165244777,.1665521165244777,0,0,.1175287155040594,2020,.0056426239013672,0,0,1,1,0,0,.1515856916464719,0,.0526456464070279,0,.0570945041080829,0,.0071412985684424
Brazil,BRA,2020,.3684749603271484,.9600700378417969,.9600700378417969,BRA,.2087204770799033,.2003862763284606,-.0052469387865349,.1951393375419258,.1951393375419258,0,0,.0931913884701133,2021,.0045064544677734,0,0,1,1,0,0,.1801729126639199,0,.0633859171670964,0,.0856817251255309,0,.0101725656264373
Brazil,BRA,2021,.3691458129882813,.8893399810791016,.8893399810791016,BRA,.1984528009478796,.176492010240082,-.0050172973564874,.1714747128835946,.1714747128835946,0,0,.0494754634941815,2022,-.0017639923095703,0,0,1,1,0,0,.1565082880055887,0,.0547844800917122,0,.0620171004671998,0,.0075754859130491
Brazil,BRA,2022,.3681671524047851,.8393900299072266,.8393900299072266,BRA,.191226833410631,.1605138974156138,-.0053523053678526,.1551615920477612,.1551615920477612,0,0,.0725919306215284,2023,.000369873046875,0,0,1,1,0,0,.1401951671697554,0,.0491260564424245,0,.0457039796313664,0,.0061029703772002
Brazil,BRA,2023,.3685201644897461,.8400099945068359,.8400099945068359,BRA,.191117072623886,.160540251124953,-.0052314648245989,.1553087863003541,.1553087863003541,0,0,,,.0000545501708984,1,0,0,1,0,,,,,0,.0458511738839593,0,.0067611486432286
Canada,CAN,1995,.2875360870361328,1.000839996337891,1.000839996337891,CAN,.151543266730165,.1516705625192503,-.0329533483841244,.1187172141351259,.1187172141351259,0,0,.0356052184770102,1996,,1,3,0,0,0,,,,,,,,
Canada,CAN,1996,.2879789924621582,1.002440032958984,1.002440032958984,CAN,.1507756354498614,.1511435329697709,-.0328017362026411,.1183417967671298,.1183417967671298,0,0,.0024655865617227,1997,.0017767333984375,1,1,0,0,0,,,,,,,,
Canada,CAN,1997,.2877422904968261,.9527200317382812,.9527200317382812,CAN,.1418682305287998,.135160705092052,-.0328827623071245,.1022779427849275,.1022779427849275,0,0,.014761954242646,1998,.003401985168457,1,1,0,0,0,,,,,,,,
Canada,CAN,1998,.2874023818969726,.9329000091552735,.9329000091552735,CAN,.1402273535738646,.1308180994328781,-.0329991173601461,.097818982072732,.097818982072732,0,0,.0204880123463183,1999,-.0026861572265625,1,1,0,0,0,,,,,,,,
Canada,CAN,1999,.2871732330322266,.8896600341796875,.8896600341796875,CAN,.1304404645852558,.116047668181333,-.0330775579418756,.0829701102394575,.0829701102394575,0,0,-.0069677766745978,2000,.0076059722900391,1,1,0,0,0,,,,,,,,
Canada,CAN,2000,.2869424438476563,.8043699645996094,.8043699645996094,CAN,.115022898666712,.0925209649286876,-.0331565600260213,.0593644049026663,.0593644049026663,0,0,.0385888474631865,2001,.0059458923339843,0,0,1,1,0,0,.0443979800246605,0,.0268389315425312,.0500932075137285,0,.0035009697662644,0
Canada,CAN,2001,.2870743179321289,.8146199798583984,.8146199798583984,CAN,.1161931053859703,.0946532251692039,-.0331114178433946,.0615418073258093,.0615418073258093,0,0,.0156053756275533,2002,.0007114028930664,0,0,1,1,0,0,.0465753824478035,0,.0281883224625051,.0479158050905855,0,.0032813211948397,0
Canada,CAN,2002,.2871138763427734,.7960399627685547,.7960399627685547,CAN,.1130532067736092,.0899948705109296,-.0330978764944261,.0568969940165035,.0568969940165035,0,0,.00190331250209,2003,.0006964874267579,0,0,1,1,0,0,.0419305691384977,0,.0254063957075706,.0525606183998913,0,.0032588630032795,0
Canada,CAN,2003,.2873366355895996,.7591200256347657,.7591200256347657,CAN,.1079388591188786,.0819385495013105,-.0330216231604808,.0489169263408297,.0489169263408297,0,0,.0061749876226872,2004,-.001329345703125,0,0,1,1,0,0,.0339505014628239,0,.0205260144050639,.0605406860755651,0,.0026719991633904,0
Canada,CAN,2004,.2864944839477539,.7188899993896485,.7188899993896485,CAN,.0959091151533477,.0689481037340519,-.0333099024184384,.0356382013156135,.0356382013156135,0,0,.0329167758758024,2005,.0144225692749024,0,0,1,1,0,0,.0206717764376077,0,.0127960168203741,.0738194111007813,0,.0027565266100625,0
Canada,CAN,2005,.2856869125366211,.7063999938964843,.7063999938964843,CAN,.0888802366209146,.0627849986065321,-.0335863444219699,.0291986541845622,.0291986541845622,0,0,.0296892878165395,2006,.0125661087036133,0,0,1,1,0,0,.0142322293065564,0,.0089887225696875,.0802589582318326,0,.0019607107214813,0
Canada,CAN,2006,.2853600883483887,.6991999816894531,.6991999816894531,CAN,.0682045321770905,.0476886076493594,-.0336982205138573,.0139903871355021,.0139903871355021,0,0,.0090023963759097,2007,.0447294616699219,0,0,1,1,0,.0009760377425037,0,.0006600988408595,0,.0954672252808927,0,.0013746639121999,0
Canada,CAN,2007,.2849010848999023,.6718099975585937,.6718099975585937,CAN,.0641330756825648,.0430852414177289,-.0338553432539372,.0092298981637917,.0092298981637917,0,0,.0671455925431046,2008,.0003604888916016,0,0,1,1,0,.0057365267142141,0,.003881707510819,0,.1002277142526031,0,.0013615802395822,0
Canada,CAN,2008,.2842032814025879,.7035600280761719,.7035600280761719,CAN,.0675542600891773,.0475284771250066,-.0340942102992655,.0134342668257411,.0134342668257411,0,0,.0721587861929149,2009,.0039385986328124,0,0,1,1,0,.0015321580522647,0,.0010427924607899,0,.0960233455906537,0,.0006950355227106,0
Canada,CAN,2009,.2841995429992676,.818030014038086,.818030014038086,CAN,.0841388076867314,.0688280700331247,-.0340954900024467,.034732580030678,.034732580030678,0,0,.0723321458802297,2010,.0016830444335938,0,0,1,1,0,0,.0197661551526722,0,.0134861859255999,.0747250323857168,0,.0020883471808334,0
Canada,CAN,2010,.2829587936401367,.839749984741211,.839749984741211,CAN,.0968093815439312,.0812956766743223,-.0345202143475513,.0467754623267711,.0467754623267711,0,0,.0577384011813956,2011,-.0198196411132813,0,0,1,1,0,0,.0318090374487653,0,.0210724413430757,.0626821500896237,0,.0013705485449508,0
Canada,CAN,2011,.282921257019043,.8428399658203125,.8428399658203125,CAN,.0938789451784736,.0791249269454717,-.0345330636121462,.0445918633333255,.0445918633333255,0,0,.0533707687349258,2012,.0077384185791015,0,0,1,1,0,0,.0296254384553197,0,.0198551328558844,.0648657490830693,0,.0010306105756733,0
Canada,CAN,2012,.2826371192932129,.8701499938964844,.8701499938964844,CAN,.098751844601502,.0859289169772636,-.0346303275830156,.051298589394248,.051298589394248,0,0,.0429010896332421,2013,-.0013470458984375,0,0,1,1,0,0,.0363321645162422,0,.0243010766964106,.0581590230221468,0,.0010646787789689,0
Canada,CAN,2013,.2824787521362305,.877030029296875,.877030029296875,CAN,.0988404242046085,.0866860201358833,-.0346845386825744,.0520014814533089,.0520014814533089,0,0,.02229470480627,2014,.0023399353027345,0,0,1,1,0,0,.0370350565753031,0,.0248578716539795,.0574561309630859,0,.0007483367277571,0
Canada,CAN,2014,.2821852302551269,.8575499725341796,.8575499725341796,CAN,.0904995494952736,.0776078861840275,-.0347850149695925,.042822871214435,.042822871214435,0,0,.0632102622143256,2015,.0125493621826172,0,0,1,1,0,0,.0278564463364292,0,.0190467835494658,.0666347412019598,0,.000477135501937,0
Canada,CAN,2015,.2819351768493653,.9228299713134765,.9228299713134765,CAN,.1041221155168737,.096087008875535,-.0348706114425802,.0612163974329549,.0612163974329549,0,0,.0182627625823692,2016,-.0081858825683594,0,0,1,1,0,0,.0462499725549491,0,.0312447195611284,.0482412149834399,0,.0007847633859825,0
Canada,CAN,2016,.2820459365844726,.9247799682617187,.9247799682617187,CAN,.1091113299692953,.1009039722659988,-.0348326969712881,.0660712752947107,.0660712752947107,0,0,.0368085496314963,2017,-.0107574462890625,0,0,1,1,0,0,.0511048504167049,0,.0339747324140398,.0433863371216841,0,.0006287250730673,0
Canada,CAN,2017,.2831179237365722,.9098899841308594,.9098899841308594,CAN,.1078771094802509,.0981563014330685,-.0344657420840779,.0636905593489906,.0636905593489906,0,0,.0379633889617163,2018,-.0035430908203125,0,0,1,1,0,0,.0487241344709849,0,.0322193878050499,.0457670530674042,0,.0002280241293062,0
Canada,CAN,2018,.2846722602844238,.9075599670410156,.9075599670410156,CAN,.1106595984367054,.1004302215099884,-.0339336728410031,.0664965486689853,.0664965486689853,0,0,.0249356116551504,2019,-.0088895416259767,0,0,1,1,0,0,.0515301237909795,0,.0336168009603841,.0429610637474095,0,.0001068214236585,0
Canada,CAN,2019,.2838461494445801,.9011000061035156,.9011000061035156,CAN,.111260742782948,.1002570560007961,-.0342164611276577,.0660405948731384,.0660405948731384,0,0,.2320637240862889,2020,-.0026242065429687,0,0,1,1,0,0,.0510741699951326,0,.0331853203788595,.0434170175432564,0,.0001294848454283,0
Canada,CAN,2020,.2835584449768067,1.180640029907227,1.180640029907227,CAN,.156659023815001,.1849579145621797,-.0343149460398274,.1506429685223523,.1506429685223523,0,0,.105305180852616,2021,-.0066613006591797,0,0,1,1,0,0,.1356765436443465,0,.0872517290227782,0,.0411853561059575,0,.0004912845255882
Canada,CAN,2021,.2824278831481933,1.126060028076172,1.126060028076172,CAN,.1468970874560083,.1654149384250206,-.0347019517865758,.1307129866384448,.1307129866384448,0,0,.0434123949342578,2022,.0047006225585937,0,0,1,1,0,0,.115746561760439,0,.0749791112352136,0,.02125537422205,0,-.0003222333551385
Canada,CAN,2022,.2814369773864746,1.035410003662109,1.035410003662109,CAN,.1343533994728859,.1391108538402376,-.0350411514787692,.1040697023614685,.1040697023614685,0,0,.0523686676875566,2023,-.0015239715576172,0,0,1,1,0,0,.0891032774834627,0,.0575841487405863,.0053879100549263,0,-.0000538397057578,0
Canada,CAN,2023,.2815838813781738,1.050709991455078,1.050709991455078,CAN,.1370541721891616,.1440041880897568,-.0349908643670262,.1090133237227307,.1090133237227307,0,0,,,-.001041030883789,1,0,0,1,0,,,,,.0004442886936641,0,1.32289101859e-06,0
Switzerland,CHE,1995,.2934501266479492,.4927399826049805,.4927399826049805,CHE,.0615141414900906,.0303104770077876,-.0309288971260471,-.0006184201182596,-.0006184201182596,0,0,.0169109910870423,1996,,1,3,0,0,0,,,,,,,,
Switzerland,CHE,1996,.2941618347167969,.5055899810791016,.5055899810791016,CHE,.0626099237574237,.0316549501678798,-.0306852703683765,.0009696797995033,.0009696797995033,0,0,.0321922153871617,1997,.001103401184082,1,1,0,0,0,,,,,,,,
Switzerland,CHE,1997,.2942936325073242,.5294300079345703,.5294300079345703,CHE,.0640258531439729,.0338972079380312,-.0306401543021412,.00325705363589,.00325705363589,0,0,.0375268005860512,1998,.0048130798339844,1,1,0,0,0,,,,,,,,
Switzerland,CHE,1998,.2946639633178711,.5529100036621094,.5529100036621094,CHE,.0651330843501245,.0360127339065518,-.0305133853380277,.0054993485685241,.0054993485685241,0,0,-.0234226566965695,1999,.0051140594482422,1,1,0,0,0,,,,,,,,
Switzerland,CHE,1999,.2929292106628418,.5196500015258789,.5196500015258789,CHE,.0578954729268142,.0300853825947605,-.0311072133177913,-.0010218307230309,-.0010218307230309,0,0,.0239163399294885,2000,.0069874572753906,1,1,0,0,0,,,,,,,,
Switzerland,CHE,2000,.2925900459289551,.5165599822998047,.5165599822998047,CHE,.0544937908557868,.0281493116399145,-.0312233137359962,-.0030740020960818,-.0030740020960818,0,0,.0017886283017169,2001,.0070346832275391,1,1,0,0,0,,,,,,,,
Switzerland,CHE,2001,.2926863479614258,.5045299911499024,.5045299911499024,CHE,.0515029191594433,.0259847673477081,-.0311903483208845,-.0052055809731765,-.0052055809731765,0,0,.0636924062948065,2002,.002538719177246,1,1,0,0,0,,,,,,,,
Switzerland,CHE,2002,.2924901580810547,.5686700057983398,.5686700057983398,CHE,.0600625661057849,.0341557798156398,-.0312575066215063,.0028982731941336,.0028982731941336,0,0,-.002122221534471,2003,.0028265380859376,1,1,0,0,0,,,,,,,,
Switzerland,CHE,2003,.2914054679870606,.5618500137329101,.5618500137329101,CHE,.0610154871494379,.0342815522928319,-.0316288098878934,.0026527424049385,.0026527424049385,0,0,.0255836434802508,2004,-.0032464599609375,1,1,0,0,0,,,,,,,,
Switzerland,CHE,2004,.2917453193664551,.5706000137329101,.5706000137329101,CHE,.0617704403587665,.0352462141170001,-.0315124744221654,.0037337396948347,.0037337396948347,0,0,-.0081733358712759,2005,.0008981323242188,1,1,0,0,0,,,,,,,,
Switzerland,CHE,2005,.2927787208557129,.5408800125122071,.5408800125122071,CHE,.0514289393164638,.0278168853409785,-.0311587278999326,-.0033418425589542,-.0033418425589542,0,0,-.0327824719743721,2006,.0120420837402344,0,0,1,1,0,.01830826743696,0,.0119275795015098,0,.112799454975349,0,.0030982519270612,0
Switzerland,CHE,2006,.2910999488830566,.4775,.4775,CHE,.0238453520053859,.0113861555825718,-.0317333929774675,-.0203472373948958,-.0203472373948958,0,0,-.0084040175785341,2007,.0426734924316405,0,0,1,1,0,.0353136622729016,0,.0245133130731495,0,.1298048498112906,0,.0033016184714303,0
Switzerland,CHE,2007,.2868571090698242,.4400999832153321,.4400999832153321,CHE,.0159023273963843,.0069986140202334,-.0331857712098616,-.0261871571896282,-.0261871571896282,0,0,.0190274857583684,2008,.0100540161132813,0,0,1,1,0,.041153582067634,0,.028980907477621,0,.135644769606023,0,.0024237368391603,0
Switzerland,CHE,2008,.2870357894897461,.4422600173950195,.4422600173950195,CHE,.0159636508292385,.007060084493427,-.0331246066210784,-.0260645221276514,-.0260645221276514,0,0,-.0248963522505107,2009,.0003957366943359,0,0,1,1,0,.0410309470056572,0,.0289107836644886,0,.1355221345440462,0,.0021827160990743,0
Switzerland,CHE,2009,.2867246437072754,.4236600112915039,.4236600112915039,CHE,.0162470814582203,.0068832387140436,-.0332311157945221,-.0263478770804786,-.0263478770804786,0,0,-.0016525023607177,2010,-.0066587829589844,0,0,1,1,0,.0413143019584844,0,.0288353352076233,0,.1358054894968734,0,.0020773879732474,0
Switzerland,CHE,2010,.2854768371582031,.4069900131225586,.4069900131225586,CHE,.0079605040688701,.0032398456554516,-.0336582559058361,-.0304184102503845,-.0304184102503845,0,0,.0118952921992187,2011,.0144884490966797,0,0,1,1,0,.0453848351283903,0,.0323339214958865,0,.1398760226667793,0,.0020794076825519,0
Switzerland,CHE,2011,.2850455856323242,.4123699951171875,.4123699951171875,CHE,.0107368495756847,.0044275546070991,-.033805878808525,-.0293783242014259,-.0293783242014259,0,0,.0120679595975179,2012,-.003946533203125,0,0,1,1,0,.0443447490794317,0,.0314179157225441,0,.1388359366178207,0,.0017074668899463,0
Switzerland,CHE,2012,.2847354316711426,.4185699844360352,.4185699844360352,CHE,.0113852616903636,.0047655288085357,-.0339120484688799,-.0291465196603442,-.0291465196603442,0,0,.0011394182790752,2013,.0010138702392578,0,0,1,1,0,.04411294453835,0,.0312984087788865,0,.138604132076739,0,.0016047874996853,0
Switzerland,CHE,2013,.2834929656982422,.4122200012207031,.4122200012207031,CHE,.0077263254723141,.0031849458956289,-.0343373604327921,-.0311524145371632,-.0311524145371632,0,0,.0079085938988558,2014,.0075400543212891,0,0,1,1,0,.046118839415169,0,.0330693422362857,0,.140610026953558,0,.0011277687477311,0
Switzerland,CHE,2014,.2820540428161621,.4124399948120117,.4124399948120117,CHE,.0037222665287542,.0015352115878083,-.0348299221046962,-.0332947105168879,-.0332947105168879,0,0,.0021221370093612,2015,.0107997131347656,0,0,1,1,0,.0482611353948937,0,.0351266740168304,0,.1427523229332827,0,.0010625931903813,0
Switzerland,CHE,2015,.282400074005127,.4143999862670898,.4143999862670898,CHE,.0047016423196952,.0019483605127145,-.0347114712112605,-.032763110698546,-.032763110698546,0,0,-.0060179162796415,2016,-.0019445037841797,0,0,1,1,0,.0477295355765518,0,.0346469409566027,0,.1422207231149408,0,.0010033439840472,0
Switzerland,CHE,2016,.2822961807250977,.4030199813842774,.4030199813842774,CHE,.0094763512981873,.0038191589237863,-.0347470352073218,-.0309278762835355,-.0309278762835355,0,0,.0123963127919978,2017,-.0145934295654296,0,0,1,1,0,.0458943011615413,0,.0326449863101538,0,.1403854886999303,0,.000754924898071,0
Switzerland,CHE,2017,.2583941650390625,.4108100128173828,.4108100128173828,CHE,.0270588404864179,.0111160426070489,-.0429290003110887,-.0318129577040398,-.0318129577040398,0,0,-.005091385300137,2018,-.0096223449707031,0,0,1,1,0,.0467793825820456,0,.0328244245013216,0,.1412705701204346,0,.0006073761843614,0
Switzerland,CHE,2018,.2564836502075195,.3896200180053711,.3896200180053711,CHE,.0267656580279405,.0104284361627718,-.0435829939276625,-.0331545577648907,-.0331545577648907,0,0,.0026516450008997,2019,-.0043990325927735,0,0,1,1,0,.0481209826428965,0,.033554120327848,0,.1426121701812855,0,.0003879883423784,0
Switzerland,CHE,2019,.2562388038635254,.3883100128173828,.3883100128173828,CHE,.0269956737130815,.0104826904055405,-.0436668079569335,-.0331841175513929,-.0331841175513929,0,0,.0223472278962784,2020,-.0006879425048828,0,0,1,1,0,.0481505424293987,0,.0335416071685322,0,.1426417299677877,0,.0002229460175257,0
Switzerland,CHE,2020,.2553505516052246,.4238299942016602,.4238299942016602,CHE,.0349605287162914,.0148173206831128,-.0439708680444266,-.0291535473613138,-.0291535473613138,0,0,.0062173758750847,2021,-.0048392486572265,0,0,1,1,0,.0441199722393196,0,.030520409537741,0,.1386111597777087,0,.0002702377190294,0
Switzerland,CHE,2021,.2525270080566406,.3974200057983399,.3974200057983399,CHE,.033595797265091,.0133516419438923,-.044937403046618,-.0315857611027257,-.0315857611027257,0,0,-.0141746642242225,2022,-.0027102661132813,0,0,1,1,0,.0465521859807315,0,.0320767476652597,0,.1410433735191205,0,.0005538966027437,0
Switzerland,CHE,2022,.2510300636291504,.3589899826049805,.3589899826049805,CHE,.0283256592758779,.010168627930722,-.0454498262342222,-.0352811983035002,-.0352811983035002,0,0,.0204654357450249,2023,.0004861450195313,0,0,1,1,0,.050247623181506,0,.0346475134357012,0,.144738810719895,0,.0004212848066418,0
Switzerland,CHE,2023,.2512584495544434,.3727099990844727,.3727099990844727,CHE,.0294936416797478,.0109925751634566,-.0453716468164072,-.0343790716529506,-.0343790716529506,0,0,,,.0017946624755859,1,0,0,1,0,,,,,.1438366840693454,0,.0004909102028248,0
Chile,CHL,1995,.3596292495727539,.1725,.1725,CHL,.0541366599544893,.0093385738421494,-.0082749385025905,.0010636353395589,.0010636353395589,0,0,-.0114964498640847,1996,,0,2,1,0,0,.0139027895384469,0,.0061465636702366,0,,,,
Chile,CHL,1996,.3609015655517578,.1458399963378906,.1458399963378906,CHL,.0488373168657735,.0071224341128568,-.0078394085005223,-.0007169743876654,-.0007169743876654,0,0,-.0040289779277976,1997,.0013976287841797,0,0,1,1,0,.0156833992656712,0,.0069557087846787,0,.1101745868040602,0,.0036052020318902,0
Chile,CHL,1997,.3602078628540039,.1277999973297119,.1277999973297119,CHL,.049860103857385,.006372121139833,-.0080768717898099,-.0017047506499769,-.0017047506499769,0,0,-.0005967718519504,1998,-.0077006149291992,0,0,1,1,0,.0166711755279827,0,.0072654168879603,0,.1111623630663718,0,.003194179595064,0
Chile,CHL,1998,.3616713714599609,.1211499977111816,.1211499977111816,CHL,.050495455186687,.0061175242802922,-.0075758941107601,-.0014583698304679,-.0014583698304679,0,0,.0141505708945716,1999,-.0054033660888672,0,0,1,1,0,.0164247947084737,0,.0070692931954076,0,.1109159822468627,0,.0025221746180462,0
Chile,CHL,1999,.3626505661010742,.1327700042724609,.1327700042724609,CHL,.0470584874512117,.0062479555799529,-.0072407032846547,-.0009927477047018,-.0009927477047018,0,0,.0115143333729086,2000,.0106383895874024,0,0,1,1,0,.0159591725827076,0,.0070386675829592,0,.1104503601210966,0,.002756800228705,0
Chile,CHL,2000,.3616279602050781,.1314599990844726,.1314599990844726,CHL,.0420910023467317,.0055332831299659,-.0075907543374969,-.002057471207531,-.002057471207531,0,0,.0228803115337324,2001,.0119776153564453,0,0,1,1,0,.0170238960855368,0,.0077121611912972,0,.1115150836239258,0,.0032081266118763,0
Chile,CHL,2001,.3601812744140625,.1434799957275391,.1434799957275391,CHL,.0418975578600533,.0060114614227548,-.0080859733522313,-.0020745119294766,-.0020745119294766,0,0,.0169782828280222,2002,.0062238693237305,0,0,1,1,0,.0170409368074824,0,.0078259415387791,0,.1115321243458714,0,.0022515852870798,0
Chile,CHL,2002,.3598496246337891,.1504500007629395,.1504500007629395,CHL,.038929467000797,.0058569383399707,-.0081995013058781,-.0023425629659074,-.0023425629659074,0,0,-.0131224141610771,2003,.0094922637939453,0,0,1,1,0,.0173089878439132,0,.0081133437462045,0,.1118001753823022,0,.0025018148815826,0
Chile,CHL,2003,.3598789215087891,.1257299995422363,.1257299995422363,CHL,.039634695213128,.0049832702110033,-.0081894726115601,-.0032062024005569,-.0032062024005569,0,0,-.0079766922500755,2004,-.010103645324707,0,0,1,1,0,.0181726272785627,0,.0083345527608207,0,.1126638148169517,0,.0027283626817593,0
Chile,CHL,2004,.3589109802246094,.1031400012969971,.1031400012969971,CHL,.0338458122984949,.0034908571243647,-.0085208112699261,-.0050299541455614,-.0050299541455614,0,0,-.0233303904176189,2005,.0064809417724609,0,0,1,1,0,.0199963790235672,0,.0093005794774866,0,.1144875665619562,0,.0024934316230539,0
Chile,CHL,2005,.3562316131591797,.0703999996185303,.0703999996185303,CHL,.0245761787371659,.0017301629737214,-.0094379928213689,-.0077078298476475,-.0077078298476475,0,0,-.0105558147312565,2006,.0128550338745117,0,0,1,1,0,.0226742547256533,0,.0108375730790437,0,.1171654422640423,0,.0020678753415218,0
Chile,CHL,2006,.3542997741699219,.0502199983596802,.0502199983596802,CHL,.0159090963499901,.0007989547926005,-.0100992859693539,-.0093003311767534,-.0093003311767534,0,0,-.0071072510200227,2007,.0149347305297852,0,0,1,1,0,.0242667560547592,0,.0119611555607121,0,.1187579435931482,0,.0007784735328528,0
Chile,CHL,2007,.3557843780517578,.0390100002288818,.0390100002288818,CHL,.0081793333448102,.0003190757956531,-.0095910871080672,-.0092720113124141,-.0092720113124141,0,0,.0121688939988543,2008,.0119525146484374,0,0,1,1,0,.0242384361904199,0,.0122369068797568,0,.1187296237288089,0,-.0008057291066149,0
Chile,CHL,2008,.3542024230957031,.0491599988937378,.0491599988937378,CHL,.0087592791484947,.0004306061532499,-.0101326104848481,-.0097020043315981,-.0097020043315981,0,0,.0107037056287678,2009,.0039873123168945,0,0,1,1,0,.0246684292096039,0,.0125523519353615,0,.1191596167479929,0,-.0016538364857141,0
Chile,CHL,2009,.3529984664916992,.0584499979019165,.0584499979019165,CHL,.0125546886170119,.0007338215233236,-.0105447402001743,-.0098109186768508,-.0098109186768508,0,0,.0407307320373241,2010,-.0040242767333983,0,0,1,1,0,.0247773435548566,0,.0125080613256838,0,.1192685310932456,0,-.001151407357085,0
Chile,CHL,2010,.3521058273315429,.0860700035095215,.0860700035095215,CHL,.0121399115836256,.0010448822326079,-.0108503019801761,-.0098054197475681,-.0098054197475681,0,0,.0359746263761087,2011,.0114340591430664,0,0,1,1,0,.0247718446255739,0,.0127885281010015,0,.1192630321639629,0,.0002632624143035,0
Chile,CHL,2011,.3503188705444336,.111269998550415,.111269998550415,CHL,.0141977355609965,.0015797820152913,-.0114620001007915,-.0098822180855002,-.0098822180855002,0,0,.0164383480173521,2012,.0060351181030273,0,0,1,1,0,.024848642963506,0,.0129781399342285,0,.119339830501895,0,.00047612237778,0
Chile,CHL,2012,.3456612014770508,.1193900012969971,.1193900012969971,CHL,.0107644548207241,.0012851682750077,-.0130563796826142,-.0117712114076065,-.0117712114076065,0,0,.0156653233828992,2013,.0159214019775391,0,0,1,1,0,.0267376362856123,0,.0143904385177713,0,.1212288238240013,0,.0005609612578465,0
Chile,CHL,2013,.3440798568725586,.1278400039672851,.1278400039672851,CHL,.0104158330411273,.0013315601373003,-.0135976941282634,-.0122661339909631,-.0122661339909631,0,0,.033997847353623,2014,.0055067062377929,0,0,1,1,0,.0272325588689689,0,.0148067720458102,0,.1217237464073579,0,.0004354380425934,0
Chile,CHL,2014,.3378392028808594,.1502000045776367,.1502000045776367,CHL,.0089475932270588,.0013439285436631,-.0157339496581516,-.0143900211144885,-.0143900211144885,0,0,.0360813281777798,2015,.018175163269043,0,0,1,1,0,.0293564459924943,0,.0164951211933215,0,.1238476335308833,0,.0007977303025497,0
Chile,CHL,2015,.337793197631836,.17375,.17375,CHL,.0157676018072092,.0027396208140026,-.0157496978421978,-.0130100770281952,-.0130100770281952,0,0,.0507493523850689,2016,-.0073193359375,0,0,1,1,0,.027976501906201,0,.0155149736902198,0,.12246768944459,0,.0011638675093721,0
Chile,CHL,2016,.3392568206787109,.2110099983215332,.2110099983215332,CHL,.0276991521710607,.0058447980531234,-.0152486809885608,-.0094038829354374,-.0094038829354374,0,0,.0402970250737436,2017,-.015933837890625,0,0,1,1,0,.0243703078134432,0,.0131267682939962,0,.1188614953518322,0,.0014866847432469,0
Chile,CHL,2017,.339239616394043,.2365200042724609,.2365200042724609,CHL,.0320148207401687,.0075721455382468,-.0152545702348335,-.0076824246965867,-.0076824246965867,0,0,.036023479643093,2018,-.0010095214843751,0,0,1,1,0,.0226488495745925,0,.0121766613640662,0,.1171400371129815,0,.0018494447055244,0
Chile,CHL,2018,.3336594772338867,.2579800033569336,.2579800033569336,CHL,.0377257290285466,.0097324837014272,-.0171647231057161,-.0074322394042889,-.0074322394042889,0,0,.0344338765527167,2019,.000848617553711,0,0,1,1,0,.0223986642822947,0,.0120611625828515,0,.1168898518206837,0,.0017921205414431,0
Chile,CHL,2019,.3326260757446289,.2832999992370606,.2832999992370606,CHL,.0458899763123836,.013000630254287,-.0175184696279489,-.0045178393736619,-.0045178393736619,0,0,.0499868947093782,2020,-.008619728088379,0,0,1,1,0,.0194842642516677,0,.0103238765233537,0,.1139754517900567,0,.0016832323667428,0
Chile,CHL,2020,.3331570816040039,.3238000106811523,.3238000106811523,CHL,.0518724953270486,.0167963145409563,-.017336699543435,-.0005403850024787,-.0005403850024787,0,0,.1097861448813772,2021,-.0002775573730469,0,0,1,1,0,.0155068098804845,0,.0082120898979844,0,.1099979974188735,0,.002600780225928,0
Chile,CHL,2021,.3337310791015625,.3644800186157227,.3644800186157227,CHL,.05620495315268,.0204855823713846,-.0171402128723373,.0033453694990473,.0033453694990473,0,0,.0520357951178508,2022,.0034712600708008,0,0,1,1,0,.0116210553789585,0,.0061946133579963,0,.1061122429173475,0,.00252977437893,0
Chile,CHL,2022,.332513656616211,.3790700149536133,.3790700149536133,CHL,.0592388770507554,.0224556820094651,-.0175569521307551,.00489872987871,.00489872987871,0,0,.0432347868769344,2023,-.0004677581787109,0,0,1,1,0,.0100676949992958,0,.005361884052568,0,.1045588825376848,0,.0017870131276618,0
Chile,CHL,2023,.3322364807128906,.3941500091552734,.3941500091552734,CHL,.062408285285483,.024598226216638,-.0176518329809044,.0069463932357337,.0069463932357337,0,0,,,-.0016893386840821,1,0,0,1,0,,,,,.1025112191806611,0,.0014730147680816,0
China,CHN,1995,.4068375015258789,.2142399978637695,.2142399978637695,CHN,.0715334544717615,.0153253271332182,.0078850488040857,.0232103759373039,.0232103759373039,0,0,.0345683253637892,1996,,0,2,1,0,0,0,.0082439510592981,0,.0029897458493724,,,,
China,CHN,1996,.4039718627929688,.2122100067138672,.2122100067138672,CHN,.0722614807083871,.0153346093062808,.0069041040829101,.0222387133891909,.0222387133891909,0,0,.0143367812132344,1997,.0009554290771484,0,0,1,1,0,0,.0072722885111851,0,.0026443115069645,.0872188990272039,0,.0046177712278302,0
China,CHN,1997,.4012466430664062,.2039399909973144,.2039399909973144,CHN,.0738410220748254,.0150591373771724,.0059712265802039,.0210303639573763,.0210303639573763,0,0,.0144312868643949,1998,-.0032733535766601,0,0,1,1,0,0,.0060639390793705,0,.0021850883907917,.0884272484590185,0,.0060526164350357,0
China,CHN,1998,.3993429565429688,.204379997253418,.204379997253418,CHN,.0763005336914956,.0155943028663022,.0053195703806652,.0209138732469674,.0209138732469674,0,0,.0253809856810919,1999,-.0032266998291016,0,0,1,1,0,0,.0059474483689616,0,.0021239213326857,.0885437391694274,0,.0065408611937783,0
China,CHN,1999,.3982910537719727,.2160899925231934,.2160899925231934,CHN,.0779797948152594,.0168506532785896,.004959490633505,.0218101439120946,.0218101439120946,0,0,.0355778261926462,2000,.0014221954345703,0,0,1,1,0,0,.0068437190340888,0,.0024537258823076,.0876474685043002,0,.0045656269445474,0
China,CHN,2000,.3979897689819336,.2270800018310547,.2270800018310547,CHN,.0778575335869749,.0176798888694917,.0048563570036566,.0225362458731482,.0225362458731482,0,0,.0414455395929151,2001,.0043906784057617,0,0,1,1,0,0,.0075698209951424,0,.0027472968860815,.0869213665432466,0,.0047397351378788,0
China,CHN,2001,.3964270782470703,.2425200080871582,.2425200080871582,CHN,.0832074226014732,.0201794648022209,.0043214280157176,.0245008928179385,.0245008928179385,0,0,.0385761878640819,2002,-.0050234222412109,0,0,1,1,0,0,.0095344679399327,0,.0034124258075011,.0849567195984563,0,.0041408355414828,0
China,CHN,2002,.3953683090209961,.2555299949645996,.2555299949645996,CHN,.0869365079263886,.0222148854326699,.0039589977933267,.0261738832259966,.0261738832259966,0,0,.0431808268440754,2003,-.0027662277221679,0,0,1,1,0,0,.0112074583479908,0,.0039801936642122,.0832837291903982,0,.0029870034531157,0
China,CHN,2003,.409591178894043,.2641799926757812,.2641799926757812,CHN,.0769755463283147,.0203353992652284,.0088276677208038,.0291630669860323,.0291630669860323,0,0,.0419113192068323,2004,.0091437911987305,0,0,1,1,0,0,.0141966421080265,0,.0051715773565569,.0802945454303625,0,.0035651023670036,0
China,CHN,2004,.4070658111572266,.26,.26,CHN,.0759758858185626,.0197537303128263,.0079632021055092,.0277169324183355,.0277169324183355,0,0,.0414469653555179,2005,.0037390899658203,0,0,1,1,0,0,.0127505075403297,0,.004692452248284,.0817406799980593,0,.0023484911218659,0
China,CHN,2005,.4063915252685547,.2590999984741211,.2590999984741211,CHN,.0634208373370816,.0164323388572653,.0077323854378464,.0241647242951117,.0241647242951117,0,0,.0355293561183541,2006,.0288993835449219,0,0,1,1,0,0,.0091982994171059,0,.0036509908825864,.0852928881212831,0,.0021980584467905,0
China,CHN,2006,.4039726257324219,.2517399978637695,.2517399978637695,CHN,.0287095856611126,.0072273510329982,.0069043652468246,.0141317162798228,.0141317162798228,0,0,.1019690110476922,2007,.0788677597045899,0,0,1,1,0,.000834708598183,0,.0003971443043519,0,.095325896136572,0,.0024605680573944,0
China,CHN,2007,.4016443252563476,.2870800018310547,.2870800018310547,CHN,.0286550587755075,.0082262943257417,.0061073582706534,.014333652596395,.014333652596395,0,0,.0272703731104019,2008,.0149175262451172,0,0,1,1,0,.0006327722816108,0,.0003105048325773,0,.0951239598199998,0,.0020324951983055,0
China,CHN,2008,.3991418075561524,.2671500015258789,.2671500015258789,CHN,.0181855594272233,.0048582722287317,.005250714514599,.0101089867433306,.0101089867433306,0,0,.1044964562080039,2009,.0197592163085938,0,0,1,1,0,.0048574381346752,0,.0024795507313746,0,.0993486256730642,0,.0018089502639051,0
China,CHN,2009,.3966464233398437,.3398500061035156,.3398500061035156,CHN,.0246957376370455,.0083928465866807,.0043965126411454,.0127893592278261,.0127893592278261,0,0,.0520640611184487,2010,.013049201965332,0,0,1,1,0,.0021770656501797,0,.001139724147339,0,.0966682531885687,0,.0017317278362105,0
China,CHN,2010,.3933823394775391,.3334299850463867,.3334299850463867,CHN,.0095387094476604,.0031804917484952,.0032791750656057,.006459666814101,.006459666814101,0,0,.0599313035907979,2011,.0358818817138672,0,0,1,1,0,.0085067580639048,0,.0047586446483484,0,.1029979456022938,0,.001881240960623,0
China,CHN,2011,.3913857650756836,.3318399810791016,.3318399810791016,CHN,.0079548325424439,.002639731480372,.0025957221594728,.0052354536398448,.0052354536398448,0,0,.0444524086910426,2012,.0053408813476562,0,0,1,1,0,.009730971238161,0,.0054954363069929,0,.10422215877655,0,.0018998728733988,0
China,CHN,2012,.3905459594726562,.3382500076293946,.3382500076293946,CHN,.0073635881072442,.0024907337334551,.0023082459805524,.0047989797140074,.0047989797140074,0,0,.0647076670472743,2013,.0045030212402344,0,0,1,1,0,.0101674451639984,0,.0057877133605764,0,.1046586327023874,0,.0018374567973467,0
China,CHN,2013,.3887555313110351,.364379997253418,.364379997253418,CHN,.009145466424761,.0033324250307356,.0016953595641258,.0050277845948614,.0050277845948614,0,0,.061975149515364,2014,.006982765197754,0,0,1,1,0,.0099386402831444,0,.0057268677319957,0,.1044298278215334,0,.0019331059869039,0
China,CHN,2014,.3875256729125977,.3930799865722656,.3930799865722656,CHN,.0779687740565026,.030647964659186,.0012743633339012,.0319223279930872,.0319223279930872,0,0,.0437220800709579,2015,-.144599838256836,0,0,1,1,0,0,.0169559031150814,0,.0073185513207054,.0775352844233076,0,.0015261090603441,0
China,CHN,2015,.3863378143310547,.4078200149536133,.4078200149536133,CHN,.0753498958688087,.0307291956599708,.0008677441771716,.0315969398371423,.0315969398371423,0,0,.1326664089710043,2016,.0123506164550781,0,0,1,1,0,0,.0166305149591365,0,.007383503544151,.0778606725792525,0,.0013763249762756,0
China,CHN,2016,.3863130950927735,.5003300094604493,.5003300094604493,CHN,.0884634503071827,.0442609189290967,.0008592824663407,.0451202013954374,.0451202013954374,0,0,.0983739914218542,2017,.0020405197143555,0,0,1,1,0,0,.0301537765174316,0,.0134489991160435,.0643374110209574,0,.0015128341124486,0
China,CHN,2017,.3855410766601562,.5389099884033203,.5389099884033203,CHN,.0900355216936838,.04852104195183,.0005950107012264,.0491160526530564,.0491160526530564,0,0,.0783675641734649,2018,.0105524444580078,0,0,1,1,0,0,.0341496277750506,0,.0155915657934235,.0603415597633384,0,.0015635144574116,0
China,CHN,2018,.3847931671142578,.55875,.55875,CHN,.0909989481993302,.0508456623063757,.0003389917158113,.051184654022187,.051184654022187,0,0,.0865093518817531,2019,.0054797744750977,0,0,1,1,0,0,.0362182291441812,0,.0167344869879701,.0582729583942078,0,.001624840203382,0
China,CHN,2019,.3839722442626953,.5983800125122071,.5983800125122071,CHN,.0682789891693398,.0408567823934704,.0000579793437755,.040914761737246,.040914761737246,0,0,.1277052118057571,2020,.0659789276123047,0,0,1,1,0,0,.0259483368592402,0,.013701368036083,.0685428506791489,0,.002083225941595,0
China,CHN,2020,.3835903549194336,.7013400268554687,.7013400268554687,CHN,.0765230614076648,.0536686859427143,-.0000727462536432,.0535959396890712,.0535959396890712,0,0,.1105364134734705,2021,.0170607376098633,0,0,1,1,0,0,.0386295148110654,0,.0210563938018872,.0558616727273236,0,.0020797560743389,0
China,CHN,2021,.3823302841186523,.7213099670410156,.7213099670410156,CHN,.0777769158220253,.0561012645881369,-.0005040845748832,.0555971800132537,.0555971800132537,0,0,.0913596767778802,2022,.0054563903808594,0,0,1,1,0,0,.0406307551352479,0,.0223689384261822,.0538604324031411,0,.0018451168379794,0
China,CHN,2022,.3813139724731445,.7729399871826171,.7729399871826171,CHN,.0850183479057834,.0657140807405835,-.0008519810254305,.064862099715153,.064862099715153,0,0,.1093890022121041,2023,.0024682235717773,0,0,1,1,0,0,.0498956748371472,0,.0275928198105145,.0445955127012418,0,.001620182149445,0
China,CHN,2023,.3815280151367187,.8408399963378906,.8408399963378906,CHN,.0940133700186019,.079050201702154,-.0007787114892087,.0782714902129453,.0782714902129453,0,0,,,.0026569747924804,1,0,0,1,0,,,,,.0311861222034495,0,.0010952169331835,0
Côte d'Ivoire,CIV,1995,.4943402481079102,,,CIV,,,.0378383560239546,,,,,,,,4,5,0,0,0,,,,,,,,
Côte d'Ivoire,CIV,1996,.4927765655517578,,,CIV,,,.0373030875229268,,,,,,1997,-.0009483146667481,4,3,0,0,0,,,,,,,,
Côte d'Ivoire,CIV,1997,.4937680435180664,.8418199920654297,.8418199920654297,CIV,.1479194249246576,.1245215291163982,.0376424830880561,.1621640122044543,.1621640122044543,0,0,-.0244540165793093,1998,-.0051064682006836,1,1,0,0,0,,,,,,,,
Côte d'Ivoire,CIV,1998,.4963251495361328,.7516000366210938,.7516000366210938,CIV,.1354114371128995,.1017752410929702,.0385178131221952,.1402930542151654,.1402930542151654,0,0,.047431403313272,1999,-.005543041229248,1,1,0,0,0,,,,,,,,
Côte d'Ivoire,CIV,1999,.5000315093994141,.7801799774169922,.7801799774169922,CIV,.1445433429901511,.1127698220698326,.0397865474189888,.1525563694888214,.1525563694888214,0,0,-.0393442729340606,2000,-.0151516342163086,1,1,0,0,0,,,,,,,,
Côte d'Ivoire,CIV,2000,.5010405349731445,.7398699951171875,.7398699951171875,CIV,.1445299773192959,.1069333936135147,.0401319497541522,.1470653433676669,.1470653433676669,0,0,.0254191032452551,2001,-.0149480819702148,1,1,0,0,0,,,,,,,,
Côte d'Ivoire,CIV,2001,.5016775894165039,.711719970703125,.711719970703125,CIV,.141980072331653,.1010500529203116,.0403500216227859,.1414000745430976,.1414000745430976,0,0,-.0511115075935768,2002,-.0046077728271485,1,1,0,0,0,,,,,,,,
Côte d'Ivoire,CIV,2002,.5013982391357422,.6298199844360352,.6298199844360352,CIV,.1317587954269214,.0829843224850944,.0402543964554803,.1232387189405746,.1232387189405746,0,0,-.0469722099603586,2003,-.0046034240722656,1,1,0,0,0,,,,,,,,
Côte d'Ivoire,CIV,2003,.5012282180786133,.5638100051879883,.5638100051879883,CIV,.1258638450355266,.0709632951224604,.040196196077127,.1111594911995874,.1111594911995874,0,0,-.0062426338334339,2004,-.0090800857543946,1,1,0,0,0,,,,,,,,
Côte d'Ivoire,CIV,2004,.4971598434448242,.5671799850463867,.5671799850463867,CIV,.1351419047706281,.076649783526945,.0388035395028883,.1154533230298334,.1154533230298334,0,0,.0321738351405044,2005,-.0151706123352051,1,1,0,0,0,,,,,,,,
Côte d'Ivoire,CIV,2005,.4947231674194336,.5816400146484375,.5816400146484375,CIV,.1466886684044242,.0853199992395091,.0379694341926579,.123289433432167,.123289433432167,0,0,.0119532264676329,2006,-.0183859634399414,1,1,0,0,0,,,,,,,,
Côte d'Ivoire,CIV,2006,.4963334655761719,.5747100067138672,.5747100067138672,CIV,.1615356119603517,.0928361326342624,.0385206598088636,.131356792443126,.131356792443126,0,0,-.0139526114438511,2007,-.0378510856628418,1,1,0,0,0,,,,,,,,
Côte d'Ivoire,CIV,2007,.5038493728637695,.5353300094604492,.5353300094604492,CIV,.1441472711474437,.077166360027059,.041093450821891,.11825981084895,.11825981084895,0,0,.0347774401070898,2008,.0172241401672363,1,1,0,0,0,,,,,,,,
Côte d'Ivoire,CIV,2008,.5030231857299805,.512400016784668,.512400016784668,CIV,.1419451439163061,.0727326941252174,.040810636418845,.1135433305440623,.1135433305440623,0,0,-.021275555120806,2009,-.0019211769104004,1,1,0,0,0,,,,,,,,
Côte d'Ivoire,CIV,2009,.4994078826904297,.4647600173950195,.4647600173950195,CIV,.1339548173597194,.0622568432462498,.0395730720352508,.1018299152815006,.1018299152815006,0,0,.025629567370551,2010,.0059287071228027,1,1,0,0,0,,,,,,,,
Côte d'Ivoire,CIV,2010,.4938960647583008,.4561199951171875,.4561199951171875,CIV,.1430531124649088,.0652493849589927,.0376863063929144,.1029356913519071,.1029356913519071,0,0,.0355595556535899,2011,-.017217845916748,1,1,0,0,0,,,,,,,,
Côte d'Ivoire,CIV,2011,.4962693405151367,.5002799987792969,.5002799987792969,CIV,.1480998137231385,.0740913746286258,.0384987089818473,.1125900836104731,.1125900836104731,0,0,-.2214598716827063,2012,.0009746932983398,1,1,0,0,0,,,,,,,,
Côte d'Ivoire,CIV,2012,.4989559173583984,.2469300079345703,.2469300079345703,CIV,.102429764175927,.0252929824806978,.0394183585322824,.0647113410129802,.0647113410129802,0,0,.0311462727563303,2013,.0134911155700684,1,1,0,0,0,,,,,,,,
Côte d'Ivoire,CIV,2013,.4874742889404297,.246240005493164,.246240005493164,CIV,.1029262157043475,.0253445519204291,.0354880505497165,.0608326024701456,.0608326024701456,0,0,.055712130326805,2014,.0118606758117676,1,1,0,0,0,,,,,,,,
Côte d'Ivoire,CIV,2014,.4910857772827149,.2670999908447266,.2670999908447266,CIV,.0875066108524268,.0233730149575363,.0367243091137381,.0600973240712743,.0600973240712743,0,0,.060278912858819,2015,.0379094314575195,1,1,0,0,0,,,,,,,,
Côte d'Ivoire,CIV,2015,.4883872985839844,.2917200088500976,.2917200088500976,CIV,.0833727326169626,.0243214942968772,.0358005854062362,.0601220797031134,.0601220797031134,0,0,.0378444025260632,2016,.0209073257446289,1,1,0,0,0,,,,,,,,
Côte d'Ivoire,CIV,2016,.4908026123046875,.3111800003051758,.3111800003051758,CIV,.0775588856890602,.0241347740723908,.0366273781268597,.0607621521992506,.0607621521992506,0,0,.0352827991728531,2017,.017054386138916,1,1,0,0,0,,,,,,,,
Côte d'Ivoire,CIV,2017,.4860490798950196,.3259500122070312,.3259500122070312,CIV,.08382060034974,.0273213257071985,.0350001832991762,.0623215090063746,.0623215090063746,0,0,.0505448373635633,2018,-.0036435890197754,1,1,0,0,0,,,,,,,,
Côte d'Ivoire,CIV,2018,.4848112869262695,.3531700134277344,.3531700134277344,CIV,.0845903034263405,.0298747585969368,.0345764709642404,.0644512295611772,.0644512295611772,0,0,.0518823538247775,2019,.0090121078491211,1,1,0,0,0,,,,,,,,
Côte d'Ivoire,CIV,2019,.4841799545288086,.3721599960327148,.3721599960327148,CIV,.0849515309565114,.0316155614237483,.0343603578249657,.065975919248714,.065975919248714,0,0,.1027664504922635,2020,.0064178848266602,1,1,0,0,0,,,,,,,,
Côte d'Ivoire,CIV,2020,.4856181335449219,.4631499862670899,.4631499862670899,CIV,.0969456134307003,.0449003595290835,.0348526648620531,.0797530243911366,.0797530243911366,0,0,.0950387389894968,2021,.0023700523376465,1,1,0,0,0,,,,,,,,
Côte d'Ivoire,CIV,2021,.4876534652709961,.5016500091552735,.5016500091552735,CIV,.0974752053212669,.0488984376418257,.0355493848950442,.0844478225368699,.0844478225368699,0,0,.1124493851120911,2022,.0096530342102051,1,1,0,0,0,,,,,,,,
Côte d'Ivoire,CIV,2022,.4900578689575195,.5603499984741211,.5603499984741211,CIV,.1013225280230485,.0567760784231093,.0363724429716899,.0931485213947992,.0931485213947992,0,0,.067663090579157,2023,.0086385345458984,1,1,0,0,0,,,,,,,,
Côte d'Ivoire,CIV,2023,.489171257019043,.5670100021362304,.5670100021362304,CIV,.1021577734016953,.0579244793147278,.036068944386613,.0939934237013408,.0939934237013408,0,0,,,.0014122581481933,2,1,0,0,0,,,,,,,,
Colombia,COL,1995,.4428425979614258,,,COL,,,.020210052957,,,,,,1996,,3,3,0,0,0,,,,,,,,
Colombia,COL,1996,.4431292343139648,.232859992980957,.232859992980957,COL,.0885660863056348,.020623498235481,.0203081722396894,.0409316704751704,.0409316704751704,0,0,.0724083949203976,1997,.0003333282470703,0,0,1,1,0,0,.0259652455971646,0,.0074956322494807,.0685259419412244,0,.0069211988191864,0
Colombia,COL,1997,.4422812271118164,.2526300048828125,.2526300048828125,COL,.0919118444225211,.0232196897052498,.0200178885486878,.0432375782539376,.0432375782539376,0,0,.0642349983073449,1998,.0001761627197265,0,0,1,1,0,0,.0282711533759318,0,.0081662807115765,.0662200341624572,0,.0062382449249248,0
Colombia,COL,1998,.4419013977050781,.2745299911499023,.2745299911499023,COL,.0950532657481808,.0260949722046174,.0198878680938383,.0459828402984558,.0459828402984558,0,0,.0920568076643256,1999,.0008298301696777,0,0,1,1,0,0,.03101641542045,0,.0089850033586735,.063474772117939,0,.0078845734302177,0
Colombia,COL,1999,.4423150634765625,.3398199844360352,.3398199844360352,COL,.1044693087405792,.035500758870267,.0200294711682973,.0555302300385642,.0555302300385642,0,0,.0947330927399828,2000,.0005790901184082,0,0,1,1,0,0,.0405638051605584,0,.0117742330736258,.0539273823778306,0,.0074299737622911,0
Colombia,COL,2000,.4415024566650391,.3798799896240234,.3798799896240234,COL,.1095841083958694,.0416288099603807,.0197513054829299,.0613801154433106,.0613801154433106,0,0,.0651818011584036,2001,.0030838203430176,0,0,1,1,0,0,.0464136905653048,0,.0136153786838345,.0480774969730842,0,.0075506194642332,0
Colombia,COL,2001,.4391106796264648,.4109500122070313,.4109500122070313,COL,.1140975938814745,.0468884075983849,.0189325696690697,.0658209772674545,.0658209772674545,0,0,.1054507746689059,2002,.0031826210021972,0,0,1,1,0,0,.0508545523894487,0,.0150799488566454,.0436366351489403,0,.0074153065926185,0
Colombia,COL,2002,.4398138427734375,.4754499816894531,.4754499816894531,COL,.122101214718837,.0580530203023311,.0191732713908975,.0772262916932286,.0772262916932286,0,0,.0245423940993369,2003,.0031734275817871,0,0,1,1,0,0,.0622598668152228,0,.0186595547849429,.0322313207231662,0,.0049049938733868,0
Colombia,COL,2003,.4390556335449219,.4504000091552735,.4504000091552735,COL,.119560213507298,.0538499212582935,.0189137266926362,.0727636479509297,.0727636479509297,0,0,.0183630908402446,2004,-.0019586944580078,0,0,1,1,0,0,.0577972230729239,0,.0172088738083172,.0366939644654651,0,.0057856200361135,0
Colombia,COL,2004,.4368173599243164,.4148199844360352,.4148199844360352,COL,.1126518857106094,.046730253477165,.0181475370583798,.0648777905355448,.0648777905355448,0,0,.0110571178603185,2005,.0060264015197754,0,0,1,1,0,0,.049911365657539,0,.0151616797156605,.04457982188085,0,.0047502511457104,0
Colombia,COL,2005,.4340646362304688,.3853200149536133,.3853200149536133,COL,.104689551286724,.0403389794672876,.0172052445965548,.0575442240638423,.0575442240638423,0,0,.0208196404952686,2006,.0110896110534668,0,0,1,1,0,0,.0425777991858365,0,.0134061181551692,.0519133883525525,0,.0041801224935619,0
Colombia,COL,2006,.4333818817138672,.3596900177001953,.3596900177001953,COL,.1103554248932229,.0396937447331559,.0169715290094406,.0566652737425966,.0566652737425966,0,0,.0070863300044025,2007,-.0208291816711426,0,0,1,1,0,0,.0416988488645908,0,.0122608174659536,.0527923386737982,0,.005164029043768,0
Colombia,COL,2007,.4324171447753906,.3266299819946289,.3266299819946289,COL,.1031242157130773,.0336834607215727,.0166412872395157,.0503247479610883,.0503247479610883,0,0,.0335018281540982,2008,.0061548042297363,0,0,1,1,0,0,.0353583230830825,0,.0106141202710818,.0591328644553065,0,.0057657892617473,0
Colombia,COL,2008,.4285430526733399,.3238199996948242,.3238199996948242,COL,.0993428833555844,.0321692124578883,.0153151360561124,.0474843485140007,.0474843485140007,0,0,.0486222807326782,2009,.0120609664916992,0,0,1,1,0,0,.0325179236359949,0,.01015366595867,.0619732639023941,0,.0046973517228568,0
Colombia,COL,2009,.4256711578369141,.3538700103759765,.3538700103759765,COL,.099347174187566,.0351559855605779,.0143320497908376,.0494880353514156,.0494880353514156,0,0,.042017697039719,2010,.0135971260070801,0,0,1,1,0,0,.0345216104734098,0,.0112487084293141,.0599695770649792,0,.0034444282909822,0
Colombia,COL,2010,.4235089874267578,.3649700164794922,.3649700164794922,COL,.096363833051573,.0351699097368596,.0135919112570556,.0487618209939153,.0487618209939153,0,0,.0421680369940135,2011,.0130502700805664,0,0,1,1,0,0,.0337953961159095,0,.0114531138587092,.0606957914224795,0,.0046026201481414,0
Colombia,COL,2011,.421407356262207,.3578300094604492,.3578300094604492,COL,.0899596065676937,.0321902468691761,.0128724960798917,.0450627429490679,.0450627429490679,0,0,.0078863561832821,2012,.0144754409790039,0,0,1,1,0,0,.0300963180710621,0,.0106351697530858,.0643948694673269,0,.0047475255322716,0
Colombia,COL,2012,.4195582580566406,.3396699905395508,.3396699905395508,COL,.0883864919709618,.0300222388916007,.0122395261584377,.0422617650500384,.0422617650500384,0,0,.0630961106243286,2013,-.0005327606201171,0,0,1,1,0,0,.0272953401720326,0,.0096308431615008,.0671958473663564,0,.0038276841226486,0
Colombia,COL,2013,.4196330261230469,.3759199905395508,.3759199905395508,COL,.0929831348123271,.0349542191589878,.0122651202220618,.0472193393810496,.0472193393810496,0,0,.0868752827012728,2014,.0019294738769531,0,0,1,1,0,0,.0322529145030438,0,.0114422967321047,.0622382730353452,0,.0042268245247134,0
Colombia,COL,2014,.4196255874633789,.4331900024414063,.4331900024414063,COL,.09151134866198,.0396418013502995,.0122625738738951,.0519043752241946,.0519043752241946,0,0,.0981526321170581,2015,.0229710388183594,0,0,1,1,0,0,.0369379503461888,0,.0139528998581745,.0575532371922002,0,.0030865866487624,0
Colombia,COL,2015,.4182125091552734,.50375,.50375,COL,.1032926518752931,.0520336733821789,.0117788591295958,.0638125325117747,.0638125325117747,0,0,.031938656343048,2016,-.0008672714233398,0,0,1,1,0,0,.0488461076337689,0,.0184087109780059,.0456450799046201,0,.0029682376335805,0
Colombia,COL,2016,.4197605514526367,.4990399932861328,.4990399932861328,COL,.1022893755830514,.0510464893042087,.0123087737703757,.0633552630745844,.0633552630745844,0,0,.0278972699161711,2017,-.0011250305175781,0,0,1,1,0,0,.0483888381965786,0,.0181819401916501,.0461023493418104,0,.003198225840202,0
Colombia,COL,2017,.4182515716552734,.4944900131225586,.4944900131225586,COL,.1030917355060765,.0509778336432271,.0117922307220198,.0627700643652469,.0627700643652469,0,0,.0609833851365225,2018,-.0016388702392579,0,0,1,1,0,0,.0478036394872411,0,.0178837098191883,.0466875480511479,0,.0034791579276567,0
Colombia,COL,2018,.4169092559814453,.5176100158691406,.5176100158691406,COL,.1086853800316164,.0562566412829085,.0113327389307933,.0675893802137018,.0675893802137018,0,0,.0293984886479022,2019,-.0031968307495117,0,0,1,1,0,0,.052622955335696,0,.0195184263251408,.041868232202693,0,.0030364590261686,0
Colombia,COL,2019,.4060861968994141,.5097100067138672,.5097100067138672,COL,.1138566848117197,.0580338915798003,.0076278676392509,.0656617592190512,.0656617592190512,0,0,.1050984652885803,2020,-.0019553375244141,0,0,1,1,0,0,.0506953343410454,0,.0187043242488558,.0437958531973436,0,.0034235763119201,0
Colombia,COL,2020,.4064691925048828,.6527400207519531,.6527400207519531,COL,.1340356543217705,.0874904357834941,.0077589719243457,.0952494077078398,.0952494077078398,0,0,.1166884791846734,2021,.002887077331543,0,0,1,1,0,0,.080282982829834,0,.0298526341325591,.014208204708555,0,.0013690921266884,0
Colombia,COL,2021,.4052450942993164,.6441699981689453,.6441699981689453,COL,.134687094918443,.086761385686994,.0073399474816758,.0941013331686697,.0941013331686697,0,0,.1119486473229446,2022,-.003003044128418,0,0,1,1,0,0,.0791349082906639,0,.0291880854740473,.0153562792477251,0,.0015430808552916,0
Colombia,COL,2022,.404659538269043,.6129999923706054,.6129999923706054,COL,.1280521006418794,.0784959367165121,.0071395041772729,.085635440893785,.085635440893785,0,0,-.0156514368025103,2023,.0050158309936523,0,0,1,1,0,0,.0706690160157792,0,.0264199932562242,.0238221715226098,0,.0032708553773875,0
Colombia,COL,2023,.4053877258300781,.5536399841308594,.5536399841308594,COL,.118926073300243,.0658422293346919,.0073887720754974,.0732310014101893,.0732310014101893,0,0,,,-.0005181884765625,1,0,0,1,0,,,,,.0362266110062055,0,.0043263385315183,0
Cyprus,CYP,1995,.36425537109375,.4674900054931641,.4674900054931641,CYP,.0926227355927206,.0433002031710328,-.0066913580486337,.0366088451223991,.0366088451223991,0,0,.0398541280726979,1996,,1,3,0,0,0,,,,,,,,
Cyprus,CYP,1996,.3651744079589844,.4882799911499023,.4882799911499023,CYP,.0949208897106608,.0463479711878623,-.0063767599971892,.0399712111906731,.0399712111906731,0,0,.0729323626809076,1997,.0008633041381836,1,1,0,0,0,,,,,,,,
Cyprus,CYP,1997,.3687968444824219,.5347999954223632,.5347999954223632,CYP,.1010915623851309,.0540637671008075,-.0051367537309941,.0489270133698134,.0489270133698134,0,0,.060193443372442,1998,-.0022001266479492,1,1,0,0,0,,,,,,,,
Cyprus,CYP,1998,.3643356323242187,.5498500061035156,.5498500061035156,CYP,.1064936613330458,.0585555403339609,-.006663883604825,.0518916567291359,.0518916567291359,0,0,.0480132364936407,1999,-.0019375991821289,1,1,0,0,0,,,,,,,,
Cyprus,CYP,1999,.3629965209960938,.5566299819946289,.5566299819946289,CYP,.106471408799766,.0592651783631565,-.0071222785076105,.052142899855546,.052142899855546,0,0,.0528154949924261,2000,.0039162826538086,1,1,0,0,0,,,,,,,,
Cyprus,CYP,2000,.3647582626342774,.5597800064086914,.5597800064086914,CYP,.1039084268240933,.058165859833508,-.0065192118543703,.0516466479791377,.0516466479791377,0,0,.0601226607863803,2001,.004854965209961,0,0,1,1,0,0,.0366802231011319,0,.0167348284743305,.0578109644372571,0,.0040941558336888,0
Cyprus,CYP,2001,.3623336029052734,.5752399826049804,.5752399826049804,CYP,.106330127390233,.061165340630343,-.0073492038329468,.0538161367973962,.0538161367973962,0,0,.0593851260550811,2002,.0026070022583007,0,0,1,1,0,0,.0388497119193904,0,.0178259080823421,.0556414756189986,0,.002728432334759,0
Cyprus,CYP,2002,.3596396636962891,.610099983215332,.610099983215332,CYP,.1105568223289086,.0674507154472075,-.0082713736151572,.0591793418320504,.0591793418320504,0,0,.0713143562553753,2003,.0054790496826172,0,0,1,1,0,0,.0442129169540446,0,.0205290205189714,.0502782705843444,0,.0033135239109713,0
Cyprus,CYP,2003,.3598220443725586,.6300600051879883,.6300600051879883,CYP,.1089171193840744,.0686243208041906,-.0082089423813884,.0604153784228022,.0604153784228022,0,0,.0677306241707321,2004,.0103445434570312,0,0,1,1,0,0,.0454489535447964,0,.0215730879101021,.0490422339935926,0,.0037607723514936,0
Cyprus,CYP,2004,.3604121398925781,.6468699645996093,.6468699645996093,CYP,.1137771769146798,.0735990384030424,-.0080069451516941,.0655920932513483,.0655920932513483,0,0,.0381062269027699,2005,-.0059236145019531,0,0,1,1,0,0,.0506256683733425,0,.0237304131877507,.0438655191650465,0,.0029351692634008,0
Cyprus,CYP,2005,.3622264862060547,.6402999877929687,.6402999877929687,CYP,.0998773524638537,.0639514675633996,-.007385871246547,.0565655963168526,.0565655963168526,0,0,-.0031035273275442,2006,.0271355438232422,0,0,1,1,0,0,.0415991714388468,0,.0206281246569998,.0528920160995422,0,.0037624713579096,0
Cyprus,CYP,2006,.359803466796875,.5903099822998047,.5903099822998047,CYP,.0602336350924894,.0355565160653003,-.0082153017227073,.027341214342593,.027341214342593,0,0,-.0086249709129333,2007,.0754306411743165,0,0,1,1,0,0,.0123747894645872,0,.0070698273434517,.0821163980738017,0,.0050969689539328,0
Cyprus,CYP,2007,.3619889450073242,.5315000152587891,.5315000152587891,CYP,.0487244031413681,.0258970210131125,-.0074671846313364,.0184298363817762,.0184298363817762,0,0,-.0524783389249336,2008,.0033890914916992,0,0,1,1,0,0,.0034634115037704,0,.0019904156312056,.0910277760346186,0,.0047821268379185,0
Cyprus,CYP,2008,.3609485626220703,.441259994506836,.441259994506836,CYP,.0277626779716146,.0122505591292497,-.0078233208033871,.0044272383258626,.0044272383258626,0,0,.0776959610062092,2009,.0177365112304687,0,0,1,1,0,.0105391865521432,0,.0062437777327937,0,.1050303740905322,0,.0060061120042192,0
Cyprus,CYP,2009,.3589807510375976,.5282099914550781,.5282099914550781,CYP,.0834624717002725,.0440857114636206,-.0084969278299422,.0355887836336784,.0355887836336784,0,0,.0484605474494228,2010,-.0940658950805664,0,0,1,1,0,0,.0206223587556726,0,.0102775361971972,.0738688287827164,0,.0040647612636898,0
Cyprus,CYP,2010,.3584385299682617,.5534000015258789,.5534000015258789,CYP,.0883383709037083,.0488864545929059,-.0086825370239997,.0402039175689062,.0402039175689062,0,0,.1078567354907088,2011,-.0017832946777344,0,0,1,1,0,0,.0252374926909004,0,.0125325681792235,.0692536948474886,0,.0027636363710031,0
Cyprus,CYP,2011,.3572141647338867,.6480599975585938,.6480599975585938,CYP,.1065909751888705,.0690773471206675,-.0091016528740396,.0599756942466279,.0599756942466279,0,0,.1290159807924285,2012,-.0074787139892578,0,0,1,1,0,0,.0450092693686221,0,.022014330614869,.0494819181697669,0,.0021518010866752,0
Cyprus,CYP,2012,.3566904067993164,.791510009765625,.791510009765625,CYP,.125795921644431,.0995687311692594,-.0092809419013655,.0902877892678939,.0902877892678939,0,0,.1583995491632664,2013,.0062808990478516,0,0,1,1,0,0,.0753213643898881,0,.0373132621718331,.0191698231485009,0,.0013904095350353,0
Cyprus,CYP,2013,.3587537002563477,1.026520004272461,1.026520004272461,CYP,.1586048170357364,.162811017461157,-.0085746502109067,.1542363672502503,.1542363672502503,0,0,.0684590104032964,2014,.0038777542114258,0,0,1,1,0,0,.1392699423722444,0,.0695326427574711,0,.0447787548338554,0,.0039774514092891
Cyprus,CYP,2014,.3580451965332031,1.129899978637695,1.129899978637695,CYP,.1677042250169356,.1894890002640868,-.0088171800801363,.1806718201839504,.1806718201839504,0,0,.0150432129076981,2015,.0156438446044921,0,0,1,1,0,0,.1657053953059446,0,.0853232152602267,0,.0712142077675556,0,.0050765000357825
Cyprus,CYP,2015,.357181510925293,1.115540008544922,1.115540008544922,CYP,.1661354998799409,.1853307969556841,-.0091128306895816,.1762179662661025,.1762179662661025,0,0,.0162171401165668,2016,-.0003749465942382,0,0,1,1,0,0,.1612515413880967,0,.0829694246504628,0,.0667603538497077,0,.004611137047017
Cyprus,CYP,2016,.3531402587890625,1.068089981079102,1.068089981079102,CYP,.1666805860910077,.1780298640441979,-.0104962028866587,.1675336611575393,.1675336611575393,0,0,-.0384979674609171,2017,-.012844467163086,0,0,1,1,0,0,.1525672362795334,0,.0765414082537409,0,.0580760487411445,0,.003587553068621
Cyprus,CYP,2017,.3542287445068359,.96375,.96375,CYP,.1447430111052635,.1394960769526977,-.0101236003297967,.129372476622901,.129372476622901,0,0,.1169259535193643,2018,.0126620864868164,0,0,1,1,0,0,.1144060517448952,0,.0588449550413631,0,.0199148642065062,0,.0011547126087815
Cyprus,CYP,2018,.3546916580200195,1.006579971313477,1.006579971313477,CYP,.1534454048113419,.1544550711731854,-.0099651391246548,.1444899320485305,.1444899320485305,0,0,-.0161867494373855,2019,-.0055598068237305,0,0,1,1,0,0,.1295235071705247,0,.0659005192956595,0,.0350323196321357,0,.0019131124573768
Cyprus,CYP,2019,.355346794128418,.9229299926757812,.9229299926757812,CYP,.1373356685195279,.1267512075408514,-.0097408776712467,.1170103298696047,.1170103298696047,0,0,.1631981708492466,2020,.007055320739746,0,0,1,1,0,0,.1020439049915989,0,.0526390710763866,0,.0075527174532099,0,.0003792365941754
Cyprus,CYP,2020,.3559753799438476,1.136019973754883,1.136019973754883,CYP,.1714932426500733,.194819749014476,-.0095257047220643,.1852940442924118,.1852940442924118,0,0,-.028649357823505,2021,-.0050374603271484,0,0,1,1,0,0,.1703276194144059,0,.0870050209688118,0,.0758364318760169,0,.0037558414965127
Cyprus,CYP,2021,.3580729675292968,.9648200225830078,.9648200225830078,CYP,.1432335026954073,.1381945513052262,-.0088076737136474,.1293868775915788,.1293868775915788,0,0,-.0374999740042051,2022,.0029003143310546,0,0,1,1,0,0,.114420452713573,0,.0587789463719925,0,.019929265175184,0,.0007737403553874
Cyprus,CYP,2022,.3588747406005859,.8032700347900391,.8032700347900391,CYP,.118373478122129,.0950858678893805,-.0085332165558663,.0865526513335141,.0865526513335141,0,0,-.0248599984481802,2023,1.25885009761e-06,0,0,1,1,0,0,.0715862264555083,0,.0367746602741204,.0229049610828807,0,.000696201151939,0
Cyprus,CYP,2023,.3585364151000976,.7113600158691407,.7113600158691407,CYP,.1048567963316957,.0745909323025023,-.0086490296937653,.065941902608737,.065941902608737,0,0,,,-.000503921508789,1,0,0,1,0,,,,,.0435157098076578,0,.0011806547912334,0
Czech Republic,CZE,1995,.2666942024230957,.1347599983215332,.1347599983215332,CZE,.0867297362303743,.0116876991088323,-.0400877915558037,-.0284000924469715,-.0284000924469715,0,0,-.0030281406458996,1996,,3,5,0,0,0,,,,,,,,
Czech Republic,CZE,1996,.2672964477539063,.1150599956512451,.1150599956512451,CZE,.0831195693231281,.0095637372848525,-.0398816352907705,-.030317898005918,-.030317898005918,0,0,.0155192290537733,1997,.0007295989990235,1,1,0,0,0,,,,,,,,
Czech Republic,CZE,1997,.2660869789123535,.1212399959564209,.1212399959564209,CZE,.0869182928508405,.0105379734737749,-.0402956519153793,-.0297576784416044,-.0297576784416044,0,0,.0305863130987181,1998,-.0050914001464844,1,1,0,0,0,,,,,,,,
Czech Republic,CZE,1998,.2647707939147949,.1387699985504151,.1387699985504151,CZE,.0912476003770643,.0126624293720541,-.0407461988425331,-.0280837694704791,-.0280837694704791,0,0,.0189530624964753,1999,-.0022797775268555,1,1,0,0,0,,,,,,,,
Czech Republic,CZE,1999,.2639292144775391,.1508800029754639,.1508800029754639,CZE,.097990173813196,.0147847577165012,-.0410342822275548,-.0262495245110536,-.0262495245110536,0,0,.0279344120951574,2000,-.0101489639282226,1,1,0,0,0,,,,,,,,
Czech Republic,CZE,2000,.2617506980895996,.1689500045776367,.1689500045776367,CZE,.1056432349602271,.0178484250301267,-.0417800161982057,-.0239315911680789,-.0239315911680789,0,0,.0750914675306799,2001,-.0086284637451172,0,0,1,1,0,.0388980160460847,0,.0169970518524201,0,.1333892035844737,0,.0005256930269198,0
Czech Republic,CZE,2001,.2612405776977539,.2259700012207031,.2259700012207031,CZE,.107457183105793,.0242820997975894,-.0419546369205592,-.0176725371229699,-.0176725371229699,0,0,.0422592626890387,2002,.0160235214233398,0,0,1,1,0,.0326389620009757,0,.0147850585830629,0,.1271301495393647,0,.001140409669462,0
Czech Republic,CZE,2002,.2600387763977051,.2570299911499023,.2570299911499023,CZE,.1064964004790931,.0273727688726378,-.0423660288478269,-.0149932599751892,-.0149932599751892,0,0,.0369414812539263,2003,.0142055892944336,0,0,1,1,0,.029959684853195,0,.0139969731267566,0,.124450872391584,0,.001078175602023,0
Czech Republic,CZE,2003,.2595188140869141,.2806200027465821,.2806200027465821,CZE,.1070211097119293,.0300322641013039,-.0425440185846779,-.0125117544833741,-.0125117544833741,0,0,.0276906273495178,2004,.0074961090087891,0,0,1,1,0,.0274781793613799,0,.0130436090617477,0,.1219693668997689,0,.0012116930264616,0
Czech Republic,CZE,2004,.2588666343688965,.2828899955749511,.2828899955749511,CZE,.1105341277815501,.0312689989190038,-.0427672680279172,-.0114982691089134,-.0114982691089134,0,0,.0118823351744035,2005,-.0064263153076172,0,0,1,1,0,.0264646939869192,0,.0123924475126177,0,.1209558815253082,0,.0018172860564676,0
Czech Republic,CZE,2005,.2593539619445801,.2767799949645996,.2767799949645996,CZE,.1060228616981364,.0293450071269426,-.0426004495775103,-.0132554424505677,-.0132554424505677,0,0,.0191346044412234,2006,.0075605392456055,0,0,1,1,0,.0282218673285735,0,.0134286400066015,0,.1227130548669625,0,.0020404783255174,0
Czech Republic,CZE,2006,.2590017318725586,.2756500053405762,.2756500053405762,CZE,.1021909908384384,.0281689471703743,-.0427210224277516,-.0145520752573773,-.0145520752573773,0,0,.023093553404751,2007,.0086957168579102,0,0,1,1,0,.0295185001353831,0,.0143022934521314,0,.1240096876737721,0,.0019699110654853,0
Czech Republic,CZE,2007,.2581436538696289,.2734600067138672,.2734600067138672,CZE,.0980666937179701,.0268173187225228,-.043014753482425,-.0161974347599022,-.0161974347599022,0,0,.0212986505073954,2008,.0095771026611328,0,0,1,1,0,.031163859637908,0,.0153979619509514,0,.125655047176297,0,.0019705146507829,0
Czech Republic,CZE,2008,.2589046669006347,.2815500068664551,.2815500068664551,CZE,.0950098193021137,.0267500152768908,-.0427542490067779,-.0160042337298871,-.0160042337298871,0,0,.0451331314773336,2009,.0088189697265625,0,0,1,1,0,.0309706586078929,0,.0155756312494434,0,.1254618461462819,0,.0020693806969814,0
Czech Republic,CZE,2009,.2588890266418457,.3343000030517578,.3343000030517578,CZE,.1036587183450462,.0346531098590903,-.0427596028670257,-.0081064930079355,-.0081064930079355,0,0,.0408300325454427,2010,-.0014874649047851,0,0,1,1,0,.0230729178859413,0,.0115694130872031,0,.1175641054243303,0,.0028004372186838,0
Czech Republic,CZE,2010,.2567495727539063,.3670000076293946,.3670000076293946,CZE,.1035220820478339,.0379926049013659,-.0434919652452525,-.0054993603438867,-.0054993603438867,0,0,.0331154404230142,2011,.0139811325073242,0,0,1,1,0,.0204657852218925,0,.0105482579448396,0,.1149569727602815,0,.0029849015582352,0
Czech Republic,CZE,2011,.2590544509887696,.3940200042724609,.3940200042724609,CZE,.1018066527166875,.0401138577383942,-.0427029760012575,-.0025891182628633,-.0025891182628633,0,0,.0467986251096451,2012,.0104917526245116,0,0,1,1,0,.0175555431408691,0,.0092324802552954,0,.1120467306792581,0,.0029542561775776,0
Czech Republic,CZE,2012,.2594610595703125,.4383499908447266,.4383499908447266,CZE,.1065020999747126,.0466851945488594,-.042563788693008,.0041214058558515,.0041214058558515,0,0,.0084838913717602,2013,.0040930557250977,0,0,1,1,0,.0108450190221543,0,.0057477971986359,0,.1053362065605433,0,.0029998594390405,0
Czech Republic,CZE,2013,.2592693138122559,.4414099884033203,.4414099884033203,CZE,.1007325920841363,.044464372303695,-.0426294257138276,.0018349465898675,.0018349465898675,0,0,-.0051232792641484,2014,.0143349075317383,0,0,1,1,0,.0131314782881384,0,.0071478458789551,0,.1076226658265274,0,.0028448597796948,0
Czech Republic,CZE,2014,.2593325424194336,.4154600143432617,.4154600143432617,CZE,.0897970111396454,.0373070675360591,-.0426077817544108,-.0053007142183517,-.0053007142183517,0,0,.0039193906041472,2015,.0157967758178712,0,0,1,1,0,.0202671390963575,0,.0113521492229633,0,.1147583266347465,0,.0031075922189979,0
Czech Republic,CZE,2015,.2596512794494629,.3946900177001953,.3946900177001953,CZE,.0852778545019399,.0336583179028053,-.0424986740000174,-.0088403560972121,-.0088403560972121,0,0,-.017479192892808,2016,.0027477645874023,0,0,1,1,0,.0238067809752179,0,.0134002096926813,0,.1182979685136069,0,.002626537311523,0
Czech Republic,CZE,2016,.2589702224731446,.3623199844360351,.3623199844360351,CZE,.0846351652309181,.0306650117492075,-.0427318084974217,-.0120667967482142,-.0120667967482142,0,0,-.0010448126107461,2017,-.008855323791504,0,0,1,1,0,.02703322162622,0,.0149769001864919,0,.121524409164609,0,.0023601684898387,0
Czech Republic,CZE,2017,.2592383766174317,.3378200149536133,.3378200149536133,CZE,.0773839065364153,.0261418324633008,-.0426400159105618,-.016498183447261,-.016498183447261,0,0,-.0029105906999681,2018,.0077145004272462,0,0,1,1,0,.0314646083252668,0,.0176747033608637,0,.1259557958636558,0,.0019905357152683,0
Czech Republic,CZE,2018,.2589142417907715,.3167799949645996,.3167799949645996,CZE,.0763371322238662,.0241820763614883,-.0427509713996505,-.0185688950381622,-.0185688950381622,0,0,.0010338063181898,2019,-.0044678497314453,0,0,1,1,0,.033535319916168,0,.0186880592650525,0,.128026507454557,0,.0017925023266013,0
Czech Republic,CZE,2019,.2614746475219726,.2955200004577637,.2955200004577637,CZE,.0718675843731887,.0212383085668631,-.041874511831581,-.0206362032647179,-.0206362032647179,0,0,.0695196446155535,2020,-.0001138687133789,0,0,1,1,0,.0356026281427237,0,.0198360437098858,0,.1300938156811127,0,.0015551738846937,0
Czech Republic,CZE,2020,.2619303894042969,.3688299942016602,.3688299942016602,CZE,.0855712738542519,.0315612524394924,-.0417185055672357,-.0101572531277433,-.0101572531277433,0,0,.0715638599426376,2021,-.0064300155639648,0,0,1,1,0,.0251236780057491,0,.0138361393920133,0,.1196148655441381,0,.0017086574976884,0
Czech Republic,CZE,2021,.2632103157043457,.4069200134277344,.4069200134277344,CZE,.0898157835886783,.0365478398639275,-.0412803704551199,-.0047325305911924,-.0047325305911924,0,0,.068309586367599,2022,.0019697952270508,0,0,1,1,0,.0196989554691982,0,.0108874331801323,0,.1141901430075872,0,.001684085883297,0
Czech Republic,CZE,2022,.2637766075134277,.4252000045776367,.4252000045776367,CZE,.0919594761442087,.0391011696774746,-.041086521539559,-.0019853518620844,-.0019853518620844,0,0,.0335424484791598,2023,.0007589721679687,0,0,1,1,0,.0169517767400902,0,.0093819584570979,0,.1114429642784792,0,.0014377036049766,0
Czech Republic,CZE,2023,.2638085556030274,.4222299957275391,.4222299957275391,CZE,.0897837092022177,.037909375152855,-.041075585300638,-.003166210147783,-.003166210147783,0,0,,,.0038723373413087,1,0,0,1,0,,,,,.1126238225641778,0,.0015362278327239,0
Germany,DEU,1995,.3098067855834961,.5489300155639648,.5489300155639648,DEU,.0589208379095013,.0323434164707044,-.0253298039624086,.0070136125082958,.0070136125082958,0,0,.0369765874013531,1996,,1,3,0,0,0,,,,,,,,
Germany,DEU,1996,.3104147720336914,.5772100067138672,.5772100067138672,DEU,.0621649434777839,.0358822274421788,-.0251216824389185,.0107605450032603,.0107605450032603,0,0,.0228258362489623,1997,.0016465759277343,1,1,0,0,0,,,,,,,,
Germany,DEU,1997,.3110072898864746,.5882600021362304,.5882600021362304,DEU,.0634688456116924,.0373361832551183,-.0249188560137955,.0124173272413227,.0124173272413227,0,0,.0227823663202657,1998,.0001523971557618,1,1,0,0,0,,,,,,,,
Germany,DEU,1998,.3104899978637695,.5943799972534179,.5943799972534179,DEU,.0644486738811416,.0383070026044594,-.0250959316769457,.0132110709275137,.0132110709275137,0,0,.0255015403128819,1999,.0004744720458985,1,1,0,0,0,,,,,,,,
Germany,DEU,1999,.3101114082336426,.603489990234375,.603489990234375,DEU,.0637747345057255,.0384874139040602,-.025225527740434,.0132618861636261,.0132618861636261,0,0,.0038449762733777,2000,.0050846099853515,1,1,0,0,0,,,,,,,,
Germany,DEU,2000,.3089195251464844,.5923899841308594,.5923899841308594,DEU,.0598140579835081,.0354332488596527,-.0256335245368129,.0097997243228398,.0097997243228398,0,0,.0061859981449228,2001,.0065370178222656,0,0,1,1,0,.005166700555166,0,.0032631136345825,0,.099657888093555,0,.0059654523372595,0
Germany,DEU,2001,.3097686576843262,.580620002746582,.580620002746582,DEU,.0574222208904891,.0333404900511506,-.0253428556290373,.0079976344221133,.0079976344221133,0,0,.0251984595387623,2002,.0004043960571289,0,0,1,1,0,.0069687904558925,0,.0044040709258323,0,.1014599779942815,0,.0059265497746913,0
Germany,DEU,2002,.3094747161865234,.5982300186157227,.5982300186157227,DEU,.058841524861105,.0352007665130364,-.0254434755562084,.009757290956828,.009757290956828,0,0,.0401837818713604,2003,.0031603240966797,0,0,1,1,0,.0052091339211778,0,.0033084822206101,0,.0997003214595668,0,.0059357791863966,0
Germany,DEU,2003,.3087235641479492,.6334400177001953,.6334400177001953,DEU,.0671857067088273,.0425581152468397,-.0257006044882602,.0168575107585795,.0168575107585795,0,0,.0313480363263233,2004,-.0059623718261719,0,0,1,1,0,0,.0018910858805737,0,.0011898118308674,.0926001016578153,0,.0054274386098453,0
Germany,DEU,2004,.3082428550720215,.6496499633789062,.6496499633789062,DEU,.0689852626023028,.0448162733232702,-.0258651573417086,.0189511159815616,.0189511159815616,0,0,.0311158873680673,2005,.0020344161987305,0,0,1,1,0,0,.0039846911035558,0,.0025151489903116,.0905064964348332,0,.0052390732653893,0
Germany,DEU,2005,.3077650260925293,.6712000274658203,.6712000274658203,DEU,.0691570279217945,.0464181990405629,-.0260287243013796,.0203894747391833,.0203894747391833,0,0,.0214485286121048,2006,.0075476455688477,0,0,1,1,0,0,.0054230498611775,0,.003463976615667,.0890681376772115,0,.0050005607466686,0
Germany,DEU,2006,.3072537994384766,.6639700317382813,.6639700317382813,DEU,.0495118899208555,.0328744111221727,-.0262037237114092,.0066706874107635,.0066706874107635,0,0,.0033636782521552,2007,.042597770690918,0,0,1,1,0,.0082957374672423,0,.0056522876093163,0,.1027869250056313,0,.0056238517346226,0
Germany,DEU,2007,.3045349884033203,.636870002746582,.636870002746582,DEU,.043986530960604,.0280137020936925,-.0271344074372333,.0008792946564591,.0008792946564591,0,0,.0268966006023471,2008,.0063545227050782,0,0,1,1,0,.0140871302215467,0,.009687760896209,0,.1085783177599356,0,.0059613087092892,0
Germany,DEU,2008,.3059392547607422,.6516999816894531,.6516999816894531,DEU,.0469805041875149,.0306171937187647,-.0266537091361468,.0039634845826179,.0039634845826179,0,0,.045284413811415,2009,-.0033139801025391,0,0,1,1,0,.0110029402953879,0,.0075302908854198,0,.1054941278337769,0,.0055730671332798,0
Germany,DEU,2009,.3067694282531738,.7236199951171876,.7236199951171876,DEU,.0598291413843121,.0432935629963815,-.0263695301516474,.0169240328447341,.0169240328447341,0,0,.1261225684881924,2010,-.0054013061523437,0,0,1,1,0,0,.0019576079667283,0,.0013291916439903,.0925335795716607,0,.0048078180917918,0
Germany,DEU,2010,.3026280021667481,.8103399658203125,.8103399658203125,DEU,.0679394306229171,.0550540358888261,-.0277871931707024,.0272668427181237,.0272668427181237,0,0,.0140077977204294,2011,.0161265563964843,0,0,1,1,0,0,.0123004178401179,0,.0085501952546488,.0821907696982711,0,.0040091225177803,0
Germany,DEU,2011,.3032228088378906,.7848400115966797,.7848400115966797,DEU,.0646941236653883,.0507745367677804,-.0275835832538359,.0231909535139445,.0231909535139445,0,0,.0287330143610412,2012,-.0020760345458984,0,0,1,1,0,0,.0082245286359387,0,.0056999123365672,.0862666589024502,0,.0038737512306373,0
Germany,DEU,2012,.3023759460449219,.7983499908447266,.7983499908447266,DEU,.0666135925138106,.053180960973535,-.0278734751989657,.0253074857745693,.0253074857745693,0,0,-.0051877527450863,2013,.0012590789794922,0,0,1,1,0,0,.0103410608965635,0,.0071797702094704,.0841501266418255,0,.0034278748008032,0
Germany,DEU,2013,.3014185905456543,.7745700073242188,.7745700073242188,DEU,.060120275774585,.0465673624470543,-.0282011902080176,.0183661722390367,.0183661722390367,0,0,.0014924493458962,2014,.0076560974121094,0,0,1,1,0,0,.0033997473610309,0,.0023864640624266,.0910914401773581,0,.0028804253034793,0
Germany,DEU,2014,.3016510581970215,.7453800201416015,.7453800201416015,DEU,.0467171265208818,.0348220127070926,-.0281216135632599,.0067003991438328,.0067003991438328,0,0,-.0090753002051882,2015,.0200792694091797,0,0,1,1,0,.008266025734173,0,.005968340245036,0,.102757213272562,0,.0027892541011711,0
Germany,DEU,2015,.3010747337341309,.7118399810791015,.7118399810791015,DEU,.0471799449423135,.0335845711150495,-.0283188967842969,.0052656743307526,.0052656743307526,0,0,-.004891148110143,2016,-.0118804168701171,0,0,1,1,0,.0097007505472532,0,.0068890094050706,0,.1041919380856422,0,.0024808150577986,0
Germany,DEU,2016,.2997107124328613,.6830100250244141,.6830100250244141,DEU,.0507805893180175,.0346836515808536,-.0287858186888918,.0058978328919618,.0058978328919618,0,0,-.0155204399896696,2017,-.0164646911621095,0,0,1,1,0,.009068591986044,0,.0062907690416946,0,.103559779524433,0,.0021043871311149,0
Germany,DEU,2017,.300362548828125,.6398799896240235,.6398799896240235,DEU,.0450681850798419,.0288382298012628,-.0285626867694141,.0002755430318488,.0002755430318488,0,0,-.013906546524832,2018,-.00259765625,0,0,1,1,0,.014690881846157,0,.0101527194637755,0,.1091820693845461,0,.0019824457049226,0
Germany,DEU,2018,.3000530624389648,.6075799942016602,.6075799942016602,DEU,.0403501301945034,.0245159318696126,-.0286686279113437,-.0041526960417311,-.0041526960417311,0,0,-.0030890557350257,2019,-.0000303649902343,0,0,1,1,0,.0191191209197369,0,.013212450028873,0,.1136103084581259,0,.0017676077777259,0
Germany,DEU,2019,.3007268142700195,.5868399810791015,.5868399810791015,DEU,.0381940350960354,.022413786833092,-.0284379940584211,-.0060242072253291,-.0060242072253291,0,0,.0769269207676963,2020,-.0030020141601562,0,0,1,1,0,.0209906321033349,0,.0144427614256554,0,.1154818196417239,0,.0014564607828855,0
Germany,DEU,2020,.2994495391845703,.6804199981689453,.6804199981689453,DEU,.0551210353915483,.0375054548001876,-.0288752216259338,.0086302331742539,.0086302331742539,0,0,.0445654704786259,2021,-.0047860717773438,0,0,1,1,0,.0063361917037519,0,.0043293386272941,0,.100827379242141,0,.0010010678256623,0
Germany,DEU,2021,.2994306373596192,.6793800354003906,.6793800354003906,DEU,.0531145920720125,.0360849934421611,-.0288816919619163,.0072033014802448,.0072033014802448,0,0,.0182837279256958,2022,.0042089843749999,0,0,1,1,0,.007763123397761,0,.0053369951201775,0,.10225431093615,0,.0009988211094594,0
Germany,DEU,2022,.3013581466674805,.6439700317382813,.6439700317382813,DEU,.0476572105761861,.0306898154073045,-.0282218809191463,.0024679344881582,.0024679344881582,0,0,.0154219496159888,2023,-.0019980621337891,0,0,1,1,0,.0124984903898476,0,.0085674943179432,0,.1069896779282366,0,.0012852231533622,0
Germany,DEU,2023,.3014888381958008,.6234600067138671,.6234600067138671,DEU,.046195845079143,.0288012618831953,-.0281771435405871,.0006241183426082,.0006241183426082,0,0,,,-.0038710784912109,1,0,0,1,0,,,,,.1088334940737866,0,.0015162118460797,0
Denmark,DNK,1995,.3447097396850586,.714540023803711,.714540023803711,DNK,.0519991235061773,.0371554549478761,-.0133820772004263,.0237733777474497,.0237733777474497,0,0,.002629366629882,1996,,1,3,0,0,0,,,,,,,,
Denmark,DNK,1996,.3422278213500977,.6831600189208984,.6831600189208984,DNK,.0475463248884932,.0324817482104422,-.0142316695307884,.0182500786796538,.0182500786796538,0,0,-.0055043236467298,1997,.0021858978271484,1,1,0,0,0,,,,,,,,
Denmark,DNK,1997,.340119857788086,.6438800048828125,.6438800048828125,DNK,.0419602579391928,.0270173710867715,-.0149532523684429,.0120641187183286,.0120641187183286,0,0,-.019057426786222,1998,.0016138458251953,1,1,0,0,0,,,,,,,,
Denmark,DNK,1998,.3374509048461914,.6031900024414063,.6031900024414063,DNK,.0355856510387793,.0214649089369603,-.0158668690324524,.0055980399045079,.0055980399045079,0,0,-.0085798614236692,1999,.003562240600586,1,1,0,0,0,,,,,,,,
Denmark,DNK,1999,.3357280349731445,.5678900146484375,.5678900146484375,DNK,.0284754884717055,.0161709455653182,-.0164566293842472,-.0002856838189289,-.0002856838189289,0,0,.0043192045569455,2000,.0059859466552734,1,1,0,0,0,,,,,,,,
Denmark,DNK,2000,.3352435684204101,.535530014038086,.535530014038086,DNK,.0215341315192333,.011532173754793,-.0166224684699746,-.0050902947151816,-.0050902947151816,0,0,-.0170711440592654,2001,.005185317993164,0,0,1,1,0,.0200567195931874,0,.0134069297589618,0,.1145479071315764,0,.0050546010791747,0
Denmark,DNK,2001,.3351192855834961,.5009600067138672,.5009600067138672,DNK,.0147746056332436,.0074014865372245,-.0166650120716518,-.0092635255344273,-.0092635255344273,0,0,.0166089307010964,2002,.003601303100586,0,0,1,1,0,.0242299504124331,0,.0162837885304991,0,.1187211379508221,0,.0038804494685629,0
Denmark,DNK,2002,.3349954986572266,.5031999969482421,.5031999969482421,DNK,.0120692627552229,.0060732529815957,-.0167073859167845,-.0106341329351888,-.0106341329351888,0,0,-.0122212147807235,2003,.0070366668701172,0,0,1,1,0,.0256005578131946,0,.0173850506796623,0,.1200917453515836,0,.0039798723783448,0
Denmark,DNK,2003,.3352778625488281,.4816199874877929,.4816199874877929,DNK,.0074364830579938,.0035815588773442,-.0166107291520164,-.0130291702746722,-.0130291702746722,0,0,.0032622091483872,2004,.0027693176269531,0,0,1,1,0,.027995595152678,0,.0190890222761743,0,.122486782691067,0,.0034502998285977,0
Denmark,DNK,2004,.3347406005859375,.4621500015258789,.4621500015258789,DNK,.0025068292722615,.0011585311520008,-.0167946407806294,-.0156361096286286,-.0156361096286286,0,0,-.0475890798349738,2005,.005108642578125,0,0,1,1,0,.0306025345066345,0,.0210229223045336,0,.1250937220450234,0,.0027007966219818,0
Denmark,DNK,2005,.3342630004882812,.3936000061035156,.3936000061035156,DNK,-.009708608416848,-.003821308332128,-.0169581293911261,-.0207794377232541,-.0207794377232541,0,0,-.0418249695395959,2006,.0047164916992187,0,0,1,1,0,.0357458626012599,0,.0247248125243301,0,.1302370501396489,0,.0019839869079239,0
Denmark,DNK,2006,.3339024353027344,.3319100189208984,.3319100189208984,DNK,-.0453748181415422,-.0150603567478916,-.0170815554571336,-.0321419122050252,-.0321419122050252,0,0,-.0269539999342291,2007,.0600382232666016,0,0,1,1,0,.047108337083031,0,.035412346059466,0,.14159952462142,0,.001498462213504,0
Denmark,DNK,2007,.3338339996337891,.2948299980163574,.2948299980163574,DNK,-.0538236394747456,-.0158688235195724,-.0171049818602671,-.0329738053798394,-.0329738053798394,0,0,.074139016722601,2008,.0065021514892578,0,0,1,1,0,.0479402302578452,0,.0363494126179317,0,.1424314177962342,0,.000808870401598,0
Denmark,DNK,2008,.3334278869628906,.3553900146484375,.3553900146484375,DNK,-.0434496770422387,-.0154415813605111,-.0172439994119721,-.0326855807724832,-.0326855807724832,0,0,.0560202624794995,2009,-.0022673797607422,0,0,1,1,0,.047652005650489,0,.0360228287334973,0,.142143193188878,0,-.0000872774297717,0
Denmark,DNK,2009,.3339855575561523,.4304899978637695,.4304899978637695,DNK,-.0308224165121765,-.0132687420184831,-.0170531016486454,-.0303218436671285,-.0303218436671285,0,0,.0529773840352166,2010,-.0034962463378907,0,0,1,1,0,.0452882685451343,0,.0340776080893546,0,.1397794560835233,0,.0005582517310813,0
Denmark,DNK,2010,.33300537109375,.4612300109863281,.4612300109863281,DNK,-.0294506872915982,-.0135835408230588,-.0173886319878396,-.0309721728108984,-.0309721728108984,0,0,.048455065447716,2011,.0085586547851563,0,0,1,1,0,.0459385976889042,0,.0349601273204825,0,.1404297852272932,0,.0009830995483605,0
Denmark,DNK,2011,.3324021530151367,.4998600006103516,.4998600006103516,DNK,-.027699249233602,-.0138457467388146,-.0175951212368639,-.0314408679756785,-.0314408679756785,0,0,-.0010483931572073,2012,.0099690246582032,0,0,1,1,0,.0464072928536843,0,.0357794485056064,0,.1408984803920733,0,.0009302787849466,0
Denmark,DNK,2012,.3308598709106445,.4871099853515625,.4871099853515625,DNK,-.0300320605412966,-.0146289165703482,-.0181230640900891,-.0327519806604373,-.0327519806604373,0,0,.0013418178741555,2013,.0026885986328125,0,0,1,1,0,.0477184055384431,0,.0369185958005867,0,.1422095930768321,0,.0006967108088489,0
Denmark,DNK,2013,.3394685745239258,.4777000045776367,.4777000045776367,DNK,-.0405338451281656,-.0193630180032739,-.0151761949440826,-.0345392129473566,-.0345392129473566,0,0,.020676743771709,2014,.0106432342529298,0,0,1,1,0,.0495056378253624,0,.0388282350275193,0,.1439968253637514,0,.0004981220957373,0
Denmark,DNK,2014,.3426954650878906,.4871200180053711,.4871200180053711,DNK,-.0443205640850124,-.0215894339750995,-.0140715891093764,-.0356610230844758,-.0356610230844758,0,0,-.0303848602042151,2015,.0080880737304687,0,0,1,1,0,.0506274479624816,0,.0401175710781584,0,.1451186355008706,0,.000621240235282,0
Denmark,DNK,2015,.3417557144165039,.4454999923706054,.4454999923706054,DNK,-.0496982477111106,-.0221405689761322,-.0143932777611004,-.0365338467372327,-.0365338467372327,0,0,-.0139389847474495,2016,-.0010053253173828,0,0,1,1,0,.0515002716152385,0,.0407574285875753,0,.1459914591536275,0,.0010474136684095,0
Denmark,DNK,2016,.3420613479614258,.4169200134277344,.4169200134277344,DNK,-.0440494969135179,-.0183651168446688,-.0142886554969391,-.032653772341608,-.032653772341608,0,0,.0014327943279549,2017,-.0229396820068359,0,0,1,1,0,.0476201972196138,0,.0365943369684799,0,.1421113847580028,0,.0005101046918791,0
Denmark,DNK,2017,.3401040267944336,.4015299987792968,.4015299987792968,DNK,-.0448694277415311,-.0180164212662847,-.0149586715196694,-.0329750927859542,-.0329750927859542,0,0,-.0066418990256738,2018,-.0011643218994141,0,0,1,1,0,.04794151766396,0,.0367854403293807,0,.142432705202349,0,-.000460339004527,0
Denmark,DNK,2018,.3433446502685547,.3853900146484375,.3853900146484375,DNK,-.0481250427036981,-.0185469109125349,-.0138493647345016,-.0323962756470365,-.0323962756470365,0,0,.008227172870744,2019,-.0018912506103516,0,0,1,1,0,.0473627005250423,0,.0362517402428287,0,.1418538880634313,0,-.0011444044656937,0
Denmark,DNK,2019,.3478714752197266,.3833499908447265,.3833499908447265,DNK,-.0494909869787382,-.0189723694051958,-.012299774764021,-.0312721441692168,-.0312721441692168,0,0,.0731256790038934,2020,-.0028187561035156,0,0,1,1,0,.0462385690472226,0,.0352609869461313,0,.1407297565856116,0,-.0008559824003085,0
Denmark,DNK,2020,.3487778472900391,.4519699859619141,.4519699859619141,DNK,-.0422836768669739,-.0191109528399843,-.0119895120335577,-.031100464873542,-.031100464873542,0,0,-.0170850895509655,2021,.0061548614501953,0,0,1,1,0,.0460668897515478,0,.0354136016656486,0,.1405580772899369,0,-.0008166198509107,0
Denmark,DNK,2021,.34497802734375,.3962799835205078,.3962799835205078,DNK,-.0469164323838714,-.0185920430519216,-.0132902389098813,-.0318822819618029,-.0318822819618029,0,0,-.0268464708825736,2022,-.0042213439941406,0,0,1,1,0,.0468487068398087,0,.0358168536170378,0,.1413398943781977,0,-.0011037251749943,0
Denmark,DNK,2022,.3480608749389649,.3331499862670899,.3331499862670899,DNK,-.058623722822149,-.0195304924531246,-.0122349408222386,-.0317654332753632,-.0317654332753632,0,0,-.0085601182730887,2023,.0013235473632812,0,0,1,1,0,.046731858153369,0,.0357893720867293,0,.141223045691758,0,-.0009933796766763,0
Denmark,DNK,2023,.3474351119995117,.3296400070190429,.3296400070190429,DNK,-.0586049886028215,-.019318548854385,-.0124491474649373,-.0317676963193223,-.0317676963193223,0,0,,,-.0005249023437499,1,0,0,1,0,,,,,.1412253087357171,0,-.0023839481448026,0
Egypt,EGY,1995,.4476431655883789,,,EGY,,,.0218533485400144,,,,,,,,3,4,0,0,0,,,,,,,,
Egypt,EGY,1996,.4489567947387695,,,EGY,,,.0223030205680546,,,,,,,.0005670166015625,3,2,0,0,0,,,,,,,,
Egypt,EGY,1997,.4491906356811524,,,EGY,,,.0223830673078585,,,,,,1998,.0007095718383789,3,2,0,0,0,,,,,,,,
Egypt,EGY,1998,.4453693771362305,.7382399749755859,.7382399749755859,EGY,.1372673431864767,.1013362399989497,.0210750017255365,.1224112417244862,.1224112417244862,0,0,.0366221742782202,1999,.0007205581665039,0,1,1,0,0,0,.1074448168464804,0,.0375020217152195,,,,
Egypt,EGY,1999,.4455828094482422,.7239800262451171,.7239800262451171,EGY,.1352329310911982,.0979059410006098,.0211480623306267,.1190540033312365,.1190540033312365,0,0,.0686415302098406,2000,-.0005264282226563,0,0,1,1,0,0,.1040875784532307,0,.0362754327466826,0,.0095963909148417,0,.0015182087749021
Egypt,EGY,2000,.444984016418457,.7168699645996094,.7168699645996094,EGY,.1348259285456536,.0966526586236322,.0209430878323067,.1175957464559389,.1175957464559389,0,0,.11787235197344,2001,-.0008258056640625,0,0,1,1,0,0,.1026293215779331,0,.0356824655783751,0,.0081381340395441,0,.0013583916762077
Egypt,EGY,2001,.4443439865112305,.7914600372314453,.7914600372314453,EGY,.1482044735479122,.1172979181520974,.0207239974244063,.1380219155765037,.1380219155765037,0,0,.1146026631798435,2002,-.0039931488037109,0,0,1,1,0,0,.1230554906984979,0,.0422929174887841,0,.0285643031601089,0,.0039895350905778
Egypt,EGY,2002,.4442493057250976,.8577600097656251,.8577600097656251,EGY,.1590286959578023,.1364084557977792,.020691586982613,.1571000427803921,.1571000427803921,0,0,.2121038518711209,2003,-.0016782379150391,0,0,1,1,0,0,.1421336179023863,0,.048611341263082,0,.0476424303639973,0,.0079009595937082
Egypt,EGY,2003,.4429884338378906,.9709500122070313,.9709500122070313,EGY,.1805408434357291,.1752961341377889,.0202599744392627,.1955561085770515,.1955561085770515,0,0,.1509005616114223,2004,-.008466796875,0,0,1,1,0,0,.1805896836990457,0,.0602347443850303,0,.0860984961606567,0,.0148906955639098
Egypt,EGY,2004,.4415317153930664,.9651200103759766,.9651200103759766,EGY,.1809731661619993,.1746608240040421,.0197613211190522,.1944221451230943,.1944221451230943,0,0,.1252251674671824,2005,-.001299819946289,0,0,1,1,0,0,.1794557202450885,0,.0596232566817499,0,.0849645327066995,0,.0150421682688211
Egypt,EGY,2005,.4383884048461914,.9826300048828125,.9826300048828125,EGY,.188987798310549,.1857050811766868,.0186853257911828,.2043904069678696,.2043904069678696,0,0,.0029899919671858,2006,-.0085282135009766,0,0,1,1,0,0,.1894239820898638,0,.0613197131719157,0,.0949327945514748,0,.0176419154593315
Egypt,EGY,2006,.4319942855834961,.8592400360107422,.8592400360107422,EGY,.1925474501130628,.1654444779689247,.0164965371398867,.1819410151088114,.1819410151088114,0,0,.0603636246084734,2007,-.0429904365539551,0,0,1,1,0,0,.1669745902308055,0,.0468741587902717,0,.0724834026924166,0,.0127231219105121
Egypt,EGY,2007,.4337474822998047,.7626799774169922,.7626799774169922,EGY,.1711267503135693,.1305149460645963,.0170966787572841,.1476116248218804,.1476116248218804,0,0,.040012083283941,2008,.0133927726745606,0,0,1,1,0,0,.1326451999438746,0,.0390134831075006,0,.0381540124054856,0,.0062364630032327
Egypt,EGY,2008,.4314750671386719,.6676100158691406,.6676100158691406,EGY,.1459607508258284,.097444859175103,.0163188020378523,.1137636612129553,.1137636612129553,0,0,.1406663263569849,2009,.0270204925537109,0,0,1,1,0,0,.0987972363349495,0,.0317277014518082,0,.0043060487965605,0,.0005935587188909
Egypt,EGY,2009,.4307448196411133,.6944999694824219,.6944999694824219,EGY,.144988027920926,.1006941809663996,.0160688289970586,.1167630099634582,.1167630099634582,0,0,.1111677856326263,2010,.0122603225708008,0,0,1,1,0,0,.1017965850854524,0,.0339389699731244,0,.0073053975470634,0,.0008320567984722
Egypt,EGY,2010,.4274607849121094,.6958999633789063,.6958999633789063,EGY,.1456881199453452,.1013843573347074,.0149446619851539,.1163290193198614,.1163290193198614,0,0,.1316958523492245,2011,.0026761245727539,0,0,1,1,0,0,.1013625944418556,0,.0340655364712973,0,.0068714069034665,0,.0012322609722213
Egypt,EGY,2011,.4251920318603515,.7283000183105469,.7283000183105469,EGY,.1569908780601973,.1143364593658305,.0141680388525119,.1285044982183424,.1285044982183424,0,0,.1289802582948032,2012,-.0118777465820312,0,0,1,1,0,0,.1135380733403366,0,.0368088463969729,0,.0190468858019476,0,.0044043878091399
Egypt,EGY,2012,.4205450439453125,.6986199951171875,.6986199951171875,EGY,.1545479426706389,.1079702829539331,.0125773155654926,.1205475985194258,.1205475985194258,0,0,.1849511197782958,2013,.0007102966308594,0,0,1,1,0,0,.10558117364142,0,.0343042272711225,0,.011089986103031,0,.0026943267273965
Egypt,EGY,2013,.4195640182495117,.7981199645996093,.7981199645996093,EGY,.1729429924546605,.1380292550156641,.0122414979459924,.1502707529616566,.1502707529616566,0,0,.1276880400138818,2014,-.0064225769042969,0,0,1,1,0,0,.1353043280836508,0,.0430925321777277,0,.0408131405452618,0,.0131963868212357
Egypt,EGY,2014,.4251250457763672,.808740005493164,.808740005493164,EGY,.1676704408438073,.135601793249062,.014145108660816,.149746901909878,.149746901909878,0,0,.153829174739351,2015,.0091762924194336,0,0,1,1,0,0,.1347804770318722,0,.0441624780292875,0,.0402892894934832,0,.0116369250798357
Egypt,EGY,2015,.4240207290649414,.8375399780273437,.8375399780273437,EGY,.1724260245631511,.1444136888239638,.0137670869527276,.1581807757766914,.1581807757766914,0,0,.1804086216974288,2016,.0003737640380859,0,0,1,1,0,0,.1432143508986856,0,.0469794687203918,0,.0487231633602966,0,.0150681545996916
Egypt,EGY,2016,.4275117492675781,.9158599853515625,.9158599853515625,EGY,.1835236660556955,.1680819821054343,.0149621077346446,.1830440898400789,.1830440898400789,0,0,.3326031022969628,2017,-.0023065185546875,0,0,1,1,0,0,.1680776649620731,0,.0547478575854801,0,.0735864774236841,0,.0296004036386532
Egypt,EGY,2017,.4203824996948242,.9780000305175781,.9780000305175781,EGY,.1942029234197186,.1899304650310877,.0125216745935017,.2024521396245894,.2024521396245894,0,0,.1445329367141592,2018,.00532470703125,0,0,1,1,0,0,.1874857147465836,0,.0620679388819952,0,.0929945272081946,0,.0338436132529518
Egypt,EGY,2018,.4154796218872071,.8794899749755859,.8794899749755859,EGY,.1800837223216489,.1583818284381774,.0108433569295486,.169225185367726,.169225185367726,0,0,.0810235844584632,2019,.0038545227050781,0,0,1,1,0,0,.1542587604897202,0,.0516626090287699,0,.0597675729513312,0,.0260707765595741
Egypt,EGY,2019,.4130159759521485,.8009200286865235,.8009200286865235,EGY,.1677779039008483,.1343766836052322,.0100000194749396,.1443767030801717,.1443767030801717,0,0,.1470642744259292,2020,.0037737655639648,0,0,1,1,0,0,.1294102782021659,0,.0438289988772851,0,.0349190906637769,0,.0160701626364809
Egypt,EGY,2020,.4116075134277344,.8622200012207031,.8622200012207031,EGY,.1754882134614306,.1513094476249337,.0095178847723232,.1608273323972569,.1608273323972569,0,0,.1113961521444543,2021,.0051724243164062,0,0,1,1,0,0,.145860907519251,0,.0501549939420342,0,.0513697199808621,0,.0243982909465363
Egypt,EGY,2021,.412082748413086,.8990299987792969,.8990299987792969,EGY,.1783820250933889,.1603707918019579,.0096805637746848,.1700513555766427,.1700513555766427,0,0,.1430178698872764,2022,.0055163955688477,0,0,1,1,0,0,.1550849306986369,0,.0541822297248576,0,.0605937431602479,0,.0261634053535419
Egypt,EGY,2022,.4117647552490235,.8853399658203125,.8853399658203125,EGY,.1774310671764198,.1570868149494331,.0095717106551081,.1666585256045411,.1666585256045411,0,0,.3568864311045585,2023,-.0021726608276367,0,0,1,1,0,0,.1516921007265353,0,.0526672966931586,0,.0572009131881463,0,.0184968879462825
Egypt,EGY,2023,.411320686340332,.9593000030517578,.9593000030517578,EGY,.1871874342151953,.1795689062138876,.0094197001986551,.1889886064125426,.1889886064125426,0,0,,,.0037678146362304,1,0,0,1,0,,,,,0,.0795309939961478,0,.0319520313111771
Spain,ESP,1995,.3112337875366211,.6158599853515625,.6158599853515625,ESP,.13028133821051,.0802350630419066,-.024841322976669,.0553937400652376,.0553937400652376,0,0,.0793444826458332,1996,,1,3,0,0,0,,,,,,,,
Spain,ESP,1996,.3121235656738282,.6544200134277344,.6544200134277344,ESP,.1333515806108484,.087267943173961,-.0245367405613468,.0627312026126142,.0627312026126142,0,0,.0279192397001008,1997,.0052393341064453,1,1,0,0,0,,,,,,,,
Spain,ESP,1997,.3114181518554687,.6428600311279297,.6428600311279297,ESP,.1302116133251831,.0837078417954452,-.0247782127167225,.0589296290787226,.0589296290787226,0,0,.0246448796228922,1998,.0039606475830078,1,1,0,0,0,,,,,,,,
Spain,ESP,1998,.3120497894287109,.6235499954223633,.6235499954223633,ESP,.124879070245247,.0778683436797728,-.024561995111882,.0533063485678908,.0533063485678908,0,0,.0284506220914564,1999,.0047298049926758,1,1,0,0,0,,,,,,,,
Spain,ESP,1999,.3115881729125977,.6085300064086914,.6085300064086914,ESP,.1183864405341714,.0720417014169615,-.0247200123383692,.0473216890785923,.0473216890785923,0,0,.0207210089367333,2000,.0100862121582031,1,1,0,0,0,,,,,,,,
Spain,ESP,2000,.3110647392272949,.5784099960327148,.5784099960327148,ESP,.1085076719969378,.0627619221292679,-.0248991903710313,.0378627317582366,.0378627317582366,0,0,.0066803521659753,2001,.0126498413085937,0,0,1,1,0,0,.0228963068802308,0,.0117695178645647,.0715948806581582,0,.0052938948440332,0
Spain,ESP,2001,.3102242660522461,.5405199813842774,.5405199813842774,ESP,.1035165334317422,.0559527547234902,-.025186895068377,.0307658596551132,.0307658596551132,0,0,.007506859682828,2002,-.0007165145874023,0,0,1,1,0,0,.0157994347771074,0,.0081101521133893,.0786917527612816,0,.0051618142110772,0
Spain,ESP,2002,.3115459442138672,.5123699951171875,.5123699951171875,ESP,.0972971522352611,.049852141415697,-.0247344677610385,.0251176736546585,.0251176736546585,0,0,-.0018272838239223,2003,.0029135513305664,0,0,1,1,0,0,.0101512487766527,0,.005240406374255,.0843399387617363,0,.0049818922716058,0
Spain,ESP,2003,.309179859161377,.476870002746582,.476870002746582,ESP,.0937151552111856,.0446899463229545,-.0255444088800769,.0191455374428776,.0191455374428776,0,0,.0088615390370947,2004,-.0013315963745116,0,0,1,1,0,0,.0041791125648718,0,.0021518295935713,.0903120749735172,0,.0047866826882001,0
Spain,ESP,2004,.3095322227478027,.4533300018310547,.4533300018310547,ESP,.0901374880139168,.0408620276063956,-.0254237903261505,.015438237280245,.015438237280245,0,0,.0041752988228759,2005,-.000372428894043,0,0,1,1,0,0,.0004718124022392,0,.0002427610012111,.0940193751361498,0,.0042546112855772,0
Spain,ESP,2005,.312232666015625,.4239500045776367,.4239500045776367,ESP,.0803601150148901,.0340686711284221,-.0244993941215688,.0095692770068532,.0095692770068532,0,0,-.0014513343799574,2006,.0089614868164062,0,0,1,1,0,.0053971478711526,0,.0028253537099025,0,.0998883354095416,0,.0037382605286879,0
Spain,ESP,2006,.3112380599975586,.3901900100708008,.3901900100708008,ESP,.0721662602434013,.0281585538111448,-.0248398604587477,.0033186933523971,.0033186933523971,0,0,-.0074330144428417,2007,.0081292343139648,0,0,1,1,0,.0116477315256087,0,.0061921597786941,0,.1061389190639977,0,.003282701077716,0
Spain,ESP,2007,.3104860877990723,.3569800186157226,.3569800186157226,ESP,.0664522361405628,.0237221204945145,-.0250972701420077,-.0013751496474932,-.0013751496474932,0,0,.05193214372459,2008,.0024226760864259,0,0,1,1,0,.016341574525499,0,.0087270880124885,0,.110832762063888,0,.0028905853332313,0
Spain,ESP,2008,.3128080368041992,.3960900115966797,.3960900115966797,ESP,.0702144203076947,.0278112305539289,-.024302437355425,.003508793198504,.003508793198504,0,0,.1158848092783058,2009,.0022117233276366,0,0,1,1,0,.0114576316795018,0,.0061441982584551,0,.1059488192178908,0,.0029789552312507,0
Spain,ESP,2009,.3133440208435059,.5307899856567383,.5307899856567383,ESP,.0941886233729285,.0499943780491446,-.0241189631763688,.0258754148727758,.0258754148727758,0,0,.07420203610175,2010,-.0087387084960937,0,0,1,1,0,0,.01090898999477,0,.0057546565994937,.083582197543619,0,.0031527775463088,0
Spain,ESP,2010,.3096382522583008,.6026599884033204,.6026599884033204,ESP,.1104246143608515,.0665484968101519,-.0253874950711286,.0411610017390234,.0411610017390234,0,0,.0871656211057787,2011,-.007865982055664,0,0,1,1,0,0,.0261945768610176,0,.0136119879239462,.0682966106773714,0,.0028553192708632,0
Spain,ESP,2011,.3086521530151367,.6952799987792969,.6952799987792969,ESP,.1221486342547947,.0849275022755664,-.0257250494306604,.059202452844906,.059202452844906,0,0,.1728938874945915,2012,.0063319396972655,0,0,1,1,0,0,.0442360279669002,0,.0232673113627383,.0502551595714888,0,.00271330993819,0
Spain,ESP,2012,.3072739028930664,.8955999755859375,.8955999755859375,ESP,.1521353953569051,.1362524563674011,-.0261968420422613,.1100556143251398,.1100556143251398,0,0,.0944454073984958,2013,.0023414611816407,0,0,1,1,0,0,.095089189447134,0,.05023775704387,0,.000598001908745,0,.0000401657266249
Spain,ESP,2013,.3041412353515625,1,1,ESP,.1702950525733456,.1702950525733456,-.027269194133523,.1430258584398227,.1430258584398227,0,0,.0577105287807001,2014,-.0017323303222656,0,0,1,1,0,0,.1280594335618168,0,.0674348371676843,0,.0335682460234279,0,.0025754955493728
Spain,ESP,2014,.3035416030883789,1.044179992675781,1.044179992675781,ESP,.1745912191540355,.1823046579375165,-.0274744559121489,.1548302020253676,.1548302020253676,0,0,.0277348206512225,2015,.0061045455932617,0,0,1,1,0,0,.1398637771473618,0,.0745046931088693,0,.0453725896089728,0,.0034719347659549
Spain,ESP,2015,.3040961074829102,1.024420013427734,1.024420013427734,ESP,.1695800281546823,.1737211747192952,-.0272846419790675,.1464365327402277,.1464365327402277,0,0,.0288737833247358,2016,.0039366912841797,0,0,1,1,0,0,.1314701078622219,0,.0705509871768406,0,.0369789203238329,0,.002492982543823
Spain,ESP,2016,.3044668769836426,1.019670028686523,1.019670028686523,ESP,.1687874646879935,.1721075189603319,-.0271577228457031,.1449497961146287,.1449497961146287,0,0,.0341612327658944,2017,-.0002602386474609,0,0,1,1,0,0,.1299833712366229,0,.0697193309330551,0,.0354921836982339,0,.0022303267642857
Spain,ESP,2017,.3038949775695801,1.011439971923828,1.011439971923828,ESP,.1660286636522531,.1679280269029855,-.0273534913160359,.1405745355869497,.1405745355869497,0,0,.0217508132897826,2018,.0040850830078124,0,0,1,1,0,0,.1256081107089439,0,.0678856869500385,0,.0311169231705549,0,.0018284297894403
Spain,ESP,2018,.302901496887207,.9971800231933594,.9971800231933594,ESP,.1666740712989868,.1662040542836553,-.0276935724364408,.1385104818472145,.1385104818472145,0,0,.0119560385118667,2019,-.0052051925659179,0,0,1,1,0,0,.1235440569692087,0,.0661270856243593,0,.0290528694308197,0,.001623952929705
Spain,ESP,2019,.3032713890075683,.9757900238037109,.9757900238037109,ESP,.1641392471196827,.1601654398540384,-.0275669536415781,.1325984862124603,.1325984862124603,0,0,.0976549872682562,2020,-.0020172500610351,0,0,1,1,0,0,.1176320613344545,0,.0627253904985727,0,.0231408737960655,0,.0012108769147454
Spain,ESP,2020,.299874210357666,1.191790008544922,1.191790008544922,ESP,.2010267430778458,.2395816638505036,-.0287298512620077,.2108518125884959,.2108518125884959,0,0,.0729242169170796,2021,-.0055862808227539,0,0,1,1,0,0,.19588538771049,0,.1033584379216062,0,.1013942001721011,0,.0049611090744007
Spain,ESP,2021,.3003033447265625,1.155940017700195,1.155940017700195,ESP,.19404877386235,.2243087430931461,-.0285829530891817,.1957257900039643,.1957257900039643,0,0,.0604390691317847,2022,.0030199813842773,0,0,1,1,0,0,.1807593651259585,0,.0959231196206923,0,.0862681775875695,0,.0038971126141428
Spain,ESP,2022,.3059868240356445,1.092259979248047,1.092259979248047,ESP,.1831741422949209,.2000737848618291,-.0266374255660758,.1734363592957534,.1734363592957534,0,0,.0515676861203062,2023,-.0037452697753906,0,0,1,1,0,0,.1584699344177475,0,.0835013305898905,0,.0639787468793585,0,.0032173397391711
Spain,ESP,2023,.3047359466552734,1.050739974975586,1.050739974975586,ESP,.1783878916774449,.187439288837106,-.0270656168621458,.1603736719749602,.1603736719749602,0,0,,,-.0019520950317383,1,0,0,1,0,,,,,0,.0509160595585654,0,.002176965320837
Finland,FIN,1995,.2914358520507813,.5520399856567383,.5520399856567383,FIN,.0464913665126364,.025665093302798,-.0316184090349972,-.0059533157321992,-.0059533157321992,0,0,.0214008409273526,1996,,1,3,0,0,0,,,,,,,,
Finland,FIN,1996,.2903268814086914,.5536299896240234,.5536299896240234,FIN,.0469262867554858,.0259797996495335,-.0319980238429643,-.0060182241934308,-.0060182241934308,0,0,.01372860117389,1997,.0008370971679688,1,1,0,0,0,,,,,,,,
Finland,FIN,1997,.2893052673339844,.5223500061035157,.5223500061035157,FIN,.0409560093354757,.0213933717263614,-.0323477353827176,-.0109543636563562,-.0109543636563562,0,0,-.0130367289456531,1998,.0039749908447266,1,1,0,0,0,,,,,,,,
Finland,FIN,1998,.2863220977783203,.4684299850463867,.4684299850463867,FIN,.0316004154623038,.0148025821424666,-.0333689124049268,-.0185663302624602,-.0185663302624602,0,0,-.0046250801070273,1999,.0061399841308594,1,1,0,0,0,,,,,,,,
Finland,FIN,1999,.2837487411499023,.4402099990844727,.4402099990844727,FIN,.0261478671069831,.011510552555226,-.0342498052304454,-.0227392526752195,-.0227392526752195,0,0,.0160377643242952,2000,.0056382751464844,1,1,0,0,0,,,,,,,,
Finland,FIN,2000,.2847705841064453,.424469985961914,.424469985961914,FIN,.0213360989847614,.0090565336365437,-.0339000153415178,-.0248434817049741,-.0248434817049741,0,0,.0091651634731987,2001,.0043247985839844,0,0,1,1,0,.0398099065829799,0,.0274271917412034,0,.134301094121369,0,.0022275889945911,0
Finland,FIN,2001,.2827119827270508,.4089699935913086,.4089699935913086,FIN,.0186684204765262,.0076348238026448,-.0346047008739022,-.0269698770712574,-.0269698770712574,0,0,.0029388992164272,2002,.0030989074707031,0,0,1,1,0,.0419363019492632,0,.0290221369128435,0,.1364274894876522,0,.0012382847505448,0
Finland,FIN,2002,.2801124000549317,.4012900161743164,.4012900161743164,FIN,.016709965675429,.0067055423961652,-.0354945712089828,-.0287890288128177,-.0287890288128177,0,0,.0351050825212239,2003,.004796142578125,0,0,1,1,0,.0437554536908235,0,.0304909434386115,0,.1382466412292125,0,-.0000215040177458,0
Finland,FIN,2003,.2804440498352051,.426969985961914,.426969985961914,FIN,.0191141652862643,.00816117488395,-.035381043255336,-.0272198683713861,-.0272198683713861,0,0,.0185150877591052,2004,.0029756164550782,0,0,1,1,0,.0421862932493919,0,.0295230058080078,0,.1366774807877809,0,-.0002024851582313,0
Finland,FIN,2004,.2869620323181152,.4257699966430664,.4257699966430664,FIN,.0150366834548138,.0064021686640789,-.0331498546425157,-.0267476859784368,-.0267476859784368,0,0,-.0121896522721265,2005,.0013166809082031,0,0,1,1,0,.0417141108564426,0,.0292474851269986,0,.1362052983948316,0,-.0001974852354367,0
Finland,FIN,2005,.2851665878295899,.3986999893188476,.3986999893188476,FIN,.0066713399968915,.0026598631855031,-.0337644582116803,-.0311045950261772,-.0311045950261772,0,0,.0002671997750833,2006,.0117327880859375,0,0,1,1,0,.046071019904183,0,.032842835431928,0,.140562207442572,0,-.0001194402805879,0
Finland,FIN,2006,.2836599731445312,.3800500106811524,.3800500106811524,FIN,-.011158666373327,-.0042408512743703,-.0342801916519012,-.0385210429262715,-.0385210429262715,0,0,-.0131377234186906,2007,.0357192993164063,0,0,1,1,0,.0534874678042773,0,.0400403636977585,0,.1479786553426664,0,-.0005584955845693,0
Finland,FIN,2007,.283147029876709,.3390599822998047,.3390599822998047,FIN,-.0175198032881237,-.0059402641927673,-.0344557786807385,-.0403960428735058,-.0403960428735058,0,0,-.0009141373277106,2008,.0009461975097655,0,0,1,1,0,.0553624677515116,0,.0414963600533736,0,.1498536552899006,0,-.0009778850957627,0
Finland,FIN,2008,.282382583618164,.325629997253418,.325629997253418,FIN,-.0206746649005469,-.0067322910747804,-.0347174583940011,-.0414497494687815,-.0414497494687815,0,0,.0629488361278545,2009,.0034214019775392,0,0,1,1,0,.0564161743467873,0,.0424791772480054,0,.1509073618851763,0,-.0015393682167741,0
Finland,FIN,2009,.2817369270324707,.4153400039672852,.4153400039672852,FIN,-.0052588422159409,-.0021842075468322,-.0349384748857711,-.0371226824326034,-.0371226824326034,0,0,.1034693415761384,2010,-.0034177398681641,0,0,1,1,0,.0520891073106092,0,.0390430376450152,0,.1465802948489982,0,-.0010452168397454,0
Finland,FIN,2010,.2827755928039551,.5011299896240234,.5011299896240234,FIN,.0027053069606992,.001355710449145,-.0345829263325281,-.0332272158833831,-.0332272158833831,0,0,.0454059810864236,2011,.0101737213134765,0,0,1,1,0,.0481936407613889,0,.0366135257427528,0,.1426848282997779,0,.0001775135406603,0
Finland,FIN,2011,.2847877883911133,.5202399826049805,.5202399826049805,FIN,.0044902394203935,.0023360020779577,-.0338941260952451,-.0315581240172874,-.0315581240172874,0,0,.0662872047578117,2012,.0001908874511719,0,0,1,1,0,.0465245488952932,0,.0353543693144248,0,.1410157364336822,0,.0000587354195384,0
Finland,FIN,2012,.2826542854309082,.5785599899291992,.5785599899291992,FIN,.010580012572941,.0061211719676516,-.0346244513949386,-.028503279427287,-.028503279427287,0,0,.039021249891391,2013,.0086557006835938,0,0,1,1,0,.0434697043052928,0,.0334092297191999,0,.1379608918436818,0,.0005565640518653,0
Finland,FIN,2013,.2867770767211914,.6081200027465821,.6081200027465821,FIN,.0106584229665719,.006481600203706,-.033213167304496,-.02673156710079,-.02673156710079,0,0,.0475191204449124,2014,.0052067565917968,0,0,1,1,0,.0416979919787958,0,.0322646675205423,0,.1361891795171848,0,.0002519942663581,0
Finland,FIN,2014,.2889871788024903,.6481300354003906,.6481300354003906,FIN,.0109029977077372,.0070665602902861,-.0324566211477836,-.0253900608574975,-.0253900608574975,0,0,.0540040544327875,2015,.0106147766113281,0,0,1,1,0,.0403564857355033,0,.0316550249209135,0,.1348476732738923,0,.0003801307129393,0
Finland,FIN,2015,.2872214317321777,.6876399993896485,.6876399993896485,FIN,.0257043882486193,.0176753655195919,-.033061058911575,-.0153856933919832,-.0153856933919832,0,0,.0168940532958533,2016,-.0179428100585938,0,0,1,1,0,.030352118269989,0,.0232631461451646,0,.124843305808378,0,.0003301617939129,0
Finland,FIN,2016,.2849318885803223,.6864900207519531,.6864900207519531,FIN,.0355601480079273,.0244116867439046,-.033844798760888,-.0094331120169835,-.0094331120169835,0,0,.0070601530186715,2017,-.0200764465332031,0,0,1,1,0,.0243995368949893,0,.0182109802209508,0,.1188907244333783,0,.0006322790514647,0
Finland,FIN,2017,.2844753456115723,.6658100128173828,.6658100128173828,FIN,.0323747160623635,.0215554101164414,-.0340010792473436,-.0124456691309022,-.0124456691309022,0,0,.0078903558605089,2018,.0006510925292968,0,0,1,1,0,.027412094008908,0,.0204772976737534,0,.121903281547297,0,.0005766011289715,0
Finland,FIN,2018,.2844987106323242,.6527799987792968,.6527799987792968,FIN,.0321576916243234,.0209918978992708,-.0339930811024611,-.0130011832031902,-.0130011832031902,0,0,.0191241999178057,2019,-.0040015411376954,0,0,1,1,0,.027967608081196,0,.0207803625434238,0,.1224587956195851,0,.0004492252241963,0
Finland,FIN,2019,.2845317840576172,.653280029296875,.653280029296875,FIN,.0334164852101587,.0218303224370911,-.0339817596467661,-.0121514372096751,-.0121514372096751,0,0,.0931627488978036,2020,-.0027172851562499,0,0,1,1,0,.0271178620876809,0,.0200753012492644,0,.1216090496260699,0,.0003271654480925,0
Finland,FIN,2020,.283522834777832,.7531700134277344,.7531700134277344,FIN,.0466686017143353,.0351493913798395,-.0343271358655382,.0008222555143013,.0008222555143013,0,0,.0163756987702831,2021,.0053896331787109,0,0,1,1,0,.0141441693637045,0,.010547133313918,0,.1086353569020935,0,.0001514780336439,0
Finland,FIN,2021,.2810344314575196,.731259994506836,.731259994506836,FIN,.0428888856460196,.0313629262819126,-.0351789480891738,-.0038160218072612,-.0038160218072612,0,0,.0600287750756027,2022,.0039150238037109,0,0,1,1,0,.018782446685267,0,.0140793734508483,0,.113273634223656,0,-.0001036414584213,0
Finland,FIN,2022,.2824525260925293,.7396399688720703,.7396399688720703,FIN,.0439892154461855,.0325361819433234,-.0346935161921364,-.002157334248813,-.002157334248813,0,0,.0506397298752671,2023,-.0012524414062499,0,0,1,1,0,.0171237591268188,0,.0128145702115387,0,.1116149466652078,0,-.0001085127620282,0
Finland,FIN,2023,.2802004051208496,.7703900146484375,.7703900146484375,FIN,.0510055118515374,.0392941370224569,-.0354644459514417,.0038296910710153,.0038296910710153,0,0,,,-.0027555847167969,1,0,0,1,0,,,,,.1056279213453795,0,-.0002150105719859,0
France,FRA,1995,.3090703010559082,.5780199813842773,.5780199813842773,FRA,.0793675328901086,.0458760198836566,-.0255819120182036,.020294107865453,.020294107865453,0,0,.0444883102129579,1996,,1,3,0,0,0,,,,,,,,
France,FRA,1996,.3080360031127929,.6059500122070313,.6059500122070313,FRA,.0833372109806662,.0504981840110346,-.0259359654080359,.0245622186029987,.0245622186029987,0,0,.0351250698590563,1997,.0017746734619141,1,1,0,0,0,,,,,,,,
France,FRA,1997,.30749755859375,.6198500061035156,.6198500061035156,FRA,.0865175078310334,.053627877757127,-.0261202818407165,.0275075959164105,.0275075959164105,0,0,.0284568774841533,1998,-.0018175888061523,1,1,0,0,0,,,,,,,,
France,FRA,1998,.3079995346069336,.6210300064086914,.6210300064086914,FRA,.0873071249779086,.054220344384555,-.0259484490431505,.0282718953414044,.0282718953414044,0,0,.0154495809561614,1999,-.0019617080688477,1,1,0,0,0,,,,,,,,
France,FRA,1999,.307469482421875,.6141999816894531,.6141999816894531,FRA,.0850844476986592,.0522588662185737,-.0261298926727712,.0261289735458025,.0261289735458025,0,0,.0165573662627487,2000,.0033026885986328,1,1,0,0,0,,,,,,,,
France,FRA,2000,.3079886627197266,.5972100067138671,.5972100067138671,FRA,.0810321126615904,.0483931885466672,-.0259521706289326,.0224410179177346,.0224410179177346,0,0,.0187985702322026,2001,.0027554321289063,0,0,1,1,0,0,.0074745930397288,0,.0043819137335296,.0870165944986602,0,.00438424134343,0
France,FRA,2001,.3072967147827149,.5932400131225586,.5932400131225586,FRA,.0800340886215277,.0474794237840871,-.0261890332412168,.0212903905428703,.0212903905428703,0,0,.0386256414576848,2002,.0016961288452149,0,0,1,1,0,0,.0063239656648645,0,.0037180949226533,.0881672218735245,0,.004486829278751,0
France,FRA,2002,.3083748245239258,.6125500106811523,.6125500106811523,FRA,.0826963935448194,.0506556767491719,-.0258199825135925,.0248356942355794,.0248356942355794,0,0,.0593032123999366,2003,-.0006517791748047,0,0,1,1,0,0,.0098692693575736,0,.0057960784085979,.0846219181808155,0,.0044004263383801,0
France,FRA,2003,.3086125946044922,.6536299896240234,.6536299896240234,FRA,.0886649117193936,.0579540453271622,-.0257385907796288,.0322154545475333,.0322154545475333,0,0,.0455522608447803,2004,.0002906036376954,0,0,1,1,0,0,.0172490296695275,0,.0101351169793841,.0772421578688615,0,.0038893068012475,0
France,FRA,2004,.3080319023132324,.6687699890136719,.6687699890136719,FRA,.0884305691741889,.0591397107750951,-.0259373691640765,.0332023416110186,.0332023416110186,0,0,.0396200889890595,2005,.0063886642456055,0,0,1,1,0,0,.0182359167330128,0,.0108314913460269,.0762552708053763,0,.0038002923256021,0
France,FRA,2005,.3075947189331055,.6818800354003907,.6818800354003907,FRA,.08967616877716,.0611483891403412,-.0260870226162009,.0350613665241404,.0350613665241404,0,0,.0032916520519967,2006,.0021762466430664,0,0,1,1,0,0,.0200949416461346,0,.0119794181246281,.0743962458922545,0,.0035749949066534,0
France,FRA,2006,.3074287796020508,.654000015258789,.654000015258789,FRA,.0772489171392097,.0505207929877681,-.0261438257676115,.0243769672201566,.0243769672201566,0,0,.0333690546945486,2007,.0187770843505859,0,0,1,1,0,0,.0094105423421508,0,.0057867124434321,.0850806451962382,0,.0039532893124022,0
France,FRA,2007,.3066418838500977,.6547899627685547,.6547899627685547,FRA,.0696475261382526,.0456045010469884,-.0264131902290591,.0191913108179292,.0191913108179292,0,0,.0621814819200911,2008,.0183905410766602,0,0,1,1,0,0,.0042248859399234,0,.0026756566056004,.0902663015984656,0,.0044009298431232,0
France,FRA,2008,.3058962631225586,.6981900024414063,.6981900024414063,FRA,.0750175156415449,.0523764794289185,-.0266684257227307,.0257080537061878,.0257080537061878,0,0,.1194974506320666,2009,.0035736083984376,0,0,1,1,0,0,.010741628828182,0,.0068411523047058,.083749558710207,0,.0043458070410912,0
France,FRA,2009,.3066732597351074,.8405699920654297,.8405699920654297,FRA,.0942450917067298,.0792195959881316,-.0264024498630741,.0528171461250575,.0528171461250575,0,0,.0490743045279281,2010,.0043650436401367,0,0,1,1,0,0,.0378507212470517,0,.0242716710395611,.0566404662913373,0,.0025079285581464,0
France,FRA,2010,.305052661895752,.8627899932861328,.8627899932861328,FRA,.0919037451427568,.0792936316546896,-.0269572011921259,.0523364304625637,.0523364304625637,0,0,.0540560986203026,2011,.0147842407226563,0,0,1,1,0,0,.0373700055845579,0,.024515900599681,.0571211819538311,0,.0025906143869591,0
France,FRA,2011,.3053451919555664,.8874800109863281,.8874800109863281,FRA,.0966512695209263,.0857760697362742,-.0268570644181967,.0589190053180775,.0589190053180775,0,0,.0415587821270983,2012,-.0026251983642578,0,0,1,1,0,0,.0439525804400717,0,.0287188927751601,.0505386070983173,0,.0024287539959223,0
France,FRA,2012,.3046600151062012,.9173999786376953,.9173999786376953,FRA,.1018776954512403,.0934625956306255,-.0270916092007395,.066370986429886,.066370986429886,0,0,.0427144097051729,2013,-.000791244506836,0,0,1,1,0,0,.0514045615518802,0,.0335473905726681,.0430866259865088,0,.0020129048208891,0
France,FRA,2013,.3045439720153809,.9455999755859374,.9455999755859374,FRA,.1076873693725482,.1018291738495954,-.0271313322321397,.0746978416174557,.0746978416174557,0,0,.0311741145211689,2014,-.00335693359375,0,0,1,1,0,0,.0597314167394499,0,.0387811071983629,.0347597707989391,0,.0014272146232653,0
France,FRA,2014,.303244857788086,.9616300201416016,.9616300201416016,FRA,.106578228464317,.1024888239847973,-.0275760356167059,.0749127883680914,.0749127883680914,0,0,.0296228953862582,2015,.0095020294189453,0,0,1,1,0,0,.0599463634900856,0,.0394902752305228,.0345448240483034,0,.0013498283849659,0
France,FRA,2015,.3037918281555176,.9697899627685547,.9697899627685547,FRA,.1078372292934014,.1045794625815118,-.0273888006772805,.0771906619042313,.0771906619042313,0,0,.0252566751281449,2016,-.0006840515136718,0,0,1,1,0,0,.0622242370262255,0,.0409482829527286,.0322669505121635,0,.0011613170058925,0
France,FRA,2016,.3029037666320801,.9814900207519531,.9814900207519531,FRA,.1156153325860564,.1134752951791324,-.027692795473795,.0857824997053374,.0857824997053374,0,0,.0326191531812341,2017,-.0125809478759766,0,0,1,1,0,0,.0708160748273316,0,.0457114326805623,.0236751127110574,0,.0008098358013735,0
France,FRA,2017,.3026962471008301,.9876200103759766,.9876200103759766,FRA,.1144717166736462,.1130545580089823,-.0277638320585476,.0852907259504347,.0852907259504347,0,0,.0250470744588768,2018,.0049298095703125,0,0,1,1,0,0,.0703243010724289,0,.0457406805204563,.0241668864659601,0,.0007699578933547,0
France,FRA,2018,.3010011100769043,.9852799987792968,.9852799987792968,FRA,.1166165545325327,.1148999587074596,-.0283440991020492,.0865558596054105,.0865558596054105,0,0,.0283183314508207,2019,-.0037071228027343,0,0,1,1,0,0,.0715894347274047,0,.0462981641980287,.0229017528109843,0,.0006042388265485,0
France,FRA,2019,.3032950973510742,.9815799713134765,.9815799713134765,FRA,.1082960810474095,.1063012641278782,-.027558837972934,.0787424261549441,.0787424261549441,0,0,.1136827566269704,2020,.0149322509765625,0,0,1,1,0,0,.0637760012769383,0,.0421973966944957,.0307151862614507,0,.0008549880994729,0
France,FRA,2020,.3023552703857422,1.149089965820312,1.149089965820312,FRA,.1419962050963058,.1631664144607281,-.0278805527410495,.1352858617196785,.1352858617196785,0,0,.0711305103869579,2021,-.0178182220458984,0,0,1,1,0,0,.1203194368416727,0,.0774654872254123,0,.0258282493032837,0,.0006192005119569
France,FRA,2021,.3028849411010742,1.12786003112793,1.12786003112793,FRA,.1348400941062856,.1520807527360083,-.0276992396933861,.1243815130426222,.1243815130426222,0,0,.0505561760489881,2022,.0083187103271484,0,0,1,1,0,0,.1094150881646164,0,.0713551125213244,0,.0149239006262274,0,.0003857974963979
France,FRA,2022,.3056483840942383,1.113639984130859,1.113639984130859,FRA,.131600672460231,.146555770790222,-.0267532778785619,.1198024929116601,.1198024929116601,0,0,.0556141734920022,2023,-.0007203674316406,0,0,1,1,0,0,.1048360680336543,0,.0682933814267214,0,.0103448804952653,0,.0003614571494371
France,FRA,2023,.3041662788391113,1.096460037231445,1.096460037231445,FRA,.1308133225421948,.1434315805049839,-.0272606214280285,.1161709590769555,.1161709590769555,0,0,,,-.0023988342285156,1,0,0,1,0,,,,,0,.0067133466605607,0,.000222062675984
United Kingdom,GBR,1995,.2729748344421387,.4349499893188477,.4349499893188477,GBR,.0631603780147415,.0274716057428862,-.0379378510367941,-.0104662452939079,-.0104662452939079,0,0,.0303490191279719,1996,,1,3,0,0,0,,,,,,,,
United Kingdom,GBR,1996,.2725679779052734,.4354100036621094,.4354100036621094,GBR,.0625850399796324,.027250152486725,-.0380771232233159,-.0108269707365908,-.0108269707365908,0,0,.0251299890370289,1997,.0019290542602538,1,1,0,0,0,,,,,,,,
United Kingdom,GBR,1997,.2723768806457519,.4389599990844726,.4389599990844726,GBR,.0617469777696775,.0271044533052466,-.0381425382548081,-.0110380849495615,-.0110380849495615,0,0,-.00176412123171,1998,.0033346557617188,1,1,0,0,0,,,,,,,,
United Kingdom,GBR,1998,.2729862594604492,.4178900146484375,.4178900146484375,GBR,.0566284649299655,.0236644700391018,-.037933940107174,-.0142694700680722,-.0142694700680722,0,0,.0025009828093722,1999,.0036675262451172,1,1,0,0,0,,,,,,,,
United Kingdom,GBR,1999,.2720487403869629,.4027500152587891,.4027500152587891,GBR,.0529839227361975,.0213392756904741,-.0382548648544481,-.016915589163974,-.016915589163974,0,0,-.0064467774596876,2000,.0041434860229492,1,1,0,0,0,,,,,,,,
United Kingdom,GBR,2000,.2717536926269531,.3754899978637695,.3754899978637695,GBR,.0486018631559189,.0182495134925912,-.0383558634692952,-.020106349976704,-.020106349976704,0,0,-.0128199851362171,2001,.0009196090698242,0,0,1,1,0,.0350727748547098,0,.0219348896708079,0,.1295639623930988,0,.0060924881499565,0
United Kingdom,GBR,2001,.2712710380554199,.3482400131225586,.3482400131225586,GBR,.0456507045526984,.0158974019524857,-.0385210822907257,-.0226236803382399,-.0226236803382399,0,0,.0187016192691115,2002,-.0021012496948243,0,0,1,1,0,.0375901052162457,0,.0234302688888629,0,.1320812927546347,0,.005610713997276,0
United Kingdom,GBR,2002,.2716448402404785,.353390007019043,.353390007019043,GBR,.044637699237823,.0157745168469682,-.038393125030801,-.0226186081838328,-.0226186081838328,0,0,.0338426553204708,2003,.0036287307739258,0,0,1,1,0,.0375850330618386,0,.0235634933330537,0,.1320762206002276,0,.0053406291267103,0
United Kingdom,GBR,2003,.2713936042785645,.3664199829101563,.3664199829101563,GBR,.0482532960053806,.0176809718976503,-.0384791263078562,-.0207981544102059,-.0207981544102059,0,0,.050550422647861,2004,-.0034322738647461,0,0,1,1,0,.0357645792882117,0,.0222994274729026,0,.1302557668266007,0,.0054125565704895,0
United Kingdom,GBR,2004,.2724205780029297,.3966600036621094,.3966600036621094,GBR,.0529768324993481,.0210137905731984,-.0381275800916033,-.017113789518405,-.017113789518405,0,0,.0354618833503266,2005,-.0015143203735352,0,0,1,1,0,.0320802143964108,0,.0199536243714466,0,.1265714019347998,0,.0053304733271007,0
United Kingdom,GBR,2005,.2746999931335449,.4086899948120117,.4086899948120117,GBR,.0552585175833857,.0225836032644734,-.0373473071932557,-.0147637039287824,-.0147637039287824,0,0,.0325110026466202,2006,-.003668441772461,0,0,1,1,0,.0297301288067882,0,.0183828275930593,0,.1242213163451772,0,.0056342053554535,0
United Kingdom,GBR,2006,.2790284729003906,.4188600158691406,.4188600158691406,GBR,.034017832368793,.0142487098058264,-.0358656133114555,-.0216169035056291,-.0216169035056291,0,0,.0323162431201863,2007,.0466018295288086,0,0,1,1,0,.0365833283836349,0,.0243251697371319,0,.1310745159220238,0,.005938268357646,0
United Kingdom,GBR,2007,.2784042358398438,.4297700119018555,.4297700119018555,GBR,.035902744083054,.0154299227518834,-.0360792976263251,-.0206493748744417,-.0206493748744417,0,0,.0922229204381076,2008,.0001898193359374,0,0,1,1,0,.0356157997524475,0,.0236885963265448,0,.1301069872908365,0,.0061283332199007,0
United Kingdom,GBR,2008,.2803370475769043,.5055400085449219,.5055400085449219,GBR,.0475087600290592,.0240175789510492,-.0354176714943491,-.0114000925432998,-.0114000925432998,0,0,.1219685217062966,2009,-.0025374603271484,0,0,1,1,0,.0263665174213056,0,.0174698575597321,0,.1208577049596946,0,.0052433066717493,0
United Kingdom,GBR,2009,.2816205596923828,.644739990234375,.644739990234375,GBR,.0720185392856273,.0464332323157093,-.0349783089118351,.0114549234038742,.0114549234038742,0,0,.1377749332545105,2010,-.0092699432373047,0,0,1,1,0,.0035115014741316,0,.0022940899642589,0,.0980026890125206,0,.0041916020646327,0
United Kingdom,GBR,2010,.2828922271728516,.7551799774169922,.7551799774169922,GBR,.0768266656775582,.0580179596514012,-.0345430008990941,.0234749587523071,.0234749587523071,0,0,.0826277014053007,2011,.0255012512207031,0,0,1,1,0,0,.0085085338743013,0,.0057756665632383,.0859826536640877,0,.0061653282008134,0
United Kingdom,GBR,2011,.2855194854736328,.8106600189208985,.8106600189208985,GBR,.0852200646443556,.0690844992170335,-.0336436568430138,.0354408423740197,.0354408423740197,0,0,.0563048507590063,2012,-.0030165100097657,0,0,1,1,0,0,.0204744174960139,0,.0138364508250728,.0740167700423751,0,.005766897765017,0
United Kingdom,GBR,2012,.2873898696899414,.8408999633789063,.8408999633789063,GBR,.0874440640964775,.0735317102964306,-.0330034004483444,.0405283098480862,.0405283098480862,0,0,.0418165980253303,2013,.0031747436523438,0,0,1,1,0,0,.0255618849700804,0,.0173556738905266,.0689293025683086,0,.0045652801682462,0
United Kingdom,GBR,2013,.2884744071960449,.84947998046875,.84947998046875,GBR,.0849828203320086,.0721912045558139,-.0326321494147401,.0395590551410738,.0395590551410738,0,0,.0572134646117467,2014,.0072655487060547,0,0,1,1,0,0,.024592630263068,0,.0168762609762091,.069898557275321,0,.0026791461677992,0
United Kingdom,GBR,2014,.2871982192993164,.8651100158691406,.8651100158691406,GBR,.076647389620711,.0663084244511015,-.0330690048236747,.0332394196274268,.0332394196274268,0,0,.0329503368403496,2015,.0257027435302735,0,0,1,1,0,0,.018272994749421,0,.0130091880970263,.076218192788968,0,.0039232170203377,0
United Kingdom,GBR,2015,.2842039108276367,.8733999633789062,.8733999633789062,GBR,.0770490509793539,.0672946383037471,-.034093994839036,.0332006434647111,.0332006434647111,0,0,.0338368122134134,2016,.0053798675537109,0,0,1,1,0,0,.0182342185867053,0,.0130796796629681,.0762569689516837,0,.0032281373371322,0
United Kingdom,GBR,2016,.2836849403381347,.872509994506836,.872509994506836,GBR,.0841256075095408,.0734004333460337,-.0342716450627981,.0391287882832356,.0391287882832356,0,0,.0283805232834801,2017,-.0157325744628906,0,0,1,1,0,0,.0241623634052298,0,.016951891058294,.0703288241331592,0,.0031475072415468,0
United Kingdom,GBR,2017,.2846219253540039,.8611699676513672,.8611699676513672,GBR,.0842285374328226,.0725350868563458,-.0339509031302643,.0385841837260816,.0385841837260816,0,0,.0250050027816514,2018,-.0051988983154297,0,0,1,1,0,0,.0236177588480758,0,.0164470197108682,.0708734286903132,0,.0035207651263576,0
United Kingdom,GBR,2018,.2849215507507324,.8558399963378907,.8558399963378907,GBR,.0870214463858884,.0744764343562166,-.0338483375319299,.0406280968242867,.0406280968242867,0,0,.0253669992015475,2019,-.0084965515136719,0,0,1,1,0,0,.0256616719462809,0,.0176523315356529,.0688295155921081,0,.003170667840668,0
United Kingdom,GBR,2019,.284539623260498,.8493699645996093,.8493699645996093,GBR,.0850290315090356,.0722211054827686,-.0339790761875443,.0382420292952243,.0382420292952243,0,0,.1388572525218549,2020,.0027340698242188,0,0,1,1,0,0,.0232756044172185,0,.0160746237354693,.0712155831211705,0,.0028292071938829,0
United Kingdom,GBR,2020,.2837953186035156,1.047870025634766,1.047870025634766,GBR,.1192849311899553,.1249951039038597,-.0342338611734633,.0907612427303964,.0907612427303964,0,0,.0829657814512092,2021,-.0086799621582031,0,0,1,1,0,0,.0757948178523906,0,.0516876050115905,.0186963696859984,0,.0005790274389348,0
United Kingdom,GBR,2021,.2867827415466309,1.034469985961914,1.034469985961914,GBR,.1157281204379869,.119717267124883,-.0332112281624306,.0865060389624524,.0865060389624524,0,0,.0490762523436228,2022,.0000215148925782,0,0,1,1,0,0,.0715396140844466,0,.048787345641108,.0229515734539424,0,.0012941623850346,0
United Kingdom,GBR,2022,.2862685203552246,.9751100158691406,.9751100158691406,GBR,.1053713789511118,.1027486870011719,-.0333872526408248,.0693614343603471,.0693614343603471,0,0,.0791747335092328,2023,.0036994934082031,0,0,1,1,0,0,.0543950094823413,0,.0372965994311412,.0400961780560477,0,.0036925501927611,0
United Kingdom,GBR,2023,.2880555915832519,.9886900329589844,.9886900329589844,GBR,.1084343740643715,.1072079848675903,-.0327755153456221,.0744324695219681,.0744324695219681,0,0,,,-.0043395233154296,1,0,0,1,0,,,,,.0350251428944267,0,.0021667498233209,0
Ghana,GHA,1995,.5046094131469726,.4755599975585937,.4755599975585937,GHA,.0765177825628722,.0363887964887885,.0413536223135472,.0777424188023357,.0777424188023357,0,0,.1439957662332398,1996,,0,2,1,0,0,0,.0627759939243299,0,.0206127293175923,,,,
Ghana,GHA,1996,.5066634750366211,.4287099838256836,.4287099838256836,GHA,.0683765844738307,.0293137244238315,.0420567539206401,.0713704783444715,.0713704783444715,0,0,.1499999956173056,1997,.0000127029418945,0,0,1,1,0,0,.0564040534664658,0,.0185211956461902,.0380871340719233,0,.0118917611891253,0
Ghana,GHA,1997,.5068781280517578,.451510009765625,.451510009765625,GHA,.0716502762771778,.0323508169416183,.0421302323879935,.0744810493296117,.0744810493296117,0,0,.0103270260244202,1998,.0001542282104492,0,0,1,1,0,0,.0595146244516059,0,.0195517814580201,.0349765630867831,0,.0152429616204095,0
Ghana,GHA,1998,.5121039962768554,.3759000015258789,.3759000015258789,GHA,.0574803009434713,.0216068452123588,.0439191137951634,.0655259590075223,.0655259590075223,0,0,.2404856624874668,1999,.0001550674438476,0,0,1,1,0,0,.0505595341295165,0,.0166176897507913,.0439316534088725,0,.0189453562707586,0
Ghana,GHA,1999,.5143188858032226,.516609992980957,.516609992980957,GHA,.0748346026361565,.0386603035425975,.0446772987554395,.0833376022980371,.0833376022980371,0,0,.4639921701661008,2000,.0063789749145508,0,0,1,1,0,0,.0683711774200313,0,.0229080819195836,.0261200101183578,0,.0107617691942189,0
Ghana,GHA,2000,.5150090026855468,.7446299743652344,.7446299743652344,GHA,.1061694207210029,.0790569330298522,.0449135345743289,.1239704676041811,.1239704676041811,0,0,.061673347630653,2001,.006401252746582,0,0,1,1,0,0,.1090040427261753,0,.0372200754048402,0,.0145128551877863,0,.0054790473914458
Ghana,GHA,2001,.5232035446166993,.5776900100708008,.5776900100708008,GHA,.0793180043020278,.0458212187040343,.047718630889332,.0935398495933663,.0935398495933663,0,0,.1168955701709588,2002,-.0058495712280273,0,0,1,1,0,0,.0785734247153605,0,.0263697399716719,.0159177628230285,0,.003857092759968,0
Ghana,GHA,2002,.5331479263305664,.5406100082397461,.5406100082397461,GHA,.0711741886830447,.038477478730398,.0511227197005086,.0896001984309066,.0896001984309066,0,0,.1247099879368258,2003,-.0057185745239258,0,0,1,1,0,0,.0746337735529008,0,.0246207692439465,.0198574139854882,0,.0045911501776299,0
Ghana,GHA,2003,.5219350051879883,.4929899978637695,.4929899978637695,GHA,.0667043625347426,.0328845835435068,.0472843936486407,.0801689771921475,.0801689771921475,0,0,-.0320501192224595,2004,.0067121124267578,0,0,1,1,0,0,.0652025523141417,0,.021947171547609,.0292886352242473,0,.0072657789876915,0
Ghana,GHA,2004,.5253165435791015,.3836399841308594,.3836399841308594,GHA,.0497228739078881,.0190756825569629,.0484419374088224,.0675176199657853,.0675176199657853,0,0,.0036283777751005,2005,-.0029188919067383,0,0,1,1,0,0,.0525511950877795,0,.0175353349143217,.0419399924506095,0,.0063471715858279,0
Ghana,GHA,2005,.5179378128051758,.3169499969482422,.3169499969482422,GHA,.0461431578538219,.0146250737409511,.0459161036676278,.0605411774085789,.0605411774085789,0,0,-.1120404826004587,2006,-.0062550735473633,0,0,1,1,0,0,.0455747525305731,0,.0149223552113381,.0489164350078159,0,.0065793513834286,0
Ghana,GHA,2006,.5105153274536133,.1729100036621094,.1729100036621094,GHA,.0283739419204204,.0049061384013684,.0433752921759347,.0482814305773031,.0482814305773031,0,0,.080468686469955,2007,-.0005840682983398,0,0,1,1,0,0,.0333150056992973,0,.0108887381048725,.0611761818390917,0,.0075431614449898,0
Ghana,GHA,2007,.5082904434204102,.2106100082397461,.2106100082397461,GHA,.0325729691719212,.0068601933056913,.0426136859683783,.0494738792740696,.0494738792740696,0,0,.0850445922740297,2008,.0059749984741211,0,0,1,1,0,0,.0345074543960638,0,.0114846622306508,.0599837331423252,0,.0065145958926744,0
Ghana,GHA,2008,.5058639526367188,.2318600082397461,.2318600082397461,GHA,.0333553175295312,.0077337641972365,.0417830671964069,.0495168313936434,.0495168313936434,0,0,.0731623212702657,2009,.0083060455322266,0,0,1,1,0,0,.0345504065156376,0,.0117859346694105,.0599407810227514,0,.0084601266283175,0
Ghana,GHA,2009,.5057787704467773,.2538999938964844,.2538999938964844,GHA,.0331579728804951,.0084188091119775,.0417539082453495,.050172717357327,.050172717357327,0,0,.1558274985051468,2010,.0080992889404297,0,0,1,1,0,0,.0352062924793212,0,.0122948183229758,.0592848950590678,0,.0101723866782751,0
Ghana,GHA,2010,.5009514999389648,.3292399978637695,.3292399978637695,GHA,.0480197645651862,.0158100271828606,.0401014719253264,.055911499108187,.055911499108187,0,0,.0624470792438866,2011,-.0022732543945312,0,0,1,1,0,0,.0409450742301812,0,.0142058496451494,.0535461133082078,0,.0100172833971071,0
Ghana,GHA,2011,.4877137756347656,.3122100067138672,.3122100067138672,GHA,.0500040748821917,.0156117725546898,.0355700299024879,.0511818024571777,.0511818024571777,0,0,.1305105029339937,2012,.0049129486083984,0,0,1,1,0,0,.0362153775791719,0,.0127428107472568,.0582758099592171,0,.0082058720119211,0
Ghana,GHA,2012,.4860514831542969,.354729995727539,.354729995727539,GHA,.0581336680409149,.0206217558157799,.0350010059655069,.0556227617812868,.0556227617812868,0,0,.1704685169098662,2013,-.0019216918945312,0,0,1,1,0,0,.040656336903281,0,.0142272860795904,.053834850635108,0,.0102748469263401,0
Ghana,GHA,2013,.4842652130126953,.4293000030517578,.4293000030517578,GHA,.0676704582626337,.0290509279386625,.0343895428924146,.0634404708310771,.0634404708310771,0,0,.2095149237722471,2014,.0060197067260742,0,0,1,1,0,0,.0484740459530713,0,.0172548161754892,.0460171415853177,0,.0130569206826369,0
Ghana,GHA,2014,.4780231857299805,.5011100006103516,.5011100006103516,GHA,.0866040960793228,.0433981786391684,.0322528172674802,.0756509959066486,.0756509959066486,0,0,.1222177668862442,2015,-.0110749053955078,0,0,1,1,0,0,.0606845710286428,0,.0209291974828766,.0338066165097462,0,.0114676241172329,0
Ghana,GHA,2015,.4848801422119141,.5389599990844727,.5389599990844727,GHA,.087640235995193,.0472345815117322,.0346000410075269,.0818346225192591,.0818346225192591,0,0,.1304127443339402,2016,.0027309036254883,0,0,1,1,0,0,.0668681976412533,0,.0232444480693902,.0276229898971357,0,.0093456272134045,0
Ghana,GHA,2016,.4736377716064453,.5594200134277344,.5594200134277344,GHA,.0980003033309126,.0548233310053012,.0307516340285581,.0855749650338592,.0855749650338592,0,0,.1225301357521149,2017,-.0035021209716797,0,0,1,1,0,0,.0706085401558534,0,.0242973709141294,.0238826473825356,0,.0095385240501997,0
Ghana,GHA,2017,.474821662902832,.5698400115966797,.5698400115966797,GHA,.0962281738452965,.0548346636999311,.0311568951329321,.0859915588328632,.0859915588328632,0,0,.1579083571535988,2018,.0062212753295898,0,0,1,1,0,0,.0710251339548574,0,.0248825934903221,.0234660535835316,0,.0088997280128843,0
Ghana,GHA,2018,.4663587570190429,.6197600173950195,.6197600173950195,GHA,.1084339274597589,.0672030127686705,.0282599344109926,.0954629471796631,.0954629471796631,0,0,.1073019890960829,2019,-.0007848358154297,0,0,1,1,0,0,.0804965223016573,0,.0281375761979728,.0139946652367317,0,.0053978288234653,0
Ghana,GHA,2019,.4502885055541992,.6292699813842774,.6292699813842774,GHA,.1198152441944277,.0753961364837801,.0227588821808691,.0981550186646493,.0981550186646493,0,0,.2401358219821669,2020,-.0040085220336915,0,0,1,1,0,0,.0831885937866435,0,.0287451270371694,.0113025937517455,0,.0041855305530694,0
Ghana,GHA,2020,.4501189422607422,.7908899688720703,.7908899688720703,GHA,.1434964929794907,.1134899368658007,.0227008385008645,.1361907753666652,.1361907753666652,0,0,.2324737526846079,2021,.001964111328125,0,0,1,1,0,0,.1212243504886594,0,.0421261646947906,0,.0267331629502704,0,.0119261679311645
Ghana,GHA,2021,.4483347702026367,.86875,.86875,GHA,.1569594952416077,.1363585614911467,.0220900936285372,.1584486551196838,.1584486551196838,0,0,.3650332458138512,2022,-.0017461013793945,0,0,1,1,0,0,.143482230241678,0,.049610372447572,0,.048991042703289,0,.0234306393362079
Ghana,GHA,2022,.4496255493164062,.9272299957275391,.9272299957275391,GHA,.1654175242407253,.1533800902949878,.0225319437973371,.1759120340923249,.1759120340923249,0,0,.2156913453285606,2023,-.0005956268310547,0,0,1,1,0,0,.1609456092143191,0,.0555526415458694,0,.0664544216759301,0,.0314130510610465
Ghana,GHA,2023,.4476771545410156,.7909200286865234,.7909200286865234,GHA,.1447281304562355,.1144683770921927,.0218649833924068,.1363333604845995,.1363333604845995,0,0,,,.0023747253417969,1,0,0,1,0,,,,,0,.0268757480682047,0,.005398180857632
Greece,GRC,1995,.3440598297119141,1.003870010375977,1.003870010375977,GRC,.1957404604279051,.1964979780407595,-.0136045496810199,.1828934283597397,.1828934283597397,0,0,.1339123433928489,1996,,1,3,0,0,0,,,,,,,,
Greece,GRC,1996,.3430464553833008,1.037239990234375,1.037239990234375,GRC,.1997205134771623,.2071581034486562,-.0139514406504962,.19320666279816,.19320666279816,0,0,.0960621277540065,1997,.0035916519165039,1,1,0,0,0,,,,,,,,
Greece,GRC,1997,.3421226119995117,1.025989990234375,1.025989990234375,GRC,.1948941555402844,.1999594527395132,-.0142676840346023,.1856917687049109,.1856917687049109,0,0,.0715333008697714,1998,.008137321472168,1,1,0,0,0,,,,,,,,
Greece,GRC,1998,.3422736358642578,1.007850036621094,1.007850036621094,GRC,.189465044859313,.1909523523998758,-.0142159866377208,.176736365762155,.176736365762155,0,0,.0849726771824608,1999,.0059029769897461,1,1,0,0,0,,,,,,,,
Greece,GRC,1999,.3405928039550781,1.028430023193359,1.028430023193359,GRC,.190906753261945,.1963342366849511,-.0147913568578249,.1815428798271262,.1815428798271262,0,0,.1235038339089316,2000,.0057246017456055,1,1,0,0,0,,,,,,,,
Greece,GRC,2000,.3410280227661133,1.088539962768555,1.088539962768555,GRC,.1964503788074694,.2138440880329512,-.0146423759027805,.1992017121301707,.1992017121301707,0,0,.1083570059865879,2001,.0075480270385742,0,0,1,1,0,0,.1842352872521649,0,.0838697438838922,0,.0897440997137759,0,.0145179389981692
Greece,GRC,2001,.3408675003051758,1.105350036621094,1.105350036621094,GRC,.1961242508497116,.2167859478590133,-.0146973247903979,.2020886230686154,.2020886230686154,0,0,.0572373041435594,2002,.0066851043701172,0,0,1,1,0,0,.1871221981906096,0,.0864348886966218,0,.0926310106522206,0,.0143684701502548
Greece,GRC,2002,.3408939743041992,1.078710021972656,1.078710021972656,GRC,.1903509189231214,.2053334439340756,-.0146882624025636,.190645181531512,.190645181531512,0,0,.0635611339221865,2003,.003912467956543,0,0,1,1,0,0,.1756787566535062,0,.0818363082029384,0,.0811875691151172,0,.0113683230923275
Greece,GRC,2003,.3386288452148438,1.042590026855469,1.042590026855469,GRC,.1860198711895922,.1939424624992078,-.0154636450066116,.1784788174925962,.1784788174925962,0,0,.1020816324563053,2004,.0000358963012695,0,0,1,1,0,0,.1635123926145904,0,.0761747291286087,0,.0690212050762014,0,.0087212223871459
Greece,GRC,2004,.3391714477539062,1.054929962158203,1.054929962158203,GRC,.1850874685564057,.1952543162001666,-.0152779052305969,.1799764109695698,.1799764109695698,0,0,.0777851318868912,2005,.0057162094116211,0,0,1,1,0,0,.1650099860915639,0,.0778156374088597,0,.070518798553175,0,.008700048693912
Greece,GRC,2005,.3375000381469727,1.09859001159668,1.09859001159668,GRC,.1946363464644483,.2138255461195137,-.0158500500763565,.1979754960431571,.1979754960431571,0,0,.0603471636457048,2006,-.0047344589233398,0,0,1,1,0,0,.1830090711651513,0,.0854372219060933,0,.0885178836267623,0,.0105534886561255
Greece,GRC,2006,.3407730865478515,1.053339996337891,1.053339996337891,GRC,.1744906784540703,.1837980106038065,-.0147296438248211,.1690683667789853,.1690683667789853,0,0,.06619255257952,2007,.0263420104980469,0,0,1,1,0,0,.1541019419009795,0,.0760013725037378,0,.0596107543625905,0,.0067227137702285
Greece,GRC,2007,.3395849227905273,1.046370010375977,1.046370010375977,GRC,.1746404602825354,.1827385402379019,-.0151363674471166,.1676021727907853,.1676021727907853,0,0,.1084249599585154,2008,-.001359977722168,0,0,1,1,0,0,.1526357479127795,0,.0750706806364141,0,.0581445603743905,0,.00648116749468
Greece,GRC,2008,.3419147109985352,1.109069976806641,1.109069976806641,GRC,.1844934989134951,.204616200560966,-.0143388512013121,.1902773493596539,.1902773493596539,0,0,.1519970583680398,2009,-.0035047149658203,0,0,1,1,0,0,.1753109244816481,0,.0856085742483897,0,.0808197369432591,0,.0095692103580607
Greece,GRC,2009,.341734504699707,1.284819946289063,1.284819946289063,GRC,.2110705253594124,.2711876210554844,-.0144005381179244,.25678708293756,.25678708293756,0,0,.1259287216851239,2010,.0002618789672851,0,0,1,1,0,0,.2418206580595542,0,.1181502172035792,0,.1473294705211652,0,.0191069888193219
Greece,GRC,2010,.3402146530151367,1.478459930419922,1.478459930419922,GRC,.2419120710049257,.3576573036656817,-.0149208027520624,.3427365009136193,.3427365009136193,0,0,.1147853788167275,2011,-.0017207717895508,0,0,1,1,0,0,.3277700760356135,0,.1595798924004989,0,.2332788884972245,0,.0342031118922197
Greece,GRC,2011,.3396665954589844,1.750760040283203,1.750760040283203,GRC,.2876546171255283,.5036142090663394,-.015108409850066,.4885057992162734,.4885057992162734,0,0,-.2498733777389891,2012,-.0096226119995117,0,0,1,1,0,0,.4735393743382675,0,.2259932269995235,0,.3790481867998786,0,.0651956764910025
Greece,GRC,2012,.3395395278930664,1.642779998779297,1.642779998779297,GRC,.2747204816970119,.451305312586865,-.0151519067000312,.4361534058868338,.4361534058868338,0,0,.0867191432837534,2013,-.007574462890625,0,0,1,1,0,0,.421186981008828,0,.197818162370427,0,.326695793470439,0,.0369401917886337
Greece,GRC,2013,.336971549987793,1.805099945068359,1.805099945068359,GRC,.2927494434317884,.528442004257514,-.0160309583199524,.5124110459375616,.5124110459375616,0,0,.0021783828993687,2014,.0177656936645508,0,0,1,1,0,0,.4974446210595558,0,.2424714052995285,0,.4029534335211668,0,.0342967142808387
Greece,GRC,2014,.3389838409423828,1.828240051269531,1.828240051269531,GRC,.2888139984543713,.5280213193415781,-.0153421254371802,.512679193904398,.512679193904398,0,0,-.0354798551527833,2015,.014526138305664,0,0,1,1,0,0,.4977127690263922,0,.2498319542462772,0,.4032215814880032,0,.0342936498791457
Greece,GRC,2015,.3415303802490234,1.800010070800781,1.800010070800781,GRC,.2814502254883079,.5066132403081051,-.0144704125232573,.4921428277848478,.4921428277848478,0,0,.0271608053537105,2016,.0040671920776367,0,0,1,1,0,0,.477176402906842,0,.2414642858197268,0,.382685215368453,0,.0280764897750831
Greece,GRC,2016,.3395871353149414,1.836750030517578,1.836750030517578,GRC,.2919587674238044,.5362552749755473,-.0151356100717645,.5211196649037828,.5211196649037828,0,0,.0201607260065581,2017,-.0089665222167968,0,0,1,1,0,0,.506153240025777,0,.2515889221390487,0,.411662052487388,0,.026186241519957
Greece,GRC,2017,.3392892456054687,1.826230010986328,1.826230010986328,GRC,.2909776907696855,.5313921914110992,-.0152375815221932,.5161546098889059,.5161546098889059,0,0,.1038905916792763,2018,-.0010410690307617,0,0,1,1,0,0,.5011881850109001,0,.2485992165436801,0,.4066969974725111,0,.0257266134735404
Greece,GRC,2018,.3389604187011719,1.895529937744141,1.895529937744141,GRC,.2979303617557844,.5647359200710312,-.0153501431693563,.549385776901675,.549385776901675,0,0,-.0121915881336673,2019,.0083869171142579,0,0,1,1,0,0,.5344193520236692,0,.2695646610691969,0,.4399281644852802,0,.030007259295661
Greece,GRC,2019,.3394267272949218,1.836909942626953,1.836909942626953,GRC,.2864006594881898,.5260922189887723,-.0151905197847947,.5109016992039777,.5109016992039777,0,0,.062371343756628,2020,.0054802322387695,0,0,1,1,0,0,.4959352743259718,0,.2528708778447966,0,.4014440867875829,0,.0251108506740186
Greece,GRC,2020,.3377011489868164,2.09927001953125,2.09927001953125,GRC,.3236610156993422,.6794518667486623,-.0157812072684861,.6636706594801762,.6636706594801762,0,0,.0799152924967174,2021,.0075345993041992,0,0,1,1,0,0,.6487042346021704,0,.3356534891811652,0,.5542130470637814,0,.0334850016085005
Greece,GRC,2021,.3339638519287109,1.978059997558594,1.978059997558594,GRC,.3046812647021237,.602677821712832,-.0170605317620138,.5856172899508182,.5856172899508182,0,0,.0314127278681006,2022,.0057387161254883,0,0,1,1,0,0,.5706508650728124,0,.2985418044431313,0,.4761596775344234,0,.0238648736819442
Greece,GRC,2022,.3370560073852539,1.791699981689453,1.791699981689453,GRC,.2716479322257788,.4867115951949058,-.0160020474746138,.4707095477202919,.4707095477202919,0,0,.0050093826415014,2023,.0073688507080079,0,0,1,1,0,0,.4557431228422861,0,.2417849533435476,0,.3612519353038972,0,.017862732296403
Greece,GRC,2023,.3369427108764648,1.655350036621094,1.655350036621094,GRC,.2493293300072518,.412727315558217,-.0160408303159217,.3966864852422953,.3966864852422953,0,0,,,.0039372634887695,1,0,0,1,0,,,,,0,.2872288728259005,0,.0202241941325056
Hong Kong SAR,HKG,1995,,,,HKG,,,,,,,,,,,5,6,0,0,0,,,,,,,,
Hong Kong SAR,HKG,1996,,,,HKG,,,,,,,,,,,5,6,0,0,0,,,,,,,,
Hong Kong SAR,HKG,1997,,,,HKG,,,,,,,,,,,5,6,0,0,0,,,,,,,,
Hong Kong SAR,HKG,1998,,,,HKG,,,,,,,,,,,5,6,0,0,0,,,,,,,,
Hong Kong SAR,HKG,1999,,,,HKG,,,,,,,,,,,5,6,0,0,0,,,,,,,,
Hong Kong SAR,HKG,2000,,,,HKG,,,,,,,,,,,5,6,0,0,0,,,,,,,,
Hong Kong SAR,HKG,2001,,,,HKG,,,,,,,,,,,5,6,0,0,0,,,,,,,,
Hong Kong SAR,HKG,2002,,,,HKG,,,,,,,,,,,5,6,0,0,0,,,,,,,,
Hong Kong SAR,HKG,2003,,,,HKG,,,,,,,,,2004,,5,6,0,0,0,,,,,,,,
Hong Kong SAR,HKG,2004,,.0192499995231628,.0192499995231628,HKG,,,,,,,0,-.0007752767405055,2005,,3,6,0,0,0,,,,,,,,
Hong Kong SAR,HKG,2005,,.0170899999141693,.0170899999141693,HKG,,,,,,,0,-.0020699303076522,2006,,3,5,0,0,0,,,,,,,,
Hong Kong SAR,HKG,2006,,.0141700005531311,.0141700005531311,HKG,,,,,,,0,-.0010662842679039,2007,,3,5,0,0,0,,,,,,,,
Hong Kong SAR,HKG,2007,,.0119000005722046,.0119000005722046,HKG,,,,,,,0,-.0020857103804609,2008,,3,5,0,0,0,,,,,,,,
Hong Kong SAR,HKG,2008,,.0099099999666214,.0099099999666214,HKG,,,,,,,0,-.00317191116336,2009,,3,5,0,0,0,,,,,,,,
Hong Kong SAR,HKG,2009,,.0066200000047684,.0066200000047684,HKG,,,,,,,0,.0000150668639073,2010,,3,5,0,0,0,,,,,,,,
Hong Kong SAR,HKG,2010,,.0061799997091293,.0061799997091293,HKG,,,,,,,0,-.0000123847111598,2011,,4,6,0,0,0,,,,,,,,
Hong Kong SAR,HKG,2011,,.0057300001382828,.0057300001382828,HKG,,,,,,,0,-2.06764265027e-06,2012,,3,5,0,0,0,,,,,,,,
Hong Kong SAR,HKG,2012,,.0054299998283386,.0054299998283386,HKG,,,,,,,0,-3.43677983522e-06,2013,,3,5,0,0,0,,,,,,,,
Hong Kong SAR,HKG,2013,,.0051700001955032,.0051700001955032,HKG,,,,,,,0,-.0045349002410174,2014,,3,5,0,0,0,,,,,,,,
Hong Kong SAR,HKG,2014,,.0006499999761581,.0006499999761581,HKG,,,,,,,0,0,2015,,3,5,0,0,0,,,,,,,,
Hong Kong SAR,HKG,2015,,.0006199999898672,.0006199999898672,HKG,,,,,,,0,0,2016,,3,5,0,0,0,,,,,,,,
Hong Kong SAR,HKG,2016,,.0005900000035763,.0005900000035763,HKG,,,,,,,0,0,2017,,3,5,0,0,0,,,,,,,,
Hong Kong SAR,HKG,2017,,.0005499999970198,.0005499999970198,HKG,,,,,,,0,0,2018,,3,5,0,0,0,,,,,,,,
Hong Kong SAR,HKG,2018,,.0005200000107288,.0005200000107288,HKG,,,,,,,0,.0022056628065815,2019,,3,5,0,0,0,,,,,,,,
Hong Kong SAR,HKG,2019,,.00266999989748,.00266999989748,HKG,,,,,,,0,.0068407202487019,2020,,3,5,0,0,0,,,,,,,,
Hong Kong SAR,HKG,2020,,.0099699997901917,.0099699997901917,HKG,,,,,,,0,.0110113155412276,2021,,3,5,0,0,0,,,,,,,,
Hong Kong SAR,HKG,2021,,.0193799996376038,.0193799996376038,HKG,,,,,,,0,.0229489620818276,2022,,3,5,0,0,0,,,,,,,,
Hong Kong SAR,HKG,2022,,.0427600002288818,.0427600002288818,HKG,,,,,,,0,.0249319854163434,2023,,3,5,0,0,0,,,,,,,,
Hong Kong SAR,HKG,2023,,.0633300018310547,.0633300018310547,HKG,,,,,,,0,,,,4,5,0,0,0,,,,,,,,
Croatia,HRV,1995,.387678337097168,,,HRV,,,.0013266222331989,,,,,,,,4,4,0,0,0,,,,,,,,
Croatia,HRV,1996,.3885136032104492,,,HRV,,,.0016125444868279,,,,,,,.0011676406860351,4,2,0,0,0,,,,,,,,
Croatia,HRV,1997,.3887414169311523,,,HRV,,,.001690528031707,,,,,,1998,.0046456146240235,4,2,0,0,0,,,,,,,,
Croatia,HRV,1998,.3874006652832031,.2332900047302246,.2332900047302246,HRV,.0667228147401378,.0155657657663407,.0012315716265052,.0167973373928459,.0167973373928459,0,0,.075099925728811,1999,.0036192321777344,1,1,0,0,0,,,,,,,,
Croatia,HRV,1999,.3873919677734375,.3000699996948242,.3000699996948242,HRV,.0713223502418913,.0214016976153185,.0012285943578796,.0226302919731981,.0226302919731981,0,0,.083924914716978,2000,.0124833297729492,1,1,0,0,0,,,,,,,,
Croatia,HRV,2000,.3867393112182617,.3543399810791016,.3543399810791016,HRV,.0724746045986657,.0256806500222066,.0010051816871937,.0266858317094003,.0266858317094003,0,0,.0388884325980737,2001,.0167435073852539,0,0,1,1,0,0,.0117194068313945,0,.005059169361348,.0827717807069945,0,.003490947782059,0
Croatia,HRV,2001,.3858180999755859,.365880012512207,.365880012512207,HRV,.0679275989825226,.0248533507656495,.0006898393185928,.0255431900842423,.0255431900842423,0,0,.0345938723427196,2002,.0153130722045898,0,0,1,1,0,0,.0105767652062365,0,.0047278633514139,.0839144223321525,0,.0036111916901498,0
Croatia,HRV,2002,.3874555587768554,.3645299911499024,.3645299911499024,HRV,.0626855536591728,.022850764320605,.0012503623701558,.0241011266907608,.0241011266907608,0,0,.0522298615921946,2003,.0095225143432617,0,0,1,1,0,0,.009134701812755,0,.004170239621296,.085356485725634,0,.002635042537651,0
Croatia,HRV,2003,.3852948379516601,.3784400177001953,.3784400177001953,HRV,.0596796324636262,.0225851611658758,.0005107200478114,.0230958812136872,.0230958812136872,0,0,.0528528119007976,2004,.0140628814697266,0,0,1,1,0,0,.0081294563356814,0,.00382564132342,.0863617312027076,0,.0025804180372342,0
Croatia,HRV,2004,.3849354171752929,.3995899963378906,.3995899963378906,HRV,.0594987377416025,.0237751003962761,.0003876857276757,.0241627861239517,.0241627861239517,0,0,.0403472891013849,2005,.0080727767944336,0,0,1,1,0,0,.0091963612459459,0,.0044019563380125,.0852948262924431,0,.0027766433937933,0
Croatia,HRV,2005,.3845632934570313,.409010009765625,.409010009765625,HRV,.0664577887707405,.0271819008341224,.000260303028363,.0274422038624854,.0274422038624854,0,0,.009922888900042,2006,-.0121017837524414,0,0,1,1,0,0,.0124757789844796,0,.0058207125477447,.0820154085539094,0,.002638743479352,0
Croatia,HRV,2006,.3831431579589843,.3838199996948242,.3838199996948242,HRV,.0717155138863507,.0275258485179733,-.0002258274821458,.0273000210358275,.0273000210358275,0,0,.0224624988238467,2007,-.0189049911499023,0,0,1,1,0,0,.0123335961578217,0,.0055212090525781,.0821575913805673,0,.0024081770933315,0
Croatia,HRV,2007,.3836336135864258,.3708499908447266,.3708499908447266,HRV,.0648066263677121,.0240335367951437,-.0000579382596892,.0239755985354544,.0239755985354544,0,0,.0479877981893746,2008,.0106351470947265,0,0,1,1,0,0,.0090091736574486,0,.0041288250637776,.0854820138809404,0,.0024153703312547,0
Croatia,HRV,2008,.3843395233154297,.3891999816894531,.3891999816894531,HRV,.0672027526903188,.0261553101165529,.0001837036522309,.0263390137687838,.0263390137687838,0,0,.070736602917666,2009,.0000505447387695,0,0,1,1,0,0,.011372588890778,0,.0052125323067241,.083118598647611,0,.0026859399866212,0
Croatia,HRV,2009,.3826176452636719,.4792200088500976,.4792200088500976,HRV,.0840237312580928,.0402658532371215,-.000405717186475,.0398601360506465,.0398601360506465,0,0,.0864368729932925,2010,-.0052542114257813,0,0,1,1,0,0,.0248937111726407,0,.0112790303485383,.0695974763657483,0,.002970593613283,0
Croatia,HRV,2010,.3822463989257813,.5680899810791016,.5680899810791016,HRV,.0917062338096687,.0520973926297704,-.0005327995472859,.0515645930824844,.0515645930824844,0,0,.0731866446748577,2011,.0134907531738281,0,0,1,1,0,0,.0365981682044786,0,.0170759108421613,.0578930193339104,0,.0027626912269677,0
Croatia,HRV,2011,.3794745254516602,.6315000152587891,.6315000152587891,HRV,.103857920005951,.0655862780685041,-.0014816472233657,.0641046308451384,.0641046308451384,0,0,.0511531905975627,2012,-.0025920104980469,0,0,1,1,0,0,.0491382059671326,0,.0227994535079713,.0453529815712564,0,.0025509190136364,0
Croatia,HRV,2012,.3760169982910156,.6885199737548828,.6885199737548828,HRV,.1148485411783456,.0790755145579011,-.0026652029094348,.0764103116484663,.0764103116484663,0,0,.1111111394987113,2013,-.001363410949707,0,0,1,1,0,0,.0614438867704605,0,.0284253473276609,.0330473007679285,0,.0021091669707375,0
Croatia,HRV,2013,.3771192932128906,.7948999786376953,.7948999786376953,HRV,.1262233139642722,.1003349095737791,-.0022878732857198,.0980470362880592,.0980470362880592,0,0,.033865977142802,2014,.0094342803955078,0,0,1,1,0,0,.0830806114100534,0,.0392187967915699,.0114105761283356,0,.0007212593726171,0
Croatia,HRV,2014,.3771276092529297,.8323100280761718,.8323100280761718,HRV,.1288552515130682,.107247518004604,-.0022850265990514,.1049624914055526,.1049624914055526,0,0,.0157349885566734,2015,.0068527603149414,0,0,1,1,0,0,.0899960665275468,0,.0431000083108969,.0044951210108422,0,.0002980578438321,0
Croatia,HRV,2015,.3778824234008789,.8277899932861328,.8277899932861328,HRV,.1257375426136546,.1040842795559719,-.0020266440802098,.1020576354757621,.1020576354757621,0,0,-.007570803980278,2016,.0046417236328125,0,0,1,1,0,0,.0870912105977563,0,.0421130973433124,.0073999769406327,0,.0005184483508728,0
Croatia,HRV,2016,.372841911315918,.7926100158691406,.7926100158691406,HRV,.1212734931121398,.0961225853001192,-.0037520757143444,.0923705095857749,.0923705095857749,0,0,.0038472574937393,2017,.0038552093505859,0,0,1,1,0,0,.0774040847077691,0,.0377272807247075,.0170871028306199,0,.0010759392477759,0
Croatia,HRV,2017,.3743611907958984,.7617400360107421,.7617400360107421,HRV,.1173751434256039,.0894093459797855,-.0032320069531423,.0861773390266433,.0861773390266433,0,0,.0030965363678689,2018,-.0035023498535156,0,0,1,1,0,0,.0712109141486375,0,.0344592814666225,.0232802733897515,0,.0012440197386549,0
Croatia,HRV,2018,.373900375366211,.7284700012207032,.7284700012207032,HRV,.1112768678606025,.0810618600662491,-.0033897499575192,.0776721101087299,.0776721101087299,0,0,.0168526968106436,2019,.0029369735717774,0,0,1,1,0,0,.0627056852307241,0,.0305277279005282,.0317855023076649,0,.001441790464702,0
Croatia,HRV,2019,.3752993774414062,.7088099670410156,.7088099670410156,HRV,.1046880167435273,.0742039096975689,-.002910853687443,.0712930560101259,.0712930560101259,0,0,.0903892238886873,2020,.006571159362793,0,0,1,1,0,0,.0563266311321201,0,.0277922711030771,.0381645564062689,0,.0016518621180013,0
Croatia,HRV,2020,.3741308212280273,.8647599792480469,.8647599792480469,HRV,.1323592711772232,.1144590005965021,-.003310865397135,.1111481351993671,.1111481351993671,0,0,.0344072996220183,2021,-.0078644561767579,0,0,1,1,0,0,.0961817103213613,0,.0467008536260887,0,.0016905227829723,0,.0000649488133323
Croatia,HRV,2021,.3779929351806641,.7820500183105469,.7820500183105469,HRV,.1184300883507318,.0926182527632095,-.0019888144871899,.0906294382760195,.0906294382760195,0,0,.0123234908166514,2022,-.0012533569335937,0,0,1,1,0,0,.0756630133980137,0,.0366432050807364,.0188281741403753,0,.0005765790309805,0
Croatia,HRV,2022,.3800320816040039,.685469970703125,.685469970703125,HRV,.0999975362637734,.0685453082531135,-.0012907886346261,.0672545196184873,.0672545196184873,0,0,.0283521143829222,2023,.0062898635864258,0,0,1,1,0,0,.0522880947404815,0,.0256517381554748,.0422030927979075,0,.001140295730422,0
Croatia,HRV,2023,.3798278045654297,.6094900131225586,.6094900131225586,HRV,.0876204896875444,.0534038134094664,-.0013607152727419,.0520430981367245,.0520430981367245,0,0,,,.0022210693359375,1,0,0,1,0,,,,,.0574145142796703,0,.0016140575768224,0
Hungary,HUN,1995,.3694104766845703,.8386799621582032,.8386799621582032,HUN,.1267494565444276,.1063022294182534,-.0049266995945365,.1013755298237169,.1013755298237169,0,0,.0302012851979756,1996,,1,3,0,0,0,,,,,,,,
Hungary,HUN,1996,.3698920822143555,.7116799926757813,.7116799926757813,HUN,.1114412075359398,.0793104777629578,-.0047618398734886,.0745486378894693,.0745486378894693,0,0,.0585666072430027,1997,-.0094182586669922,1,1,0,0,0,,,,,,,,
Hungary,HUN,1997,.3702778244018555,.6219599914550781,.6219599914550781,HUN,.0969639596905358,.0603077035405762,-.0046297953983015,.0556779081422747,.0556779081422747,0,0,.0918619139190644,1998,.0015881729125977,1,1,0,0,0,,,,,,,,
Hungary,HUN,1998,.370211296081543,.6042200088500976,.6042200088500976,HUN,.0926639247881248,.0559893974555656,-.0046525688916486,.0513368285639169,.0513368285639169,0,0,.0678459282154091,1999,.0037337493896484,1,1,0,0,0,,,,,,,,
Hungary,HUN,1999,.3694508743286133,.6029700088500977,.6029700088500977,HUN,.09198615480963,.055464892579649,-.0049128709652621,.050552021614387,.050552021614387,0,0,.033689715579693,2000,.0019820404052734,1,1,0,0,0,,,,,,,,
Hungary,HUN,2000,.3697051239013672,.5563800048828125,.5563800048828125,HUN,.0816759225013794,.0454428501601257,-.0048258380907445,.0406170120693812,.0406170120693812,0,0,.04678448555678,2001,.0070862197875976,0,0,1,1,0,0,.0256505871913754,0,.0128181192905238,.0688406003470136,0,.0073924463083841,0
Hungary,HUN,2001,.3680893707275391,.5220500183105469,.5220500183105469,HUN,.0720688921430923,.0376235664629221,-.0053789310289391,.0322446354339831,.0322446354339831,0,0,.1066168830181411,2002,.0118493270874024,0,0,1,1,0,0,.0172782105559773,0,.0088390078413787,.0772129769824117,0,.007095381844705,0
Hungary,HUN,2002,.3677865600585937,.5555699920654297,.5555699920654297,HUN,.0750636638848116,.0417031191488869,-.0054825869866166,.0362205321622703,.0362205321622703,0,0,.0818075106724437,2003,.005056037902832,0,0,1,1,0,0,.0212541072842645,0,.0109804174454585,.0732370802541245,0,.0061864322245657,0
Hungary,HUN,2003,.3689807891845703,.5817399978637695,.5817399978637695,HUN,.0829581972432452,.0482601014870676,-.0050737871112006,.043186314375867,.043186314375867,0,0,.0683610355262251,2004,-.0102827835083008,0,0,1,1,0,0,.0282198894978612,0,.0142889403439569,.0662712980405278,0,.0058071241183869,0
Hungary,HUN,2004,.3683239364624024,.5890700149536133,.5890700149536133,HUN,.0828372495815506,.0487969398497202,-.0052986361834164,.0434983036663038,.0434983036663038,0,0,.0593384353626516,2005,.0035426712036133,0,0,1,1,0,0,.028531878788298,0,.0145479929676321,.065959308750091,0,.0061495706324143,0
Hungary,HUN,2005,.3684250259399414,.6057899856567383,.6057899856567383,HUN,.0856846388501356,.0519068961400265,-.005264031964741,.0466428641752855,.0466428641752855,0,0,.0890852744515831,2006,-.0008335876464843,0,0,1,1,0,0,.0316764392972797,0,.0161249538723387,.0628147482411093,0,.005657421236558,0
Hungary,HUN,2006,.3666153717041016,.6448899841308594,.6448899841308594,HUN,.0839297380319282,.0541254474275174,-.0058834997118137,.0482419477157037,.0482419477157037,0,0,.0488825519130659,2007,.0194596099853516,0,0,1,1,0,0,.0332755228376979,0,.0175864991975589,.0612156647006911,0,.005231325784701,0
Hungary,HUN,2007,.3659932708740234,.6558000183105469,.6558000183105469,HUN,.086838440618468,.0569486509476506,-.0060964527677226,.050852198179928,.050852198179928,0,0,.1041512257729151,2008,-.0021310424804688,0,0,1,1,0,0,.0358857733019222,0,.0188895726909599,.0586054142364668,0,.0048835663605384,0
Hungary,HUN,2008,.3659491348266601,.718010025024414,.718010025024414,HUN,.0955398696834011,.068598584222208,-.0061115611001783,.0624870231220298,.0624870231220298,0,0,.0418979799249724,2009,.0016688537597657,0,0,1,1,0,0,.047520598244024,0,.0250932230435068,.046970589294365,0,.0037595262788917,0
Hungary,HUN,2009,.3676801300048828,.7818800354003906,.7818800354003906,HUN,.1015660900310245,.0794124980689367,-.0055190193526937,.073893478716243,.073893478716243,0,0,.0489320269994944,2010,.0062518310546874,0,0,1,1,0,0,.0589270538382372,0,.03148479697804,.0355641337001518,0,.003072860321062,0
Hungary,HUN,2010,.3627191543579101,.8017400360107422,.8017400360107422,HUN,.1124951569595271,.0901918711917653,-.0072172246487384,.082974646543027,.082974646543027,0,0,.034171248039136,2011,-.0122294998168945,0,0,1,1,0,0,.0680082216650212,0,.0355051695266144,.0264829658733678,0,.0022327643921371,0
Hungary,HUN,2011,.3596535873413086,.8046800231933594,.8046800231933594,HUN,.1111950349587734,.0894764233096122,-.008266607373717,.0812098159358952,.0812098159358952,0,0,-.009296172680733,2012,.0074819564819336,0,0,1,1,0,0,.0662433910578894,0,.0350794315382015,.0282477964804996,0,.0023970751607547,0
Hungary,HUN,2012,.3579891967773438,.7836399841308593,.7836399841308593,HUN,.1096570096311127,.0859316172871626,-.0088363495114629,.0770952677756997,.0770952677756997,0,0,.0265903251692857,2013,-.0018120574951173,0,0,1,1,0,0,.0621288428976939,0,.0327879763812692,.0323623446406951,0,.0028943113378989,0
Hungary,HUN,2013,.3582917785644531,.7722000122070313,.7722000122070313,HUN,.1085048336492399,.0837874338684649,-.0087327719029598,.0750546619655052,.0750546619655052,0,0,.0553057095512092,2014,-.0016603851318359,0,0,1,1,0,0,.0600882370874994,0,.031611294143789,.0344029504508896,0,.003082288817012,0
Hungary,HUN,2014,.3544210433959961,.7649099731445312,.7649099731445312,HUN,.112993322045728,.0864297189315091,-.0100577739651391,.0763719449663701,.0763719449663701,0,0,.0421162082727595,2015,-.008205795288086,0,0,1,1,0,0,.0614055200883643,0,.0318004108880041,.0330856674500248,0,.0026185320979847,0
Hungary,HUN,2015,.3512308120727539,.757239990234375,.757239990234375,HUN,.1160910759006306,.0879088051812916,-.0111498308737521,.0767589743075395,.0767589743075395,0,0,.0175340868311177,2016,-.0059702682495117,0,0,1,1,0,0,.0617925494295337,0,.0316319257834091,.0326986381088553,0,.0022432086314539,0
Hungary,HUN,2016,.3492664337158203,.7464600372314453,.7464600372314453,HUN,.1206637291317676,.0900706517401843,-.0118222626626918,.0782483890774925,.0782483890774925,0,0,.0335203631903382,2017,-.0117877960205078,0,0,1,1,0,0,.0632819641994867,0,.0316484100249998,.0312092233389023,0,.0020782037038067,0
Hungary,HUN,2017,.354543571472168,.7200199890136719,.7200199890136719,HUN,.1144755131840683,.0824246577451273,-.0100158310404653,.072408826704662,.072408826704662,0,0,.0419378931356292,2018,-.0011257553100585,0,0,1,1,0,0,.0574424018266562,0,.0286632773121819,.0370487857117328,0,.0021596141734079,0
Hungary,HUN,2018,.3543564987182617,.6881600189208984,.6881600189208984,HUN,.1125153026430184,.0774285327957101,-.0100798684323085,.0673486643634017,.0673486643634017,0,0,.0271753714409739,2019,-.006265754699707,0,0,1,1,0,0,.0523822394853959,0,.0258100844300167,.0421089480529931,0,.0021670617614641,0
Hungary,HUN,2019,.3567925643920898,.6498799896240235,.6498799896240235,HUN,.1040838220929712,.0676419932218089,-.0092459720532097,.0583960211685992,.0583960211685992,0,0,.1512165512471637,2020,.0031675720214844,0,0,1,1,0,0,.0434295962905934,0,.0215364519130625,.0510615912477956,0,.0025098505485668,0
Hungary,HUN,2020,.3535626602172852,.7868699645996093,.7868699645996093,HUN,.1265016031800173,.099540312016054,-.0103516094853784,.0891887025306757,.0891887025306757,0,0,.0807259795044142,2021,-.0000926971435547,0,0,1,1,0,0,.0742222776526699,0,.0367994604149929,.0202689098857192,0,.0010096285079249,0
Hungary,HUN,2021,.3499228286743164,.7621499633789063,.7621499633789063,HUN,.1240350115623941,.0945332795199809,-.0115975702888247,.0829357092311561,.0829357092311561,0,0,.1171916519158217,2022,.0013041687011719,0,0,1,1,0,0,.0679692843531503,0,.0337878651037673,.0265219031852387,0,.0013449621591198,0
Hungary,HUN,2022,.353454475402832,.7408100128173828,.7408100128173828,HUN,.1213297639488699,.0898823039860923,-.0103886425284589,.0794936614576334,.0794936614576334,0,0,.0952733315058873,2023,-.0052550125122071,0,0,1,1,0,0,.0645272365796276,0,.0317377148132804,.0299639509587614,0,.001596897678108,0
Hungary,HUN,2023,.3532215118408203,.7323400115966797,.7323400115966797,HUN,.1193854653239738,.0874307530598339,-.0104683889297611,.0769623641300729,.0769623641300729,0,0,,,.0017680740356446,1,0,0,1,0,,,,,.0324952482863219,0,.0027539380174544,0
Indonesia,IDN,1995,.4921515655517578,,,IDN,,,.0370891420441427,,,,,,,,4,4,0,0,0,,,,,,,,
Indonesia,IDN,1996,.4947244644165039,,,IDN,,,.0379698781713126,,,,,,,.0001298904418945,4,2,0,0,0,,,,,,,,
Indonesia,IDN,1997,.4876379013061524,,,IDN,,,.0355440571511878,,,,,,,-.0094414138793945,4,2,0,0,0,,,,,,,,
Indonesia,IDN,1998,.4891926956176758,,,IDN,,,.0360762830926113,,,,,,,-.0104678726196289,4,2,0,0,0,,,,,,,,
Indonesia,IDN,1999,.4896134948730469,,,IDN,,,.0362203280496711,,,,,,2000,.0038737106323242,4,2,0,0,0,,,,,,,,
Indonesia,IDN,2000,.4819274520874023,.8743699645996094,.8743699645996094,IDN,.1475165956559153,.1289840805215176,.0335892974837032,.1625733780052208,.1625733780052208,0,0,-.001297338100053,2001,.0017731094360351,1,1,0,0,0,,,,,,,,
Indonesia,IDN,2001,.4801353454589844,.7370200347900391,.7370200347900391,IDN,.1298678055465953,.0957151745620577,.0329758365066647,.1286910110687224,.1286910110687224,0,0,-.0471685112860099,2002,-.0050472640991211,1,1,0,0,0,,,,,,,,
Indonesia,IDN,2002,.4786673355102539,.623390007019043,.623390007019043,IDN,.1154410838050623,.0719648180435237,.0324733179605191,.1044381360040428,.1044381360040428,0,0,-.0083744757239183,2003,-.0045868682861328,1,1,0,0,0,,,,,,,,
Indonesia,IDN,2003,.4795352554321289,.5564300155639649,.5564300155639649,IDN,.1080368676026832,.0601149559216431,.03277041802969,.092885373951333,.092885373951333,0,0,.0287747135193394,2004,-.0071831321716309,0,0,1,1,0,0,.0779189490733272,0,.0244330154106613,.0165722384650618,0,.0028920732087597,0
Indonesia,IDN,2004,.4817497253417969,.5132799911499023,.5132799911499023,IDN,.0980147612588619,.0503090157915084,.0335284593498131,.0838374751413215,.0838374751413215,0,0,.001639259570891,2005,.0053555679321289,0,0,1,1,0,0,.0688710502633157,0,.0219647127887939,.0256201372750733,0,.003647731352897,0
Indonesia,IDN,2005,.4797148132324219,.4261199951171875,.4261199951171875,IDN,.0741318042382832,.0315890440600455,.032831882956975,.0644209270170205,.0644209270170205,0,0,.0053579351385612,2006,.026552677154541,0,0,1,1,0,0,.0494545021390147,0,.017085435918788,.0450366853993743,0,.0054492874904601,0
Indonesia,IDN,2006,.4780470657348633,.3584799957275391,.3584799957275391,IDN,.0303816758398553,.0108912230252668,.0322609916980051,.0431522147232719,.0431522147232719,0,0,.0925618459702983,2007,.0778104400634766,0,0,1,1,0,0,.0281857898452661,0,.0119307152704141,.0663053976931229,0,.007650352267557,0
Indonesia,IDN,2007,.4774769592285156,.3812099838256836,.3812099838256836,IDN,.0288673438708763,.0110045196901072,.0320658369628715,.0430703566529787,.0430703566529787,0,0,0,2008,.0118765640258789,0,0,1,1,0,0,.0281039317749729,0,.0122298438515143,.0663872557634161,0,.0069366507450474,0
Indonesia,IDN,2008,.4756337738037109,.3025200080871582,.3025200080871582,IDN,.0139993626214164,.004235087293446,.0314348910617551,.035669978355201,.035669978355201,0,0,-.0085136371476767,2009,.0088202667236328,0,0,1,1,0,0,.0207035534771952,0,.0091920700464094,.0737876340611938,0,.0061957634951767,0
Indonesia,IDN,2009,.4759529876708984,.2648299980163574,.2648299980163574,IDN,.007451292968365,.0019733259020314,.031544162043595,.0335174879456264,.0335174879456264,0,0,.0361980412135327,2010,.0015423583984375,0,0,1,1,0,0,.0185510630676206,0,.0082650086829233,.0759401244707684,0,.0077016375502391,0
Indonesia,IDN,2010,.4732212066650391,.2636300086975097,.2636300086975097,IDN,-.000827623398852,-.0002181863638376,.0306090385312239,.0303908521673863,.0303908521673863,0,0,0,2011,.0214823532104492,0,0,1,1,0,0,.0154244272893805,0,.0072033594677829,.0790667602490085,0,.0065046611882592,0
Indonesia,IDN,2011,.4736959457397461,.2310600090026856,.2310600090026856,IDN,-.0083060106593952,-.0019191868977363,.0307715477770411,.0288523608793048,.0288523608793048,0,0,.0214647448084879,2012,.0052249145507812,0,0,1,1,0,0,.013885936001299,0,.0065574217118689,.08060525153709,0,.0056437893396664,0
Indonesia,IDN,2012,.4726967620849609,.2295499992370605,.2295499992370605,IDN,-.012315114680119,-.0028269345654256,.030429514456375,.0276025798909494,.0276025798909494,0,0,.0461703419708941,2013,.009711799621582,0,0,1,1,0,0,.0126361550129436,0,.0060899514871303,.0818550325254454,0,.0055332466018783,0
Indonesia,IDN,2013,.4717289352416992,.2488400077819824,.2488400077819824,IDN,-.0122833420490461,-.0030565869310734,.0300982149725962,.0270416280415228,.0270416280415228,0,0,.0240345201523465,2014,.0076542663574219,0,0,1,1,0,0,.012075203163517,0,.0059120294922199,.082415984374872,0,.0057912084832756,0
Indonesia,IDN,2014,.4700746917724609,.2464500045776367,.2464500045776367,IDN,.0509632255251648,.012559887163968,.0295319463149135,.0420918334788815,.0420918334788815,0,0,.0481291105097068,2015,-.1421386337280273,0,0,1,1,0,0,.0271254086008757,0,.0094250540493541,.0673657789375133,0,.0051378609780107,0
Indonesia,IDN,2015,.4676631546020508,.2701300048828125,.2701300048828125,IDN,.0570044309418365,.0153986072086603,.028706446355667,.0441050535643272,.0441050535643272,0,0,.030653027289772,2016,-.0027871704101562,0,0,1,1,0,0,.0291386286863214,0,.0100433575983122,.0653525588520676,0,.0059475305987468,0
Indonesia,IDN,2016,.468394889831543,.2795499992370605,.2795499992370605,IDN,.0554004167123587,.0154871864496727,.028956928666094,.0444441151157667,.0444441151157667,0,0,.042561972009062,2017,.0060184860229492,0,0,1,1,0,0,.029477690237761,0,.0103376347140346,.0650134973006281,0,.0066733908143903,0
Indonesia,IDN,2017,.4652663421630859,.2939599990844727,.2939599990844727,IDN,.0504798308950764,.014839051043701,.0278859868599709,.0427250379036718,.0427250379036718,0,0,.0382308978790457,2018,.0196845626831055,0,0,1,1,0,0,.027758613025666,0,.0102811816472895,.066732574512723,0,.0075015322818911,0
Indonesia,IDN,2018,.4613368606567383,.3042300033569336,.3042300033569336,IDN,.0500959211563828,.015240682261575,.0265408751763726,.0417815574379477,.0417815574379477,0,0,.0218787545263228,2019,.0089143753051758,0,0,1,1,0,0,.0268151325599419,0,.0101707773244258,.0676760549784471,0,.0078829157595562,0
Indonesia,IDN,2019,.4354150772094726,.305629997253418,.305629997253418,IDN,.0641528591626951,.0196070381696934,.0176675177834711,.0372745559531645,.0372745559531645,0,0,.0820634211932969,2020,-.0015029907226563,0,0,1,1,0,0,.0223081310751587,0,.008427776775283,.0721830564632303,0,.0088078706169337,0
Indonesia,IDN,2020,.4338899612426758,.3974700164794922,.3974700164794922,IDN,.0751258757930504,.0298602830895,.0171454511183228,.0470057342078228,.0470057342078228,0,0,.0547807525995164,2021,.0083859634399414,0,0,1,1,0,0,.032039309329817,0,.0123727938224475,.062451878208572,0,.010283931134982,0
Indonesia,IDN,2021,.4304996490478515,.4113999938964844,.4113999938964844,IDN,.0766087101222725,.0315168228767204,.0159849039731239,.0475017268498443,.0475017268498443,0,0,.0517554830276133,2022,.0053206634521484,0,0,1,1,0,0,.0325353019718385,0,.0127374433827268,.0619558855665505,0,.0091359979304005,0
Indonesia,IDN,2022,.4289767837524414,.4014099884033203,.4014099884033203,IDN,.075209954309328,.0301900268871216,.0154636077415235,.0456536346286451,.0456536346286451,0,0,.0209670898069578,2023,.0014970397949218,0,0,1,1,0,0,.0306872097506393,0,.0120598624855292,.0638039777877497,0,.0084161502600654,0
Indonesia,IDN,2023,.4304823684692383,.3960100173950195,.3960100173950195,IDN,.0713589581582466,.0282588622615377,.0159789886104598,.0442378508719975,.0442378508719975,0,0,,,.0051361465454102,1,0,0,1,0,,,,,.0652197615443973,0,.0091599078159749,0
India,IND,1995,.5488783645629883,.7087599945068359,.7087599945068359,IND,.0775468299863879,.0549620907951748,.0565074495230998,.1114695403182746,.1114695403182746,0,0,.0679591376006378,1996,,0,2,1,0,0,0,.0965031154402688,0,.0342563677498582,,,,
India,IND,1996,.54739501953125,.6713300323486329,.6713300323486329,IND,.07244526569743,.048634682564161,.0559996815822721,.1046343641464331,.1046343641464331,0,0,.0931842754970137,1997,.0004315185546875,0,0,1,1,0,0,.0896679392684273,0,.0318687321191067,.0048232482699617,0,.0009357521882184,0
India,IND,1997,.5461264801025391,.6900800323486328,.6900800323486328,IND,.07553016552503,.0521218590688103,.0555654443415807,.107687303410391,.107687303410391,0,0,.1045444290456699,1998,.0009015274047852,0,0,1,1,0,0,.0927208785323852,0,.0330373625628257,.0017703090060038,0,.0003555235635752,0
India,IND,1998,.5457500839233398,.6928399658203125,.6928399658203125,IND,.0755638463168368,.0523536526994085,.0554365991243467,.1077902518237552,.1077902518237552,0,0,.1066699058955877,1999,.0013031387329102,0,0,1,1,0,0,.0928238269457494,0,.0331950064210469,.0016673605926396,0,.0003605518764471,0
India,IND,1999,.5459473037719726,.7126699829101563,.7126699829101563,IND,.077113658808236,.0549565899050052,.055504109996253,.1104606999012582,.1104606999012582,0,0,.0938889227792321,2000,.0030601119995117,0,0,1,1,0,0,.0954942750232524,0,.0344422165231256,0,.0010030874848634,0,.0002238507057505
India,IND,2000,.5440484619140625,.7494100189208984,.7494100189208984,IND,.0822621488182261,.0616480785023406,.0548541121875716,.1165021906899122,.1165021906899122,0,0,.1173443491592962,2001,.0031204223632813,0,0,1,1,0,0,.1015357658119064,0,.0369380542289366,0,.0070445782735174,0,.0016992748792695
India,IND,2001,.541985092163086,.8011000061035156,.8011000061035156,IND,.0943382471974143,.0755743704056435,.0541477943807215,.129722164786365,.129722164786365,0,0,.1065236131951423,2002,-.0072537994384765,0,0,1,1,0,0,.1147557399083592,0,.0409149800933831,0,.0202645523699702,0,.0053896211673298
India,IND,2002,.5406966781616211,.8430400085449219,.8430400085449219,IND,.1045328220801027,.0881253512196346,.0537067538200566,.1418321050396911,.1418321050396911,0,0,.1191239290706442,2003,-.0072272491455078,0,0,1,1,0,0,.1268656801616853,0,.0443157649977537,0,.0323744926232963,0,.008689778225313
India,IND,2003,.5373229217529297,.8588300323486329,.8588300323486329,IND,.108395567230303,.0930933685108496,.052551873931803,.1456452424426526,.1456452424426526,0,0,.1097862643321462,2004,.0005497360229492,0,0,1,1,0,0,.1306788175646467,0,.0457195803230016,0,.0361876300262578,0,.009636222365796
India,IND,2004,.5352529144287109,.8488999938964844,.8488999938964844,IND,.1066196467840521,.0905094175042271,.0518432839988964,.1423527015031235,.1423527015031235,0,0,.0901295267074128,2005,.0030017471313477,0,0,1,1,0,0,.1273862766251177,0,.0449500260534936,0,.0328950890867287,0,.0085654849673595
India,IND,2005,.5314875793457031,.8237799835205079,.8237799835205079,IND,.0919372149910518,.0757360374502501,.0505543617315096,.1262903991817597,.1262903991817597,0,0,.0886456305286595,2006,.0289748382568359,0,0,1,1,0,0,.1113239743037539,0,.042507812594945,0,.0168327867653649,0,.0043471382648236
India,IND,2006,.531068344116211,.7789299774169922,.7789299774169922,IND,.0535159648339312,.0416851892795425,.0504108521604746,.0920960414400172,.0920960414400172,0,0,.0893708352472256,2007,.0721166610717773,0,0,1,1,0,0,.0771296165620114,0,.0350134105347729,.0173615709763776,0,.004138902515011,0
India,IND,2007,.528745002746582,.7541400146484375,.7541400146484375,IND,.0515114248053633,.0388468266572786,.0496155427497479,.0884623694070265,.0884623694070265,0,0,.0826688898510993,2008,-.0012821197509765,0,0,1,1,0,0,.0734959445290207,0,.0332696546749228,.0209952430093684,0,.0045553235651728,0
India,IND,2008,.5269731140136719,.7434100341796875,.7434100341796875,IND,.049111270262868,.0365098111047266,.0490090026164444,.085518813721171,.085518813721171,0,0,.0963611798735979,2009,.0037978744506836,0,0,1,1,0,0,.0705523888431652,0,.0322051346066127,.0239387986952238,0,.005664080000081,0
India,IND,2009,.5244264221191406,.7273500061035156,.7273500061035156,IND,.0493552239886243,.0358985224693663,.0481372374697386,.0840357599391049,.0840357599391049,0,0,.0841997274513882,2010,-.0031245040893555,0,0,1,1,0,0,.0690693350610991,0,.0313123558260015,.0254218524772899,0,.006273835915697,0
India,IND,2010,.5221103286743164,.6767500305175781,.6767500305175781,IND,.0315659054315448,.0213622274641129,.0473444091162,.0687066365803129,.0687066365803129,0,0,.1093903146112994,2011,.0256082916259766,0,0,1,1,0,0,.0537402117023071,0,.0257391431942797,.0407509758360819,0,.0091270292191636,0
India,IND,2011,.5195646667480469,.6869899749755859,.6869899749755859,IND,.0340513171158583,.0233929134933092,.0464729965407788,.069865910034088,.069865910034088,0,0,.0866426034748398,2012,.0008128738403321,0,0,1,1,0,0,.0548994851560822,0,.0263390093687864,.0395917023823068,0,.0089194723953592,0
India,IND,2012,.5185179138183593,.6814600372314453,.6814600372314453,IND,.0328376910224271,.0223775741467379,.0461146796500417,.0684922537967796,.0684922537967796,0,0,.0849163546101045,2013,.0020582580566406,0,0,1,1,0,0,.0535258289187738,0,.0257901432025206,.0409653586196152,0,.0090113068810866,0
India,IND,2013,.515670166015625,.6801799774169922,.6801799774169922,IND,.0320353866001978,.0217898285342672,.0451398592226618,.066929687756929,.066929687756929,0,0,.0685913573834031,2014,.0046573638916015,0,0,1,1,0,0,.0519632628789232,0,.0252792698730668,.0425279246594658,0,.0098964899873604,0
India,IND,2014,.514307975769043,.6764199829101563,.6764199829101563,IND,.120473927619195,.0814909720612953,.0446735641114617,.126164536172757,.126164536172757,0,0,.0920596548063723,2015,-.1999927330017089,0,0,1,1,0,0,.1111981112947512,0,.0318572319289018,0,.0167069237563622,0,.0039237597629402
India,IND,2015,.5180575942993164,.6975499725341797,.6975499725341797,IND,.1201823244751858,.0838331771367598,.0459571064022092,.129790283538969,.129790283538969,0,0,.0806547737455318,2016,.0035849571228027,0,0,1,1,0,0,.1148238586609632,0,.0333076136741336,0,.0203326711225742,0,.0046301821091416
India,IND,2016,.5074076843261719,.6981500244140625,.6981500244140625,IND,.1131972067910235,.0790286326847568,.0423115062610697,.1213401389458265,.1213401389458265,0,0,.0856246361337917,2017,.028287410736084,0,0,1,1,0,0,.1063737140678207,0,.0338654688238236,0,.0118825265294317,0,.0027183049503904
India,IND,2017,.4978567123413086,.707760009765625,.707760009765625,IND,.1126999929529084,.0797645481129363,.0390420866224213,.1188066347353576,.1188066347353576,0,0,.082866113290883,2018,.0154180335998535,0,0,1,1,0,0,.1038402098573518,0,.034659906331832,0,.0093490223189628,0,.0021736027529096
India,IND,2018,.4912886047363281,.7168299865722656,.7168299865722656,IND,.113340951039386,.0812461924116509,.0367937395404162,.1180399319520671,.1180399319520671,0,0,.0964900350438159,2019,.0092206573486328,0,0,1,1,0,0,.1030735070740613,0,.0353544008732429,0,.0085823195356723,0,.0020079181611505
India,IND,2019,.4891550445556641,.7666500091552735,.7666500091552735,IND,.1149321971722541,.0881127700143443,.0360633946534292,.1241761646677735,.1241761646677735,0,0,.1253381857762964,2020,.0159294509887695,0,0,1,1,0,0,.1092097397897677,0,.0391987910811694,0,.0147185522513786,0,.0036064630339362
India,IND,2020,.4886933135986328,.9056199645996094,.9056199645996094,IND,.1256417253514557,.1137836548650192,.0359053382523548,.149688993117374,.149688993117374,0,0,.1103864609319957,2021,.0239121246337891,0,0,1,1,0,0,.1347225682393682,0,.0515776459532158,0,.0402313807009792,0,.0124273243865578
India,IND,2021,.4858105850219727,.8571299743652344,.8571299743652344,IND,.1177164944499181,.1008983358702235,.0349185434594936,.1358168793297172,.1358168793297172,0,0,.104322654492582,2022,.0046463775634765,0,0,1,1,0,0,.1208504544517114,0,.0468283155988711,0,.0263592669133224,0,.0066868414629561
India,IND,2022,.4848225021362305,.845979995727539,.845979995727539,IND,.113301565345975,.0958508577673114,.034580310073784,.1304311678410954,.1304311678410954,0,0,.0974221016778477,2023,.0073138809204102,0,0,1,1,0,0,.1154647429630896,0,.0455859028377898,0,.0209735554247006,0,.0052990402569874
India,IND,2023,.4845973205566406,.8501000213623047,.8501000213623047,IND,.1145206859934851,.0973540376094875,.0345032275444101,.1318572651538976,.1318572651538976,0,0,,,-.0010892868041992,1,0,0,1,0,,,,,0,.0223996527375028,0,.0055676164438621
Ireland,IRL,1995,.3371673583984375,.7852200317382813,.7852200317382813,IRL,.1263594058249078,.0992199366522644,-.015963930601288,.0832560060509765,.0832560060509765,0,0,-.0181805218036112,1996,,1,3,0,0,0,,,,,,,,
Ireland,IRL,1996,.3377870941162109,.6983300018310546,.6983300018310546,IRL,.1113356629406996,.0777490337052404,-.0157517871535141,.0619972465517263,.0619972465517263,0,0,.011139726529875,1997,.003526268005371,1,1,0,0,0,,,,,,,,
Ireland,IRL,1997,.3358826446533203,.6157799911499023,.6157799911499023,IRL,.0978946439106568,.0602815629609271,-.0164037045169674,.0438778584439597,.0438778584439597,0,0,-.0199135437910197,1998,.0043363571166992,1,1,0,0,0,,,,,,,,
Ireland,IRL,1998,.33496337890625,.5141400146484375,.5141400146484375,IRL,.0803308813750794,.0413013205269052,-.0167183809175862,.024582939609319,.024582939609319,0,0,.0231254195023985,1999,.0059948348999024,1,1,0,0,0,,,,,,,,
Ireland,IRL,1999,.3363545989990234,.4656999969482422,.4656999969482422,IRL,.0704646783976785,.0328154005147577,-.0162421485194383,.0165732519953195,.0165732519953195,0,0,-.0399500028859668,2000,.0041373443603515,1,1,0,0,0,,,,,,,,
Ireland,IRL,2000,.3354246139526367,.364119987487793,.364119987487793,IRL,.0535063444686887,.0194827294784565,-.0165604942730563,.0029222352054002,.0029222352054002,0,0,.0137239933539548,2001,.0046567153930664,0,0,1,1,0,.0120441896726056,0,.0064687944902789,0,.1065353772109946,0,.0048390992739884,0
Ireland,IRL,2001,.3343279266357422,.3357799911499024,.3357799911499024,IRL,.0493762585907485,.0165795596726168,-.0169359043419994,-.0003563446693826,-.0003563446693826,0,0,.0083054162522249,2002,.0009019470214844,0,0,1,1,0,.0153227695473884,0,.008243502016722,0,.1098139570857774,0,.0035563918933875,0
Ireland,IRL,2002,.3322480773925781,.3088999938964844,.3088999938964844,IRL,.0457150557979662,.0141213804569692,-.0176478632894035,-.0035264828324343,-.0035264828324343,0,0,.0104413445210325,2003,.0014727020263672,0,0,1,1,0,.0184929077104401,0,.0099762402713291,0,.1129840952488291,0,.0039313996429607,0
Ireland,IRL,2003,.3324530792236328,.2983200073242188,.2983200073242188,IRL,.0450761521339152,.0134471180347372,-.0175776885455689,-.0041305705108317,-.0041305705108317,0,0,.0033315745219293,2004,-.0024155807495118,0,0,1,1,0,.0190969953888375,0,.01025599291425,0,.1135881829272265,0,.0037574836501261,0
Ireland,IRL,2004,.3332094192504883,.2810300064086914,.2810300064086914,IRL,.0429808462089911,.0120789074855637,-.0173187836988982,-.0052398762133344,-.0052398762133344,0,0,.0029886217493328,2005,-.0020522689819336,0,0,1,1,0,.0202063010913402,0,.0108102739619059,0,.1146974886297292,0,.0032338505359921,0
Ireland,IRL,2005,.3306401443481445,.2605999946594239,.2605999946594239,IRL,.0365747920561037,.0095313906144902,-.0181982792974741,-.008666888682984,-.008666888682984,0,0,-.0037696975246511,2006,.0104628753662109,0,0,1,1,0,.0236333135609898,0,.0128909815754486,0,.1181245010993788,0,.002933306844492,0
Ireland,IRL,2006,.3279124450683594,.2365299987792969,.2365299987792969,IRL,.0103391049387179,.002445508478534,-.0191320055829025,-.0166864971043685,-.0166864971043685,0,0,.0186895740492654,2007,.0543026733398437,0,0,1,1,0,.0316529219823743,0,.0189841799805519,0,.1261441095207633,0,.0025619007220641,0
Ireland,IRL,2007,.3229889297485352,.2394799995422363,.2394799995422363,IRL,.0084919321026759,.0020336478960615,-.0208173877307437,-.0187837398346822,-.0187837398346822,0,0,.1645405251804466,2008,.0108636856079102,0,0,1,1,0,.0337501647126879,0,.0206086750156859,0,.128241352251077,0,.0022178310670833,0
Ireland,IRL,2008,.3236654281616211,.4251399993896484,.4251399993896484,IRL,.0366568125765868,.0155842772764366,-.0205858136877287,-.0050015364112921,-.0050015364112921,0,0,.1339256638073734,2009,-.0009236907958984,0,0,1,1,0,.0199679612892979,0,.0121744807144627,0,.1144591488276869,0,.0023072833489241,0
Ireland,IRL,2009,.3236386108398437,.6176499938964843,.6176499938964843,IRL,.0680898203427654,.0420556771191217,-.0205949935993245,.0214606835197973,.0214606835197973,0,0,.2331524367570826,2010,-.0051667404174806,0,0,1,1,0,0,.0064942586417915,0,.0039260001315596,.0879969288965975,0,.0038477491664604,0
Ireland,IRL,2010,.3201751327514649,.8623200225830078,.8623200225830078,IRL,.1093394491694595,.0942855962770219,-.0217805863639269,.072505009913095,.072505009913095,0,0,.2720217194722049,2011,-.0055613708496094,0,0,1,1,0,0,.0575385850350892,0,.0344640373593956,.0369526025032998,0,.0024704913148551,0
Ireland,IRL,2011,.3182571792602539,1.095899963378906,1.095899963378906,IRL,.1476095941161343,.1617653487862468,-.0224371263286674,.1393282224575794,.1393282224575794,0,0,.1172532258596196,2012,-.0043951034545898,0,0,1,1,0,0,.1243617975795736,0,.0739427294708802,0,.0298706100411846,0,.002170748567246
Ireland,IRL,2012,.3222147750854492,1.18911003112793,1.18911003112793,IRL,.1636510676883877,.1945991261930576,-.0210823907548187,.173516735438239,.173516735438239,0,0,.0295320152337358,2013,-.0089356613159179,0,0,1,1,0,0,.1585503105602331,0,.0928536989325844,0,.0640591230218441,0,.0060920398516284
Ireland,IRL,2013,.3215867233276367,1.176750030517578,1.176750030517578,IRL,.1550091119957782,.1824069772715347,-.0212973808892609,.1611095963822738,.1611095963822738,0,0,-.0648464135350564,2014,.0160568237304688,0,0,1,1,0,0,.1461431715042679,0,.0879341540708913,0,.051651983965879,0,.0053489331321849
Ireland,IRL,2014,.3173736763000488,1.013870010375977,1.013870010375977,IRL,.1226969030988642,.1243987104179456,-.0227395606707926,.101659149747153,.101659149747153,0,0,-.0089883049040658,2015,.0221958541870116,0,0,1,1,0,0,.0866927248691472,0,.0540871176064348,.0077984626692418,0,.0007698134184464,0
Ireland,IRL,2015,.3172701644897461,.7403099822998047,.7403099822998047,IRL,.0776349458667107,.0574739254004309,-.0227749940848966,.0346989313155343,.0346989313155343,0,0,-.003738707103919,2016,.0083998489379883,0,0,1,1,0,0,.0197325064375285,0,.0124767530780196,.0747586811008605,0,.0065800930263581,0
Ireland,IRL,2016,.3137601089477539,.7268299865722656,.7268299865722656,IRL,.087275634908402,.0634345485485598,-.0239765309064812,.0394580176420786,.0394580176420786,0,0,.0020475519569005,2017,-.0224101257324218,0,0,1,1,0,0,.0244915927640728,0,.0149370369802019,.0699995947743162,0,.0057090195133604,0
Ireland,IRL,2017,.3128697204589844,.6522200012207031,.6522200012207031,IRL,.0784969366331538,.051197272106697,-.0242813222529351,.0269159498537619,.0269159498537619,0,0,.0144114470559116,2018,-.0046678924560547,0,0,1,1,0,0,.0119495249757561,0,.0072320481246171,.0825416625626329,0,.006178565115491,0
Ireland,IRL,2018,.3175332260131836,.6133800125122071,.6133800125122071,IRL,.0695051098718161,.0426330451628369,-.0226849447671662,.0199481003956706,.0199481003956706,0,0,-.0078475297530372,2019,.0016796112060548,0,0,1,1,0,0,.0049816755176648,0,.0030233588494947,.0895095120207242,0,.0055283482916919,0
Ireland,IRL,2019,.3135784721374512,.5579000091552735,.5579000091552735,IRL,.0699141992173427,.0390051323834391,-.0240387075054333,.0149664248780058,.0149664248780058,0,0,.0391942531460827,2020,-.015388412475586,0,0,1,1,0,1.73472347598e-18,0,1.02610206505e-18,0,.094491187538389,0,.004823044318788,0
Ireland,IRL,2020,.3101036262512207,.5689699935913086,.5689699935913086,IRL,.0731375200374433,.0416130543069883,-.0252281916123623,.0163848626946261,.0163848626946261,0,0,.0471252143448799,2021,.0004963302612304,0,0,1,1,0,0,.0014184378166203,0,.0008397207173901,.0930727497217688,0,.0042241855872739,0
Ireland,IRL,2021,.3146815490722656,.5244400024414062,.5244400024414062,IRL,.062207352030284,.0326240238506355,-.0236611101887059,.0089629136619296,.0089629136619296,0,0,-.0258047386782914,2022,.0042173385620118,0,0,1,1,0,.0060035112160762,0,.0035794208846887,0,.1004946987544652,0,.0033098817406785,0
Ireland,IRL,2022,.3153812980651856,.4294300079345703,.4294300079345703,IRL,.0463905794647973,.0199215069076572,-.0234215771753956,-.0035000702677384,-.0035000702677384,0,0,-.0087014578071426,2023,.0024468231201171,0,0,1,1,0,.0184664951457442,0,.0110553008294925,0,.1129576826841332,0,.0030618305637666,0
Ireland,IRL,2023,.3155772590637207,.417509994506836,.417509994506836,IRL,.043671116679322,.0182331276848911,-.0233544972239482,-.0051213695390571,-.0051213695390571,0,0,,,.001847038269043,1,0,0,1,0,,,,,.1145789819554519,0,.0020934987119125,0
Iceland,ISL,1995,.3483221054077149,.5610900115966797,.5610900115966797,ISL,.0646283326613108,.036262311922409,-.0121455182979031,.0241167936245059,.0241167936245059,0,0,.0143327661063821,1996,,1,3,0,0,0,,,,,,,,
Iceland,ISL,1996,.3474803161621094,.5369100189208984,.5369100189208984,ISL,.0626740190420866,.0336503087497354,-.0124336735030013,.0212166352467342,.0212166352467342,0,0,.0095939644623007,1997,-.002892837524414,1,1,0,0,0,,,,,,,,
Iceland,ISL,1997,.3460844802856445,.5105500030517578,.5105500030517578,ISL,.0523089891347773,.0267063545623949,-.0129114859428322,.0137948686195627,.0137948686195627,0,0,-.0258337418867975,1998,.0160443496704101,1,1,0,0,0,,,,,,,,
Iceland,ISL,1998,.344682502746582,.4327099990844727,.4327099990844727,ISL,.0259854847359155,.0112441790762876,-.0133914007521751,-.0021472216758875,-.0021472216758875,0,0,.3792067169451702,1999,.034545021057129,1,1,0,0,0,,,,,,,,
Iceland,ISL,1999,.3430157852172852,.7553700256347656,.7553700256347656,ISL,.0745616996273268,.0563216729588656,-.0139619394398604,.0423597335190052,.0423597335190052,0,0,.0609922158530668,2000,.0025096893310547,1,1,0,0,0,,,,,,,,
Iceland,ISL,2000,.3411940002441406,.7484700012207032,.7484700012207032,ISL,.0598990660052805,.0448326540060913,-.0145855596931741,.0302470943129171,.0302470943129171,0,0,.1825017990414625,2001,.0329369354248047,0,0,1,1,0,0,.0152806694349113,0,.0098973800141897,.0792105181034777,0,.0025195396490228,0
Iceland,ISL,2001,.3403375625610351,.8249600219726563,.8249600219726563,ISL,.0723337968968089,.0596724906773571,-.0148787292454314,.0447937614319258,.0447937614319258,0,0,.0404499227937122,2002,-.0009554290771484,0,0,1,1,0,0,.02982733655392,0,.0192908444803769,.064663850984469,0,.001394715901356,0
Iceland,ISL,2002,.3402469635009766,.8130699920654297,.8130699920654297,ISL,.0593426546990011,.0482497317852584,-.014909742460282,.0333399893249764,.0333399893249764,0,0,.0510447834654022,2003,.0254479217529296,0,0,1,1,0,0,.0183735644469706,0,.0123506808079142,.0761176230914184,0,.0016365937569012,0
Iceland,ISL,2003,.3379075241088867,.8407199859619141,.8407199859619141,ISL,.0629564515400648,.0529287470549752,-.0157105624296053,.0372181846253698,.0372181846253698,0,0,.0438251987066352,2004,.0039875030517578,0,0,1,1,0,0,.022251759747364,0,.0150463264825403,.072239427791025,0,.0017614681446437,0
Iceland,ISL,2004,.3381053924560547,.8005899810791015,.8005899810791015,ISL,.0535920643461336,.0429052697808611,-.0156428295683716,.0272624402124895,.0272624402124895,0,0,-.0541170285974187,2005,.0072234344482422,0,0,1,1,0,0,.0122960153344837,0,.0084032118170097,.0821951722039053,0,.0017953328589487,0
Iceland,ISL,2005,.3354410171508789,.6775099945068359,.6775099945068359,ISL,.0343905494769337,.0232999409872044,-.0165548792488939,.0067450617383106,.0067450617383106,0,0,.1243881422323524,2006,.0043644714355469,0,0,1,1,0,.0082213631396952,0,.0056544383237251,0,.1027125506780842,0,.0008998884142339,0
Iceland,ISL,2006,.3324003219604492,.6982599639892578,.6982599639892578,ISL,.0293629336300891,.020502960979165,-.0175957480302587,.0029072129489063,.0029072129489063,0,0,.0667265208786964,2007,.0219988250732422,0,0,1,1,0,.0120592119290995,0,.0085592987359915,0,.1065503994674885,0,-.0014799541182025,0
Iceland,ISL,2007,.3305578231811523,.6744599914550782,.6744599914550782,ISL,.014417323148216,.0097239076473508,-.0182264588838521,-.0085025512365012,-.0085025512365012,0,0,.572650689671152,2008,.0278090667724609,0,0,1,1,0,.023468976114507,0,.0173102875536245,0,.117960163652896,0,-.0017776150538776,0
Iceland,ISL,2008,.3290128326416016,1.093089981079101,1.093089981079101,ISL,.0853477206692161,.0932927383714578,-.0187553288689739,.074537409502484,.074537409502484,0,0,.2119184730894412,2009,-.0153582763671875,0,0,1,1,0,0,.0595709846244782,0,.0430235611089541,.0349202029139108,0,-.000900674538763,0
Iceland,ISL,2009,.3296015167236328,1.282070007324219,1.282070007324219,ISL,.1111209246091455,.1424648046275212,-.0185538147925214,.1239109898349997,.1239109898349997,0,0,.0879665342302514,2010,.0057314300537109,0,0,1,1,0,0,.1089445649569939,0,.0793067260214927,0,.0144533774186049,0,.0007902000527623
Iceland,ISL,2010,.3268597412109375,1.315010070800781,1.315010070800781,ISL,.1173436792110873,.1543081199073961,-.0194923595521729,.1348157603552232,.1348157603552232,0,0,.1179589329604435,2011,.0003559112548828,0,0,1,1,0,0,.1198493354772174,0,.0872875624953535,0,.0253581479388284,0,.0014168295883245
Iceland,ISL,2011,.3254936599731446,1.366289978027344,1.366289978027344,ISL,.1267780657676968,.1732156006920955,-.0199599865993371,.1532556140927585,.1532556140927585,0,0,.0181032292610904,2012,-.0022150421142577,0,0,1,1,0,0,.1382891892147526,0,.1004111902977231,0,.0437980016763636,0,.0022098479279903
Iceland,ISL,2012,.325069694519043,1.322019958496094,1.322019958496094,ISL,.1278315633479548,.1689958780717539,-.0201051153866422,.1488907626851117,.1488907626851117,0,0,-.0365583929097608,2013,-.0170712280273438,0,0,1,1,0,0,.1339243378071059,0,.0949556374035309,0,.0394331502687169,0,.0025089805169105
Iceland,ISL,2013,.3245235443115234,1.210650024414063,1.210650024414063,ISL,.1109074396406879,.1342700945087,-.0202920695748595,.1139780249338405,.1139780249338405,0,0,.0013901393226881,2014,.0007817077636719,0,0,1,1,0,0,.0990116000558347,0,.0702790489162187,0,.0045204125174457,0,.0003096117605079
Iceland,ISL,2014,.3247174453735351,1.141210021972656,1.141210021972656,ISL,.0824005032219041,.0940362800924271,-.0202256947659813,.0738105853264458,.0738105853264458,0,0,-.0742769932611604,2015,.0405309295654297,0,0,1,1,0,0,.05884416044844,0,.0441529592298406,.035647027089949,0,.0026423887122891,0
Iceland,ISL,2015,.3265207290649414,.9631500244140625,.9631500244140625,ISL,.0640396968502569,.0616798355847941,-.0196084077375949,.0420714278471991,.0420714278471991,0,0,-.0759118368309706,2016,-.0215286254882813,0,0,1,1,0,0,.0271050029691933,0,.0197543570296197,.0673861845691957,0,.0055249253941209,0
Iceland,ISL,2016,.3291247177124024,.8133499908447266,.8133499908447266,ISL,.0476048223916266,.0387193818563944,-.0187170291809078,.0200023526754865,.0200023526754865,0,0,-.0692258264066148,2017,-.0171257781982422,0,0,1,1,0,0,.0050359277974807,0,.0035839828896157,.0894552597409083,0,.0042538805096275,0
Iceland,ISL,2017,.3275776672363281,.7079199981689454,.7079199981689454,ISL,.0328159951331756,.0232310992145898,-.0192466043085989,.003984494905991,.003984494905991,0,0,-.0360905004227811,2018,-.000865249633789,0,0,1,1,0,.0109819299720149,0,.0078061478939344,0,.1054731175104038,0,.0069523176700926,0
Iceland,ISL,2018,.3266650390625,.6225899887084961,.6225899887084961,ISL,.011923883320452,.0074236903818416,-.0195590085831613,-.0121353182013197,-.0121353182013197,0,0,.0742172035609169,2019,.0191146850585937,0,0,1,1,0,.0271017430793255,0,.0197824342635816,0,.1215929306177145,0,.0058876810376583,0
Iceland,ISL,2019,.3247609329223633,.6571800231933593,.6571800231933593,ISL,.0237412289842421,.0156022614145031,-.020210808422853,-.00460854700835,-.00460854700835,0,0,.0839722793285297,2020,-.0127123260498047,0,0,1,1,0,.0195749718863558,0,.0140395583733236,0,.1140661594247448,0,.0057936013548059,0
Iceland,ISL,2020,.322874526977539,.7608799743652344,.7608799743652344,ISL,.0441970321004053,.0336286366515758,-.0208565492597277,.0127720873918481,.0127720873918481,0,0,.0607227792300809,2021,-.0086071014404298,0,0,1,1,0,.0021943374861577,0,.0015549355143334,0,.0966855250245467,0,.0049631173185148,0
Iceland,ISL,2021,.3226933670043945,.7358899688720704,.7358899688720704,ISL,.0419491342136508,.0308699470706938,-.0209185626312331,.0099513844394607,.0099513844394607,0,0,.0511379512678138,2022,-.003266372680664,0,0,1,1,0,.0050150404385451,0,.0035373405913575,0,.0995062279769341,0,.0052795131515058,0
Iceland,ISL,2022,.3219317626953125,.6643099975585938,.6643099975585938,ISL,.0361838582148813,.0240372987623883,-.0211792695089141,.0028580292534742,.0028580292534742,0,0,.0172921114070274,2023,-.0106016540527344,0,0,1,1,0,.0121083956245316,0,.008412243933372,0,.1065995831629206,0,.0082989400446307,0
Iceland,ISL,2023,.322260856628418,.6151900100708008,.6151900100708008,ISL,.0291317455624854,.0179215588459654,-.021066616454381,-.0031450576084156,-.0031450576084156,0,0,,,-.0012452697753906,1,0,0,1,0,,,,,.1126026700248104,0,.0082702229086908,0
Israel,ISR,1995,.3285745239257812,,,ISR,,,-.0189053675378722,,,,,,,,4,5,0,0,0,,,,,,,,
Israel,ISR,1996,.3277987289428711,,,ISR,,,-.0191709320643634,,,,,,,.0026795959472656,4,3,0,0,0,,,,,,,,
Israel,ISR,1997,.3301698684692383,,,ISR,,,-.0183592607343913,,,,,,,-.001325569152832,4,3,0,0,0,,,,,,,,
Israel,ISR,1998,.3298926544189453,,,ISR,,,-.0184541546427363,,,,,,,-.001475830078125,4,3,0,0,0,,,,,,,,
Israel,ISR,1999,.3277177047729492,,,ISR,,,-.0191986676720866,,,,,,2000,.0017726898193359,4,3,0,0,0,,,,,,,,
Israel,ISR,2000,.3257609558105469,.7720600128173828,.7720600128173828,ISR,.1277523383957196,.0986324720192499,-.019868487821881,.0787639841973689,.0787639841973689,0,0,.0552155227330665,2001,.0022080612182618,0,0,1,1,0,0,.0637975593193631,0,.0331687756219304,.0306936282190259,0,.0030220333698959,0
Israel,ISR,2001,.3241885375976563,.8110700225830079,.8110700225830079,ISR,.1381528786343313,.1120516583938547,-.0204067466497302,.0916449117441244,.0916449117441244,0,0,.1009513817133478,2002,-.0083708953857422,0,0,1,1,0,0,.0766784868661186,0,.0392237879758974,.0178127006722704,0,.0019494950513764,0
Israel,ISR,2002,.3236014938354492,.8721299743652344,.8721299743652344,ISR,.1494505167483249,.1303402753405877,-.0206076992237664,.1097325761168213,.1097325761168213,0,0,.032077594388759,2003,-.0039793777465821,0,0,1,1,0,0,.0947661512388155,0,.0480991647854498,0,.0002749637004265,0,.0000490625661219
Israel,ISR,2003,.3216900253295898,.897239990234375,.897239990234375,ISR,.1540530524590338,.1382225592839191,-.0212620192952334,.1169605399886858,.1169605399886858,0,0,.0293548255697203,2004,.0003850555419922,0,0,1,1,0,0,.10199411511068,0,.0518070373711565,0,.007502927572291,0,.0007412432438326
Israel,ISR,2004,.3202936553955078,.8833200073242188,.8833200073242188,ISR,.1519009433979403,.1341771424348244,-.0217400145498045,.1124371278850199,.1124371278850199,0,0,.0153234835443669,2005,.0017103576660157,0,0,1,1,0,0,.0974707030070141,0,.0496761186922286,0,.0029795154686251,0,.000345459795075
Israel,ISR,2005,.3195873641967774,.8523000335693359,.8523000335693359,ISR,.152104651676293,.1296387997297567,-.0219817870436819,.1076570126860748,.1076570126860748,0,0,-.0218375980885075,2006,-.0102802276611328,0,0,1,1,0,0,.092690587808069,0,.0462870440587758,.00180059973032,0,.0002152080515042,0
Israel,ISR,2006,.3174155616760254,.7765399932861328,.7765399932861328,ISR,.1318419895232157,.1023805776591883,-.0227252227718848,.0796553548873035,.0796553548873035,0,0,-.0180722033669219,2007,.0224193954467773,0,0,1,1,0,0,.0646889300092977,0,.0337540990344844,.0298022575290913,0,.0029934830304212,0
Israel,ISR,2007,.317925796508789,.7078500366210938,.7078500366210938,ISR,.1149018518508647,.0813332800404661,-.0225505628749441,.058782717165522,.058782717165522,0,0,.0270279740276269,2008,.0142302703857422,0,0,1,1,0,0,.0438162922875162,0,.0234864630001345,.0506748952508728,0,.0051552795321692,0
Israel,ISR,2008,.3139380836486816,.7023899841308594,.7023899841308594,ISR,.1141501509586709,.0801779227203961,-.0239156078943189,.0562623148260771,.0562623148260771,0,0,.0646839776060374,2009,.0044227600097656,0,0,1,1,0,0,.0412958899480713,0,.0223181156421148,.0531952975903177,0,.0065510407525126,0
Israel,ISR,2009,.3168291854858398,.7256600189208985,.7256600189208985,ISR,.1238301173161822,.0898585652746379,-.0229259468274958,.0669326184471421,.0669326184471421,0,0,.0115629312355878,2010,-.017273941040039,0,0,1,1,0,0,.0519661935691363,0,.0271871561697062,.0425249939692527,0,.0053231021816024,0
Israel,ISR,2010,.3160124015808106,.6902799987792969,.6902799987792969,ISR,.1143739231377315,.0789500315238967,-.0232055423852952,.0557444891386015,.0557444891386015,0,0,.0288712489584063,2011,.010227813720703,0,0,1,1,0,0,.0407780642605957,0,.0217509324274808,.0537131232777933,0,.0051636033415705,0
Israel,ISR,2011,.3102099990844727,.6718599700927734,.6718599700927734,ISR,.1147910638728009,.0771235207404977,-.0251917788335787,.0519317419069189,.0519317419069189,0,0,.0367116527363393,2012,-.0005765533447265,0,0,1,1,0,0,.0369653170289131,0,.0196959087160184,.0575258705094759,0,.0055288059636822,0
Israel,ISR,2012,.3159162521362305,.6689399719238281,.6689399719238281,ISR,.1123411279328869,.0751494709653165,-.0232384555676241,.0519110153976925,.0519110153976925,0,0,.031268119202156,2013,-.0020237731933593,0,0,1,1,0,0,.0369445905196867,0,.0196100977182469,.0575465970187023,0,.0049811758922199,0
Israel,ISR,2013,.3121557998657227,.660260009765625,.660260009765625,ISR,.114526120712184,.0756170175798457,-.0245257063859578,.0510913111938879,.0510913111938879,0,0,.027151900141289,2014,-.0035928344726563,0,0,1,1,0,0,.0361248863158821,0,.0190452100074819,.0583663012225069,0,.0049091774970366,0
Israel,ISR,2014,.3092030906677246,.6576799774169921,.6576799774169921,ISR,.110583825997556,.0727287681847572,-.0255364564388794,.0471923117458778,.0471923117458778,0,0,0,2015,.0114432907104492,0,0,1,1,0,0,.032225886867872,0,.0173584093483188,.062265300670517,0,.0035637507808892,0
Israel,ISR,2015,.3082981491088867,.6284799957275391,.6284799957275391,ISR,.1049751692477604,.0659747939203301,-.025846229487003,.0401285644333272,.0401285644333272,0,0,.0182144731619987,2016,.0037346649169921,0,0,1,1,0,0,.0251621395553214,0,.0136475081810949,.0693290479830676,0,.0033196335730786,0
Israel,ISR,2016,.3041062927246094,.6172900009155273,.6172900009155273,ISR,.111056555250034,.0685541010919688,-.0272811554408085,.0412729456511603,.0412729456511603,0,0,.006763194545017,2017,-.0127799224853515,0,0,1,1,0,0,.0263065207731545,0,.0139320054136365,.0681846667652345,0,.0035070067050673,0
Israel,ISR,2017,.3084563255310059,.5982500076293945,.5982500076293945,ISR,.1073858508131918,.064243586068281,-.0257920836784227,.0384515023898583,.0384515023898583,0,0,.0313835887415713,2018,-.0032227706909179,0,0,1,1,0,0,.0234850775118525,0,.0123620743194775,.0710061100265365,0,.0036652989598574,0
Israel,ISR,2018,.3063933372497559,.6007600021362305,.6007600021362305,ISR,.1098191988735509,.0659749821498735,-.0264982709033156,.0394767112465579,.0394767112465579,0,0,.0251901093775763,2019,-.0022745132446289,0,0,1,1,0,0,.0245102863685521,0,.0128459747523895,.0699809011698369,0,.0042598438281463,0
Israel,ISR,2019,.3092901039123535,.593030014038086,.593030014038086,ISR,.1078813211714174,.0639768614087329,-.0255066706944271,.0384701907143059,.0384701907143059,0,0,.1134581351359466,2020,-.001596794128418,0,0,1,1,0,0,.0235037658363001,0,.0122809211771022,.0709874217020889,0,.0037935626408572,0
Israel,ISR,2020,.3018079376220703,.7107199859619141,.7107199859619141,ISR,.1240419932764542,.0881591237201294,-.0280679117333343,.060091211986795,.060091211986795,0,0,.0462489912815486,2021,.0123582077026367,0,0,1,1,0,0,.0451247871087892,0,.0241357535078726,.0493664004295998,0,.0026083583703854,0
Israel,ISR,2021,.2934412956237793,.6768599700927734,.6768599700927734,ISR,.1234460508907222,.0835556903139652,-.0309319200983578,.0526237702156074,.0526237702156074,0,0,-.0041151987105453,2022,-.0006217193603516,0,0,1,1,0,0,.0376573453376016,0,.0201182540220681,.0568338422007874,0,.0040565731027183,0
Israel,ISR,2022,.2930272102355957,.6031999969482422,.6031999969482422,ISR,.1135053598023285,.0684664326863737,-.0310736668129698,.0373927658734039,.0373927658734039,0,0,.0512771797488869,2023,-.0022593688964844,0,0,1,1,0,0,.0224263409953981,0,.011930494480264,.0720648465429909,0,.0062203949274303,0
Israel,ISR,2023,.2893659019470215,.6132899856567383,.6132899856567383,ISR,.1204857725718956,.0738927177324589,-.0323269793806102,.0415657383518487,.0415657383518487,0,0,,,-.0081329345703125,1,0,0,1,0,,,,,.0678918740645461,0,.0050060444754673,0
Italy,ITA,1995,.3462801742553711,1.190879974365234,1.190879974365234,ITA,.2012541520991865,.2396695394927762,-.0128444973987549,.2268250420940213,.2268250420940213,0,0,.0667748617388737,1996,,1,3,0,0,0,,,,,,,,
Italy,ITA,1996,.3477889251708984,1.188960037231445,1.188960037231445,ITA,.1999973218591618,.2377888232438584,-.0123280326995733,.2254607905442851,.2254607905442851,0,0,.0285823569894748,1997,.0004507064819336,1,1,0,0,0,,,,,,,,
Italy,ITA,1997,.3465506744384765,1.164899978637695,1.164899978637695,ITA,.1973150269036322,.2298522706249374,-.0127519017328578,.2171003688920796,.2171003688920796,0,0,.0219734651714491,1998,-.0007466506958008,1,1,0,0,0,,,,,,,,
Italy,ITA,1998,.3469474029541015,1.138870010375977,1.138870010375977,ITA,.1938585815436296,.2207797247740655,-.0126160964973015,.208163628276764,.208163628276764,0,0,.0276713126727625,1999,-.0015514755249023,1,1,0,0,0,,,,,,,,
Italy,ITA,1999,.34693115234375,1.130589981079102,1.130589981079102,ITA,.1905851017129714,.215473606539627,-.012621659288681,.202851947250946,.202851947250946,0,0,.0188934182319957,2000,.004593620300293,1,1,0,0,0,,,,,,,,
Italy,ITA,2000,.3486611938476563,1.087429962158203,1.087429962158203,ITA,.1757741886117284,.1911421192704407,-.0120294439960896,.1791126752743512,.1791126752743512,0,0,.053390903528636,2001,.0167544174194336,0,0,1,1,0,0,.1641462503963453,0,.0809049770146289,0,.0696550628579563,0,.0092402159677852
Italy,ITA,2001,.3482980346679688,1.085130004882813,1.085130004882813,ITA,.1748089529404989,.1896904399578829,-.0121537580194065,.1775366819384764,.1775366819384764,0,0,.0123144539193496,2002,.0018156814575195,0,0,1,1,0,0,.1625702570604705,0,.0804233717179257,0,.0680790695220816,0,.0088926745834555
Italy,ITA,2002,.3455797576904297,1.05947998046875,1.05947998046875,ITA,.1718676094075235,.1820902914582938,-.0130842589304904,.1690060325278034,.1690060325278034,0,0,.0256742440588608,2003,.0009992980957031,0,0,1,1,0,0,.1540396076497975,0,.076357197996125,0,.0595484201114086,0,.0070685842375146
Italy,ITA,2003,.3454304122924804,1.051139984130859,1.051139984130859,ITA,.1711553961804189,.1799082804249964,-.01313538176676,.1667728986582365,.1667728986582365,0,0,.0396752551734726,2004,-.0010737609863282,0,0,1,1,0,0,.1518064737802307,0,.0750872330822703,0,.0573152862418417,0,.0061859416758862
Italy,ITA,2004,.3455680084228516,1.047419967651367,1.047419967651367,ITA,.1707674932387467,.1788652822440332,-.0130882808547742,.165777001389259,.165777001389259,0,0,.0447399119617103,2005,-.0005550765991211,0,0,1,1,0,0,.1508105765112532,0,.0745109262624085,0,.0563193889728642,0,.0057654182596728
Italy,ITA,2005,.345366325378418,1.06177001953125,1.06177001953125,ITA,.167380580253925,.1777196819653619,-.0131573195355806,.1645623624297813,.1645623624297813,0,0,.0438971643119942,2006,.0128205871582032,0,0,1,1,0,0,.1495959375517755,0,.0758287177927798,0,.0551047500133865,0,.005512399455022
Italy,ITA,2006,.3461726760864258,1.062570037841797,1.062570037841797,ITA,.1636471823331805,.173886592724471,-.0128812953943124,.1610052973301587,.1610052973301587,0,0,.0130895825347856,2007,.0078001022338867,0,0,1,1,0,0,.1460388724521529,0,.0751647944148421,0,.0515476849137639,0,.0049267829939586
Italy,ITA,2007,.3438197708129883,1.03463996887207,1.03463996887207,ITA,.1599658094302099,.1655070200894679,-.0136867249067272,.1518202951827407,.1518202951827407,0,0,.0377452268508088,2008,.0014728927612304,0,0,1,1,0,0,.1368538703047349,0,.0706389337688892,0,.0423626827663459,0,.0042059515606553
Italy,ITA,2008,.3486319351196289,1.058030014038086,1.058030014038086,ITA,.1637770387358399,.1732810225927968,-.0120394596322119,.1612415629605849,.1612415629605849,0,0,.0612615903005595,2009,-.0061549758911132,0,0,1,1,0,0,.1462751380825791,0,.074601525692113,0,.0517839505441901,0,.0053415419369523
Italy,ITA,2009,.3476377487182617,1.16140998840332,1.16140998840332,ITA,.1817957721217354,.2111394255916773,-.0123797823292377,.1987596432624396,.1987596432624396,0,0,.0515331542216405,2010,-.0042253494262695,0,0,1,1,0,0,.1837932183844338,0,.0929594652156616,0,.0893020308460448,0,.0081233084911652
Italy,ITA,2010,.3474744415283203,1.187580032348633,1.187580032348633,ITA,.185327101779618,.2200907655265171,-.0124356844651432,.2076550810613739,.2076550810613739,0,0,.032735366767221,2011,.0011611175537108,0,0,1,1,0,0,.1926886561833681,0,.0976823596373623,0,.0981974686449791,0,.0088026343604648
Italy,ITA,2011,.3463905334472656,1.191289978027344,1.191289978027344,ITA,.1884681666508823,.2245202381083834,-.0128067200385179,.2117135180698654,.2117135180698654,0,0,.0491335495500591,2012,-.0045933151245117,0,0,1,1,0,0,.1967470931918596,0,.0988360385612874,0,.1022559056534706,0,.009919510161107
Italy,ITA,2012,.3469150924682617,1.259010009765625,1.259010009765625,ITA,.2029233485459982,.2554825270345705,-.0126271567890819,.2428553702454886,.2428553702454886,0,0,.0501353509297391,2013,-.0101270294189453,0,0,1,1,0,0,.2278889453674828,0,.1121723315212104,0,.1333977578290938,0,.0139057229354179
Italy,ITA,2013,.346716423034668,1.3185400390625,1.3185400390625,ITA,.2119558892729296,.2794723265214555,-.0126951638724258,.2667771626490297,.2667771626490297,0,0,.041578090212079,2014,.0001784133911133,0,0,1,1,0,0,.2518107377710239,0,.1239921302191475,0,.1573195502326349,0,.0151370856729347
Italy,ITA,2014,.3458668899536133,1.347969970703125,1.347969970703125,ITA,.2100478077169077,.2831381372144157,-.0129859698912566,.2701521673231592,.2701521673231592,0,0,.0225115112205718,2015,.0153864288330078,0,0,1,1,0,0,.2551857424451534,0,.1295803867949632,0,.1606945549067644,0,.0146882016139446
Italy,ITA,2015,.3456160736083984,1.347899932861328,1.347899932861328,ITA,.2083780118699579,.2808727082092933,-.0130718275281587,.2678008806811345,.2678008806811345,0,0,.0280717735687152,2016,.0040461349487305,0,0,1,1,0,0,.2528344558031287,0,.1294094327927482,0,.1583432682647397,0,.0130491958621946
Italy,ITA,2016,.346082878112793,1.342409973144531,1.342409973144531,ITA,.209878173232615,.2817425528928179,-.0129120343870527,.2688305185057652,.2688305185057652,0,0,.0261053487782629,2017,-.005816421508789,0,0,1,1,0,0,.2538640936277594,0,.1284598565240806,0,.1593729060893704,0,.0128080035613947
Italy,ITA,2017,.3463835525512695,1.337420043945313,1.337420043945313,ITA,.2108128314661504,.2819453063236946,-.0128091096883359,.2691361966353588,.2691361966353588,0,0,.0301520822325444,2018,-.0041731262207032,0,0,1,1,0,0,.2541697717573529,0,.1275538526877722,0,.159678584218964,0,.0124398433588461
Italy,ITA,2018,.3462861251831055,1.341999969482422,1.341999969482422,ITA,.2054673474141255,.2757371739593906,-.0128424603202215,.2628947136391691,.2628947136391691,0,0,.0168240957273427,2019,.0137870407104492,0,0,1,1,0,0,.2479282887611633,0,.1278397924849278,0,.1534371012227743,0,.0115820416441073
Italy,ITA,2019,.347572021484375,1.338999938964844,1.338999938964844,ITA,.2032093551701765,.2720973141699515,-.0124022816004746,.2596950325694769,.2596950325694769,0,0,.0900898706393009,2020,.0026042938232422,0,0,1,1,0,0,.2447286076914711,0,.1268272793098759,0,.1502374201530821,0,.0101962127979584
Italy,ITA,2020,.3459822845458984,1.543800048828125,1.543800048828125,ITA,.2345924703365683,.3621638671603046,-.0129464688491837,.349217398311121,.349217398311121,0,0,.0650084432530214,2021,.0009584808349609,0,0,1,1,0,0,.3342509734331152,0,.1735414034480103,0,.2397597858947262,0,.0165791067170131
Italy,ITA,2021,.3462299728393555,1.458190002441406,1.458190002441406,ITA,.2179917770810996,.3178734299540951,-.0128616819843311,.305011747969764,.305011747969764,0,0,.0421837379071416,2022,.0079644775390626,0,0,1,1,0,0,.2900453230917582,0,.1529001143407426,0,.1955541355533693,0,.0136163128862488
Italy,ITA,2022,.3421871566772461,1.383560028076172,1.383560028076172,ITA,.2074065236978219,.2869593757505398,-.0142455895674329,.2727137861831068,.2727137861831068,0,0,.0527934202228783,2023,.0030463790893555,0,0,1,1,0,0,.257747361305101,0,.1366591368183515,0,.163256173766712,0,.0137171020315534
Italy,ITA,2023,.3418868637084961,1.339380035400391,1.339380035400391,ITA,.1977126622066813,.2648123925054903,-.0143483836841925,.2504640088212978,.2504640088212978,0,0,,,.0071550369262695,1,0,0,1,0,,,,,0,.141006396404903,0,.0102904677599504
Japan,JPN,1995,.3694622039794922,.8068699645996094,.8068699645996094,JPN,.0861731813781032,.0695305518079858,-.0049089926811313,.0646215591268546,.0646215591268546,0,0,.0710716730932436,1996,,1,3,0,0,0,,,,,,,,
Japan,JPN,1996,.369591064453125,.8526000213623047,.8526000213623047,JPN,.0918095772707455,.0782768475423018,-.0048648820959669,.0734119654463349,.0734119654463349,0,0,.0737541886707997,1997,.0027619552612305,1,1,0,0,0,,,,,,,,
Japan,JPN,1997,.3689593887329102,.9131700134277344,.9131700134277344,JPN,.1010715207786549,.0922954819866058,-.0050811127590032,.0872143692276027,.0872143692276027,0,0,.0830314613813321,1998,.0005139923095703,1,1,0,0,0,,,,,,,,
Japan,JPN,1998,.3689472198486328,1.016019973754883,1.016019973754883,JPN,.116743932007751,.118614166734557,-.00508527832344,.1135288884111171,.1135288884111171,0,0,.1002447294137515,1999,-.0002244949340819,1,1,0,0,0,,,,,,,,
Japan,JPN,1999,.3689280319213867,1.135490036010742,1.135490036010742,JPN,.1322248321632255,.1501399794345353,-.0050918465958904,.1450481328386449,.1450481328386449,0,0,.0700958562610114,2000,.0059138870239257,1,1,0,0,0,,,,,,,,
Japan,JPN,2000,.3679869461059571,1.184980010986328,1.184980010986328,JPN,.1375511775168557,.162995395845106,-.0054139922844649,.1575814035606411,.1575814035606411,0,0,.0742287174484206,2001,.0059848785400392,0,0,1,1,0,0,.1426149786826353,0,.0842316290436609,0,.0481237911442463,0,.0022315020715227
Japan,JPN,2001,.3676542282104492,1.268430023193359,1.268430023193359,JPN,.1516604701581946,.1923706936802746,-.005527885867592,.1868428078126826,.1868428078126826,0,0,.060242616613058,2002,-.0029650497436524,0,0,1,1,0,0,.1718763829346768,0,.1010044535821213,0,.0773851953962878,0,.0034606438925043
Japan,JPN,2002,.3685089492797852,1.346269989013672,1.346269989013672,JPN,.1642623629879337,.2211414896151252,-.0052353039341425,.2159061856809827,.2159061856809827,0,0,.0504058754770491,2003,-.0028417205810547,0,0,1,1,0,0,.2009397608029769,0,.1175127522738294,0,.1064485732645879,0,.0049164463791334
Japan,JPN,2003,.3684321212768555,1.402420043945313,1.402420043945313,JPN,.1664395619654912,.2334181778058827,-.0052616031403358,.2281565746655469,.2281565746655469,0,0,.0983874486953268,2004,.0144038009643555,0,0,1,1,0,0,.2131901497875411,0,.1277477221168559,0,.1186989622491521,0,.0053732580158282
Japan,JPN,2004,.3679052352905273,1.488390045166016,1.488390045166016,JPN,.1763232418217354,.2624377578588711,-.0054419629397112,.2569957949191599,.2569957949191599,0,0,.0538486249825523,2005,.0076913452148438,0,0,1,1,0,0,.242029370041154,0,.146890280368284,0,.1475381825027651,0,.00570464880568
Japan,JPN,2005,.3675706100463867,1.534349975585938,1.534349975585938,JPN,.1725515155066429,.264754413604934,-.0055565094326247,.2591979041723093,.2591979041723093,0,0,-.0043212708758206,2006,.0246795272827148,0,0,1,1,0,0,.2442314792943035,0,.1542542820934154,0,.1497402917559145,0,.0042493514588124
Japan,JPN,2006,.3670805740356445,1.521020050048828,1.521020050048828,JPN,.1370723643860516,.2084898145387835,-.0057242550149282,.2027655595238553,.2027655595238553,0,0,-.0053896055245798,2007,.0763393402099609,0,0,1,1,0,0,.1877991346458495,0,.1329486113584805,0,.0933079471074605,0,.0019707864096097
Japan,JPN,2007,.3673125457763672,1.50447998046875,1.50447998046875,JPN,.1352904849603519,.203541826170758,-.0056448481267149,.1978969780440431,.1978969780440431,0,0,.0000541710814568,2008,-.0019011688232422,0,0,1,1,0,0,.1829305531660373,0,.1291542153855244,0,.0884393656276483,0,.0020555618506453
Japan,JPN,2008,.3693387222290039,1.536179962158203,1.536179962158203,JPN,.137792900184924,.2116746921917456,-.0049512620606982,.2067234301310474,.2067234301310474,0,0,.0822341993285904,2009,.0028652954101562,0,0,1,1,0,0,.1917570052530416,0,.13593538409151,0,.0972658177146526,0,.0027263133051139
Japan,JPN,2009,.3694464874267578,1.728580017089844,1.728580017089844,JPN,.1645976230326953,.2845201620348041,-.0049143726577706,.2796057893770335,.2796057893770335,0,0,.0957479842704192,2010,.0051215362548829,0,0,1,1,0,0,.2646393644990277,0,.1889566089377661,0,.1701481769606387,0,.0059198978126046
Japan,JPN,2010,.3675056457519531,1.785789947509766,1.785789947509766,JPN,.1631089078447648,.2912782479784777,-.005578747539947,.2856995004385307,.2856995004385307,0,0,.086241728978054,2011,.0252151489257813,0,0,1,1,0,0,.2707330755605248,0,.2001341879254427,0,.1762418880221359,0,.0065670182650307
Japan,JPN,2011,.3710005950927734,1.905639953613281,1.905639953613281,JPN,.1779690729489276,.3391449759189931,-.0043823817638702,.3347625941551229,.3347625941551229,0,0,.0824571678286793,2012,.0034031677246094,0,0,1,1,0,0,.3197961692771171,0,.2374914506773427,0,.2253049817387281,0,.0090685719263799
Japan,JPN,2012,.3719667053222656,1.971439971923828,1.971439971923828,JPN,.1853438751305997,.3653943239837229,-.0040516698988991,.3613426540848239,.3613426540848239,0,0,.0767514894821094,2013,.0047402191162109,0,0,1,1,0,0,.346376229206818,0,.2588726013306911,0,.2518850416684291,0,.0100640334305798
Japan,JPN,2013,.3726387786865235,2.011660003662109,2.011660003662109,JPN,.1873970804712822,.3769792115871281,-.0038216106065884,.3731576009805397,.3731576009805397,0,0,.0788622121638756,2014,.0083621215820313,0,0,1,1,0,0,.3581911761025339,0,.2706980240733047,0,.2636999885641449,0,.0095145063107891
Japan,JPN,2014,.3712348937988281,2.036450042724609,2.036450042724609,JPN,.2131154493867259,.4339989660088722,-.0043021783257176,.4296967876831547,.4296967876831547,0,0,.0432420421061425,2015,-.0481267547607422,0,0,1,1,0,0,.4147303628051489,0,.2934671054746409,0,.3202391752667599,0,.0107850767803676
Japan,JPN,2015,.3729849624633789,2.001450042724609,2.001450042724609,JPN,.2100552335573235,.4204150561778329,-.0037031074803697,.4167119486974632,.4167119486974632,0,0,.0461678645517934,2016,-.0070816802978515,0,0,1,1,0,0,.4017455238194574,0,.281433877918452,0,.3072543362810684,0,.0095320382288875
Japan,JPN,2016,.3726848220825195,2.021450042724609,2.021450042724609,JPN,.2201495478319973,.4450213128707944,-.0038058493643464,.441215463506448,.441215463506448,0,0,.0430814127994622,2017,-.0156582641601563,0,0,1,1,0,0,.4262490386284422,0,.2919249493626212,0,.3317578510900532,0,.0105255940966506
Japan,JPN,2017,.3717338180541992,2.031109924316406,2.031109924316406,JPN,.2194334285793997,.4456934145143941,-.0041313901838098,.4415620243305843,.4415620243305843,0,0,.0206376886991943,2018,.0060277557373046,0,0,1,1,0,0,.4265955994525785,0,.294733712359581,0,.3321044119141895,0,.0092304581321617
Japan,JPN,2018,.3703459930419922,2.037209930419922,2.037209930419922,JPN,.2232480745188513,.4548031943569306,-.0046064604025381,.4501967339543925,.4501967339543925,0,0,.0357856087561635,2019,-.0049494934082032,0,0,1,1,0,0,.4352303090763867,0,.2985452396606955,0,.3407391215379977,0,.0079208548633815
Japan,JPN,2019,.370751838684082,2.063260040283203,2.063260040283203,JPN,.2275229175162382,.4694389439599056,-.0044675342582031,.4649714097017025,.4649714097017025,0,0,.1533858802667888,2020,-.0012191009521484,0,0,1,1,0,0,.4500049848236967,0,.3081312933478985,0,.3555137972853077,0,.0070617065671987
Japan,JPN,2020,.370642204284668,2.2877099609375,2.2877099609375,JPN,.2624607448641273,.6004340603807399,-.0045050635127213,.5959289968680186,.5959289968680186,0,0,.0174737391385564,2021,-.0020606231689453,0,0,1,1,0,0,.5809625719900128,0,.3966045566697683,0,.4864713844516238,0,.0087358007142898
Japan,JPN,2021,.3699422073364258,2.226840057373047,2.226840057373047,JPN,.2526873753623076,.5626943694492457,-.0047446814043038,.5579496880449418,.5579496880449418,0,0,.0964877688498797,2022,.0020748138427734,0,0,1,1,0,0,.542983263166936,0,.3718038870927661,0,.448492075628547,0,.0075034647988092
Japan,JPN,2022,.3693905258178711,2.278309936523438,2.278309936523438,JPN,.2593736268543325,.590933511334348,-.0049335290309015,.5859999823034465,.5859999823034465,0,0,.0419684540429411,2023,.0031355285644531,0,0,1,1,0,0,.5710335574254407,0,.3928016165224765,0,.4765423698870517,0,.0052977110087771
Japan,JPN,2023,.3689566802978516,2.20302001953125,2.20302001953125,JPN,.2494439404398691,.5495299945397923,-.0050820398908998,.5444479546488926,.5444479546488926,0,0,,,-.0028202056884765,1,0,0,1,0,,,,,0,.4349903422324978,0,.0027662537957673
Kazakhstan,KAZ,1995,.3464847946166992,,,KAZ,,,-.0127744532368776,,,,,,,,4,5,0,0,0,,,,,,,,
Kazakhstan,KAZ,1996,.3449177169799805,,,KAZ,,,-.0133108839173251,,,,,,,-.0017730331420899,4,3,0,0,0,,,,,,,,
Kazakhstan,KAZ,1997,.3439942169189453,,,KAZ,,,-.0136270097776696,,,,,,,.0085032272338867,4,3,0,0,0,,,,,,,,
Kazakhstan,KAZ,1998,.3390388107299805,,,KAZ,,,-.0153233085771382,,,,,,,.0068803787231445,4,3,0,0,0,,,,,,,,
Kazakhstan,KAZ,1999,.3374191284179687,,,KAZ,,,-.0158777465094926,,,,,,,-.0003840637207031,4,3,0,0,0,,,,,,,,
Kazakhstan,KAZ,2000,.3320959091186523,,,KAZ,,,-.0176999524321568,,,,,,,.0022946548461914,3,2,0,0,0,,,,,,,,
Kazakhstan,KAZ,2001,.3339408111572266,,,KAZ,,,-.0170684189122327,,,,,,2002,.0093581771850585,3,2,0,0,0,,,,,,,,
Kazakhstan,KAZ,2002,.3327907180786133,.1759199905395508,.1759199905395508,KAZ,.0919945241063182,.016183675810474,-.017462110455193,-.0012784346447191,-.0012784346447191,0,0,.006818351821297,2003,.0062617874145508,0,0,1,1,0,.0162448595227249,0,.0063104292835788,0,.1107360470611139,0,.0014007856340124,0
Kazakhstan,KAZ,2003,.3315936660766601,.1496199989318848,.1496199989318848,KAZ,.0823863680165445,.0123266482946373,-.0178718766370928,-.0055452283424555,-.0055452283424555,0,0,-.0046327151262662,2004,.0141220474243164,0,0,1,1,0,.0205116532204613,0,.0082575616731229,0,.1150028407588503,0,-.0014108273912552,0
Kazakhstan,KAZ,2004,.3307301330566406,.1139200019836426,.1139200019836426,KAZ,.0773640762410008,.0088133157188375,-.0181674750137551,-.0093541592949177,-.0093541592949177,0,0,-.0091185380943025,2005,.0001312255859375,0,0,1,1,0,.0243205841729235,0,.0097941489243085,0,.1188117717113125,0,-.0026472522402034,0
Kazakhstan,KAZ,2005,.3310528182983398,.0810400009155273,.0810400009155273,KAZ,.0665095698461752,.0053899356012254,-.0180570157361041,-.0126670801348787,-.0126670801348787,0,0,.0087994467479637,2006,.0129391098022461,0,0,1,1,0,.0276335050128845,0,.0114858491129641,0,.1221246925512735,0,-.002082955727309,0
Kazakhstan,KAZ,2006,.3284153747558594,.0667700004577637,.0667700004577637,KAZ,.0774233218542866,.0051695552356523,-.0189598463304434,-.0137902910947911,-.0137902910947911,0,0,-.0152886330069785,2007,-.0265686416625977,0,0,1,1,0,.0287567159727969,0,.0111886841653988,0,.1232479035111859,0,-.0020562267974814,0
Kazakhstan,KAZ,2007,.3278841018676758,.0409200000762939,.0409200000762939,KAZ,.0672933911384667,.0027536455705201,-.0191417078223273,-.0163880622518072,-.0163880622518072,0,0,.043604433330453,2008,.0146912002563477,0,0,1,1,0,.031354487129813,0,.0126600619239508,0,.125845674668202,0,-.0041499095097039,0
Kazakhstan,KAZ,2008,.3247569274902344,.0676599979400635,.0676599979400635,KAZ,.0723747322867426,.0048968742374336,-.0202121795334043,-.0153153052959707,-.0153153052959707,0,0,.0406939672612354,2009,.0012593841552734,0,0,1,1,0,.0302817301739765,0,.0122650491038098,0,.1247729177123655,0,.0013802411140668,0
Kazakhstan,KAZ,2009,.3220245742797851,.1022700023651123,.1022700023651123,KAZ,.0710917892087667,.0072705574505206,-.0211474989187114,-.0138769414681907,-.0138769414681907,0,0,.0347559519127139,2010,.0179143905639648,0,0,1,1,0,.0288433663461965,0,.01219917803583,0,.1233345538845855,0,-.0004957445279359,0
Kazakhstan,KAZ,2010,.3195723915100098,.1068299961090088,.1068299961090088,KAZ,.0721131245302794,.0077038448129782,-.0219869123855046,-.0142830675725264,-.0142830675725264,0,0,.0247202549432407,2011,.0020738601684571,0,0,1,1,0,.0292494924505322,0,.0124316066864052,0,.1237406799889212,0,.0017881750293437,0
Kazakhstan,KAZ,2011,.3178253555297851,.1016100025177002,.1016100025177002,KAZ,.073740754676589,.0074927982683453,-.0225849451042922,-.0150921468359468,-.0150921468359468,0,0,.0315438641817543,2012,-.003463249206543,0,0,1,1,0,.0300585717139526,0,.012671380881914,0,.1245497592523416,0,-.0004743436963149,0
Kazakhstan,KAZ,2012,.3156438446044922,.12125,.12125,KAZ,.0735506855653952,.0089180206248042,-.0233317041433075,-.0144136835185033,-.0144136835185033,0,0,.0250234087055132,2013,.009674186706543,0,0,1,1,0,.0293801083965091,0,.0126695990365146,0,.1238712959348981,0,-.0030470561372771,0
Kazakhstan,KAZ,2013,.3166203498840332,.1260299968719482,.1260299968719482,KAZ,.0669849793128926,.0084421167332714,-.0229974339200009,-.0145553171867295,-.0145553171867295,0,0,.0337443913951659,2014,.0153821945190429,0,0,1,1,0,.0295217420647353,0,.0131847849740383,0,.1240129296031243,0,-.0026451817642216,0
Kazakhstan,KAZ,2014,.3177046775817871,.1449600028991699,.1449600028991699,KAZ,.058602998655002,.0084950908549291,-.0226262547064732,-.014131163851544,-.014131163851544,0,0,.0805199569991689,2015,.0242210388183594,0,0,1,1,0,.0290975887295498,0,.0137001265333355,0,.1235887762679388,0,-.0024361700109194,0
Kazakhstan,KAZ,2015,.3150807952880859,.2188199996948242,.2188199996948242,KAZ,.0742626229765267,.0162501471370604,-.0235244431122317,-.0072742959751712,-.0072742959751712,0,0,.0072506735402583,2016,-.0071245193481446,0,0,1,1,0,.022240720853177,0,.0103132273387749,0,.1167319083915661,0,.0026141874854674,0
Kazakhstan,KAZ,2016,.3129648780822754,.1967700004577637,.1967700004577637,KAZ,.0627887266554306,.0123549377727315,-.0242487485836952,-.0118938108109637,-.0118938108109637,0,0,.0332563897685198,2017,.0208618927001953,0,0,1,1,0,.0268602356889695,0,.0130156943189978,0,.1213514232273585,0,.0015982314097319,0
Kazakhstan,KAZ,2017,.3139732170104981,.1986899948120117,.1986899948120117,KAZ,.0538559723173274,.0107006428603256,-.0239035812960547,-.0132029384357291,-.0132029384357291,0,0,.0316109208628008,2018,.0197255325317383,0,0,1,1,0,.0281693633137349,0,.0142057154424006,0,.1226605508521239,0,-.0059591417626239,0
Kazakhstan,KAZ,2018,.315794734954834,.2025900077819824,.2025900077819824,KAZ,.0556172313259503,.0112674953271366,-.023280052450111,-.0120125571229744,-.0120125571229744,0,0,.021735250556986,2019,-.0047492218017578,0,0,1,1,0,.0269789820009802,0,.0134772809692684,0,.1214701695393692,0,-.0045014149674834,0
Kazakhstan,KAZ,2019,.316895580291748,.1994400024414063,.1994400024414063,KAZ,.0517719437712458,.0103253965921336,-.0229032190378337,-.0125778224457001,-.0125778224457001,0,0,.0683659233255612,2020,.0063604736328125,0,0,1,1,0,.0275442473237059,0,.0139348522641294,0,.1220354348620949,0,-.0012092540459622,0
Kazakhstan,KAZ,2020,.3231137084960938,.2635700035095215,.2635700035095215,KAZ,.0576573156759948,.0151967388950715,-.0207746743725221,-.0055779354774505,-.0055779354774505,0,0,.0346949699416437,2021,.0014928436279297,0,0,1,1,0,.0205443603554563,0,.0104242236795867,0,.1150355478938453,0,-.0042311322119019,0
Kazakhstan,KAZ,2021,.3212435531616211,.2510000038146973,.2510000038146973,KAZ,.0563667405770792,.0141480520998689,-.0214148524180171,-.0072668003181482,-.0072668003181482,0,0,.0397566147453103,2022,.0007676696777343,0,0,1,1,0,.022233225196154,0,.0112982227250016,0,.116724412734543,0,.0041287575296507,0
Kazakhstan,KAZ,2022,.3198880386352539,.2352400016784668,.2352400016784668,KAZ,.0562788941318249,.0132390471500328,-.0218788623449651,-.0086398151949323,-.0086398151949323,0,0,.029299966887482,2023,-.0036419677734375,0,0,1,1,0,.0236062400729381,0,.0119099723479686,0,.1180974276113271,0,.0038692966389866,0
Kazakhstan,KAZ,2023,.3158403968811035,.2298200035095215,.2298200035095215,KAZ,.0562818809989983,.0129347020887122,-.0232644217898264,-.0103297197011141,-.0103297197011141,0,0,,,.0027964782714844,1,0,0,1,0,,,,,.1197873321175089,0,.0046432579234526,0
Kenya,KEN,1995,.5337838745117187,,,KEN,,,.0513404128814662,,,,,,,,3,3,0,0,0,,,,,,,,
Kenya,KEN,1996,.5337625503540039,,,KEN,,,.051333113350055,,,,,,,3.16619873048e-06,3,1,0,0,0,,,,,,,,
Kenya,KEN,1997,.5350999450683593,,,KEN,,,.0517909206340329,,,,,,1998,-.001355037689209,3,1,0,0,0,,,,,,,,
Kenya,KEN,1998,.532681999206543,.3849800109863281,.3849800109863281,KEN,.0664537844790375,.025583378678823,.0509632268979043,.0765466055767272,.0765466055767272,0,0,.0183184910465978,1999,-.0018520736694336,0,0,1,1,0,0,.0615801806987214,0,.0177209875902067,.0329110068396676,0,.0042162189999021,0
Kenya,KEN,1999,.5309724426269531,.3840900039672852,.3840900039672852,KEN,.0679397705167323,.0260949867273081,.050378023856418,.0764730105837261,.0764730105837261,0,0,.0732362191912638,2000,-.0017015266418457,0,0,1,1,0,0,.0615065857057203,0,.0175951539943435,.0329846018326687,0,.0045349568300666,0
Kenya,KEN,2000,.5307399368286133,.4312200164794922,.4312200164794922,KEN,.0759092845617319,.0327336029396565,.0502984341534646,.0830320370931211,.0830320370931211,0,0,.0059603877812535,2001,-.0016255187988281,0,0,1,1,0,0,.0680656122151153,0,.0193608490455906,.0264255753232737,0,.0037935988761633,0
Kenya,KEN,2001,.5269361114501954,.412760009765625,.412760009765625,KEN,.0743118310057878,.0306729520916504,.0489963361665897,.0796692882582401,.0796692882582401,0,0,.0158429171391566,2002,.0016704559326172,0,0,1,1,0,0,.0647028633802343,0,.0185124188922126,.0297883241581547,0,.0040945511404171,0
Kenya,KEN,2002,.5237925338745117,.420099983215332,.420099983215332,KEN,.0762628912271343,.0320380393244718,.0479202494313502,.0799582887558221,.0799582887558221,0,0,.0545728441087979,2003,.001717472076416,0,0,1,1,0,0,.0649918638778163,0,.0187067277984611,.0294993236605727,0,.0044158572467501,0
Kenya,KEN,2003,.523238639831543,.4379199981689453,.4379199981689453,KEN,.0801819270435752,.0351132693441049,.0477306444294004,.0828439137735054,.0828439137735054,0,0,.0147917303564252,2004,-.0021290969848633,0,0,1,1,0,0,.0678774888954996,0,.0193927848013899,.0266136986428894,0,.0032783981992675,0
Kenya,KEN,2004,.5237166976928711,.4075500106811523,.4075500106811523,KEN,.0728857249107252,.0297045779658696,.0478942897382458,.0775988677041154,.0775988677041154,0,0,.0045649949335338,2005,.0055625915527344,0,0,1,1,0,0,.0626324428261096,0,.0182426594468141,.0318587447122794,0,.0029601668395983,0
Kenya,KEN,2005,.5199403762817383,.374119987487793,.374119987487793,KEN,.0747697613782528,.0279728621912972,.0466016067104898,.074574468901787,.074574468901787,0,0,.024783339695941,2006,-.0113762283325196,0,0,1,1,0,0,.0596080440237812,0,.0166836421969599,.0348831435146078,0,.0036065032491918,0
Kenya,KEN,2006,.5285877609252929,.3706600189208984,.3706600189208984,KEN,.0764726860729799,.0283453672667426,.0495617168669629,.0779070841337056,.0779070841337056,0,0,.0243647065013601,2007,-.0149999618530273,0,0,1,1,0,0,.0629406592556998,0,.0166722974095248,.0315505282826892,0,.003269455748625,0
Kenya,KEN,2007,.5285835647583008,.3419499969482422,.3419499969482422,KEN,.0741381664950778,.0253515458067401,.0495602804654331,.0749118262721732,.0749118262721732,0,0,.0517657887246282,2008,-.0045490455627442,0,0,1,1,0,0,.0599454013941674,0,.015606191753617,.0345457861442216,0,.0032947827413037,0
Kenya,KEN,2008,.5284622955322266,.3425400161743164,.3425400161743164,KEN,.0737182048975209,.0252514350979384,.0495187684612183,.0747702035591567,.0747702035591567,0,0,.0721923144466504,2009,.001292896270752,0,0,1,1,0,0,.0598037786811509,0,.015646641764876,.0346874088572381,0,.0032368645077708,0
Kenya,KEN,2009,.5327435302734375,.3596099853515625,.3596099853515625,KEN,.0724678501866347,.0260601625440749,.0509842897676112,.0770444523116861,.0770444523116861,0,0,.0434103896316845,2010,.003752326965332,0,0,1,1,0,0,.0620780274336803,0,.0164745973350463,.0324131601047087,0,.0029294692968223,0
Kenya,KEN,2010,.5306078338623047,.3669499969482422,.3669499969482422,KEN,.0780815678079503,.0286520310688413,.0502532136216635,.0789052446905048,.0789052446905048,0,0,.0459608417325534,2011,-.0077373504638672,0,0,1,1,0,0,.063938819812499,0,.016473707263601,.03055236772589,0,.0028876861539732,0
Kenya,KEN,2011,.5241162490844726,.356870002746582,.356870002746582,KEN,.0838053431092544,.0299076130255779,.0480310612802859,.0779386743058638,.0779386743058638,0,0,.0739336824234246,2012,-.0089414405822754,0,0,1,1,0,0,.062972249427858,0,.0156616097375082,.031518938110531,0,.0032666471944024,0
Kenya,KEN,2012,.5197709655761719,.3761600112915039,.3761600112915039,KEN,.0921141809361261,.0346496713410408,.0465436152632681,.0811932866043089,.0811932866043089,0,0,.0667718097137549,2013,-.0072002410888672,0,0,1,1,0,0,.0662268617263031,0,.0159942037027235,.0282643258120859,0,.0029575816773117,0
Kenya,KEN,2013,.5158582687377929,.3975600051879883,.3975600051879883,KEN,.093976530869945,.0373613101002045,.0452042491857895,.082565559285994,.082565559285994,0,0,.0690775444958519,2014,.0076231575012207,0,0,1,1,0,0,.0675991344079882,0,.016840935036082,.0268920531304008,0,.0030204029149018,0
Kenya,KEN,2014,.5123193740844727,.4128099822998047,.4128099822998047,KEN,.0934503045459243,.0385772185655144,.0439928403682357,.0825700589337501,.0825700589337501,0,0,.1127205967149577,2015,.0104937934875488,0,0,1,1,0,0,.0676036340557443,0,.0175514746056321,.0268875534826447,0,.0035404784839537,0
Kenya,KEN,2015,.5071034240722656,.4583200073242187,.4583200073242187,KEN,.1050426984874652,.0481431703401307,.0422073540919546,.0903505244320853,.0903505244320853,0,0,.0976272850691474,2016,-.0046463584899902,0,0,1,1,0,0,.0753840995540795,0,.0192212027271285,.0191070879843095,0,.0027493254382983,0
Kenya,KEN,2016,.5020100402832032,.5039899826049805,.5039899826049805,KEN,.1061890573910826,.053518221187371,.040463823798543,.093982044985914,.093982044985914,0,0,.0977515847306467,2017,.0189227867126465,0,0,1,1,0,0,.0790156201079082,0,.021642352244526,.0154755674304808,0,.0024288969023793,0
Kenya,KEN,2017,.5105216979980469,.5386600112915039,.5386600112915039,KEN,.1010969470629564,.0544568826464687,.0433774728946211,.0978343555410897,.0978343555410897,0,0,.082852787579783,2018,.0136131858825684,0,0,1,1,0,0,.0828679306630839,0,.0238255953767875,.0116232568753051,0,.0020867278595732,0
Kenya,KEN,2018,.5093405532836914,.5644900131225586,.5644900131225586,KEN,.1031118872731961,.0582056305999383,.0429731519803393,.1011787825802776,.1011787825802776,0,0,.0831261604140489,2019,.0056505584716797,0,0,1,1,0,0,.0862123577022718,0,.0252743091131135,.0082788298361172,0,.0016394376820213,0
Kenya,KEN,2019,.5030609512329102,.5908499908447266,.5908499908447266,KEN,.109009572241942,.064408304761139,.0408235640326143,.1052318687937533,.1052318687937533,0,0,.1204270241169021,2020,.0029105949401855,0,0,1,1,0,0,.0902654439157475,0,.0267252518490331,.0042257436226415,0,.0008985919432147,0
Kenya,KEN,2020,.5010275650024414,.6795899963378906,.6795899963378906,KEN,.1237506927037619,.084099732801361,.0401275099676052,.1242272427689662,.1242272427689662,0,0,.0863189835651503,2021,-.0006243133544921,0,0,1,1,0,0,.1092608178909604,0,.0322810753854882,0,.0147696303525714,0,.0034779697892131
Kenya,KEN,2021,.5006044006347656,.6823200225830078,.6823200225830078,KEN,.122106105393703,.0833154405897546,.0399826554024104,.123298095992165,.123298095992165,0,0,.0780902519144102,2022,.0051472473144531,0,0,1,1,0,0,.1083316711141592,0,.032564169156339,0,.0138404835757702,0,.0033665150568988
Kenya,KEN,2022,.4998439025878906,.6780000305175782,.6780000305175782,KEN,.1198336043065251,.0812471873768554,.0397223272124055,.1209695145892609,.1209695145892609,0,0,.1400683076051682,2023,.0045412063598633,0,0,1,1,0,0,.1060030897112551,0,.0323455866104904,0,.0115119021728661,0,.0029439347850994
Kenya,KEN,2023,.5004829025268555,.7340499877929687,.7340499877929687,KEN,.1278073437055245,.093816979086892,.0399410650490212,.1337580441359132,.1337580441359132,0,0,,,.000418701171875,1,0,0,1,0,,,,,0,.0243004317195184,0,.0068453129794763
Korea,KOR,1995,.3807489013671875,.0848499965667725,.0848499965667725,KOR,-.0111797364542582,-.0009486005997612,-.0010454120787282,-.0019940126784894,-.0019940126784894,0,0,.0028602559504188,1996,,0,2,1,0,0,.0169604375564952,0,.0090850173036,0,,,,
Korea,KOR,1996,.3813215255737304,.0781099987030029,.0781099987030029,KOR,-.0146015023766859,-.0011405233317048,-.0008493955026766,-.0019899188343815,-.0019899188343815,0,0,.0289011787423511,1997,.0047791671752929,0,0,1,1,0,.0169563437123873,0,.0091638615989258,0,.1114475312507763,0,.0026327262691658,0
Korea,KOR,1997,.3783153533935547,.0969400024414063,.0969400024414063,KOR,-.0147958191355598,-.0014343067431238,-.001878446616909,-.0033127533600327,-.0033127533600327,0,0,.0403168791659084,1998,.0103557968139648,0,0,1,1,0,.0182791782380385,0,.0100680678112118,0,.1127703657764275,0,.0028072430073179,0
Korea,KOR,1998,.3754692459106445,.1381700038909912,.1381700038909912,KOR,-.0063457484589964,-.0008767920892708,-.0028527055418726,-.0037294976311434,-.0037294976311434,0,0,.0353496316476569,1999,-.0017263793945312,0,0,1,1,0,.0186959225091492,0,.0102653319392565,0,.1131871100475382,0,.0040317745549862,0
Korea,KOR,1999,.3737557983398437,.1575899982452393,.1575899982452393,KOR,-.0083186118929628,-.0013109300336148,-.0034392405193229,-.0047501705529378,-.0047501705529378,0,0,.0197222423565688,2000,.0130970001220704,0,0,1,1,0,.0197165954309436,0,.0110839789859334,0,.1142077829693326,0,.0063408406690691,0
Korea,KOR,2000,.3724760437011719,.1608699989318848,.1608699989318848,KOR,-.0133430153150139,-.0021464908594744,-.0038773168695579,-.0060238077290323,-.0060238077290323,0,0,.0194014075648634,2001,.0139758682250976,0,0,1,1,0,.0209902326070381,0,.0120933298968262,0,.1154814201454271,0,-.0079688320841952,0
Korea,KOR,2001,.3711313629150391,.16625,.16625,KOR,-.0172856164343965,-.0028737337322184,-.0043376182689195,-.0072113520011379,-.0072113520011379,0,0,.0162602667105668,2002,.0123206329345704,0,0,1,1,0,.0221777768791437,0,.0130507668797714,0,.1166689644175327,0,-.0059476403330518,0
Korea,KOR,2002,.3705017852783203,.1644400024414062,.1644400024414062,KOR,-.0210492595799117,-.0034613402967105,-.0045531307311908,-.0080144710279013,-.0080144710279013,0,0,.0394663041595327,2003,.0086275100708008,0,0,1,1,0,.0229808959059071,0,.0137216393827061,0,.1174720834442961,0,-.0073254891764675,0
Korea,KOR,2003,.3704393768310547,.1910199928283692,.1910199928283692,KOR,-.0184449361758072,-.0035233515760224,-.0045744939393995,-.0080978455154219,-.0080978455154219,0,0,.0436142571115288,2004,.0032846832275391,0,0,1,1,0,.0230642703934277,0,.0138471801913981,0,.1175554579318167,0,-.0061880872825387,0
Korea,KOR,2004,.3701050186157226,.2160300064086914,.2160300064086914,KOR,-.0180935638225958,-.0039087527085514,-.0046889490249428,-.0085977017334943,-.0085977017334943,0,0,.0469675361498433,2005,.00816162109375,0,0,1,1,0,.0235641266115001,0,.0143396021661243,0,.1180553141498891,0,-.0047128124525878,0
Korea,KOR,2005,.3677494430541992,.2491699981689453,.2491699981689453,KOR,-.0167120241526366,-.0041641350275118,-.0054952926110585,-.0096594276385704,-.0096594276385704,0,0,.0349797598514031,2006,.0109428405761719,0,0,1,1,0,.0246258525165762,0,.0152551766053105,0,.1191170400549652,0,-.0031479462937818,0
Korea,KOR,2006,.3681682968139648,.2704299926757813,.2704299926757813,KOR,-.0253496063415793,-.0068552938572872,-.0053519136219808,-.012207207479268,-.012207207479268,0,0,.0154150975119797,2007,.0263647842407226,0,0,1,1,0,.0271736323572738,0,.0175498974030865,0,.1216648198956628,0,-.0037661069337921,0
Korea,KOR,2007,.3672691345214844,.2634600067138672,.2634600067138672,KOR,-.0350229062787299,-.0092271351233333,-.0056597083534518,-.0148868434767851,-.0148868434767851,0,0,.0107038858216922,2008,.020551986694336,0,0,1,1,0,.0298532683547909,0,.01989406524864,0,.1243444558931799,0,-.0042959920553175,0
Korea,KOR,2008,.366517105102539,.2585600090026856,.2585600090026856,KOR,-.0336492311837262,-.0087003455177977,-.0059171376240054,-.0146174831418031,-.0146174831418031,0,0,.0418654493768199,2009,-.0039242553710938,0,0,1,1,0,.0295839080198089,0,.019598470089995,0,.1240750955581979,0,-.0026755062117446,0
Korea,KOR,2009,.3660447692871094,.2879100036621094,.2879100036621094,KOR,-.0314723908103581,-.0090612161534655,-.0060788242034917,-.0151400403569573,-.0151400403569573,0,0,.0228060044752059,2010,.0056742095947265,0,0,1,1,0,.0301064652349631,0,.0201154792897729,0,.1245976527733521,0,-.0041956739435764,0
Korea,KOR,2010,.3653825378417969,.2827499961853027,.2827499961853027,KOR,-.0451102667564721,-.0127549277533105,-.006305514481305,-.0190604422346155,-.0190604422346155,0,0,.0501373635086622,2011,.0298774719238281,0,0,1,1,0,.0340268671126213,0,.0237515123278573,0,.1285180546510103,0,-.0046807059401082,0
Korea,KOR,2011,.3641575622558594,.3170000076293945,.3170000076293945,KOR,-.0407915260840585,-.0129309140798612,-.0067248392624766,-.0196557533423378,-.0196557533423378,0,0,.0313466520477096,2012,.0033699798583985,0,0,1,1,0,.0346221782203436,0,.0242837288047122,0,.1291133657587326,0,-.0045047051024864,0
Korea,KOR,2012,.3643527603149414,.335359992980957,.335359992980957,KOR,-.0385064872536168,-.0129135352950942,-.0066580204749438,-.019571555770038,-.019571555770038,0,0,.0405647219460227,2013,.0008936309814453,0,0,1,1,0,.0345379806480438,0,.024255537486359,0,.1290291681864328,0,-.0027379189381723,0
Korea,KOR,2013,.3633062744140625,.3600699996948242,.3600699996948242,KOR,-.0393758114507902,-.0141780484170695,-.0070162459583107,-.0211942943753802,-.0211942943753802,0,0,.0349642192304678,2014,.0116431427001953,0,0,1,1,0,.036160719253386,0,.0258161883738248,0,.130651906791775,0,-.0027903542502958,0
Korea,KOR,2014,.3621115112304688,.37875,.37875,KOR,-.0423032715463044,-.0160223640981628,-.0074252286484669,-.0234475927466297,-.0234475927466297,0,0,.0339290997368148,2015,.0144078063964844,0,0,1,1,0,.0384140176246355,0,.0279783452950153,0,.1329052051630245,0,-.0028060732148341,0
Korea,KOR,2015,.3621993255615235,.3884299850463867,.3884299850463867,KOR,-.0381865893636325,-.0148328163354883,-.0073951686819043,-.0222279850173926,-.0222279850173926,0,0,.0237526611695014,2016,-.0061056518554689,0,0,1,1,0,.0371944098953984,0,.0268629639031743,0,.1316855974337874,0,-.0021564309964108,0
Korea,KOR,2016,.3617984771728516,.3914400100708008,.3914400100708008,KOR,-.0305830066192437,-.0119714124190321,-.0075323842025991,-.0195037966216313,-.0195037966216313,0,0,.0096662882396954,2017,-.0157253265380859,0,0,1,1,0,.0344702214996371,0,.0243534145153954,0,.1289614090380261,0,-.0017541835717281,0
Korea,KOR,2017,.3620629501342774,.3801100158691406,.3801100158691406,KOR,-.0344395941763607,-.0130908346889032,-.0074418517316268,-.0205326864205301,-.0205326864205301,0,0,.0126614730082731,2018,.0045454406738281,0,0,1,1,0,.0354991112985359,0,.0252416903227489,0,.1299902988369249,0,-.0020520820871016,0
Korea,KOR,2018,.3622951889038086,.3785400009155274,.3785400009155274,KOR,-.0372275550797187,-.0140921187339596,-.0073623534360435,-.021454472170003,-.021454472170003,0,0,.0254143410009481,2019,.0055078887939454,0,0,1,1,0,.0364208970480088,0,.026097729557125,0,.1309120845863979,0,-.0023646455341429,0
Korea,KOR,2019,.3601791381835938,.3972999954223633,.3972999954223633,KOR,-.0322168894307377,-.0127997700233549,-.008086704611192,-.0208864746345469,-.0208864746345469,0,0,.0658727231050465,2020,-.0024800872802735,0,0,1,1,0,.0358528995125527,0,.0256018073664779,0,.1303440870509417,0,-.002936193620173,0
Korea,KOR,2020,.3582615661621094,.4591500091552734,.4591500091552734,KOR,-.0219946601424972,-.0100988484057947,-.0087431139939752,-.01884196239977,-.01884196239977,0,0,.0588310217824774,2021,.0002588653564454,0,0,1,1,0,.0338083872777757,0,.0241506156645648,0,.1282995748161647,0,-.0026963446943997,0
Korea,KOR,2021,.3575287628173828,.4798799896240235,.4798799896240235,KOR,-.0203351927129536,-.0097584520680947,-.0089939619338826,-.0187524140019773,-.0187524140019773,0,0,.04093133934587,2022,.0041912078857421,0,0,1,1,0,.0337188388799831,0,.0242279705048238,0,.1282100264183721,0,-.0020234159640207,0
Korea,KOR,2022,.3567074584960938,.4979800033569336,.4979800033569336,KOR,-.0188423423570154,-.009383109710199,-.0092751048878757,-.0186582145980747,-.0186582145980747,0,0,.0258745820121212,2023,.0037689971923829,0,0,1,1,0,.0336246394760805,0,.0242870166537761,0,.1281158270144695,0,-.0012054728553051,0
Korea,KOR,2023,.3568861770629883,.5053900146484375,.5053900146484375,KOR,-.019887852418718,-.0100511220252219,-.0092139272408967,-.0192650492661186,-.0192650492661186,0,0,,,.0047016143798828,1,0,0,1,0,,,,,.1287226616825134,0,-.000419235956108,0
Sri Lanka,LKA,1995,.481387710571289,.7780699920654297,.7780699920654297,LKA,.1225936862736261,.0953864685061921,.0334045370723679,.12879100557856,.12879100557856,0,0,.0987639435384881,1996,,0,2,1,0,0,0,.1138245807005542,0,.0403439933455228,,,,
Sri Lanka,LKA,1996,.4804489135742188,.7622699737548828,.7622699737548828,LKA,.1213990690893583,.0925388652086123,.0330831748755371,.1256220400841494,.1256220400841494,0,0,.0507371564505955,1997,-.0016292190551758,0,0,1,1,0,0,.1106556152061436,0,.0390405027293183,0,.0161644276677546,0,.0051919683640535
Sri Lanka,LKA,1997,.4788906097412109,.7014700317382813,.7014700317382813,LKA,.1123271903831516,.0787941578031413,.0325497475801067,.111343905383248,.111343905383248,0,0,.1474668613668762,1998,.0014986038208008,0,0,1,1,0,0,.0963774805052422,0,.0341474534113882,0,.0018862929668532,0,.0006095749025968
Sri Lanka,LKA,1998,.4767531967163086,.7424299621582031,.7424299621582031,LKA,.119481942647148,.0887069741581107,.0318180838153513,.1205250579734619,.1205250579734619,0,0,.1016712735650866,1999,.0002982711791992,1,1,0,0,0,,,,,,,,
Sri Lanka,LKA,1999,.4743131256103515,.7769499969482422,.7769499969482422,LKA,.1272331904091193,.0988538269000804,.0309828163257012,.1298366432257816,.1298366432257816,0,0,.1236887201880167,2000,-.0029113006591797,1,1,0,0,0,,,,,,,,
Sri Lanka,LKA,2000,.4732791900634766,.792020034790039,.792020034790039,LKA,.1323480609864546,.104822315866886,.0306288869887283,.1354512028556143,.1354512028556143,0,0,.1520786140425784,2001,-.0052268981933594,0,0,1,1,0,0,.1204847779776085,0,.0417443051001979,0,.0259935904392195,0,.0086192018663666
Sri Lanka,LKA,2001,.4743634033203125,.8436399841308594,.8436399841308594,LKA,.1355575708973947,.1143617869606959,.0310000270276689,.1453618139883648,.1453618139883648,0,0,.2387671780775072,2002,.0091764068603515,0,0,1,1,0,0,.1303953891103589,0,.0463745910823207,0,.03590420157197,0,.0141182975753846
Sri Lanka,LKA,2002,.4667110443115234,.963010025024414,.963010025024414,LKA,.1538639560123419,.1481725321298007,.0283805268485275,.1765530589783283,.1765530589783283,0,0,0,2003,.0082709884643555,0,0,1,1,0,0,.1615866341003225,0,.058804111997026,0,.0670954465619335,0,.0290648770198943
Sri Lanka,LKA,2003,.4705816268920898,.8644999694824219,.8644999694824219,LKA,.1391783471798298,.1203196768895768,.0297054766779239,.1500251535675007,.1500251535675007,0,0,.1278650218380665,2004,-.004965705871582,0,0,1,1,0,0,.1350587286894949,0,.0484794961479562,0,.0405675411511059,0,.0178451668240416
Sri Lanka,LKA,2004,.4694029998779297,.8649900054931641,.8649900054931641,LKA,.140718143506367,.1217197877245602,.0293020176045601,.1510218053291203,.1510218053291203,0,0,.0334862287070137,2005,-.0019617462158203,0,0,1,1,0,0,.1360553804511145,0,.0485703393912258,0,.0415641929127255,0,.0155512510865685
Sri Lanka,LKA,2005,.4722208404541016,.7658899688720703,.7658899688720703,LKA,.1323962155134031,.1014009333783402,.0302666004064903,.1316675337848306,.1316675337848306,0,0,.1241694882568504,2006,-.018366470336914,0,0,1,1,0,0,.1167011089068248,0,.0395176806199262,0,.0222099213684358,0,.0064713821185257
Sri Lanka,LKA,2006,.4751982879638672,.7429000091552734,.7429000091552734,LKA,.1285397207908077,.0954921597523073,.0312858186993406,.1267779784516479,.1267779784516479,0,0,.1320697820114482,2007,-.0025753402709961,0,0,1,1,0,0,.1118115535736421,0,.0375740118849809,0,.0173203660352531,0,.005141576002766
Sri Lanka,LKA,2007,.4766225051879883,.718489990234375,.718489990234375,LKA,.12452187060861,.0894677175975463,.031773346436792,.1212410640343383,.1212410640343383,0,0,.1292461540147202,2008,-.000908088684082,0,0,1,1,0,0,.1062746391563325,0,.0356168379073751,0,.0117834516179435,0,.0036145300921119
Sri Lanka,LKA,2008,.4768507385253906,.6878199768066406,.6878199768066406,LKA,.119172479206856,.0819692118840496,.0318514736218241,.1138206855058737,.1138206855058737,0,0,.1097124885681456,2009,.0013388061523437,0,0,1,1,0,0,.0988542606278679,0,.0332623220579032,0,.0043630730894788,0,.0013504433885863
Sri Lanka,LKA,2009,.4788369369506836,.7275,.7275,LKA,.1252004975088167,.0910833619376642,.0325313746987194,.1236147366363836,.1236147366363836,0,0,.0690884730307373,2010,-.0023373413085937,0,0,1,1,0,0,.1086483117583778,0,.0363038603867852,0,.0141571242199888,0,.0060427839701315
Sri Lanka,LKA,2010,.4859460830688477,.6873100280761719,.6873100280761719,LKA,.117988259130954,.0810945136959547,.0349649261707144,.1160594398666691,.1160594398666691,0,0,.0971906730208775,2011,-.0056292724609375,0,0,1,1,0,0,.1010930149886633,0,.0332102455064948,0,.0066018274502743,0,.0027906796299987
Sri Lanka,LKA,2011,.4866070938110352,.6942800140380859,.6942800140380859,LKA,.1173517300904113,.0814749608145644,.0351911985862644,.1166661594008288,.1166661594008288,0,0,.1157587720467502,2012,.0030692672729492,0,0,1,1,0,0,.101699734522823,0,.0337217036827016,0,.007208546984434,0,.0026154466473071
Sri Lanka,LKA,2012,.4905566024780273,.6750399780273437,.6750399780273437,LKA,.1100628297524218,.0742968101777021,.0365431658226191,.1108399760003211,.1108399760003211,0,0,.0928626196680863,2013,.0053634262084961,0,0,1,1,0,0,.0958735511223153,0,.03230406245165,0,.0013823635839263,0,.0005289204961551
Sri Lanka,LKA,2013,.4906317138671875,.6945700073242187,.6945700073242187,LKA,.1063985773968611,.0739012606818243,.0365688774100047,.110470138091829,.110470138091829,0,0,.0596135703653103,2014,.0149053573608399,0,0,1,1,0,0,.0955037132138232,0,.0336029645899399,0,.0010125256754342,0,.0003898289126315
Sri Lanka,LKA,2014,.4861583328247071,.6956099700927735,.6956099700927735,LKA,.1014886678293787,.0705965291935495,.0350375819717371,.1056341111652866,.1056341111652866,0,0,.1238160711529603,2015,.0166263580322266,0,0,1,1,0,0,.0906676862872808,0,.0334088827859881,.0038235012511082,0,.0013852025613947,0
Sri Lanka,LKA,2015,.4862101364135742,.7633399963378906,.7633399963378906,LKA,.1043257548448824,.0796360213212402,.0350553150015337,.114691336322774,.114691336322774,0,0,.0674544802924878,2016,.0167304229736328,0,0,1,1,0,0,.0997249114447682,0,.0384146944722294,0,.0052337239063791,0,.0018887816869975
Sri Lanka,LKA,2016,.4870208358764648,.75,.75,LKA,.1014494523674077,.0760870892755558,.0353328277771148,.1114199170526706,.1114199170526706,0,0,.0613872124391743,2017,.0010076141357422,0,0,1,1,0,0,.0964534921746648,0,.0372517100670769,0,.0019623046362758,0,.0007076945105754
Sri Lanka,LKA,2017,.4846091842651367,.7226000213623047,.7226000213623047,LKA,.1001060507775081,.0723366344303233,.034507288643281,.1068439230736044,.1068439230736044,0,0,.169287122483008,2018,-.0035721969604492,0,0,1,1,0,0,.0918774981955986,0,.0351561916104521,.0026136893427904,0,.0010449850920792,0
Sri Lanka,LKA,2018,.474161491394043,.8358499908447266,.8358499908447266,LKA,.1220718897222523,.102033787906743,.0309309099976881,.1329646979044312,.1329646979044312,0,0,.0201675150346238,2019,.0011052322387695,0,0,1,1,0,0,.1179982730264254,0,.0452815131819543,0,.0235070854880364,0,.0103679165210307
Sri Lanka,LKA,2019,.4622436141967773,.8259400177001953,.8259400177001953,LKA,.1217571359191666,.1005640909962015,.0268512684887932,.1274153594849947,.1274153594849947,0,0,.1267515747255589,2020,.0110398483276368,0,0,1,1,0,0,.1124489346069889,0,.0443933889878743,0,.0179577470685999,0,.0085244372574875
Sri Lanka,LKA,2020,.4492264175415039,.9688099670410156,.9688099670410156,LKA,.1499412048943705,.1452645337718053,.02239531589545,.1676598496672553,.1676598496672553,0,0,.1868896075918736,2021,.0001350402832031,0,0,1,1,0,0,.1526934247892494,0,.0603020143914852,0,.0582022372508604,0,.0415446088153079
Sri Lanka,LKA,2021,.4572139358520508,1.026689987182617,1.026689987182617,LKA,.1571087170760806,.1613019467211186,.025129545382245,.1864314921033636,.1864314921033636,0,0,.5573949105592405,2022,-.0055903244018555,0,0,1,1,0,0,.1714650672253578,0,.0667568062823763,0,.0769738796869688,0,.0551255587556813
Sri Lanka,LKA,2022,.4741091156005859,1.159420013427734,1.159420013427734,LKA,.1734987751712199,.2011579522387113,.0309129810949555,.2320709333336669,.2320709333336669,0,0,.098296564729266,2023,-.0110773849487305,0,0,1,1,0,0,.217104508455661,0,.0821207426777805,0,.122613320917272,0,.095361034179007
Sri Lanka,LKA,2023,.474665412902832,1.103759994506836,1.103759994506836,LKA,.1621473008015339,.1789717038419993,.0311034087632361,.2100751126052354,.2100751126052354,0,0,,,.005987548828125,1,0,0,1,0,,,,,0,.1006175001888406,0,.0803629775456935
Lithuania,LTU,1995,.3956436157226563,,,LTU,,,.0040532387918853,,,,,,,,6,7,0,0,0,,,,,,,,
Lithuania,LTU,1996,.3914973068237305,,,LTU,,,.0026339043237773,,,,,,,.0008876800537109,4,3,0,0,0,,,,,,,,
Lithuania,LTU,1997,.3910124588012696,,,LTU,,,.0024679346560926,,,,,,1998,.003055648803711,4,3,0,0,0,,,,,,,,
Lithuania,LTU,1998,.3881405639648438,.2169499969482422,.2169499969482422,LTU,.0424978858622604,.0092199162081241,.0014848483908178,.0107047645989419,.0107047645989419,0,0,.05645654387161,1999,.0022083282470703,1,2,0,0,0,,,,,,,,
Lithuania,LTU,1999,.3894263076782227,.2800200080871582,.2800200080871582,LTU,.0539488419511931,.0151067551594659,.0019249748777818,.0170317300372477,.0170317300372477,0,0,-.0340045281411644,2000,-.0057941818237304,1,2,0,0,0,,,,,,,,
Lithuania,LTU,2000,.3904580307006836,.2348500061035156,.2348500061035156,LTU,.0466176530521344,.0109481561038253,.0022781468394026,.013226302943228,.013226302943228,0,0,.0082273669437078,2001,-.0000685119628906,0,0,1,1,0,.0017401219347778,0,.0007743677361941,0,.0962313094731668,0,.0031833274425707,0
Lithuania,LTU,2001,.3852834701538086,.2288199996948242,.2288199996948242,LTU,.0436795060716395,.0099947445659826,.0005068287054849,.0105015732714675,.0105015732714675,0,0,.0080974519261374,2002,.0105453872680664,0,0,1,1,0,.0044648516065383,0,.0020339771292711,0,.0989560391449273,0,.0018968825724093,0
Lithuania,LTU,2002,.3823907089233398,.2212700080871582,.2212700080871582,LTU,.0375780205236069,.0083148889051579,-.0004834003928523,.0078314885123055,.0078314885123055,0,0,.00197238470181,2003,.0145603561401367,0,0,1,1,0,.0071349363657003,0,.0033542298161409,0,.1016261239040893,0,.0024982361098755,0
Lithuania,LTU,2003,.3819135665893555,.2036800003051758,.2036800003051758,LTU,.032484242309371,.0066163904834861,-.0006467323050003,.0059696581784858,.0059696581784858,0,0,.0005999874346384,2004,.0060554504394532,0,0,1,1,0,.00899676669952,0,.0042839808418932,0,.103487954237909,0,.0027211241273843,0
Lithuania,LTU,2004,.3811241912841797,.1861499977111817,.1861499977111817,LTU,.0289124824196295,.0053820585362386,-.0009169455491702,.0044651129870684,.0044651129870684,0,0,.0162392661447539,2005,.0029888916015625,0,0,1,1,0,.0105013118909374,0,.0050317858103028,0,.1049924994293264,0,.0019868327786219,0
Lithuania,LTU,2005,.3824203872680664,.1764299964904785,.1764299964904785,LTU,.0172732692299485,.0030475228296189,-.0004732411165771,.0025742817130418,.0025742817130418,0,0,.0214469564463283,2006,.0215332794189453,0,0,1,1,0,.012392143164964,0,.0062046359004797,0,.106883330703353,0,.0016237605675067,0
Lithuania,LTU,2006,.3830506515502929,.1729800033569336,.1729800033569336,LTU,-.0014872689718966,-.0002572677917513,-.0002574936067827,-.000514761398534,-.000514761398534,0,0,.019081750173892,2007,.0405757141113281,0,0,1,1,0,.0154811862765398,0,.008379452509309,0,.1099723738149288,0,.0014556493287281,0
Lithuania,LTU,2007,.3808843231201172,.1588899993896484,.1588899993896484,LTU,-.0060565723036261,-.0009623287696265,-.0009990554838989,-.0019613842535254,-.0019613842535254,0,0,.0052392098085531,2008,.0080125427246094,0,0,1,1,0,.0169278091315312,0,.0092980962597421,0,.1114189966699202,0,.0011311572868191,0
Lithuania,LTU,2008,.3780974578857422,.1458800029754639,.1458800029754639,LTU,-.0094134332744323,-.0013732316740835,-.0019530350308991,-.0033262667049827,-.0033262667049827,0,0,.0847654807952211,2009,.0063516616821289,0,0,1,1,0,.0182926915829885,0,.0101639870149053,0,.1127838791213775,0,.0012029423283308,0
Lithuania,LTU,2009,.3750642395019531,.2790299987792969,.2790299987792969,LTU,.0118851443360571,.0033163118095818,-.0029913444059016,.0003249674036802,.0003249674036802,0,0,.0971795014992066,2010,.0008991241455079,0,0,1,1,0,.0146414574743256,0,.0081484125444227,0,.1091326450127146,0,.0032047517528348,0
Lithuania,LTU,2010,.3782148361206055,.3670500183105469,.3670500183105469,LTU,.0228438764929725,.0083848452850294,-.0019128549626485,.0064719903223809,.0064719903223809,0,0,.0535526996862237,2011,.0017247772216796,0,0,1,1,0,.0084944345556249,0,.0047420599562532,0,.1029856220940139,0,.0046406888272854,0
Lithuania,LTU,2011,.3789196395874023,.3747100067138672,.3747100067138672,LTU,.0243107728208122,.0091094898469058,-.0016715917384044,.0074378981085015,.0074378981085015,0,0,.0526383555879871,2012,-.0015079498291015,0,0,1,1,0,.0075285267695044,0,.0041914845334336,0,.1020197143078933,0,.0049420692985025,0
Lithuania,LTU,2012,.3779197692871094,.3990800094604492,.3990800094604492,LTU,.0234074018433748,.0093414261490985,-.0020138601065935,.007327566042505,.007327566042505,0,0,.0086336758053616,2013,.0115500259399414,0,0,1,1,0,.0076388588355008,0,.004341140595539,0,.1021300463738898,0,.0057939630310953,0
Lithuania,LTU,2013,.3751171875,.3885900115966797,.3885900115966797,LTU,.0198595967236986,.0077172409211674,-.0029732196302331,.0047440212909343,.0047440212909343,0,0,.0365867657697527,2014,.0076659011840821,0,0,1,1,0,.0102224035870715,0,.0058877252751266,0,.1047135911254605,0,.0054480225285417,0
Lithuania,LTU,2014,.3712904739379883,.407239990234375,.407239990234375,LTU,.0147300932515926,.00599868303193,-.004283152534544,.001715530497386,.001715530497386,0,0,.0289182310858295,2015,.0224148941040039,0,0,1,1,0,.0132508943806198,0,.0079290410273459,0,.1077420819190088,0,.0053815894574916,0
Lithuania,LTU,2015,.3690551376342773,.4241699981689453,.4241699981689453,LTU,.0225263270901154,.0095549921205673,-.0050483366877295,.0045066554328378,.0045066554328378,0,0,-.0115909517416304,2016,-.0092779922485351,0,0,1,1,0,.010459769445168,0,.0061618481691454,0,.104950956983557,0,.0047245000827035,0
Lithuania,LTU,2016,.3660577011108399,.3980099868774414,.3980099868774414,LTU,.0259042083111918,.0103101336100079,-.0060743974751404,.0042357361348675,.0042357361348675,0,0,.0281849774926465,2017,-.013164176940918,0,0,1,1,0,.0107306887431383,0,.00618018599018,0,.1052218762815273,0,.0041806987554214,0
Lithuania,LTU,2017,.3676458740234375,.39125,.39125,LTU,.0260009388745376,.0101728673346628,-.0055307456124562,.0046421217222067,.0046421217222067,0,0,-.028832278011034,2018,-.0043648910522461,0,0,1,1,0,.0103243031557991,0,.005901069592123,0,.1048154906941881,0,.0035895716504653,0
Lithuania,LTU,2018,.3713079452514648,.3334299850463867,.3334299850463867,LTU,.0126780601318246,.0042272454001715,-.0042771718809012,-.0000499264807297,-.0000499264807297,0,0,.0479392258291056,2019,.0061351394653321,0,0,1,1,0,.0150163513587355,0,.008675034464246,0,.1095075388971246,0,.0029653570473716,0
Lithuania,LTU,2019,.3706695175170898,.3559099960327148,.3559099960327148,LTU,.0132368070547158,.0047111119463297,-.0044957138445811,.0002153981017486,.0002153981017486,0,0,.1124220945517837,2020,.0071749877929688,0,0,1,1,0,.0147510267762572,0,.0086275933301023,0,.1092422143146462,0,.0027799854988197,0
Lithuania,LTU,2020,.369678955078125,.4589300155639648,.4589300155639648,LTU,.0275473619523665,.0126423112495457,-.0048347960130129,.0078075152365328,.0078075152365328,0,0,.0300081481626554,2021,.0040444183349609,0,0,1,1,0,.007158909641473,0,.0042160629033231,0,.101650097179862,0,.0019431151383769,0
Lithuania,LTU,2021,.3651355743408203,.4333499908447266,.4333499908447266,LTU,.0242352123814943,.0105023290636406,-.0063900532404388,.0041122758232018,.0041122758232018,0,0,.0199830573030109,2022,.0039646530151367,0,0,1,1,0,.010854149054804,0,.0064353157639932,0,.105345336593193,0,.0013241285604396,0
Lithuania,LTU,2022,.3599204635620117,.3831999969482422,.3831999969482422,LTU,.0194572393920923,.007456014075671,-.0081752522364139,-.0007192381607429,-.0007192381607429,0,0,.0279989314706906,2023,-.000363883972168,0,0,1,1,0,.0156856630387487,0,.0092941640307204,0,.1101768505771377,0,.0008178557359123,0
Lithuania,LTU,2023,.3596426391601563,.3710599899291992,.3710599899291992,LTU,.0151731010038948,.0056301307056999,-.0082703550758905,-.0026402243701906,-.0026402243701906,0,0,,,.0058604812622071,1,0,0,1,0,,,,,.1120978367865854,0,.0006660067212129,0
Luxembourg,LUX,1995,.3156341361999512,.102819995880127,.102819995880127,LUX,.0290247165702147,.0029843212381713,-.0233350274541199,-.0203507062159486,-.0203507062159486,0,0,.0035288616491549,1996,,1,3,0,0,0,,,,,,,,
Luxembourg,LUX,1996,.3153735160827636,.1016800022125244,.1016800022125244,LUX,.018430559705198,.0018740193516026,-.0234242410473238,-.0215502216957212,-.0215502216957212,0,0,.0028660567143749,1997,.023900260925293,1,1,0,0,0,,,,,,,,
Luxembourg,LUX,1997,.3152247047424316,.100620002746582,.100620002746582,LUX,.0212666083095547,.0021398461865179,-.0234751810688532,-.0213353348823353,-.0213353348823353,0,0,.0002450721472536,1998,-.0066143035888672,1,1,0,0,0,,,,,,,,
Luxembourg,LUX,1998,.3149224090576172,.0951000022888184,.0951000022888184,LUX,.0226816771056085,.0021570275446576,-.0235786607408884,-.0214216331962308,-.0214216331962308,0,0,.0007510116606109,1999,-.0047483825683594,2,2,0,0,0,,,,,,,,
Luxembourg,LUX,1999,.314664421081543,.0839400005340576,.0839400005340576,LUX,.0278863864449754,.0023407832930842,-.0236669733185872,-.021326190025503,-.021326190025503,0,0,.0032377199295882,2000,-.0153143310546875,1,1,0,0,0,,,,,,,,
Luxembourg,LUX,2000,.3143797111511231,.0749399995803833,.0749399995803833,LUX,-.0096745013944255,-.0007250071304387,-.0237644331623924,-.0244894402928311,-.0244894402928311,0,0,.0042199600889001,2001,.0823011779785157,0,0,1,1,0,.0394558651708369,0,.0238818445173184,0,.1339470527092259,0,-.0034129186591636,0
Luxembourg,LUX,2001,.3138344001770019,.076230001449585,.076230001449585,LUX,.0072658086736416,.0005538726057241,-.0239511000703037,-.0233972274645796,-.0233972274645796,0,0,.0018006693611828,2002,-.0372919082641602,0,0,1,1,0,.0383636523425854,0,.0217900961757945,0,.1328548398809744,0,-.0040346436668215,0
Luxembourg,LUX,2002,.313911075592041,.0744799995422363,.0744799995422363,LUX,.0110437413163794,.0008225378481885,-.0239248530968933,-.0231023152487048,-.0231023152487048,0,0,.0034784700136895,2003,-.009243392944336,0,0,1,1,0,.0380687401267106,0,.0212707052367931,0,.1325599276650996,0,-.0033569822313206,0
Luxembourg,LUX,2003,.3128941345214844,.0743499994277954,.0743499994277954,LUX,.0277598741702354,.0020639466286727,-.0242729650076701,-.0222090183789974,-.0222090183789974,0,0,.0097990611396632,2004,-.0367278671264648,0,0,1,1,0,.0371754432570032,0,.0194062056412535,0,.1316666307953922,0,-.0026778938627194,0
Luxembourg,LUX,2004,.309593505859375,.0782999992370605,.0782999992370605,LUX,.0237180153957517,.001857120587392,-.0254028123347158,-.0235456917473239,-.0235456917473239,0,0,.007094968020497,2005,.0143075942993164,0,0,1,1,0,.0385121166253297,0,.0206549873256197,0,.1330033041637187,0,-.002327707179126,0
Luxembourg,LUX,2005,.3088403129577637,.0794999980926514,.0794999980926514,LUX,.0159648474010771,.0012692053379351,-.0256606398802391,-.024391434542304,-.024391434542304,0,0,.0131105258798442,2006,.0188359832763672,0,0,1,1,0,.0393578594203098,0,.0218499237931906,0,.1338490469586988,0,-.0020092992376999,0
Luxembourg,LUX,2006,.3084884643554687,.0820499992370606,.0820499992370606,LUX,-.0176621168380528,-.0014491766730871,-.0257810821485231,-.0272302588216102,-.0272302588216102,0,0,.0070812028792789,2007,.0774287796020509,0,0,1,1,0,.042196683699616,0,.0266931642522098,0,.136687871238005,0,-.0025315020642165,0
Luxembourg,LUX,2007,.3091299438476562,.0809200000762939,.0809200000762939,LUX,.0096885191061549,.0007839949668092,-.0255614955291851,-.0247775005623759,-.0247775005623759,0,0,.0745444014688845,2008,-.0630625915527344,0,0,1,1,0,.0397439254403817,0,.0226352210543836,0,.1342351129787707,0,-.0031641477132322,0
Luxembourg,LUX,2008,.3084968566894531,.1462800025939942,.1462800025939942,LUX,.0025939491193061,.0003794428839008,-.0257782093454632,-.0253987664615624,-.0253987664615624,0,0,.0029242597117706,2009,.0391973876953124,0,0,1,1,0,.0403651913395683,0,.0245712585378344,0,.1348563788779573,0,-.003941774920345,0
Luxembourg,LUX,2009,.3092448997497559,.1528499984741211,.1528499984741211,LUX,-.0026030581572513,-.0003978774353639,-.0255221446563631,-.025920022091727,-.025920022091727,0,0,.0544416397992182,2010,.0131593322753907,0,0,1,1,0,.0408864469697328,0,.0254265976629385,0,.1353776345081218,0,-.0015996885846848,0
Luxembourg,LUX,2010,.3074418830871582,.1909000015258789,.1909000015258789,LUX,-.0075513612302171,-.0014415548703709,-.0261393402773794,-.0275808951477503,-.0275808951477503,0,0,.002499821873438,2011,.0263236618041992,0,0,1,1,0,.0425473200257561,0,.0275794681062155,0,.1370385075641451,0,-.0008971800562989,0
Luxembourg,LUX,2011,.3067976188659668,.1850300025939941,.1850300025939941,LUX,-.0110405126224782,-.0020428260791762,-.0263598801450054,-.0284027062241816,-.0284027062241816,0,0,.033819139772194,2012,.0066312408447265,0,0,1,1,0,.0433691311021874,0,.0283997629026435,0,.1378603186405764,0,-.0010334454759602,0
Luxembourg,LUX,2012,.3075923538208008,.2084900093078613,.2084900093078613,LUX,-.0165668291955706,-.0034540183731863,-.0260878322243359,-.0295418505975222,-.0295418505975222,0,0,.0279628716800344,2013,.0196404266357422,0,0,1,1,0,.044508275475528,0,.030019879650617,0,.138999463013917,0,-.000709482584327,0
Luxembourg,LUX,2013,.3065785789489746,.224069995880127,.224069995880127,LUX,-.0162793426971132,-.0036477122510733,-.0264348603048674,-.0300825725559407,-.0300825725559407,0,0,.0065587033681534,2014,.0058564758300782,0,0,1,1,0,.0450489974339465,0,.0306484134086427,0,.1395401849723355,0,-.0005305836393463,0
Luxembourg,LUX,2014,.3045321083068848,.2186300086975098,.2186300086975098,LUX,-.0206187877973469,-.0045078857554661,-.0271353933310107,-.0316432790864767,-.0316432790864767,0,0,.0022977048914685,2015,.0103188323974609,0,0,1,1,0,.0466097039644825,0,.0321911745389506,0,.1411008915028715,0,-.0008241874755194,0
Luxembourg,LUX,2015,.3036782073974609,.2113299942016602,.2113299942016602,LUX,-.0247106090228651,-.0052220928615216,-.0274276945132521,-.0326497873747737,-.0326497873747737,0,0,-.0078866694849574,2016,.0077472686767578,0,0,1,1,0,.0476162122527795,0,.0332552190188425,0,.1421073997911685,0,-.0008253135258893,0
Luxembourg,LUX,2016,.30069091796875,.1959799957275391,.1959799957275391,LUX,-.0201010665225355,-.0039394069312055,-.0284502818205997,-.0323896887518052,-.0323896887518052,0,0,.0296576966172795,2017,-.0122598266601562,0,0,1,1,0,.047356113629811,0,.0324929880881831,0,.1418473011682,0,-.0008219600741412,0
Luxembourg,LUX,2017,.3032737541198731,.2180200004577637,.2180200004577637,LUX,-.0154390694499775,-.0033660259285515,-.027566144033443,-.0309321699619946,-.0309321699619946,0,0,-.002062952572732,2018,-.0059771728515625,0,0,1,1,0,.0458985948400004,0,.031218580332272,0,.1403897823783894,0,-.000730853839478,0
Luxembourg,LUX,2018,.3077824401855469,.208700008392334,.208700008392334,LUX,-.0200845637303269,-.0041916486190756,-.0260227632350304,-.030214411854106,-.030214411854106,0,0,.0229424786444383,2019,.0021335601806641,0,0,1,1,0,.0451808367321118,0,.030826783008282,0,.1396720242705008,0,-.0006385989221438,0
Luxembourg,LUX,2019,.3072429847717285,.223390007019043,.223390007019043,LUX,-.0105080555441835,-.0023473946017716,-.0262074257098977,-.0285548203116694,-.0285548203116694,0,0,.0301209659034583,2020,-.0160301208496094,0,0,1,1,0,.0435212451896752,0,.0289967966217537,0,.1380124327280642,0,-.0006244360278881,0
Luxembourg,LUX,2020,.3082307052612305,.2453300094604492,.2453300094604492,LUX,-.0103235100655386,-.0025326668220436,-.0258693163770475,-.0284019831990911,-.0284019831990911,0,0,.0285430717932419,2021,.0059647369384765,0,0,1,1,0,.0433684080770969,0,.0291536473475326,0,.1378595956154859,0,-.0007277560947025,0
Luxembourg,LUX,2021,.3075710678100586,.2418499946594238,.2418499946594238,LUX,-.0028181983896707,-.0006815812654911,-.0260951186975514,-.0267766999630424,-.0267766999630424,0,0,.0197563085346329,2022,-.0174292755126952,0,0,1,1,0,.0417431248410482,0,.0273335269371147,0,.1362343123794372,0,-.0008516405794617,0
Luxembourg,LUX,2022,.3103164482116699,.2490200042724609,.2490200042724609,LUX,-.0022568173257627,-.0005619926601036,-.0251553399384037,-.0257173325985073,-.0257173325985073,0,0,.015130771860321,2023,-.00197509765625,0,0,1,1,0,.0406837574765131,0,.0265594955242829,0,.1351749450149021,0,-.0008836948458108,0
Luxembourg,LUX,2023,.3113270187377929,.2468199920654297,.2468199920654297,LUX,-.0041143719436681,-.0010155092504904,-.0248094087463133,-.0258249179968037,-.0258249179968037,0,0,,,.0022887420654297,1,0,0,1,0,,,,,.1352825304131985,0,-.0014624818455954,0
Latvia,LVA,1995,.3880613327026367,,,LVA,,,.0014577265182937,,,,,,,,4,5,0,0,0,,,,,,,,
Latvia,LVA,1996,.3897104263305664,,,LVA,,,.0020222323195533,,,,,,,-.001456527709961,4,3,0,0,0,,,,,,,,
Latvia,LVA,1997,.3842657089233398,,,LVA,,,.0001584360435,,,,,,1998,-.0024691009521484,4,3,0,0,0,,,,,,,,
Latvia,LVA,1998,.3824201202392578,.098149995803833,.098149995803833,LVA,.021835768235021,.0021431805606408,-.0004733325239472,.0016698480366936,.0016698480366936,0,0,.0563813384695638,1999,.008852653503418,1,1,0,0,0,,,,,,,,
Latvia,LVA,1999,.3797777938842773,.1483399963378906,.1483399963378906,LVA,.0368176430954464,.0054615290419483,-.0013778345673395,.0040836944746088,.0040836944746088,0,0,.0173827590917511,2000,-.0136814880371094,1,1,0,0,0,,,,,,,,
Latvia,LVA,2000,.3809947204589844,.150939998626709,.150939998626709,LVA,.0345453801124808,.005214279626737,-.0009612650654662,.0042530145612708,.0042530145612708,0,0,.0437443990499137,2001,.0046354675292969,0,0,1,1,0,.010713410316735,0,.0048690587107112,0,.105204597855124,0,.0030147380543689,0
Latvia,LVA,2001,.3803224563598633,.1782500076293945,.1782500076293945,LVA,.032322376778897,.0057614639074386,-.0011913896487555,.0045700742586831,.0045700742586831,0,0,-.007105773013779,2002,.0151688385009766,0,0,1,1,0,.0103963506193227,0,.004882661154622,0,.1048875381577117,0,.0029627271542537,0
Latvia,LVA,2002,.3791452026367187,.1538300037384033,.1538300037384033,LVA,.020792388785689,.0031984932446329,-.0015943786270732,.0016041146175597,.0016041146175597,0,0,.0194222480547272,2003,.019095687866211,0,0,1,1,0,.0133623102604461,0,.0065307909099167,0,.1078534977988351,0,.0026850673913421,0
Latvia,LVA,2003,.3786352920532227,.1542399978637695,.1542399978637695,LVA,.0191434695921485,.0029526887089981,-.0017689275293502,.0011837611796479,.0011837611796479,0,0,.0239527496758675,2004,.0044617462158203,0,0,1,1,0,.0137826636983579,0,.0067977321976554,0,.1082738512367469,0,.0026369568841027,0
Latvia,LVA,2004,.3790865325927734,.1532199954986572,.1532199954986572,LVA,.0188962767038016,.0028952874314979,-.0016144621321006,.0012808252993972,.0012808252993972,0,0,.0009408326225712,2005,-.0003094482421875,0,0,1,1,0,.0136855995786086,0,.0067456243266287,0,.1081767871169976,0,.002361280904892,0
Latvia,LVA,2005,.3760929107666016,.1250699996948242,.1250699996948242,LVA,.0138699873786044,.0017347193172093,-.0026392170999389,-.0009044977827297,-.0009044977827297,0,0,.0074791981012979,2006,.0051809310913086,0,0,1,1,0,.0158709226607355,0,.0079049950000251,0,.1103621101991245,0,.0018262406880823,0
Latvia,LVA,2006,.3755489730834961,.106569995880127,.106569995880127,LVA,.0046403867954956,.0004945260016782,-.0028254139128041,-.0023308879111259,-.0023308879111259,0,0,.0121509636880385,2007,.0151861953735352,0,0,1,1,0,.0172973127891317,0,.0088781322916011,0,.1117885003275207,0,.0015972518018503,0
Latvia,LVA,2007,.3732103729248047,.0899699974060059,.0899699974060059,LVA,-.0041025934296942,-.0003691103202275,-.0036259466018214,-.0039950569220489,-.0039950569220489,0,0,.1197638253950927,2008,.0168020629882812,0,0,1,1,0,.0189614818000547,0,.0100508866123358,0,.1134526693384437,0,.0010963469162686,0
Latvia,LVA,2008,.3722682189941406,.1931900024414062,.1931900024414062,LVA,.0065723060853774,.0012697038286797,-.0039484579198762,-.0026787540911965,-.0026787540911965,0,0,.1047447626526228,2009,.0122903060913087,0,0,1,1,0,.0176451789692023,0,.0095700204294219,0,.1121363665075913,0,.0012532075186851,0
Latvia,LVA,2009,.3756399917602539,.3764099884033203,.3764099884033203,LVA,.0298387265880493,.0112315947289775,-.0027942570578005,.008437337671177,.008437337671177,0,0,.0855427063111443,2010,.0062290573120116,0,0,1,1,0,.0065290872068288,0,.0035817788260697,0,.1010202747452178,0,.003212139886839,0
Latvia,LVA,2010,.3668138122558594,.4818199920654297,.4818199920654297,LVA,.0581870870057866,.0280357017994385,-.0058155709776441,.0222201308217944,.0222201308217944,0,0,.0231941460325156,2011,-.0179026412963866,0,0,1,1,0,0,.0072537059437886,0,.0038494354667739,.0872374815946004,0,.0034004554690737,0
Latvia,LVA,2011,.3726542282104492,.4680799865722656,.4680799865722656,LVA,.0525730238735419,.0246083803087909,-.0038163220373191,.0207920582714718,.0207920582714718,0,0,.0217084244005725,2012,.0012784194946288,0,0,1,1,0,0,.005825633393466,0,.0030990258910061,.088665554144923,0,.0035558986079599,0
Latvia,LVA,2012,.3724551773071289,.4437099838256836,.4437099838256836,LVA,.0369594126964329,.016399260409741,-.0038844597026203,.0125148007071207,.0125148007071207,0,0,-.0090978197624237,2013,.0272339248657227,0,0,1,1,0,.0024516241708851,0,.001370942580146,0,.0969428117092741,0,.003959199084054,0
Latvia,LVA,2013,.37101318359375,.4177399826049805,.4177399826049805,LVA,.0272822741427277,.0113968967258074,-.0043780725592804,.007018824166527,.007018824166527,0,0,.0294224779948202,2014,.0146734237670898,0,0,1,1,0,.0079476007114788,0,.0045608984948908,0,.1024387882498678,0,.0040307576839461,0
Latvia,LVA,2014,.3637944030761719,.4307899856567383,.4307899856567383,LVA,.0314477951372599,.0135473952161162,-.0068491532857935,.0066982419303227,.0066982419303227,0,0,-.0319863138887717,2015,.0033525848388672,0,0,1,1,0,.0082681829476831,0,.0047725911655511,0,.1027593704860721,0,.0042212582067422,0
Latvia,LVA,2015,.3669591903686523,.3827899932861328,.3827899932861328,LVA,.0209624529911743,.0080242172397525,-.0057658061937302,.0022584110460223,.0022584110460223,0,0,.0478015605492432,2016,.0036479187011719,0,0,1,1,0,.0127080138319835,0,.0073817245838315,0,.1071992013703725,0,.0052988854884265,0
Latvia,LVA,2016,.3657167434692383,.4173400115966797,.4173400115966797,LVA,.0317799629287821,.01326305009724,-.0061911116285445,.0070719384686954,.0070719384686954,0,0,.0109804907456061,2017,-.0112237930297852,0,0,1,1,0,.0078944864093104,0,.0044970770295165,0,.1023856739476994,0,.003486270493342,0
Latvia,LVA,2017,.3660327911376953,.4033000183105468,.4033000183105468,LVA,.0269752768884858,.0108791296630584,-.0060829244769499,.0047962051861085,.0047962051861085,0,0,.0111850084172745,2018,.0057041931152343,0,0,1,1,0,.0101702196918973,0,.0058514564462585,0,.1046614072302863,0,.003232019925424,0
Latvia,LVA,2018,.3661928558349609,.3830400085449219,.3830400085449219,LVA,.0273068759775975,.0104596260077941,-.0060281322876812,.0044314937201129,.0044314937201129,0,0,.0150960550883859,2019,-.0078794479370117,0,0,1,1,0,.0105349311578929,0,.0059782844834538,0,.1050261186962819,0,.0026611256347504,0
Latvia,LVA,2019,.3662526702880859,.379109992980957,.379109992980957,LVA,.0251007208423969,.009515934102378,-.0060076570367819,.0035082770655961,.0035082770655961,0,0,.0561775047683717,2020,.0035800170898438,0,0,1,1,0,.0114581478124097,0,.0065432049781936,0,.1059493353507987,0,.0024440128791546,0
Latvia,LVA,2020,.3658787155151367,.440369987487793,.440369987487793,LVA,.0329323593690011,.0145024226832705,-.0061356665294895,.008366756153781,.008366756153781,0,0,.0663838103020972,2021,.0036927032470703,0,0,1,1,0,.0065996687242248,0,.0037931285323872,0,.1010908562626138,0,.002345253568446,0
Latvia,LVA,2021,.3618783187866211,.4587400054931641,.4587400054931641,LVA,.0346565136124078,.0158983292449298,-.0075050533989434,.0083932758459864,.0083932758459864,0,0,.0380683658399087,2022,.0069985580444336,0,0,1,1,0,.0065731490320194,0,.0038238890291646,0,.1010643365704084,0,.002066941417008,0
Latvia,LVA,2022,.3605631637573242,.4444300079345703,.4444300079345703,LVA,.0356406402752656,.0158397700403295,-.0079552477548126,.0078845222855168,.0078845222855168,0,0,.0426723069515772,2023,-.0056189727783204,0,0,1,1,0,.007081902592489,0,.0040800602666077,0,.101573090130878,0,.0013975947910666,0
Latvia,LVA,2023,.3597460556030274,.4443000030517578,.4443000030517578,LVA,.0344403516917201,.0153018483617348,-.0082349543072758,.0070668940544591,.0070668940544591,0,0,,,.0036144638061524,1,0,0,1,0,,,,,.1023907183619357,0,.0015008665111081,0
Morocco,MAR,1995,.4360785293579101,.7222000122070312,.7222000122070312,MAR,.136760608104637,.0987685128426099,.0178946259235476,.1166631387661574,.1166631387661574,0,0,.0151779107824291,1996,,0,2,1,0,0,0,.1016967138881516,0,.0361413448955518,,,,
Morocco,MAR,1996,.4323079681396484,.6533499908447266,.6533499908447266,MAR,.1282220826026308,.0837738964945206,.0166039146833462,.1003778111778668,.1003778111778668,0,0,.0203773104031153,1997,.0000790786743164,0,0,1,1,0,0,.085411386299861,0,.0303605606722337,.009079801238528,0,.0020884133404229,0
Morocco,MAR,1997,.4317449951171875,.6795600128173828,.6795600128173828,MAR,.129762304150823,.0881812730719464,.0164112018308135,.1045924749027599,.1045924749027599,0,0,.0150510916001428,1998,.0061439895629883,0,0,1,1,0,0,.0896260500247541,0,.0324093778706265,.0048651375136349,0,.0010300621758457,0
Morocco,MAR,1998,.4315542984008789,.645199966430664,.645199966430664,MAR,.1225038749584246,.0790394960108018,.0163459239103764,.0953854199211782,.0953854199211782,0,0,-.0010677833866136,1999,.0048795318603516,0,0,1,1,0,0,.0804189950431724,0,.029472452388103,.0140721924952166,0,.0028584251052275,0
Morocco,MAR,1999,.4304217147827148,.6336299896240234,.6336299896240234,MAR,.1240571246296547,.0786063145918743,.0159582260792545,.0945645406711288,.0945645406711288,0,0,.0224683137659122,2000,-.0061788558959961,0,0,1,1,0,0,.0795981157931231,0,.0286797861790449,.014893071745266,0,.0027400552846561,0
Morocco,MAR,2000,.4321427154541015,.6486000061035156,.6486000061035156,MAR,.1278711485667643,.0829372277408669,.0165473465794587,.0994845743203256,.0994845743203256,0,0,.0042229451123677,2001,-.0054877471923828,0,0,1,1,0,0,.0845181494423198,0,.029988696228571,.0099730380960692,0,.002010348754783,0
Morocco,MAR,2001,.433743782043457,.6043500137329102,.6043500137329102,MAR,.1213117604763666,.0733147641098556,.0170954121122986,.0904101762221542,.0904101762221542,0,0,.0152999489519082,2002,-.0021565628051758,0,0,1,1,0,0,.0754437513441484,0,.0266062227101879,.0190474361942406,0,.0037163161507426,0
Morocco,MAR,2002,.4320481491088867,.5937200164794922,.5937200164794922,MAR,.1216619041422718,.0722331077322761,.0165149753122526,.0887480830445286,.0887480830445286,0,0,.0159182561529091,2003,-.0024838256835937,0,0,1,1,0,0,.0737816581665228,0,.0258368030996033,.0207095293718662,0,.0032409038066785,0
Morocco,MAR,2003,.4308837509155273,.5692900085449218,.5692900085449218,MAR,.1217812546203691,.0693288514834412,.0161163869458947,.085445238429336,.085445238429336,0,0,.0080876697586422,2004,-.0073029327392578,0,0,1,1,0,0,.0704788135513302,0,.0241655135318057,.0240123739870588,0,.0037266071977889,0
Morocco,MAR,2004,.4244273376464844,.5443099975585938,.5443099975585938,MAR,.1182027486702873,.0643389378401432,.0139062742609771,.0782452121011203,.0782452121011203,0,0,.0281230394374784,2005,.0069763946533203,0,0,1,1,0,0,.0632787872231145,0,.0221382530688213,.0312124003152745,0,.0044506981486893,0
Morocco,MAR,2005,.4201832199096679,.5476699829101562,.5476699829101562,MAR,.1253602104733658,.0686560243275619,.0124534585790261,.081109482906588,.081109482906588,0,0,.0055407978508074,2006,-.0101694869995117,0,0,1,1,0,0,.0661430580285822,0,.0224676849072949,.0283481295098068,0,.0035256312618563,0
Morocco,MAR,2006,.4117731857299805,.5064199829101562,.5064199829101562,MAR,.1176467534455467,.0595786668693291,.0095745965163636,.0691532633856928,.0691532633856928,0,0,-.0016208078452686,2007,.0130131912231445,0,0,1,1,0,0,.054186838507687,0,.0191115018186434,.040304349030702,0,.004712370039349,0
Morocco,MAR,2007,.4165604019165039,.4706600189208984,.4706600189208984,MAR,.1080282616032859,.0508445836501943,.0112133217308738,.0620579053810681,.0620579053810681,0,0,-.0057322798133291,2008,.0040119552612304,0,0,1,1,0,0,.0470914805030623,0,.0167979236442063,.0473997070353267,0,.0049229840491532,0
Morocco,MAR,2008,.4099971389770508,.4199100112915039,.4199100112915039,MAR,.1021995082240384,.0429145966523421,.008966633039726,.0518812296920681,.0518812296920681,0,0,.0250547143893928,2009,.0033624267578125,0,0,1,1,0,0,.0369148048140623,0,.0132919419218949,.0575763827243267,0,.0046709418129025,0
Morocco,MAR,2009,.404205436706543,.4262200164794922,.4262200164794922,MAR,.1026327686145626,.0437441403302348,.0069840594153438,.0507281997455786,.0507281997455786,0,0,.0483964499426772,2010,.0078509521484375,0,0,1,1,0,0,.0357617748675728,0,.0131575335329508,.0587294126708162,0,.004775632742569,0
Morocco,MAR,2010,.3965149307250976,.452760009765625,.452760009765625,MAR,.1098885320830525,.0497531328590531,.0043515010404759,.054104633899529,.054104633899529,0,0,.0547324977756846,2011,.0015215682983398,0,0,1,1,0,0,.0391382090215232,0,.0144593484348241,.0553529785168658,0,.0046155405567443,0
Morocco,MAR,2011,.3930888748168945,.4855500030517578,.4855500030517578,MAR,.1214168104049353,.058953932662651,.0031787183658812,.0621326510285323,.0621326510285323,0,0,.0549984399034796,2012,-.0109221267700195,0,0,1,1,0,0,.0471662261505265,0,.0169100899383145,.0473249613878625,0,.0038661415771611,0
Morocco,MAR,2012,.3920806503295898,.5228200149536133,.5228200149536133,MAR,.1234140428548084,.0645233317308368,.002833590252828,.0673569219836648,.0673569219836648,0,0,.0816270072653804,2013,.0094126510620117,0,0,1,1,0,0,.052390497105659,0,.0192762350702517,.04210069043273,0,.0036723747909833,0
Morocco,MAR,2013,.3901324081420898,.5707600021362305,.5707600021362305,MAR,.1284172071969758,.0732954054540747,.0021666820806806,.0754620875347553,.0754620875347553,0,0,.0327833823062217,2014,.0073452377319336,0,0,1,1,0,0,.0604956626567495,0,.022702754514818,.0339955248816395,0,.0031512815660385,0
Morocco,MAR,2014,.3899006271362305,.5856399917602539,.5856399917602539,MAR,.1175450120125846,.068839059866509,.002087340483446,.070926400349955,.070926400349955,0,0,.043006439245867,2015,.0299876022338867,0,0,1,1,0,0,.0559599754719492,0,.0226787116446821,.0385312120664398,0,.0038089316635087,0
Morocco,MAR,2015,.3879294586181641,.5839400100708008,.5839400100708008,MAR,.1165638942653269,.0680663215911867,.001412584335667,.0694789059268537,.0694789059268537,0,0,.0258895231642476,2016,.0039089584350586,0,0,1,1,0,0,.0545124810488479,0,.022305177455402,.0399787064895411,0,.004366058333415,0
Morocco,MAR,2016,.3882118225097656,.6008399963378906,.6008399963378906,MAR,.1196653350603295,.0718997194794208,.001509241100435,.0734089605798558,.0734089605798558,0,0,.0318574516448299,2017,-.0015559387207031,0,0,1,1,0,0,.05844253570185,0,.0238223269445342,.036048651836539,0,.003762507902945,0
Morocco,MAR,2017,.3859732055664062,.6026100158691406,.6026100158691406,MAR,.1207370542464703,.0727573581754588,.000742933942417,.0735002921178758,.0735002921178758,0,0,.02636274366887,2018,.0007575607299805,0,0,1,1,0,0,.05853386723987,0,.0239038984348482,.035957320298519,0,.0035506718743726,0
Morocco,MAR,2018,.370643310546875,.6045800018310546,.6045800018310546,MAR,.1278088182860903,.0772706555934294,-.0045046848250452,.0727659707683842,.0727659707683842,0,0,.0206109821882141,2019,.0023137283325195,0,0,1,1,0,0,.0577995458903784,0,.0237377507647741,.0366916416480106,0,.0035476307300711,0
Morocco,MAR,2019,.3663515472412109,.6027000045776367,.6027000045776367,MAR,.1268960491623224,.0764802494110157,-.0059738101934587,.0705064392175571,.0705064392175571,0,0,.0688373145824294,2020,.0063647079467773,0,0,1,1,0,0,.0555400143395513,0,.0231632775624223,.0389511731988377,0,.0039866528146401,0
Morocco,MAR,2020,.3678908920288086,.7224500274658203,.7224500274658203,MAR,.1399148098009717,.1010814581835871,-.0054468728213044,.0956345853622827,.0956345853622827,0,0,.0457310588808508,2021,.0097907638549805,0,0,1,1,0,0,.0806681604842769,0,.0344329161493876,.0138230270541121,0,.0012801187209628,0
Morocco,MAR,2021,.3678104400634766,.6935099792480469,.6935099792480469,MAR,.1358900541809914,.0942411086550753,-.0054744125560917,.0887666960989836,.0887666960989836,0,0,.052072635376134,2022,-.0007124710083007,0,0,1,1,0,0,.0738002712209778,0,.0314488015963659,.0206909163174112,0,.0018182382265206,0
Morocco,MAR,2022,.3680765151977539,.7137200164794922,.7137200164794922,MAR,.1367108673249822,.097573282480112,-.0053833316408989,.0921899508392131,.0921899508392131,0,0,.0486554761925903,2023,.0047619247436523,0,0,1,1,0,0,.0772235259612073,0,.0332752993033948,.0172676615771818,0,.0013946681276637,0
Morocco,MAR,2023,.3682608413696289,.6870500183105469,.6870500183105469,MAR,.1326734251787619,.0911532791983914,-.0053202344391481,.0858330447592432,.0858330447592432,0,0,,,-.0002105712890625,1,0,0,1,0,,,,,.0236245676571516,0,.0019290211908734,0
Mexico,MEX,1995,.4039889526367187,,,MEX,,,.0069099541545955,,,,,,1996,,3,3,0,0,0,,,,,,,,
Mexico,MEX,1996,.4045524215698242,.425369987487793,.425369987487793,MEX,.1095785649807319,.0466114328147842,.0071028367636727,.053714269578457,.053714269578457,0,0,.0683519864215747,1997,.000367202758789,0,0,1,1,0,0,.0387478447004512,0,.0136199359966505,.0557433428379378,0,.0124430292689745,0
Mexico,MEX,1997,.4042144393920898,.3911999893188476,.3911999893188476,MEX,.1018043756815323,.0398258706792274,.0069871411495353,.0468130118287627,.0468130118287627,0,0,.0967050168787426,1998,.0062822341918945,0,0,1,1,0,0,.0318465869507569,0,.0113941993997091,.0626446005876321,0,.0124701262825251,0
Mexico,MEX,1998,.402436408996582,.3970800018310547,.3970800018310547,MEX,.1006807605750418,.0399783165934896,.0063784986467199,.0463568152402094,.0463568152402094,0,0,.0966621107702178,1999,.0066073226928711,0,0,1,1,0,0,.0313903903622036,0,.0114383859961272,.0631007971761854,0,.0106943363156088,0
Mexico,MEX,1999,.4022658157348633,.4166699981689453,.4166699981689453,MEX,.1006836206358665,.0419518440259893,.0063201023954307,.04827194642142,.04827194642142,0,0,.0304272282350581,2000,.0069045257568359,0,0,1,1,0,0,.0333055215434142,0,.0123662020197857,.0611856659949748,0,.011640447850575,0
Mexico,MEX,2000,.4005976486206055,.3845500183105469,.3845500183105469,MEX,.093278502833685,.035870249972674,.0057490674963078,.0416193174689818,.0416193174689818,0,0,.0109638444802211,2001,.0076808547973633,0,0,1,1,0,0,.026652892590976,0,.010100825478373,.0678382949474131,0,.0122345328772296,0
Mexico,MEX,2001,.4018668365478515,.3731499862670898,.3731499862670898,MEX,.0886644263403424,.0330851294712782,.0061835267263265,.0392686561976047,.0392686561976047,0,0,.0464501575286565,2002,.0050798416137695,0,0,1,1,0,0,.0243022313195989,0,.0093334310953611,.0701889562187901,0,.0153039550962689,0
Mexico,MEX,2002,.3998594284057617,.3986600112915039,.3986600112915039,MEX,.0913665738370378,.0364241993575395,.0054963652926072,.0419205646501467,.0419205646501467,0,0,.0459078107955164,2003,.0049361419677735,0,0,1,1,0,0,.0269541397721409,0,.0104849633646344,.0675370477662481,0,.0114750762738588,0
Mexico,MEX,2003,.3992446899414063,.4213299942016602,.4213299942016602,MEX,.0957080600252821,.0403246763755043,.0052859324684735,.0456106088439778,.0456106088439778,0,0,.0143099912246289,2004,-.0013533401489258,0,0,1,1,0,0,.030644183965972,0,.0118788915811572,.063847003572417,0,.0094671637109236,0
Mexico,MEX,2004,.3982107543945312,.3890599822998047,.3890599822998047,MEX,.091745739377731,.0356945957383825,.0049320031315006,.0406265988698831,.0406265988698831,0,0,.0092703797356613,2005,-.0008972549438477,0,0,1,1,0,0,.0256601739918773,0,.0099238694719901,.0688310135465117,0,.0097666354363108,0
Mexico,MEX,2005,.3956916046142578,.3684099960327148,.3684099960327148,MEX,.0851880163708453,.031384116773218,.0040696660021094,.0354537827753273,.0354537827753273,0,0,.029450083396902,2006,.0106732177734375,0,0,1,1,0,0,.0204873578973215,0,.0081419897660724,.0740038296410675,0,.0101425995520271,0
Mexico,MEX,2006,.3946849060058594,.3577700042724609,.3577700042724609,MEX,.0501888841359227,.0179560772917391,.0037250602168852,.0216811375086243,.0216811375086243,0,0,.0271311168113741,2007,.0767692565917969,0,0,1,1,0,0,.0067147126306185,0,.0031840131235217,.0877764749077705,0,.0111666896935421,0
Mexico,MEX,2007,.393447380065918,.3552899932861328,.3552899932861328,MEX,.0496791529471866,.0176505059170667,.0033014392893195,.0209519452063862,.0209519452063862,0,0,.0804527040035668,2008,.0017293167114258,0,0,1,1,0,0,.0059855203283804,0,.0028485922453403,.0885056672100086,0,.0104208355016376,0
Mexico,MEX,2008,.391776351928711,.4060499954223633,.4060499954223633,MEX,.0585007713642905,.0237542379446749,.0027294250255172,.026483662970192,.026483662970192,0,0,.004862016069313,2009,-.0006544494628906,0,0,1,1,0,0,.0115172380921862,0,.005473676097949,.0829739494462028,0,.0085188002417194,0
Mexico,MEX,2009,.389751091003418,.4166699981689453,.4166699981689453,MEX,.0594644027528512,.024777032586148,.0020361523561978,.0268131849423458,.0268131849423458,0,0,.0232798729875389,2010,.0037900161743164,0,0,1,1,0,0,.01184676006434,0,.0056751839373559,.082644427474049,0,.0107747746406207,0
Mexico,MEX,2010,.3875227355957031,.4015499877929687,.4015499877929687,MEX,.0478800143351694,.0192262191718144,.0012733578528303,.0204995770246447,.0204995770246447,0,0,.0484375517796975,2011,.0236168670654296,0,0,1,1,0,0,.0055331521466389,0,.0027813292319819,.0889580353917501,0,.0103597396717734,0
Mexico,MEX,2011,.3864129638671875,.4116699981689453,.4116699981689453,MEX,.0487005445537349,.0200485530872627,.0008934688227529,.0209420219100156,.0209420219100156,0,0,.0301775600565889,2012,.0028884887695313,0,0,1,1,0,0,.0059755970320098,0,.0030209918195866,.0885155905063792,0,.0095213417858081,0
Mexico,MEX,2012,.385167236328125,.4081499862670899,.4081499862670899,MEX,.0452961423501502,.0184876198781659,.000467040383106,.018954660261272,.018954660261272,0,0,.0438465558718507,2013,.0079373931884765,0,0,1,1,0,0,.0039882353832662,0,.0020479277720739,.0905029521551228,0,.0103811532034963,0
Mexico,MEX,2013,.3840207672119141,.4406600189208985,.4406600189208985,MEX,.0504413542980889,.0222274881393916,.0000745893687397,.0223020775081313,.0223020775081313,0,0,.0631410165209158,2014,.0008116149902344,0,0,1,1,0,0,.0073356526301255,0,.0037727541533542,.0871555349082635,0,.009983153619217,0
Mexico,MEX,2014,.3831837463378907,.4709299850463867,.4709299850463867,MEX,.1176601583019389,.0554096965896876,-.0002119335618927,.0551977630277949,.0551977630277949,0,0,.0694614330062951,2015,-.1408806228637696,0,0,1,1,0,0,.0402313381497891,0,.0150233148264033,.0542598493885999,0,.0064574460595154,0
Mexico,MEX,2015,.3824138259887696,.5097299957275391,.5097299957275391,MEX,.1250933969133479,.0637638566741842,-.000475487126242,.0632883695479422,.0632883695479422,0,0,.0840741200832784,2016,-.0026473999023438,0,0,1,1,0,0,.0483219446699364,0,.0179166074501159,.0461692428684526,0,.0054774997484701,0
Mexico,MEX,2016,.3835898208618164,.5500299835205078,.5500299835205078,MEX,.1316372155948121,.0724044155243001,-.0000729290683833,.0723314864559167,.0723314864559167,0,0,.0201486550172974,2017,-.0023599243164062,0,0,1,1,0,0,.0573650615779109,0,.0211341991070637,.0371261259604781,0,.0047059751743121,0
Mexico,MEX,2017,.3843729400634766,.5252099990844726,.5252099990844726,MEX,.1275717097223252,.067001937546467,.0001951426316874,.0671970801781544,.0671970801781544,0,0,.034804706661328,2018,-.0002024459838867,0,0,1,1,0,0,.0522306553001486,0,.019232028461485,.0422605322382404,0,.0063080680523829,0
Mexico,MEX,2018,.3842617797851562,.5220199966430664,.5220199966430664,MEX,.1272743394833953,.0664397502698705,.0001570910493402,.0665968413192107,.0665968413192107,0,0,.0169459354984124,2019,-.000291976928711,0,0,1,1,0,0,.0516304164412049,0,.0189959375651852,.0428607710971841,0,.0068990989047771,0
Mexico,MEX,2019,.3859542846679688,.5186899948120117,.5186899948120117,MEX,.1277845113840965,.0662805475468725,.0007364570773366,.0670170046242091,.0670170046242091,0,0,.0417919383927056,2020,-.0042456436157227,0,0,1,1,0,0,.0520505797462033,0,.0189295364450591,.0424406077921857,0,.0081293594816691,0
Mexico,MEX,2020,.3836818313598633,.5845600128173828,.5845600128173828,MEX,.1393723062648916,.0814714771365933,-.0000414327002909,.0814300444363024,.0814300444363024,0,0,.0436585439029809,2021,-.0010469818115234,0,0,1,1,0,0,.0664636195582966,0,.0241016240879923,.0280275679800924,0,.0052313832409247,0
Mexico,MEX,2021,.3844180297851563,.5669499969482422,.5669499969482422,MEX,.1387563364627232,.0786679045340902,.0002105774190362,.0788784819531264,.0788784819531264,0,0,.0282389764379069,2022,-.0054887771606446,0,0,1,1,0,0,.0639120570751206,0,.0228255549504615,.0305791304632684,0,.0057779985808418,0
Mexico,MEX,2022,.3872418975830078,.5380300140380859,.5380300140380859,MEX,.1319148815330227,.0709741655630447,.0011772234158913,.0721513889789359,.0721513889789359,0,0,.0313256326742348,2023,.0023285293579102,0,0,1,1,0,0,.0571849641009301,0,.0205561975295632,.0373062234374589,0,.0077860759793875,0
Mexico,MEX,2023,.3865097045898437,.5275299835205078,.5275299835205078,MEX,.1298983166208583,.0685252568263431,.0009265844071155,.0694518412334585,.0694518412334585,0,0,,,.0018107986450195,1,0,0,1,0,,,,,.0400057711829363,0,.0095484042659088,0
Malta,MLT,1995,.3268151473999024,.453030014038086,.453030014038086,MLT,.1159312262124092,.0525203250384603,-.0195076245829773,.033012700455483,.033012700455483,0,0,.0826986025921124,1996,,3,6,0,0,0,,,,,,,,
Malta,MLT,1996,.3302995300292969,.514620018005371,.514620018005371,MLT,.1259994909952273,.0648418603246314,-.0183148759271167,.0465269843975148,.0465269843975148,0,0,.1442508887945922,1997,-.0057020950317383,3,4,0,0,0,,,,,,,,
Malta,MLT,1997,.3281784439086914,.6079499816894531,.6079499816894531,MLT,.1294500564823516,.0786991594681443,-.0190409507841011,.0596582086840432,.0596582086840432,0,0,.0996784415550565,1998,.0266178131103516,3,4,0,0,0,,,,,,,,
Malta,MLT,1998,.3240127944946289,.6636199951171875,.6636199951171875,MLT,.1460182151811638,.0969006072455443,-.0204669057574425,.0764337014881018,.0764337014881018,0,0,.084137528695071,1999,-.013641242980957,3,4,0,0,0,,,,,,,,
Malta,MLT,1999,.3296950531005859,.6976799774169922,.6976799774169922,MLT,.1433969498035918,.1000451807006355,-.0185217960965999,.0815233846040356,.0815233846040356,0,0,.0489589278703947,2000,.01106689453125,3,4,0,0,0,,,,,,,,
Malta,MLT,2000,.3262371444702148,.6441699981689453,.6441699981689453,MLT,.1256492702229503,.0809394901694472,-.0197054823646263,.0612340078048209,.0612340078048209,0,0,.0813106911291851,2001,.025831413269043,1,1,0,0,0,,,,,,,,
Malta,MLT,2001,.3300149536132813,.7004599761962891,.7004599761962891,MLT,.127278520462887,.0891535094137327,-.0184122900672369,.0707412193464959,.0707412193464959,0,0,-.0145267184655408,2002,.0112538909912109,0,0,1,1,0,0,.0557747944684901,0,.0274155314603793,.0387163930698989,0,.0040570244041472,0
Malta,MLT,2002,.327038688659668,.650510025024414,.650510025024414,MLT,.1225087722676452,.0796931845135361,-.0194311035560196,.0602620809575165,.0602620809575165,0,0,.0755555364820692,2003,-.0028920364379883,0,0,1,1,0,0,.0452956560795107,0,.0221336211578884,.0491955314588783,0,.0052758061946396,0
Malta,MLT,2003,.3282687377929687,.6862599945068359,.6862599945068359,MLT,.1244584230280621,.0854108367035674,-.0190100420348163,.066400794668751,.066400794668751,0,0,.0384373202533797,2004,.0064219665527344,0,0,1,1,0,0,.0514343697907452,0,.0254635997021492,.0430568177476438,0,.004201125142693,0
Malta,MLT,2004,.3262980651855469,.7038999938964844,.7038999938964844,MLT,.1335828296814504,.094028952997448,-.0196846284260509,.0743443245713971,.0743443245713971,0,0,.0318302179518438,2005,-.0123471069335938,0,0,1,1,0,0,.0593778996933913,0,.0286630556504702,.0351132878449977,0,.0034669666873905,0
Malta,MLT,2005,.3246187210083008,.7015100097656251,.7015100097656251,MLT,.1229751151160418,.0862682742059833,-.0202594893765217,.0660087848294616,.0660087848294616,0,0,-.0258704342214198,2006,.0251362228393555,0,0,1,1,0,0,.0510423599514558,0,.0259223141533326,.0434488275869332,0,.0041583530786986,0
Malta,MLT,2006,.3225821304321289,.6454499816894531,.6454499816894531,MLT,.0846882109239729,.0546620041901908,-.0209566403299718,.033705363860219,.033705363860219,0,0,.0208139728084964,2007,.0698325729370117,0,0,1,1,0,0,.0187389389822132,0,.0108253242982012,.0757522485561758,0,.0070541594029311,0
Malta,MLT,2007,.3250899124145508,.6203699874877929,.6203699874877929,MLT,.0753694824218778,.0467569648670218,-.0200981945429071,.0266587703241146,.0266587703241146,0,0,.0436136829985185,2008,.0096185684204102,0,0,1,1,0,0,.0116923454461088,0,.0068670312862029,.0827988420922802,0,.0073905232754503,0
Malta,MLT,2008,.326800422668457,.615260009765625,.615260009765625,MLT,.0696579945650006,.0428577784163161,-.0195126650465277,.0233451133697884,.0233451133697884,0,0,.0506735057165403,2009,.0092127227783203,0,0,1,1,0,0,.0083786884917826,0,.0049980779880494,.0861124990466064,0,.0074644402010136,0
Malta,MLT,2009,.3256613540649414,.6604499816894531,.6604499816894531,MLT,.0795330313136466,.0525275890748046,-.0199025827709231,.0326250063038815,.0326250063038815,0,0,.0493002445155386,2010,-.0055616760253906,0,0,1,1,0,0,.0176585814258757,0,.0104355335857713,.0768326061125133,0,.0064641602433521,0
Malta,MLT,2010,.3281890869140625,.6503299713134766,.6503299713134766,MLT,.0627686688316774,.0408203466006899,-.0190373075474934,.0217830390531965,.0217830390531965,0,0,.0561061249670533,2011,.0315841293334961,0,0,1,1,0,0,.0068166141751907,0,.0042436502033585,.0876745733631983,0,.006910824648634,0
Malta,MLT,2011,.3273125076293945,.6893800354003906,.6893800354003906,MLT,.0726970148817841,.050115870692707,-.0193373718270943,.0307784988656128,.0307784988656128,0,0,.0083890253551532,2012,-.0080891418457032,0,0,1,1,0,0,.015812073987607,0,.0097158241163056,.0786791135507821,0,.0063686197444777,0
Malta,MLT,2012,.3258239364624023,.6561100006103515,.6561100006103515,MLT,.1132164131431873,.0742824208964784,-.0198469287407365,.054435492155742,.054435492155742,0,0,.0498663294127502,2013,-.1014471054077148,0,0,1,1,0,0,.0394690672777362,0,.0202479835287042,.0550221202606528,0,.0042031384212989,0
Malta,MLT,2013,.328949089050293,.6494499969482422,.6494499969482422,MLT,.1080369455268358,.0701645939427009,-.018777149114033,.051387444828668,.051387444828668,0,0,.0191905112628366,2014,.0058476638793946,0,0,1,1,0,0,.0364210199506622,0,.0188972859479222,.0580701675877268,0,.0042250403113025,0
Malta,MLT,2014,.3267747497558594,.6074499893188476,.6074499893188476,MLT,.1051247288087749,.0638580153920371,-.0195214532122517,.0443365621797853,.0443365621797853,0,0,.0213431642739911,2015,-.0052970504760743,0,0,1,1,0,0,.0293701373017795,0,.0150833139723392,.0651210502366095,0,.004489927788292,0
Malta,MLT,2015,.3263161087036133,.5504800033569336,.5504800033569336,MLT,.0940043449437958,.051747512120227,-.0196784518994723,.0320690602207548,.0320690602207548,0,0,.014382185389403,2016,.0061839675903321,0,0,1,1,0,0,.017102635342749,0,.0088889835480886,.07738855219564,0,.0047343190892314,0
Malta,MLT,2016,.3285271072387695,.5314899826049805,.5314899826049805,MLT,.1025062149066876,.0544810263776578,-.0189215988751603,.0355594275024975,.0355594275024975,0,0,-.0057989875111155,2017,-.0283077621459962,0,0,1,1,0,0,.0205930026244917,0,.0101201374343689,.0738981849138973,0,.0041101721440058,0
Malta,MLT,2017,.3324323272705078,.4555799865722656,.4555799865722656,MLT,.0832869365122962,.037943861417917,-.0175847922040441,.0203590692138729,.0203590692138729,0,0,-.0033503363154927,2018,.0130073547363282,0,0,1,1,0,0,.0053926443358671,0,.002720282184708,.0890985432025219,0,.004142798540774,0
Malta,MLT,2018,.333565673828125,.4144300079345703,.4144300079345703,MLT,.0765416064432975,.0317211385656205,-.0171968332090078,.0145243053566128,.0145243053566128,0,0,.0043131819348329,2019,-.0001343536376953,0,0,1,1,0,.000442119521393,0,.0002229647381921,0,.094933307059782,0,.0037073524870424,0
Malta,MLT,2019,.3314238357543945,.392490005493164,.392490005493164,MLT,.0814645875064635,.0319740363979102,-.0179300117244675,.0140440246734427,.0140440246734427,0,0,.085925703842888,2020,-.0162019348144531,0,0,1,1,0,.0009224002045631,0,.0004502298157605,0,.0954135877429521,0,.0033718269407831,0
Malta,MLT,2020,.3256570816040039,.4861100006103516,.4861100006103516,MLT,.0943014233573018,.045840864965775,-.0199040452888445,.0259368196769305,.0259368196769305,0,0,.0898141367560877,2021,.0096597290039062,0,0,1,1,0,0,.0109703947989247,0,.0054606953835825,.0835207927394643,0,.0029786838027917,0
Malta,MLT,2021,.3216634368896484,.4958599853515625,.4958599853515625,MLT,.0994930133734513,.0493346041539424,-.0212711208576548,.0280634832962876,.0280634832962876,0,0,.0442392969175543,2022,-.00381591796875,0,0,1,1,0,0,.0130970584182818,0,.0064693000594739,.0813941291201072,0,.00251953895977,0
Malta,MLT,2022,.3184586715698242,.5009600067138672,.5009600067138672,MLT,.101105673126066,.0506498986880441,-.0223681529388396,.0282817457492044,.0282817457492044,0,0,.0433694582430122,2023,.0017864990234375,0,0,1,1,0,0,.0133153208711986,0,.0066008987400413,.0811758666671904,0,.0022376234139352,0
Malta,MLT,2023,.3197190093994141,.4678799819946289,.4678799819946289,MLT,.0971841119949261,.04547050057035,-.0219367232102295,.0235337773601205,.0235337773601205,0,0,,,-.0039091110229492,1,0,0,1,0,,,,,.0859238350562743,0,.0028235951011155,0
Mauritius,MUS,1995,.4432851409912109,,,MUS,,,.0203615410856239,,,,,,,,3,4,0,0,0,,,,,,,,
Mauritius,MUS,1996,.4446693420410156,,,MUS,,,.0208353707757582,,,,,,,.0007387161254883,3,2,0,0,0,,,,,,,,
Mauritius,MUS,1997,.4424765014648437,,,MUS,,,.0200847334526121,,,,,,,.0043875122070313,3,2,0,0,0,,,,,,,,
Mauritius,MUS,1998,.4476301956176758,,,MUS,,,.0218489087534674,,,,,,,.0054232406616211,3,2,0,0,0,,,,,,,,
Mauritius,MUS,1999,.4494406509399414,,,MUS,,,.0224686507226504,,,,,,2000,.0012407302856445,3,2,0,0,0,,,,,,,,
Mauritius,MUS,2000,.4492236709594726,.5694400024414062,.5694400024414062,MUS,.0686410134190193,.0390869388489069,.0223943757053577,.0614813145542646,.0614813145542646,0,0,.0668303072430745,2001,.0015414810180664,0,0,1,1,0,0,.0465148896762588,0,.020566416589156,.0479762978621302,0,.0097431137728535,0
Mauritius,MUS,2001,.4513231658935547,.5818399810791015,.5818399810791015,MUS,.0659756820113049,.0383872895731385,.0231130596235609,.0615003491966994,.0615003491966994,0,0,.1149518983788878,2002,.0078682708740234,0,0,1,1,0,0,.0465339243186936,0,.0209409742196192,.0479572632196954,0,.0100649954932849,0
Mauritius,MUS,2002,.4472288131713867,.6295500183105469,.6295500183105469,MUS,.0735212763892136,.0462853208970442,.0217115104180325,.0679968313150767,.0679968313150767,0,0,.1250228136292498,2003,.0039802932739258,0,0,1,1,0,0,.0530304064370709,0,.0240755666235732,.0414607811013182,0,.0081562593305786,0
Mauritius,MUS,2003,.4433771133422851,.6694699859619141,.6694699859619141,MUS,.0821749674451093,.0550136743018981,.0203930243955207,.0754066986974187,.0754066986974187,0,0,-.0263015292551715,2004,-.0014785385131836,0,0,1,1,0,0,.0604402738194129,0,.0273502499012797,.0340509137189761,0,.0069068361657454,0
Mauritius,MUS,2004,.4419686508178711,.5942100143432617,.5942100143432617,MUS,.0717669645886591,.0426446490575995,.0199108896929043,.0625555387505037,.0625555387505037,0,0,.0408115092628674,2005,-.000604476928711,0,0,1,1,0,0,.0475891138724979,0,.02150611535029,.0469020736658911,0,.0092648691029757,0
Mauritius,MUS,2005,.4396316909790039,.5829199981689454,.5829199981689454,MUS,.081302394061517,.0473927913974704,.0191109185063032,.0665037099037736,.0665037099037736,0,0,.0450389158044597,2006,-.022771987915039,0,0,1,1,0,0,.0515372850257678,0,.0221167368087869,.0429539025126213,0,.0082974132986627,0
Mauritius,MUS,2006,.440155029296875,.5530699920654297,.5530699920654297,MUS,.0658438464533292,.0364162556355001,.019290063893476,.0557063195289761,.0557063195289761,0,0,-.0024925888430218,2007,.0241726303100586,0,0,1,1,0,0,.0407398946509703,0,.0184679296029093,.0537512928874187,0,.010725939225933,0
Mauritius,MUS,2007,.4426349639892578,.4880799865722656,.4880799865722656,MUS,.0519414466975438,.0253515806066813,.0201389771976603,.0454905578043415,.0454905578043415,0,0,.0343944110829707,2008,.006351203918457,0,0,1,1,0,0,.0305241329263357,0,.0140308555617937,.0639670546120533,0,.0131145846174624,0
Mauritius,MUS,2008,.44618896484375,.4875899887084961,.4875899887084961,MUS,.0404837435204912,.019739468046034,.0213555570607219,.0410950251067558,.0410950251067558,0,0,.1055432307206967,2009,.0216859436035156,0,0,1,1,0,0,.02612860022875,0,.0125770092553649,.068362587309639,0,.0126526959089461,0
Mauritius,MUS,2009,.4458448028564453,.5683700180053711,.5683700180053711,MUS,.0510073741260777,.0289910621504455,.0212377460188768,.0502288081693223,.0502288081693223,0,0,.0111165548711922,2010,.0042528533935547,0,0,1,1,0,0,.0352623832913165,0,.0171235241130785,.0592288042470725,0,.0098294726677248,0
Mauritius,MUS,2010,.4484414672851563,.5439199829101562,.5439199829101562,MUS,.0382556834333472,.0208080306792825,.0221266174019844,.0429346480812669,.0429346480812669,0,0,.0429281691946341,2011,.017506217956543,0,0,1,1,0,0,.0279682232032611,0,.014071074868892,.0665229643351279,0,.0100170727540255,0
Mauritius,MUS,2011,.4442551422119141,.548650016784668,.548650016784668,MUS,.0377953635941916,.0207364268703358,.0206935848865592,.041430011756895,.041430011756895,0,0,.0271949225738225,2012,.0074843215942383,0,0,1,1,0,0,.0264635868788892,0,.0135121402458325,.0680276006594998,0,.0090925127812482,0
Mauritius,MUS,2012,.4392531585693359,.5418399810791016,.5418399810791016,MUS,.0369506030792368,.0200213140733151,.0189813420301084,.0390026561034235,.0390026561034235,0,0,.0593783813956684,2013,.0053387451171875,0,0,1,1,0,0,.0240362312254177,0,.0124010710989064,.0704549563129713,0,.0093076823025035,0
Mauritius,MUS,2013,.4407406616210938,.5647600173950196,.5647600173950196,MUS,.0365410797401105,.0206369408296576,.0194905333142703,.0401274741439279,.0401274741439279,0,0,.0614317339915148,2014,.007070426940918,0,0,1,1,0,0,.0251610492659221,0,.0131593005604531,.0693301382724669,0,.0081755453208051,0
Mauritius,MUS,2014,.4379972457885742,.5912900161743164,.5912900161743164,MUS,.0360065463409424,.0212903113683171,.0185514270522026,.0398417384205197,.0398417384205197,0,0,.0764553916995752,2015,.0134628677368164,0,0,1,1,0,0,.0248753135425139,0,.0133447530179288,.0696158739958751,0,.0084248050185104,0
Mauritius,MUS,2015,.4433532333374023,.6302099990844726,.6302099990844726,MUS,.0387262291264327,.0244056568223142,.0203848499649959,.0447905067873101,.0447905067873101,0,0,.0347131139904784,2016,.0010136032104493,0,0,1,1,0,0,.0298240819093043,0,.0160298273936981,.0646671056290847,0,.0071061000819892,0
Mauritius,MUS,2016,.4372383880615234,.6259600067138672,.6259600067138672,MUS,.0483747899091877,.0302806838163371,.0182916603646139,.048572344180951,.048572344180951,0,0,.0224967772531752,2017,-.0162648391723633,0,0,1,1,0,0,.0336059193029452,0,.0175158919280973,.0608852682354438,0,.0067163747972755,0
Mauritius,MUS,2017,.4374774169921875,.6133700180053711,.6133700180053711,MUS,.0465619462685479,.0285597018211044,.0183734830190366,.046933184840141,.046933184840141,0,0,.0476989919591262,2018,-.0004852676391601,0,0,1,1,0,0,.0319667599621352,0,.0166460259020295,.0625244275762538,0,.006602028852243,0
Mauritius,MUS,2018,.4374496078491211,.6314799880981445,.6314799880981445,MUS,.03815431899668,.0240936889059163,.0183639635943519,.0424576525002682,.0424576525002682,0,0,.1222704897122707,2019,.0252787017822266,0,0,1,1,0,0,.0274912276222624,0,.015010427993351,.0669999599161266,0,.0076394833159771,0
Mauritius,MUS,2019,.4357984161376953,.8106800079345703,.8106800079345703,MUS,.0653910956894012,.053011253972334,.0177987395923274,.0708099935646614,.0708099935646614,0,0,.0733478364559781,2020,.0016442489624023,0,0,1,1,0,0,.0558435686866556,0,.0305828514754008,.0386476188517334,0,.0048940335252754,0
Mauritius,MUS,2020,.409486312866211,.9189600372314453,.9189600372314453,MUS,.0876607278224727,.0805567057034751,.0087917707407515,.0893484764442266,.0893484764442266,0,0,.0666913323356927,2021,.0169821166992187,0,0,1,1,0,0,.0743820515662208,0,.0419986565009287,.0201091359721682,0,.0024867985813615,0
Mauritius,MUS,2021,.4096512222290039,.8613400268554687,.8613400268554687,MUS,.0788598076956639,.0679251088784002,.0088482213208775,.0767733301992777,.0767733301992777,0,0,.0966422359649877,2022,-9.38415527341e-06,0,0,1,1,0,0,.0618069053212719,0,.0348977177868827,.0326842822171171,0,.0033829489498991,0
Mauritius,MUS,2022,.4112102508544922,.8180400085449219,.8180400085449219,MUS,.0715391544253051,.0585218904973731,.0093818967220267,.0679037872193998,.0679037872193998,0,0,.0886935118129517,2023,-.0000586318969726,0,0,1,1,0,0,.052937362341394,0,.0298866491435945,.041553825196995,0,.004318272011747,0
Mauritius,MUS,2023,.4118613815307617,.8145099639892578,.8145099639892578,MUS,.0709347390431544,.0577770517436271,.0096047870648835,.0673818388085106,.0673818388085106,0,0,,,-.0005910110473633,1,0,0,1,0,,,,,.0420757736078842,0,.0046349764478898,0
Malaysia,MYS,1995,.400976676940918,.3816600036621094,.3816600036621094,MYS,.0857443394498977,.0327251849084531,.005878813729047,.0386039986375001,.0386039986375001,0,0,-.007919896157534,1996,,0,2,1,0,0,0,.0236375737594943,0,.009327648784335,,,,
Malaysia,MYS,1996,.4015283966064453,.3276900100708008,.3276900100708008,MYS,.075708575492705,.0248089438656505,.0060676744138403,.0308766182794908,.0308766182794908,0,0,.0012737468183247,1997,.0035926055908204,0,0,1,1,0,0,.015910193401485,0,.0063354978357114,.078580994136904,0,.005763422840271,0
Malaysia,MYS,1997,.400427360534668,.296200008392334,.296200008392334,MYS,.074071773073417,.0219400598059812,.0056907757105844,.0276308355165655,.0276308355165655,0,0,.0418879645316208,1998,-.0058188629150391,0,0,1,1,0,0,.0126644106385597,0,.0049693226697861,.0818267768998293,0,.0049325855128581,0
Malaysia,MYS,1998,.4006696701049804,.3363600158691406,.3363600158691406,MYS,.0810229469738776,.027252879729898,.0057737213698395,.0330266010997375,.0330266010997375,0,0,.0285163128425301,1999,-.0022552108764649,0,0,1,1,0,0,.0180601762217317,0,.0070458097481582,.0764310113166573,0,.0057172000197075,0
Malaysia,MYS,1999,.4000547027587891,.3436299896240234,.3436299896240234,MYS,.0814533836043266,.0279898253627963,.0055632101965315,.0335530355593279,.0335530355593279,0,0,.041706870368112,2000,.002225227355957,0,0,1,1,0,0,.0185866106813221,0,.0072925468601724,.0759045768570669,0,.0054262652257759,0
Malaysia,MYS,2000,.3990157318115234,.3251800155639649,.3251800155639649,MYS,.077439220995503,.025181687088579,.0052075571777227,.0303892442663017,.0303892442663017,0,0,.0513901148072851,2001,.0039628219604492,0,0,1,1,0,0,.0154228193882958,0,.0061123358868967,.0790683681500932,0,.0060492550609723,0
Malaysia,MYS,2001,.3977687454223633,.3806499862670898,.3806499862670898,MYS,.0825347173088821,.0314168390101841,.0047806978176168,.0361975368278009,.0361975368278009,0,0,.0490148738280818,2002,.0089095687866211,0,0,1,1,0,0,.0212311119497951,0,.0086034249297353,.0732600755885939,0,.0044116301069844,0
Malaysia,MYS,2002,.396713752746582,.3953200149536133,.3953200149536133,MYS,.0809503843679862,.032001307158853,.0044195603566028,.0364208675154558,.0364208675154558,0,0,.0570193712004476,2003,.0098308563232422,0,0,1,1,0,0,.02145444263745,0,.0089048401513036,.073036744900939,0,.0050625450765582,0
Malaysia,MYS,2003,.3955908966064453,.4139300155639649,.4139300155639649,MYS,.0807219782386198,.0334132497086659,.0040351923653912,.0374484420740571,.0374484420740571,0,0,.0610596453565634,2004,.0081888961791992,0,0,1,1,0,0,.0224820171960513,0,.0095154461977022,.0720091703423377,0,.0003006517770483,0
Malaysia,MYS,2004,.3947999954223633,.4195999908447265,.4195999908447265,MYS,.0810348628046949,.0340022276909537,.0037644567933922,.0377666844843459,.0377666844843459,0,0,.0300909069200335,2005,.0021456146240234,0,0,1,1,0,0,.0228002596063401,0,.009699061911669,.0716909279320489,0,.0013809357173742,0
Malaysia,MYS,2005,.3929300308227539,.4077799987792969,.4077799987792969,MYS,.0847538121627957,.0345609094202856,.0031243440388758,.0376852534591614,.0376852534591614,0,0,.0276585949792541,2006,-.0103197479248047,0,0,1,1,0,0,.0227188285811556,0,.009429969171337,.0717723589572334,0,.0046062611749814,0
Malaysia,MYS,2006,.391827392578125,.396619987487793,.396619987487793,MYS,.0799151532005227,.0316959470624764,.0027468968913993,.0344428439538757,.0344428439538757,0,0,.0420684415910814,2007,.0084019088745117,0,0,1,1,0,0,.0194764190758699,0,.0082477720806368,.0750147684625191,0,.0031316020296548,0
Malaysia,MYS,2007,.3938674163818359,.3934799957275391,.3934799957275391,MYS,.0803880268626706,.0316310804664689,.0034452230824648,.0350763035489337,.0350763035489337,0,0,.0620094826028647,2008,-.0044962310791015,0,0,1,1,0,0,.0201098786709279,0,.0084256075752228,.0743813088674611,0,.0022265268022708,0
Malaysia,MYS,2008,.3888687133789063,.3936100006103516,.3936100006103516,MYS,.0859112476353732,.0338155262341953,.0017341032308466,.0355496294650419,.0355496294650419,0,0,.0730941573715346,2009,-.0067068481445313,0,0,1,1,0,0,.0205832045870361,0,.0084858725483012,.0739079829513529,0,.0042807854792854,0
Malaysia,MYS,2009,.3869346618652344,.5040800094604492,.5040800094604492,MYS,.0980668547841197,.0494335410873356,.0010720527075095,.050505593794845,.050505593794845,0,0,.0673181026434679,2010,.0125643539428711,0,0,1,1,0,0,.0355391689168392,0,.015098319940749,.0589520186215498,0,.0023289453225271,0
Malaysia,MYS,2010,.384271240234375,.5121200180053711,.5121200180053711,MYS,.0893489620055198,.045757392031028,.0001603294818804,.0459177215129084,.0459177215129084,0,0,.0639115823084908,2011,.0255647659301758,0,0,1,1,0,0,.0309512966349026,0,.0139404890823913,.0635398909034864,0,.0036267777078818,0
Malaysia,MYS,2011,.3834723663330078,.5189799880981445,.5189799880981445,MYS,.0905875139105514,.0470131068911385,-.0001131352530255,.046899971638113,.046899971638113,0,0,.0540043494277473,2012,.0004664611816406,0,0,1,1,0,0,.0319335467601072,0,.0143977910945992,.0625576407782818,0,.0042104057586272,0
Malaysia,MYS,2012,.3819133377075195,.5378799819946289,.5378799819946289,MYS,.0818214134757403,.0440101004071063,-.0006468106541746,.0433632897529316,.0433632897529316,0,0,.0458302267364924,2013,.0281245040893555,0,0,1,1,0,0,.0283968648749258,0,.0136018647254348,.0660943226634632,0,.0020242248284549,0
Malaysia,MYS,2013,.3804294586181641,.5565599822998046,.5565599822998046,MYS,.0786456263587645,.043771008414191,-.0011547614097425,.0426162470044486,.0426162470044486,0,0,.0449101456782865,2014,.0153030776977539,0,0,1,1,0,0,.0276498221264428,0,.0136671647692851,.0668413654119462,0,.0036800981976427,0
Malaysia,MYS,2014,.3799626922607422,.5537300109863281,.5537300109863281,MYS,.0649057381423092,.0359402550946166,-.0013145414926528,.0346257136019638,.0346257136019638,0,0,.0437887636269293,2015,.0306820297241212,0,0,1,1,0,0,.019659288723958,0,.0103206721150142,.074831898814431,0,.0055236200937551,0
Malaysia,MYS,2015,.3796980667114258,.5697100067138672,.5697100067138672,MYS,.0671720796234779,.038268605933276,-.001405126196408,.036863479736868,.036863479736868,0,0,.0226544601302225,2016,.0006497192382812,0,0,1,1,0,0,.0218970548588622,0,.0115096745430563,.0725941326795268,0,.0052835635810257,0
Malaysia,MYS,2016,.3830064773559571,.5578699874877929,.5578699874877929,MYS,.07475108292707,.0417013856972235,-.000272614997434,.0414287706997895,.0414287706997895,0,0,.039449521300361,2017,-.0250308990478515,0,0,1,1,0,0,.0264623458217837,0,.0132469366129927,.0680288417166053,0,.0061932945590483,0
Malaysia,MYS,2017,.3810471725463867,.5439500045776368,.5439500045776368,MYS,.0797664716988637,.0433889726457388,-.0009433100463421,.0424456625993967,.0424456625993967,0,0,.0430988748941021,2018,-.0138724899291992,0,0,1,1,0,0,.0274792377213909,0,.0133747828799266,.0670119498169981,0,.0061307859999473,0
Malaysia,MYS,2018,.3806064224243164,.5564599990844726,.5564599990844726,MYS,.0788008850091364,.0438495404000397,-.0010941844397669,.0427553559602728,.0427553559602728,0,0,.0399852024232613,2019,.0069820022583008,0,0,1,1,0,0,.027788931082267,0,.0137195402072098,.066702256456122,0,.006244959448347,0
Malaysia,MYS,2019,.3740896987915039,.5708300018310547,.5708300018310547,MYS,.0803475028662541,.0458647652082645,-.0033249421321283,.0425398230761362,.0425398230761362,0,0,.0639310945865796,2020,.0089271926879883,0,0,1,1,0,0,.0275733981981304,0,.013859283536987,.0669177893402586,0,.0061124890177119,0
Malaysia,MYS,2020,.3690156173706055,.6769300079345704,.6769300079345704,MYS,.0988966954930764,.066946140864831,-.0050618649785022,.0618842758863288,.0618842758863288,0,0,.0781774756163321,2021,.0002038192749023,0,0,1,1,0,0,.046917851008323,0,.0235919951995376,.047573336530066,0,.0042614975296006,0
Malaysia,MYS,2021,.3664508056640625,.6916200256347657,.6916200256347657,MYS,.1035135741183969,.0715920607853119,-.0059398327681781,.0656522280171337,.0656522280171337,0,0,.0670852644830018,2022,-.0024665832519531,0,0,1,1,0,0,.0506858031391279,0,.0253616372809447,.0438053843992611,0,.0048519375252495,0
Malaysia,MYS,2022,.3670724105834961,.6546399688720703,.6546399688720703,MYS,.096259849951818,.0630155451760883,-.0057270494688137,.0572884957072746,.0572884957072746,0,0,.0537959568581186,2023,.0030354690551758,0,0,1,1,0,0,.0423220708292688,0,.021305146857522,.0521691167091202,0,.0053096485526185,0
Malaysia,MYS,2023,.3669266891479492,.6971199798583985,.6971199798583985,MYS,.1017867459238631,.0709575742682954,-.0057769317764892,.0651806424918062,.0651806424918062,0,0,,,.0022121429443359,1,0,0,1,0,,,,,.0442769699245886,0,.0040001264731717,0
Namibia,NAM,1995,.501346206665039,.1799099922180176,.1799099922180176,NAM,.0108498582264273,.0019519979090831,.0402365850765092,.0421885829855924,.0421885829855924,0,0,.0422456542757819,1996,,0,2,1,0,0,0,.0272221581075866,0,.0103303626790617,,,,
Namibia,NAM,1996,.5009653472900391,.1872500038146973,.1872500038146973,NAM,.012327341002748,.0023082946497896,.0401062120503752,.0424145067001648,.0424145067001648,0,0,.0102419225094865,1997,-.0003914260864258,0,0,1,1,0,0,.027448081822159,0,.0104053531293465,.06704310571623,0,.0033082623375901,0
Namibia,NAM,1997,.4996109008789063,.1771699905395508,.1771699905395508,NAM,.0129278807726518,.0022904325141872,.0396425677529076,.0419330002670947,.0419330002670947,0,0,.0419285070104655,1998,-.0032552337646485,0,0,1,1,0,0,.0269665753890889,0,.0101350353000235,.0675246121493001,0,.0040647259844499,0
Namibia,NAM,1998,.4977413177490234,.1957399940490723,.1957399940490723,NAM,.017667435458204,.0034582237114512,.0390025855803484,.0424608092917996,.0424608092917996,0,0,.0446331510245778,1999,-.0022150802612305,0,0,1,1,0,0,.0274943844137938,0,.0102725031629807,.0669968031245952,0,.0050371593352342,0
Namibia,NAM,1999,.4966552734375,.2179700088500977,.2179700088500977,NAM,.0244667256674808,.0053330124102737,.038630818748013,.0439638311582867,.0439638311582867,0,0,.0259240433637876,2000,-.0065272140502929,0,0,1,1,0,0,.0289974062802809,0,.0106447927171549,.0654937812581081,0,.0045965919350378,0
Namibia,NAM,2000,.4942678451538086,.2085899925231934,.2085899925231934,NAM,.0269345858044712,.0056182850515699,.0378135715684656,.0434318566200356,.0434318566200356,0,0,.066073967137192,2001,-.0060544204711914,0,0,1,1,0,0,.0284654317420298,0,.0102771660174236,.0660257557963592,0,.0040807492478178,0
Namibia,NAM,2001,.4938627624511719,.2439299964904785,.2439299964904785,NAM,.0322826604357938,.0078747092468065,.0376749065880452,.0455496158348516,.0455496158348516,0,0,.0135490727200748,2002,.0004684829711914,0,0,1,1,0,0,.0305831909568458,0,.0110560899951642,.0639079965815432,0,.0038061672827504,0
Namibia,NAM,2002,.4914752960205078,.221870002746582,.221870002746582,NAM,.0303344474509837,.0067303039392658,.0368576463503021,.0435879502895679,.0435879502895679,0,0,.0640889387556093,2003,-.0004001235961914,0,0,1,1,0,0,.0286215254115621,0,.0103354786613301,.0658696621268269,0,.0045614889901974,0
Namibia,NAM,2003,.4927393341064453,.2714599990844727,.2714599990844727,NAM,.0367110080374419,.0099655702082341,.0372903427238977,.0472559129321317,.0472559129321317,0,0,.0623538082995012,2004,.0011016464233399,0,0,1,1,0,0,.0322894880541259,0,.0116955830753496,.0622016994842631,0,.0050829840299615,0
Namibia,NAM,2004,.5013563919067383,.2917900085449219,.2917900085449219,NAM,.0368103036195032,.010740878807676,.0402400716147683,.0509809504224443,.0509809504224443,0,0,-.0006040757107633,2005,-.0031794357299805,0,0,1,1,0,0,.0360145255444385,0,.0129303239130042,.0584766619939505,0,.004947133434472,0
Namibia,NAM,2005,.5076644897460938,.2689699935913086,.2689699935913086,NAM,.0331767563196322,.0089235519346719,.042399414034701,.0513229659693729,.0513229659693729,0,0,.0237144717639872,2006,-.0068572998046875,0,0,1,1,0,0,.0363565410913671,0,.0128038103262596,.0581346464470219,0,.0049243262701104,0
Namibia,NAM,2006,.509520034790039,.2613599967956543,.2613599967956543,NAM,.0268615639869217,.0070205382775481,.0430345907912328,.0500551290687809,.0500551290687809,0,0,-.0328273996765015,2007,.0095559310913086,0,0,1,1,0,0,.0350887041907751,0,.0126926170068019,.0594024833476139,0,.0043685957742751,0
Namibia,NAM,2007,.5026679611206055,.1936400032043457,.1936400032043457,NAM,.0180931299191108,.0035035537355133,.0406890385002392,.0441925922357524,.0441925922357524,0,0,.0237727902810362,2008,.0045354843139648,0,0,1,1,0,0,.0292261673577466,0,.0107045197166893,.0652650201806424,0,.0035147552032159,0
Namibia,NAM,2008,.504906005859375,.1909700012207031,.1909700012207031,NAM,.0087004765781789,.0016615300227555,.0414551497853213,.0431166798080768,.0431166798080768,0,0,-.0209239635200225,2009,.0177777099609375,0,0,1,1,0,0,.028150254930071,0,.0108108978097907,.066340932608318,0,.0024684804330722,0
Namibia,NAM,2009,.5029055786132812,.1585099983215332,.1585099983215332,NAM,.012678652070609,.0020096931184315,.04077037800142,.0427800711198515,.0427800711198515,0,0,.0208073044755823,2010,-.0178310012817383,0,0,1,1,0,0,.0278136462418457,0,.0101856805636349,.0666775412965433,0,.0026517195553426,0
Namibia,NAM,2010,.4982063293457031,.1632799911499024,.1632799911499024,NAM,.0171447979030655,.0027994024498794,.0391617649862553,.0419611674361347,.0419611674361347,0,0,.1361638629995374,2011,-.003067512512207,0,0,1,1,0,0,.0269947425581289,0,.0098029818050414,.0674964449802601,0,.0026749327535445,0
Namibia,NAM,2011,.4904329681396484,.2745000076293945,.2745000076293945,NAM,.0385418310622162,.0105797329206292,.0365008442102693,.0470805771308984,.0470805771308984,0,0,.0175789220834509,2012,-.0013820266723633,0,0,1,1,0,0,.0321141522528926,0,.0116176826757594,.0623770352854964,0,.0023193882706208,0
Namibia,NAM,2012,.4809697723388672,.2462800025939941,.2462800025939941,NAM,.0370121054915274,.0091153414364626,.0332614714799877,.0423768129164502,.0423768129164502,0,0,.0406591497405775,2013,.004688720703125,0,0,1,1,0,0,.0274103880384444,0,.0100445587802525,.0670807994999446,0,.0029970037477431,0
Namibia,NAM,2013,.4815423965454101,.2611300086975097,.2611300086975097,NAM,.0376401890479136,.0098289828934576,.0334574880560392,.0432864709494968,.0432864709494968,0,0,.0554661248128517,2014,.0030081939697266,0,0,1,1,0,0,.028320046071491,0,.0104630958911559,.066171141466898,0,.0029032788994785,0
Namibia,NAM,2014,.4798312759399414,.2757200050354004,.2757200050354004,NAM,.0393412591164962,.0108471721616993,.0328717496285282,.0437189217902275,.0437189217902275,0,0,.1800928625133705,2015,.0031190490722656,0,0,1,1,0,0,.0287524969122217,0,.0107125491949824,.0657386906261673,0,.0027171050890059,0
Namibia,NAM,2015,.4782293319702148,.4209000015258789,.4209000015258789,NAM,.0621674154759698,.0261662652686956,.0323233837571866,.0584896490258822,.0584896490258822,0,0,.0741204792182999,2016,-.0000849533081055,0,0,1,1,0,0,.0435232241478764,0,.0162121004845413,.0509679633905126,0,.0024236151819916,0
Namibia,NAM,2016,.4727442169189453,.4583300018310547,.4583300018310547,NAM,.064833233884756,.0297150162051134,.0304457588518589,.0601607750569723,.0601607750569723,0,0,.0184898705448795,2017,.0131087112426758,0,0,1,1,0,0,.0451943501789665,0,.0174270230789585,.0492968373594225,0,.003731548300638,0
Namibia,NAM,2017,.4572127914428711,.4382899856567383,.4382899856567383,NAM,.0732819433559135,.0321187419023612,.0251291536363732,.0572478955387344,.0572478955387344,0,0,.0761322115273445,2018,-.0081163787841797,0,0,1,1,0,0,.0422814706607286,0,.0159606390427649,.0522097168776604,0,.0047100580903356,0
Namibia,NAM,2018,.471991081237793,.4874399948120117,.4874399948120117,NAM,.0701999772360672,.034218276539752,.0301879508936292,.0644062274333812,.0644062274333812,0,0,.0886964352394116,2019,.0068080139160157,0,0,1,1,0,0,.0494398025553754,0,.0189993918845561,.0450513849830136,0,.0046542711900536,0
Namibia,NAM,2019,.4711136245727539,.5756800079345703,.5756800079345703,NAM,.0853537234635701,.0491364322007532,.0298875862755267,.0790240184762798,.0790240184762798,0,0,.0425636274777607,2020,-.0030611801147461,0,0,1,1,0,0,.064057593598274,0,.0244208212838208,.030433593940115,0,.0035073517174699,0
Namibia,NAM,2020,.4602570343017578,.642969970703125,.642969970703125,NAM,.1015596435644207,.0652998010472354,.0261712368299406,.091471037877176,.091471037877176,0,0,.0892145230278613,2021,-.0011333465576172,0,0,1,1,0,0,.0765046129991702,0,.0290793204011374,.0179865745392188,0,.0022209303441866,0
Namibia,NAM,2021,.459202880859375,.6960399627685547,.6960399627685547,NAM,.1104690119193276,.0768908469434078,.0258103866492326,.1027012335926404,.1027012335926404,0,0,.0896874642291499,2022,-.0007717514038086,0,0,1,1,0,0,.0877348087146346,0,.0332801961471588,.0067563788237544,0,.0009401350976611,0
Namibia,NAM,2022,.4544716262817383,.7005300140380859,.7005300140380859,NAM,.1125806122394158,.0788660978724942,.0241908178078533,.1030569156803476,.1030569156803476,0,0,.0549945510156383,2023,.0022053527832032,0,0,1,1,0,0,.0880904908023418,0,.033609386633731,.0064006967360472,0,.0009361656863288,0
Namibia,NAM,2023,.4540561294555664,.6786000061035157,.6786000061035157,NAM,.1102549095280607,.0748189822786845,.0240485879399995,.0988675702186841,.0988675702186841,0,0,,,-.0017715072631836,1,0,0,1,0,,,,,.0105900421977107,0,.0015352464694926,0
Nigeria,NGA,1995,.5342177200317383,.2417200088500976,.2417200088500976,NGA,.0414682625379338,.0100237087876675,.0514889237414645,.061512632529132,.061512632529132,0,0,-.0080720061687716,1996,,1,3,0,0,0,,,,,,,,
Nigeria,NGA,1996,.5335832214355469,.1789999961853027,.1789999961853027,NGA,.0322979045938401,.0057813247990906,.0512717267719445,.0570530515710351,.0570530515710351,0,0,.0074805357228218,1997,-2.86102294911e-07,0,0,1,1,0,0,.0420866266930293,0,.0123515806138407,.0524045608453597,0,.0056983782776498,0
Nigeria,NGA,1997,.5330527114868164,.1713999938964844,.1713999938964844,NGA,.0290759522802987,.0049836180433777,.0510901264439751,.0560737444873527,.0560737444873527,0,0,.0050695524819312,1998,.0053022003173828,0,0,1,1,0,0,.0411073196093469,0,.0122821328742215,.0533838679290421,0,.0061053848263919,0
Nigeria,NGA,1998,.5327037811279297,.1581099987030029,.1581099987030029,NGA,.0248985407386616,.0039367082438964,.0509706831276641,.0549073913715606,.0549073913715606,0,0,.3752149178833289,1999,.0053065109252929,0,0,1,1,0,0,.0399409664935548,0,.0121455945707253,.0545502210448342,0,.0097124786997228,0
Nigeria,NGA,1999,.5340721893310547,.4611399841308594,.4611399841308594,NGA,.0730258926841455,.0336751589935087,.0514391067247676,.0851142657182763,.0851142657182763,0,0,.0704444609080405,2000,-.0066971588134765,0,0,1,1,0,0,.0701478408402705,0,.0208613709734489,.0243433466981185,0,.0065793799577919,0
Nigeria,NGA,2000,.531076545715332,.4090299987792969,.4090299987792969,NGA,.069418909323336,.0283944163957842,.0504136596725558,.0788080760683401,.0788080760683401,0,0,.0356186786248516,2001,-.0062432098388672,0,0,1,1,0,0,.0638416511903343,0,.0185873870064864,.0306495363480547,0,.0043166460960008,0
Nigeria,NGA,2001,.5194048309326171,.3770500183105469,.3770500183105469,NGA,.0737072815062826,.0277913318415645,.0464182827006844,.0742096145422489,.0742096145422489,0,0,.0509868932864486,2002,-.0072321701049805,0,0,1,1,0,0,.0592431896642431,0,.0168200960122589,.0352479978741459,0,.0051226708600207,0
Nigeria,NGA,2002,.5156558609008789,.3072400093078613,.3072400093078613,NGA,.0681865279674846,.0209496294874007,.0451349623992644,.0660845918866651,.0660845918866651,0,0,.043551258626901,2003,-.0071086883544922,0,0,1,1,0,0,.0511181670086593,0,.0141498880596427,.0433730205297297,0,.0039346955769689,0
Nigeria,NGA,2003,.5067173767089844,.2988599967956543,.2988599967956543,NGA,.0708225092386252,.0211660148841157,.0420752051512017,.0632412200353175,.0632412200353175,0,0,.0293093130918442,2004,.0014513397216797,0,0,1,1,0,0,.0482747951573117,0,.0134328847536377,.0462163923810773,0,.009023347587072,0
Nigeria,NGA,2004,.5063811874389649,.2520100021362305,.2520100021362305,NGA,.0637819906002037,.0160736995874104,.0419601232722635,.0580338228596738,.0580338228596738,0,0,-.0790836683692711,2005,.0002726173400879,0,0,1,1,0,0,.043067397981668,0,.0119956217799104,.051423789556721,0,.0029782703663993,0
Nigeria,NGA,2005,.5025938034057618,.1344999980926514,.1344999980926514,NGA,.0318574183757457,.0042848227107746,.0406636533677467,.0449484760785213,.0449484760785213,0,0,-.0485484634289705,2006,.0363786506652832,0,0,1,1,0,0,.0299820512005155,0,.009441648653959,.0645091363378735,0,.0053017923501685,0
Nigeria,NGA,2006,.5019169235229493,.0667799997329712,.0667799997329712,NGA,-.0080148458132352,-.0005352314012676,.0404319487427745,.0398967173415068,.0398967173415068,0,0,-.0004320316357533,2007,.0678604316711426,0,0,1,1,0,0,.024930292463501,0,.0095425795649502,.069560895074888,0,.0022356534916617,0
Nigeria,NGA,2007,.5019131851196289,.0576399993896484,.0576399993896484,NGA,-.0118214243552589,-.0006813868926219,.0404306690395933,.0397492821469714,.0397492821469714,0,0,.0036835726251838,2008,.0054916763305664,0,0,1,1,0,0,.0247828572689656,0,.0096222451580853,.0697083302694234,0,.0025726037263628,0
Nigeria,NGA,2008,.4961210250854492,.0516699981689453,.0516699981689453,NGA,-.014269887254111,-.000737325048291,.0384479387168623,.0377106136685714,.0377106136685714,0,0,.0175367283487102,2009,.0101682281494141,0,0,1,1,0,0,.0227441887905656,0,.0090619754759367,.0717469987478234,0,.0022645822159573,0
Nigeria,NGA,2009,.496339340209961,.0611899995803833,.0611899995803833,NGA,-.0109860704931014,-.0006722376488629,.0385226707710055,.0378504331221426,.0378504331221426,0,0,.0223542055955346,2010,-.0044247055053711,0,0,1,1,0,0,.0228840082441368,0,.0090164287948064,.0716071792942522,0,.0046101611733425,0
Nigeria,NGA,2010,.4937741088867187,.0667000007629395,.0667000007629395,NGA,-.0179998435750402,-.001200589580188,.0376445593411766,.0364439697609886,.0364439697609886,0,0,.0754739948261696,2011,.0207254791259766,0,0,1,1,0,0,.0214775448829828,0,.008907406676657,.0730136426554062,0,.0036920730282358,0
Nigeria,NGA,2011,.5017184448242188,.1237800025939941,.1237800025939941,NGA,-.0144491927593169,-.0017885211172294,.0403640069504091,.0385754858331798,.0385754858331798,0,0,.0184456018712018,2012,.0023757171630859,0,0,1,1,0,0,.023609060955174,0,.0098475012188121,.070882126583215,0,.0033667604078984,0
Nigeria,NGA,2012,.4983879089355469,.1248200035095215,.1248200035095215,NGA,-.0133239890431266,-.0016631003591239,.0392239219979138,.0375608216387899,.0375608216387899,0,0,.0201050565552475,2013,.0016436004638672,0,0,1,1,0,0,.0225943967607841,0,.0094614139864724,.0718967907776049,0,.0047550424459241,0
Nigeria,NGA,2013,.4968010330200195,.1298799991607666,.1298799991607666,NGA,-.0132410091461526,-.00171974225679,.0386807141138842,.0369609718570942,.0369609718570942,0,0,.0455306513558211,2014,.0033737564086914,0,0,1,1,0,0,.0219945469790884,0,.0092844308596248,.0724966405593006,0,.0062325418084347,0
Nigeria,NGA,2014,.4930948638916016,.1576500034332275,.1576500034332275,NGA,.0899940210582616,.0141875577288049,.0374120451080693,.0515996028368742,.0515996028368742,0,0,0,2015,-.2199937629699707,0,0,1,1,0,0,.0366331779588684,0,.0074046807898036,.0578580095795206,0,.0051325052934317,0
Nigeria,NGA,2015,.4904983520507812,.1493000030517578,.1493000030517578,NGA,.0865577329933156,.0129230698000553,.0365232259577446,.0494462957577999,.0494462957577999,0,0,.0379697577458063,2016,.0079095649719238,0,0,1,1,0,0,.0344798708797941,0,.0072421526372803,.0600113166585949,0,.0093356115180926,0
Nigeria,NGA,2016,.4898532485961914,.1737599945068359,.1737599945068359,NGA,.0822987985512235,.0143002387841798,.0363023988098126,.0506026375939924,.0506026375939924,0,0,.0279253916670299,2017,.0187711524963379,0,0,1,1,0,0,.0356362127159866,0,.0081539634785409,.0588549748224024,0,.014738037233397,0
Nigeria,NGA,2017,.4868595123291016,.180049991607666,.180049991607666,NGA,.0851051337028603,.0153231786089693,.0352776046673871,.0506007832763564,.0506007832763564,0,0,.048880391770778,2018,-.0007517623901367,0,0,1,1,0,0,.0356343583983506,0,.008126750619515,.0588568291400384,0,.0121242544412606,0
Nigeria,NGA,2018,.4804053497314453,.2037700080871582,.2037700080871582,NGA,.0909895203428489,.018540935296109,.0330682624160173,.0516091977121263,.0516091977121263,0,0,.0381212314688772,2019,.0022368621826172,0,0,1,1,0,0,.0366427728341205,0,.0084386938498403,.0578484147042685,0,.0139663833837563,0
Nigeria,NGA,2019,.4832374572753906,.2144000053405762,.2144000053405762,NGA,.0888923144727554,.0190585126976949,.0340377289831493,.0530962416808443,.0530962416808443,0,0,.0535423745290377,2020,.0051314353942871,0,0,1,1,0,0,.0381298168028385,0,.0089768152183964,.0563613707355505,0,.0135887451034769,0
Nigeria,NGA,2020,.4825348281860352,.2572299957275391,.2572299957275391,NGA,.0905917311098059,.0233029106063257,.0337972100760616,.0571001206823874,.0571001206823874,0,0,.045979942700535,2021,.0116408729553223,0,0,1,1,0,0,.0421336958043816,0,.0104099122582496,.0523574917340074,0,.0190805572423067,0
Nigeria,NGA,2021,.4848041152954102,.2662400054931641,.2662400054931641,NGA,.0892856821735787,.0237714205123545,.0345740160234438,.0583454365357983,.0583454365357983,0,0,.0700806075560858,2022,.003432674407959,0,0,1,1,0,0,.0433790116577925,0,.0108664966969945,.0511121758805965,0,.0180319597247193,0
Nigeria,NGA,2022,.4819580459594727,.2983799934387207,.2983799934387207,NGA,.0974349728569281,.0290726465617521,.0335997701566759,.062672416718428,.062672416718428,0,0,.1176945155928241,2023,-.0041609382629394,0,0,1,1,0,0,.0477059918404222,0,.0117519089599301,.0467851956979668,0,.0116839147969531,0
Nigeria,NGA,2023,.481084976196289,.3633599853515625,.3633599853515625,NGA,.1049705736392844,.0381421060999155,.0333009072310819,.0714430133309974,.0714430133309974,0,0,,,.0062128829956054,1,0,0,1,0,,,,,.0380145990853974,0,.0148167752707931,0
Netherlands,NLD,1995,.3272440719604492,.7302999877929688,.7302999877929688,NLD,.0842827084986162,.0615516609876977,-.0193607982302277,.04219086275747,.04219086275747,0,0,.015113659091983,1996,,1,3,0,0,0,,,,,,,,
Netherlands,NLD,1996,.3269719314575195,.7124600219726562,.7124600219726562,NLD,.0785738354992223,.0559807165662518,-.0194539553985411,.0365267611677107,.0365267611677107,0,0,-.0091485568888154,1997,.0071266174316406,1,1,0,0,0,,,,,,,,
Netherlands,NLD,1997,.3306908798217774,.6569599914550781,.6569599914550781,NLD,.0670155813366592,.0440265557422887,-.0181809118971578,.0258456438451309,.0258456438451309,0,0,.0125304434839902,1998,.002868766784668,1,1,0,0,0,,,,,,,,
Netherlands,NLD,1998,.3306172561645508,.6268000030517578,.6268000030517578,NLD,.0602232449034426,.0377479300892646,-.0182061142149101,.0195418158743545,.0195418158743545,0,0,-.0032342501409019,1999,.0051288223266601,1,1,0,0,0,,,,,,,,
Netherlands,NLD,1999,.334512825012207,.5860100173950196,.5860100173950196,NLD,.0471199467448864,.0276127608116233,-.0168726112673128,.0107401495443105,.0107401495443105,0,0,-.0246796636015656,2000,.0112061309814454,1,1,0,0,0,,,,,,,,
Netherlands,NLD,2000,.334830551147461,.5215499877929688,.5215499877929688,NLD,.0359409796412028,.0187450174931367,-.0167638495551062,.0019811679380305,.0019811679380305,0,0,.0061965008019291,2001,.0028553771972656,0,0,1,1,0,.0129852569399753,0,.0082003167648835,0,.1074764444783643,0,.0063376833219821,0
Netherlands,NLD,2001,.3364707183837891,.4941400146484375,.4941400146484375,NLD,.0378608020219475,.0187085372657267,-.0162023993716466,.0025061378940801,.0025061378940801,0,0,.0129104807573278,2002,-.015631103515625,0,0,1,1,0,.0124602869839257,0,.0076740250672879,0,.1069514745223147,0,.0055477028132539,0
Netherlands,NLD,2002,.3379430770874023,.4869300079345703,.4869300079345703,NLD,.0373600710226585,.0181917396794992,-.0156983921911882,.0024933474883111,.0024933474883111,0,0,.0230005230880888,2003,-.0030327987670898,0,0,1,1,0,.0124730773896947,0,.0076440740717467,0,.1069642649280837,0,.0051432137746589,0
Netherlands,NLD,2003,.3412821578979492,.4980400085449219,.4980400085449219,NLD,.0374209332962298,.0186371219386133,-.01455538220285,.0040817397357632,.0040817397357632,0,0,.0191279469349601,2004,-.0001748657226562,0,0,1,1,0,.0108846851422426,0,.0066687310709604,0,.1053758726806316,0,.0046052425749513,0
Netherlands,NLD,2004,.3392498779296875,.5009500122070313,.5009500122070313,NLD,.0394138788312405,.0197443830816364,-.015251057580183,.0044933255014533,.0044933255014533,0,0,.0149462206572015,2005,-.0011754608154296,0,0,1,1,0,.0104730993765525,0,.0064042536850755,0,.1049642869149415,0,.004357997018562,0
Netherlands,NLD,2005,.3421001052856446,.4958000183105469,.4958000183105469,NLD,.0326694550827651,.0161975164282305,-.0142753883700809,.0019221280581496,.0019221280581496,0,0,-.0182961352964589,2006,.010225715637207,0,0,1,1,0,.0130442968198562,0,.0081099167550986,0,.1075354843582452,0,.0041529460420826,0
Netherlands,NLD,2006,.3414055633544922,.4495999908447266,.4495999908447266,NLD,.014915829440078,.0067061567797006,-.0145131389396746,-.007806982159974,-.007806982159974,0,0,.0035135186804094,2007,.0251683044433594,0,0,1,1,0,.0227734070379798,0,.0147318795350498,0,.1172645945763688,0,.0039574102716926,0
Netherlands,NLD,2007,.3394007110595703,.4274100112915039,.4274100112915039,NLD,.0082331493769454,.0035189304681649,-.0151994254742802,-.0116804950061153,-.0116804950061153,0,0,.1410059796858857,2008,.0098361206054688,0,0,1,1,0,.0266469198841211,0,.0174997169205272,0,.1211381074225101,0,.0040383117006611,0
Netherlands,NLD,2008,.3399601745605469,.5435200119018555,.5435200119018555,NLD,.0182955217924909,.0099439822224053,-.0150079139757543,-.005063931753349,-.005063931753349,0,0,.0011162150311272,2009,.0163663482666015,0,0,1,1,0,.0200303566313548,0,.0134822736272695,0,.1145215441697438,0,.0037567584982592,0
Netherlands,NLD,2009,.343362922668457,.5629000091552734,.5629000091552734,NLD,.0186788189702099,.0105143073693408,-.0138431098587486,-.0033288024894077,-.0033288024894077,0,0,.0380831833862579,2010,.0018562316894531,0,0,1,1,0,.0182952273674135,0,.0123483321103824,0,.1127864149058025,0,.0033575590666984,0
Netherlands,NLD,2010,.33940185546875,.5889699935913086,.5889699935913086,NLD,.0243021804951342,.014313255090474,-.0151990337284084,-.0008857786379344,-.0008857786379344,0,0,.0350548139620885,2011,.0007625579833984,0,0,1,1,0,.0158522035159402,0,.0107115056059987,0,.1103433910543292,0,.0031637411291409,0
Netherlands,NLD,2011,.3368201065063476,.6116699981689453,.6116699981689453,NLD,.0244394386706064,.0149488714068998,-.0160827993569869,-.0011339279500871,-.0011339279500871,0,0,.0474563590999242,2012,.0104426574707031,0,0,1,1,0,.0161003528280929,0,.0110473132535894,0,.1105915403664819,0,.0033977932318238,0
Netherlands,NLD,2012,.3377871704101563,.6569000244140625,.6569000244140625,NLD,.0323373176894628,.0212423847796934,-.0157517610371226,.0054906237425708,.0054906237425708,0,0,.0221867123224287,2013,-.003495864868164,0,0,1,1,0,.009475801135435,0,.0064687278818944,0,.103966988673824,0,.0028549449648489,0
Netherlands,NLD,2013,.339662094116211,.6716100311279297,.6716100311279297,NLD,.0298639034690802,.0200568971384704,-.0151099507171617,.0049469464213087,.0049469464213087,0,0,.0132323366637169,2014,.0084840393066407,0,0,1,1,0,.0100194784566971,0,.006924878998923,0,.1045106659950861,0,.0029408978841819,0
Netherlands,NLD,2014,.3410384368896484,.6716600036621094,.6716600036621094,NLD,.0195152612453199,.0131076204394986,-.0146388110153471,-.0015311905758486,-.0015311905758486,0,0,-.0143480871060945,2015,.0218671417236328,0,0,1,1,0,.0164976154538544,0,.0117629450689051,0,.1109888029922434,0,.0028714736505652,0
Netherlands,NLD,2015,.3421689224243164,.6379899978637695,.6379899978637695,NLD,.0176825874106824,.0112813139043672,-.0142518313849902,-.002970517480623,-.002970517480623,0,0,-.0108799581817402,2016,-.0086921691894531,0,0,1,1,0,.0179369423586288,0,.0126332868865831,0,.1124281298970178,0,.0026490540900651,0
Netherlands,NLD,2016,.3402299880981445,.6088299942016602,.6088299942016602,NLD,.0205247386888352,.0124960765369141,-.0149155533573803,-.0024194768204662,-.0024194768204662,0,0,-.0251147372816479,2017,-.0141981506347656,0,0,1,1,0,.017385901698472,0,.0119983321317645,0,.111877089236861,0,.0023773438681461,0
Netherlands,NLD,2017,.3416667556762695,.5598600006103516,.5598600006103516,NLD,.0134465966848276,.0075282116281748,-.0144237294735348,-.00689551784536,-.00689551784536,0,0,-.01931782905156,2018,-.0024104309082031,0,0,1,1,0,.0218619427233658,0,.0150346340779572,0,.1163531302617548,0,.0021311932284874,0
Netherlands,NLD,2018,.3456911087036133,.5155400085449219,.5155400085449219,NLD,.0066524729239301,.0034296159480478,-.0130461420571646,-.0096165261091168,-.0096165261091168,0,0,-.0132977937821704,2019,-.0044394683837891,0,0,1,1,0,.0245829509871226,0,.016796758141137,0,.1190741385255116,0,.0019214248893656,0
Netherlands,NLD,2019,.3494038391113281,.4765200042724609,.4765200042724609,NLD,.0003435588758962,.0001637126770099,-.0117752270416847,-.0116115143646748,-.0116115143646748,0,0,.049040254277651,2020,-.0033628082275391,0,0,1,1,0,.0265779392426806,0,.0180704944312566,0,.1210691267810696,0,.0015901551425266,0
Netherlands,NLD,2020,.3495384979248047,.534119987487793,.534119987487793,NLD,.0104099880952425,.005560182711179,-.0117291316107699,-.0061689488995909,-.0061689488995909,0,0,.0173259858577417,2021,-.0032082366943359,0,0,1,1,0,.0211353737775967,0,.0143022554482658,0,.1156265613159858,0,.0013818758573273,0
Netherlands,NLD,2021,.3465525054931641,.5050099945068359,.5050099945068359,NLD,.0074901601789733,.0037826057508386,-.0127512749394629,-.0089686691886243,-.0089686691886243,0,0,.0346654430654019,2022,.0000729370117187,0,0,1,1,0,.0239350940666301,0,.0161985650355721,0,.1184262816050191,0,.0011181764088025,0
Netherlands,NLD,2022,.3565837860107422,.4841400146484375,.4841400146484375,NLD,.0015256036998075,.0007386057975725,-.0093174395584212,-.0085788337608487,-.0085788337608487,0,0,.0003380879160009,2023,-.0051976013183594,0,0,1,1,0,.0235452586388545,0,.0158123570597075,0,.1180364461772435,0,.0011594131743738,0
Netherlands,NLD,2023,.3538795852661133,.458499984741211,.458499984741211,NLD,-.0008706428866306,-.0003991897502352,-.010243121995282,-.0106423117455172,-.0106423117455172,0,0,,,-.0002478790283202,1,0,0,1,0,,,,,.120099924161912,0,.0011589096172084,0
Norway,NOR,1995,.262314395904541,.3294300079345703,.3294300079345703,NOR,.0368369244993458,.0121351883301046,-.0415870552399541,-.0294518669098495,-.0294518669098495,0,0,-.0159840228003755,1996,,1,3,0,0,0,,,,,,,,
Norway,NOR,1996,.2628322982788086,.2863699913024902,.2863699913024902,NOR,.027238299274139,.0078002315262298,-.0414097706456724,-.0336095391194425,-.0336095391194425,0,0,-.0057625292627074,1997,.0063810729980469,1,1,0,0,0,,,,,,,,
Norway,NOR,1997,.2626600646972656,.2597299957275391,.2597299957275391,NOR,.0213341375358195,.0055411154510291,-.0414687283993778,-.0359276129483487,-.0359276129483487,0,0,-.0173602164703253,1998,.0044375610351562,1,1,0,0,0,,,,,,,,
Norway,NOR,1998,.2624499320983887,.2377000045776367,.2377000045776367,NOR,.0175133656595672,.0041629270974489,-.0415406594705376,-.0373777323730887,-.0373777323730887,0,0,.0362006879759901,1999,.0013433837890625,1,1,0,0,0,,,,,,,,
Norway,NOR,1999,.2624713897705078,.2512599945068359,.2512599945068359,NOR,.0177430046331623,.0044581072466631,-.0415333142354414,-.0370752069887783,-.0370752069887783,0,0,.0926300764385832,2000,.0041030120849609,1,1,0,0,0,,,,,,,,
Norway,NOR,2000,.2626135444641113,.2880900001525879,.2880900001525879,NOR,.0226820670015616,.0065344766859409,-.0414846528690664,-.0349501761831255,-.0349501761831255,0,0,-.0039739845336511,2001,.0012752532958985,0,0,1,1,0,.0499166010611313,0,.0331783428593149,0,.1444077885995203,0,-.0041016104081423,0
Norway,NOR,2001,.2618350410461426,.2733499908447266,.2733499908447266,NOR,.0193938513928926,.0053013091006912,-.0417511445274542,-.036449835426763,-.036449835426763,0,0,.066809133475267,2002,.003290557861328,0,0,1,1,0,.0514162603047688,0,.0343443178292237,0,.1459074478431578,0,-.0047748059800262,0
Norway,NOR,2002,.2614480209350586,.3404100036621094,.3404100036621094,NOR,.0278664921400992,.0094860326914613,-.0418836264521981,-.0323975937607368,-.0323975937607368,0,0,.1081426226852341,2003,.0042441558837891,0,0,1,1,0,.0473640186387426,0,.0318385781279085,0,.1418552061771316,0,-.0052273104911996,0
Norway,NOR,2003,.2607072257995606,.4311399841308594,.4311399841308594,NOR,.0427672256517046,.0184386609887968,-.0421372100841102,-.0236985490953134,-.0236985490953134,0,0,.0518236867252234,2004,-.0017921447753907,0,0,1,1,0,.0386649739733192,0,.0259216980328097,0,.1331561615117082,0,-.0043953612360451,0
Norway,NOR,2004,.259262580871582,.4376399993896484,.4376399993896484,NOR,.0433984924544282,.0189929162112676,-.0426317304853733,-.0236388142741057,-.0236388142741057,0,0,.0343765820867106,2005,.0024619293212891,0,0,1,1,0,.0386052391521115,0,.0259766940982441,0,.1330964266905005,0,-.0045180026525819,0
Norway,NOR,2005,.2584381866455078,.4213100051879883,.4213100051879883,NOR,.0325820391142946,.0137271390682787,-.0429139311532202,-.0291867920849415,-.0291867920849415,0,0,.1618473685196826,2006,.0198464202880859,0,0,1,1,0,.0441532169629473,0,.0305861008202622,0,.1386444045013363,0,-.004604881600339,0
Norway,NOR,2006,.2573013687133789,.5215700149536133,.5215700149536133,NOR,.0282073893645942,.0147121284926938,-.0433030784440677,-.0285909499513739,-.0285909499513739,0,0,-.000602731949495,2007,.0455802154541016,0,0,1,1,0,.0435573748293797,0,.0321586997493561,0,.1380485623677687,0,-.0050059415993454,0
Norway,NOR,2007,.2567357444763184,.4888700103759765,.4888700103759765,NOR,.0218450224796826,.0106793763663059,-.0434966988412034,-.0328173224748975,-.0328173224748975,0,0,.0326490070756767,2008,.0038510894775391,0,0,1,1,0,.0477837473529033,0,.0354630782003461,0,.1422749348912923,0,-.0069174018907745,0
Norway,NOR,2008,.2551927375793457,.4682500076293945,.4682500076293945,NOR,.0185822671369102,.0087011467286297,-.0440248898001474,-.0353237430715178,-.0353237430715178,0,0,-.078401865370097,2009,.0020978546142578,0,0,1,1,0,.0502901679495236,0,.0374287391201457,0,.1447813554879126,0,-.0076417075053754,0
Norway,NOR,2009,.2545503616333008,.4171699905395508,.4171699905395508,NOR,.0123531563001003,.0051533660968464,-.044244783287085,-.0390914171902386,-.0390914171902386,0,0,.0325917178993485,2010,-.0026621246337891,0,0,1,1,0,.0540578420682444,0,.0400889429688673,0,.1485490296066334,0,-.0062374028683049,0
Norway,NOR,2010,.2527145004272461,.4206499862670898,.4206499862670898,NOR,.0071805633627186,.0030205038799176,-.0448732220146219,-.0418527181347043,-.0418527181347043,0,0,-.1078837099450888,2011,.0150203704833984,0,0,1,1,0,.0568191430127101,0,.0429901503113384,0,.1513103305510992,0,-.0056082218834208,0
Norway,NOR,2011,.2536568641662598,.2894599914550781,.2894599914550781,NOR,-.012831861087844,-.0037143104008401,-.0445506388764906,-.0482649492773307,-.0482649492773307,0,0,.0311132939488256,2012,-.0007321929931641,0,0,1,1,0,.0632313741553365,0,.0477954356073763,0,.1577225616937254,0,-.0057073480705367,0
Norway,NOR,2012,.2550545692443847,.3016600036621094,.3016600036621094,NOR,-.0125640130793612,-.0037900602315309,-.0440721865850691,-.0478622468166,-.0478622468166,0,0,.0159545636080954,2013,.001965560913086,0,0,1,1,0,.0628286716946058,0,.0476145337870637,0,.1573198592329948,0,-.0050873438656944,0
Norway,NOR,2013,.2551852989196777,.3057399940490723,.3057399940490723,NOR,-.0223389537647883,-.0068299115911089,-.0440274361483141,-.050857347739423,-.050857347739423,0,0,-.0107289615913138,2014,.0233836364746094,0,0,1,1,0,.0658237726174288,0,.0514235618465839,0,.1603149601558178,0,-.0056300543716216,0
Norway,NOR,2014,.254184341430664,.2879999923706055,.2879999923706055,NOR,-.0304497941379832,-.0087695404794257,-.0443700766750815,-.0531396171545071,-.0531396171545071,0,0,.0420090025782596,2015,.0134394836425781,0,0,1,1,0,.0681060420325129,0,.0541218511600172,0,.1625972295709019,0,-.0068515305125511,0
Norway,NOR,2015,.2548277664184571,.3320000076293945,.3320000076293945,NOR,-.0240625764902331,-.0079887755783403,-.0441498240877614,-.0521385996661017,-.0521385996661017,0,0,.0332507355444676,2016,-.0001238250732422,0,0,1,1,0,.0671050245441075,0,.0533180629737249,0,.1615962120824965,0,-.0076090179441241,0
Norway,NOR,2016,.2558373260498047,.3665599822998047,.3665599822998047,NOR,-.0152598715385877,-.005593658241082,-.0438042389378577,-.0493978971789397,-.0493978971789397,0,0,.0276423667404238,2017,-.0092510223388672,0,0,1,1,0,.0643643220569455,0,.0505450115997461,0,.1588555095953345,0,-.007296077411384,0
Norway,NOR,2017,.2560346031188965,.369119987487793,.369119987487793,NOR,-.0156161712097413,-.005764240921547,-.0437367084786578,-.0495009494002047,-.0495009494002047,0,0,.0401901257587882,2018,.0014571380615235,0,0,1,1,0,.0644673742782105,0,.0507198759087614,0,.1589585618165995,0,-.0070091726190292,0
Norway,NOR,2018,.2568723678588867,.3806800079345703,.3806800079345703,NOR,-.0113762508112571,-.004330711249095,-.0434499309132087,-.0477806421623037,-.0477806421623037,0,0,.0132266086056676,2019,-.0066039276123048,0,0,1,1,0,.0627470670403095,0,.0489520425857577,0,.1572382545786985,0,-.0060580985461431,0
Norway,NOR,2019,.2567050933837891,.3900600051879883,.3900600051879883,NOR,-.0048151923843067,-.0018782139664038,-.0435071911014697,-.0453854050678735,-.0453854050678735,0,0,.0366959023216973,2020,-.0114501190185546,0,0,1,1,0,.0603518299458793,0,.0463923658519049,0,.1548430174842683,0,-.0056494057230314,0
Norway,NOR,2020,.2569635963439941,.4426599884033203,.4426599884033203,NOR,.0063881306058271,.0028277698198943,-.0434187022381286,-.0405909324182343,-.0405909324182343,0,0,.056781649972223,2021,-.00763916015625,0,0,1,1,0,.0555573572962401,0,.0422824499941946,0,.1500485448346291,0,-.0055720792198044,0
Norway,NOR,2021,.2563955307006836,.4012099838256836,.4012099838256836,NOR,-.002348116701565,-.0009420878638557,-.0436131583597908,-.0445552462236465,-.0445552462236465,0,0,.0601471749670908,2022,.0062305450439453,0,0,1,1,0,.0595216711016523,0,.045670380803509,0,.1540128586400413,0,-.003346757217721,0
Norway,NOR,2022,.255191478729248,.3482899856567383,.3482899856567383,NOR,-.0069273148229849,-.0024127143803371,-.0440253207206064,-.0464380351009436,-.0464380351009436,0,0,.0310370569892737,2023,-.0063822937011718,0,0,1,1,0,.0614044599789494,0,.0467231245129237,0,.1558956475173384,0,-.0031195509625619,0
Norway,NOR,2023,.2556147193908692,.424379997253418,.424379997253418,NOR,.0026638988529643,.0011305053879044,-.0438804400390201,-.0427499346511158,-.0427499346511158,0,0,,,.0038731384277344,1,0,0,1,0,,,,,.1522075470675106,0,-.0059233889386114,0
New Zealand,NZL,1995,.3173364067077637,.4348199844360351,.4348199844360351,NZL,.0270866015930408,.0117777956831111,-.0227523185280174,-.0109745228449064,-.0109745228449064,0,0,-.0399396603713313,1996,,1,3,0,0,0,,,,,,,,
New Zealand,NZL,1996,.3169519805908203,.3725799942016602,.3725799942016602,NZL,.0171280278150822,.0063815605040292,-.022883912495452,-.0165023519914228,-.0165023519914228,0,0,-.0144988185146842,1997,.0016612243652343,1,1,0,0,0,,,,,,,,
New Zealand,NZL,1997,.3176652908325195,.3464300155639649,.3464300155639649,NZL,.0111953518205169,.0038784059054257,-.0226397372935608,-.0187613313881351,-.0187613313881351,0,0,.0049677846514236,1998,.0036503601074219,1,1,0,0,0,,,,,,,,
New Zealand,NZL,1998,.3182502365112305,.3447600173950195,.3447600173950195,NZL,.007545896175798,.0026015232968291,-.0224395029202896,-.0198379796234605,-.0198379796234605,0,0,-.0086236852444424,1999,.0070183563232422,1,1,0,0,0,,,,,,,,
New Zealand,NZL,1999,.3171207046508789,.3199600028991699,.3199600028991699,NZL,.0028370808902852,.0009077524098808,-.0228261560957534,-.0219184036858725,-.0219184036858725,0,0,-.0004945003385842,2000,.0034636688232421,1,1,0,0,0,,,,,,,,
New Zealand,NZL,2000,.3158811569213867,.3002499961853027,.3002499961853027,NZL,.0001517507383113,.0000455631585991,-.0232504691076925,-.0232049059490934,-.0232049059490934,0,0,.0002873013944094,2001,.0007527160644532,0,0,1,1,0,.0381713308270992,0,.0251367788946259,0,.1326625183654882,0,.0111167775953895,0
New Zealand,NZL,2001,.3135745620727539,.2815999984741211,.2815999984741211,NZL,-.0034412270104809,-.0009690495209005,-.0240400459704953,-.0250090954913958,-.0250090954913958,0,0,-.0021931767900317,2002,.0044001770019532,0,0,1,1,0,.0399755203694016,0,.0265007823325077,0,.1344667079077906,0,.0082648206650071,0
New Zealand,NZL,2002,.3136716651916504,.2639599990844727,.2639599990844727,NZL,-.0071130837755299,-.0018775695868767,-.0240068063332733,-.0258843759201499,-.0258843759201499,0,0,-.0022814336148302,2003,.0021570587158203,0,0,1,1,0,.0408508007981557,0,.0271691454163678,0,.1353419883365447,0,.0071238065153271,0
New Zealand,NZL,2003,.3123562049865722,.247180004119873,.247180004119873,NZL,-.0101958632304119,-.0025202135152989,-.0244571051547083,-.0269773186700072,-.0269773186700072,0,0,-.0038790347708055,2004,.0027444458007813,0,0,1,1,0,.041943743548013,0,.0280111546481949,0,.136434931086402,0,.0066064942506777,0
New Zealand,NZL,2004,.3116603660583496,.225049991607666,.225049991607666,NZL,-.0174414115780555,-.0039251895292672,-.0246952997029567,-.0286204892322239,-.0286204892322239,0,0,-.006653213461489,2005,.0096239471435547,0,0,1,1,0,.0435869141102297,0,.0295279860898842,0,.1380781016486187,0,.005911413420585,0
New Zealand,NZL,2005,.3098370552062988,.207810001373291,.207810001373291,NZL,-.0235714284243768,-.0048983785732402,-.0253194422840995,-.0302178208573397,-.0302178208573397,0,0,-.0144708510120242,2006,.0100721740722656,0,0,1,1,0,.0451842457353455,0,.031065203128362,0,.1396754332737345,0,.0042446285691951,0
New Zealand,NZL,2006,.3097690773010254,.1839999961853027,.1839999961853027,NZL,-.0508846103236229,-.0093627681054372,-.0253427119888843,-.0347054800943215,-.0347054800943215,0,0,-.0071672096430805,2007,.0537690734863281,0,0,1,1,0,.0496719049723273,0,.0368213838768185,0,.1441630925107163,0,.0027839374478311,0
New Zealand,NZL,2007,.3081350326538086,.1631100082397461,.1631100082397461,NZL,-.0577268641388029,-.0094158292853348,-.0259020663319298,-.0353178956172646,-.0353178956172646,0,0,.0334190365994712,2008,.0102160644531251,0,0,1,1,0,.0502843204952704,0,.0377890704403393,0,.1447755080336594,0,.0020561564607269,0
New Zealand,NZL,2008,.3048049163818359,.189689998626709,.189689998626709,NZL,-.0540447243848681,-.0102517436943465,-.0270420076442721,-.0372937513386186,-.0372937513386186,0,0,.0563433001123447,2009,.0046067810058593,0,0,1,1,0,.0522601762166244,0,.0395146930605556,0,.1467513637550134,0,.0013566302700217,0
New Zealand,NZL,2009,.3065029907226562,.2427499961853027,.2427499961853027,NZL,-.0496988167120974,-.0120643875672757,-.0264607351196996,-.0385251226869753,-.0385251226869753,0,0,.0681770819740249,2010,.0063896942138673,0,0,1,1,0,.0534915475649811,0,.0407875458020892,0,.1479827351033701,0,.0013843818767706,0
New Zealand,NZL,2010,.3045090293884277,.2960000038146973,.2960000038146973,NZL,-.0432235336030436,-.0127941661113856,-.0271432935394253,-.0399374596508109,-.0399374596508109,0,0,.0666250841455128,2011,.0058842468261718,0,0,1,1,0,.0549038845288167,0,.0421875271027098,0,.1493950720672057,0,.0025271046544619,0
New Zealand,NZL,2011,.3032609367370606,.3468099975585938,.3468099975585938,NZL,-.0367264361065305,-.0127370952164417,-.0275705315872072,-.0403076268036489,-.0403076268036489,0,0,.0183697923768671,2012,.0041396331787109,0,0,1,1,0,.0552740516816547,0,.0427007736761554,0,.1497652392200436,0,.0032352852926483,0
New Zealand,NZL,2012,.3043255805969238,.3567100143432617,.3567100143432617,NZL,-.0366854901541104,-.0130860817190623,-.0272060904026743,-.0402921721217366,-.0402921721217366,0,0,.0078785045265236,2013,.0020745849609375,0,0,1,1,0,.0552585969997424,0,.0428034731500516,0,.1497497845381314,0,.0036243644118603,0
New Zealand,NZL,2013,.3050873756408691,.3455899810791015,.3455899810791015,NZL,-.0402632524532636,-.0139145766535065,-.0269453182340147,-.0408598948875212,-.0408598948875212,0,0,.0152469190456371,2014,.0034133148193359,0,0,1,1,0,.055826319765527,0,.0434337856930339,0,.150317507303916,0,.0031578290353759,0
New Zealand,NZL,2014,.3036321640014649,.3416500091552734,.3416500091552734,NZL,-.0486380411570821,-.0166171872066117,-.027443455755494,-.0440606429621057,-.0440606429621057,0,0,.0156023156584273,2015,.0192903137207032,0,0,1,1,0,.0590270678401115,0,.0470626704634985,0,.1535182553785005,0,.0026396244344393,0
New Zealand,NZL,2015,.3029079818725586,.3418199920654297,.3418199920654297,NZL,-.0477433858333527,-.0163196437667334,-.0276913525431673,-.0440109963099006,-.0440109963099006,0,0,.0116053173698665,2016,-.0011338043212891,0,0,1,1,0,.0589774211879064,0,.0469562180052819,0,.1534686087262954,0,.0026173827998766,0
New Zealand,NZL,2016,.3061292839050293,.3336000061035156,.3336000061035156,NZL,-.0455935748551344,-.0152100168499539,-.0265886597341349,-.0417986765840889,-.0417986765840889,0,0,.0005583927255809,2017,-.0113951873779298,0,0,1,1,0,.0567651014620947,0,.0445479802679559,0,.1512562890004837,0,.0025951627975055,0
New Zealand,NZL,2017,.3039175796508789,.3112199974060059,.3112199974060059,NZL,-.0479505577356209,-.0149231724540965,-.0273457543350679,-.0422689267891643,-.0422689267891643,0,0,-.0145546124037242,2018,.0002134704589845,0,0,1,1,0,.0572353516671701,0,.0449292401535661,0,.1517265392055591,0,.0025428800017895,0
New Zealand,NZL,2018,.3036961555480957,.2811499977111817,.2811499977111817,NZL,-.0492151726989894,-.0138368456916763,-.0274215506321627,-.041258396323839,-.041258396323839,0,0,.0556441278085244,2019,-.0071878814697266,0,0,1,1,0,.0562248212018448,0,.043731845408221,0,.1507160087402338,0,.0024840418390137,0
New Zealand,NZL,2019,.3043692970275879,.3181900024414063,.3181900024414063,NZL,-.0070275579699978,-.0022360986876307,-.0271911257103717,-.0294272243980024,-.0294272243980024,0,0,.1195048483910956,2020,-.0836150360107422,0,0,1,1,0,.0443936492760082,0,.0308175455347021,0,.1388848368143972,0,.0023795930342502,0
New Zealand,NZL,2020,.3040902328491211,.4318000030517578,.4318000030517578,NZL,.0104872253607138,.0045283839427607,-.0272866529412094,-.0227582689984487,-.0227582689984487,0,0,.0854333742011973,2021,-.0004012298583985,0,0,1,1,0,.0377246938764545,0,.0261728994090044,0,.1322158814148435,0,.0023724037266034,0
New Zealand,NZL,2021,.3037101554870605,.4753400039672852,.4753400039672852,NZL,.017760252333205,.0084421584145256,-.0274167582743311,-.0189745998598054,-.0189745998598054,0,0,.0368383899966166,2022,-.0011088562011718,0,0,1,1,0,.0339410247378112,0,.0235102035115295,0,.1284322122762002,0,.0025148733553157,0
New Zealand,NZL,2022,.3033776092529297,.4689099884033203,.4689099884033203,NZL,.0180708820818321,.0084736171074296,-.0275305930955775,-.0190569759881478,-.0190569759881478,0,0,.0375237441449052,2023,-.0025244140624999,0,0,1,1,0,.0340234008661536,0,.0234813744975288,0,.1285145884045426,0,.0025117412846299,0
New Zealand,NZL,2023,.3042622184753418,.4729499816894531,.4729499816894531,NZL,.0184452601736631,.0087236854613911,-.0272277800657762,-.018504094604385,-.018504094604385,0,0,,,-.0004817199707032,1,0,0,1,0,,,,,.1279617070207798,0,.0023155587395809,0
Pakistan,PAK,1995,.5530517578125,.5232899856567382,.5232899856567382,PAK,.053401778929697,.0279446161301654,.0579360553101737,.0858806714403391,.0858806714403391,0,0,.0736360493715354,1996,,0,2,1,0,0,0,.0709142465623333,0,.0242014559986605,,,,
Pakistan,PAK,1996,.5526684188842773,.5253400039672852,.5253400039672852,PAK,.053906319670367,.0283191461894923,.0578048335013174,.0861239796908097,.0861239796908097,0,0,.0791139980243318,1997,1.52587890628e-06,0,0,1,1,0,0,.0711575548128039,0,.024284600273858,.0233336327255851,0,.0082487565808108,0
Pakistan,PAK,1997,.5540726470947266,.5277500152587891,.5277500152587891,PAK,.0558338547949115,.0294663177199715,.0582855187442081,.0877518364641797,.0877518364641797,0,0,.0656640136640016,1998,-.0051559448242188,0,0,1,1,0,0,.0727854115861739,0,.0244648765227405,.0217057759522151,0,.0087421763059929,0
Pakistan,PAK,1998,.5520518112182617,.5381600189208985,.5381600189208985,PAK,.0607091722652217,.0326712492949238,.0575937608255931,.0902650101205169,.0902650101205169,0,0,.1283501275721399,1999,-.0051452255249024,0,0,1,1,0,0,.0752985852425111,0,.0249221846736155,.0191926022958779,0,.0089038258719877,0
Pakistan,PAK,1999,.5495954895019531,.6073699951171875,.6073699951171875,PAK,.0721209708233007,.043804113696795,.0567529305445636,.1005570442413585,.1005570442413585,0,0,.0531863777097333,2000,.0007080841064454,0,0,1,1,0,0,.0855906193633527,0,.0283892282023041,.0089005681750363,0,.0038851894777128,0
Pakistan,PAK,2000,.5470594787597656,.6167300033569336,.6167300033569336,PAK,.074456346748252,.0459194629799944,.0558848216926612,.1018042846726556,.1018042846726556,0,0,.099138612675099,2001,.0008399200439453,0,0,1,1,0,0,.0868378597946498,0,.0288758575137233,.0076533277437392,0,.0034349069975474,0
Pakistan,PAK,2001,.5439801406860352,.6514800262451171,.6514800262451171,PAK,.0826563171199793,.0538489396466489,.0548307249590253,.1086796646056742,.1086796646056742,0,0,-.0061099712814731,2002,-.0031124877929687,0,0,1,1,0,0,.0937132397276684,0,.0308704196850873,.0007779478107206,0,.0003073538719516,0
Pakistan,PAK,2002,.5444207000732422,.6053099822998047,.6053099822998047,PAK,.077582283479085,.0469613306395034,.0549815340614715,.1019428647009749,.1019428647009749,0,0,.0094633221265652,2003,-.0048419570922851,0,0,1,1,0,0,.0869764398229691,0,.0282300896974419,.0075147477154199,0,.002605941385056,0
Pakistan,PAK,2003,.5432988739013672,.5632600021362305,.5632600021362305,PAK,.069430339310866,.0391073330685576,.0545975186415445,.0937048517101021,.0937048517101021,0,0,.0220377168791774,2004,.0053393936157227,0,0,1,1,0,0,.0787384268320963,0,.0259766793869654,.0157527607062927,0,.0038936628961778,0
Pakistan,PAK,2004,.5361820220947265,.5060900115966797,.5060900115966797,PAK,.0697850145685797,.0353174988322869,.0521613294140127,.0874788282462997,.0874788282462997,0,0,.0360644817658823,2005,-.0122031974792481,0,0,1,1,0,0,.0725124033682939,0,.0230377620876125,.0219787841700951,0,.0052299523209321,0
Pakistan,PAK,2005,.5344698333740234,.4787799835205078,.4787799835205078,PAK,.0538350447594989,.0257751418427787,.0515752253570214,.0773503671998001,.0773503671998001,0,0,.0404439381678917,2006,.0287303352355957,0,0,1,1,0,0,.0623839423217943,0,.0216121817575672,.0321072452165947,0,.0073382828308633,0
Pakistan,PAK,2006,.5322892379760742,.4618899917602539,.4618899917602539,PAK,.0188446730847395,.008704165895835,.0508287797147035,.0595329456105385,.0595329456105385,0,0,.0475531740869853,2007,.0759589767456055,0,0,1,1,0,0,.0445665207325327,0,.0188247732996953,.0499246668058563,0,.0104575983208198,0
Pakistan,PAK,2007,.531623649597168,.4420899963378906,.4420899963378906,PAK,.0166763025884595,.0073724265502616,.0506009403156663,.0579733668659279,.0579733668659279,0,0,.1183273711646783,2008,-.001109733581543,0,0,1,1,0,0,.0430069419879221,0,.0181182853665287,.0514842455504669,0,.0143057508917811,0
Pakistan,PAK,2008,.5363521957397461,.494749984741211,.494749984741211,PAK,.0234763632395644,.0116149303545536,.052219582025149,.0638345123797026,.0638345123797026,0,0,.1397597019705856,2009,-.0027946090698242,0,0,1,1,0,0,.0488680875016968,0,.0204509452740775,.0456231000366922,0,.01460180592317,0
Pakistan,PAK,2009,.5325307083129883,.5456900024414062,.5456900024414062,PAK,.0333083074257013,.01817601036045,.0509114380936527,.0690874484541027,.0690874484541027,0,0,.0909469218159548,2010,-.0004043579101563,0,0,1,1,0,0,.0541210235760969,0,.0226273772053369,.0403701639622921,0,.0137106821317038,0
Pakistan,PAK,2010,.5311602020263672,.5671599960327148,.5671599960327148,PAK,.026639889358575,.0151090795429214,.0504422962957842,.0655513758387056,.0655513758387056,0,0,.1040156131180198,2011,.0240380096435547,0,0,1,1,0,0,.0505849509606998,0,.0223649474722114,.0439062365776892,0,.0132389159828087,0
Pakistan,PAK,2011,.530950927734375,.561510009765625,.561510009765625,PAK,.0278840125744833,.0156571521730029,.0503706590340282,.0660278112070312,.0660278112070312,0,0,.0994418392587738,2012,-.004512939453125,0,0,1,1,0,0,.0510613863290254,0,.0223451552306148,.0434298012093636,0,.0131452335030637,0
Pakistan,PAK,2012,.5211800384521484,.5836399841308594,.5836399841308594,PAK,.0344507543427207,.0201068377178817,.0470259588970161,.0671327966148978,.0671327966148978,0,0,.0801748269627388,2013,.003965950012207,0,0,1,1,0,0,.052166371736892,0,.023035601055235,.042324815801497,0,.0144125326752527,0
Pakistan,PAK,2013,.5202812194824219,.5923099899291993,.5923099899291993,PAK,.0328290047909193,.019444947497095,.0467182816893067,.0661632291864017,.0661632291864017,0,0,.0638432079139009,2014,.0076792144775391,0,0,1,1,0,0,.0511968043083959,0,.0230006111826548,.0432943832299931,0,.0142466422106519,0
Pakistan,PAK,2014,.5204064559936523,.5878300094604492,.5878300094604492,PAK,.106657468420275,.0626964606705178,.046761151745877,.1094576124163948,.1094576124163948,0,0,.0550488927315501,2015,-.1688672256469727,0,0,1,1,0,0,.094491187538389,0,.0264945260355943,0,1.38777878078e-17,0,4.15170843286e-18
Pakistan,PAK,2015,.5157242584228515,.5906299972534179,.5906299972534179,PAK,.1106209163111836,.0653360314970449,.0451583757442021,.110494407241247,.110494407241247,0,0,.0769278518859644,2016,-.0026239967346191,0,0,1,1,0,0,.0955279823632412,0,.0265345693804089,0,.0010367948248522,0,.0003392901809492
Pakistan,PAK,2016,.5175778961181641,.6206499862670899,.6206499862670899,PAK,.1152554556676443,.0715332969773306,.0457928995909476,.1173261965682782,.1173261965682782,0,0,.0544648012784072,2017,-.0023401260375977,0,0,1,1,0,0,.1023597716902724,0,.0281926836939407,0,.0078685841518834,0,.0022026785780272
Pakistan,PAK,2017,.5180077362060547,.6214199829101562,.6214199829101562,PAK,.1134410524078005,.0704945368485655,.0459400393403946,.1164345761889601,.1164345761889601,0,0,.1096330921355791,2018,.0038777351379395,0,0,1,1,0,0,.1014681513109543,0,.0283405736449801,0,.0069769637725653,0,.0018955826423938
Pakistan,PAK,2018,.5176303100585937,.6632099914550781,.6632099914550781,PAK,.1194918748710126,.0792482053121556,.0458108415518759,.1250590468640314,.1250590468640314,0,0,.2164705009902228,2019,.0010560035705566,0,0,1,1,0,0,.1100926219860256,0,.0308656906184144,0,.0156014344476366,0,.0044441154167111
Pakistan,PAK,2019,.5069512557983399,.7871199798583984,.7871199798583984,PAK,.1428425601836394,.1124342330946684,.0421552649492013,.1545894980438697,.1545894980438697,0,0,.0899706405172634,2020,.0018893814086914,0,0,1,1,0,0,.1396230731658639,0,.039408682174253,0,.0451318856274749,0,.0191264649214275
Pakistan,PAK,2020,.5084625625610352,.8080500030517578,.8080500030517578,PAK,.1342371733013821,.1084703482958411,.0426726045474966,.1511429528433377,.1511429528433377,0,0,.0698791201071128,2021,.0249207878112793,0,0,1,1,0,0,.1361765279653319,0,.0418295194273777,0,.0416853404269429,0,.017321492600925
Pakistan,PAK,2021,.5116473007202148,.747490005493164,.747490005493164,PAK,.1216828139349072,.0909566872566274,.0437627810759249,.1347194683325524,.1347194683325524,0,0,.1755334413407962,2022,.0040053176879883,0,0,1,1,0,0,.1197530434545466,0,.0372643455275009,0,.0252618559161576,0,.0100176676755728
Pakistan,PAK,2022,.5141323852539063,.7731800079345703,.7731800079345703,PAK,.1262295281034052,.0975981475405679,.0446134572365324,.1422116047771003,.1422116047771003,0,0,.2120419722587603,2023,-.0043524932861328,0,0,1,1,0,0,.1272451798990945,0,.0390418893209913,0,.0327539923607055,0,.0129626438692382
Pakistan,PAK,2023,.5151334762573242,.7850800323486328,.7850800323486328,PAK,.1307911140163644,.1026814920228811,.0449561434669847,.1476376354898658,.1476376354898658,0,0,,,-.0074038887023926,1,0,0,1,0,,,,,0,.038180023073471,0,.0226418719466413
Philippines,PHL,1995,.4993591690063476,.608489990234375,.608489990234375,PHL,.100130856774964,.0609286240611575,.0395563967193079,.1004850207804654,.1004850207804654,0,0,-.003442513578922,1996,,0,2,1,0,0,0,.0855185959024596,0,.027920889856259,,,,
Philippines,PHL,1996,.4991164779663086,.5307400131225586,.5307400131225586,PHL,.0881454272800213,.046782305231292,.0394733204780955,.0862556257093876,.0862556257093876,0,0,.1051273897351649,1997,.0007717895507812,0,0,1,1,0,0,.0712892008313818,0,.0233301676519005,.0232019867070073,0,.0045775522842902,0
Philippines,PHL,1997,.498989143371582,.5689099884033203,.5689099884033203,PHL,.0929545737705666,.0528827854858486,.0394297322207602,.0923125177066088,.0923125177066088,0,0,-.0112213435241805,1998,.0023390579223633,0,0,1,1,0,0,.077346092828603,0,.0254932685376636,.017145094709786,0,.003040693442978,0
Philippines,PHL,1998,.4985102844238281,.5077299880981445,.5077299880981445,PHL,.0826367850344238,.0419571738819969,.0392658126898046,.0812229865718015,.0812229865718015,0,0,.0880822211491646,1999,.0029467391967773,0,0,1,1,0,0,.0662565616937957,0,.0220334004075777,.0282346258445933,0,.0057825487181526,0
Philippines,PHL,1999,.4966782379150391,.5421799850463868,.5421799850463868,PHL,.0949395803432239,.0514743402507994,.0386386797818404,.0901130200326397,.0901130200326397,0,0,.1117425783906259,2000,-.0139426231384277,0,0,1,1,0,0,.0751465951546339,0,.0239420109694341,.0193445923837551,0,.0038244916792706,0
Philippines,PHL,2000,.4950190734863281,.5920299911499023,.5920299911499023,PHL,.1093470251593241,.0647367183373428,.0380707266169089,.1028074449542518,.1028074449542518,0,0,.0552510913534566,2001,-.0136293411254883,0,0,1,1,0,0,.087841020076246,0,.0267892911725485,.006650167462143,0,.0015655484181375,0
Philippines,PHL,2001,.4946674346923828,.5947100067138672,.5947100067138672,PHL,.1084309157977904,.0644849506620947,.0379503561687014,.1024353068307961,.1024353068307961,0,0,.1099587974669645,2002,.0033980751037598,0,0,1,1,0,0,.0874688819527903,0,.0269730242798241,.0070223055855987,0,.0018671910179109,0
Philippines,PHL,2002,.4891717910766601,.6518399810791016,.6518399810791016,PHL,.1185063510473708,.0772471776244715,.0360691272013531,.1133163048258247,.1133163048258247,0,0,.1223564791926325,2003,.0030937194824219,0,0,1,1,0,0,.0983498799478189,0,.0306326950677866,0,.0038586924094299,0,.0009903770862467
Philippines,PHL,2003,.4872957992553711,.7139299774169922,.7139299774169922,PHL,.1347559089534087,.0962062830359133,.0354269512519119,.1316332342878252,.1316332342878252,0,0,.0882122963830655,2004,-.013355884552002,0,0,1,1,0,0,.1166668094098194,0,.0347796169474784,0,.0221756218714304,0,.0063184796442059
Philippines,PHL,2004,.4844118118286133,.7108200073242188,.7108200073242188,PHL,.1391213300884566,.0988902248724318,.0344397255385918,.1333299504110235,.1333299504110235,0,0,.0080025826912909,2005,-.0076306343078613,0,0,1,1,0,0,.1183635255330177,0,.0343822372941695,0,.0238723379946287,0,.0071027518113141
Philippines,PHL,2005,.4844439697265625,.6467400360107421,.6467400360107421,PHL,.1242998447431175,.0803896860652935,.0344507335975893,.1148404196628828,.1148404196628828,0,0,-.0136669376278047,2006,.0115631103515625,0,0,1,1,0,0,.099873994784877,0,.0301662523633303,0,.005382807246488,0,.0015878589388751
Philippines,PHL,2006,.4835751724243164,.5718899917602539,.5718899917602539,PHL,.1191991912203355,.0681688244848266,.0341533331899166,.1023221576747432,.1023221576747432,0,0,-.0205942429416543,2007,-.0131041145324707,0,0,1,1,0,0,.0873557327967374,0,.0252404780065776,.0071354547416516,0,.0018034279087895,0
Philippines,PHL,2007,.4803219604492188,.5016799926757812,.5016799926757812,PHL,.1098913373969528,.0551302853404351,.0330397172001591,.0881700025405942,.0881700025405942,0,0,.057614766298363,2008,.0007593727111816,0,0,1,1,0,0,.0732035776625884,0,.0212069572651706,.0212876098758007,0,.0042292160739211,0
Philippines,PHL,2008,.4793186187744141,.500099983215332,.500099983215332,PHL,.112984884510271,.0565037388471728,.0326962605361588,.0891999993833316,.0891999993833316,0,0,.019001009777029,2009,-.0063916397094727,0,0,1,1,0,0,.0742335745053258,0,.0210308714109762,.0202576130330632,0,.003684642771484,0
Philippines,PHL,2009,.4768854522705078,.4980500030517578,.4980500030517578,PHL,.1141406147886926,.0568477335438378,.0318633565799353,.0887110901237731,.0887110901237731,0,0,.0350396093201057,2010,-.0005179786682129,0,0,1,1,0,0,.0737446652457673,0,.0208541619628275,.0207465222926217,0,.0039498186976882,0
Philippines,PHL,2010,.4765534210205078,.4758700180053711,.4758700180053711,PHL,.1081466910080327,.0514637677972138,.0317496980443312,.083213465841545,.083213465841545,0,0,.0144918908372102,2011,.006353530883789,0,0,1,1,0,0,.0682470409635392,0,.0197331053272816,.0262441465748498,0,.0047400891806167,0
Philippines,PHL,2011,.473255615234375,.4543399810791016,.4543399810791016,PHL,.1013358603760046,.0460409328858684,.0306208170237693,.0766617499096377,.0766617499096377,0,0,.0438285643985724,2012,.0118413925170899,0,0,1,1,0,0,.0616953250316319,0,.0185692857762028,.0327958625067571,0,.0048186816383502,0
Philippines,PHL,2012,.4735695648193359,.4569100189208984,.4569100189208984,PHL,.0950280580998026,.043419271824397,.0307282859745989,.074147557798996,.074147557798996,0,0,.0209804518665522,2013,.0148036384582519,0,0,1,1,0,0,.0591811329209902,0,.0186886510855949,.0353100546173988,0,.0050705449366351,0
Philippines,PHL,2013,.4743488693237305,.4386299896240234,.4386299896240234,PHL,.0868317567350501,.0380870125557307,.030995051855097,.0690820644108278,.0690820644108278,0,0,.0030280457384787,2014,.0113978958129883,0,0,1,1,0,0,.054115639532822,0,.0177058369487759,.040375548005567,0,.00540576889276,0
Philippines,PHL,2014,.473055419921875,.4029899978637695,.4029899978637695,PHL,.0742414007683602,.0299185419370447,.0305522876125962,.060470829549641,.060470829549641,0,0,.0160446123394977,2015,.0177850341796875,0,0,1,1,0,0,.0455044046716352,0,.0156976656445951,.0489867828667538,0,.005812677371707,0
Philippines,PHL,2015,.4732173538208008,.396879997253418,.396879997253418,PHL,.0759193290756592,.030130863115029,.0306077196534555,.0607385827684845,.0607385827684845,0,0,.0087331802441084,2016,-.006080436706543,0,0,1,1,0,0,.0457721578904787,0,.0155117178292209,.0487190296479103,0,.0053338234612319,0
Philippines,PHL,2016,.4719219970703125,.3737599945068359,.3737599945068359,PHL,.0786629959153323,.0294010809212059,.0301643025011684,.0595653834223743,.0595653834223743,0,0,.0434256034261171,2017,-.0126459884643554,0,0,1,1,0,0,.0445989585443685,0,.0145501346120294,.0498922289940205,0,.0048644033505641,0
Philippines,PHL,2017,.4702457046508789,.3813000106811523,.3813000106811523,PHL,.079507814097741,.0303163303647037,.0295904862063557,.0599068165710595,.0599068165710595,0,0,.028504082514992,2018,.0026015472412109,0,0,1,1,0,0,.0449403916930537,0,.0147784396188241,.0495507958453353,0,.0043124502164454,0
Philippines,PHL,2018,.4675912857055664,.3714699935913086,.3714699935913086,PHL,.0819166858066279,.0304295907516093,.0286818447149181,.0591114354665274,.0591114354665274,0,0,.0236117399279581,2019,-.0057676315307617,0,0,1,1,0,0,.0441450105885216,0,.0142622700722599,.0503461769498674,0,.0042834025085604,0
Philippines,PHL,2019,.4586562728881836,.3697299957275391,.3697299957275391,PHL,.0847795981348545,.0313455604561822,.0256232757626666,.0569688362188488,.0569688362188488,0,0,.1052660743673714,2020,.003209342956543,0,0,1,1,0,0,.042002411340843,0,.0137048441013715,.052488776197546,0,.0040761428466579,0
Philippines,PHL,2020,.4541759872436523,.5164400100708008,.5164400100708008,PHL,.1047873536309172,.0541163819644435,.0240896167909724,.0782059987554159,.0782059987554159,0,0,.0999415637077441,2021,.0101363372802735,0,0,1,1,0,0,.0632395738774101,0,.0212752734789305,.0312516136609789,0,.0027901582161412,0
Philippines,PHL,2021,.448997688293457,.5700500106811524,.5700500106811524,PHL,.115607102773043,.0659018301705902,.0223170189538735,.0882188491244637,.0882188491244637,0,0,.081234444546743,2022,-.0001637268066406,0,0,1,1,0,0,.0732524242464579,0,.0246318374198606,.0212387632919311,0,.0018273826054365,0
Philippines,PHL,2022,.4452905654907227,.5738899993896485,.5738899993896485,PHL,.1133131553383274,.0650292866479518,.0210480234931654,.0860773101411173,.0860773101411173,0,0,.0495556270585115,2023,.0107797622680664,0,0,1,1,0,0,.0711108852631115,0,.0246782826244382,.0233803022752775,0,.0022720347703769,0
Philippines,PHL,2023,.4438312911987305,.5648400115966797,.5648400115966797,PHL,.1087573199657693,.061430485870689,.0205484952738412,.0819789811445302,.0819789811445302,0,0,,,.0088953399658203,1,0,0,1,0,,,,,.0274786312718646,0,.0030768155010144,0
Poland,POL,1995,.31268310546875,.4857600021362305,.4857600021362305,POL,.1219944874717065,.0592600424948645,-.0243452029464295,.034914839548435,.034914839548435,0,0,.0533833188523889,1996,,1,3,0,0,0,,,,,,,,
Poland,POL,1996,.3133087921142578,.4302399826049805,.4302399826049805,POL,.113065935729727,.0486454862215736,-.0241310224201223,.0245144638014513,.0245144638014513,0,0,.0893227540691961,1997,.0004688262939453,1,1,0,0,0,,,,,,,,
Poland,POL,1997,.3125918769836426,.4256399917602539,.4256399917602539,POL,.1114352015821161,.0474312782832141,-.0243764316215096,.0230548466617046,.0230548466617046,0,0,.0240681624268753,1998,.0029417419433594,1,1,0,0,0,,,,,,,,
Poland,POL,1998,.3124608421325684,.385620002746582,.385620002746582,POL,.1049439576575695,.0404684892401491,-.0244212865238303,.0160472027163188,.0160472027163188,0,0,.0491826633415169,1999,.0011335372924804,1,1,0,0,0,,,,,,,,
Poland,POL,1999,.3124385643005371,.3923300170898438,.3923300170898438,POL,.1075686941633427,.0422024276194364,-.0244289125101346,.0177735151093018,.0177735151093018,0,0,.0133389744405119,2000,-.0036182785034179,1,1,0,0,0,,,,,,,,
Poland,POL,2000,.3117633819580078,.3627500152587891,.3627500152587891,POL,.1036010584546643,.0375812855352562,-.0246600360453971,.0129212494898591,.0129212494898591,0,0,.0252131346377213,2001,-.0003763198852539,0,0,1,1,0,.0020451753881467,0,.0009211959303609,0,.0965363629265357,0,.0074352220627531,0
Poland,POL,2001,.311094970703125,.370369987487793,.370369987487793,POL,.1043501428716328,.038648161109716,-.024888841750918,.013759319358798,.013759319358798,0,0,.0606012782713347,2002,.0016851425170898,0,0,1,1,0,.0012071055192078,0,.0005457433534687,0,.0956982930575968,0,.0074327141207568,0
Poland,POL,2002,.3097258567810058,.4142599868774414,.4142599868774414,POL,.1094717051853187,.0453497471535213,-.0253575069246425,.0199922402288788,.0199922402288788,0,0,.0684815029229094,2003,.005022087097168,0,0,1,1,0,0,.005025815350873,0,.0022974567858178,.089465372187516,0,.0063717453319333,0
Poland,POL,2003,.309635181427002,.4623699951171875,.4623699951171875,POL,.1183532770006026,.0547230041088718,-.0253885462558845,.0293344578529872,.0293344578529872,0,0,.0311576216019972,2004,-.0035183334350586,0,0,1,1,0,0,.0143680329749814,0,.006517524005726,.0801231545634076,0,.0059913930033754,0
Poland,POL,2004,.3089535140991211,.4501200103759765,.4501200103759765,POL,.1205457813801518,.0542600683656141,-.0256218896844205,.0286381786811936,.0286381786811936,0,0,.0433994458162802,2005,-.0083787918090821,0,0,1,1,0,0,.0136717538031878,0,.006087130065892,.0808194337352012,0,.005692458965413,0
Poland,POL,2005,.3084182929992676,.464739990234375,.464739990234375,POL,.1210121205158509,.0562391717067776,-.0258051026995621,.0304340690072155,.0304340690072155,0,0,.0442054814293105,2006,.0045713424682617,0,0,1,1,0,0,.0154676441292097,0,.0069574294546887,.0790235434091793,0,.0048293477146796,0
Poland,POL,2006,.3083276176452637,.4709799957275391,.4709799957275391,POL,.1230411650280454,.0579499273792203,-.0258361420308042,.0321137853484161,.0321137853484161,0,0,.0213345982662746,2007,-.0023516464233398,0,0,1,1,0,0,.0171473604704103,0,.0076726503630808,.0773438270679787,0,.0044775407599061,0
Poland,POL,2007,.3091904449462891,.4442800140380859,.4442800140380859,POL,.1127549714063218,.0500947802792646,-.0255407852307628,.0245539950485019,.0245539950485019,0,0,.0608501129588823,2008,.0131483840942383,0,0,1,1,0,0,.0095875701704961,0,.0044160550677185,.084903617367893,0,.0045070193018334,0
Poland,POL,2008,.3090815544128418,.4655899810791015,.4655899810791015,POL,.1092396036635505,.050860865002801,-.0255780598504642,.0252828051523368,.0252828051523368,0,0,.0642357681954368,2009,.0153901672363281,0,0,1,1,0,0,.010316380274331,0,.0049105173583535,.084174807264058,0,.0043867505543898,0
Poland,POL,2009,.3086333656311035,.4970100021362305,.4970100021362305,POL,.1107334404598551,.0550356274795047,-.0257314805920557,.029304146887449,.029304146887449,0,0,.0662613108419742,2010,.007902603149414,0,0,1,1,0,0,.0143377220094432,0,.0069379503028067,.0801534655289458,0,.0052049638332187,0
Poland,POL,2010,.3075935363769531,.5374800109863281,.5374800109863281,POL,.1127875654939529,.060621061940811,-.0260874274202684,.0345336345205426,.0345336345205426,0,0,.0567911659926755,2011,.0104170227050781,0,0,1,1,0,0,.0195672096425368,0,.0096723046721214,.0749239778958522,0,.0048564896245913,0
Poland,POL,2011,.3079442405700684,.5477999877929688,.5477999877929688,POL,.1076796074640734,.0589868876543711,-.0259673768978562,.0330195107565149,.0330195107565149,0,0,.0172283565188098,2012,.0147005462646485,0,0,1,1,0,0,.0180530858785091,0,.0091892454942363,.0764381016598799,0,.0049638680561163,0
Poland,POL,2012,.3067110633850098,.5447200012207031,.5447200012207031,POL,.1032823707250559,.0562599731074296,-.026389509191109,.0298704639163205,.0298704639163205,0,0,.0293100383869678,2013,.0103220748901367,0,0,1,1,0,0,.0149040390383147,0,.0077401820503729,.0795871485000743,0,.0054169793069147,0
Poland,POL,2013,.3056587219238281,.5685900115966797,.5685900115966797,POL,.0989456880819022,.0562595299339302,-.02674973910752,.0295097908264102,.0295097908264102,0,0,-.0346825703541025,2014,.0192139434814453,0,0,1,1,0,0,.0145433659484044,0,.0078323074735236,.0799478215899846,0,.0052179582997815,0
Poland,POL,2014,.3055751800537109,.5113000106811524,.5113000106811524,POL,.0786546031951631,.0402160994538087,-.0267783365561612,.0134377628976475,.0134377628976475,0,0,.028930781202578,2015,.0264097595214844,1,1,0,0,0,,,,,,,,
Poland,POL,2015,.304872055053711,.5105599975585937,.5105599975585937,POL,.0760875204039889,.0388472442317,-.0270190252197933,.0118282190119067,.0118282190119067,0,0,.0475959912973251,2016,.006369285583496,0,0,1,1,0,.0031382058660991,0,.0017929433579336,0,.0976293934044881,0,.0043943515316294,0
Poland,POL,2016,.3042870140075684,.5412900161743164,.5412900161743164,POL,.0872876735159692,.0472479462092774,-.0272192922385539,.0200286539707235,.0200286539707235,0,0,-.0014641228569201,2017,-.0141566467285156,0,0,1,1,0,0,.0050622290927177,0,.002820526577199,.0894289584456713,0,.0039408037730546,0
Poland,POL,2017,.3062696266174316,.5044400024414063,.5044400024414063,POL,.0824941839302545,.0416133663431794,-.0265406186320569,.0150727477111225,.0150727477111225,0,0,.0143076379191422,2018,-.0040584945678711,0,0,1,1,0,0,.0001063228331167,0,.0000588084745667,.0943848647052723,0,.0037163520655968,0
Poland,POL,2018,.3061453247070313,.4823400115966797,.4823400115966797,POL,.0788928077812483,.0380531578201019,-.0265831687628319,.01146998905727,.01146998905727,0,0,.0047923518811311,2019,.0007237243652344,0,0,1,1,0,.0034964358207358,0,.0019364523708752,0,.0979876233591248,0,.0034202955801173,0
Poland,POL,2019,.3050868797302246,.4521099853515625,.4521099853515625,POL,.0799502569467158,.0361463094970333,-.0269454879905592,.0092008215064742,.0092008215064742,0,0,.1257134395310837,2020,-.0115372848510742,0,0,1,1,0,.0057656033715316,0,.003126679863839,0,.1002567909099206,0,.0033485456563341,0
Poland,POL,2020,.3046816635131836,.5658499908447265,.5658499908447265,POL,.0981462867873223,.0555360754800502,-.0270841986746647,.0284518768053856,.0284518768053856,0,0,.0312843190688616,2021,-.0017541122436524,0,0,1,1,0,0,.0134854519273798,0,.0072894895748454,.0810057356110092,0,.0025560735528035,0
Poland,POL,2021,.3028897285461426,.5301399993896484,.5301399993896484,POL,.0971168073240049,.0514855041754726,-.0276976008898224,.0237879032856502,.0237879032856502,0,0,.0382661574315205,2022,-.0078450012207031,0,0,1,1,0,0,.0088214784076444,0,.0046991988960321,.0856697091307446,0,.0022372448669513,0
Poland,POL,2022,.3044610595703125,.487869987487793,.487869987487793,POL,.0900349764917813,.0439253628545091,-.0271597142205514,.0167656486339576,.0167656486339576,0,0,.0575484041438359,2023,-.0002605819702148,0,0,1,1,0,0,.0017992237559518,0,.000957977108681,.0926919637824372,0,.0035492521959059,0
Poland,POL,2023,.305653133392334,.4952099990844727,.4952099990844727,POL,.0887614694722833,.0439555672161059,-.026751652133194,.0172039150829119,.0172039150829119,0,0,,,.0040270233154297,1,0,0,1,0,,,,,.0922536973334829,0,.0045879954842982,0
Portugal,PRT,1995,.3631355667114258,.622150001525879,.622150001525879,PRT,.1187455552255905,.0738775473647925,-.0070746813841871,.0668028659806053,.0668028659806053,0,0,.0488267885166852,1996,,1,3,0,0,0,,,,,,,,
Portugal,PRT,1996,.3596525955200195,.633120002746582,.633120002746582,PRT,.1208723599533028,.0765267088656209,-.0082669468868059,.068259761978815,.068259761978815,0,0,.0036883116673088,1997,.0029545211791992,1,1,0,0,0,,,,,,,,
Portugal,PRT,1997,.359395637512207,.5871599960327148,.5871599960327148,PRT,.1136909200081188,.0667547601409227,-.00835490689322,.0583998532477027,.0583998532477027,0,0,.0180395056069499,1998,.000805549621582,1,1,0,0,0,,,,,,,,
Portugal,PRT,1998,.3570200347900391,.5561600112915039,.5561600112915039,PRT,.1082180882179914,.060186573165263,-.0091681060320922,.0510184671331709,.0510184671331709,0,0,.0389481927694334,1999,.0045036315917969,1,1,0,0,0,,,,,,,,
Portugal,PRT,1999,.3576802062988281,.5540599822998047,.5540599822998047,PRT,.107038790175444,.059305910189999,-.0089421208968481,.0503637892931509,.0503637892931509,0,0,.0278003450237054,2000,.0011905670166015,1,1,0,0,0,,,,,,,,
Portugal,PRT,2000,.3571561431884765,.5419300079345704,.5419300079345704,PRT,.1052167394316791,.0570201084350595,-.0091215143897398,.0478985940453197,.0478985940453197,0,0,.0647587485689129,2001,.0005719757080078,0,0,1,1,0,0,.0329321691673139,0,.0150140686828046,.0615590183710751,0,.003922901540538,0
Portugal,PRT,2001,.3568575668334961,.5738000106811524,.5738000106811524,PRT,.1069306581119606,.0613568127667857,-.0092237208876916,.052133091879094,.052133091879094,0,0,.056615757207959,2002,.0073861694335938,0,0,1,1,0,0,.0371666670010882,0,.0172191331886883,.0573245205373008,0,.0036290548566442,0
Portugal,PRT,2002,.352787094116211,.6004399871826172,.6004399871826172,PRT,.1097922914330836,.0659236820608309,-.0106170956626952,.0553065863981356,.0553065863981356,0,0,.0542811770698788,2003,.0073379516601562,0,0,1,1,0,0,.0403401615201298,0,.0189854116749692,.0541510260182592,0,.003372982766648,0
Portugal,PRT,2003,.3530283737182617,.6389699935913086,.6389699935913086,PRT,.1158389432706267,.0740176088392563,-.0105345025747247,.0634831062645316,.0634831062645316,0,0,.060417047958823,2004,-.0007643890380859,0,0,1,1,0,0,.0485166813865258,0,.0227964662186664,.0459745061518632,0,.0027241838092337,0
Portugal,PRT,2004,.350803451538086,.670989990234375,.670989990234375,PRT,.1232592687927402,.082705735563537,-.0112961218404769,.0714096137230601,.0714096137230601,0,0,.0814132480099422,2005,-.0032665634155274,0,0,1,1,0,0,.0564431888450543,0,.0263365080983631,.0380479986933347,0,.0021575467058421,0
Portugal,PRT,2005,.3516692733764649,.7224900054931641,.7224900054931641,PRT,.1307769423735945,.0944850338138775,-.0109997399720709,.0834852938418066,.0834852938418066,0,0,.0501220343243612,2006,-.0003692245483398,0,0,1,1,0,0,.0685188689638008,0,.0319457464500328,.0259723185745882,0,.0014605398021784,0
Portugal,PRT,2006,.3493082427978516,.7367900085449218,.7367900085449218,PRT,.1309603799881581,.0964902994905212,-.0118079508801755,.0846823486103457,.0846823486103457,0,0,.0308312259114915,2007,.0072047805786133,0,0,1,1,0,0,.0697159237323399,0,.033006140620384,.0247752638060491,0,.0015038873811467,0
Portugal,PRT,2007,.3463293838500976,.7272799682617187,.7272799682617187,PRT,.1227016068367352,.0892384207258827,-.0128276523262676,.0764107683996151,.0764107683996151,0,0,.0447450596298198,2008,.0188729476928711,0,0,1,1,0,0,.0614443435216093,0,.0302496992990651,.0330468440167797,0,.0020550631083411,0
Portugal,PRT,2008,.3467596054077148,.7564299774169921,.7564299774169921,PRT,.1190502403091451,.0900531705885341,-.0126803819948634,.0773727885936707,.0773727885936707,0,0,.1034935822998964,2009,.0177645492553711,0,0,1,1,0,0,.062406363715665,0,.0318319329236602,.0320848238227241,0,.0020979279607098,0
Portugal,PRT,2009,.3465468597412109,.8779900360107422,.8779900360107422,PRT,.1351535373237087,.1186634591018222,-.0127532075524304,.1059102515493918,.1059102515493918,0,0,.1481155961280532,2010,.0054436874389648,0,0,1,1,0,0,.090943826671386,0,.0468832522864661,.0035473608670031,0,.0002384935384434,0
Portugal,PRT,2010,.3423915863037109,1.000749969482422,1.000749969482422,PRT,.154999594608023,.1551158395737668,-.0141756106965342,.1409402288772326,.1409402288772326,0,0,.1170298893597816,2011,.0019192504882812,0,0,1,1,0,0,.1259738039992268,0,.0651836394063272,0,.0314826164608378,0,.0021105621802378
Portugal,PRT,2011,.3421306228637696,1.140240020751953,1.140240020751953,PRT,.1719755378937911,.1960933908968447,-.0142649418134997,.181828449083345,.181828449083345,0,0,.0890549828059737,2012,.0096686553955078,0,0,1,1,0,0,.1668620242053392,0,.087954091720436,0,.0723708366669502,0,.0065508597790735
Portugal,PRT,2012,.3403611373901367,1.2860400390625,1.2860400390625,PRT,.1857081080211987,.2388280624938054,-.0148706592804723,.223957403213333,.223957403213333,0,0,.0389583981417738,2013,.0209132766723633,0,0,1,1,0,0,.2089909783353272,0,.1145312320568079,0,.1144997907969382,0,.011495099756264
Portugal,PRT,2013,.3392646408081055,1.308410034179688,1.308410034179688,PRT,.1851200238487604,.2422128967313011,-.0152460040584369,.2269668926728643,.2269668926728643,0,0,.0356113519901171,2014,.0102618026733399,0,0,1,1,0,0,.2120004677948585,0,.118355999381563,0,.1175092802564695,0,.0109885088861213
Portugal,PRT,2014,.334827766418457,1.324530029296875,1.324530029296875,PRT,.1805766126894243,.2391791460958536,-.0167648028033942,.2224143432924594,.2224143432924594,0,0,.0326525599201338,2015,.0209231185913086,0,0,1,1,0,0,.2074479184144536,0,.1201548513899659,0,.1129567308760646,0,.0111087020431185
Portugal,PRT,2015,.3390792083740234,1.310229949951172,1.310229949951172,PRT,.1702716641736337,.2230950340283229,-.0153094799478637,.2077855540804592,.2077855540804592,0,0,.0526720083016493,2016,.0135388946533204,0,0,1,1,0,0,.1928191292024533,0,.1142923428359746,0,.0983279416640643,0,.0096459752407585
Portugal,PRT,2016,.3315742874145508,1.311799926757812,1.311799926757812,PRT,.183690361750123,.2409650030899274,-.0178785102005219,.2230864928894055,.2230864928894055,0,0,.0102156710806232,2017,-.0212069320678712,0,0,1,1,0,0,.2081200680113997,0,.1189482912636003,0,.1136288804730107,0,.0103246034150973
Portugal,PRT,2017,.3235364913940429,1.260289993286133,1.260289993286133,PRT,.177552211983951,.2237672760491916,-.0206299503892845,.2031373256599071,.2031373256599071,0,0,.0096056483172633,2018,.0055005645751953,0,0,1,1,0,0,.1881709007819013,0,.10858165295214,0,.0936797132435123,0,.008004363366134
Portugal,PRT,2018,.3214698028564453,1.211119995117188,1.211119995117188,PRT,.171527803845661,.2077407529560189,-.0213374042591628,.186403348696856,.186403348696856,0,0,.0037415659942735,2019,-.0008308792114258,0,0,1,1,0,0,.1714369238188502,0,.0987830785188166,0,.0769457362804612,0,.0058118662749904
Portugal,PRT,2019,.3195359420776367,1.161100006103516,1.161100006103516,PRT,.1658059572296373,.1925172979513312,-.0219993894915213,.1705179084598099,.1705179084598099,0,0,.095734048469152,2020,-.001960334777832,0,0,1,1,0,0,.155551483581804,0,.0893248508120865,0,.061060296043415,0,.0040480379844594
Portugal,PRT,2020,.3163402366638184,1.340959930419922,1.340959930419922,PRT,.195998081829625,.2628255741726921,-.0230933202512211,.239732253921471,.239732253921471,0,0,-.0069093508800333,2021,-.0030435180664063,0,0,1,1,0,0,.2247658290434652,0,.1283868479125206,0,.1302746415050762,0,.0082572451107376
Portugal,PRT,2021,.3164085960388184,1.238779983520508,1.238779983520508,PRT,.1795717557429032,.2224498966199422,-.0230699199644791,.1993799766554632,.1993799766554632,0,0,.0146378481593549,2022,.0020967102050782,0,0,1,1,0,0,.1844135517774574,0,.1057241800536298,0,.0899223642390684,0,.0046114549022229
Portugal,PRT,2022,.3186706733703613,1.112320022583008,1.112320022583008,PRT,.1582543582934251,.176029491390802,-.0222955820160892,.1537339093747128,.1537339093747128,0,0,-.0389166451817573,2023,.0023245239257812,0,0,1,1,0,0,.138767484496707,0,.0798778850437527,0,.044276296958318,0,.001836545435098
Portugal,PRT,2023,.318490161895752,.9686000061035156,.9686000061035156,PRT,.1373414694964104,.1330289481924889,-.0223573733982673,.1106715747942216,.1106715747942216,0,0,,,-.0016947555541992,1,0,0,1,0,,,,,0,.0012139623778268,0,.0000501562941824
Romania,ROU,1995,.438380126953125,,,ROU,,,.0186824921627101,,,,,,,,4,4,0,0,0,,,,,,,,
Romania,ROU,1996,.436526985168457,,,ROU,,,.0180481380725091,,,,,,,.0040256881713867,4,2,0,0,0,,,,,,,,
Romania,ROU,1997,.4354035949707031,,,ROU,,,.0176635872665574,,,,,,,-.0021615600585937,4,2,0,0,0,,,,,,,,
Romania,ROU,1998,.4352717208862305,,,ROU,,,.0176184450839306,,,,,,,-.0096673202514648,4,2,0,0,0,,,,,,,,
Romania,ROU,1999,.4329134750366211,,,ROU,,,.0168111874241141,,,,,,2000,-.005302848815918,4,2,0,0,0,,,,,,,,
Romania,ROU,2000,.4338245773315429,.2955800056457519,.2955800056457519,ROU,.0681592331802227,.0201465065282203,.0171230693708475,.0372695758990678,.0372695758990678,0,0,.1022714365578113,2001,.0001571655273437,0,0,1,1,0,0,.022303151021062,0,.0081875690630166,.072188036517327,0,.0112043980209973,0
Romania,ROU,2001,.434395523071289,.2740900039672852,.2740900039672852,ROU,.060986551723184,.0167158042037586,.017318511386287,.0340343155900456,.0340343155900456,0,0,.0810965112471033,2002,.0082195663452149,0,0,1,1,0,0,.0190678907120398,0,.0071566228546726,.0754232968263492,0,.0095654149558719,0
Romania,ROU,2002,.4320571899414062,.2738299942016602,.2738299942016602,ROU,.055878334706373,.0153011640686445,.0165180701046398,.0318192341732843,.0318192341732843,0,0,.0397512430233068,2003,.0141712951660156,0,0,1,1,0,0,.0168528092952785,0,.006564077416725,.0776383782431105,0,.0078407175710163,0
Romania,ROU,2003,.4323723602294922,.248799991607666,.248799991607666,ROU,.0554293707277479,.0137908269718819,.0166259569177327,.0304167838896146,.0304167838896146,0,0,.023140081151017,2004,-.0079253768920898,0,0,1,1,0,0,.0154503590116088,0,.005895380752641,.0790408285267802,0,.0056102125171367,0
Romania,ROU,2004,.4316165161132812,.2132900047302246,.2132900047302246,ROU,.0474144932317069,.010113037485672,.0163672218276064,.0264802593132784,.0264802593132784,0,0,-.0050022845653617,2005,.0068491744995117,0,0,1,1,0,0,.0115138344352726,0,.0044721845760516,.0829773531031164,0,.0030217455386435,0
Romania,ROU,2005,.4293094253540039,.1776700019836426,.1776700019836426,ROU,.0391959615234131,.0069639465616156,.0155774752082592,.0225414217698748,.0225414217698748,0,0,-.02601948224097,2006,.009058952331543,0,0,1,1,0,0,.007574996891869,0,.0030108893314143,.08691619064652,0,.0030327593983183,0
Romania,ROU,2006,.4280023956298828,.1269099998474121,.1269099998474121,ROU,.0370049518668107,.0046962984357704,.0151300622480797,.0198263606838502,.0198263606838502,0,0,.0274679615422763,2007,-.0109315109252929,0,0,1,1,0,0,.0048599358058444,0,.0018785877333215,.0896312517325446,0,.0017624509396291,0
Romania,ROU,2007,.4288288497924805,.1243099975585937,.1243099975585937,ROU,.0207607719064049,.0025807715049997,.0154129680584959,.0179937395634956,.0179937395634956,0,0,.0405998640910348,2008,.034942741394043,0,0,1,1,0,0,.0030273146854898,0,.0012759784257771,.0914638728528992,0,.0015786143920078,0
Romania,ROU,2008,.427945671081543,.1300399971008301,.1300399971008301,ROU,.0122196684570584,.001589045650729,.0151106447110343,.0166996903617633,.0166996903617633,0,0,.0907598921193756,2009,.0223226547241211,0,0,1,1,0,0,.0017332654837575,0,.0007692426130223,.0927579220546315,0,.0018117845392991,0
Romania,ROU,2009,.4266185760498047,.2245100021362305,.2245100021362305,ROU,.0224357241860155,.0050370444849302,.0146563631399027,.0196934076248329,.0196934076248329,0,0,.0825510372769481,2010,.0107735443115234,0,0,1,1,0,0,.0047269827468271,0,.0021488141853982,.0897642047915619,0,.0029867559105428,0
Romania,ROU,2010,.4257500839233399,.3016399955749512,.3016399955749512,ROU,.0450187554692758,.0135794572005422,.0143590671977959,.0279385243983381,.0279385243983381,0,0,.0525490135182446,2011,-.0237034225463867,0,0,1,1,0,0,.0129720995203323,0,.0055894352284054,.0815190880180567,0,.0032289961204159,0
Romania,ROU,2011,.4237348556518555,.3259700012207031,.3259700012207031,ROU,.0555771968150043,.0181164989136302,.0136692288339527,.0317857277475829,.0317857277475829,0,0,.0566280937482396,2012,-.0132501983642578,0,0,1,1,0,0,.0168193028695771,0,.0070242641461061,.0776718846688119,0,.0034925085282484,0
Romania,ROU,2012,.4225981140136719,.3616699981689453,.3616699981689453,ROU,.0725398550000542,.0262354892250451,.0132801076594966,.0395155968845418,.0395155968845418,0,0,.0375361061082118,2013,-.024867286682129,0,0,1,1,0,0,.024549172006536,0,.0096420266846844,.069942015531853,0,.0037777913927522,0
Romania,ROU,2013,.4186022567749024,.3926200103759765,.3926200103759765,ROU,.0750782551181801,.0294772253035101,.0119122747153342,.0413895000188443,.0413895000188443,0,0,.0360034423677352,2014,.0094612884521484,0,0,1,1,0,0,.0264230751408385,0,.0106280243820863,.0680681123975505,0,.0035510819452903,0
Romania,ROU,2014,.4148988342285156,.404739990234375,.404739990234375,ROU,.0708272629298341,.0286666257065486,.0106445458996116,.0393111716061602,.0393111716061602,0,0,.0144699407081083,2015,.0180453109741211,0,0,1,1,0,0,.0243447467281544,0,.0102313770269157,.0701464408102346,0,.0032443742362147,0
Romania,ROU,2015,.4133141326904297,.3935400009155273,.3935400009155273,ROU,.063960855291743,.0251711550500705,.0101020823327384,.0352732373828089,.0352732373828089,0,0,.0239057192046565,2016,.0135352325439453,0,0,1,1,0,0,.0203068125048031,0,.0088092101287101,.0741843750335859,0,.0029366296283412,0
Romania,ROU,2016,.413232421875,.3954800033569336,.3954800033569336,ROU,.0670777124523906,.0265278939458469,.0100741116774921,.036602005623339,.036602005623339,0,0,.024684607058641,2017,-.0062992095947266,0,0,1,1,0,0,.0216355807453332,0,.0092493502497222,.0728556067930558,0,.0031984298266582,0
Romania,ROU,2017,.4125241470336914,.3710699844360352,.3710699844360352,ROU,.0625194581181918,.0231990943508668,.0098316601574369,.0330307545083037,.0330307545083037,0,0,.0364739505415268,2018,.0027713012695312,0,0,1,1,0,0,.0180643296302979,0,.0077726790744036,.0764268579080911,0,.0031046206213635,0
Romania,ROU,2018,.4115235900878906,.3641799926757813,.3641799926757813,ROU,.0592308426849999,.0215706878552036,.0094891567417247,.0310598445969283,.0310598445969283,0,0,.0446828976823524,2019,.00623779296875,0,0,1,1,0,0,.0160934197189225,0,.0070250278163793,.0783977678194665,0,.0035311645803724,0
Romania,ROU,2019,.4131889724731445,.3676699829101562,.3676699829101562,ROU,.0659278260881786,.0242396826911444,.0100592383925595,.0342989210837039,.0342989210837039,0,0,.1294896880487608,2020,-.0158871078491211,0,0,1,1,0,0,.0193324962056981,0,.0081317975893801,.0751586913326909,0,.0028695866686612,0
Romania,ROU,2020,.412755126953125,.495369987487793,.495369987487793,ROU,.0799360378046902,.0395979140471331,.0099107275325613,.0495086415796944,.0495086415796944,0,0,.0822760476960333,2021,.0125471878051758,0,0,1,1,0,0,.0345422167016886,0,.0149628461716006,.0599489708367004,0,.0027571389127493,0
Romania,ROU,2021,.4153900909423828,.5180500030517579,.5180500030517579,ROU,.080898727626627,.0419095860938574,.0108127093441784,.0527222954380358,.0527222954380358,0,0,.0878808151846959,2022,.0025593948364258,0,0,1,1,0,0,.03775587056003,0,.0164515548576279,.056735316978359,0,.002735867899631,0
Romania,ROU,2022,.4127184677124023,.519020004272461,.519020004272461,ROU,.0809574302085493,.0420185257727287,.009898178606468,.0519167043791968,.0519167043791968,0,0,.0852334296102658,2023,.0032759857177734,0,0,1,1,0,0,.036950279501191,0,.0162215792127343,.057540908037198,0,.0037387133330046,0
Romania,ROU,2023,.4117794799804688,.5259500122070313,.5259500122070313,ROU,.0817460066060172,.0429943131723108,.0095767511186585,.0525710642909694,.0525710642909694,0,0,,,.0016707992553711,1,0,0,1,0,,,,,.0568865481254254,0,.0034158455019003,0
Russia,RUS,1995,.3500722885131836,,,RUS,,,-.011546408277968,,,,,,,,4,5,0,0,0,,,,,,,,
Russia,RUS,1996,.3492433166503906,,,RUS,,,-.0118301759293021,,,,,,1997,.0019662857055664,4,3,0,0,0,,,,,,,,
Russia,RUS,1997,.3498102951049805,.5151900100708008,.5151900100708008,RUS,.1355536321527155,.0698358771138911,-.0116360919662181,.058199785147673,.058199785147673,0,0,1.002447864931859,1998,-.0023215103149414,1,2,0,0,0,,,,,,,,
Russia,RUS,1998,.3519458770751953,1.351929931640625,1.351929931640625,RUS,.2569930264945225,.3474365647408572,-.0109050549948576,.3365315097459997,.3365315097459997,0,0,.3424107639149736,1999,.0093328857421875,1,1,0,0,0,,,,,,,,
Russia,RUS,1999,.3496178436279297,.9237899780273438,.9237899780273438,RUS,.1883210928535292,.1739691382292471,-.0117019705636587,.1622671676655885,.1622671676655885,0,0,-.0775800889953839,2000,.011444206237793,1,1,0,0,0,,,,,,,,
Russia,RUS,2000,.3498551940917969,.5586800003051757,.5586800003051757,RUS,.1297451808856054,.0724860376967651,-.0116207224698479,.0608653152269172,.0608653152269172,0,0,-.0146632150306485,2001,.0072310638427734,0,0,1,1,0,0,.0458988903489114,0,.0190256244254376,.0485922971894776,0,.0057562827779374,0
Russia,RUS,2001,.3464617538452148,.444379997253418,.444379997253418,RUS,.1073522471713467,.0477051913031513,-.0127823403870964,.0349228509160549,.0349228509160549,0,0,.0106787542161693,2002,.0154404830932617,0,0,1,1,0,0,.0199564260380491,0,.0085803077934269,.0745347615003399,0,.0053387448532957,0
Russia,RUS,2002,.3441510391235352,.3757699966430664,.3757699966430664,RUS,.0922786977675132,.034675565950325,-.0135733275350376,.0211022384152873,.0211022384152873,0,0,-.0302246230048245,2003,.0132791137695313,0,0,1,1,0,0,.0061358135372815,0,.0027195842383587,.0883553740011075,0,.0049107664858276,0
Russia,RUS,2003,.3392435073852539,.2833399963378906,.2833399963378906,RUS,.0795479988550867,.0225391297042868,-.0152532382988694,.0072858914054174,.0072858914054174,0,0,-.0148429996285481,2004,.0027995300292968,0,0,1,1,0,.0076805334725884,0,.0034257542537828,0,.1021717210109774,0,.0043518310431332,0
Russia,RUS,2004,.3351455688476562,.2082799911499023,.2082799911499023,RUS,.0741535082050085,.0154446920326734,-.0166560149747962,-.0012113229421228,-.0012113229421228,0,0,-.0198056227510216,2005,-.0087922286987304,0,0,1,1,0,.0161777478201286,0,.0070735348478673,0,.1106689353585176,0,.0034297888584676,0
Russia,RUS,2005,.3335582733154297,.1485099983215332,.1485099983215332,RUS,.0522323022333381,.0077570191170029,-.0171993664989787,-.0094423473819759,-.0094423473819759,0,0,-.0263886425048021,2006,.0309828186035156,0,0,1,1,0,.0244087722599817,0,.0114287085252638,0,.1188999597983707,0,.0023905134026756,0
Russia,RUS,2006,.332251205444336,.0980399990081787,.0980399990081787,RUS,.0098192324487811,.0009626775395396,-.0176467925173539,-.0166841149778143,-.0166841149778143,0,0,.0011788952556848,2007,.0802523803710938,0,0,1,1,0,.0316505398558201,0,.0173594899558409,0,.1261417273942091,0,.0017632383487266,0
Russia,RUS,2007,.3311605453491211,.0803299999237061,.0803299999237061,RUS,.0045056035429791,.0003619351322638,-.0180201393913723,-.0176582042591085,-.0176582042591085,0,0,.0121185192239643,2008,.0072186660766601,0,0,1,1,0,.0326246291371143,0,.0181292586502957,0,.1271158166755033,0,-3.38731632695e-06,0
Russia,RUS,2008,.3308308029174805,.0744600009918213,.0744600009918213,RUS,-.0027830065630775,-.000207222671447,-.0181330144352327,-.0183402371066797,-.0183402371066797,0,0,.0187851949463069,2009,.0148730850219727,0,0,1,1,0,.0333066619846855,0,.0190036319396257,0,.1277978495230745,0,.0006571662143066,0
Russia,RUS,2009,.3318941116333008,.0991800022125244,.0991800022125244,RUS,.0056193232879384,.0005573244961306,-.0177690302875503,-.0172117057914197,-.0172117057914197,0,0,.0214042745558959,2010,-.0117789459228516,0,0,1,1,0,.0321781306694255,0,.0179807064548849,0,.1266693182078145,0,-.001192837924795,0
Russia,RUS,2010,.329666748046875,.1010499954223633,.1010499954223633,RUS,-.0086087075898901,-.0008699098625509,-.018531485277829,-.0194013951403799,-.0194013951403799,0,0,.0242229777045756,2011,.0354257583618164,0,0,1,1,0,.0343678200183857,0,.020421781487769,0,.1288590075567747,0,.0004586297400922,0
Russia,RUS,2011,.3277363967895508,.1034000015258789,.1034000015258789,RUS,-.0058316532072826,-.0006029929505314,-.0191922691561806,-.019795262106712,-.019795262106712,0,0,.0231148464402011,2012,-.0032604217529297,0,0,1,1,0,.0347616869847178,0,.020542484324559,0,.1292528745231068,0,.0010319962244175,0
Russia,RUS,2012,.3279268646240234,.1116699981689453,.1116699981689453,RUS,-.0093694775106094,-.0010462895364537,-.0191270695849179,-.0201733591213716,-.0201733591213716,0,0,.020658490667117,2013,.0106267929077148,0,0,1,1,0,.0351397839993774,0,.0211393446741103,0,.1296309715377664,0,.0010284285247215,0
Russia,RUS,2013,.3278189086914062,.1234799957275391,.1234799957275391,RUS,-.0108206226488853,-.0013361304384537,-.019164024278824,-.0205001547172777,-.0205001547172777,0,0,.0404123988323912,2014,.0074584197998048,0,0,1,1,0,.0354665795952835,0,.0216004625749528,0,.1299577671336725,0,.0013077267093046,0
Russia,RUS,2014,.3270623779296875,.1513599967956543,.1513599967956543,RUS,.0494568203572339,.0074857841707942,-.0194229944164734,-.0119372102456792,-.0119372102456792,0,0,.0093538527923273,2015,-.1260734939575196,0,0,1,1,0,.026903635123685,0,.0129934764766907,0,.121394822662074,0,.0014086502225535,0
Russia,RUS,2015,.3289238739013672,.1528600025177002,.1528600025177002,RUS,.0381262720346173,.0058279820392021,-.0187857805814082,-.0129577985422061,-.0129577985422061,0,0,.0001483519510997,2016,.0240290451049804,0,0,1,1,0,.0279242234202119,0,.014157375898747,0,.1224154109586009,0,.0009597595619799,0
Russia,RUS,2016,.3268360137939453,.1484899997711182,.1484899997711182,RUS,.0300634026487036,.004464114652425,-.0195004817499148,-.0150363670974898,-.0150363670974898,0,0,.0050262874082055,2017,.0191650772094727,0,0,1,1,0,.0300027919754956,0,.0157862006936623,0,.1244939795138846,0,.0016452448580484,0
Russia,RUS,2017,.3243952941894531,.1431099987030029,.1431099987030029,RUS,.0318463683399638,.0045575337318276,-.0203359712288922,-.0157784374970646,-.0157784374970646,0,0,.010907915447565,2018,-.0030710601806641,0,0,1,1,0,.0307448623750704,0,.0160822274424173,0,.1252360499134594,0,.0019107684804767,0
Russia,RUS,2018,.3228499984741211,.1361999988555908,.1361999988555908,RUS,.0272840089066851,.0037160819818664,-.0208649456795798,-.0171488636977134,-.0171488636977134,0,0,.008885515218525,2019,.009742660522461,0,0,1,1,0,.0321152885757192,0,.0171119674638069,0,.1266064761141082,0,.0017881062644309,0
Russia,RUS,2019,.3226577377319336,.137480001449585,.137480001449585,RUS,.0244090906360818,.0033557618160316,-.0209307589860418,-.0175749971700102,-.0175749971700102,0,0,.0507402495662288,2020,.0071704864501952,0,0,1,1,0,.032541422048016,0,.0175723616991449,0,.127032609586405,0,.0009612355139226,0
Russia,RUS,2020,.3266536712646484,.1916200065612793,.1916200065612793,RUS,.0351957256032334,.0067442051710206,-.0195628999254878,-.0128186947544673,-.0128186947544673,0,0,.0152288519482352,2021,-.0104714584350586,0,0,1,1,0,.0277851196324731,0,.0147130085765999,0,.1222763071708621,0,.0005181199579922,0
Russia,RUS,2021,.3257976913452149,.1652899932861328,.1652899932861328,RUS,.0380138729600311,.0062833128063434,-.0198559127793963,-.0135725999730529,-.0135725999730529,0,0,.0110692789773058,2022,-.0144208526611328,0,0,1,1,0,.0285390248510587,0,.0147006656912102,0,.1230302123894477,0,.001136776460151,0
Russia,RUS,2022,.3234914779663086,.1513399982452392,.1513399982452392,RUS,.0460334341481317,.0069666998432006,-.0206453590602418,-.0136786592170412,-.0136786592170412,0,0,.0172599113124894,2023,-.0202863693237305,0,0,1,1,0,.028645084095047,0,.0141741928477773,0,.123136271633436,0,.0012967464494353,0
Russia,RUS,2023,.3237411499023438,.151899995803833,.151899995803833,RUS,.0474847101129232,.0072129272668993,-.0205598931692114,-.0133469659023122,-.0133469659023122,0,0,,,-.0033820343017578,1,0,0,1,0,,,,,.122804578318707,0,.00096365620761,0
Singapore,SGP,1995,.3947890853881836,.69822998046875,.69822998046875,SGP,.0628542566548807,.0438867263965152,.0037607221494144,.0476474485459296,.0476474485459296,0,0,.0692977043590709,1996,,0,3,1,0,0,0,.0326810236679238,0,.0183692700554519,,,,
Singapore,SGP,1996,.3944869232177735,.7127200317382812,.7127200317382812,SGP,.0595437715938089,.0424380387801564,.0036572881810643,.0460953269612207,.0460953269612207,0,0,.0575575776939389,1997,.0128112030029297,0,1,1,0,0,0,.0311289020832149,0,.0178956560254825,,,,
Singapore,SGP,1997,.3933993148803711,.7078700256347656,.7078700256347656,SGP,.0554227643330256,.0392321136091684,.0032849859627041,.0425170995718725,.0425170995718725,0,0,.0914209444388107,1998,.0089222335815429,0,1,1,0,0,0,.0275506746938667,0,.0160843868613046,,,,
Singapore,SGP,1998,.3929432678222656,.8464600372314454,.8464600372314454,SGP,.0755962585167487,.0639892117986451,.0031288752327929,.067118087031438,.067118087031438,0,0,.0614671536433169,1999,.0023438262939454,0,1,1,0,0,0,.0521516621534322,0,.0305689483145144,,,,
Singapore,SGP,1999,.3965696716308594,.8531999969482422,.8531999969482422,SGP,.0688733014336251,.0587627005729843,.0043702395513435,.0631329401243279,.0631329401243279,0,0,.0709181595889424,2000,.0133586502075195,0,1,1,0,0,0,.0481665152463221,0,.0288764748622307,,,,
Singapore,SGP,2000,.3998944854736328,.8225599670410156,.8225599670410156,SGP,.0510801480741072,.0420164849162878,.0055083657744799,.0475248506907677,.0475248506907677,0,0,.0740195704062116,2001,.0259626770019532,0,1,1,0,0,0,.0325584258127619,0,.0203645188441195,,,,
Singapore,SGP,2001,.4034708404541016,.9447100067138672,.9447100067138672,SGP,.0664684770521824,.0627934354022278,.0067325977402373,.0695260331424651,.0695260331424651,0,0,.061950667807935,2002,.0029017257690429,0,1,1,0,0,0,.0545596082644593,0,.0342840507719845,,,,
Singapore,SGP,2002,.4071836090087891,.9630999755859375,.9630999755859375,SGP,.0602531291978135,.0580297872593905,.0080035258139129,.0660333130733034,.0660333130733034,0,0,.0725053558352082,2003,.0161027908325195,0,1,1,0,0,0,.0510668881952976,0,.0329116221715546,,,,
Singapore,SGP,2003,.4057671737670898,.9913099670410156,.9913099670410156,SGP,.065900215532536,.0653275404875541,.0075186619483896,.0728462024359437,.0728462024359437,0,0,.0978791271173815,2004,-.0014878845214843,0,1,1,0,0,0,.0578797775579379,0,.0372162792278293,,,,
Singapore,SGP,2004,.4046827697753906,.9569100189208984,.9569100189208984,SGP,.0562779024119656,.0538528886618625,.0071474566184704,.0610003452803329,.0610003452803329,0,0,.0630243484704287,2005,.0112480926513672,0,1,1,0,0,0,.0460339204023271,0,.0301172723749376,,,,
Singapore,SGP,2005,.4032405090332031,.9266300201416016,.9266300201416016,SGP,.0530204827996683,.049130371044574,.0066537523544403,.0557841233990143,.0557841233990143,0,0,.0424965470591632,2006,-.0013412475585938,0,1,1,0,0,0,.0408176985210085,0,.0266498601673473,,,,
Singapore,SGP,2006,.4044255828857422,.8652400207519532,.8652400207519532,SGP,.0172866529296876,.0149571039396148,.0070594182628819,.0220165222024966,.0220165222024966,0,0,.1391604761568778,2007,.0585143280029297,0,1,1,0,0,0,.0070500973244908,0,.0050155376256048,,,,
Singapore,SGP,2007,.4030198669433594,.8778900146484375,.8778900146484375,SGP,.013161516976328,.0115543643311443,.0065782237503578,.0181325880815021,.0181325880815021,0,0,.0744046286788108,2008,.0152960968017578,0,1,1,0,0,0,.0031661632034963,0,.0023008826278054,,,,
Singapore,SGP,2008,.4033753585815429,.9785299682617188,.9785299682617188,SGP,.0240071518663377,.0234917175538217,.0066999130763337,.0301916306301554,.0301916306301554,0,0,.1323564749010503,2009,.0095250701904297,0,1,1,0,0,0,.0152252057521496,0,.0112093312247722,,,,
Singapore,SGP,2009,.4008405303955078,1.016890029907227,1.016890029907227,SGP,.038500305346296,.0391505766550323,.0058322090284988,.0449827856835311,.0449827856835311,0,0,.1086952974322525,2010,-.0167533111572266,0,1,1,0,0,0,.0300163608055253,0,.0215962256477005,,,,
Singapore,SGP,2010,.4010114288330078,.9867400360107422,.9867400360107422,SGP,.0203795943839233,.0201093616962768,.0058907097453539,.0260000714416307,.0260000714416307,0,0,.1101290860471916,2011,.0305042266845703,0,1,1,0,0,0,.0110336465636249,0,.0082750808732404,,,,
Singapore,SGP,2011,.4020252609252929,1.03129997253418,1.03129997253418,SGP,.0202430040119762,.0208766094815604,.0062377574131789,.0271143668947393,.0271143668947393,0,0,.0833684294271475,2012,.0144149780273438,0,1,1,0,0,0,.0121479420167335,0,.0092858992227592,,,,
Singapore,SGP,2012,.4013299942016602,1.067249984741211,1.067249984741211,SGP,.0223220633387412,.0238232217576639,.0059997587378665,.0298229804955304,.0298229804955304,0,0,-.0415542580335071,2013,.0084145355224609,0,1,1,0,0,0,.0148565556175246,0,.0114813772267779,,,,
Singapore,SGP,2013,.3975454330444336,.9818499755859375,.9818499755859375,SGP,.0060267952747141,.0059174087933395,.0047042551398335,.0106216639331729,.0106216639331729,0,0,.0385870901135637,2014,.0119880676269531,0,1,1,0,0,.0043447609448329,0,.0034097841148664,0,,,,
Singapore,SGP,2014,.3947853088378906,.9774900054931641,.9774900054931641,SGP,-.0031205020006466,-.0030502595177534,.0037594293880375,.0007091698702841,.0007091698702841,0,0,.1002210862185766,2015,.0223983764648438,0,1,1,0,0,.0142572550077217,0,.0115084846975698,0,,,,
Singapore,SGP,2015,.3891069412231445,1.021009979248047,1.021009979248047,SGP,.0076967445135224,.0078584529560291,.001815651663159,.0096741046191881,.0096741046191881,0,0,.1021409596961186,2016,-.0030406188964844,0,1,1,0,0,.0052923202588177,0,.0042558795466078,0,,,,
Singapore,SGP,2016,.3895102310180664,1.059089965820313,1.059089965820313,SGP,.0219313166306831,.0232272373807846,.0019537029083803,.0251809402891649,.0251809402891649,0,0,.0854462413357039,2017,-.0196470642089843,0,1,1,0,0,0,.0102145154111591,0,.0080134335377999,,,,
Singapore,SGP,2017,.3888970947265625,1.072850036621094,1.072850036621094,SGP,.0218001278355681,.0233882679467338,.0017438185284671,.0251320864752009,.0251320864752009,0,0,.0935385050042225,2018,.0057194519042969,0,1,1,0,0,0,.0101656615971951,0,.0080332490340935,,,,
Singapore,SGP,2018,.3892274856567383,1.091880035400391,1.091880035400391,SGP,.0228600229966796,.0249604027188682,.0018569155616549,.0268173182805232,.0268173182805232,0,0,.1856088691867149,2019,.0037419891357422,0,1,1,0,0,0,.0118508934025174,0,.0094093220222797,,,,
Singapore,SGP,2019,.3902054214477539,1.27681999206543,1.27681999206543,SGP,.0498144462537353,.063604080870438,.0021916754673013,.0657957563377393,.0657957563377393,0,0,.1410323966532371,2020,.0012235260009765,0,1,1,0,0,0,.0508293314597335,0,.0404194477687411,,,,
Singapore,SGP,2020,.3881437683105469,1.471150054931641,1.471150054931641,SGP,.0792570959469387,.1165990810560612,.0014859452792588,.11808502633532,.11808502633532,0,0,.2999472651362095,2021,.0023075103759765,0,1,1,0,0,0,.1031186014573142,0,.0822377848541277,,,,
Singapore,SGP,2021,.3877573013305664,1.399340057373047,1.399340057373047,SGP,.0663926327306706,.0929058704944842,.0013536526983529,.0942595231928371,.0942595231928371,0,0,.3499413156177494,2022,.0049639129638672,0,1,1,0,0,0,.0792930983148313,0,.0636303883576624,,,,
Singapore,SGP,2022,.3883990097045898,1.533379974365234,1.533379974365234,SGP,.0868924453401547,.133239135608219,.0015733176668653,.1348124532750843,.1348124532750843,0,0,.1569980725684977,2023,-.0012187957763672,0,1,1,0,0,0,.1198460283970785,0,.0960268588413175,,,,
Singapore,SGP,2023,.3886924743652344,1.704329986572266,1.704329986572266,SGP,.1131159950569639,.1927869823365438,.0016737743665898,.1944607567031336,.1944607567031336,0,0,,,-.0011283111572266,1,1,0,0,0,,,,,,,,
Serbia,SRB,1995,.4199296951293945,,,SRB,,,.0123666738102273,,,,,,,,8,9,0,0,0,,,,,,,,
Serbia,SRB,1996,.4249179840087891,,,SRB,,,.0140742287744122,,,,,,,0,8,7,0,0,0,,,,,,,,
Serbia,SRB,1997,.4257170486450195,,,SRB,,,.0143477588002967,,,,,,,-.0093564414978027,7,6,0,0,0,,,,,,,,
Serbia,SRB,1998,.4238893890380859,,,SRB,,,.013722127584841,,,,,,,-.009356460571289,5,4,0,0,0,,,,,,,,
Serbia,SRB,1999,.419879035949707,,,SRB,,,.0123493325263025,,,,,,2000,.0035484886169433,5,4,0,0,0,,,,,,,,
Serbia,SRB,2000,.4194429779052735,2.006349945068359,2.006349945068359,SRB,.3568505468581367,.7159670750864365,.012200064290952,.7281671393773885,.7281671393773885,0,0,-.1207861080353518,2001,.003548469543457,2,2,0,0,0,,,,,,,,
Serbia,SRB,2001,.4245020294189453,.9589099884033203,.9589099884033203,SRB,.1889068176354854,.1811446343081514,.0139318422082097,.1950764765163611,.1950764765163611,0,0,-.0907103664601764,2002,.0154748153686524,2,2,0,0,0,,,,,,,,
Serbia,SRB,2002,.4248269653320312,.6841999816894532,.6841999816894532,SRB,.1408034137692431,.0963376931227286,.0140430719194086,.1103807650421373,.1103807650421373,0,0,.0740651997918661,2003,.0143997955322266,2,2,0,0,0,,,,,,,,
Serbia,SRB,2003,.4249612426757812,.6444599914550782,.6444599914550782,SRB,.1312563373315135,.0845894580350921,.0140890367683662,.0986784948034582,.0986784948034582,0,0,.0198098811350527,2004,.0078440475463867,2,2,0,0,0,,,,,,,,
Serbia,SRB,2004,.4257276153564453,.5758300018310547,.5758300018310547,SRB,.1174171410407482,.0676123125404913,.0143513759205129,.0819636884610042,.0819636884610042,0,0,.0288179791789322,2005,.0069336700439454,2,2,0,0,0,,,,,,,,
Serbia,SRB,2005,.4257875061035156,.5013299942016601,.5013299942016601,SRB,.1155430244766377,.0579251837909151,.0143718772878037,.0722970610787187,.0722970610787187,0,0,-.0632041915056696,2006,-.0213601684570313,2,2,0,0,0,,,,,,,,
Serbia,SRB,2006,.4257928085327148,.3704100036621094,.3704100036621094,SRB,.0889148516877156,.0329349505392627,.0143736923770097,.0473086429162723,.0473086429162723,0,0,-.0182214579066316,2007,.015421028137207,1,1,0,0,0,,,,,,,,
Serbia,SRB,2007,.4245127487182617,.3001099967956543,.3001099967956543,SRB,.0735185477635128,.022063651133729,.0139355115612089,.0359991626949379,.0359991626949379,0,0,.0385969029170849,2008,.0122439193725586,1,1,0,0,0,,,,,,,,
Serbia,SRB,2008,.4263165283203125,.2941399955749512,.2941399955749512,SRB,.0696165224594011,.0204770036081517,.0145529683461397,.0350299719542915,.0350299719542915,0,0,.0769996534283404,2009,.0047129440307617,0,0,1,1,0,0,.0200635470762857,0,.0074627518436962,.0744276404621033,0,.0010759258174879,0
Serbia,SRB,2009,.424078598022461,.3533700180053711,.3533700180053711,SRB,.079982133246729,.0282632878655046,.0137868962356448,.0420501841011494,.0420501841011494,0,0,.0993056644407163,2010,-.0005949401855469,0,0,1,1,0,0,.0270837592231436,0,.0100578469513345,.0674074283152454,0,.0012558066810599,0
Serbia,SRB,2010,.4227404022216797,.4244900131225586,.4244900131225586,SRB,.0894285723869724,.0379615358660776,.0133288147295567,.0512903505956343,.0512903505956343,0,0,.0861321822930889,2011,.0045258331298828,0,0,1,1,0,0,.0363239257176285,0,.0136536787559521,.0581672618207605,0,.001553423733415,0
Serbia,SRB,2011,.4211677932739258,.4597600173950195,.4597600173950195,SRB,.0949769163457056,.0436665887112269,.0127904906107289,.0564570793219558,.0564570793219558,0,0,.1520834486344322,2012,.0013354110717774,0,0,1,1,0,0,.04149065444395,0,.0156511901881091,.053000533094439,0,.0017421309032803,0
Serbia,SRB,2012,.4142023468017578,.5795399856567383,.5795399856567383,SRB,.1168647196109198,.0677277779270912,.0104061293620359,.0781339072891271,.0781339072891271,0,0,.0828108839939423,2013,-.0004897689819336,0,0,1,1,0,0,.0631674824111213,0,.0237972304396842,.0313237051272677,0,.0014463308062748,0
Serbia,SRB,2013,.4106507110595703,.6116600036621094,.6116600036621094,SRB,.1149426733851771,.0703058360237101,.0091903591071093,.0794961951308194,.0794961951308194,0,0,.0297623775855519,2014,.0194516372680664,0,0,1,1,0,0,.0645297702528136,0,.0255656579448369,.0299614172855754,0,.0018423500293251,0
Serbia,SRB,2014,.4043852996826172,.634739990234375,.634739990234375,SRB,.1124650007906194,.0713860335035467,.0070456288081946,.0784316623117413,.0784316623117413,0,0,.0594675332094515,2015,.0207363510131836,0,0,1,1,0,0,.0634652374337355,0,.0264599445901141,.0310259501046535,0,.0022043245234082,0
Serbia,SRB,2015,.4050666427612304,.670780029296875,.670780029296875,SRB,.1212430319356112,.0813274045138112,.0072788612420669,.0886062657558781,.0886062657558781,0,0,.0086693359545207,2016,-.0083098983764648,0,0,1,1,0,0,.0736398408778723,0,.0300900035174235,.0208513466605167,0,.0015977407813027,0
Serbia,SRB,2016,.4044039154052734,.6497799682617188,.6497799682617188,SRB,.1167983978672122,.0758932592591768,.0070520012077092,.0829452604668859,.0829452604668859,0,0,-.0672025492917277,2017,.0036303329467773,0,0,1,1,0,0,.0679788355888801,0,.028023643789853,.0265123519495089,0,.0018929667233077,0
Serbia,SRB,2017,.4055341339111328,.5525699996948242,.5525699996948242,SRB,.0885672658237239,.0489396140491865,.007438889430696,.0563785034798825,.0563785034798825,0,0,-.0067229128725907,2018,.0293098831176758,0,0,1,1,0,0,.0414120786018767,0,.018285528077067,.0530791089365123,0,.0032606461853758,0
Serbia,SRB,2018,.4283037185668945,.5113700103759765,.5113700103759765,SRB,.068868516697136,.0352172940979925,.0152332089361239,.0504505030341165,.0504505030341165,0,0,.0188300129309724,2019,.0042673110961914,0,0,1,1,0,0,.0354840781561107,0,.0158194375348917,.0590071093822783,0,.0030458055640923,0
Serbia,SRB,2019,.4281839752197266,.4945399856567383,.4945399856567383,SRB,.0661199801847182,.0326989740521744,.0151922192597382,.0478911933119126,.0478911933119126,0,0,.0578012682039582,2020,.0005934906005859,0,0,1,1,0,0,.0329247684339068,0,.0146979919660313,.0615664191044822,0,.0029426759208458,0
Serbia,SRB,2020,.4227359390258789,.5432500076293946,.5432500076293946,SRB,.0794097238345574,.0431393330789714,.0133272869206567,.0564666199996281,.0564666199996281,0,0,.0686732924042618,2021,-.0071260070800782,0,0,1,1,0,0,.0415001951216223,0,.0182304295136696,.0529909924167667,0,.002591302919517,0
Serbia,SRB,2021,.4208566284179687,.5363700103759765,.5363700103759765,SRB,.0784795825514751,.042094094507437,.0126839749081872,.0547780694156242,.0547780694156242,0,0,.0410281356938755,2022,.0019122695922852,0,0,1,1,0,0,.0398116445376184,0,.0175648045044464,.0546795430007706,0,.0021930156070101,0
Serbia,SRB,2022,.4229484176635742,.5089699935913086,.5089699935913086,SRB,.0717770178860465,.0365323483334643,.0134000210708537,.049932369404318,.049932369404318,0,0,.0308001216098712,2023,.0033779907226562,0,0,1,1,0,0,.0349659445263122,0,.0155450076232105,.0595252430120768,0,.002071811694546,0
Serbia,SRB,2023,.4215162658691406,.4566600036621093,.4566600036621093,SRB,.0626767379096396,.0286219593633451,.0129097772286911,.0415317365920362,.0415317365920362,0,0,,,.004327621459961,1,0,0,1,0,,,,,.0679258758243586,0,.0029195589893021,0
Slovak Republic,SVK,1995,.3735416793823242,.213120002746582,.213120002746582,SVK,.0603311169861016,.0128577678177823,-.0035125361719362,.0093452316458462,.0093452316458462,0,0,.1239264973658247,1996,,1,3,0,0,0,,,,,,,,
Slovak Republic,SVK,1996,.3760960006713867,.303390007019043,.303390007019043,SVK,.0746435044573079,.0226460933412286,-.0026381593860851,.0200079339551435,.0200079339551435,0,0,.0592412750670654,1997,-.0044118881225586,1,1,0,0,0,,,,,,,,
Slovak Republic,SVK,1997,.3757307815551758,.3282500076293945,.3282500076293945,SVK,.0771045503513063,.0253095692410773,-.0027631785519712,.0225463906891061,.0225463906891061,0,0,.0408072029007157,1998,.0033683013916015,1,1,0,0,0,,,,,,,,
Slovak Republic,SVK,1998,.3734323501586914,.3385200119018555,.3385200119018555,SVK,.0793546162677023,.0268631256434098,-.0035499609608885,.0233131646825212,.0233131646825212,0,0,.1647260649132052,1999,.0010714340209961,1,1,0,0,0,,,,,,,,
Slovak Republic,SVK,1999,.3721483993530273,.4712599945068359,.4712599945068359,SVK,.0991572175869263,.046728829815328,-.0039894737126534,.0427393561026746,.0427393561026746,0,0,.0880687592042036,2000,.0021319580078125,1,1,0,0,0,,,,,,,,
Slovak Republic,SVK,2000,.3718824768066406,.505979995727539,.505979995727539,SVK,.1023140558635391,.0517688655487007,-.0040805023950633,.0476883631536374,.0476883631536374,0,0,.0509610970100718,2001,.0050578689575195,0,0,1,1,0,0,.0327219382756316,0,.0141752197039601,.0617692492627574,0,.0047146865035353,0
Slovak Republic,SVK,2001,.3701478576660156,.5135100173950196,.5135100173950196,SVK,.1016526615451608,.0521996599983055,-.0046742846711419,.0475253753271636,.0475253753271636,0,0,-.0175766069552984,2002,.0060761642456055,0,0,1,1,0,0,.0325589504491578,0,.0143024465293557,.0619322370892312,0,.0050178368183265,0
Slovak Republic,SVK,2002,.369660873413086,.4564799880981446,.4564799880981446,SVK,.0883840921720745,.0403455693427739,-.0048409855977873,.0355045837449866,.0355045837449866,0,0,.026024880071717,2003,.0110606765747071,0,0,1,1,0,0,.0205381588669808,0,.009249137309328,.0739530286714082,0,.0058390690679968,0
Slovak Republic,SVK,2003,.3690170288085938,.4363899993896485,.4363899993896485,SVK,.0829919757696791,.036216868255476,-.0050613818252603,.0311554864302157,.0311554864302157,0,0,.0323457385282309,2004,.0060661315917969,0,0,1,1,0,0,.0161890615522099,0,.0073887734349711,.0783021259861791,0,.0034664571822963,0
Slovak Republic,SVK,2004,.3695372009277344,.4199700164794922,.4199700164794922,SVK,.0779802893291917,.0327493833946562,-.0048833202683328,.0278660631263234,.0278660631263234,0,0,-.0375676385766669,2005,.0051221466064453,0,0,1,1,0,0,.0128996382483176,0,.0059535370554955,.0815915492900714,0,.0032864771592167,0
Slovak Republic,SVK,2005,.3691953659057617,.3498500061035156,.3498500061035156,SVK,.0612140111122617,.0214157221612454,-.0050003347602386,.0164153874010068,.0164153874010068,0,0,.0035603258745062,2006,.0143275833129883,0,0,1,1,0,0,.001448962523001,0,.0006894960994108,.093042225015388,0,.0029186297512501,0
Slovak Republic,SVK,2006,.367265510559082,.3153199958801269,.3153199958801269,SVK,.0466161307768744,.0146989981645115,-.0056609488820458,.0090380492824657,.0090380492824657,0,0,.0252356015129622,2007,.0234444427490235,0,0,1,1,0,.0059283755955401,0,.002960034786851,0,.1004195631339291,0,.0025879535408457,0
Slovak Republic,SVK,2007,.3680568695068359,.3037299919128418,.3037299919128418,SVK,.0389220515929391,.0118217944155546,-.0053900566116981,.0064317378038565,.0064317378038565,0,0,.0069640972509014,2008,.0125397491455078,0,0,1,1,0,.0085346870741493,0,.0043683875590991,0,.1030258746125383,0,.0029284709095004,0
Slovak Republic,SVK,2008,.3659664535522461,.2863299942016602,.2863299942016602,SVK,.0376935833985054,.0107928035159339,-.0061056326793184,.0046871708366155,.0046871708366155,0,0,.0538384122330277,2009,-.0007748413085937,0,0,1,1,0,.0102792540413903,0,.0052533605609513,0,.1047704415797793,0,.0028643344132125,0
Slovak Republic,SVK,2009,.362891845703125,.3640700149536133,.3640700149536133,SVK,.0510878998748393,.0185995724713815,-.0071581101966842,.0114414622746973,.0114414622746973,0,0,.072109926883828,2010,-.0001457214355468,0,0,1,1,0,.0035249626033085,0,.0018009691536018,0,.0980161501416975,0,.0031151747622294,0
Slovak Republic,SVK,2010,.3589194107055664,.4065399932861328,.4065399932861328,SVK,.0619529260505889,.0251863421406627,-.0085179254086705,.0166684167319922,.0166684167319922,0,0,.044436670650081,2011,-.0054731369018555,0,0,1,1,0,0,.0017019918539864,0,.0008602641551101,.0927891956844026,0,.0030761291374039,0
Slovak Republic,SVK,2011,.3600713348388672,.4327000045776367,.4327000045776367,SVK,.065065084136181,.0281536622035698,-.0081236070723153,.0200300551312545,.0200300551312545,0,0,.0993159639894269,2012,.0005923843383788,0,0,1,1,0,0,.0050636302532487,0,.0025623888340708,.0894275572851403,0,.0033263154052186,0
Slovak Republic,SVK,2012,.3590230178833008,.5168799972534179,.5168799972534179,SVK,.0812525790168019,.0419978328190377,-.0084824593490772,.0335153734699605,.0335153734699605,0,0,.0360107271808368,2013,-.0065969848632812,0,0,1,1,0,0,.0185489485919547,0,.009264103912121,.0759422389464343,0,.0033783800621488,0
Slovak Republic,SVK,2013,.3582279968261719,.5461100006103515,.5461100006103515,SVK,.0837319221584591,.045726840061062,-.0087546052062146,.0369722348548474,.0369722348548474,0,0,.0015406383351253,2014,.0053196334838868,0,0,1,1,0,0,.0220058099768416,0,.0111076647790725,.0724853775615474,0,.0032092297847563,0
Slovak Republic,SVK,2014,.3578515625,.5339199829101563,.5339199829101563,SVK,.0795484406191056,.0424725020558824,-.0088834634816444,.033589038574238,.033589038574238,0,0,.0077845497628632,2015,.0057289505004883,0,0,1,1,0,0,.0186226136962322,0,.009506648790855,.0758685738421568,0,.0032891794587059,0
Slovak Republic,SVK,2015,.3570287704467773,.515989990234375,.515989990234375,SVK,.0824151401413728,.0425253873567116,-.0091651157052708,.0333602716514408,.0333602716514408,0,0,.0134368696928907,2016,-.0116898727416992,0,0,1,1,0,0,.018393846773435,0,.0091748439503612,.076097340764954,0,.0027148697840325,0
Slovak Republic,SVK,2016,.3568172454833984,.5213600158691406,.5213600158691406,SVK,.0824467834399135,.0429844563225929,-.0092375234005746,.0337469329220183,.0337469329220183,0,0,.0134767397504608,2017,.0020125198364258,0,0,1,1,0,0,.0187805080440125,0,.0094055065937324,.0757106794943765,0,.0027868234638592,0
Slovak Republic,SVK,2017,.3594636917114258,.5138100051879883,.5138100051879883,SVK,.0809495370851775,.0415926820697003,-.0083316110720438,.0332610709976565,.0332610709976565,0,0,.009710461062025,2018,-.0022446823120117,0,0,1,1,0,0,.0182946461196507,0,.0091211153707029,.0761965414187383,0,.0023762935981424,0
Slovak Republic,SVK,2018,.3601117324829102,.4927000045776367,.4927000045776367,SVK,.0742932350163008,.0366042772326188,-.0081097784430409,.028494498789578,.028494498789578,0,0,.0101134098717989,2019,.0070916748046875,0,0,1,1,0,0,.0135280739115722,0,.0068405942408224,.0809631136268168,0,.0024072719947216,0
Slovak Republic,SVK,2019,.3632460021972656,.480099983215332,.480099983215332,SVK,.0707949356325664,.0339886474089256,-.0070368779075587,.0269517695013669,.0269517695013669,0,0,.1025839171289906,2020,-5.87463378909e-06,0,0,1,1,0,0,.0119853446233611,0,.0060604286638057,.0825058429150279,0,.0022172243389845,0
Slovak Republic,SVK,2020,.3590505599975586,.5840800094604492,.5840800094604492,SVK,.08678490830374,.0506893300630727,-.0084730313317626,.0422162987313101,.0422162987313101,0,0,.0664221058555953,2021,.0042608642578125,0,0,1,1,0,0,.0272498738533043,0,.0138950957502513,.0672413136850847,0,.0017134494953637,0
Slovak Republic,SVK,2021,.3579375076293945,.6021699905395508,.6021699905395508,SVK,.0924323072359502,.055659961573821,-.0088540433666724,.0468059182071485,.0468059182071485,0,0,.0211302154638332,2022,-.005306625366211,0,0,1,1,0,0,.0318394933291427,0,.0160664473147016,.0626516942092463,0,.0013884773581576,0
Slovak Republic,SVK,2022,.3633775329589844,.5775600051879883,.5775600051879883,SVK,.0869709730999465,.0502309556748095,-.0069918532486935,.043239102426116,.043239102426116,0,0,.0488632680798994,2023,-.0023321151733398,0,0,1,1,0,0,.0282726775481102,0,.0142006701594917,.0662185099902788,0,.0012376695504516,0
Slovak Republic,SVK,2023,.3602170944213867,.5575799942016602,.5575799942016602,SVK,.0863433056055129,.0481432998388741,-.0080737117064441,.04006958813243,.04006958813243,0,0,,,-.0017875289916992,1,0,0,1,0,,,,,.0693880242839648,0,.0009759079732872,0
Slovenia,SVN,1995,.3417208862304688,.1822800064086914,.1822800064086914,SVN,.0251140011669649,.0045777802936623,-.0144051998937988,-.0098274196001365,-.0098274196001365,0,0,.0655753188397335,1996,,1,3,0,0,0,,,,,,,,
Slovenia,SVN,1996,.3427532958984375,.2159799957275391,.2159799957275391,SVN,.0310059160385434,.006696657613533,-.0140517928846549,-.0073551352711219,-.0073551352711219,0,0,.0357054583090498,1997,-.0029804992675782,1,1,0,0,0,,,,,,,,
Slovenia,SVN,1997,.3396283721923828,.2209700012207031,.2209700012207031,SVN,.0338174487164075,.0074726416841456,-.015121494162184,-.0076488524780384,-.0076488524780384,0,0,.031709257400245,1998,-.0010580444335937,1,1,0,0,0,,,,,,,,
Slovenia,SVN,1998,.3330610275268555,.2282099914550781,.2282099914550781,SVN,.0335361126831408,.0076532759888561,-.0173695800802746,-.0097163040914185,-.0097163040914185,0,0,.0389117791093003,1999,.0106811141967773,1,1,0,0,0,,,,,,,,
Slovenia,SVN,1999,.3331854248046875,.238169994354248,.238169994354248,SVN,.039543798367184,.0094181462338577,-.0173269973040102,-.0079088510701525,-.0079088510701525,0,0,.0467082693110845,2000,-.0103340530395508,1,1,0,0,0,,,,,,,,
Slovenia,SVN,2000,.3297482299804688,.2608499908447265,.2608499908447265,SVN,.0434627246393074,.0113372513242502,-.018503592971757,-.0071663416475068,-.0071663416475068,0,0,.0334187441699964,2001,.0028571319580079,0,0,1,1,0,.0221327665255126,0,.0117518975471239,0,.1166239540639016,0,.0047615666257092,0
Slovenia,SVN,2001,.3284334182739258,.2632399940490723,.2632399940490723,SVN,.0412583605075787,.0108608505744895,-.0189536698038647,-.0080928192293752,-.0080928192293752,0,0,.0444168421309616,2002,.0073250961303711,0,0,1,1,0,.023059244107381,0,.0124127431450111,0,.11755043164577,0,.0047910352251896,0
Slovenia,SVN,2002,.329102554321289,.2768199920654297,.2768199920654297,SVN,.0404669446567352,.0112020592987896,-.018724615992625,-.0075225566938354,-.0075225566938354,0,0,.0179177708452596,2003,.00567626953125,0,0,1,1,0,.0224889815718412,0,.0122334255290317,0,.1169801691102302,0,.004574196363608,0
Slovenia,SVN,2003,.327791633605957,.2702799987792969,.2702799987792969,SVN,.0395904930654249,.0107005184173948,-.0191733608887685,-.0084728424713737,-.0084728424713737,0,0,.0225409851467928,2004,.0012527084350585,0,0,1,1,0,.0234392673493795,0,.0127797190328271,0,.1179304548877686,0,.0038755254170606,0
Slovenia,SVN,2004,.3256789398193359,.2710000038146972,.2710000038146972,SVN,.0346624244723284,.0093935171642277,-.0198965629426932,-.0105030457784655,-.0105030457784655,0,0,.0092994289778855,2005,.0138394165039063,0,0,1,1,0,.0254694706564713,0,.0142391230972036,0,.1199606581948603,0,.0038284465296052,0
Slovenia,SVN,2005,.3259871673583984,.2658799934387207,.2658799934387207,SVN,.0306165885811299,.0081403383710668,-.0197910527212225,-.0116507143501556,-.0116507143501556,0,0,.0178509579864005,2006,.0070521163940429,0,0,1,1,0,.0266171392281614,0,.0150684530999857,0,.1211083267665504,0,.0035471394768654,0
Slovenia,SVN,2006,.3258932876586914,.2620700073242188,.2620700073242188,SVN,.0312217038460358,.0081822721556052,-.0198231889409056,-.0116409167853004,-.0116409167853004,0,0,-.005943437285408,2007,-.0025680923461914,0,0,1,1,0,.0266073416633062,0,.0149945764074633,0,.1210985292016952,0,.0032258792116536,0
Slovenia,SVN,2007,.3257986068725586,.2294300079345703,.2294300079345703,SVN,.0217659902723751,.0049937713208948,-.0198555993826989,-.0148618280618041,-.0148618280618041,0,0,.0070698611403037,2008,.010334358215332,0,0,1,1,0,.0298282529398099,0,.0171179778992224,0,.1243194404781989,0,.0029841249254319,0
Slovenia,SVN,2008,.3284741592407227,.2189399909973145,.2189399909973145,SVN,.0210327838951884,.004604917516661,-.0189397236508288,-.0143348061341677,-.0143348061341677,0,0,.1127656312175688,2009,-.0050160980224609,0,0,1,1,0,.0293012310121736,0,.0166685502330535,0,.1237924185505626,0,.0019868828034102,0
Slovenia,SVN,2009,.3286716079711914,.3494100189208985,.3494100189208985,SVN,.0296749300749532,.0103687178789657,-.018872134429748,-.0085034165507823,-.0085034165507823,0,0,.0390454952931131,2010,.0249213409423829,0,0,1,1,0,.0234698414287881,0,.0139361557310019,0,.1179610289671771,0,.0024165329971536,0
Slovenia,SVN,2010,.3274052047729492,.3860699844360351,.3860699844360351,SVN,.0262380230588108,.0101297131539474,-.0193056404114787,-.0091759272575313,-.0091759272575313,0,0,.0915924443786517,2011,.0218066787719726,0,0,1,1,0,.0241423521355371,0,.0148619503409508,0,.1186335396739261,0,.0029022774155192,0
Slovenia,SVN,2011,.3242749786376953,.4681499862670899,.4681499862670899,SVN,.0368653402359948,.0172585085252126,-.0203771567782138,-.0031186482530012,-.0031186482530012,0,0,.0601109334081159,2012,.0076718521118164,0,0,1,1,0,.018085073131007,0,.0112718558740208,0,.112576260669396,0,.0035792831451307,0
Slovenia,SVN,2012,.3232883834838867,.5407400131225586,.5407400131225586,SVN,.0478565954064406,.0258779760280797,-.0207148808942901,.0051630951337896,.0051630951337896,0,0,.1697278692026079,2013,.0011265182495117,0,0,1,1,0,.0098033297442162,0,.0061211499679373,0,.1042945172826052,0,.003314840036118,0
Slovenia,SVN,2013,.3215428161621094,.7083599853515625,.7083599853515625,SVN,.0745590871151808,.0528146738567354,-.0213124108725422,.0315022629841932,.0315022629841932,0,0,.1306567405438566,2014,-.0010062789916992,0,0,1,1,0,0,.0165358381061874,0,.0103082547861483,.0779553494322016,0,.003396652384774,0
Slovenia,SVN,2014,.316883373260498,.8113300323486328,.8113300323486328,SVN,.0890372538346075,.0722385980338655,-.0229073976604662,.0493312003733993,.0493312003733993,0,0,.0502267109870671,2015,.007872543334961,0,0,1,1,0,0,.0343647754953935,0,.0216931512505518,.0601264120429955,0,.0037150386307523,0
Slovenia,SVN,2015,.3177601623535156,.8341799926757812,.8341799926757812,SVN,.0961395919886458,.0801977241409411,-.0226072615607889,.0575904625801523,.0575904625801523,0,0,-.008520785561667,2016,-.0092612457275391,0,0,1,1,0,0,.0426240377021465,0,.0265121517759307,.0518671498362425,0,.0032060540773151,0
Slovenia,SVN,2016,.3158639907836914,.7943000030517579,.7943000030517579,SVN,.093420534941605,.0742039311892137,-.0232563452957695,.0509475858934442,.0509475858934442,0,0,.0034738694241526,2017,-.0053281402587891,0,0,1,1,0,0,.0359811610154384,0,.0221885697535528,.0585100265229506,0,.0034837634222726,0
Slovenia,SVN,2017,.3162064933776855,.7488999938964844,.7488999938964844,SVN,.0905031757474686,.0677778277648917,-.0231391022854385,.0446387254794532,.0446387254794532,0,0,.0084220276262624,2018,-.0093489837646484,0,0,1,1,0,0,.0296723006014474,0,.0180206671644938,.0648188869369416,0,.0031840549829402,0
Slovenia,SVN,2018,.3154573249816894,.7100700378417969,.7100700378417969,SVN,.0874808101788804,.0621175021941486,-.0233955521913126,.0387219500028361,.0387219500028361,0,0,-.0107342163361706,2019,-.0056021881103515,0,0,1,1,0,0,.0237555251248303,0,.0142941910999762,.0707356624135587,0,.0028479935150936,0
Slovenia,SVN,2019,.3153888511657715,.6602100372314453,.6602100372314453,SVN,.0800867894729068,.0528741022596548,-.0234189916526417,.029455110607013,.029455110607013,0,0,.1178877432051792,2020,-.0002668380737305,0,0,1,1,0,0,.0144886857290072,0,.0087142759206847,.0800025018093818,0,.0025532139984607,0
Slovenia,SVN,2020,.3126926422119141,.8016999816894531,.8016999816894531,SVN,.1069213088092981,.0857188113146267,-.0243419383974978,.0613768729171288,.0613768729171288,0,0,.0312372779486838,2021,-.0091667556762695,0,0,1,1,0,0,.046410448039123,0,.0274883097598072,.048080739499266,0,.0015114794181391,0
Slovenia,SVN,2021,.3134997177124024,.7481800079345703,.7481800079345703,SVN,.0989054570092894,.0739990856099825,-.0240656661505108,.0499334194594717,.0499334194594717,0,0,.047374694067989,2022,-.0011213684082032,0,0,1,1,0,0,.0349669945814659,0,.0206712889943573,.0595241929569231,0,.0014607244024759,0
Slovenia,SVN,2022,.3151845741271972,.7277300262451172,.7277300262451172,SVN,.0957233475592182,.0696607542315403,-.0234889182907575,.0461718359407828,.0461718359407828,0,0,.041208079121336,2023,-.0017434692382812,0,0,1,1,0,0,.031205411062777,0,.0183931640407658,.063285776475612,0,.0013009168605698,0
Slovenia,SVN,2023,.3143255996704102,.6828900146484375,.6828900146484375,SVN,.0877416707982892,.0599179108567221,-.0237829562130306,.0361349546436915,.0361349546436915,0,0,,,.003694839477539,1,0,0,1,0,,,,,.0733226577727033,0,.0011690932020267,0
Sweden,SWE,1995,.3159645652770996,.6869599914550781,.6869599914550781,SWE,.0757529895121551,.0520392730279667,-.0232219173627364,.0288173556652303,.0288173556652303,0,0,.0215412538731086,1996,,1,3,0,0,0,,,,,,,,
Sweden,SWE,1996,.3171429061889648,.6893699645996094,.6893699645996094,SWE,.0740863564239098,.0510729089052648,-.0228185562258405,.0282543526794243,.0282543526794243,0,0,.0188822933342777,1997,.003243293762207,1,1,0,0,0,,,,,,,,
Sweden,SWE,1997,.3171773719787598,.6770500183105469,.6770500183105469,SWE,.0704998220206357,.0477319057899617,-.0228067581460015,.0249251476439602,.0249251476439602,0,0,.0106632613528672,1998,.0038594436645508,1,1,0,0,0,,,,,,,,
Sweden,SWE,1998,.3164166259765625,.6540299987792969,.6540299987792969,SWE,.0663874678481549,.0434193955156894,-.0230671712142786,.0203522243014107,.0203522243014107,0,0,-.0195808860532328,1999,.0022983932495118,1,1,0,0,0,,,,,,,,
Sweden,SWE,1999,.3155722045898438,.6028200149536133,.6028200149536133,SWE,.0543629704760803,.0327710866753136,-.023356227434882,.0094148592404316,.0094148592404316,0,0,-.0667541030789559,2000,.0106498718261718,1,1,0,0,0,,,,,,,,
Sweden,SWE,2000,.3158687782287598,.5044100189208984,.5044100189208984,SWE,.037202816715132,.0187654734831904,-.0232547064922058,-.0044892330090153,-.0044892330090153,0,0,.036117945232387,2001,.0047878646850585,0,0,1,1,0,.0194556578870211,0,.0125413603290714,0,.1139468454254101,0,.0042944428602939,0
Sweden,SWE,2001,.315097484588623,.5198099899291992,.5198099899291992,SWE,.0369416981313864,.0192026637336435,-.0235187301516013,-.0043160664179578,-.0043160664179578,0,0,-.0015969441288862,2002,.0067578887939453,0,0,1,1,0,.0192824912959636,0,.0125600439112132,0,.1137736788343526,0,.0036374329726889,0
Sweden,SWE,2002,.3146883392333985,.4985699844360352,.4985699844360352,SWE,.0294045988113234,.0146602503717094,-.0236587858298666,-.0089985354581572,-.0089985354581572,0,0,.0145961457615258,2003,.0102590942382813,0,0,1,1,0,.023964960336163,0,.0158559243912386,0,.118456147874552,0,.0045347488231782,0
Sweden,SWE,2003,.315882511138916,.4945600128173828,.4945600128173828,SWE,.0263752311980927,.0130441346793902,-.0232500055417442,-.010205870862354,-.010205870862354,0,0,.0144369056414497,2004,.0041105651855469,0,0,1,1,0,.0251722957403599,0,.016758205456759,0,.1196634832787489,0,.0028414725051143,0
Sweden,SWE,2004,.3142013359069824,.4865599822998047,.4865599822998047,SWE,.024016980341299,.0116857015297572,-.0238254932856099,-.0121397917558527,-.0121397917558527,0,0,.0198160919182749,2005,.0045342254638672,0,0,1,1,0,.0271062166338585,0,.0181685997492383,0,.1215974041722475,0,.0025331814570109,0
Sweden,SWE,2005,.3131439781188965,.4888800048828125,.4888800048828125,SWE,.0218089196217335,.010661944731162,-.0241874403547589,-.013525495623597,-.013525495623597,0,0,-.0218644428563898,2006,.0070130157470703,0,0,1,1,0,.0284919205016028,0,.0192972156940993,0,.1229831080399918,0,.002300001398215,0
Sweden,SWE,2006,.3127083587646484,.438489990234375,.438489990234375,SWE,-.0040397995657643,-.0017714116721408,-.0243365584208585,-.0261079700929993,-.0261079700929993,0,0,-.02213312642001,2007,.0417656707763673,0,0,1,1,0,.0410743949710051,0,.0295346654178829,0,.1355655825093941,0,.0024327036834148,0
Sweden,SWE,2007,.3121964263916016,.3918899917602539,.3918899917602539,SWE,-.0124637963742862,-.0048844370584205,-.0245117994075091,-.0293962364659296,-.0293962364659296,0,0,-.0033211206570889,2008,.003693618774414,0,0,1,1,0,.0443626613439354,0,.0320629618561391,0,.1388538488823244,0,.0018430977788936,0
Sweden,SWE,2008,.315431137084961,.3794400024414062,.3794400024414062,SWE,-.0161597577778128,-.0061316585306658,-.0234045166426788,-.0295361751733447,-.0295361751733447,0,0,.0241754331211035,2009,.0003775024414063,0,0,1,1,0,.0445026000513505,0,.0321809019187856,0,.1389937875897395,0,.0013964183146382,0
Sweden,SWE,2009,.3167992401123047,.4118399810791016,.4118399810791016,SWE,-.0114502549652177,-.0047156727882261,-.0229361975111411,-.0276518702993673,-.0276518702993673,0,0,.0006016602797794,2010,-.0011350250244141,0,0,1,1,0,.0426182951773731,0,.0307699428503992,0,.1371094827157621,0,.0012472351622835,0
Sweden,SWE,2010,.3165528678894043,.3860300064086914,.3860300064086914,SWE,-.0228315857825363,-.0088136772059531,-.0230205338682412,-.0318342110741943,-.0318342110741943,0,0,.0070392515955694,2011,.017210693359375,0,0,1,1,0,.0468006359522001,0,.0345950185271056,0,.1412918234905891,0,.0010283330243802,0
Sweden,SWE,2011,.316409683227539,.3768099975585937,.3768099975585937,SWE,-.0273014076450251,-.0102874433480681,-.0230695478059009,-.033356991153969,-.033356991153969,0,0,.0051284585826755,2012,.0071267700195312,0,0,1,1,0,.0483234160319748,0,.0360650470582734,0,.1428146035703638,0,.0013843854192799,0
Sweden,SWE,2012,.3147002792358398,.3799200057983398,.3799200057983398,SWE,-.025249730229101,-.0095928776550466,-.0236546986146042,-.0332475762696508,-.0332475762696508,0,0,.0367835090903418,2013,-.0016117095947266,0,0,1,1,0,.0482140011476566,0,.0359056808598648,0,.1427051886860456,0,.0007563776070184,0
Sweden,SWE,2013,.316558895111084,.4078900146484375,.4078900146484375,SWE,-.0222990619468052,-.0090955647041288,-.0230184706733164,-.0321140353774452,-.0321140353774452,0,0,.0680687591585392,2014,.0007646942138673,0,0,1,1,0,.047080460255451,0,.0350975183215782,0,.14157164779384,0,.0006689589824329,0
Sweden,SWE,2014,.3170206260681152,.4568999862670898,.4568999862670898,SWE,-.0183292587568757,-.0083746380743024,-.022860414272242,-.0312350523465444,-.0312350523465444,0,0,.0176604183410146,2015,.0072769165039062,0,0,1,1,0,.0462014772245502,0,.0347784587767688,0,.1406926647629392,0,.000394419683656,0
Sweden,SWE,2015,.3165660858154297,.4445800018310547,.4445800018310547,SWE,-.0210896954684133,-.0093760568499636,-.0230160092034219,-.0323920660533855,-.0323920660533855,0,0,.0007090629532264,2016,.0025518035888672,0,0,1,1,0,.0473584909313913,0,.035770257844314,0,.1418496784697803,0,.0003814561585579,0
Sweden,SWE,2016,.3172397041320801,.4288800048828125,.4288800048828125,SWE,-.0172252422778807,-.0073875619922451,-.0227854210541843,-.0301729830464294,-.0301729830464294,0,0,.0047805491406838,2017,-.0149081420898437,0,0,1,1,0,.0451394079244352,0,.033421221484379,0,.1396305954628242,0,.0001690745092158,0
Sweden,SWE,2017,.3155719757080078,.4163800048828125,.4163800048828125,SWE,-.016340031378808,-.0068036623452934,-.0233563057840563,-.0301599681293497,-.0301599681293497,0,0,.0006557213986631,2018,-.0043685913085938,0,0,1,1,0,.0451263930073555,0,.033214446470381,0,.1396175805457446,0,.000096693811949,0
Sweden,SWE,2018,.3165762901306152,.3993399810791016,.3993399810791016,SWE,-.0155922530372022,-.0062266100328569,-.0230125161360651,-.029239126168922,-.029239126168922,0,0,-.0232322705853137,2019,-.0086904144287109,0,0,1,1,0,.0442055510469278,0,.0321525132277326,0,.1386967385853168,0,.0001099873008129,0
Sweden,SWE,2019,.3173178291320801,.357869987487793,.357869987487793,SWE,-.0206902426533739,-.0074044168794823,-.0227586778693363,-.0301630947488186,-.0301630947488186,0,0,.0458041247438931,2020,-.0035233306884765,0,0,1,1,0,.0451295196268244,0,.0326655473107971,0,.1396207071652134,0,-.0000226905642222,0
Sweden,SWE,2020,.3186023139953613,.4043600082397461,.4043600082397461,SWE,-.0118588055177402,-.004795226696867,-.0223189823028312,-.0271142089996982,-.0271142089996982,0,0,-.0009974355969764,2021,-.0055435943603516,0,0,1,1,0,.042080633877704,0,.0302254317261947,0,.136571821416093,0,-.0001090404949479,0
Sweden,SWE,2021,.3158256912231445,.3732199859619141,.3732199859619141,SWE,-.0167248140375425,-.0062420348603072,-.0232694557242789,-.0295114905845862,-.0295114905845862,0,0,-.0059065003588819,2022,.0035432434082031,0,0,1,1,0,.044477915462592,0,.0321049332108429,0,.1389691030009809,0,-.0000141320675631,0
Sweden,SWE,2022,.316822566986084,.342140007019043,.342140007019043,SWE,-.0198886602643939,-.0068047063624591,-.0229282124244544,-.0297329187869135,-.0297329187869135,0,0,-.0036104713743717,2023,-.0046360778808594,0,0,1,1,0,.0446993436649193,0,.0320575343012525,0,.1391905312033083,0,.0005362491957841,0
Sweden,SWE,2023,.3170483589172363,.3205199813842773,.3205199813842773,SWE,-.0216699902857647,-.0069456648829908,-.0228509209639488,-.0297965858469396,-.0297965858469396,0,0,,,-.003636474609375,1,0,0,1,0,,,,,.1392541982633344,0,.0005826656136769,0
Thailand,THA,1995,.4440206146240234,,,THA,,,.0206133030992322,,,,,,1996,,3,4,0,0,0,,,,,,,,
Thailand,THA,1996,.4453992462158203,.1519299983978271,.1519299983978271,THA,.0295225729749588,.0044853644647852,.0210852262927904,.0255705907575757,.0255705907575757,0,0,.2621758623626178,1997,.0012666320800782,0,1,1,0,0,0,.0106041658795699,0,.0041571797766145,,,,
Thailand,THA,1997,.4453218460083008,.4045500183105469,.4045500183105469,THA,.0650880620707898,.026331376702536,.0210587312136612,.0473901079161973,.0473901079161973,0,0,.0905418321159068,1998,.0061363220214843,0,1,1,0,0,0,.0324236830381915,0,.0129101061521942,,,,
Thailand,THA,1998,.4449367523193359,.4988100051879883,.4988100051879883,THA,.0759871825100327,.03790316690205,.0209269087278015,.0588300756298515,.0588300756298515,0,0,.059387995219748,1999,.0080699920654297,0,1,1,0,0,0,.0438636507518457,0,.0178191262174774,,,,
Thailand,THA,1999,.4451564025878906,.5658499908447265,.5658499908447265,THA,.0839697705886369,.047514293918814,.0210020978187951,.0685163917376091,.0685163917376091,0,0,.0411754283880507,2000,.0046484375,0,1,1,0,0,0,.0535499668596033,0,.0220030093932808,,,,
Thailand,THA,2000,.4453799438476562,.5782600021362305,.5782600021362305,THA,.0856095865145083,.0495045996807614,.0210786188457528,.0705832185265141,.0705832185265141,0,0,.0257643967908669,2001,.0002827453613282,0,0,1,1,0,0,.0556167936485083,0,.0228679679750038,.0388743938898807,0,.0026596870466371,0
Thailand,THA,2001,.4413857650756836,.5753200149536133,.5753200149536133,THA,.0880862849228617,.050677802759029,.0197113604622023,.0703891632212313,.0703891632212313,0,0,0,2002,-.0020168685913086,0,0,1,1,0,0,.0554227383432255,0,.0226763978367836,.0390684491951635,0,.0025606891944362,0
Thailand,THA,2002,.4387086868286133,.549010009765625,.549010009765625,THA,.0862540286689412,.0473543251218599,.0187949624025031,.066149287524363,.066149287524363,0,0,-.0008492652734033,2003,-.0017859268188476,0,0,1,1,0,0,.0511828626463572,0,.0208502297382844,.0433083248920318,0,.0030537045265527,0
Thailand,THA,2003,.4370697784423828,.475,.475,THA,.0778832763108548,.036994556247656,.0182339431395025,.0552284993871585,.0552284993871585,0,0,.0311208898365314,2004,-.0045241165161133,0,0,1,1,0,0,.0402620745091527,0,.0162193063403562,.0542291130292363,0,.002933039348046,0
Thailand,THA,2004,.4353895950317383,.4626699829101563,.4626699829101563,THA,.0819626745274535,.0379216692228876,.0176587949087257,.0555804641316133,.0555804641316133,0,0,.0377321330649323,2005,-.0115293502807617,0,0,1,1,0,0,.0406140392536075,0,.0158928394892067,.0538771482847815,0,.0033190452274244,0
Thailand,THA,2005,.4342502212524414,.4546200180053711,.4546200180053711,THA,.078145332759136,.0355264325859941,.0172687727187645,.0527952053047587,.0527952053047587,0,0,-.0204743216020916,2006,.007197380065918,0,0,1,1,0,0,.0378287804267529,0,.015075197009715,.0566624071116361,0,.0031726573107944,0
Thailand,THA,2006,.4324590682983399,.3917699813842773,.3917699813842773,THA,.07363176679532,.028846715906694,.0166556381966192,.0455023541033131,.0455023541033131,0,0,-.0059162366536511,2007,-.0092584228515625,0,0,1,1,0,0,.0305359292253073,0,.0118861987468278,.0639552583130817,0,.0042396817173387,0
Thailand,THA,2007,.4330138397216797,.3598500061035156,.3598500061035156,THA,.0683911607924444,.0246105596285876,.0168455435370707,.0414561031656583,.0414561031656583,0,0,.0247678051054149,2008,.0002880096435547,0,0,1,1,0,0,.0264896782876525,0,.0103188131522486,.0680015092507365,0,.0035482266197687,0
Thailand,THA,2008,.4335249710083008,.3494599914550781,.3494599914550781,THA,.0644764910725043,.0225319540192508,.017020510301611,.0395524643208618,.0395524643208618,0,0,.0611624921591224,2009,.0047151184082032,0,0,1,1,0,0,.024586039442856,0,.0096931940482793,.069905148095533,0,.003877995517275,0
Thailand,THA,2009,.433233642578125,.4236399841308593,.4236399841308593,THA,.0698913655910368,.0296087770098709,.0169207848608472,.0465295618707181,.0465295618707181,0,0,.0236471453595505,2010,.0134988021850586,0,0,1,1,0,0,.0315631369927123,0,.0128700212991973,.0629280505456767,0,.0033322059599129,0
Thailand,THA,2010,.4326437759399414,.3983100128173828,.3983100128173828,THA,.0629384900232948,.0250690307678853,.0167188659803272,.0417878967482125,.0417878967482125,0,0,.0201699745381539,2011,.0077423477172852,0,0,1,1,0,0,.0268214718702067,0,.0111442456437507,.0676697156681823,0,.0035613938991882,0
Thailand,THA,2011,.4331577682495117,.3911600112915039,.3911600112915039,THA,.0607340868834868,.0237567461111239,.016894812109547,.0406515582206709,.0406515582206709,0,0,.0432390947457444,2012,.0019493865966797,0,0,1,1,0,0,.0256851333426651,0,.0107221704566416,.0688060541957239,0,.0038640139344011,0
Thailand,THA,2012,.4348219680786133,.4192900085449219,.4192900085449219,THA,.0610316163910885,.0255899469581299,.0174644889563144,.0430544359144442,.0430544359144442,0,0,.0399276729942457,2013,.0070515441894531,0,0,1,1,0,0,.0280880110364384,0,.0119233073256332,.0664031765019506,0,.0037530476589415,0
Thailand,THA,2013,.436810417175293,.4219100189208984,.4219100189208984,THA,.0557418977475286,.0235180651333466,.0181451604667575,.0416632256001041,.0416632256001041,0,0,.020146846282401,2014,.010587043762207,0,0,1,1,0,0,.0266968007220983,0,.0116153813876606,.0677943868162907,0,.0034148735348212,0
Thailand,THA,2014,.4346228790283203,.4333399963378906,.4333399963378906,THA,.0514807790540087,.0223086806067359,.0173963382328174,.0397050188395533,.0397050188395533,0,0,.006991525064049,2015,.0160861587524414,0,0,1,1,0,0,.0247385939615475,0,.011161343666958,.0697525935768415,0,.0036488070258766,0
Thailand,THA,2015,.4357462692260742,.4255899810791016,.4255899810791016,THA,.0507392460864581,.0215941147819036,.0177808890387691,.0393750038206727,.0393750038206727,0,0,.0149234466569518,2016,-.002270736694336,0,0,1,1,0,0,.0244085789426669,0,.0109570249050859,.0700826085957221,0,.0031664299251146,0
Thailand,THA,2016,.4351737976074219,.4174499893188476,.4174499893188476,THA,.0531845060228432,.0222018714711641,.0175849246955005,.0397867961666646,.0397867961666646,0,0,.0261063130061534,2017,-.0076681900024414,0,0,1,1,0,0,.0248203712886588,0,.0109515513993452,.0696708162497302,0,.0027267920213473,0
Thailand,THA,2017,.4363251876831055,.4177700042724609,.4177700042724609,THA,.0510870708904824,.0213426458241844,.0179790602171156,.0393217060412999,.0393217060412999,0,0,.0265807427710488,2018,.0035335540771484,0,0,1,1,0,0,.0243552811632941,0,.0108323992812852,.0701359063750949,0,.0034268575513187,0
Thailand,THA,2018,.4380952453613281,.4194100189208985,.4194100189208985,THA,.0456350663196918,.0191398040285984,.0185849735570241,.0377247775856225,.0377247775856225,0,0,.0073778339804547,2019,.010870132446289,0,0,1,1,0,0,.0227583527076167,0,.0103695262194628,.0717328348307723,0,.0034284814497227,0
Thailand,THA,2019,.4373676300048828,.410629997253418,.410629997253418,THA,.040070857491808,.0164542961018032,.0183359015317355,.0347901976335387,.0347901976335387,0,0,.0560359198298374,2020,.0104288482666016,0,0,1,1,0,0,.0198237727555329,0,.0092391648827847,.0746674147828561,0,.0036159242397371,0
Thailand,THA,2020,.4350719833374023,.4943399810791015,.4943399810791015,THA,.0490318227124736,.024238390311958,.0175500723711063,.0417884626830643,.0417884626830643,0,0,.0951298567022958,2021,.0110430145263672,0,0,1,1,0,0,.0268220378050585,0,.0127970068125752,.0676691497333305,0,.0032087653137502,0
Thailand,THA,2021,.4343109130859375,.5836700057983398,.5836700057983398,THA,.0617430692699961,.0360375775988259,.0172895483081655,.0533271259069914,.0533271259069914,0,0,.064046491662316,2022,.0027095413208008,0,0,1,1,0,0,.0383607010289856,0,.0184061343899388,.0561304865094034,0,.0035331772974413,0
Thailand,THA,2022,.4344584274291992,.6054800033569336,.6054800033569336,THA,.0630112741023118,.0381520664549924,.0173400443510401,.0554921108060326,.0554921108060326,0,0,.0435989498299014,2023,.0044337081909179,0,0,1,1,0,0,.0405256859280268,0,.0196246110253597,.0539655016103622,0,.0035533727753572,0
Thailand,THA,2023,.4348605346679688,.6223600006103516,.6223600006103516,THA,.0633229515212402,.0394096721474083,.0174776907921939,.0568873629396023,.0568873629396023,0,0,,,.0046168518066407,1,0,0,1,0,,,,,.0525702494767925,0,.0029341769176378,0
Turkey,TUR,1995,.4152306747436523,,,TUR,,,.010758139144237,,,,,,,,3,4,0,0,0,,,,,,,,
Turkey,TUR,1996,.4142000579833984,,,TUR,,,.0104053458702923,,,,,,,.0012704849243164,3,2,0,0,0,,,,,,,,
Turkey,TUR,1997,.4118671417236328,,,TUR,,,.0096067588524382,,,,,,,.0020401763916015,3,2,0,0,0,,,,,,,,
Turkey,TUR,1998,.4100723266601563,,,TUR,,,.0089923707435031,,,,,,,.0008516693115235,3,2,0,0,0,,,,,,,,
Turkey,TUR,1999,.4080127334594726,,,TUR,,,.0082873456980298,,,,,,2000,.0051941680908203,3,2,0,0,0,,,,,,,,
Turkey,TUR,2000,.4072862243652344,.5123400115966796,.5123400115966796,TUR,.1215579280709555,.0622789902775417,.0080386523604173,.070317642637959,.070317642637959,0,0,.5778446696168994,2001,.0051866149902344,0,0,1,1,0,0,.0553512177599532,0,.0194302339323999,.0391399697784358,0,.0152229195781615,0
Turkey,TUR,2001,.4047909164428711,.7557099914550781,.7557099914550781,TUR,.1610341479819463,.1216951145954124,.0071844766033552,.1288795911987676,.1288795911987676,0,0,.2868349779515152,2002,-.0031058883666992,0,0,1,1,0,0,.1139131663207618,0,.0396337462874635,0,.0194219787823728,0,.0097548871055287
Turkey,TUR,2002,.4031177520751953,.7118900299072266,.7118900299072266,TUR,.1561493529641628,.1111611675516519,.0066117310805921,.1177728986322441,.1177728986322441,0,0,.1178566259916445,2003,-.0020309829711914,0,0,1,1,0,0,.1028064737542383,0,.0355606025582315,0,.0083152862158493,0,.0038109503838964
Turkey,TUR,2003,.4010135269165039,.6361199951171875,.6361199951171875,TUR,.1408481070987389,.0895962971999149,.0058914279461188,.0954877251460337,.0954877251460337,0,0,.068485840956313,2004,.0111028289794922,0,0,1,1,0,0,.0805213002680279,0,.0287462092459053,.0139698872703611,0,.0053046354860853,0
Turkey,TUR,2004,.3981032943725586,.5704499816894532,.5704499816894532,TUR,.1315665886052055,.0750521580607833,.0048952181941388,.0799473762549221,.0799473762549221,0,0,.0153841078973229,2005,.0018608856201172,0,0,1,1,0,0,.0649809513769163,0,.0233192065354268,.0295102361614727,0,.0084673430270819,0
Turkey,TUR,2005,.3950494003295899,.5015399932861329,.5015399932861329,TUR,.1124680882797629,.0564072442407365,.0038498312770526,.0602570755177891,.0602570755177891,0,0,.0158793631507119,2006,.0231467437744141,0,0,1,1,0,0,.0452906506397833,0,.017301433172021,.0492005368986057,0,.0079722506549623,0
Turkey,TUR,2006,.393131332397461,.4420199966430664,.4420199966430664,TUR,.1036233270420619,.0458035826712756,.0031932521377249,.0489968348090005,.0489968348090005,0,0,-.0273634784464887,2007,.0018372726440429,0,0,1,1,0,0,.0340304099309947,0,.0130624437632686,.0604607776073943,0,.0087080423328221,0
Turkey,TUR,2007,.3899667358398438,.3713100051879883,.3713100051879883,TUR,.0902880861208497,.0335248697259462,.0021099703366401,.0356348400625864,.0356348400625864,0,0,.0472163564553512,2008,.0096061325073242,0,0,1,1,0,0,.0206684151845806,0,.0081320363013588,.0738227723538084,0,.010683076930449,0
Turkey,TUR,2008,.3879465103149414,.3702399826049805,.3702399826049805,TUR,.0863956213045771,.0319871133289531,.0014184213491567,.0334055346781098,.0334055346781098,0,0,.0553129568129619,2009,.0107742309570313,0,0,1,1,0,0,.018439109800104,0,.0074535781107354,.076052077738285,0,.0099004280256308,0
Turkey,TUR,2009,.3865817260742188,.4237599945068359,.4237599945068359,TUR,.0943643680262713,.0399878440764538,.0009512382806472,.040939082357101,.040939082357101,0,0,.0243747074737609,2010,.0018702697753906,0,0,1,1,0,0,.0259726574790952,0,.01054741412619,.0685185300592938,0,.0091978116692669,0
Turkey,TUR,2010,.3834772872924805,.3861999893188476,.3861999893188476,TUR,.0867210564190889,.0334916710627713,-.0001114507457767,.0333802203169946,.0333802203169946,0,0,.0318855980033599,2011,.0080095672607421,0,0,1,1,0,0,.0184137954389888,0,.0076252706715206,.0760773920994002,0,.0081079032832481,0
Turkey,TUR,2011,.3811531448364258,.3477299880981445,.3477299880981445,TUR,.080603581798584,.0280282825394894,-.0009070343786137,.0271212481608757,.0271212481608757,0,0,-.0011987449242945,2012,.0033438110351563,0,0,1,1,0,0,.0121548232828699,0,.0050740336316248,.0823363642555191,0,.0063086249404115,0
Turkey,TUR,2012,.3796377944946289,.3081599998474121,.3081599998474121,TUR,.0724516905776206,.0223267129573443,-.001425758145656,.0209009548116883,.0209009548116883,0,0,.0322380073640679,2013,.0066424560546875,0,0,1,1,0,0,.0059345299336825,0,.002516790670024,.0885566576047065,0,.0067904537595263,0
Turkey,TUR,2013,.3802392578125,.2954800033569336,.2954800033569336,TUR,.0638968577021587,.0188802437283314,-.0012198695736351,.0176603741546962,.0176603741546962,0,0,.0126420406930804,2014,.0143340301513671,0,0,1,1,0,0,.0026939492766904,0,.0011810993032183,.0917972382616986,0,.0064201018299995,0
Turkey,TUR,2014,.3806315231323242,.2736700057983398,.2736700057983398,TUR,.0527537187088643,.0144371105049389,-.0010855921469788,.01335151835796,.01335151835796,0,0,.0282991797020107,2015,.0173069000244141,0,0,1,1,0,.0016149065200458,0,.0007359671691998,0,.0961060940584348,0,.0059453038702847,0
Turkey,TUR,2015,.3807826614379883,.2645499992370606,.2645499992370606,TUR,.0518482377944668,.0137164512689691,-.0010338555755102,.012682595693459,.012682595693459,0,0,.0372998154160668,2016,-.0012494659423828,0,0,1,1,0,.0022838291845468,0,.0010379641393943,0,.0967750167229358,0,.0055770505485922,0
Turkey,TUR,2016,.3793810272216797,.2701799964904785,.2701799964904785,TUR,.0619220746947384,.0167301059237076,-.0015136528610915,.0152164530626161,.0152164530626161,0,0,.0524857852419756,2017,-.0192688751220703,0,0,1,1,0,0,.0002500281846103,0,.0001088160822143,.0942411593537787,0,.0040863294417359,0
Turkey,TUR,2017,.3799147415161133,.2692700004577637,.2692700004577637,TUR,.0546550151085622,.0147169559433016,-.0013309556446811,.0133860002986205,.0133860002986205,0,0,.0788931239432,2018,.0155300521850585,0,0,1,1,0,.0015804245793853,0,.0007123689757408,0,.0960716121177743,0,.004146682107442,0
Turkey,TUR,2018,.3792866897583008,.2882600021362305,.2882600021362305,TUR,.0568738327966857,.0163944511634682,-.0015459457791233,.0148485053843449,.0148485053843449,0,0,.0725003524392839,2019,.0022075271606445,0,0,1,1,0,.0001179194936609,0,.0000534119698649,0,.0946091070320499,0,.0043418972496653,0
Turkey,TUR,2019,.3784927368164063,.3119499969482422,.3119499969482422,TUR,.0539874285562034,.0168413781733511,-.0018177260067804,.0150236521665707,.0150236521665707,0,0,.1353751104499213,2020,.0155704879760742,0,0,1,1,0,0,.0000572272885649,0,.0000268123198447,.0944339602498241,0,.0055917936760758,0
Turkey,TUR,2020,.3771310424804687,.3829700088500976,.3829700088500976,TUR,.0610611486366298,.0233845886337672,-.0022838513614361,.0211007372723312,.0211007372723312,0,0,.1795727232393157,2021,.0098917388916016,0,0,1,1,0,0,.0061343123943254,0,.0029347474909571,.0883568751440636,0,.0053416703255964,0
Turkey,TUR,2021,.3756297302246094,.3890999984741211,.3890999984741211,TUR,.0611914156461646,.0238095797345519,-.0027977697124509,.021011810022101,.021011810022101,0,0,.2177073783162343,2022,.0035348892211914,0,0,1,1,0,0,.0060453851440952,0,.0029135731211345,.0884458023942938,0,.0056867186915738,0
Turkey,TUR,2022,.3748694992065429,.294330005645752,.294330005645752,TUR,.047660208645483,.0140278294797027,-.0030580064950857,.010969822984617,.010969822984617,0,0,.2048807357408037,2023,-.000965461730957,0,0,1,1,0,.0039966018933888,0,.0019223035516819,0,.0984877894317778,0,.004380474307697,0
Turkey,TUR,2023,.3746493530273438,.2824099922180176,.2824099922180176,TUR,.046132063873549,.0130281557995301,-.0031333653426238,.0098947904569063,.0098947904569063,0,0,,,-.0003715896606445,1,0,0,1,0,,,,,.0995628219594885,0,.0061219856334457,0
Taiwan Province of China,TWN,1995,,,,TWN,,,,,,,,,,,7,8,0,0,0,,,,,,,,
Taiwan Province of China,TWN,1996,,,,TWN,,,,,,,,,1997,,7,8,0,0,0,,,,,,,,
Taiwan Province of China,TWN,1997,,.2498200035095215,.2498200035095215,TWN,,,,,,,0,.0050324357900143,1998,,5,8,0,0,0,,,,,,,,
Taiwan Province of China,TWN,1998,,.236870002746582,.236870002746582,TWN,,,,,,,0,.0111171479395179,1999,,5,8,0,0,0,,,,,,,,
Taiwan Province of China,TWN,1999,,.2369000053405762,.2369000053405762,TWN,,,,,,,0,.0393901588386475,2000,,5,8,0,0,0,,,,,,,,
Taiwan Province of China,TWN,2000,,.2622699928283692,.2622699928283692,TWN,,,,,,,0,.0328832241566486,2001,,5,8,0,0,0,,,,,,,,
Taiwan Province of China,TWN,2001,,.3012599945068359,.3012599945068359,TWN,,,,,,,0,.0115841616167075,2002,,5,8,0,0,0,,,,,,,,
Taiwan Province of China,TWN,2002,,.2977899932861328,.2977899932861328,TWN,,,,,,,0,.0325758564651486,2003,,5,8,0,0,0,,,,,,,,
Taiwan Province of China,TWN,2003,,.3215000152587891,.3215000152587891,TWN,,,,,,,0,.0335388066338131,2004,,5,8,0,0,0,,,,,,,,
Taiwan Province of China,TWN,2004,,.3344599914550781,.3344599914550781,TWN,,,,,,,0,.0191598191796894,2005,,5,8,0,0,0,,,,,,,,
Taiwan Province of China,TWN,2005,,.3406800079345703,.3406800079345703,TWN,,,,,,,0,.0071165152400845,2006,,5,8,0,0,0,,,,,,,,
Taiwan Province of China,TWN,2006,,.3329700088500976,.3329700088500976,TWN,,,,,,,0,.0088353342531483,2007,,5,8,0,0,0,,,,,,,,
Taiwan Province of China,TWN,2007,,.3215700149536133,.3215700149536133,TWN,,,,,,,0,.0057563031749951,2008,,5,8,0,0,0,,,,,,,,
Taiwan Province of China,TWN,2008,,.3335300064086914,.3335300064086914,TWN,,,,,,,0,.0280997014264782,2009,,5,8,0,0,0,,,,,,,,
Taiwan Province of China,TWN,2009,,.3671099853515625,.3671099853515625,TWN,,,,,,,0,.0343676320033573,2010,,5,8,0,0,0,,,,,,,,
Taiwan Province of China,TWN,2010,,.3688999938964844,.3688999938964844,TWN,,,,,,,0,.0200323063402842,2011,,5,8,0,0,0,,,,,,,,
Taiwan Province of China,TWN,2011,,.3834299850463867,.3834299850463867,TWN,,,,,,,0,.0200463638110297,2012,,5,8,0,0,0,,,,,,,,
Taiwan Province of China,TWN,2012,,.3920500183105469,.3920500183105469,TWN,,,,,,,0,.0126111183669548,2013,,5,8,0,0,0,,,,,,,,
Taiwan Province of China,TWN,2013,,.3889500045776367,.3889500045776367,TWN,,,,,,,0,.0101747592683484,2014,,5,8,0,0,0,,,,,,,,
Taiwan Province of China,TWN,2014,,.3748799896240234,.3748799896240234,TWN,,,,,,,0,.0021498668928367,2015,,5,8,0,0,0,,,,,,,,
Taiwan Province of China,TWN,2015,,.3594100189208984,.3594100189208984,TWN,,,,,,,0,.0045963497633644,2016,,5,8,0,0,0,,,,,,,,
Taiwan Province of China,TWN,2016,,.3536399841308594,.3536399841308594,TWN,,,,,,,0,-.0000873914157487,2017,,5,8,0,0,0,,,,,,,,
Taiwan Province of China,TWN,2017,,.3445800018310547,.3445800018310547,TWN,,,,,,,0,.0013905632647325,2018,,5,8,0,0,0,,,,,,,,
Taiwan Province of China,TWN,2018,,.3383100128173828,.3383100128173828,TWN,,,,,,,0,-.0023840374252735,2019,,5,8,0,0,0,,,,,,,,
Taiwan Province of China,TWN,2019,,.3261199951171875,.3261199951171875,TWN,,,,,,,0,.0111355036028764,2020,,5,8,0,0,0,,,,,,,,
Taiwan Province of China,TWN,2020,,.3195800018310547,.3195800018310547,TWN,,,,,,,0,.0075605035855367,2021,,5,8,0,0,0,,,,,,,,
Taiwan Province of China,TWN,2021,,.3008499908447266,.3008499908447266,TWN,,,,,,,0,.0081430624981779,2022,,5,8,0,0,0,,,,,,,,
Taiwan Province of China,TWN,2022,,.2948200035095215,.2948200035095215,TWN,,,,,,,0,.0052749215598003,2023,,5,8,0,0,0,,,,,,,,
Taiwan Province of China,TWN,2023,,.2902000045776367,.2902000045776367,TWN,,,,,,,0,,,,6,8,0,0,0,,,,,,,,
Uganda,UGA,1995,.5757974624633789,,,UGA,,,.0657222003850768,,,,,,,,3,4,0,0,0,,,,,,,,
Uganda,UGA,1996,.5777424621582031,,,UGA,,,.0663879986105874,,,,,,1997,.0001202392578125,3,2,0,0,0,,,,,,,,
Uganda,UGA,1997,.5807998657226563,.4419499969482422,.4419499969482422,UGA,.0433881018621327,.0191753714855596,.0674345868816805,.0866099583672401,.0866099583672401,0,0,.0636162137574584,1998,-.0016770553588867,0,0,1,1,0,0,.0716435334892343,0,.0217883589585711,.0228476540491547,0,.0014655596635833,0
Uganda,UGA,1998,.5795250701904296,.4509299850463867,.4509299850463867,UGA,.0461278703336373,.0208004398797687,.06699820809689,.0877986479766587,.0877986479766587,0,0,.0810498038247407,1999,-.0016584205627441,0,0,1,1,0,0,.0728322230986529,0,.022029078902508,.0216589644397361,0,.0013195519016131,0
Uganda,UGA,1999,.5778247451782227,.4771799850463867,.4771799850463867,UGA,.0547229264415225,.0261126852210602,.0664161651387696,.0925288503598299,.0925288503598299,0,0,.0668867619419378,2000,-.0085085678100586,0,0,1,1,0,0,.0775624254818241,0,.0227998466512862,.0169287620565649,0,.00103142958415,0
Uganda,UGA,2000,.5780010986328125,.4854499816894531,.4854499816894531,UGA,.0584000865743255,.0283503209581688,.0664765331776135,.0948268541357823,.0948268541357823,0,0,.0683653571994055,2001,-.0056955718994141,0,0,1,1,0,0,.0798604292577765,0,.0230205050565579,.0146307582806125,0,.0008114285522305,0
Uganda,UGA,2001,.5762543869018555,.5135200119018555,.5135200119018555,UGA,.0634625272340167,.0325892777405341,.0658786114534896,.0984678891940237,.0984678891940237,0,0,.0888475179797328,2002,.0001684188842773,0,0,1,1,0,0,.0835014643160179,0,.0240841302063438,.0109897232223711,0,.0006530837566103,0
Uganda,UGA,2002,.5728701782226563,.5471099853515625,.5471099853515625,UGA,.0700943608988485,.0383493247645962,.064720153619607,.1030694783842032,.1030694783842032,0,0,.0766614552644126,2003,.0003920745849609,0,0,1,1,0,0,.0881030535061974,0,.0254458986802872,.0063881340321916,0,.0004595561029066,0
Uganda,UGA,2003,.567932243347168,.5513899993896484,.5513899993896484,UGA,.0720337220136928,.0397186739371642,.0630298354737812,.1027485094109453,.1027485094109453,0,0,.0047929869449131,2004,.002761402130127,0,0,1,1,0,0,.0877820845329395,0,.025595598148575,.0067091030054495,0,.0005595972334657,0
Uganda,UGA,2004,.5783844375610352,.4896599960327148,.4896599960327148,UGA,.0548304584770993,.0268482820803684,.0666077549864699,.0934560370668382,.0934560370668382,0,0,-.0044071698205618,2005,.0057632446289062,0,0,1,1,0,0,.0784896121888324,0,.0233384435305306,.0160015753495566,0,.0012873560488396,0
Uganda,UGA,2005,.5793892288208008,.425629997253418,.425629997253418,UGA,.0488507041287656,.0207923250641541,.0669517078619077,.0877440329260618,.0877440329260618,0,0,-.1030241915073332,2006,-.0095622253417968,0,0,1,1,0,0,.072777608048056,0,.0209440954249734,.021713579490333,0,.0016489019660736,0
Uganda,UGA,2006,.5779358291625977,.2775799942016601,.2775799942016601,UGA,.0332125893244203,.0092191503520947,.0664541906047254,.0756733409568201,.0756733409568201,0,0,-.078880255826219,2007,-.0136580467224121,0,0,1,1,0,0,.0607069160788143,0,.0166412280228419,.0337842714595747,0,.0024423611890312,0
Uganda,UGA,2007,.570553207397461,.1697599983215332,.1697599983215332,UGA,.0190014339341171,.0032256833927624,.0639270249275666,.0671527083203291,.0671527083203291,0,0,.0302907933765794,2008,.0037272262573242,0,0,1,1,0,0,.0521862834423233,0,.0145000274556507,.0423049040960657,0,.0030799415424126,0
Uganda,UGA,2008,.5677884674072265,.156540002822876,.156540002822876,UGA,.0175248809422388,.0027433449121686,.0629806191340877,.0657239640462564,.0657239640462564,0,0,.0311899341740072,2009,.0019961738586426,0,0,1,1,0,0,.0507575391682506,0,.0142043698537681,.0437336483701384,0,.0035582758457826,0
Uganda,UGA,2009,.5683967590332031,.1479300022125244,.1479300022125244,UGA,.0180675791743922,.0026727370272428,.0631888451231436,.0658615821503864,.0658615821503864,0,0,.053620778843109,2010,-.0048805427551269,0,0,1,1,0,0,.0508951572723806,0,.0139944859434709,.0435960302660084,0,.0033168557445351,0
Uganda,UGA,2010,.5648065567016601,.1835499954223633,.1835499954223633,UGA,.029523706590465,.0054190762095311,.0619598730323375,.0673789492418686,.0673789492418686,0,0,.0482746523707859,2011,-.0095997238159179,0,0,1,1,0,0,.0524125243638628,0,.0139085659796547,.0420786631745262,0,.002740441680801,0
Uganda,UGA,2011,.5615562438964844,.1795899963378906,.1795899963378906,UGA,.0278687077893747,.0050049411298355,.0608472494654551,.0658521905952907,.0658521905952907,0,0,.038100900038196,2012,.0061333274841309,0,0,1,1,0,0,.0508857657172849,0,.0138155133446288,.0436054218211041,0,.0028124949395278,0
Uganda,UGA,2012,.5543810653686524,.1949099922180176,.1949099922180176,UGA,.0388372071796437,.0075697597491539,.0583910942566575,.0659608540058114,.0659608540058114,0,0,.0434052087097357,2013,-.0113251876831055,0,0,1,1,0,0,.0509944291278056,0,.0132674940396105,.0434967584105834,0,.0041097383972338,0
Uganda,UGA,2013,.5538970947265625,.2207999992370605,.2207999992370605,UGA,.0440694726031939,.0097305395171629,.0582254249274744,.0679559644446373,.0679559644446373,0,0,.0467661777981037,2014,-.0024174499511719,0,0,1,1,0,0,.0529895395666315,0,.0136584730596925,.0415016479717575,0,.0043709708081885,0
Uganda,UGA,2014,.5483552551269532,.2476799964904785,.2476799964904785,UGA,.0485685363991917,.0120294549248995,.0563283824851013,.0683578374100008,.0683578374100008,0,0,.0550477879225142,2015,.0054065132141113,0,0,1,1,0,0,.053391412531995,0,.0140507203733804,.041099775006394,0,.0045940624827792,0
Uganda,UGA,2015,.5475015640258789,.2802199935913086,.2802199935913086,UGA,.0528445998013006,.0148081134176557,.0560361531229364,.0708442665405921,.0708442665405921,0,0,.0516893000525049,2016,.0024529647827148,0,0,1,1,0,0,.0558778416625863,0,.0148421264433101,.0386133458758027,0,.004436907925174,0
Uganda,UGA,2016,.5440023803710937,.3133300018310547,.3133300018310547,UGA,.0477266329143696,.0149541859784495,.0548383378871339,.0697925238655834,.0697925238655834,0,0,.0569409502935288,2017,.0269678497314453,0,0,1,1,0,0,.0548260989875776,0,.0160413072982187,.0396650885508114,0,.0065096779870474,0
Uganda,UGA,2017,.5410932159423828,.3356100082397461,.3356100082397461,UGA,.0503104233800502,.0168846816051238,.0538424937646342,.070727175369758,.070727175369758,0,0,.0540544927285319,2018,.0051354598999024,0,0,1,1,0,0,.0557607504917522,0,.0166011296304718,.0387304370466368,0,.0063908331156934,0
Uganda,UGA,2018,.5341349029541016,.3501800155639648,.3501800155639648,UGA,.0581991765373382,.020380188545655,.0514605743985421,.0718407629441971,.0718407629441971,0,0,.0688980349321328,2019,-.0048577690124512,0,0,1,1,0,0,.0568743380661913,0,.0166563853048154,.0376168494721977,0,.0051300899717762,0
Uganda,UGA,2019,.5310791015625,.379739990234375,.379739990234375,UGA,.0674661128953861,.0256195810520452,.0504145345716695,.0760341156237147,.0760341156237147,0,0,.0918596001916639,2020,-.0073346900939941,0,0,1,1,0,0,.0610676907457089,0,.0174365502719356,.0334234967926801,0,.0052322816267114,0
Uganda,UGA,2020,.53552978515625,.4680400085449219,.4680400085449219,UGA,.0799745521197977,.0374312900575264,.0519380603834799,.0893693504410063,.0893693504410063,0,0,.0796147187488931,2021,-.0031857109069824,0,0,1,1,0,0,.0744029255630005,0,.0210071101905447,.0200882619753885,0,.0033042510409796,0
Uganda,UGA,2021,.5375298690795899,.5034600067138671,.5034600067138671,UGA,.0847954251709537,.0426911053258736,.0526227146436196,.0953138199694932,.0953138199694932,0,0,.0629161035852682,2022,-.0010798454284668,0,0,1,1,0,0,.0803473950914874,0,.0225987239852671,.0141437924469016,0,.0030542148379033,0
Uganda,UGA,2022,.5389613723754882,.4985699844360352,.4985699844360352,UGA,.0820979434689216,.0409315703975307,.0531127364964549,.0940443068939856,.0940443068939856,0,0,.061517670817424,2023,.0027840614318848,0,0,1,1,0,0,.0790778820159798,0,.0224618150118796,.0154133055224092,0,.0032965761054682,0
Uganda,UGA,2023,.5356031036376954,.5038299942016602,.5038299942016602,UGA,.0848843329462087,.0427672729761001,.0519631582356663,.0947304312117665,.0947304312117665,0,0,,,-.0006398582458496,1,0,0,1,0,,,,,.0147271812046283,0,.00323097369124,0
United States,USA,1995,.3169261741638184,,,USA,,,-.022892746364861,,,,,,,,3,4,0,0,0,,,,,,,,
United States,USA,1996,.3143683242797852,,,USA,,,-.0237683310338168,,,,,,,.0017512130737305,3,2,0,0,0,,,,,,,,
United States,USA,1997,.3154704666137695,,,USA,,,-.0233910536428848,,,,,,,-.0003186798095703,3,2,0,0,0,,,,,,,,
United States,USA,1998,.315899600982666,,,USA,,,-.0232441554700587,,,,,,,.0007978820800781,3,2,0,0,0,,,,,,,,
United States,USA,1999,.3166665649414063,,,USA,,,-.0229816139158782,,,,,,,.0056942367553711,3,2,0,0,0,,,,,,,,
United States,USA,2000,.3166700172424317,,,USA,,,-.0229804321491649,,,,,,2001,.0066965484619141,3,2,0,0,0,,,,,,,,
United States,USA,2001,.3172258949279785,.5348500061035156,.5348500061035156,USA,.0490529460061299,.026235968470774,-.0227901481210373,.0034458203497367,.0034458203497367,0,0,.0420700521996761,2002,-.0019916534423828,0,0,1,1,0,.0115206045282691,0,.0072193649593048,0,.1060117920666581,0,.0075983279846169,0
United States,USA,2002,.3167191505432129,.5585900115966796,.5585900115966796,USA,.053489175347337,.0298785190775658,-.0229636131930691,.0069149058844967,.0069149058844967,0,0,.0594136675328677,2003,-.0013254928588867,0,0,1,1,0,.0080515189935091,0,.0050347968630135,0,.1025427065318981,0,.0072212689266431,0
United States,USA,2003,.3170317840576172,.5895600128173828,.5895600128173828,USA,.059437713703206,.0350420992526981,-.022856594749992,.0121855045027061,.0121855045027061,0,0,.118933367316191,2004,-.0032155990600586,0,0,1,1,0,.0027809203752997,0,.0017300300594135,0,.0972721079136887,0,.0065111752860139,0
United States,USA,2004,.3172475242614746,.6643800354003906,.6643800354003906,USA,.0718016180309942,.0477035615292372,-.0227827441240604,.0249208174051769,.0249208174051769,0,0,.0376511134307836,2005,-.0026020812988281,0,0,1,1,0,0,.0099543925271711,0,.0061667952316907,.0845367950112179,0,.0054291000501142,0
United States,USA,2005,.3172020721435547,.6577700042724609,.6577700042724609,USA,.061127832400203,.0402080545790478,-.0227983029642686,.0174097516147792,.0174097516147792,0,0,.0259576348092789,2006,.0219579315185547,0,0,1,1,0,0,.0024433267367734,0,.0015673033567476,.0920478608016156,0,.0059400153097259,0
United States,USA,2006,.3170695495605469,.6453099822998047,.6453099822998047,USA,.0261109187851886,.0168496365391017,-.0228436671362227,-.005994030597121,-.005994030597121,0,0,.0351389613218866,2007,.0751790618896484,0,0,1,1,0,.0209604554751268,0,.0150211410976289,0,.1154516430135158,0,.0071555512984304,0
United States,USA,2007,.3165574645996094,.64947998046875,.64947998046875,USA,.026597816454792,.0172747493115697,-.0230189603556561,-.0057442110440865,-.0057442110440865,0,0,.1040431310128331,2008,.0009163665771484,0,0,1,1,0,.0207106359220923,0,.0148610884675403,0,.1152018234604813,0,.0075202051534167,0
United States,USA,2008,.3148808860778808,.7384400177001953,.7384400177001953,USA,.0373707473768518,.027596055354432,-.0235928745869368,.0040031807674952,.0040031807674952,0,0,.1150674747423455,2009,.0080263519287109,0,0,1,1,0,.0109632441105106,0,.0079547615366707,0,.1054544316488996,0,.0069872370827828,0
United States,USA,2009,.3148122978210449,.8707099914550781,.8707099914550781,USA,.0605776138622789,.0527455336483939,-.0236163532228531,.0291291804255407,.0291291804255407,0,0,.1235167218046878,2010,-.0071377563476562,0,0,1,1,0,0,.0141627555475349,0,.0101751875941793,.0803284319908541,0,.0053766710164861,0
United States,USA,2010,.3132118797302246,.9565100097656249,.9565100097656249,USA,.0633457986093497,.0605908904464404,-.0241641967663656,.0364266936800748,.0364266936800748,0,0,.0803678095281357,2011,.0249826049804687,0,0,1,1,0,0,.021460268802069,0,.0159541966722379,.07303091873632,0,.0051454179596378,0
United States,USA,2011,.3122873306274414,1.000270004272461,1.000270004272461,USA,.0696759981193786,.0696948109365588,-.0244806817270926,.0452141292094662,.0452141292094662,0,0,.0798758341462108,2012,.0017285919189454,0,0,1,1,0,0,.0302477043314604,0,.0225393213159406,.0642434832069286,0,.0050745282092811,0
United States,USA,2012,.3112267684936523,1.036669998168945,1.036669998168945,USA,.0737794337979987,.0764849255002771,-.0248437256846827,.0516411998155944,.0516411998155944,0,0,.0539682511072278,2013,.0044051361083984,0,0,1,1,0,0,.0366747749375886,0,.027490062290951,.0578164126008004,0,.0043875247495284,0
United States,USA,2013,.3108883857727051,1.050149993896484,1.050149993896484,USA,.0761148701873164,.079932030462642,-.0249595584098753,.0549724720527667,.0549724720527667,0,0,.0444938311257811,2014,-.0002787017822266,0,0,1,1,0,0,.0400060471747609,0,.0299759116696445,.0544851403636281,0,.0034500392371114,0
United States,USA,2014,.3103151893615723,1.049420013427734,1.049420013427734,USA,.1051419078165411,.1103380223126521,-.0251557708588627,.0851822514537894,.0851822514537894,0,0,.0461383682958861,2015,-.0653230285644532,0,0,1,1,0,0,.0702158265757836,0,.0480249211428159,.0242753609626054,0,.0015279718198448,0
United States,USA,2015,.3105484008789062,1.054420013427734,1.054420013427734,USA,.1065102838711422,.1123065749496016,-.0250759395792883,.0872306353703132,.0872306353703132,0,0,.0495645369294889,2016,-.0016535186767578,0,0,1,1,0,0,.0722642104923074,0,.0493064466302222,.0222269770460816,0,.0012968852966182,0
United States,USA,2016,.3105181503295898,1.074049987792969,1.074049987792969,USA,.114947692827626,.1234595680783417,-.0250862947284995,.0983732733498422,.0983732733498422,0,0,.035647602244636,2017,-.01234375,0,0,1,1,0,0,.0834068484718364,0,.055879604023926,.0110843390665526,0,.0007092087568957,0
United States,USA,2017,.3073056030273438,1.064029998779297,1.064029998779297,USA,.115258140083215,.1226381186520473,-.0261859906816126,.0964521279704347,.0964521279704347,0,0,.0698357150575194,2018,-.0004380798339844,0,0,1,1,0,0,.0814857030924289,0,.0545568081185958,.0130054844459601,0,.000861185503181,0
United States,USA,2018,.3097026634216309,1.076529998779297,1.076529998779297,USA,.1175416068564603,.1265370658857018,-.0253654463076442,.1011716195780575,.1011716195780575,0,0,.0578382039346866,2019,-.0036468505859375,0,0,1,1,0,0,.0862051947000517,0,.0574022536446108,.0082859928383373,0,.0006167424355124,0
United States,USA,2019,.310248851776123,1.087850036621094,1.087850036621094,USA,.1252419578346563,.1362444684169284,-.0251784790612312,.1110659893556972,.1110659893556972,0,0,.2275329835053231,2020,-.0141867065429688,0,0,1,1,0,0,.0960995644776914,0,.0626273732244289,0,.0016083769393024,0,.000122018867306
United States,USA,2020,.3117410278320312,1.32552001953125,1.32552001953125,USA,.1631218333771817,.2162212557640952,-.0246676881480929,.1915535676160024,.1915535676160024,0,0,.0624638333881115,2021,-.0060363006591796,0,0,1,1,0,0,.1765871427379966,0,.1140145977674415,0,.0820959551996076,0,.0054982753982153
United States,USA,2021,.3105261421203613,1.250479965209961,1.250479965209961,USA,.1509808234386263,.1887984948409047,-.0250835590364948,.1637149358044099,.1637149358044099,0,0,.0579306925941259,2022,.0031724548339843,0,0,1,1,0,0,.1487485109264041,0,.0965123082298069,0,.0542573233880151,0,.0038743029430077
United States,USA,2022,.3117941284179688,1.191449966430664,1.191449966430664,USA,.1419148746963552,.1690844726929843,-.0246495111396415,.1444349615533428,.1444349615533428,0,0,.0890660425766054,2023,-.0011627197265625,0,0,1,1,0,0,.129468536675337,0,.0838523712973147,0,.034977349136948,0,.0028901918727737
United States,USA,2023,.3120192527770996,1.199629974365234,1.199629974365234,USA,.1431945907093077,.1717805231818471,-.0245724481975611,.147208074984286,.147208074984286,0,0,,,-.0003534698486328,1,0,0,1,0,,,,,0,.0377504625678911,0,.0039863428007191
Vietnam,VNM,1995,.517533073425293,,,VNM,,,.0457775562109689,,,,,,,,4,5,0,0,0,,,,,,,,
Vietnam,VNM,1996,.5162381362915039,,,VNM,,,.0453342826988347,,,,,,,.0007506942749023,4,3,0,0,0,,,,,,,,
Vietnam,VNM,1997,.5161201477050781,,,VNM,,,.0452938936994524,,,,,,,.0004582977294922,4,3,0,0,0,,,,,,,,
Vietnam,VNM,1998,.5148905563354492,,,VNM,,,.0448729888765979,,,,,,,.0004714202880859,4,2,0,0,0,,,,,,,,
Vietnam,VNM,1999,.5128756332397461,,,VNM,,,.0441832549783205,,,,,,2000,-.000257682800293,4,2,0,0,0,,,,,,,,
Vietnam,VNM,2000,.5052600860595703,.247549991607666,.247549991607666,VNM,.0339534086738133,.0084051660322541,.0415763559580553,.0499815219903094,.0499815219903094,0,0,.0294757132659072,2001,-.0012889099121093,0,0,1,1,0,0,.0350150971123036,0,.0121096798287679,.0594760904260854,0,.0023006879166392,0
Vietnam,VNM,2001,.5040104675292969,.2542000007629395,.2542000007629395,VNM,.0374661833344266,.0095239038321957,.0411485955824443,.05067249941464,.05067249941464,0,0,.0542718452261695,2002,-.0042365264892578,0,0,1,1,0,0,.0357060745366342,0,.0121973788878487,.0587851130017548,0,.0025381336563778,0
Vietnam,VNM,2002,.503106575012207,.2771100044250489,.2771100044250489,VNM,.0432179658225127,.0119761307003181,.0408391816347033,.0528153123350214,.0528153123350214,0,0,.0644973027214234,2003,-.0041317749023438,0,0,1,1,0,0,.0378488874570156,0,.0127729917300513,.0566423000813734,0,.002481978602806,0
Vietnam,VNM,2003,.5024323654174805,.2983499908447266,.2983499908447266,VNM,.0464151228828391,.0138479514871519,.0406083910834319,.0544563425705838,.0544563425705838,0,0,.0746808248403442,2004,.0008163833618164,0,0,1,1,0,0,.039489917692578,0,.0133590346512831,.055001269845811,0,.0022994217318269,0
Vietnam,VNM,2004,.5003673171997071,.2936300086975098,.2936300086975098,VNM,.046873068268854,.0137633394434626,.0399014987159697,.0536648381594323,.0536648381594323,0,0,.0426023263275706,2005,-.0002768707275391,0,0,1,1,0,0,.0386984132814265,0,.0130805623587086,.0557927742569625,0,.0021112811388195,0
Vietnam,VNM,2005,.4944868850708008,.2866900062561035,.2866900062561035,VNM,.0408860545450101,.0117216232332963,.0378885517283276,.0496101749616239,.0496101749616239,0,0,.0646264376141924,2006,.0179505920410156,0,0,1,1,0,0,.0346437500836181,0,.0123319097737893,.0598474374547709,0,.001737133319031,0
Vietnam,VNM,2006,.490828857421875,.3024799919128418,.3024799919128418,VNM,.0424280630270162,.0128336401612894,.0366363621655196,.049470002326809,.049470002326809,0,0,.0758065973003406,2007,.0061324691772461,0,0,1,1,0,0,.0345035774488032,0,.0124936055603773,.0599876100895858,0,.0017098812427594,0
Vietnam,VNM,2007,.4894194030761719,.3220999908447266,.3220999908447266,VNM,.0435202209595209,.0140178627726222,.0361538879498143,.0501717507224365,.0501717507224365,0,0,.0803101163757608,2008,.0058746337890625,0,0,1,1,0,0,.0352053258444307,0,.0129545242071948,.0592858616939583,0,.0023070673250516,0
Vietnam,VNM,2008,.4855496978759766,.3104500007629394,.3104500007629394,VNM,.044590741335076,.0138431956814944,.0348292384589196,.048672434140414,.048672434140414,0,0,.0944691738575549,2009,-.0019612503051758,0,0,1,1,0,0,.0337060092624082,0,.0123367138923709,.0607851782759808,0,.0023665944512388,0
Vietnam,VNM,2009,.4820911026000976,.3616999816894531,.3616999816894531,VNM,.053900994491832,.0194959887207389,.0336453171433702,.0531413058641091,.0531413058641091,0,0,.0830270073313636,2010,.0004653930664063,0,0,1,1,0,0,.0381748809861033,0,.0139901289660877,.0563163065522857,0,.0024930095942033,0
Vietnam,VNM,2010,.4763706588745117,.372869987487793,.372869987487793,VNM,.0670363355258189,.0249958375887396,.0316871362286052,.0566829738173448,.0566829738173448,0,0,.0946506246297119,2011,-.0193296813964843,0,0,1,1,0,0,.041716548939339,0,.0144816931511392,.05277463859905,0,.0022786256096176,0
Vietnam,VNM,2011,.4744949722290039,.3618500137329101,.3618500137329101,VNM,.0631430203091215,.022848302765993,.0310450647447298,.0538933675107228,.0538933675107228,0,0,.0792518463719652,2012,.0071993255615234,0,0,1,1,0,0,.038926942632717,0,.0137935428846211,.055564244905672,0,.0022993422531976,0
Vietnam,VNM,2012,.4721000671386719,.3833000183105469,.3833000183105469,VNM,.0674247147941525,.0258438944151821,.03022525815882,.0560691525740021,.0560691525740021,0,0,.0714831234935225,2013,.000413818359375,0,0,1,1,0,0,.0411027276959963,0,.0145815291310722,.0533884598423927,0,.0029030939882397,0
Vietnam,VNM,2013,.4687621688842774,.4141299819946289,.4141299819946289,VNM,.0697305783414169,.028877523153006,.0290826529745494,.0579601761275555,.0579601761275555,0,0,.0675039405694068,2014,.0091890716552734,0,0,1,1,0,0,.0429937512495497,0,.0156474578782187,.0514974362888393,0,.003366700835703,0
Vietnam,VNM,2014,.46431396484375,.4364300155639648,.4364300155639648,VNM,.071416348422246,.0311682380534423,.0275599759454613,.0587282139989037,.0587282139989037,0,0,.0484913353297422,2015,.0089481735229492,0,0,1,1,0,0,.0437617891208979,0,.0163185712382612,.0507293984174911,0,.0038666224339009,0
Vietnam,VNM,2015,.4672666168212891,.4611700057983398,.4611700057983398,VNM,.0715736814605769,.0330076350941828,.0285707064110893,.061578341505272,.061578341505272,0,0,.0589630948639591,2016,.0047233963012695,0,0,1,1,0,0,.0466119166272662,0,.0176015373192236,.0478792709111228,0,.003942118083209,0
Vietnam,VNM,2016,.4703087997436524,.4788000106811524,.4788000106811524,VNM,.0636735344612068,.0304868889801325,.0296120844620875,.06009897344222,.06009897344222,0,0,.0415167320075306,2017,.020429801940918,0,0,1,1,0,0,.0451325485642142,0,.0179649491135956,.0493586389741748,0,.0039840008162938,0
Vietnam,VNM,2017,.4706723785400391,.4662099838256836,.4662099838256836,VNM,.0607409787423787,.0283180507170406,.0297365421255574,.058054592842598,.058054592842598,0,0,.0215338904490845,2018,.0019069290161133,0,0,1,1,0,0,.0430881679645922,0,.0172333522949495,.0514030195737968,0,.0040801884563881,0
Vietnam,VNM,2018,.4669317626953125,.4379800033569336,.4379800033569336,VNM,.0562777208359098,.0246485163606324,.0284560815690014,.0531045979296338,.0531045979296338,0,0,.0127859128251764,2019,.0047386932373047,0,0,1,1,0,0,.038138173051628,0,.0154342994163152,.056353014486761,0,.0044047964004212,0
Vietnam,VNM,2019,.4704928588867188,.4099300003051758,.4099300003051758,VNM,.0466759766176871,.0191338831091328,.0296750902564682,.048808973365601,.048808973365601,0,0,.0213313835548978,2020,.008028564453125,0,0,1,1,0,0,.0338425484875952,0,.013967591928231,.0606486390507938,0,.0043389625770879,0
Vietnam,VNM,2020,.4769112396240234,.4131900024414062,.4131900024414062,VNM,.0393928090454773,.0162767148656746,.0318721839202464,.0481488987859211,.0481488987859211,0,0,.0007959277933659,2021,.0102194595336914,0,0,1,1,0,0,.0331824739079153,0,.0140342710379567,.0613087136304737,0,.0044106267714214,0
Vietnam,VNM,2021,.4676346969604492,.3923699951171875,.3923699951171875,VNM,.040059285205138,.015718061540338,.028696704941655,.044414766481993,.044414766481993,0,0,.0035189495675746,2022,.0020367813110352,0,0,1,1,0,0,.0294483416039872,0,.0125149284542646,.0650428459344018,0,.0041719557820782,0
Vietnam,VNM,2022,.4676993179321289,.3492300033569336,.3492300033569336,VNM,.0315716522462892,.0110257682199555,.0287188255252158,.0397445937451713,.0397445937451713,0,0,.0182166587052242,2023,.0043597412109375,0,0,1,1,0,0,.0247781688671655,0,.0106382292510276,.0697130186712235,0,.0036910803423811,0
Vietnam,VNM,2023,.4678103637695312,.3425699996948242,.3425699996948242,VNM,.0305167132309764,.0104541104422226,.0287568379329758,.0392109483751984,.0392109483751984,0,0,,,-.0000216674804687,1,0,0,1,0,,,,,.0702466640411964,0,.0035611184362136,0
South Africa,ZAF,1995,.4200950622558594,,,ZAF,,,.012423281088702,,,,,,,,3,4,0,0,0,,,,,,,,
South Africa,ZAF,1996,.4200566864013672,,,ZAF,,,.0124101445438011,,,,,,,-.0016669464111328,3,2,0,0,0,,,,,,,,
South Africa,ZAF,1997,.4144659805297852,,,ZAF,,,.0104963745527022,,,,,,,-.0053696060180664,3,2,0,0,0,,,,,,,,
South Africa,ZAF,1998,.4144749069213867,,,ZAF,,,.0104994301705022,,,,,,,-.0029250717163086,3,2,0,0,0,,,,,,,,
South Africa,ZAF,1999,.4114846420288086,,,ZAF,,,.0094758243238879,,,,,,2000,.0011717987060547,3,2,0,0,0,,,,,,,,
South Africa,ZAF,2000,.4099090576171875,.3792900085449219,.3792900085449219,ZAF,.0911234336909223,.0345622079432725,.0089364816657934,.0434986896090659,.0434986896090659,0,0,.0419118957876306,2001,.0081376647949219,0,0,1,1,0,0,.0285322647310601,0,.0105949346760233,.0659589228073289,0,.0135056973425877,0
South Africa,ZAF,2001,.4098736953735351,.3804499816894531,.3804499816894531,ZAF,.0918020647281611,.0349260938448829,.0089243767183548,.0438504705632377,.0438504705632377,0,0,-.0093306847831242,2002,-.0010984802246094,0,0,1,1,0,0,.0288840456852319,0,.0106938335465763,.0656071418531571,0,.0122620527468642,0
South Africa,ZAF,2002,.4068614196777344,.3180100059509277,.3180100059509277,ZAF,.0846007211454679,.026903875834923,.0078932362928063,.0347971121277293,.0347971121277293,0,0,.0271783567522604,2003,-.0016251373291016,0,0,1,1,0,0,.0198306872497235,0,.00730975181519,.0746605002886655,0,.0122449540345319,0
South Africa,ZAF,2003,.4094662857055664,.3151399993896484,.3151399993896484,ZAF,.0832369656055962,.0262312972901438,.0087849151879951,.0350162124781388,.0350162124781388,0,0,.0256065659192804,2004,-.0008950042724609,0,0,1,1,0,0,.020049787600133,0,.0073725693320234,.074441399938256,0,.0109904686074537,0
South Africa,ZAF,2004,.4075130844116211,.3073299980163574,.3073299980163574,ZAF,.0817544200842466,.02512558576232,.0081163094504032,.0332418952127232,.0332418952127232,0,0,.0221394847840295,2005,.0029295349121094,0,0,1,1,0,0,.0182754703347174,0,.0067736682778913,.0762157172036716,0,.0103114971642773,0
South Africa,ZAF,2005,.4118708038330078,.2963699913024903,.2963699913024903,ZAF,.0794977229069876,.0235607394465117,.0096080124392279,.0331687518857396,.0331687518857396,0,0,.0175895213302089,2006,-.0036642456054688,0,0,1,1,0,0,.0182023270077338,0,.0066798604465098,.0762888605306552,0,.0081562872511213,0
South Africa,ZAF,2006,.4066522979736328,.2803000068664551,.2803000068664551,ZAF,.0795175581237674,.0222887720880957,.0078216512638332,.0301104233519289,.0301104233519289,0,0,-.0028674089230954,2007,.0004562759399414,0,0,1,1,0,0,.0151439984739231,0,.005564429843014,.0793471890644659,0,.0076139668601981,0
South Africa,ZAF,2007,.4072103118896485,.2432600021362305,.2432600021362305,ZAF,.0755648657981911,.0183819094154919,.0080126665509215,.0263945759664134,.0263945759664134,0,0,.0243393541452132,2008,-.0043871688842773,0,0,1,1,0,0,.0114281510884076,0,.0041489615148641,.0830630364499814,0,.0071195040410941,0
South Africa,ZAF,2008,.4076983261108398,.2404500007629395,.2404500007629395,ZAF,.0756163511628273,.0181819516947925,.0081797200488515,.026361671743644,.026361671743644,0,0,.0483720755660268,2009,-.0016416931152344,0,0,1,1,0,0,.0113952468656382,0,.0041183082212045,.0830959406727508,0,.0066356931884002,0
South Africa,ZAF,2009,.4074338912963867,.269950008392334,.269950008392334,ZAF,.080146606466085,.0216355770881367,.0080892006360749,.0297247777242116,.0297247777242116,0,0,.0710793565001526,2010,.0001568222045898,0,0,1,1,0,0,.0147583528462058,0,.0053360686399157,.0797328346921832,0,.0068572248310579,0
South Africa,ZAF,2010,.406422004699707,.3118499946594238,.3118499946594238,ZAF,.0915885803251405,.0285618982852593,.0077428189362319,.0363047172214912,.0363047172214912,0,0,.0664285821008037,2011,-.0103841781616211,0,0,1,1,0,0,.0213382923434854,0,.0074935481380557,.0731528951949036,0,.0068467619189059,0
South Africa,ZAF,2011,.4038228988647461,.3474200057983399,.3474200057983399,ZAF,.0986711157657408,.0342803196114623,.0068531118285978,.0411334314400601,.0411334314400601,0,0,.053568515624742,2012,-.0008539581298828,0,0,1,1,0,0,.0261670065620543,0,.009166942918584,.0683241809763347,0,.0064526055383599,0
South Africa,ZAF,2012,.4011592864990234,.3740800094604492,.3740800094604492,ZAF,.103817781195672,.0388361565718398,.0059413233119901,.0447774798838299,.0447774798838299,0,0,.063681273293454,2013,.0005502319335937,0,0,1,1,0,0,.0298110550058241,0,.0104599452824371,.0646801325325649,0,.0064314353878557,0
South Africa,ZAF,2013,.401917610168457,.4035599899291992,.4035599899291992,ZAF,.1020697635154415,.0411912727363673,.0062009071848385,.0473921799212058,.0473921799212058,0,0,.0586303231628244,2014,.0131896209716797,0,0,1,1,0,0,.0324257550432,0,.0118050608187458,.062065432495189,0,.0065922491430383,0
South Africa,ZAF,2014,.3993523025512695,.4325299835205078,.4325299835205078,ZAF,.1046436549854318,.0452615183663745,.0053227696386182,.0505842880049927,.0505842880049927,0,0,.0507896603092874,2015,.0070549392700195,0,0,1,1,0,0,.0356178631269869,0,.0132184753742127,.0588733244114021,0,.0064147464174828,0
South Africa,ZAF,2015,.3980145263671875,.4519499969482422,.4519499969482422,ZAF,.1119954016747712,.05061632144513,.0048648317726831,.0554811532178131,.0554811532178131,0,0,.0555043062657558,2016,-.0084515380859375,0,0,1,1,0,0,.0405147283398073,0,.0146933846492677,.0539764591985817,0,.0061406334950128,0
South Africa,ZAF,2016,.3963981628417969,.4713399887084961,.4713399887084961,ZAF,.1074012121442834,.0506224861193654,.0043115299033569,.0549340160227222,.0549340160227222,0,0,.0470697360541895,2017,.018911018371582,0,0,1,1,0,0,.0399675911447164,0,.0152507834939062,.0545235963936726,0,.0064718660731934,0
South Africa,ZAF,2017,.3957162857055664,.485880012512207,.485880012512207,ZAF,.1176231280071806,.0571507269078538,.0040781146547444,.0612288415625983,.0612288415625983,0,0,.0584038572576221,2018,-.0173790740966797,0,0,1,1,0,0,.0462624166845925,0,.0168487571912693,.0482287708537965,0,.00607245077085,0
South Africa,ZAF,2018,.3975391769409179,.515359992980957,.515359992980957,ZAF,.1237826789815314,.0637926405710861,.0047021135957343,.0684947541668204,.0684947541668204,0,0,.0730587365243746,2019,-.0059432601928711,0,0,1,1,0,0,.0535283292888146,0,.0191768674226505,.0409628582495744,0,.0052389667292376,0
South Africa,ZAF,2019,.3971746063232422,.5610100173950195,.5610100173950195,ZAF,.1308452010849305,.0734054685367117,.0045773164191755,.0779827849558872,.0779827849558872,0,0,.120605717289572,2020,.0000732040405274,0,0,1,1,0,0,.0630163600778814,0,.02258062838326,.0314748274605076,0,.0042640845602254,0
South Africa,ZAF,2020,.3964806365966797,.68927001953125,.68927001953125,ZAF,.1518561767197031,.1046699098935307,.0043397617225177,.1090096716160484,.1090096716160484,0,0,.0786010519873896,2021,-.0028193664550781,0,0,1,1,0,0,.0940432467380426,0,.0334333385260097,.0004479408003464,0,.000073211093498,0
South Africa,ZAF,2021,.3961592102050781,.6881900024414063,.6881900024414063,ZAF,.1494301374623766,.1028363266650526,.0042297333653257,.1070660600303783,.1070660600303783,0,0,.0713380917130088,2022,.0054938125610351,0,0,1,1,0,0,.0920996351523725,0,.0332483428101598,.0023915523860165,0,.0003715135644087,0
South Africa,ZAF,2022,.3950667190551758,.7071499633789062,.7071499633789062,ZAF,.1552940865635135,.1098162076263492,.0038557596979124,.1136719673242617,.1136719673242617,0,0,.0658109281383838,2023,-.0055224990844727,0,0,1,1,0,0,.0987055424462559,0,.0350880009381658,0,.0042143549078669,0,.0006863060022843
South Africa,ZAF,2023,.3946477508544922,.7322000122070312,.7322000122070312,ZAF,.1587050437830596,.1162038349952736,.0037123415342475,.1199161765295211,.1199161765295211,0,0,,,.001344223022461,1,0,0,1,0,,,,,0,.0104585641131263,0,.0019097537791226
Zambia,ZMB,1995,.4960438919067383,,,ZMB,,,.0384215350451032,,,,,,,,3,4,0,0,0,,,,,,,,
Zambia,ZMB,1996,.4965056610107422,,,ZMB,,,.0385796045043734,,,,,,,.0000845336914063,3,2,0,0,0,,,,,,,,
Zambia,ZMB,1997,.4957125473022461,,,ZMB,,,.0383081115570223,,,,,,,.0021638870239258,3,2,0,0,0,,,,,,,,
Zambia,ZMB,1998,.4984552383422852,,,ZMB,,,.0392469697133712,,,,,,,.0021709632873535,3,2,0,0,0,,,,,,,,
Zambia,ZMB,1999,.4981036758422852,,,ZMB,,,.0391266253815551,,,,,,2000,.0007261848449707,3,2,0,0,0,,,,,,,,
Zambia,ZMB,2000,.4987039947509765,2.609639892578125,2.609639892578125,ZMB,.4080542167111135,1.064874562264041,.0393321222077041,1.104206684471745,1.104206684471745,0,0,.1654315416641834,2001,.0008612632751465,0,0,1,1,0,0,1.08924025959374,0,.3440279041425724,0,.9947490720553505,0,.120767976622574
Zambia,ZMB,2001,.4992551040649414,2.102429962158203,2.102429962158203,ZMB,.3306265478334793,.6951191604500393,.0395207739613659,.7346399344114052,.7346399344114052,0,0,.1464998571907367,2002,.0008549118041992,0,0,1,1,0,0,.7196735095333994,0,.2279184322024054,0,.6251823219950103,0,.0633397224479088
Zambia,ZMB,2002,.5191326141357422,1.802440032958984,1.802440032958984,ZMB,.2747781124900331,.4952710701329429,.0463250994159797,.5415961695489225,.5415961695489225,0,0,.2031225427261281,2003,.0007585906982422,0,0,1,1,0,0,.5266297446709167,0,.1671815499076838,0,.4321385571325277,0,.0669972110758781
Zambia,ZMB,2003,.5170325088500977,1.594579925537109,1.594579925537109,ZMB,.2379911744555706,.3794959492418529,.0456062065666448,.4251021558084977,.4251021558084977,0,0,.0700801428415237,2004,.014478816986084,0,0,1,1,0,0,.4101357309304919,0,.136138155647208,0,.3156445433921029,0,.0489988683645288
Zambia,ZMB,2004,.5110336303710937,1.299140014648438,1.299140014648438,ZMB,.2038594953812126,.2648420278157717,.0435527138812716,.3083947416970433,.3083947416970433,0,0,-.3515977525491943,2005,-.0170629501342773,0,0,1,1,0,0,.2934283168190375,0,.0923921980333301,0,.1989371292806485,0,.0289246389258009
Zambia,ZMB,2005,.5068035888671875,.7574800109863281,.7574800109863281,ZMB,.1286807524137123,.0974730977520678,.0421047166735438,.1395778144256115,.1395778144256115,0,0,-.4484121651805291,2006,-.0105401611328125,0,0,1,1,0,0,.1246113895476057,0,.0379231441283814,0,.0301202020092167,0,.0034876970392473
Zambia,ZMB,2006,.5065764236450195,.2500600051879883,.2500600051879883,ZMB,.0535884378691345,.013400325051572,.042026955117992,.055427280169564,.055427280169564,0,0,.0182751541660031,2007,-.003609390258789,0,0,1,1,0,0,.0404608552915582,0,.0121674650082414,.0540303322468308,0,.0024060060282791,0
Zambia,ZMB,2007,.5066712951660156,.2192099952697754,.2192099952697754,ZMB,.046290139210639,.0101472611974014,.042059430850764,.0522066920481654,.0522066920481654,0,0,.0096333427983767,2008,.0058440589904785,0,0,1,1,0,0,.0372402671701596,0,.0114165979689646,.0572509203682294,0,.0041802932484189,0
Zambia,ZMB,2008,.5052599716186523,.1919199943542481,.1919199943542481,ZMB,.0398709400551897,.0076520305902906,.0415763167834681,.0492283473737587,.0492283473737587,0,0,.044672001068063,2009,.0068079376220703,0,0,1,1,0,0,.0342619224957529,0,.0107367919287377,.0602292650426361,0,.0045388313267742,0
Zambia,ZMB,2009,.5056945037841797,.2052199935913086,.2052199935913086,ZMB,.0425167780038351,.0087252929094701,.0417250626909895,.0504503556004596,.0504503556004596,0,0,.0323085226437113,2010,-.0019333457946777,0,0,1,1,0,0,.0354839307224538,0,.0110511346920161,.0590072568159352,0,.0050015675360876,0
Zambia,ZMB,2010,.505610466003418,.1889800071716309,.1889800071716309,ZMB,.0432966143302034,.0081821944866292,.0416962954858038,.049878489972433,.049878489972433,0,0,.0550835187002405,2011,-.0072355270385742,0,0,1,1,0,0,.0349120650944272,0,.010620425358692,.0595791224439618,0,.005369514318499,0
Zambia,ZMB,2011,.5028678894042968,.208080005645752,.208080005645752,ZMB,.0443471419171415,.0092277535404918,.0407574765040421,.0499852300445339,.0499852300445339,0,0,.0787950768559642,2012,.0073258018493652,0,0,1,1,0,0,.0350188051665281,0,.0109094370518011,.0594723823718609,0,.0031807534741773,0
Zambia,ZMB,2012,.5015525436401367,.2492000007629395,.2492000007629395,ZMB,.0484600321147686,.0120762400399724,.0403072168571943,.0523834568971667,.0523834568971667,0,0,.049485025180628,2013,.0062949180603027,0,0,1,1,0,0,.0374170320191609,0,.0118920957778241,.0570741555192281,0,.0040390000862063,0
Zambia,ZMB,2013,.4994434356689453,.2590900039672852,.2590900039672852,ZMB,.0508713606283792,.013180261027028,.039585242273668,.0527655033006959,.0527655033006959,0,0,.1146559439414344,2014,.0003579902648926,0,0,1,1,0,0,.0377990784226901,0,.0120270516596911,.0566921091156989,0,.0047401537917574,0
Zambia,ZMB,2014,.4977223968505859,.3385699844360351,.3385699844360351,ZMB,.0585495187508701,.0198231096522194,.038996108715268,.0588192183674875,.0588192183674875,0,0,.3405945604279169,2015,.0118364524841308,0,0,1,1,0,0,.0438527934894817,0,.0144723067898741,.0506383940489073,0,.005954935690625,0
Zambia,ZMB,2015,.4972091293334961,.6186899948120117,.6186899948120117,ZMB,.1064065009591331,.0658326375263704,.038820410691767,.1046530482181374,.1046530482181374,0,0,.1019626134241167,2016,-.0117705917358398,0,0,1,1,0,0,.0896866233401316,0,.0285427309282467,.0048045641982574,0,.000729259639766,0
Zambia,ZMB,2016,.4969881057739258,.6115399932861328,.6115399932861328,ZMB,.0987846760958735,.0604107801564433,.0387447515057273,.0991555316621705,.0991555316621705,0,0,.1474561965977176,2017,.0150637435913086,0,0,1,1,0,0,.0841891067841647,0,.0280613516669952,.0103020807542243,0,.0019472101387239,0
Zambia,ZMB,2017,.4953871154785156,.6660600280761719,.6660600280761719,ZMB,.1084432404540821,.072229707781517,.0381967120892789,.1104264198707959,.1104264198707959,0,0,.2409158272541882,2018,-.0013416290283203,0,0,1,1,0,0,.0954599949927901,0,.0316900170656227,0,.000968807454401,0,.0002212041121302
Zambia,ZMB,2018,.494953498840332,.8116500091552734,.8116500091552734,ZMB,.1304361063038504,.1058684668756984,.038048279578455,.1439167464541534,.1439167464541534,0,0,.3165851198116604,2019,.0005972290039062,0,0,1,1,0,0,.1289503215761476,0,.0428848706734239,0,.0344591340377586,0,.0084480225905275
Zambia,ZMB,2019,.489835319519043,1.033320007324219,1.033320007324219,ZMB,.1699646140236874,.1756278362078147,.0362962614578211,.2119240976656358,.2119240976656358,0,0,.5170610979258204,2020,-.0076417541503906,0,0,1,1,0,0,.19695767278763,0,.0639969006919084,0,.102466485249241,0,.0346859082514098
Zambia,ZMB,2020,.4884543991088867,1.400010070800781,1.400010070800781,ZMB,.2288042691188582,.3203282810086137,.0358235547725193,.3561518357811329,.3561518357811329,0,0,.0763041703255792,2021,-.0059698867797852,0,0,1,1,0,0,.3411854109031271,0,.1088235742707685,0,.2466942233647381,0,.0722872025166213
Zambia,ZMB,2021,.4881558609008789,1.110469970703125,1.110469970703125,ZMB,.1823403164319208,.2024834458461536,.0357213613327631,.2382048071789167,.2382048071789167,0,0,.0004023595434378,2022,.0063220596313476,0,0,1,1,0,0,.2232383823009109,0,.0726148359525686,0,.1287471947625219,0,.0350171187249367
Zambia,ZMB,2022,.4864089965820312,.9947599792480468,.9947599792480468,ZMB,.1619762805764771,.1611275215049322,.0351233873758563,.1962509088807885,.1962509088807885,0,0,.4615680308647879,2023,.0084666061401367,0,0,1,1,0,0,.1812844840027827,0,.0605029634977778,0,.0867932964643937,0,.0265493891306344
Zambia,ZMB,2023,.4845816421508789,1.290579986572266,1.290579986572266,ZMB,.2069605557930212,.2670991513163459,.0344978606259665,.3015970119423124,.3015970119423124,0,0,,,.0016292190551758,1,0,0,1,0,,,,,0,.1921393995259176,0,.0534159096690521
