country_name,iso3,year,bond_spreads,readiness100,debt_gdp,CurrentGDP,ConstantGDP,interest_revenue,wsdi_days,wsdi_merge,country_id,duplicate_key,spread_lag,b_pre,ln_constantgdp,ln_constantgdp_lag,T_it,T_lead,outcome_year,b_outcome_common,A_outcome_common,spread_missing_count,eligible_spread,sample_spread,tax_missing_count,eligible_tax,sample_tax,mA_hat_spread_ratio,mA_hat,spread_saving_component,TA_hat,theta_hat_A,theta_constructible,sample_theta_support,mA_hat_se,TA_hat_se
Australia,AUS,1995,.0262286996841431,.5829214096069336,.3109700012207031,379.79401,1155.7791,.0677430772781372,.0827267262040537,Matched (3),AUS,0,,,7.052529900111876,,,1.039684026707669,1996,-.0179700088500976,,3,0,0,2,0,0,,,,,,0,0,,
Australia,AUS,1996,.0176441895961761,.5860774612426758,.2929999923706055,425.32101,1201.645,.0630793714523315,.0508710866766693,Matched (3),AUS,0,.0262286996841431,.3109700012207031,7.091446746628972,7.052529900111876,1.039684026707669,1.047234443018177,1997,-.0343599891662598,.0031560516357422,1,0,0,1,0,0,,,,,,0,0,,
Australia,AUS,1997,.0059797602891922,.587919807434082,.2586400032043457,427.11301,1258.4041,.0529903936386108,.0429568720750743,Matched (3),AUS,0,.0176441895961761,.2929999923706055,7.137599572284317,7.091446746628972,1.047234443018177,1.046874402818705,1998,-.0220700073242188,.0018423461914062,1,0,0,1,0,0,,,,,,0,0,,
Australia,AUS,1998,.0021465699374676,.5919098281860351,.2365699958801269,382.15701,1317.391,.0403354978561401,.1308506991599911,Matched (3),AUS,0,.0059797602891922,.2586400032043457,7.183408537873615,7.137599572284317,1.046874402818705,1.044204784866513,1999,-.0115299987792969,.0039900207519531,1,0,0,1,0,0,,,,,,0,0,,
Australia,AUS,1999,.0037617000937462,.5988552093505859,.2250399971008301,412.70099,1375.626,.0265623736381531,.0409553859285239,Matched (3),AUS,0,.0021465699374676,.2365699958801269,7.226664162185063,7.183408537873615,1.044204784866513,1.031083327831577,2000,-.0304599952697754,.0069453811645508,1,0,0,1,0,0,,,,,,0,0,,
Australia,AUS,2000,.0028916499018669,.6069406127929687,.1945800018310547,401.043,1418.385,.0185470128059387,.0339377581145743,Matched (3),AUS,0,.0037617000937462,.2250399971008301,7.257274186293002,7.226664162185063,1.031083327831577,1.025835046702027,2001,-.0238199996948242,.0080854034423828,0,1,1,0,1,1,.0109993427917273,.0109993427917273,.0024752920699613,-.029396138092943,-.0269208460229816,1,1,.0154018385442934,.0229876461356055
Australia,AUS,2001,.0061443400382996,.6124575042724609,.1707600021362305,378.776,1455.0291,.0201542520523071,.0665962926966363,Matched (3),AUS,0,.0028916499018669,.1945800018310547,7.282781146921279,7.257274186293002,1.025835046702027,1.041474049712079,2002,-.020910005569458,.0055168914794922,0,1,1,0,1,1,.0093394762603613,.0093394762603613,.0018172753078422,-.0258200587881519,-.0240027834803098,1,1,.0152233056177269,.0228378669695872
Australia,AUS,2002,.0125736904144287,.6151788330078125,.1498499965667724,426.22699,1515.375,.0187742519378662,.1760760325028979,Matched (3),AUS,0,.0061443400382996,.1707600021362305,7.323418212066747,7.282781146921279,1.041474049712079,1.030179349815433,2003,-.0181999969482422,.0027213287353516,0,1,1,0,1,1,.0083979451907952,.0083979451907952,.0014340331387201,-.013832128624558,-.0123980954858378,1,1,.0150124532527942,.0232580993203729
Australia,AUS,2003,.0137061405181885,.6199591827392578,.1316499996185303,542.02399,1561.108,.0081334781646729,.0797213754119544,Matched (3),AUS,0,.0125736904144287,.1498499965667724,7.353151125184515,7.323418212066747,1.030179349815433,1.041029207504154,2004,-.0127700042724609,.0047803497314453,0,1,1,0,1,1,.0067540497422804,.0067540497422804,.0010120943306925,-.0243828743806893,-.0233707800499968,1,1,.0153444793403326,.0228132914589051
Australia,AUS,2004,.0133891904354095,.6290117645263672,.1188799953460693,659.797,1625.1591,-.0003046922571957,.0931815298227914,Matched (3),AUS,0,.0137061405181885,.1316499996185303,7.393360971584323,7.353151125184515,1.041029207504154,1.030403724755607,2005,-.0104799938201904,.0090525817871094,0,1,1,0,1,1,.0057365618455888,.0057365618455888,.0007552183647834,-.0229089999327426,-.0221537815679591,1,1,.0153963641786605,.0228094340001979
Australia,AUS,2005,.0106144094467163,.6338233566284179,.1084000015258789,737.70898,1674.5699,-.0039476591348648,.1843283135438788,Matched (3),AUS,0,.0133891904354095,.1188799953460693,7.42331166280949,7.393360971584323,1.030403724755607,1.026362003945597,2006,-.0092000007629394,.0048115921020507,0,1,1,0,1,1,.0053696379600118,.0053696379600118,.0006383425356963,-.0129285114896918,-.0122901689539955,1,1,.0154132747729235,.0233462048630815
Australia,AUS,2006,.0079932397603989,.6775400543212891,.0992000007629395,784.87402,1718.715,-.0083878266811371,.0685514350502655,Matched (3),AUS,0,.0106144094467163,.1084000015258789,7.449332177684408,7.42331166280949,1.026362003945597,1.043573260335633,2007,-.0027299976348877,.0437166976928711,0,1,1,0,1,1,.0042591153898791,.0042591153898791,.0004616881147618,-.0256059725103012,-.0251442843955394,1,1,.0156530308143301,.0228329054321301
Australia,AUS,2007,.0136185598373413,.6845761108398437,.0964700031280518,951.94202,1793.605,-.0053767955303192,.1206501451474985,Matched (3),AUS,0,.0079932397603989,.0992000007629395,7.491982829114191,7.449332177684408,1.043573260335633,1.026640192763842,2008,.0206199932098389,.0070360565185547,0,1,1,0,1,1,.0039371498236203,.0039371498236203,.0003905652655069,-.0199012119823333,-.0195106467168264,1,1,.0155666319159604,.0228686021101708
Australia,AUS,2008,.0217819690704346,.6924519348144531,.1170899963378906,1059.505,1841.387,-.000914886072278,.0579952602170949,Matched (3),AUS,0,.0136185598373413,.0964700031280518,7.518274350830108,7.491982829114191,1.026640192763842,1.019769378683299,2009,.0485700035095215,.0078758239746094,0,1,1,0,1,1,.0035098529201212,.0035098529201212,.0003385955221831,-.026761863882702,-.0264232683605189,1,1,.0157873085953917,.0228650887043337
Australia,AUS,2009,.0190714204311371,.6840602111816406,.1656599998474121,1004.22,1877.79,.0011487650871277,.1729341976560395,Matched (3),AUS,0,.0217819690704346,.1170899963378906,7.537850853231881,7.518274350830108,1.019769378683299,1.0242843721608,2010,.0372200012207031,-.0083917236328125,0,1,1,0,1,1,.0052155525435207,.0052155525435207,.0006106890282209,-.0141761566318983,-.0135654676036774,1,1,.0154108390551478,.023226566507301
Australia,AUS,2010,.0218759703636169,.6909468841552734,.2028800010681152,1258.45,1923.391,.0073728650808334,.0662896447305022,Matched (3),AUS,0,.0190714204311371,.1656599998474121,7.561845048483976,7.537850853231881,1.0242843721608,1.027505615330488,2011,.0367399978637695,.0068866729736328,0,1,1,0,1,1,.0076305365666333,.0076305365666333,.0012640746864641,-.0258536364565802,-.024589561770116,1,1,.0153370137277635,.0228386864010619
Australia,AUS,2011,.0212405610084534,.6945819854736328,.2396199989318848,1520.441,1976.295,.0138893270492554,.0501844188552992,Matched (3),AUS,0,.0218759703636169,.2028800010681152,7.588979180899133,7.561845048483976,1.027505615330488,1.038745176054887,2012,.0345800018310547,.0036351013183594,0,1,1,0,1,1,.0097598635587093,.0097598635587093,.0019800811292156,-.0276171437813372,-.0256370626521216,1,1,.0153126615216474,.0228974062638665
Australia,AUS,2012,.0162369894981384,.6979860687255859,.2742000007629394,1575.9301,2052.8669,.0194945406913757,.0608643193258101,Matched (3),AUS,0,.0212405610084534,.2396199989318848,7.626992604085389,7.588979180899133,1.038745176054887,1.022434564466163,2013,.0291300010681153,.0034040832519531,0,1,1,0,1,1,.0119746058081862,.0119746058081862,.0028693550309673,-.0264477045661803,-.023578349535213,1,1,.0151648954170668,.0228550321129195
Australia,AUS,2013,.0137189996242523,.7084961700439453,.3033300018310547,1526.608,2098.9221,.0219707846641541,.1862538745485503,Matched (3),AUS,0,.0162369894981384,.2742000007629394,7.649179215340286,7.626992604085389,1.022434564466163,1.025586863607099,2014,.0356000137329102,.0105101013183594,0,1,1,0,1,1,.0145489854666593,.0145489854666593,.003989331826058,-.0127176643421685,-.0087283325161105,1,1,.0145766744020307,.0233678573912222
Australia,AUS,2014,.0110953998565674,.7096913146972657,.3389300155639648,1463.0909,2152.627,.0248166942596436,.1307058555339945,Matched (3),AUS,0,.0137189996242523,.3033300018310547,7.674444213947107,7.649179215340286,1.025586863607099,1.023201461695149,2015,.0368199920654297,.0011951446533204,0,1,1,0,1,1,.0160331069576205,.0160331069576205,.0048633223628125,-.0188001210035644,-.0139367986407519,1,1,.0147117752900425,.0229126602663921
Australia,AUS,2015,.0058648902177811,.7059880065917968,.3757500076293945,1238.863,2202.571,.0265594959259033,.127958179387553,Matched (3),AUS,0,.0110953998565674,.3389300155639648,7.697380613781308,7.674444213947107,1.023201461695149,1.027033836411216,2016,.0288499832153321,-.0037033081054688,0,1,1,0,1,1,.0181235089483432,.0181235089483432,.0061426011699356,-.019100988998081,-.0129583878281454,1,1,.0147729224404353,.0228994359659561
Australia,AUS,2016,.0053299200534821,.7049276733398437,.4045999908447266,1267.66,2262.115,.0258846569061279,.1685088971458298,Matched (3),AUS,0,.0058648902177811,.3757500076293945,7.724055491031359,7.697380613781308,1.027033836411216,1.023874163669297,2017,.0057900238037109,-.0010603332519531,0,1,1,0,1,1,.0204698377001048,.0204698377001048,.0076915416719868,-.0146607229412738,-.0069691812692869,1,1,.0146790556495629,.023184046454236
Australia,AUS,2017,.0033318600058556,.6910182952880859,.4103900146484375,1386.3669,2316.1211,.0248239135742187,.1617828865241313,Matched (3),AUS,0,.0053299200534821,.4045999908447266,7.747649123055741,7.724055491031359,1.023874163669297,1.027886232200591,2018,.0055899810791016,-.0139093780517578,0,1,1,0,1,1,.0221447748923582,.0221447748923582,.0089597757187067,-.0153972148780942,-.0064374391593876,1,1,.0148184904641324,.0231236877677145
Australia,AUS,2018,-.002247180044651,.6957149505615234,.4159799957275391,1422.597,2380.709,.0237605333328247,.1504304168379034,Matched (3),AUS,0,.0033318600058556,.4103900146484375,7.775153614898869,7.747649123055741,1.027886232200591,1.019740377365921,2019,.0493099975585937,.0046966552734375,0,1,1,0,1,1,.0224384434285152,.0224384434285152,.0092085131273165,-.0166402997997761,-.0074317866724596,1,1,.0149043188749398,.0230335890537288
Australia,AUS,2019,-.0063495802879333,.6934119415283203,.4652899932861328,1391.9871,2427.7051,.0238628768920898,,Master only (1),AUS,0,-.002247180044651,.4159799957275391,7.794701677802087,7.775153614898869,1.019740377365921,.9795716561342253,2020,.1038100051879883,-.0023030090332031,1,0,0,1,0,0,,,,,,0,0,,
Australia,AUS,2020,.0003610099852085,.6805802154541015,.5690999984741211,1366.6689,2378.1111,.0251923823356628,,Master only (1),AUS,0,-.0063495802879333,.4652899932861328,7.774061789357503,7.794701677802087,.9795716561342253,1.053582360195726,2021,-.0153799819946289,-.0128317260742188,1,0,0,1,0,0,,,,,,0,0,,
Australia,AUS,2021,.0006467799842358,.6939528656005859,.5537200164794922,1660.123,2505.5359,.0239012241363525,,Master only (1),AUS,0,.0003610099852085,.5690999984741211,7.826257918253239,7.774061789357503,1.053582360195726,1.042080841496004,2022,-.0532700347900391,.0133726501464844,1,0,0,1,0,0,,,,,,0,0,,
Australia,AUS,2022,.0024293300509453,.6931456756591797,.5004499816894531,1731.233,2610.9709,.0211473512649536,,Master only (1),AUS,0,.0006467799842358,.5537200164794922,7.867477441584609,7.826257918253239,1.042080841496004,1.021351087943312,2023,-.0062899780273437,-.0008071899414062,1,0,0,1,0,0,,,,,,0,0,,
Australia,AUS,2023,.0000173500005621,.6933090972900391,.4941600036621094,1748.175,2666.718,.0201537108421326,,Master only (1),AUS,0,.0024293300509453,.5004499816894531,7.888603788400254,7.867477441584609,1.021351087943312,,,,.0001634216308594,1,0,0,2,0,0,,,,,,0,0,,
Austria,AUT,1995,.0057840400934219,.6027582168579102,.6823799896240235,239.914,261.84201,.0650598573684692,.0735143113136291,Matched (3),AUT,0,,,5.567741308509181,,,1.023983923616198,1996,-.0005799865722657,,3,0,0,2,0,0,,,,,,0,0,,
Austria,AUT,1996,-.0010305800288916,.6091216278076171,.6818000030517578,236.04401,268.12201,.0645924663543701,.0778975284099579,Matched (3),AUT,0,.0057840400934219,.6823799896240235,5.5914421354097,5.567741308509181,1.023983923616198,1.021456614987192,1997,-.0480699920654297,.0063634109497069,1,0,0,1,0,0,,,,,,0,0,,
Austria,AUT,1997,-.0064793801307678,.6105945205688477,.6337300109863281,211.978,273.875,.0605323505401611,.1073175525665283,Matched (3),AUT,0,-.0010305800288916,.6818000030517578,5.61267179791563,5.5914421354097,1.021456614987192,1.03493194371149,1998,.058239974975586,.0014728927612305,1,0,0,1,0,0,,,,,,0,0,,
Austria,AUT,1998,-.0054932999610901,.6114191055297852,.6919699859619141,217.36301,283.44199,.0556254482269287,.2325909328460694,Matched (3),AUT,0,-.0064793801307678,.6337300109863281,5.647007467602892,5.61267179791563,1.03493194371149,1.03761622605589,1999,-.0785699844360351,.0008245849609375,1,0,0,1,0,0,,,,,,0,0,,
Austria,AUT,1999,-.0093682897090912,.6154182434082032,.6134000015258789,216.63699,294.104,.0595141124725342,.1135143876075745,Matched (3),AUT,0,-.0054932999610901,.6919699859619141,5.683933459565374,5.647007467602892,1.03761622605589,1.031896816502719,2000,.0476900100708008,.003999137878418,1,0,0,1,0,0,,,,,,0,0,,
Austria,AUT,2000,-.0046363100409508,.6191512298583984,.6610900115966797,196.26801,303.48499,.0561751747131348,.182256441116333,Matched (3),AUT,0,-.0093682897090912,.6134000015258789,5.715332137617017,5.683933459565374,1.031896816502719,1.013170369113034,2001,.0112899780273438,.0037329864501953,0,1,1,0,1,1,.0345607269460136,.0345607269460136,.0211995499614202,-.0131553796025796,.0080441703588406,1,1,.0165065642348703,.0233233681943853
Austria,AUT,2001,.0008951599895954,.6275384521484375,.6723799896240235,196.479,307.48199,.0525800848007202,.0964376544952393,Matched (3),AUT,0,-.0046363100409508,.6610900115966797,5.72841653147988,5.715332137617017,1.013170369113034,1.01484313046309,2002,.0020200347900391,.0083872222900391,0,1,1,0,1,1,.0370121982929574,.0370121982929574,.0244683945987098,-.0225524572952981,.0019159373034117,1,1,.0179210169922614,.0228117501135433
Austria,AUT,2002,.0037111800909042,.634068717956543,.6744000244140625,212.687,312.04599,.0520663118362427,.2171391296386719,Matched (3),AUT,0,.0008951599895954,.6723799896240235,5.743150580761461,5.72841653147988,1.01484313046309,1.011415021609031,2003,-.010279998779297,.0065302658081055,0,1,1,0,1,1,.0381914629911876,.0381914629911876,.025679175489741,-.0093357575002234,.0163434179895176,1,1,.0170624993944094,.0237705764721544
Austria,AUT,2003,.001381009966135,.6313937377929687,.6641200256347656,260.71399,315.608,.0485137414932251,.3156557559967041,Matched (3),AUT,0,.0037111800909042,.6744000244140625,5.754500942607804,5.743150580761461,1.011415021609031,1.025652100887627,2004,-.005,-.0026749801635743,0,1,1,0,1,1,.0387291456599229,.0387291456599229,.0261189367785878,.0014517218893232,.0275706586679109,1,1,.0167882650526047,.0256965399447054
Austria,AUT,2004,-.0013185000419617,.6373421859741211,.6591200256347656,299.07501,323.70401,.0465417718887329,.1080124831199646,Matched (3),AUT,0,.001381009966135,.6641200256347656,5.77982954889923,5.754500942607804,1.025652100887627,1.023203253885852,2005,.0351599884033204,.0059484481811524,0,1,1,0,1,1,.0372402702879737,.0372402702879737,.0247320092582947,-.021285024275688,.0034469849826067,1,1,.0178387205343583,.0228302228251795
Austria,AUT,2005,-.008858739733696,.6465612030029297,.6942800140380859,314.12601,331.215,.0490587568283081,.1487309050559998,Matched (3),AUT,0,-.0013185000419617,.6591200256347656,5.80276770028403,5.77982954889923,1.023203253885852,1.032694805879859,2006,-.0125199890136719,.0092190170288087,0,1,1,0,1,1,.0371179691314982,.0371179691314982,.0244651967654635,-.0168263947666597,.0076388019988039,1,1,.0173707832001411,.023021382655193
Austria,AUT,2006,-.0099460798501968,.6764082336425781,.681760025024414,333.92401,342.04401,.0486421585083008,.2446134424209595,Matched (3),AUT,0,-.008858739733696,.6942800140380859,5.834939402316035,5.80276770028403,1.032694805879859,1.037752435783484,2007,-.0236299896240234,.0298470306396483,0,1,1,0,1,1,.0396012772036983,.0396012772036983,.0274943752929098,-.0063273456834832,.0211670296094266,1,1,.0172283185832483,.0242135093175207
Austria,AUT,2007,-.0042350998520851,.6878566741943359,.6581300354003906,386.806,354.957,.0463464784622192,.3416373825073242,Matched (3),AUT,0,-.0099460798501968,.681760025024414,5.871996657441824,5.834939402316035,1.037752435783484,1.014534145182053,2008,.0371499633789063,.0114484405517579,0,1,1,0,1,1,.0392740765749967,.0392740765749967,.0267754954285805,.0042966859410927,.0310721813696732,1,1,.0168827405608324,.0263485753862711
Austria,AUT,2008,.0072076398134232,.6849156951904297,.6952799987792969,429.18701,360.116,.0455634498596191,.1467699980735779,Matched (3),AUT,0,-.0042350998520851,.6581300354003906,5.886426194312497,5.871996657441824,1.014534145182053,.9641365320029244,2009,.1122399902343749,-.0029409790039062,0,1,1,0,1,1,.0370511851616382,.0370511851616382,.0243844978020553,-.0170411122660269,.0073433855360284,1,1,.0173741837000685,.0230077156105743
Austria,AUT,2009,.0069029599428177,.6682797241210937,.8075199890136718,398.85699,347.20099,.0470772314071655,.1696356773376465,Matched (3),AUT,0,.0072076398134232,.6952799987792969,5.849903830620652,5.886426194312497,.9641365320029244,1.018090403145552,2010,.029020004272461,-.016635971069336,0,1,1,0,1,1,.0393418883242891,.0393418883242891,.027353628066087,-.0145373415533282,.0128162865127588,1,1,.0177165988085942,.0231946622052292
Austria,AUT,2010,.0002845199964941,.6750405883789062,.8365399932861328,390.146,353.48199,.0460811567306519,.0950453782081604,Matched (3),AUT,0,.0069029599428177,.8075199890136718,5.867832549467725,5.849903830620652,1.018090403145552,1.02927445273195,2011,-.0029799652099609,.0067608642578125,0,1,1,0,1,1,.0456525258886815,.0456525258886815,.0368653272040745,-.0227049102599056,.0141604169441688,1,1,.0203114145036298,.0228106048913066
Austria,AUT,2011,.0056225097179413,.6754353332519532,.8335600280761719,428.879,363.82999,.0448637914657593,.2468066883087158,Matched (3),AUT,0,.0002845199964941,.8365399932861328,5.896686688669226,5.867832549467725,1.02927445273195,1.006280415981203,2012,-.0042100524902344,.0003947448730469,0,1,1,0,1,1,.0480106071283357,.0480106071283357,.0401627929648011,-.0060871872890575,.0340756056757436,1,1,.0194622388202676,.0242521732003776
Austria,AUT,2012,.0055547201633453,.6805509185791015,.8293499755859375,407.008,366.11499,.0452830934524536,.2461418056488037,Matched (3),AUT,0,.0056225097179413,.8335600280761719,5.902947465025099,5.896686688669226,1.006280415981203,.9974925930593815,2013,-.0050399780273437,.0051155853271484,0,1,1,0,1,1,.0478318255350722,.0478318255350722,.0398706978359493,-.0061599913248373,.0337107065111121,1,1,.0194145234324366,.0242404016708682
Austria,AUT,2013,-.0035331600904465,.6953206634521485,.8243099975585938,426.58701,365.19699,.0431049871444702,.13676518201828,Matched (3),AUT,0,.0055547201633453,.8293499755859375,5.900436909275031,5.902947465025099,.9974925930593815,1.007560349384024,2014,.0277899932861327,.0147697448730469,0,1,1,0,1,1,.0471187060066898,.0471187060066898,.0390778976762891,-.0181366303626424,.0209412673136467,1,1,.0202356683169381,.0229449635154939
Austria,AUT,2014,-.0103214299678802,.7086733245849609,.8520999908447265,438.66901,367.95801,.0402393341064453,.2034397888183594,Matched (3),AUT,0,-.0035331600904465,.8243099975585938,5.907968822452817,5.900436909275031,1.007560349384024,1.013034068802433,2015,.0040499877929687,.0133526611328124,0,1,1,0,1,1,.047104281690132,.047104281690132,.038828530324992,-.0108358226385933,.0279927076863987,1,1,.0195428306153493,.0235792037212568
Austria,AUT,2015,-.0137717294692993,.7045801544189453,.8561499786376953,379.58401,372.754,.0367173171043396,.3951092147827149,Matched (3),AUT,0,-.0103214299678802,.8520999908447265,5.920918678745575,5.907968822452817,1.013034068802433,1.021172135879257,2016,-.0219599914550781,-.0040931701660156,0,1,1,0,1,1,.0495592266351215,.0495592266351215,.0422294165620588,.0101518020764722,.052381218638531,1,1,.0193355046120896,.0278506528665672
Austria,AUT,2016,-.0145647001266479,.6877032470703125,.8341899871826172,393.57901,380.646,.0342156624794006,.1762688827514649,Matched (3),AUT,0,-.0137717294692993,.8561499786376953,5.941869799093853,5.920918678745575,1.021172135879257,1.02272194485885,2017,-.0436199951171875,-.0168769073486328,0,1,1,0,1,1,.0488689384234086,.0488689384234086,.0418391405872482,-.013811011700861,.0280281288863872,1,1,.0203376193916982,.0232600711050313
Austria,AUT,2017,-.0174238002300262,.6908674621582032,.7905699920654297,414.78,389.29501,.0305637669563293,.1985770130157471,Matched (3),AUT,0,-.0145647001266479,.8341899871826172,5.964337445460997,5.941869799093853,1.02272194485885,1.024842316640744,2018,-.0447100067138672,.0031642150878907,0,1,1,0,1,1,.0476670122587137,.0476670122587137,.03976334434513,-.0113682920875168,.0283950522576132,1,1,.0197544128415744,.0235161259656663
Austria,AUT,2018,-.0223436403274536,.6908810424804688,.7458599853515625,452.78699,398.966,.0266866445541382,.3868737411499024,Matched (3),AUT,0,-.0174238002300262,.7905699920654297,5.988876208793513,5.964337445460997,1.024842316640744,1.017550326550613,2019,-.0358000183105469,.0000135803222656,0,1,1,0,1,1,.0458910925511695,.0458910925511695,.036280120674052,.0092500253372419,.0455301460112939,1,1,.0183902062088515,.0276062615307652
Austria,AUT,2019,-.0208273696899414,.6861134338378906,.7100599670410156,443.03299,405.96799,.0237048983573914,,Master only (1),AUT,0,-.0223436403274536,.7458599853515625,6.006274306888375,5.988876208793513,1.017550326550613,.9368176932319078,2020,.12177001953125,-.0047676086425782,1,0,0,1,0,0,,,,,,0,0,,
Austria,AUT,2020,-.0074660497903824,.6816719818115234,.8318299865722656,434.04999,380.31799,.0228476023674011,,Master only (1),AUT,0,-.0208273696899414,.7100599670410156,5.941007726894298,6.006274306888375,.9368176932319078,1.049229834716978,2021,-.0078399658203124,-.0044414520263671,1,0,0,1,0,0,,,,,,0,0,,
Austria,AUT,2021,-.0152137303352356,.6798137664794922,.8239900207519532,480.78601,399.04099,.0178610455989838,,Master only (1),AUT,0,-.0074660497903824,.8318299865722656,5.989064131182043,5.941007726894298,1.049229834716978,1.053310339157717,2022,-.0425800323486328,-.0018582153320312,1,0,0,1,0,0,,,,,,0,0,,
Austria,AUT,2022,-.0123410499095917,.6751003265380859,.7814099884033203,473.59399,420.314,.0151750576496124,,Master only (1),AUT,0,-.0152137303352356,.8239900207519532,6.041002039960919,5.989064131182043,1.053310339157717,.9921368483746537,2023,-.0038700103759766,-.0047134399414063,1,0,0,1,0,0,,,,,,0,0,,
Austria,AUT,2023,-.0087761700153351,.6761976623535156,.7775399780273438,516.82001,417.009,.0154984080791473,,Master only (1),AUT,0,-.0123410499095917,.7814099884033203,6.033107810739732,6.041002039960919,.9921368483746537,,,,.0010973358154297,1,0,0,2,0,0,,,,,,0,0,,
Belgium,BEL,1995,.0091293597221375,.5416709899902343,1.312859954833984,288.302,314.871,.1735083961486816,.1077463150024414,Matched (3),BEL,0,,,5.752163038116637,,,1.013214969664246,1996,-.0228199768066406,,3,0,0,2,0,0,,,,,,0,0,,
Belgium,BEL,1996,.0005953000113368,.5461596298217773,1.290039978027344,279.29199,319.03201,.1627963829040527,.0454604530334473,Matched (3),BEL,0,.0091293597221375,1.312859954833984,5.765291451791887,5.752163038116637,1.013214969664246,1.037933465154766,1997,-.0473299407958985,.004488639831543,1,0,0,1,0,0,,,,,,0,0,,
Belgium,BEL,1997,-.0057934802770615,.5434723663330078,1.242710037231445,253.022,331.134,.1478028774261474,.1149104499816894,Matched (3),BEL,0,.0005953000113368,1.290039978027344,5.802523135400964,5.765291451791887,1.037933465154766,1.019620483624913,1998,-.0508500671386718,-.0026872634887696,1,0,0,1,0,0,,,,,,0,0,,
Belgium,BEL,1998,-.0051877200603485,.534102668762207,1.191859970092773,258.87601,337.63101,.1400648880004883,.1970947074890137,Matched (3),BEL,0,-.0057934802770615,1.242710037231445,5.821953618582576,5.802523135400964,1.019620483624913,1.035426243773101,1999,-.038239974975586,-.0093696975708008,1,0,0,1,0,0,,,,,,0,0,,
Belgium,BEL,1999,-.0087551999092102,.5354909133911133,1.153619995117187,258.50299,349.59201,.1299951839447021,.1060533905029297,Matched (3),BEL,0,-.0051877200603485,1.191859970092773,5.856766790253785,5.821953618582576,1.035426243773101,1.037166126704443,2000,-.0577300262451172,.0013882446289063,1,0,0,1,0,0,,,,,,0,0,,
Belgium,BEL,2000,-.0044820100069046,.5435758590698242,1.09588996887207,236.897,362.58499,.1268882179260254,.1186828708648682,Matched (3),BEL,0,-.0087551999092102,1.153619995117187,5.893258905999892,5.856766790253785,1.037166126704443,1.010998818720523,2001,-.0137199401855468,.0080849456787109,0,1,1,0,1,1,.0661890586334845,.0661890586334845,.0763570214975716,-.0201166266951792,.0562403948023925,1,1,.0269778196919431,.0228613816284661
Belgium,BEL,2001,.0012261299788952,.5476517105102539,1.082170028686523,236.748,366.573,.1210594177246094,.0538129806518555,Matched (3),BEL,0,-.0044820100069046,1.09588996887207,5.904197677610762,5.893258905999892,1.010998818720523,1.017066210539846,2002,-.027800064086914,.0040758514404297,0,1,1,0,1,1,.0625047716172227,.0625047716172227,.0684983522219541,-.0272198196235672,.0412785325983868,1,1,.0265481318572659,.0228814955632624
Belgium,BEL,2002,.0040431100130081,.5555706024169922,1.054369964599609,258.20001,372.82901,.1076012802124023,.1801819610595703,Matched (3),BEL,0,.0012261299788952,1.082170028686523,5.921119896333686,5.904197677610762,1.017066210539846,1.010380080447834,2003,-.0377799987792968,.0079188919067383,0,1,1,0,1,1,.0622313476403043,.0622313476403043,.0673448992611091,-.0133825332484528,.0539623660126563,1,1,.0247788349608101,.0233009830389617
Belgium,BEL,2003,.0018829700350761,.5480087661743164,1.016589965820313,318.004,376.69901,.10064453125,.246009635925293,Matched (3),BEL,0,.0040431100130081,1.054369964599609,5.93144647367235,5.921119896333686,1.010380080447834,1.03571287087725,2004,-.0448899841308594,-.0075618362426758,0,1,1,0,1,1,.0608694131390917,.0608694131390917,.0641788809766631,-.0061744637872124,.0580044171894507,1,1,.023631688973704,.0242380668864836
Belgium,BEL,2004,-.0010451599955559,.5491798782348633,.9716999816894532,369.047,390.15201,.0911572933197022,.1100643730163574,Matched (3),BEL,0,.0018829700350761,1.016589965820313,5.966536427433136,5.93144647367235,1.03571287087725,1.023216549476589,2005,-.0202799987792969,.0011711120605469,0,1,1,0,1,1,.0580612527821728,.0580612527821728,.0590244869813135,-.0210603442314636,.0379641427498499,1,1,.0241667261353892,.0228351633650628
Belgium,BEL,2005,-.0085462802648544,.5431279373168946,.9514199829101563,385.927,399.20999,.0822023677825928,.2029530143737793,Matched (3),BEL,0,-.0010451599955559,.9716999816894532,5.989487572819182,5.966536427433136,1.023216549476589,1.025525419352018,2006,-.0364799499511719,-.0060519409179687,0,1,1,0,1,1,.0558051404541436,.0558051404541436,.0542258539574687,-.0108891239896686,.0433367299678,1,1,.0223051371836327,.0235727740537545
Belgium,BEL,2006,-.0097988802194595,.5681457138061523,.9149400329589844,408.28101,409.39999,.076607723236084,.2516317367553711,Matched (3),BEL,0,-.0085462802648544,.9514199829101563,6.014692658318748,5.989487572819182,1.025525419352018,1.036768464234539,2007,-.0416900634765626,.0250177764892577,0,1,1,0,1,1,.0548144101312255,.0548144101312255,.0521515251502809,-.0055588489506872,.0465926761995937,1,1,.0215395266482308,.0243389105777899
Belgium,BEL,2007,-.0029894199967384,.5743900680541992,.8732499694824218,470.978,424.453,.0740093374252319,.2569841766357422,Matched (3),BEL,0,-.0097988802194595,.9149400329589844,6.050801288031579,6.014692658318748,1.036768464234539,1.004469289086741,2008,.0583500671386719,.0062443542480469,0,1,1,0,1,1,.0526831131903015,.0526831131903015,.0482018893187164,-.0049727617385302,.0432291275801862,1,1,.0208141586847898,.024437803967652
Belgium,BEL,2008,.0077930897474289,.5836947631835937,.9316000366210937,517.271,426.35001,.070974235534668,.1052505302429199,Matched (3),BEL,0,-.0029894199967384,.8732499694824218,6.055260619503798,6.050801288031579,1.004469289086741,.9809358012809294,2009,.0669299316406251,.0093046951293945,0,1,1,0,1,1,.0495770213370049,.0495770213370049,.0432931323695689,-.0215874555589897,.0217056768105792,1,1,.0213917669308688,.0228243641430216
Belgium,BEL,2009,.0065555202960968,.5906165313720703,.9985299682617188,484.48801,418.22198,.071450400352478,.1163545894622803,Matched (3),BEL,0,.0077930897474289,.9316000366210937,6.036012355826258,6.055260619503798,.9809358012809294,1.027102884073303,2010,.0039200592041015,.0069217681884766,0,1,1,0,1,1,.0530695732679892,.0530695732679892,.0494396163999246,-.0203715713534768,.0290680450464478,1,1,.0223832169377665,.0228534291243543
Belgium,BEL,2010,.0027714800834656,.583470344543457,1.00245002746582,481.94901,429.55701,.0658241081237793,.0410503625869751,Matched (3),BEL,0,.0065555202960968,.9985299682617188,6.062754460989059,6.036012355826258,1.027102884073303,1.01930827856528,2011,.0248999786376953,-.0071461868286132,0,1,1,0,1,1,.0567017588672078,.0567017588672078,.0566184054820567,-.0286173144873398,.0280010909947168,1,1,.0246843529317618,.022944328442043
Belgium,BEL,2011,.0148426604270935,.5844009017944336,1.027350006103516,527.10602,437.85101,.0631795358657837,.216796875,Matched (3),BEL,0,.0027714800834656,1.00245002746582,6.081878699962573,6.062754460989059,1.01930827856528,1.002160515468128,2012,.0159999847412109,.0009305572509766,0,1,1,0,1,1,.0576796319420205,.0576796319420205,.0578209486244969,-.0093732340663335,.0484477145581634,1,1,.0228031232929685,.0237655521831539
Belgium,BEL,2012,.0124766802787781,.5914220046997071,1.043349990844727,498.73099,438.797,.0622784042358398,.1418199920654297,Matched (3),BEL,0,.0148426604270935,1.027350006103516,6.084036884873357,6.081878699962573,1.002160515468128,1.003056090690962,2013,.0069699859619141,.0070211029052735,0,1,1,0,1,1,.0588314680834697,.0588314680834697,.0604405090946314,-.0175831333417078,.0428573757529236,1,1,.0240283690506354,.0229752067230191
Belgium,BEL,2013,.0007171300053596,.5978520965576172,1.050319976806641,524.10602,440.138,.0571883630752563,.0597315168380737,Matched (3),BEL,0,.0124766802787781,1.043349990844727,6.087088315211723,6.084036884873357,1.003056090690962,1.017655817232616,2014,.015230026245117,.0064300918579101,0,1,1,0,1,1,.0594275835612845,.0594275835612845,.0620037687645904,-.0265717453899543,.0354320233746361,1,1,.025357283496145,.0228588861623056
Belgium,BEL,2014,-.0086778801679611,.610228157043457,1.065550003051758,538.12701,447.909,.0566796207427979,.1776035499572754,Matched (3),BEL,0,.0007171300053596,1.050319976806641,6.104590079151364,6.087088315211723,1.017655817232616,1.014739578343979,2015,-.0098300170898438,.0123760604858398,0,1,1,0,1,1,.0603397491849597,.0603397491849597,.0633760439644654,-.0136648668773237,.0497111770871417,1,1,.0241361527551341,.0232738320259865
Belgium,BEL,2015,-.0127965497970581,.609809226989746,1.055719985961914,461.091,454.51099,.0519589138031006,.2987656593322754,Matched (3),BEL,0,-.0086778801679611,1.065550003051758,6.119222085664497,6.104590079151364,1.014739578343979,1.011933729642682,2016,-.000970001220703,-.000418930053711,0,1,1,0,1,1,.0617536179760208,.0617536179760208,.065801567822806,-.0003977280603007,.0654038397625053,1,1,.0235170677306281,.025302640859513
Belgium,BEL,2016,-.0138353395462036,.6006997299194335,1.054749984741211,474.14099,459.935,.0484228706359863,.1418662643432617,Matched (3),BEL,0,-.0127965497970581,1.055719985961914,6.13108516984276,6.119222085664497,1.011933729642682,1.01474771334636,2017,-.0298999786376952,-.0091094970703125,0,1,1,0,1,1,.0605068248284711,.0605068248284711,.0638782642585135,-.0175780665701193,.0463001976883942,1,1,.0246183771311809,.02297549737828
Belgium,BEL,2017,-.0159981596469879,.5944580841064453,1.024850006103516,500.733,466.71799,.0411334037780762,.1256502151489258,Matched (3),BEL,0,-.0138353395462036,1.054749984741211,6.145725193161334,6.13108516984276,1.01474771334636,1.01878010895539,2018,-.0240699768066408,-.0062416458129883,0,1,1,0,1,1,.0603806787343091,.0603806787343091,.0636865199736764,-.0193537089457325,.0443328110279439,1,1,.0247791021115452,.0228890162287742
Belgium,BEL,2018,-.0211177206039429,.5869912719726562,1.000780029296875,542.88501,475.483,.0367488288879395,.3289573287963867,Matched (3),BEL,0,-.0159981596469879,1.024850006103516,6.164331133100371,6.145725193161334,1.01878010895539,1.024427771745001,2019,-.0250500488281249,-.0074668121337891,0,1,1,0,1,1,.0594786338600788,.0594786338600788,.0609566782745306,.0029082317976472,.0638649100721778,1,1,.0225550805785464,.0260235727855021
Belgium,BEL,2019,-.0194139099121094,.5866988372802734,.97572998046875,536.78699,487.09799,.035269501209259,,Master only (1),BEL,0,-.0211177206039429,1.000780029296875,6.188465318330913,6.164331133100371,1.024427771745001,.9520692237507805,2020,.1367200469970702,-.0002924346923828,1,0,0,1,0,0,,,,,,0,0,,
Belgium,BEL,2020,-.0103598499298096,.593534278869629,1.11245002746582,529.26898,463.75101,.0346027755737305,,Master only (1),BEL,0,-.0194139099121094,.97572998046875,6.139347785520534,6.188465318330913,.9520692237507805,1.06254434910112,2021,-.027040023803711,.0068354415893556,1,0,0,1,0,0,,,,,,0,0,,
Belgium,BEL,2021,-.0143573296070099,.5948916625976562,1.085410003662109,598.91998,492.75601,.0292306756973267,,Master only (1),BEL,0,-.0103598499298096,1.11245002746582,6.200014146796331,6.139347785520534,1.06254434910112,1.039563118716606,2022,-.0540100097656249,.0013573837280273,1,0,0,1,0,0,,,,,,0,0,,
Belgium,BEL,2022,-.0119014501571655,.5946538543701172,1.031399993896484,591.55103,512.25098,.0262765073776245,,Master only (1),BEL,0,-.0143573296070099,1.085410003662109,6.238814693534957,6.200014146796331,1.039563118716606,1.017141999256499,2023,-.0094899749755859,-.000237808227539,1,0,0,1,0,0,,,,,,0,0,,
Belgium,BEL,2023,-.008497040271759,.5866808319091796,1.021910018920899,651.51801,521.03198,.0298378992080688,,Master only (1),BEL,0,-.0119014501571655,1.031399993896484,6.255811426475573,6.238814693534957,1.017141999256499,,,,-.0079730224609376,1,0,0,2,0,0,,,,,,0,0,,
Bangladesh,BGD,1995,,.3381054306030273,,51.841999,6543.2271,.0625681686401367,.0669665822982788,Matched (3),BGD,0,,,8.786185755594461,,,1.046220787253996,1996,,,3,0,0,1,0,0,,,,,,0,0,,
Bangladesh,BGD,1996,,.3379502487182617,,55.445,6845.6602,.0977240562438965,.0746376142501831,Matched (3),BGD,0,,,8.831370176644118,8.786185755594461,1.046220787253996,1.044898498649635,1997,,-.0001551818847656,3,0,0,0,1,1,,,,-.024939541521875,,0,0,,.0228203742491213
Bangladesh,BGD,1997,,.3401888656616211,,57.598999,7153.02,.0895822811126709,.0853927621841431,Matched (3),BGD,0,,,8.875289926864603,8.831370176644118,1.044898498649635,1.05177029615919,1998,,.0022386169433594,3,0,0,0,1,1,,,,-.0237618627791268,,0,0,,.0228090292047019
Bangladesh,BGD,1998,,.3423096466064453,,59.879002,7523.334,.1124081802368164,.2015386505126953,Matched (3),BGD,0,,,8.925764667679799,8.875289926864603,1.05177029615919,1.046701901661679,1999,,.0021207809448242,3,0,0,0,1,1,,,,-.0110439955231833,,0,0,,.0235542376090695
Bangladesh,BGD,1999,,.3360574340820313,,61.526001,7874.688,.1449096870422363,.159955207824707,Matched (3),BGD,0,,,8.971408842373206,8.925764667679799,1.046701901661679,1.05293333484629,2000,,-.006252212524414,3,0,0,0,1,1,,,,-.0155973440038024,,0,0,,.0231081803403384
Bangladesh,BGD,2000,,.3298131942749024,,61.687,8291.5215,.1612947654724121,.1049652633666992,Matched (3),BGD,0,,,9.022988763783282,8.971408842373206,1.05293333484629,1.050771931700751,2001,,-.0062442398071289,3,0,0,0,1,1,,,,-.0216186920178649,,0,0,,.0228238108087907
Bangladesh,BGD,2001,,.3250057601928711,,62.536999,8712.498,.1622548294067383,.1049342803955078,Matched (3),BGD,0,,,9.072513830893719,9.022988763783282,1.050771931700751,1.038331810063623,2002,,-.0048074340820313,3,0,0,0,1,1,,,,-.0216220846245295,,0,0,,.0228237512946792
Bangladesh,BGD,2002,,.3195664024353027,,65.036003,9046.4639,.1627127075195313,.1063368148803711,Matched (3),BGD,0,,,9.110129227430519,9.072513830893719,1.038331810063623,1.047395612430142,2003,,-.0054393577575684,3,0,0,0,1,1,,,,-.0214685083967605,,0,0,,.0228265599738922
Bangladesh,BGD,2003,,.3143827819824219,.3704399871826172,71.754997,9475.2266,.165486946105957,.0547964868545532,Matched (3),BGD,0,,,9.156435941274248,9.110129227430519,1.047395612430142,1.052395164528553,2004,-.0045899963378906,-.0051836204528808,3,0,0,0,1,1,,,,-.0271121266048017,,0,0,,.0228774511229022
Bangladesh,BGD,2004,,.3080951881408691,.3658499908447266,77.152,9971.6826,.1547479438781738,.0977703475952148,Matched (3),BGD,0,,.3704399871826172,9.207504616738982,9.156435941274248,1.052395164528553,1.065359495046667,2005,-.0102700042724609,-.0062875938415528,2,0,0,0,1,1,,,,-.0224065286345223,,0,0,,.0228130630397188
Bangladesh,BGD,2005,,.3296775817871094,.3555799865722656,79.529999,10623.427,.1536113929748535,.1259833583831787,Matched (3),BGD,0,,.3658499908447266,9.270816912976253,9.207504616738982,1.065359495046667,1.06671934603552,2006,-.0022599792480469,.0215823936462403,2,0,0,0,1,1,,,,-.0193172300699719,,0,0,,.0228904814221524
Bangladesh,BGD,2006,,.4069097900390625,.3533200073242188,86.028,11332.215,.1629276847839355,.2706847076416016,Matched (3),BGD,0,,.3555799865722656,9.335404819802632,9.270816912976253,1.06671934603552,1.070585550664984,2007,-.0034300231933594,.0772322082519531,2,0,0,0,1,1,,,,-.0034725662759447,,0,0,,.0247035278175128
Bangladesh,BGD,2007,,.420007209777832,.3498899841308594,95.374001,12132.105,.1763493537902832,.2039101505279541,Matched (3),BGD,0,,.3533200073242188,9.403610562205403,9.335404819802632,1.070585550664984,1.060137519282353,2008,-.0111899948120117,.0130974197387695,2,0,0,0,1,1,,,,-.0107843184668056,,0,0,,.0235854409248308
Bangladesh,BGD,2008,,.4260154342651367,.3386999893188476,109.765,12861.7,.2188379287719727,.1640280628204346,Matched (3),BGD,0,,.3498899841308594,9.46200919708653,9.403610562205403,1.060137519282353,1.050451387852789,2009,-.0086000061035156,.0060082244873047,2,0,0,0,1,1,,,,-.0151513701520046,,0,0,,.0231432613827562
Bangladesh,BGD,2009,,.4274923324584961,.330099983215332,122.76,13510.591,.230369815826416,.3927086791992188,Matched (3),BGD,0,,.3386999893188476,9.511229162071489,9.46200919708653,1.050451387852789,1.055718079964033,2010,-.0338699913024902,.0014768981933594,2,0,0,0,1,1,,,,.0098889456522507,,0,0,,.0277789513160149
Bangladesh,BGD,2010,,.4545296096801758,.2962299919128418,138.09399,14263.375,.1852294540405273,.2085865440368652,Matched (3),BGD,0,,.330099983215332,9.565450341981768,9.511229162071489,1.055718079964033,1.064643752683884,2011,-.0022999954223633,.0270372772216797,2,0,0,0,1,1,,,,-.0102722577065087,,0,0,,.0236487483874944
Bangladesh,BGD,2011,,.4574599838256836,.2939299964904785,154.097,15185.413,.1605600929260254,.2510926513671875,Matched (3),BGD,0,,.2962299919128418,9.628090580661864,9.565450341981768,1.064643752683884,1.065214658161297,2012,-.0031500053405762,.0029303741455078,2,0,0,0,1,1,,,,-.0056178783016629,,0,0,,.0243291057463142
Bangladesh,BGD,2012,,.4589828491210938,.2907799911499023,159.74899,16175.725,.171025276184082,.1436235866546631,Matched (3),BGD,0,,.2939299964904785,9.691266916472342,9.628090580661864,1.065214658161297,1.060135685092353,2013,-.0073399925231933,.0015228652954102,2,0,0,0,1,1,,,,-.0173856414037709,,0,0,,.022986720883108
Bangladesh,BGD,2013,,.4601432418823242,.283439998626709,179.67599,17148.463,.1774455642700195,.3128897247314453,Matched (3),BGD,0,,.2907799911499023,9.749663821208509,9.691266916472342,1.060135685092353,1.060611413673306,2014,.003390007019043,.0011603927612304,2,0,0,0,1,1,,,,.0011488440262874,,0,0,,.0256303714371226
Bangladesh,BGD,2014,,.2541896057128906,.286830005645752,207.10201,18187.855,.1906013870239258,.2783358993530273,Matched (3),BGD,0,,.283439998626709,9.808509368396393,9.749663821208509,1.060611413673306,1.065525995948103,2015,-.0047700119018554,-.2059536361694336,2,0,0,0,1,1,,,,-.0026347678662375,,0,0,,.0248596375549209
Bangladesh,BGD,2015,.07059326171875,.2512384223937988,.2820599937438965,233.687,19379.633,.2077194786071777,.2770775527954101,Matched (3),BGD,0,,.286830005645752,9.871977938541839,9.808509368396393,1.065525995948103,1.071135409960441,2016,-.0048600006103516,-.0029511833190918,1,0,0,0,1,1,,,,-.0027725556494475,,0,0,,.0248335894288916
Bangladesh,BGD,2016,.0525802993774414,.2672357940673828,.2771999931335449,265.23599,20758.211,.1890258407592773,.3493363304138184,Matched (3),BGD,0,.07059326171875,.2820599937438965,9.940697155218473,9.871977938541839,1.071135409960441,1.06590257394382,2017,.0058600044250488,.0159973716735839,0,1,1,0,1,1,.0157057145553941,.0157057145553941,.0044299537492379,.0051397136099521,.0095696673591899,1,1,.0151996244035918,.0265520133509248
Bangladesh,BGD,2017,.04421630859375,.2681285095214844,.2830599975585937,293.755,22126.23,.1903817558288574,.3722387199401855,Matched (3),BGD,0,.0525802993774414,.2771999931335449,10.00451908273649,9.940697155218473,1.06590257394382,1.07319411085012,2018,.0124699974060059,.0008927154541016,0,1,1,0,1,1,.0155160142121161,.0155160142121161,.0043010390330586,.0076475040623898,.0119485430954484,1,1,.0154346263762342,.0271833083691683
Bangladesh,BGD,2018,.0426647806167603,.2718373489379883,.2955299949645996,321.379,23745.74,.1803647804260254,.2215741958618164,Matched (3),BGD,0,.04421630859375,.2830599975585937,10.07515843482349,10.00451908273649,1.07319411085012,1.078818742078657,2019,.0239800071716309,.0037088394165039,0,1,1,0,1,1,.0152221485294121,.0152221485294121,.004308781325572,-.0088501218543217,-.0045413405287497,1,1,.0145634344609517,.0238367977568177
Bangladesh,BGD,2019,.0629230403900146,.2721469306945801,.3195100021362305,351.23801,25617.35,.2080058860778809,,Master only (1),BGD,0,.0426647806167603,.2955299949645996,10.15102512003597,10.07515843482349,1.078818742078657,1.034480568627082,2020,.0255799865722656,.0003095817565918,1,0,0,1,0,0,,,,,,0,0,,
Bangladesh,BGD,2020,.0699004411697388,.277684440612793,.3450899887084961,373.90201,26500.65,.217170524597168,,Master only (1),BGD,0,.0629230403900146,.3195100021362305,10.18492455471559,10.15102512003597,1.034480568627082,1.069386563552059,2021,.0110499954223633,.0055375099182129,1,0,0,1,0,0,,,,,,0,0,,
Bangladesh,BGD,2021,.0468915605545044,.2775041007995606,.3561399841308594,416.26501,28339.439,.2135227584838867,,Master only (1),BGD,0,.0699004411697388,.3450899887084961,10.25200973369567,10.18492455471559,1.069386563552059,1.070998462900194,2022,.022490005493164,-.0001803398132324,1,0,0,1,0,0,,,,,,0,0,,
Bangladesh,BGD,2022,.0480605316162109,.2751653671264648,.3786299896240234,460.20099,30351.496,.2302809524536133,,Master only (1),BGD,0,.0468915605545044,.3561399841308594,10.32060108995969,10.25200973369567,1.070998462900194,1.057751091604705,2023,.0186300277709961,-.0023387336730957,1,0,0,1,0,0,,,,,,0,0,,
Bangladesh,BGD,2023,.0516168880462647,.2793084907531738,.3972600173950195,451.534,32104.328,.2489984130859375,,Master only (1),BGD,0,.0480605316162109,.3786299896240234,10.37674613258353,10.32060108995969,1.057751091604705,,,,.004143123626709,1,0,0,2,0,0,,,,,,0,0,,
Brazil,BRA,1995,,.3485413360595703,,770.85999,705.992,,.1555887231270472,Matched (3),BRA,0,,,6.5596039122089,,,1.022088060549636,1996,,,3,0,0,1,0,0,,,,,,0,0,,
Brazil,BRA,1996,,.3478354263305664,,851.146,721.586,,.0744999221677582,Matched (3),BRA,0,,,6.581451565199795,6.5596039122089,1.022088060549636,1.033947404369562,1997,,-.0007059097290039,3,0,0,0,1,1,,,,-.0249546186774392,,0,0,,.0228206089538555
Brazil,BRA,1997,,.3489124298095703,,883.862,746.08197,,.1980915781656901,Matched (3),BRA,0,,,6.614835473811998,6.581451565199795,1.033947404369562,1.003381679700931,1998,,.0010770034790039,3,0,0,0,1,1,,,,-.0114214467542319,,0,0,,.0235099702054683
Brazil,BRA,1998,,.349815559387207,,864.30701,748.60498,,.3816166542967161,Matched (3),BRA,0,,,6.618211448492213,6.614835473811998,1.003381679700931,1.004679358024659,1999,,.0009031295776367,3,0,0,0,1,1,,,,.0086743791932935,,0,0,,.027452635932377
Brazil,BRA,1999,,.35512939453125,,599.64203,752.10797,,.1267287939449151,Matched (3),BRA,0,,,6.622879892355379,6.618211448492213,1.004679358024659,1.043880736572347,2000,,.0053138351440429,3,0,0,0,1,1,,,,-.0192356055660101,,0,0,,.0228938073961702
Brazil,BRA,2000,,.3601982879638672,.6219800186157226,655.45398,785.11102,,.0790610781232516,Matched (3),BRA,0,,,6.665825138290616,6.622879892355379,1.043880736572347,1.013898655076447,2001,.0513299942016602,.0050688934326172,3,0,0,0,1,1,,,,-.0244551763225663,,0,0,,.0228140371870184
Brazil,BRA,2001,,.3634035110473633,.6733100128173828,559.98199,796.02301,.1815929985046387,.2196992870648702,Matched (3),BRA,0,,.6219800186157226,6.679628092780727,6.665825138290616,1.013898655076447,1.030533027767663,2002,.0876399993896485,.0032052230834961,2,0,0,0,1,1,,,,-.0090554226319877,,0,0,,.0238085508787604
Brazil,BRA,2002,,.3680206680297852,.7609500122070313,509.798,820.328,.1860159683227539,.276491145714124,Matched (3),BRA,0,,.6733100128173828,6.709704263850987,6.679628092780727,1.030533027767663,1.011410052220739,2003,-.0458100128173828,.0046171569824219,2,0,0,0,1,1,,,,-.0028367666820124,,0,0,,.0248215006471203
Brazil,BRA,2003,,.3654304122924805,.7151399993896485,558.23199,829.68799,.249505386352539,.2835840474923452,Matched (3),BRA,0,,.7609500122070313,6.721049712382427,6.709704263850987,1.011410052220739,1.05759876259489,2004,-.0348899841308594,-.0025902557373047,2,0,0,0,1,1,,,,-.0020601005031832,,0,0,,.0249698449293128
Brazil,BRA,2004,,.36120849609375,.680250015258789,669.28998,877.47699,.190764045715332,.2055875586748123,Matched (3),BRA,0,,.7151399993896485,6.77705073248463,6.721049712382427,1.05759876259489,1.032021378097981,2005,-.0105599975585937,-.0042219161987305,2,0,0,0,1,1,,,,-.0106006438274983,,0,0,,.0236078784843816
Brazil,BRA,2005,,.3689162063598633,.6696900177001953,891.633,905.57501,.187732105255127,.4399134916623434,Matched (3),BRA,0,,.680250015258789,6.808570114540666,6.77705073248463,1.032021378097981,1.03961901580656,2006,-.0237000274658203,.0077077102661133,2,0,0,0,1,1,,,,.0150578289195557,,0,0,,.0292551809529012
Brazil,BRA,2006,,.39958740234375,.645989990234375,1107.6281,941.453,.1691250610351563,.2765649000167847,Matched (3),BRA,0,,.6696900177001953,6.847424429623141,6.808570114540666,1.03961901580656,1.060698749011816,2007,-.0157399749755859,.0306711959838867,2,0,0,0,1,1,,,,-.0028286906541453,,0,0,,.0248230193415507
Brazil,BRA,2007,.0739583492279053,.4035470199584961,.6302500152587891,1397.114,998.59802,.1469807910919189,.3917538277308146,Matched (3),BRA,0,,.645989990234375,6.90635231775305,6.847424429623141,1.060698749011816,1.050943369702274,2008,-.016050033569336,.0039596176147461,1,0,0,0,1,1,,,,.0097843903003647,,0,0,,.0277505365894635
Brazil,BRA,2008,.1059579181671143,.4113357543945312,.6141999816894531,1695.855,1049.47,.1494017028808594,.2856233536720276,Matched (3),BRA,0,.0739583492279053,.6302500152587891,6.956040525895755,6.90635231775305,1.050943369702274,.9987413428793227,2009,.032820053100586,.0077887344360352,0,1,1,0,1,1,.0359946737943405,.0359946737943405,.0226856437081182,-.0018367983642899,.0208488453438283,1,1,.016289176754152,.0250133469613316
Brazil,BRA,2009,.0930582714080811,.425329818725586,.6470200347900391,1669.204,1048.149,.1416294860839844,.3587037102434548,Matched (3),BRA,0,.1059579181671143,.6141999816894531,6.954781076000914,6.956040525895755,.9987413428793227,1.07528314713076,2010,-.0226900482177735,.0139940643310547,0,1,1,0,1,1,.0353573450854499,.0353573450854499,.021716480704071,.0061654330299311,.0278819137340021,1,1,.0161753645361553,.0268055779019818
Brazil,BRA,2010,.089340410232544,.4420712280273438,.6243299865722656,2208.7041,1127.057,.1427618026733398,.5550639685420289,Matched (3),BRA,0,.0930582714080811,.6470200347900391,7.027365095578554,6.954781076000914,1.07528314713076,1.039743303558132,2011,-.0179899978637694,.0167414093017578,0,1,1,0,1,1,.0381292218582973,.0381292218582973,.0246703704532726,.0276666995432988,.0523370699965715,1,1,.0179401803241038,.0333491465629473
Brazil,BRA,2011,.0935445308685303,.4443529891967773,.6063399887084961,2614.0271,1171.85,.1495658779144287,.3245687044848999,Matched (3),BRA,0,.089340410232544,.6243299865722656,7.066338954764105,7.027365095578554,1.039743303558132,1.019211556080104,2012,.0097999954223632,.0022817611694336,0,1,1,0,1,1,.0358105174324142,.0358105174324142,.022357579867725,.0024276814980808,.0247852613658058,1,1,.016213477721056,.0259140747863616
Brazil,BRA,2012,.0843118190765381,.4426295471191406,.6161399841308594,2464.053,1194.363,.1237079906463623,.4521654466629028,Matched (3),BRA,0,.0935445308685303,.6063399887084961,7.085368298918736,7.066338954764105,1.019211556080104,1.030048582299134,2013,-.0201899719238281,-.0017234420776367,0,1,1,0,1,1,.0352901740326085,.0352901740326085,.0213978437244527,.016399406650505,.0377972503749577,1,1,.0166202783432492,.0296597768366225
Brazil,BRA,2013,.0853031921386719,.4408302688598633,.5959500122070313,2471.718,1230.252,.1359260654449463,.2783861301342647,Matched (3),BRA,0,.0843118190765381,.6161399841308594,7.114974267328652,7.085368298918736,1.030048582299134,1.00503967762574,2014,.0202199935913085,-.0017992782592773,0,1,1,0,1,1,.0351307828621513,.0351307828621513,.0216454799951906,-.0026292676421905,.019016212353,1,1,.0161408281627966,.0248606803800068
Brazil,BRA,2014,.0979503917694092,.354705924987793,.6161700057983398,2456.0549,1236.452,.1529073715209961,.321486188394052,Matched (3),BRA,0,.0853031921386719,.5959500122070313,7.120001288284985,7.114974267328652,1.00503967762574,.9645420606051033,2015,.1011300277709961,-.0861243438720703,0,1,1,0,1,1,.034121675439223,.034121675439223,.0203348128945293,.0020901488396123,.0224249617341416,1,1,.0159234438125912,.0258381010298861
Brazil,BRA,2015,.1160726261138916,.3466515350341797,.7173000335693359,1800.046,1192.61,.2283453941345215,.7333687432607015,Matched (3),BRA,0,.0979503917694092,.6161700057983398,7.083899449412266,7.120001288284985,.9645420606051033,.9672407826477777,2016,.0569199371337891,-.0080543899536133,0,1,1,0,1,1,.0370648930462032,.0370648930462032,.0228382753631938,.0471909073185949,.0700291826817888,1,1,.0205488000212315,.0406390824902142
Brazil,BRA,2016,.1114256763458252,.3500536727905273,.774219970703125,1796.6219,1153.541,.1594956302642822,.7253666537415748,Matched (3),BRA,0,.1160726261138916,.7173000335693359,7.050591634523917,7.083899449412266,.9672407826477777,1.013228840205007,2017,.0532300567626953,.0034021377563477,0,1,1,0,1,1,.0430023254121163,.0430023254121163,.0308455694616705,.04631468592377,.0771602553854405,1,1,.020839890155129,.0402941360026138
Brazil,BRA,2017,.0798230123519897,.3438246154785156,.8274500274658203,2063.519,1168.801,.1746586608886719,.3764059744113619,Matched (3),BRA,0,.1114256763458252,.774219970703125,7.063733737738145,7.050591634523917,1.013228840205007,1.017837101446732,2018,.0203199768066407,-.0062290573120117,0,1,1,0,1,1,.0448812167676986,.0448812167676986,.0347479343310082,.0081038145693639,.0428517489003722,1,1,.0181424630982533,.0273022339301888
Brazil,BRA,2018,.0764335107803345,.3416569519042969,.847770004272461,1916.934,1189.649,.1646366119384766,.4790231366936429,Matched (3),BRA,0,.0798230123519897,.8274500274658203,7.081413624836981,7.063733737738145,1.017837101446732,1.012207759292522,2019,.0234099578857422,-.0021676635742187,0,1,1,0,1,1,.0484601092491325,.0484601092491325,.0400983187291914,.0193402988467573,.0594386175759487,1,1,.0192050032752827,.0305747595221439
Brazil,BRA,2019,.0574828004837036,.3472995758056641,.8711799621582031,1873.286,1204.172,.1250785636901856,,Master only (1),BRA,0,.0764335107803345,.847770004272461,7.093547470375566,7.081413624836981,1.012207759292522,.9672330602721232,2020,.0888900756835938,.0056426239013672,1,0,0,1,0,0,,,,,,0,0,,
Brazil,BRA,2020,.0624904918670654,.3518060302734375,.9600700378417969,1476.092,1164.715,.1187250328063965,,Master only (1),BRA,0,.0574828004837036,.8711799621582031,7.060231671532631,7.093547470375566,.9672330602721232,1.047625465801729,2021,-.0707300567626953,.0045064544677734,1,0,0,1,0,0,,,,,,0,0,,
Brazil,BRA,2021,.0822687244415283,.3500420379638672,.8893399810791016,1670.65,1220.1851,.1221515655517578,,Master only (1),BRA,0,.0624904918670654,.9600700378417969,7.106757813595863,7.060231671532631,1.047625465801729,1.030166702748647,2022,-.0499499511718751,-.0017639923095703,1,0,0,1,0,0,,,,,,0,0,,
Brazil,BRA,2022,.0932374286651611,.3504119110107422,.8393900299072266,1951.849,1256.994,.1335325813293457,,Master only (1),BRA,0,.0822687244415283,.8893399810791016,7.136478450070324,7.106757813595863,1.030166702748647,1.032415406181915,2023,.0006199645996093,.000369873046875,1,0,0,1,0,0,,,,,,0,0,,
Brazil,BRA,2023,.0777528190612793,.3504664611816406,.8400099945068359,2191.137,1297.74,.1474585723876953,,Master only (1),BRA,0,.0932374286651611,.8393900299072266,7.168379561508164,7.136478450070324,1.032415406181915,,,,.0000545501708984,1,0,0,2,0,0,,,,,,0,0,,
Canada,CAN,1995,.0158591902256012,.5884635162353515,1.000839996337891,605.94098,1261.782,.1319682788848877,.0847539966310873,Matched (3),CAN,0,,,7.140280272568533,,,1.016889633433619,1996,.0016000366210938,,3,0,0,2,0,0,,,,,,0,0,,
Canada,CAN,1996,.008033429980278,.5902402496337891,1.002440032958984,630.59802,1283.093,.1213239574432373,.0514708370247553,Matched (3),CAN,0,.0158591902256012,1.000839996337891,7.157028862048526,7.140280272568533,1.016889633433619,1.042801237320782,1997,-.0497200012207032,.0017767333984375,1,0,0,1,0,0,,,,,,0,0,,
Canada,CAN,1997,-.001968249976635,.5936422348022461,.9527200317382812,655.01001,1338.011,.1076042461395264,.0586324894337287,Matched (3),CAN,0,.008033429980278,1.002440032958984,7.198939451662031,7.157028862048526,1.042801237320782,1.038928705866425,1998,-.0198200225830077,.003401985168457,1,0,0,1,0,0,,,,,,0,0,,
Canada,CAN,1998,.0001673300005496,.5909560775756836,.9329000091552735,634.00403,1390.098,.1068910884857178,.1379415087887021,Matched (3),CAN,0,-.001968249976635,.9527200317382812,7.237129543394406,7.198939451662031,1.038928705866425,1.051410019053042,1999,-.043239974975586,-.0026861572265625,1,0,0,1,0,0,,,,,,0,0,,
Canada,CAN,1999,-.0010329400002956,.5985620498657227,.8896600341796875,678.41699,1461.563,.0945220947265625,.0781093518089416,Matched (3),CAN,0,.0001673300005496,.9329000091552735,7.287261682001826,7.237129543394406,1.051410019053042,1.05138541954464,2000,-.0852900695800781,.0076059722900391,1,0,0,1,0,0,,,,,,0,0,,
Canada,CAN,2000,-.0010022699832916,.604507942199707,.8043699645996094,744.63098,1536.666,.0698891115188599,.0608704636174492,Matched (3),CAN,0,-.0010329400002956,.8896600341796875,7.337370423651128,7.287261682001826,1.05138541954464,1.01875096120482,2001,.010250015258789,.0059458923339843,0,1,1,0,1,1,.0503575005716714,.0503575005716714,.0448010556797968,-.0264470317719336,.0183540239078632,1,1,.0222574921778368,.0228550116238276
Canada,CAN,2001,.0047212201356888,.6052193450927734,.8146199798583984,738.96802,1565.48,.068480978012085,.064697134700972,Matched (3),CAN,0,-.0010022699832916,.8043699645996094,7.355947752737553,7.337370423651128,1.01875096120482,1.029992720134069,2002,-.0185800170898437,.0007114028930664,0,1,1,0,1,1,.0453376358695642,.0453376358695642,.0364682325594313,-.0260280148306302,.0104402177288012,1,1,.0206331038537959,.0228431217601647
Canada,CAN,2002,.007128170132637,.6059158325195313,.7960399627685547,760.14899,1612.433,.0620019912719727,.1049826181887887,Matched (3),CAN,0,.0047212201356888,.8146199798583984,7.385499487123119,7.355947752737553,1.029992720134069,1.018064053201097,2003,-.036919937133789,.0006964874267579,0,1,1,0,1,1,.0461139625868441,.0461139625868441,.0375653552736859,-.0216167916809114,.0159485635927745,1,1,.0203210935741706,.0228238441950468
Canada,CAN,2003,.0081484997272491,.6045864868164063,.7591200256347657,895.599,1641.5601,.044135594367981,.0821316169444905,Matched (3),CAN,0,.007128170132637,.7960399627685547,7.403402323901791,7.385499487123119,1.018064053201097,1.030923595629277,2004,-.0402300262451172,-.001329345703125,0,1,1,0,1,1,.0449198200872217,.0449198200872217,.0357579719098021,-.0241189551640327,.0116390167457694,1,1,.0202653499883407,.0228110109620086
Canada,CAN,2004,.0032483100891113,.6190090560913086,.7188899993896485,1026.473,1692.323,.0373414874076843,.030651723030294,Matched (3),CAN,0,.0081484997272491,.7591200256347657,7.433857419138443,7.403402323901791,1.030923595629277,1.032104423771469,2005,-.0124900054931641,.0144225692749024,0,1,1,0,1,1,.0425211730421518,.0425211730421518,.0322786739697786,-.0297559558927951,.0025227180769835,1,1,.0203072643330322,.0230096537264346
Canada,CAN,2005,-.0021366299688816,.6315751647949219,.7063999938964843,1173.505,1746.6541,.0244298052787781,.1139982598465542,Matched (3),CAN,0,.0032483100891113,.7188899993896485,7.465457266903941,7.433857419138443,1.032104423771469,1.026379538445088,2006,-.0072000122070313,.0125661087036133,0,1,1,0,1,1,.0404996910523337,.0404996910523337,.0291148228758931,-.0206295872651488,.0084852356107443,1,1,.0186059677583989,.0228460359459521
Canada,CAN,2006,-.005806679725647,.6763046264648438,.6991999816894531,1319.356,1792.73,.0143993282318115,.136885503922091,Matched (3),CAN,0,-.0021366299688816,.7063999938964843,7.491494865760576,7.465457266903941,1.026379538445088,1.020498917203299,2007,-.0273899841308594,.0447294616699219,0,1,1,0,1,1,.0398593980187711,.0398593980187711,.0281566785171774,-.0181234552255569,.0100332232916206,1,1,.0181768647889486,.0229456486364471
Canada,CAN,2007,-.0035642001032829,.6766651153564454,.6718099975585937,1468.896,1829.479,.0135848677158356,.0513221099539552,Matched (3),CAN,0,-.005806679725647,.6991999816894531,7.511786507982502,7.491494865760576,1.020498917203299,1.009954165891555,2008,.0317500305175782,.0003604888916016,0,1,1,0,1,1,.0390708667122392,.0390708667122392,.0273183492897887,-.027492567659193,-.0001742183694042,1,1,.0190461743241768,.0228922502823623
Canada,CAN,2008,-.0003460299968719,.6806037139892578,.7035600280761719,1552.864,1847.6899,.007238193154335,.042644873766965,Matched (3),CAN,0,-.0035642001032829,.6718099975585937,7.521691457500562,7.511786507982502,1.009954165891555,.9708490384292675,2009,.114469985961914,.0039385986328124,0,1,1,0,1,1,.0374167195033126,.0374167195033126,.025136926238171,-.028442716989167,-.003305790750996,1,1,.0187404670401605,.0229354305142728
Canada,CAN,2009,-.0000969200022519,.6822867584228516,.818030014038086,1376.509,1793.828,.0279470896720886,.0916741042254969,Matched (3),CAN,0,-.0003460299968719,.7035600280761719,7.492107164516277,7.521691457500562,.9708490384292675,1.030908186089196,2010,.021719970703125,.0016830444335938,0,1,1,0,1,1,.0394996913230752,.0394996913230752,.0277904039362629,-.0230740616402252,.0047163422960377,1,1,.018614656421047,.0228087903742289
Canada,CAN,2010,.0004784400016069,.6624671173095703,.839749984741211,1617.345,1849.272,.0218650531768799,.2044398345919543,Matched (3),CAN,0,-.0000969200022519,.818030014038086,7.522547312325872,7.492107164516277,1.030908186089196,1.03137181307361,2011,.0030899810791015,-.0198196411132813,0,1,1,0,1,1,.0467377151930608,.0467377151930608,.0382328538154876,-.0107263185521252,.0275065352633624,1,1,.0194259289849924,.0235924933686945
Canada,CAN,2011,.0002389400079846,.6702055358886718,.8428399658203125,1793.327,1907.287,.0158883631229401,.0984732322914656,Matched (3),CAN,0,.0004784400016069,.839749984741211,7.553437085785148,7.522547312325872,1.03137181307361,1.017556855437568,2012,.0273100280761719,.0077384185791015,0,1,1,0,1,1,.0475701664954396,.0475701664954396,.0399470465886823,-.0223295634109419,.0176174831777404,1,1,.0208508562711861,.0228138408688884
Canada,CAN,2012,.0008272100239992,.6688584899902343,.8701499938964844,1828.3621,1940.7729,.0183063387870789,.1033031335005233,Matched (3),CAN,0,.0002389400079846,.8428399658203125,7.570841600138587,7.553437085785148,1.017556855437568,1.023257775486621,2013,.0068800354003906,-.0013470458984375,0,1,1,0,1,1,.0477731332629524,.0477731332629524,.0402651060064761,-.0218006936995806,.0184644123068954,1,1,.0208504429746252,.0228207796382831
Canada,CAN,2013,-.0007398600131273,.6711984252929688,.877030029296875,1846.595,1985.911,.0130244886875153,.0868393842330159,Matched (3),CAN,0,.0008272100239992,.8701499938964844,7.593833035314282,7.570841600138587,1.023257775486621,1.028734893506091,2014,-.0194800567626954,.0023399353027345,0,1,1,0,1,1,.0493157840916603,.0493157840916603,.0429121292263586,-.0236034590039106,.019308670222448,1,1,.0215551749584614,.0228085566498017
Canada,CAN,2014,-.0029955199360847,.683747787475586,.8575499725341796,1805.751,2042.976,.0071604615449905,.0357150971438996,Matched (3),CAN,0,-.0007398600131273,.877030029296875,7.622162823895891,7.593833035314282,1.028734893506091,1.006499797831736,2015,.0652799987792969,.0125493621826172,0,1,1,0,1,1,.0495049012557298,.0495049012557298,.0434172849986516,-.0292015211145113,.0142157638841404,1,1,.0223602694421319,.0229762673242147
Canada,CAN,2015,-.0060214298963547,.6755619049072266,.9228299713134765,1556.5081,2056.2549,.0162674880027771,.0883429142936718,Matched (3),CAN,0,-.0029955199360847,.8575499725341796,7.628641589130924,7.622162823895891,1.006499797831736,1.010385494905265,2016,.0019499969482422,-.0081858825683594,0,1,1,0,1,1,.0485781770874207,.0485781770874207,.0416582144270781,-.0234388238540838,.0182193905729944,1,1,.021301224713925,.0228083303149303
Canada,CAN,2016,-.0058127200603485,.6648044586181641,.9247799682617187,1527.996,2077.6101,.0144913148880005,.1004043545140777,Matched (3),CAN,0,-.0060214298963547,.9228299713134765,7.638973525287549,7.628641589130924,1.010385494905265,1.030338226423817,2017,-.0148899841308593,-.0107574462890625,0,1,1,0,1,1,.0524839862616648,.0524839862616648,.048433795536269,-.0221181073152021,.0263156882210669,1,1,.0223990384780215,.0228162813366179
Canada,CAN,2017,-.0054855799674988,.6612613677978516,.9098899841308594,1649.266,2140.6411,.0049822768568993,.0924504356380812,Matched (3),CAN,0,-.0058127200603485,.9247799682617187,7.668860648794523,7.638973525287549,1.030338226423817,1.027429538053203,2018,-.0023300170898438,-.0035430908203125,0,1,1,0,1,1,.0525653468416812,.0525653468416812,.0486113797839162,-.0229890540691958,.0256223257147204,1,1,.022533636275692,.0228090879627358
Canada,CAN,2018,-.0062620800733566,.6523718261718749,.9075599670410156,1725.3,2199.3579,.0024864706397057,.043928163680783,Matched (3),CAN,0,-.0054855799674988,.9098899841308594,7.695920737727389,7.668860648794523,1.027429538053203,1.019084271976573,2019,-.0064599609375,-.0088895416259767,0,1,1,0,1,1,.0514800620882572,.0514800620882572,.04684119287654,-.028302197931543,.018538994944997,1,1,.0228762239800759,.0229284861314303
Canada,CAN,2019,-.0054677599668503,.6497476196289063,.9011000061035156,1743.725,2241.3311,.0029823523759842,,Master only (1),CAN,0,-.0062620800733566,.9075599670410156,7.714825189212423,7.695920737727389,1.019084271976573,.9496178418324421,2020,.279540023803711,-.0026242065429687,1,0,0,1,0,0,,,,,,0,0,,
Canada,CAN,2020,-.0013825500011444,.6430863189697266,1.180640029907227,1655.6851,2128.408,.0119286215305328,,Master only (1),CAN,0,-.0054677599668503,.9011000061035156,7.66312954213656,7.714825189212423,.9496178418324421,1.059505097466047,2021,-.0545800018310547,-.0066613006591797,1,0,0,1,0,0,,,,,,0,0,,
Canada,CAN,2021,-.0007286500185728,.6477869415283203,1.126060028076172,2022.382,2255.0591,-.0151600885391235,,Master only (1),CAN,0,-.0013825500011444,1.180640029907227,7.72093145205087,7.66312954213656,1.059505097466047,1.046954428205158,2022,-.0906500244140624,.0047006225585937,1,0,0,1,0,0,,,,,,0,0,,
Canada,CAN,2022,-.0017695799469948,.6462629699707031,1.035410003662109,2200.5669,2360.9441,-.0099926882982254,,Master only (1),CAN,0,-.0007286500185728,1.126060028076172,7.76681685692241,7.72093145205087,1.046954428205158,1.01953067842816,2023,.0152999877929687,-.0015239715576172,1,0,0,1,0,0,,,,,,0,0,,
Canada,CAN,2023,-.0059766000509262,.6452219390869141,1.050709991455078,2196.594,2407.0549,.0029775482416153,,Master only (1),CAN,0,-.0017695799469948,1.035410003662109,7.786159259143196,7.76681685692241,1.01953067842816,,,,-.001041030883789,1,0,0,2,0,0,,,,,,0,0,,
Switzerland,CHE,1995,-.0187057900428772,.6113742828369141,.4927399826049805,358.258,461.20001,.0257473707199097,.0765677690505981,Matched (3),CHE,0,,,6.133831814862881,,,1.00568082187303,1996,.0128499984741211,,3,0,0,2,0,0,,,,,,0,0,,
Switzerland,CHE,1996,-.0226588988304138,.6124776840209961,.5055899810791016,345.48999,463.82001,.0248375868797302,.06921897093455,Matched (3),CHE,0,-.0187057900428772,.4927399826049805,6.139496561718143,6.133831814862881,1.00568082187303,1.020673944863076,1997,.0238400268554687,.001103401184082,1,0,0,1,0,0,,,,,,0,0,,
Switzerland,CHE,1997,-.0279903292655945,.6172907638549805,.5294300079345703,298.88101,473.409,.0276019740104675,.1217979240417481,Matched (3),CHE,0,-.0226588988304138,.5055899810791016,6.159959701086106,6.139496561718143,1.020673944863076,1.027314647269528,1998,.0234799957275391,.0048130798339844,1,0,0,1,0,0,,,,,,0,0,,
Switzerland,CHE,1998,-.0240101909637451,.6224048233032227,.5529100036621094,306.78601,486.34,.029767472743988,.2460598882039388,Matched (3),CHE,0,-.0279903292655945,.5294300079345703,6.186907960249976,6.159959701086106,1.027314647269528,1.016472050224176,1999,-.0332600021362305,.0051140594482422,1,0,0,1,0,0,,,,,,0,0,,
Switzerland,CHE,1999,-.0277332091331482,.6293922805786133,.5196500015258789,301.703,494.35101,.0345765972137451,.1225872675577799,Matched (3),CHE,0,-.0240101909637451,.5529100036621094,6.203245817867883,6.186907960249976,1.016472050224176,1.037295385722013,2000,-.0030900192260742,.0069874572753906,1,0,0,1,0,0,,,,,,0,0,,
Switzerland,CHE,2000,-.0218151688575745,.6364269638061524,.5165599822998047,282.383,512.78802,.0303869128227234,.1370333194732666,Matched (3),CHE,0,-.0277332091331482,.5196500015258789,6.239862552959265,6.203245817867883,1.037295385722013,1.016308836533013,2001,-.0120299911499023,.0070346832275391,1,0,0,1,0,0,,,,,,0,0,,
Switzerland,CHE,2001,-.0169059097766876,.6389656829833984,.5045299911499024,290.32901,521.151,.028369472026825,.110632537206014,Matched (3),CHE,0,-.0218151688575745,.5165599822998047,6.256039828890697,6.239862552959265,1.016308836533013,1.003804983944558,2002,.0641400146484374,.002538719177246,1,0,0,1,0,0,,,,,,0,0,,
Switzerland,CHE,2002,-.0148135697841644,.641792221069336,.5686700057983398,314.11499,523.13397,.0298713517189026,.1909945678710938,Matched (3),CHE,0,-.0169059097766876,.5045299911499024,6.259837592194332,6.256039828890697,1.003804983944558,.9966204750025872,2003,-.0068199920654297,.0028265380859376,1,0,0,1,0,0,,,,,,0,0,,
Switzerland,CHE,2003,-.0151919901371002,.6385457611083984,.5618500137329101,366.595,521.36603,.0280133390426636,.3745765050252279,Matched (3),CHE,0,-.0148135697841644,.5686700057983398,6.25645234370355,6.259837592194332,.9966204750025872,1.02507638379075,2004,.00875,-.0032464599609375,1,0,0,1,0,0,,,,,,0,0,,
Switzerland,CHE,2004,-.0165174901485443,.6394438934326172,.5706000137329101,408.716,534.44,.0276453471183777,.1246005090077718,Matched (3),CHE,0,-.0151919901371002,.5618500137329101,6.281219474288851,6.25645234370355,1.02507638379075,1.030033353261922,2005,-.0297200012207031,.0008981323242188,1,0,0,1,0,0,,,,,,0,0,,
Switzerland,CHE,2005,-.0227505493164063,.6514859771728516,.5408800125122071,424.42499,550.49103,.0274669051170349,.1998368581136068,Matched (3),CHE,0,-.0165174901485443,.5706000137329101,6.310810657813807,6.281219474288851,1.030033353261922,1.0419297845884,2006,-.0633800125122071,.0120420837402344,0,1,1,0,1,1,.0321081840976965,.0321081840976965,.0183209302870844,-.0112303402155375,.007090590071547,1,1,.0159091765545484,.0235322216818943
Switzerland,CHE,2006,-.0231049203872681,.6941594696044922,.4775,448.5,573.573,.0254352474212646,.2542373847961426,Matched (3),CHE,0,-.0227505493164063,.5408800125122071,6.351885213642634,6.310810657813807,1.0419297845884,1.040177942456546,2007,-.0374000167846679,.0426734924316405,0,1,1,0,1,1,.030584351442473,.030584351442473,.0165424643908825,-.0052735329022662,.0112689314886163,1,1,.0154329949390723,.0243867038163286
Switzerland,CHE,2007,-.0172382497787476,.7042134857177734,.4400999832153321,499.345,596.61798,.0178682661056519,.3339744186401367,Matched (3),CHE,0,-.0231049203872681,.4775,6.391277010676143,6.351885213642634,1.040177942456546,1.024291996645725,2008,.0021600341796875,.0100540161132813,0,1,1,0,1,1,.0271806040584915,.0271806040584915,.0129787384379297,.0034575984912271,.0164363369291568,1,1,.0151077180178455,.0261506468860759
Switzerland,CHE,2008,-.0075585401058197,.7046092224121093,.4422600173950195,574.52301,611.11102,.0161059749126434,.133612060546875,Matched (3),CHE,0,-.0172382497787476,.4400999832153321,6.415278649619418,6.391277010676143,1.024291996645725,.9804569174576075,2009,-.0186000061035156,.0003957366943359,0,1,1,0,1,1,.0241212973396008,.0241212973396008,.0106157825542903,-.0184818942449226,-.0078661116906322,1,1,.0151805191455573,.0229276151575258
Switzerland,CHE,2009,-.0108991599082947,.697950439453125,.4236600112915039,563.35498,599.16803,.0152967894077301,.1712513319651286,Matched (3),CHE,0,-.0075585401058197,.4422600173950195,6.395542075948409,6.415278649619418,.9804569174576075,1.032278033638155,2010,-.0166699981689453,-.0066587829589844,0,1,1,0,1,1,.0244086968919422,.0244086968919422,.0107949907120201,-.0143604288672274,-.0035654381552073,1,1,.0149722366654888,.023210135276876
Switzerland,CHE,2010,-.0153505802154541,.7124388885498046,.4069900131225586,609.479,618.508,.01486607670784,.0703048578898112,Matched (3),CHE,0,-.0108991599082947,.4236600112915039,6.427310119162838,6.395542075948409,1.032278033638155,1.014728969417193,2011,.0053799819946289,.0144884490966797,0,1,1,0,1,1,.0228816981083873,.0228816981083873,.0096940604789681,-.0254139743325112,-.0157199138535431,1,1,.0156110001186127,.0228288427585046
Switzerland,CHE,2011,-.0128099405765533,.7084923553466796,.4123699951171875,727.07898,627.61798,.0122984504699707,.279445743560791,Matched (3),CHE,0,-.0153505802154541,.4069900131225586,6.441931670794276,6.427310119162838,1.014728969417193,1.011972311683103,2012,.0061999893188476,-.003946533203125,0,1,1,0,1,1,.0227856193365667,.0227856193365667,.0092735195127949,-.0025132409528681,.0067602785599268,1,1,.0146811559729507,.0248827328455028
Switzerland,CHE,2012,-.0117891597747803,.7095062255859375,.4185699844360352,698.23297,635.13202,.0115782082080841,.2283347702026367,Matched (3),CHE,0,-.0128099405765533,.4123699951171875,6.453832881288324,6.441931670794276,1.011972311683103,1.01847645056416,2013,-.006349983215332,.0010138702392578,0,1,1,0,1,1,.0228862194958919,.0228862194958919,.0094375902217718,-.0081098452222529,.0013277449995189,1,1,.0146617627811722,.0239416947099985
Switzerland,CHE,2013,-.0146261596679687,.7170462799072266,.4122200012207031,719.18701,646.867,.0080205428600311,.1013433774312337,Matched (3),CHE,0,-.0117891597747803,.4185699844360352,6.472140716021064,6.453832881288324,1.01847645056416,1.024816505412346,2014,.0002199935913086,.0075400543212891,0,1,1,0,1,1,.0227129700366134,.0227129700366134,.0095069675147214,-.0220152851750253,-.0125083176603039,1,1,.015291583284567,.022817628779199
Switzerland,CHE,2014,-.01855672955513,.7278459930419922,.4124399948120117,741.185,662.91998,.0074436140060425,.1982884788513184,Matched (3),CHE,0,-.0146261596679687,.4122200012207031,6.496654293475696,6.472140716021064,1.024816505412346,1.01398812902456,2015,.0019599914550781,.0107997131347656,0,1,1,0,1,1,.0227497544779982,.0227497544779982,.0093779038186911,-.0113998863114262,-.0020219824927351,1,1,.0147155387029564,.0235124639911938
Switzerland,CHE,2015,-.0220236706733704,.7259014892578125,.4143999862670898,705.86102,672.19299,.0070548367500305,.3960005060831706,Matched (3),CHE,0,-.01855672955513,.4124399948120117,6.510545491499788,6.496654293475696,1.01398812902456,1.01953753719397,2016,-.0113800048828125,-.0019445037841797,0,1,1,0,1,1,.0236024388493945,.0236024388493945,.0097345897565951,.0102493976488054,.0199839874054005,1,1,.0153493211283569,.0278773711958644
Switzerland,CHE,2016,-.0219174408912659,.7113080596923829,.4030199813842774,698.552,685.32599,.0053775137662888,.1905670166015625,Matched (3),CHE,0,-.0220236706733704,.4143999862670898,6.529894621073545,6.510545491499788,1.01953753719397,1.014607626869804,2017,.0077900314331055,-.0145934295654296,0,1,1,0,1,1,.0228456824059693,.0228456824059693,.009467250475296,-.0122453792800312,-.0027781288047353,1,1,.0147479317460767,.0234178498497324
Switzerland,CHE,2017,-.0242833995819092,.7016857147216797,.4108100128173828,706.89398,695.33698,.0042993822693825,.253046449025472,Matched (3),CHE,0,-.0219174408912659,.4030199813842774,6.544396584315598,6.529894621073545,1.014607626869804,1.033557895302316,2018,-.0211899948120117,-.0096223449707031,0,1,1,0,1,1,.0224390818169989,.0224390818169989,.0090433983361672,-.0054039392667076,.0036394590694596,1,1,.0146299391870081,.0243647769399728
Switzerland,CHE,2018,-.0290591192245483,.6972866821289062,.3896200180053711,741.21899,718.67102,.0027205836772919,.3644027455647787,Matched (3),CHE,0,-.0242833995819092,.4108100128173828,6.577403701562946,6.544396584315598,1.033557895302316,1.011100999039806,2019,-.0013100051879883,-.0043990325927735,0,1,1,0,1,1,.0233719958980244,.0233719958980244,.0096014499344352,.0067894721220297,.0163909220564649,1,1,.0150940284135694,.0269630143371347
Switzerland,CHE,2019,-.0264215397834778,.6965987396240234,.3883100128173828,736.84998,726.64899,.0015629789233208,,Master only (1),CHE,0,-.0290591192245483,.3896200180053711,6.588443536749878,6.577403701562946,1.011100999039806,.9763517733146181,2020,.0355199813842774,-.0006879425048828,1,0,0,1,0,0,,,,,,0,0,,
Switzerland,CHE,2020,-.0140000796318054,.6917594909667969,.4238299942016602,755.58197,709.46503,.0019496101140976,,Master only (1),CHE,0,-.0264215397834778,.3883100128173828,6.564511202721987,6.588443536749878,.9763517733146181,1.061668935703455,2021,-.0264099884033203,-.0048392486572265,1,0,0,1,0,0,,,,,,0,0,,
Switzerland,CHE,2021,-.0169274497032166,.6890492248535156,.3974200057983399,840.08398,753.21698,.0039271366596222,,Master only (1),CHE,0,-.0140000796318054,.4238299942016602,6.624353340316024,6.564511202721987,1.061668935703455,1.03594453705124,2022,-.0384300231933594,-.0027102661132813,1,0,0,1,0,0,,,,,,0,0,,
Switzerland,CHE,2022,-.0214552998542786,.6895353698730469,.3589899826049805,858.34497,780.29102,.0029106554389,,Master only (1),CHE,0,-.0169274497032166,.3974200057983399,6.659666947055404,6.624353340316024,1.03594453705124,1.008750585093202,2023,.0137200164794922,.0004861450195313,1,0,0,1,0,0,,,,,,0,0,,
Switzerland,CHE,2023,-.028746919631958,.6913300323486328,.3727099990844727,928.68903,787.11902,.0034129694104195,,Master only (1),CHE,0,-.0214552998542786,.3589899826049805,6.668379467675301,6.659666947055404,1.008750585093202,,,,.0017946624755859,1,0,0,2,0,0,,,,,,0,0,,
Chile,CHL,1995,,.4421100997924804,.1725,74.119003,77759.328,.0424796009063721,.0212694171965122,Matched (3),CHL,0,,,11.26137379872919,,,1.049848320046811,1996,-.0266600036621094,,3,0,0,1,0,0,,,,,,0,0,,
Chile,CHL,1996,,.4435077285766602,.1458399963378906,78.574997,81635.5,.0327226281166077,.0239025537769,Matched (3),CHL,0,,.1725,11.31001949536542,11.26137379872919,1.049848320046811,1.07391736744431,1997,-.0180399990081787,.0013976287841797,2,0,0,0,1,1,,,,-.0304949836783483,,0,0,,.0230587891380895
Chile,CHL,1997,,.4358071136474609,.1277999973297119,85.730003,87669.781,.0287343621253967,.1570662151376407,Matched (3),CHL,0,,.1458399963378906,11.38133254942724,11.31001949536542,1.07391736744431,1.041808875849111,1998,-.0066499996185303,-.0077006149291992,2,0,0,0,1,1,,,,-.015913686028701,,0,0,,.0230844504765444
Chile,CHL,1998,,.4304037475585937,.1211499977111816,81.996002,91335.156,.0227395057678223,.0789594574371974,Matched (3),CHL,0,,.1277999973297119,11.42229105544453,11.38133254942724,1.041808875849111,.9972636837198162,1999,.0116200065612793,-.0054033660888672,2,0,0,0,1,1,,,,-.0244663036936191,,0,0,,.02281415657484
Chile,CHL,1999,,.4410421371459961,.1327700042724609,75.596001,91085.234,.0249596309661865,.0039705919303621,Matched (3),CHL,0,,.1211499977111816,11.41955098860758,11.42229105544453,.9972636837198162,1.049716225616288,2000,-.0013100051879883,.0106383895874024,2,0,0,0,1,1,,,,-.0326775150495642,,0,0,,.0232344795210386
Chile,CHL,2000,,.4530197525024414,.1314599990844726,78.25,95613.648,.0287685441970825,.0028993755479654,Matched (3),CHL,0,,.1327700042724609,11.46807085493202,11.41955098860758,1.049716225616288,1.031540345434797,2001,.0120199966430664,.0119776153564453,2,0,0,0,1,1,,,,-.0327948122518136,,0,0,,.0232452021944055
Chile,CHL,2001,,.4592436218261719,.1434799957275391,71.516998,98629.336,.0201877737045288,.0105046554207802,Matched (3),CHL,0,,.1314599990844726,11.49912402106012,11.46807085493202,1.031540345434797,1.03202798039218,2002,.0069700050354004,.0062238693237305,2,0,0,0,1,1,,,,-.0319620411459338,,0,0,,.0231718877799198
Chile,CHL,2002,,.4687358856201172,.1504500007629395,70.294998,101788.23,.0223775577545166,.0233701031307379,Matched (3),CHL,0,,.1434799957275391,11.53064980053507,11.49912402106012,1.03202798039218,1.047232481897542,2003,-.0247200012207031,.0094922637939453,2,0,0,0,1,1,,,,-.0305532865312145,,0,0,,.0230628899574384
Chile,CHL,2003,,.4586322402954102,.1257299995422363,76.508003,106595.95,.0242168498039246,.0231111034949621,Matched (3),CHL,0,,.1504500007629395,11.57680075352237,11.53064980053507,1.047232481897542,1.0667425421684,2004,-.0225899982452392,-.010103645324707,2,0,0,0,1,1,,,,-.0305816467515765,,0,0,,.0230648965548364
Chile,CHL,2004,,.4651131820678711,.1031400012969971,99.079002,113710.43,.0217790603637695,.0374133472839991,Matched (3),CHL,0,,.1257299995422363,11.64141040541297,11.57680075352237,1.0667425421684,1.058370442739868,2005,-.0327400016784668,.0064809417724609,2,0,0,0,1,1,,,,-.0290155642962374,,0,0,,.0229657395614497
Chile,CHL,2005,,.4779682159423828,.0703999996185303,122.315,120347.76,.0176491916179657,.025707236098436,Matched (3),CHL,0,,.1031400012969971,11.69814081248096,11.64141040541297,1.058370442739868,1.060499932714523,2006,-.0201800012588501,.0128550338745117,2,0,0,0,1,1,,,,-.0302973726347312,,0,0,,.0230451336636987
Chile,CHL,2006,,.492902946472168,.0502199983596802,153.84,127628.79,.0065551280975342,.0141643982902169,Matched (3),CHL,0,,.0703999996185303,11.75688124405662,11.69814081248096,1.060499932714523,1.051682292733106,2007,-.0112099981307983,.0149347305297852,2,0,0,0,1,1,,,,-.0315613026895477,,0,0,,.0231389516107688
Chile,CHL,2007,.0157958805561066,.5048554611206054,.0390100002288818,172.565,134224.94,-.0067862516641617,.0114726453771194,Matched (3),CHL,0,,.0502199983596802,11.8072723096546,11.75688124405662,1.051682292733106,1.03789394575058,2008,.010149998664856,.0119525146484374,1,0,0,0,1,1,,,,-.0318560471417812,,0,0,,.023163027649478
Chile,CHL,2008,.0313796997070313,.5088427734375,.0491599988937378,179.66299,139311.25,-.0138791692256927,.0732654682397842,Matched (3),CHL,0,.0157958805561066,.0390100002288818,11.8444659174545,11.8072723096546,1.03789394575058,.9888195497492126,2009,.0092899990081787,.0039873123168945,0,1,1,0,1,1,.0001818695900444,.0001818695900444,7.09473274926e-06,-.0250897902398207,-.0250826955070714,1,1,.0162135382100393,.0228228141126916
Chile,CHL,2009,.0234771609306335,.5048184967041016,.0584499979019165,171.79401,137753.69,-.009653907418251,.0368033253749212,Matched (3),CHL,0,.0313796997070313,.0491599988937378,11.83322249616685,11.8444659174545,.9888195497492126,1.058516582360091,2010,.027620005607605,-.0040242767333983,0,1,1,0,1,1,.0006263390224562,.0006263390224562,.0000307908256511,-.0290823611305853,-.0290515703049342,1,1,.0162679761478115,.0229694823990745
Chile,CHL,2010,.0308438396453857,.516252555847168,.0860700035095215,217.105,145814.56,.0022074100375175,.0190634921391805,Matched (3),CHL,0,.0234771609306335,.0584499979019165,11.89009097354159,11.83322249616685,1.058516582360091,1.062238939612084,2011,.0251999950408936,.0114340591430664,0,1,1,0,1,1,.0010995428478859,.0010995428478859,.000064268277152,-.0310248564481682,-.0309605881710162,1,1,.0162920266994523,.0230972604433538
Chile,CHL,2011,.0276474595069885,.5222876739501953,.111269998550415,251.22501,154889.91,.0039896351099014,.0163941732545694,Matched (3),CHL,0,.0308438396453857,.0860700035095215,11.95046986127337,11.89009097354159,1.062238939612084,1.061553397705669,2012,.008120002746582,.0060351181030273,0,1,1,0,1,1,.0027190826426851,.0027190826426851,.0002340314525986,-.0313171443950496,-.031083112942451,1,1,.0161067175597866,.0231196350427048
Chile,CHL,2012,.0366467499732971,.5382090759277344,.1193900012969971,267.16501,164423.91,.0046272927522659,.0634278607368469,Matched (3),CHL,0,.0276474595069885,.111269998550415,12.01020316617844,11.95046986127337,1.061553397705669,1.033085118211027,2013,.0084500026702881,.0159214019775391,0,1,1,0,1,1,.0044068197875024,.0044068197875024,.0004903468313673,-.0261669991547373,-.02567665232337,1,1,.0156576873059238,.0228468727432539
Chile,CHL,2013,.0295971393585205,.5437157821655273,.1278400039672851,277.21799,169863.89,.003577264547348,.1021489804585775,Matched (3),CHL,0,.0366467499732971,.1193900012969971,12.04275275196395,12.01020316617844,1.033085118211027,1.017926485074585,2014,.0223600006103516,.0055067062377929,0,1,1,0,1,1,.0050507318609123,.0050507318609123,.0006030068834251,-.0219270723892764,-.0213240655058513,1,1,.0154505899850706,.0228188685803726
Chile,CHL,2014,.0218902492523193,.5618909454345703,.1502000045776367,259.39401,172908.95,.0064412236213684,.0391190017064412,Matched (3),CHL,0,.0295971393585205,.1278400039672851,12.06052045243021,12.04275275196395,1.017926485074585,1.021519363559561,2015,.0235499954223633,.018175163269043,0,1,1,0,1,1,.0052819866112671,.0052819866112671,.0006752491893395,-.0288287967159011,-.0281535475265616,1,1,.0156954590029856,.022955505443804
Chile,CHL,2015,.0233561205863953,.5545716094970703,.17375,242.515,176629.84,.0095034658908844,.0471988902576268,Matched (3),CHL,0,.0218902492523193,.1502000045776367,12.08181154353154,12.06052045243021,1.021519363559561,1.017530393274777,2016,.0372599983215332,-.0073193359375,0,1,1,0,1,1,.0066365917637438,.0066365917637438,.0009968161132942,-.0279440563990841,-.0269472402857899,1,1,.0155269532380333,.0229116627041306
Chile,CHL,2016,.0257667088508606,.5386377716064453,.2110099983215332,249.306,179726.23,.0125077068805695,.0726124930381775,Matched (3),CHL,0,.0233561205863953,.17375,12.09919005196035,12.08181154353154,1.017530393274777,1.013576986317471,2017,.0255100059509278,-.015933837890625,0,1,1,0,1,1,.0081350797447452,.0081350797447452,.0014134701056495,-.0251612904199387,-.0237478203142892,1,1,.015265396910834,.0228240539939069
Chile,CHL,2017,.0191181695461273,.5376282501220703,.2365200042724609,276.35699,182166.38,.015788322687149,.0659686091343562,Matched (3),CHL,0,.0257667088508606,.2110099983215332,12.11267569683144,12.09919005196035,1.013576986317471,1.039900338358273,2018,.0214599990844727,-.0010095214843751,0,1,1,0,1,1,.0103069513099134,.0103069513099134,.002174869778605,-.0258887895571761,-.0237139197785712,1,1,.0151802790629845,.0228395562620908
Chile,CHL,2018,.0171707999706268,.5384768676757813,.2579800033569336,295.42801,189434.88,.0153317034244537,.0089102218223029,Matched (3),CHL,0,.0191181695461273,.2365200042724609,12.15180057689122,12.11267569683144,1.039900338358273,1.006343621389673,2019,.025319995880127,.000848617553711,0,1,1,0,1,1,.0115709085798268,.0115709085798268,.0027367513467369,-.0321366301490029,-.029399878802266,1,1,.0156304918481909,.0231867143860176
Chile,CHL,2019,.0152595496177673,.5298571395874023,.2832999992370606,278.04001,190636.58,.0147683763504028,,Master only (1),CHL,0,.0171707999706268,.2579800033569336,12.15812416220427,12.15180057689122,1.006343621389673,.938565288780411,2020,.0405000114440918,-.008619728088379,1,0,0,1,0,0,,,,,,0,0,,
Chile,CHL,2020,.0196384799480438,.5295795822143554,.3238000106811523,254.06,178924.88,.0236438870429993,,Master only (1),CHL,0,.0152595496177673,.2832999992370606,12.09472130398981,12.15812416220427,.938565288780411,1.113149181325403,2021,.0406800079345703,-.0002775573730469,1,0,0,1,0,0,,,,,,0,0,,
Chile,CHL,2021,.0308160400390625,.5330508422851562,.3644800186157227,315.41101,199170.08,.0238405513763428,,Master only (1),CHL,0,.0196384799480438,.3238000106811523,12.20191440263409,12.09472130398981,1.113149181325403,1.021539929167008,2022,.0145899963378906,.0034712600708008,1,0,0,1,0,0,,,,,,0,0,,
Chile,CHL,2022,.0336124491691589,.5325830841064453,.3790700149536133,301.26999,203460.19,.0170909738540649,,Master only (1),CHL,0,.0308160400390625,.3644800186157227,12.22322562590438,12.20191440263409,1.021539929167008,1.00521370427814,2023,.0150799942016602,-.0004677581787109,1,0,0,1,0,0,,,,,,0,0,,
Chile,CHL,2023,.0166327905654907,.5308937454223632,.3941500091552734,335.62701,204520.97,.0143693029880524,,Master only (1),CHL,0,.0336124491691589,.3790700149536133,12.22842578588329,12.22322562590438,1.00521370427814,,,,-.0016893386840821,1,0,0,2,0,0,,,,,,0,0,,
China,CHN,1995,,.3626593399047852,.2142399978637695,737.89398,11618.511,.0501381778717041,.0668744713986124,Matched (3),CHN,0,,,9.360354858869346,,,1.099681399773311,1996,-.0020299911499023,,3,0,0,1,0,0,,,,,,0,0,,
China,CHN,1996,,.3636147689819336,.2122100067138672,868.76801,12776.66,.0529446172714233,.0595118327916106,Matched (3),CHN,0,,.2142399978637695,9.455375360151182,9.360354858869346,1.099681399773311,1.093188415766664,1997,-.0082700157165528,.0009554290771484,2,0,0,0,1,1,,,,-.0265958005896809,,0,0,,.0228596512006643
China,CHN,1997,,.3603414154052734,.2039399909973144,967.89001,13967.297,.068447413444519,.1169202785095551,Matched (3),CHN,0,,.2122100067138672,9.544473938539173,9.455375360151182,1.093188415766664,1.079339349619144,1998,.0004400062561035,-.0032733535766601,2,0,0,0,1,1,,,,-.0203096289264575,,0,0,,.0228553021470939
China,CHN,1998,,.3571147155761719,.204379997253418,1035.515,15075.453,.0738715267181397,.1745232787050653,Matched (3),CHN,0,,.2039399909973144,9.620823079186771,9.544473938539173,1.079339349619144,1.077571776967732,1999,.0117099952697754,-.0032266998291016,2,0,0,0,1,1,,,,-.0140021537280393,,0,0,,.0232423759973385
China,CHN,1999,,.3585369110107422,.2160899925231934,1101.119,16244.883,.052090802192688,.1187456654336458,Matched (3),CHN,0,,.204379997253418,9.695533234319102,9.620823079186771,1.077571776967732,1.08572471138748,2000,.0109900093078613,.0014221954345703,2,0,0,0,1,1,,,,-.0201097507480268,,0,0,,.0228616050152142
China,CHN,2000,,.3629275894165039,.2270800018310547,1220.3459,17637.471,.0545289993286133,.0681512982483889,Matched (3),CHN,0,,.2160899925231934,9.777780935103701,9.695533234319102,1.08572471138748,1.083194459593915,2001,.0154400062561035,.0043906784057617,2,0,0,0,1,1,,,,-.0256497871197008,,0,0,,.0228338838353252
China,CHN,2001,,.3579041671752929,.2425200080871582,1351.395,19104.811,.0487405300140381,.1022078944884769,Matched (3),CHN,0,,.2270800018310547,9.857695443415972,9.777780935103701,1.083194459593915,1.092143432052403,2002,.0130099868774414,-.0050234222412109,2,0,0,0,1,1,,,,-.021920621357539,,0,0,,.0228189622841779
China,CHN,2002,-.0165693199634552,.355137939453125,.2555299949645996,1486.6281,20865.193,.0358653903007507,.1645359324709419,Matched (3),CHN,0,,.2425200080871582,9.945837660146625,9.857695443415972,1.092143432052403,1.101213154121149,2003,.0086499977111816,-.0027662277221679,1,0,0,0,1,1,,,,-.015095758895408,,0,0,,.0231477689842077
China,CHN,2003,-.0082833701372147,.3642817306518555,.2641799926757812,1680.932,22977.025,.0444003057479858,.0787965549087758,Matched (3),CHN,0,-.0165693199634552,.2555299949645996,10.04225009962236,9.945837660146625,1.101213154121149,1.101151566395679,2004,-.0041799926757812,.0091437911987305,0,1,1,0,1,1,.0129902014779785,.0129902014779785,.003319386118257,-.0244841413696827,-.0211647552514258,1,1,.015020715519087,.0228143505295694
China,CHN,2004,.0009313700348139,.3680208206176758,.26,1978.988,25301.188,.0287309956550598,.0964522286673921,Matched (3),CHN,0,-.0082833701372147,.2641799926757812,10.13860661037301,10.04225009962236,1.101151566395679,1.114368396740272,2005,-.0009000015258789,.0037390899658203,0,1,1,0,1,1,.0135759419586573,.0135759419586573,.0035864922472049,-.0225508614369386,-.0189643691897337,1,1,.0149008093849309,.0228117633252156
China,CHN,2005,-.0040261900424957,.3969202041625977,.2590999984741211,2326.5769,28194.844,.0257707118988037,.0894919077050132,Matched (3),CHN,0,.0009313700348139,.26,10.2468943944632,10.13860661037301,1.114368396740272,1.126645081381237,2006,-.0073600006103515,.0288993835449219,0,1,1,0,1,1,.0132995653363226,.0132995653363226,.0034578869874439,-.0233130101391629,-.0198551231517191,1,1,.0149468031328712,.0228083393065147
China,CHN,2006,-.0167007005214691,.4757879638671875,.2517399978637695,2798.78,31765.582,.0258121681213379,.1763348557138793,Matched (3),CHN,0,-.0040261900424957,.2590999984741211,10.36613865656913,10.2468943944632,1.126645081381237,1.141535976007838,2007,.0353400039672851,.0788677597045899,0,1,1,0,1,1,.0136152500364373,.0136152500364373,.0035277112636657,-.0138037877225477,-.010276076458882,1,1,.0146198353077503,.0232607466024785
China,CHN,2007,-.0061608201265335,.4907054901123047,.2870800018310547,3613.6101,36261.555,.0213668060302734,.1745095864018484,Matched (3),CHN,0,-.0167007005214691,.2517399978637695,10.49851335949283,10.36613865656913,1.141535976007838,1.096381778308164,2008,-.0199300003051758,.0149175262451172,0,1,1,0,1,1,.0131729125687895,.0131729125687895,.0033161489819267,-.0140036530225666,-.0106875040406399,1,1,.0146410850639605,.0232422385571533
China,CHN,2008,.0031156900525093,.5104647064208985,.2671500015258789,4655.583,39756.508,.0182081055641174,.1240535853136431,Matched (3),CHN,0,-.0061608201265335,.2870800018310547,10.59052882523552,10.49851335949283,1.096381778308164,1.094450043850918,2009,.0727000045776367,.0197592163085938,0,1,1,0,1,1,.015045341763151,.015045341763151,.0043192167409142,-.0195285384346987,-.0152093216937845,1,1,.0147411409413426,.0228821761655137
China,CHN,2009,.0009989999979734,.5235139083862305,.3398500061035156,5176.499,43511.512,.0179141318798065,.1317235997078763,Matched (3),CHN,0,.0031156900525093,.2671500015258789,10.68078081927917,10.59052882523552,1.094450043850918,1.105867278118838,2010,-.0064200210571289,.013049201965332,0,1,1,0,1,1,.0139011114189444,.0139011114189444,.0037136819367824,-.0186886789586482,-.0149749970218658,1,1,.0147208487228938,.0229177843362971
China,CHN,2010,.0028215199708939,.5593957901000977,.3334299850463867,6138.8779,48117.957,.0182648396492004,.15428869562219,Matched (3),CHN,0,.0009989999979734,.3398500061035156,10.78141071347766,10.68078081927917,1.105867278118838,1.09450961045679,2011,-.0015900039672851,.0358818817138672,0,1,1,0,1,1,.0182896587923432,.0182896587923432,.0062157406522091,-.0162178218444982,-.0100020811922892,1,1,.0146481256735176,.0230625425267933
China,CHN,2011,.0112093901634216,.5647366714477539,.3318399810791016,7628.3828,52665.566,.0182290685176849,.0992420045874813,Matched (3),CHN,0,.0028215199708939,.3334299850463867,10.8717171321022,10.78141071347766,1.09450961045679,1.078476545507342,2012,.006410026550293,.0053408813476562,0,1,1,0,1,1,.0176767897728524,.0176767897728524,.0058939717496303,-.0222453835561792,-.016351411806549,1,1,.0149427088750389,.0228147591070199
China,CHN,2012,.0168459105491638,.5692396926879882,.3382500076293946,8682.5342,56798.578,.0175566673278809,.045504274394518,Matched (3),CHN,0,.0112093901634216,.3318399810791016,10.94726657138535,10.8717171321022,1.078476545507342,1.077706404402179,2013,.0261299896240234,.0045030212402344,0,1,1,0,1,1,.0173546776683938,.0173546776683938,.0057589759091137,-.0281296152673918,-.0223706393582781,1,1,.015399172762718,.0229202220527002
China,CHN,2013,.0148482000827789,.5762224578857422,.364379997253418,9787.5098,61212.191,.0185110521316528,.1766296329766439,Matched (3),CHN,0,.0168459105491638,.3382500076293946,11.02210165464602,10.94726657138535,1.077706404402179,1.074913270761971,2014,.0286999893188477,.006982765197754,0,1,1,0,1,1,.0182900670481792,.0182900670481792,.0061866153185887,-.0137715098851497,-.007584894566561,1,1,.0145709311744491,.0232637708130545
China,CHN,2014,.0164040100574493,.4316226196289062,.3930799865722656,10702.458,65797.797,.0196827685832977,.1209470335487049,Matched (3),CHN,0,.0148482000827789,.364379997253418,11.09434163461001,11.02210165464602,1.074913270761971,1.070184008345644,2015,.0147400283813477,-.144599838256836,0,1,1,0,1,1,.0195964755016269,.0195964755016269,.0071405636894595,-.0198687029772302,-.0127281392877708,1,1,.0148863351112445,.0228697316053815
China,CHN,2015,.0126844596862793,.4439732360839844,.4078200149536133,11305.64,70415.75,.0176767671108246,.1305529961434437,Matched (3),CHN,0,.0164040100574493,.3930799865722656,11.1621722387151,11.09434163461001,1.070184008345644,1.067755504805388,2016,.0925099945068359,.0123506164550781,0,1,1,0,1,1,.0213319188504286,.0213319188504286,.0083851503752871,-.0188168589653281,-.0104317085900409,1,1,.0149397004017329,.0229119011959552
China,CHN,2016,.0105208301544189,.4460137557983399,.5003300094604493,11452,75186.805,.0235140657424927,.16565485666317,Matched (3),CHN,0,.0126844596862793,.4078200149536133,11.22773102496023,11.1621722387151,1.067755504805388,1.068909510904662,2017,.038579978942871,.0020405197143555,0,1,1,0,1,1,.0223513519128811,.0223513519128811,.0091153286713446,-.0149732377321451,-.0058579090608004,1,1,.0148151690706454,.0231578039436305
China,CHN,2017,.012763090133667,.4565662002563476,.5389099884033203,12516.152,80367.891,.0259110713005066,.1384306688705109,Matched (3),CHN,0,.0105208301544189,.5003300094604493,11.29437000506167,11.22773102496023,1.068909510904662,1.067586168683272,2018,.0198400115966797,.0105524444580078,0,1,1,0,1,1,.0276981604111362,.0276981604111362,.0138582208605408,-.0179542610940612,-.0040960402335204,1,1,.0156113613268942,.0229545977541193
China,CHN,2018,.0073991197347641,.4620459747314453,.55875,14107.927,85799.648,.0278832626342773,.1285015664532015,Matched (3),CHN,0,.012763090133667,.5389099884033203,11.35977018800262,11.29437000506167,1.067586168683272,1.060647283756535,2019,.0396300125122071,.0054797744750977,0,1,1,0,1,1,.0299340202668731,.0299340202668731,.0161317425148853,-.0190414886174049,-.0029097461025196,1,1,.0160649453895471,.022901980623327
China,CHN,2019,.0106128001213074,.52802490234375,.5983800125122071,14593.45,91003.164,.0303930449485779,,Master only (1),CHN,0,.0073991197347641,.55875,11.41864955481211,11.35977018800262,1.060647283756535,1.023365774112421,2020,.1029600143432616,.0659789276123047,1,0,0,1,0,0,,,,,,0,0,,
China,CHN,2020,.0207464408874512,.5450856399536133,.7013400268554687,15110.191,93129.523,.0372304654121399,,Master only (1),CHN,0,.0106128001213074,.5983800125122071,11.44174652832769,11.41864955481211,1.023365774112421,1.085557085775783,2021,.0199699401855469,.0170607376098633,1,0,0,1,0,0,,,,,,0,0,,
China,CHN,2021,.0159805905818939,.5505420303344727,.7213099670410156,18183.506,101097.41,.0342573714256287,,Master only (1),CHN,0,.0207464408874512,.7013400268554687,11.52383982666463,11.44174652832769,1.085557085775783,1.031120819500437,2022,.0516300201416016,.0054563903808594,1,0,0,1,0,0,,,,,,0,0,,
China,CHN,2022,-.0016854199767113,.55301025390625,.7729399871826171,18337.777,104243.65,.0363306093215942,,Master only (1),CHN,0,.0159805905818939,.7213099670410156,11.55448621154597,11.52383982666463,1.031120819500437,1.053768188964151,2023,.0679000091552735,.0024682235717773,1,0,0,1,0,0,,,,,,0,0,,
China,CHN,2023,-.0121863496303558,.5556672286987304,.8408399963378906,18366.936,109848.64,.035118727684021,,Master only (1),CHN,0,-.0016854199767113,.7729399871826171,11.60685870290687,11.55448621154597,1.053768188964151,,,,.0026569747924804,1,0,0,2,0,0,,,,,,0,0,,
Côte d'Ivoire,CIV,1995,,.3107380294799805,,15.205,14897.855,,,Matched (3),CIV,0,,,9.608972553303071,,,1.081356940792915,1996,,,5,0,0,3,0,0,,,,,,0,0,,
Côte d'Ivoire,CIV,1996,,.3097897148132324,,16.780001,16109.899,,,Matched (3),CIV,0,,,9.687189232455843,9.608972553303071,1.081356940792915,1.05722649547599,1997,,-.0009483146667481,5,0,0,2,0,0,,,,,,0,0,,
Côte d'Ivoire,CIV,1997,,.3046832466125488,.8418199920654297,16.202999,17031.813,.2222838592529297,,Matched (3),CIV,0,,,9.742838197823193,9.687189232455843,1.05722649547599,1.049306857755157,1998,-.0902199554443359,-.0051064682006836,5,0,0,2,0,0,,,,,,0,0,,
Côte d'Ivoire,CIV,1998,,.2991402053833008,.7516000366210938,17.433001,17871.598,.2007499313354492,,Matched (3),CIV,0,,.8418199920654297,9.790968008535987,9.742838197823193,1.049306857755157,1.01617528161501,1999,.0285799407958984,-.005543041229248,4,0,0,2,0,0,,,,,,0,0,,
Côte d'Ivoire,CIV,1999,,.2839885711669922,.7801799774169922,17.114,18160.676,.228629035949707,,Matched (3),CIV,0,,.7516000366210938,9.807013864086811,9.790968008535987,1.01617528161501,.9793159283677193,2000,-.0403099822998046,-.0151516342163086,4,0,0,2,0,0,,,,,,0,0,,
Côte d'Ivoire,CIV,2000,,.2690404891967774,.7398699951171875,14.851,17785.039,.2425500106811523,,Matched (3),CIV,0,,.7801799774169922,9.786112880753493,9.807013864086811,.9793159283677193,1.001213823064944,2001,-.0281500244140626,-.0149480819702148,4,0,0,2,0,0,,,,,,0,0,,
Côte d'Ivoire,CIV,2001,,.2644327163696289,.711719970703125,15.485,17806.627,.1886636924743652,,Matched (3),CIV,0,,.7398699951171875,9.787325967730814,9.786112880753493,1.001213823064944,.9833235585461128,2002,-.0818999862670898,-.0046077728271485,4,0,0,2,0,0,,,,,,0,0,,
Côte d'Ivoire,CIV,2002,,.2598292922973633,.6298199844360352,17.148001,17509.676,.165235538482666,,Matched (3),CIV,0,,.711719970703125,9.770508908903444,9.787325967730814,.9833235585461128,.9864046151268595,2003,-.0660099792480469,-.0046034240722656,4,0,0,2,0,0,,,,,,0,0,,
Côte d'Ivoire,CIV,2003,,.2507492065429687,.5638100051879883,21.205999,17271.625,.1240581703186035,,Matched (3),CIV,0,,.6298199844360352,9.756820260518465,9.770508908903444,.9864046151268595,1.01231766517337,2004,.0033699798583984,-.0090800857543946,4,0,0,2,0,0,,,,,,0,0,,
Côte d'Ivoire,CIV,2004,,.2355785942077637,.5671799850463867,22.924,17484.371,.1203688812255859,,Matched (3),CIV,0,,.5638100051879883,9.769062680520603,9.756820260518465,1.01231766517337,1.017212470333438,2005,.0144600296020508,-.0151706123352051,4,0,0,2,0,0,,,,,,0,0,,
Côte d'Ivoire,CIV,2005,,.2171926307678223,.5816400146484375,23.625999,17785.32,.1133561325073242,,Matched (3),CIV,0,,.5671799850463867,9.786128694481828,9.769062680520603,1.017212470333438,1.015158546747427,2006,-.0069300079345703,-.0183859634399414,4,0,0,2,0,0,,,,,,0,0,,
Côte d'Ivoire,CIV,2006,,.1793415451049805,.5747100067138672,24.628,18054.92,.0937662887573242,,Matched (3),CIV,0,,.5816400146484375,9.801173498469099,9.786128694481828,1.015158546747427,1.017650356945859,2007,-.039379997253418,-.0378510856628418,4,0,0,2,0,0,,,,,,0,0,,
Côte d'Ivoire,CIV,2007,,.1965656852722168,.5353300094604492,28.158001,18373.596,.08537428855896,,Matched (3),CIV,0,,.5747100067138672,9.818669896840822,9.801173498469099,1.017650356945859,1.025428388925557,2008,-.0229299926757812,.0172241401672363,4,0,0,2,0,0,,,,,,0,0,,
Côte d'Ivoire,CIV,2008,,.1946445083618164,.512400016784668,33.620998,18840.807,.0872739887237549,,Matched (3),CIV,0,,.5353300094604492,9.843780362533602,9.818669896840822,1.025428388925557,1.032514510713894,2009,-.0476399993896484,-.0019211769104004,4,0,0,2,0,0,,,,,,0,0,,
Côte d'Ivoire,CIV,2009,,.2005732154846191,.4647600173950195,33.693001,19453.406,.0794979095458984,,Matched (3),CIV,0,,.512400016784668,9.875777462248085,9.843780362533602,1.032514510713894,1.020176415120103,2010,-.0086400222778321,.0059287071228027,4,0,0,2,0,0,,,,,,0,0,,
Côte d'Ivoire,CIV,2010,,.1833553695678711,.4561199951171875,34.431,19845.906,.0869896411895752,,Matched (3),CIV,0,,.4647600173950195,9.895753030589201,9.875777462248085,1.020176415120103,.9514266363182583,2011,.0441600036621094,-.017217845916748,4,0,0,2,0,0,,,,,,0,0,,
Côte d'Ivoire,CIV,2011,,.1843300628662109,.5002799987792969,35.528999,18881.924,.1270857620239258,,Matched (3),CIV,0,,.4561199951171875,9.845960332184388,9.895753030589201,.9514266363182583,1.108640197692382,2012,-.2533499908447265,.0009746932983398,4,0,0,2,0,0,,,,,,0,0,,
Côte d'Ivoire,CIV,2012,,.1978211784362793,.2469300079345703,37.029999,20933.26,.0888568305969238,,Matched (3),CIV,0,,.5002799987792969,9.949094549401034,9.845960332184388,1.108640197692382,1.092719430399571,2013,-.0006900024414063,.0134911155700684,4,0,0,2,0,0,,,,,,0,0,,
Côte d'Ivoire,CIV,2013,,.2096818542480469,.246240005493164,43.228001,22874.18,.0706659173965454,,Matched (3),CIV,0,,.2469300079345703,10.03776402884498,9.949094549401034,1.092719430399571,1.087940824380656,2014,.0208599853515625,.0118606758117676,4,0,0,2,0,0,,,,,,0,0,,
Côte d'Ivoire,CIV,2014,,.2475912857055664,.2670999908447266,48.882,24885.754,.064858922958374,,Matched (3),CIV,0,,.246240005493164,10.12205078644356,10.03776402884498,1.087940824380656,1.088428636300921,2015,.0246200180053711,.0379094314575195,4,0,0,2,0,0,,,,,,0,0,,
Côte d'Ivoire,CIV,2015,,.2684986114501953,.2917200088500976,45.814999,27086.367,.0759336090087891,,Matched (3),CIV,0,,.2670999908447266,10.20678582448096,10.12205078644356,1.088428636300921,1.071719946755964,2016,.0194599914550782,.0209073257446289,4,0,0,2,0,0,,,,,,0,0,,
Côte d'Ivoire,CIV,2016,,.2855529975891113,.3111800003051758,48.408001,29029,.0860156154632568,,Matched (3),CIV,0,,.2917200088500976,10.2760506093017,10.20678582448096,1.071719946755964,1.074121056744979,2017,.0147700119018555,.017054386138916,4,0,0,2,0,0,,,,,,0,0,,
Côte d'Ivoire,CIV,2017,,.2819094085693359,.3259500122070312,52.512001,31180.66,.0838557434082031,,Matched (3),CIV,0,,.3111800003051758,10.34755331481387,10.2760506093017,1.074121056744979,1.048418246536784,2018,.0272200012207031,-.0036435890197754,4,0,0,2,0,0,,,,,,0,0,,
Côte d'Ivoire,CIV,2018,,.290921516418457,.3531700134277344,58.521999,32690.373,.0911572074890137,,Matched (3),CIV,0,,.3259500122070312,10.39483591130426,10.34755331481387,1.048418246536784,1.067214993232849,2019,.0189899826049805,.0090121078491211,4,0,0,2,0,0,,,,,,0,0,,
Côte d'Ivoire,CIV,2019,,.2973394012451172,.3721599960327148,60.382999,34887.656,.098277473449707,,Master only (1),CIV,0,,.3531700134277344,10.45988835651603,10.39483591130426,1.067214993232849,1.007008097419843,2020,.090989990234375,.0064178848266602,4,0,0,2,0,0,,,,,,0,0,,
Côte d'Ivoire,CIV,2020,,.2997094535827637,.4631499862670899,63.118999,35132.152,.1223998355865479,,Master only (1),CIV,0,,.3721599960327148,10.46687201135204,10.45988835651603,1.007008097419843,1.070622852486332,2021,.0385000228881836,.0023700523376465,4,0,0,2,0,0,,,,,,0,0,,
Côte d'Ivoire,CIV,2021,.0475277805328369,.3093624877929688,.5016500091552735,72.833,37613.285,.1247672271728516,,Master only (1),CIV,0,,.4631499862670899,10.5351125955958,10.46687201135204,1.070622852486332,1.063998850971144,2022,.0586999893188477,.0096530342102051,3,0,0,2,0,0,,,,,,0,0,,
Côte d'Ivoire,CIV,2022,.0298058891296387,.3180010223388672,.5603499984741211,71.074997,40020.492,.145135669708252,,Master only (1),CIV,0,.0475277805328369,.5016500091552735,10.59714690660033,10.5351125955958,1.063998850971144,1.065999976964926,2023,.0066600036621093,.0086385345458984,2,0,0,2,0,0,,,,,,0,0,,
Côte d'Ivoire,CIV,2023,.0382352089881897,.3194132804870605,.5670100021362304,80.792,42661.844,.1594476985931396,,Master only (1),CIV,0,.0298058891296387,.5603499984741211,10.66106021073509,10.59714690660033,1.065999976964926,,,,.0014122581481933,2,0,0,3,0,0,,,,,,0,0,,
Colombia,COL,1995,,.2883460998535156,,110.564,412802.53,.0909090900421143,,Matched (3),COL,0,,,12.93072462503476,,,1.020558558529915,1996,,,4,0,0,2,0,0,,,,,,0,0,,
Colombia,COL,1996,,.2886794281005859,.232859992980957,116.13,421289.16,.101001148223877,,Matched (3),COL,0,,,12.95107470885115,12.93072462503476,1.020558558529915,1.034302968722566,1997,.0197700119018555,.0003333282470703,4,0,0,1,0,0,,,,,,0,0,,
Colombia,COL,1997,,.2888555908203125,.2526300048828125,127.49,435740.63,.094204797744751,,Matched (3),COL,0,,.232859992980957,12.98480244852088,12.95107470885115,1.034302968722566,1.005697842036188,1998,.0218999862670898,.0001761627197265,3,0,0,1,0,0,,,,,,0,0,,
Colombia,COL,1998,,.2896854209899902,.2745299911499023,117.725,438223.41,.1242158603668213,,Matched (3),COL,0,,.2526300048828125,12.99048411925374,12.98480244852088,1.005697842036188,.9579597991863311,1999,.0652899932861328,.0008298301696777,3,0,0,1,0,0,,,,,,0,0,,
Colombia,COL,1999,,.2902645111083985,.3398199844360352,103.132,419800.41,.1377773857116699,,Matched (3),COL,0,,.2745299911499023,12.94753465409093,12.99048411925374,.9579597991863311,1.029248646659689,2000,.0400600051879882,.0005790901184082,3,0,0,1,0,0,,,,,,0,0,,
Colombia,COL,2000,,.293348331451416,.3798799896240234,99.269997,432079,.1570510101318359,,Matched (3),COL,0,,.3398199844360352,12.97636372087787,12.94753465409093,1.029248646659689,1.016779338963476,2001,.0310700225830078,.0030838203430176,3,0,0,1,0,0,,,,,,0,0,,
Colombia,COL,2001,,.2965309524536133,.4109500122070313,97.606003,439329,.1699330520629883,,Matched (3),COL,0,,.3798799896240234,12.9930038418984,12.97636372087787,1.016779338963476,1.0250404594279,2002,.0644999694824219,.0031826210021972,3,0,0,1,0,0,,,,,,0,0,,
Colombia,COL,2002,.1193826580047607,.2997043800354004,.4754499816894531,97.352997,450330,.1521809768676758,,Matched (3),COL,0,,.4109500122070313,13.01773592632233,12.9930038418984,1.0250404594279,1.039182377367708,2003,-.0250499725341797,.0031734275817871,2,0,0,1,0,0,,,,,,0,0,,
Colombia,COL,2003,.1119685554504394,.2977456855773926,.4504000091552735,94.071999,467975,.1576722526550293,,Matched (3),COL,0,.1193826580047607,.4754499816894531,13.05617015466953,13.01773592632233,1.039182377367708,1.053329771889524,2004,-.0355800247192383,-.0019586944580078,1,0,0,1,0,0,,,,,,0,0,,
Colombia,COL,2004,.0915532302856445,.303772087097168,.4148199844360352,116.382,492932,.1065560817718506,,Matched (3),COL,0,.1119685554504394,.4504000091552735,13.10812651247698,13.05617015466953,1.053329771889524,1.044468608246168,2005,-.0294999694824219,.0060264015197754,1,0,0,1,0,0,,,,,,0,0,,
Colombia,COL,2005,.069673581123352,.3148616981506348,.3853200149536133,145.601,514852,.0805210876464844,,Matched (3),COL,0,.0915532302856445,.4148199844360352,13.15163475970394,13.10812651247698,1.044468608246168,1.067170759752317,2006,-.025629997253418,.0110896110534668,1,0,0,1,0,0,,,,,,0,0,,
Colombia,COL,2006,.0488205480575562,.2940325164794922,.3596900177001953,161.793,549435,.0978177738189697,,Matched (3),COL,0,.069673581123352,.3853200149536133,13.21664575647512,13.15163475970394,1.067170759752317,1.067381946909097,2007,-.0330600357055664,-.0208291816711426,1,0,0,1,0,0,,,,,,0,0,,
Colombia,COL,2007,,.3001873207092285,.3266299819946289,206.23,586457,.0975056648254395,,Matched (3),COL,0,.0488205480575562,.3596900177001953,13.28185462810486,13.21664575647512,1.067381946909097,1.032834461861654,2008,-.0028099822998047,.0061548042297363,2,0,0,1,0,0,,,,,,0,0,,
Colombia,COL,2008,.0848581409454346,.3122482872009277,.3238199996948242,242.504,605713,.075796422958374,,Matched (3),COL,0,,.3266299819946289,13.31416155550906,13.28185462810486,1.032834461861654,1.011396486454806,2009,.0300500106811523,.0120609664916992,2,0,0,1,0,0,,,,,,0,0,,
Colombia,COL,2009,.0587119817733765,.3258454132080078,.3538700103759765,232.46899,612616,.057436261177063,,Matched (3),COL,0,.0848581409454346,.3238199996948242,13.32549359122452,13.31416155550906,1.011396486454806,1.044948222051008,2010,.0111000061035156,.0135971260070801,1,0,0,1,0,0,,,,,,0,0,,
Colombia,COL,2010,.0555533123016357,.3388956832885742,.3649700164794922,286.49899,640152,.0758309602737427,,Matched (3),COL,0,.0587119817733765,.3538700103759765,13.36946092713719,13.32549359122452,1.044948222051008,1.069475687024332,2011,-.0071400070190429,.0130502700805664,1,0,0,1,0,0,,,,,,0,0,,
Colombia,COL,2011,.0441822290420532,.3533711242675781,.3578300094604492,334.96701,684627,.0737252140045166,,Matched (3),COL,0,.0555533123016357,.3649700164794922,13.43662944338904,13.36946092713719,1.069475687024332,1.039127875470877,2012,-.0181600189208985,.0144754409790039,1,0,0,1,0,0,,,,,,0,0,,
Colombia,COL,2012,.0451178121566772,.352838363647461,.3396699905395508,370.69199,711415,.0569631052017212,,Matched (3),COL,0,.0441822290420532,.3578300094604492,13.47501122345835,13.43662944338904,1.039127875470877,1.051339935199567,2013,.03625,-.0005327606201171,1,0,0,1,0,0,,,,,,0,0,,
Colombia,COL,2013,.0385732889175415,.354767837524414,.3759199905395508,382.09399,747939,.0679135894775391,,Matched (3),COL,0,.0451178121566772,.3396699905395508,13.52507670282903,13.47501122345835,1.051339935199567,1.044991637018527,2014,.0572700119018555,.0019294738769531,1,0,0,1,0,0,,,,,,0,0,,
Colombia,COL,2014,.0415083312988281,.3777388763427734,.4331900024414063,381.241,781590,.0536301136016846,,Matched (3),COL,0,.0385732889175415,.3759199905395508,13.56908558536069,13.52507670282903,1.044991637018527,1.029557696490487,2015,.0705599975585938,.0229710388183594,1,0,0,1,0,0,,,,,,0,0,,
Colombia,COL,2015,.051820068359375,.3768716049194336,.50375,293.49301,804692,.0650286436080933,,Matched (3),COL,0,.0415083312988281,.4331900024414063,13.59821487449167,13.56908558536069,1.029557696490487,1.020873825016279,2016,-.0047100067138672,-.0008672714233398,1,0,0,1,0,0,,,,,,0,0,,
Colombia,COL,2016,.0628494119644165,.3757465744018555,.4990399932861328,282.72,821489,.069372296333313,,Matched (3),COL,0,.051820068359375,.50375,13.61887382622982,13.59821487449167,1.020873825016279,1.013594825980628,2017,-.0045499801635742,-.0011250305175781,1,0,0,1,0,0,,,,,,0,0,,
Colombia,COL,2017,.0430919504165649,.3741077041625976,.4944900131225586,311.89001,832657,.0745200395584106,,Matched (3),COL,0,.0628494119644165,.4990399932861328,13.63237707164473,13.61887382622982,1.013594825980628,1.025643212030884,2018,.023120002746582,-.0016388702392579,1,0,0,1,0,0,,,,,,0,0,,
Colombia,COL,2018,.0409271621704102,.3709108734130859,.5176100158691406,334.12399,854009,.0725241756439209,,Matched (3),COL,0,.0430919504165649,.4944900131225586,13.65769701135686,13.63237707164473,1.025643212030884,1.031867345660292,2019,-.0079000091552733,-.0031968307495117,1,0,0,1,0,0,,,,,,0,0,,
Colombia,COL,2019,.0410325384140015,.3689555358886719,.5097100067138672,323.05499,881224,.0781712436676025,,Master only (1),COL,0,.0409271621704102,.5176100158691406,13.68906712912728,13.65769701135686,1.031867345660292,.928140858623914,2020,.1430300140380859,-.0019553375244141,1,0,0,1,0,0,,,,,,0,0,,
Colombia,COL,2020,.0473258113861084,.3718426132202148,.6527400207519531,270.34799,817900,.0963592624664307,,Master only (1),COL,0,.0410325384140015,.5097100067138672,13.61449535872307,13.68906712912728,.928140858623914,1.108011981904878,2021,-.0085700225830079,.002887077331543,1,0,0,1,0,0,,,,,,0,0,,
Colombia,COL,2021,.0525493288040161,.3688395690917969,.6441699981689453,318.52499,906243,.1004853343963623,,Master only (1),COL,0,.0473258113861084,.6527400207519531,13.71706276098326,13.61449535872307,1.108011981904878,1.073282772942798,2022,-.0311700057983398,-.003003044128418,1,0,0,1,0,0,,,,,,0,0,,
Colombia,COL,2022,.0835479259490967,.3738554000854492,.6129999923706054,345.63199,972655,.1373029899597168,,Master only (1),COL,0,.0525493288040161,.6441699981689453,13.78778472480803,13.71706276098326,1.073282772942798,1.008419223671291,2023,-.0593600082397461,.0050158309936523,1,0,0,1,0,0,,,,,,0,0,,
Colombia,COL,2023,.0719777011871338,.3733372116088867,.5536399841308594,366.901,980844,.1194243240356445,,Master only (1),COL,0,.0835479259490967,.6129999923706054,13.79616870449553,13.78778472480803,1.008419223671291,,,,-.0005181884765625,1,0,0,2,0,0,,,,,,0,0,,
Czech Republic,CZE,1995,,.4623834991455078,.1347599983215332,60.564999,3339.113,.0063874912261963,.0860757789611816,Matched (3),CZE,0,,,8.113460492952358,,,1.045250031677252,1996,-.0197000026702881,,6,0,0,3,0,0,,,,,,0,0,,
Czech Republic,CZE,1996,,.4631130981445313,.1150599956512451,67.805,3490.208,.0119112634658813,.0751464405059814,Matched (3),CZE,0,,.1347599983215332,8.157716614512806,8.113460492952358,1.045250031677252,.9940416449704572,1997,.0061800003051758,.0007295989990235,3,0,0,1,0,0,,,,,,0,0,,
Czech Republic,CZE,1997,,.4580216979980469,.1212399959564209,62.529999,3469.4121,.0094507563114166,.1026490478515625,Matched (3),CZE,0,,.1150599956512451,8.151740437658162,8.157716614512806,.9940416449704572,.996068458779546,1998,.0175300025939941,-.0050914001464844,3,0,0,1,0,0,,,,,,0,0,,
Czech Republic,CZE,1998,,.4557419204711914,.1387699985504151,67.161003,3455.772,.0118691992759705,.2025865287780762,Matched (3),CZE,0,,.1212399959564209,8.147801147612974,8.151740437658162,.996068458779546,1.013783622593597,1999,.0121100044250488,-.0022797775268555,3,0,0,1,0,0,,,,,,0,0,,
Czech Republic,CZE,1999,,.4455929565429688,.1508800029754639,65.585999,3503.405,.0133583748340607,.1073332023620606,Matched (3),CZE,0,,.1387699985504151,8.161490640063949,8.147801147612974,1.013783622593597,1.040106698651918,2000,.0180700016021729,-.0101489639282226,3,0,0,1,0,0,,,,,,0,0,,
Czech Republic,CZE,2000,.0103052496910095,.4369644927978515,.1689500045776367,62.171001,3643.915,.0039410462975502,.1669657649993896,Matched (3),CZE,0,,.1508800029754639,8.200813942812351,8.161490640063949,1.040106698651918,1.029172201945184,2001,.0570199966430664,-.0086284637451172,1,0,0,0,1,1,,,,-.0148296944828344,,0,0,,.0231697423685269
Czech Republic,CZE,2001,.0136662805080414,.4529880142211914,.2259700012207031,68.136002,3750.2161,.008970410823822,.0620817079544067,Matched (3),CZE,0,.0103052496910095,.1689500045776367,8.229568734492149,8.200813942812351,1.029172201945184,1.015134609757185,2002,.0310599899291992,.0160235214233398,0,1,1,0,1,1,.0078069298956165,.0078069298956165,.0013189808416017,-.0263144016382834,-.0249954207966817,1,1,.0153477284353393,.0228510600532898
Czech Republic,CZE,2002,.003254260122776,.467193603515625,.2570299911499023,82.596001,3806.9741,.0086634635925293,.2250918312072754,Matched (3),CZE,0,.0136662805080414,.2259700012207031,8.244589958643015,8.229568734492149,1.015134609757185,1.033008331876517,2003,.0235900115966797,.0142055892944336,0,1,1,0,1,1,.0118660990944654,.0118660990944654,.0026813824268613,-.0084649440402624,-.0057835616134011,1,1,.0147719358550121,.0238907846125534
Czech Republic,CZE,2003,.0014658699929714,.4746897125244141,.2806200027465821,100.471,3932.636,.0099344044923782,.231984977722168,Matched (3),CZE,0,.003254260122776,.2570299911499023,8.277065214456137,8.244589958643015,1.033008331876517,1.047363381737001,2004,.0022699928283691,.0074961090087891,0,1,1,0,1,1,.0137293717479332,.0137293717479332,.003528860298865,-.0077101508778546,-.0041812905789896,1,1,.0146566025865081,.024000296854205
Czech Republic,CZE,2004,.0061954200267792,.4682633972167969,.2828899955749511,120.148,4118.8989,.0150243711471558,.0919786224365234,Matched (3),CZE,0,.0014658699929714,.2806200027465821,8.323341155601685,8.277065214456137,1.047363381737001,1.063750303034614,2005,-.0061100006103516,-.0064263153076172,0,1,1,0,1,1,.0145276744231763,.0145276744231763,.0040767560365332,-.0230407171780098,-.0189639611414766,1,1,.0149246036951927,.022808898527063
Czech Republic,CZE,2005,-.0080422902107239,.4758239364624023,.2767799949645996,137.26401,4381.48,.0166280460357666,.1469845352172852,Matched (3),CZE,0,.0061954200267792,.2828899955749511,8.385141841380994,8.323341155601685,1.063750303034614,1.066231700792275,2006,-.0011299896240234,.0075605392456055,0,1,1,0,1,1,.0148953238274007,.0148953238274007,.0042137380916208,-.0170176206473876,-.0128038825557668,1,1,.0146484847394456,.023009189104871
Czech Republic,CZE,2006,-.0101599395275116,.4845196533203125,.2756500053405762,156.23599,4671.6729,.0158851385116577,.2477005767822266,Matched (3),CZE,0,-.0080422902107239,.2767799949645996,8.449272498846243,8.385141841380994,1.066231700792275,1.054888244537337,2007,-.002189998626709,.0086957168579102,0,1,1,0,1,1,.0149622939060341,.0149622939060341,.004141263631971,-.005989307328679,-.001848043696708,1,1,.0146318470546819,.0242680683878244
Czech Republic,CZE,2007,-.0039978501200676,.4940967559814453,.2734600067138672,189.845,4928.0928,.0156819379329681,.2995397567749024,Matched (3),CZE,0,-.0101599395275116,.2756500053405762,8.502707330814866,8.449272498846243,1.054888244537337,1.02612275325992,2008,.0080900001525879,.0095771026611328,0,1,1,0,1,1,.0151157354858211,.0151157354858211,.0041666525673933,-.0003129651069136,.0038536874604797,1,1,.0148639546609472,.0253201568925527
Czech Republic,CZE,2008,.0103288304805756,.5029157257080078,.2815500068664551,236.82001,5056.8281,.0164941036701202,.1276332397460938,Matched (3),CZE,0,-.0039978501200676,.2734600067138672,8.528494712960372,8.502707330814866,1.02612275325992,.9520167463856111,2009,.0527499961853027,.0088189697265625,0,1,1,0,1,1,.0142563258600689,.0142563258600689,.0038985349654095,-.0191365695880248,-.0152380346226153,1,1,.0147314735146609,.022897930932354
Czech Republic,CZE,2009,.0176962602138519,.5014282608032227,.3343000030517578,207.095,4814.1851,.0238205122947693,.15157958984375,Matched (3),CZE,0,.0103288304805756,.2815500068664551,8.479322059356074,8.528494712960372,.9520167463856111,1.027146643357729,2010,.0327000045776367,-.0014874649047851,0,1,1,0,1,1,.0148357170705015,.0148357170705015,.0041769962430685,-.0165144664194232,-.0123374701763547,1,1,.0146346979174632,.0230420325534187
Czech Republic,CZE,2010,.0075321698188782,.5154093933105469,.3670000076293946,211.16901,4944.874,.0259653806686401,.0789894142150879,Matched (3),CZE,0,.0176962602138519,.3343000030517578,8.506106768188827,8.479322059356074,1.027146643357729,1.017723826618908,2011,.0270199966430664,.0139811325073242,0,1,1,0,1,1,.0176421477416677,.0176421477416677,.0058977700438791,-.0244630234541711,-.018565253410292,1,1,.0151007767410449,.0228141212524127
Czech Republic,CZE,2011,.0095908099412918,.5259011459350585,.3940200042724609,231.429,5032.5161,.026366286277771,.1849442977905273,Matched (3),CZE,0,.0075321698188782,.3670000076293946,8.523675359353083,8.506106768188827,1.017723826618908,.9922932825619485,2012,.0443299865722657,.0104917526245116,0,1,1,0,1,1,.0200229791577582,.0200229791577582,.0073484335036604,-.0128610617848992,-.0055126282812388,1,1,.0146011335891661,.0233530866229764
Czech Republic,CZE,2012,.0100226998329163,.5299942016601562,.4383499908447266,210.36301,4993.7319,.028478901386261,.1768168125152588,Matched (3),CZE,0,.0095908099412918,.3940200042724609,8.515938791704537,8.523675359353083,.9922932825619485,.9995818977364495,2013,.0030599975585937,.0040930557250977,0,1,1,0,1,1,.0215839091164027,.0215839091164027,.0085044919622614,-.0137510138989431,-.0052465219366817,1,1,.0147110204780904,.0232656962214575
Czech Republic,CZE,2013,-.0022170799970627,.5443291091918945,.4414099884033203,213.024,4991.644,.0264336490631104,.0995123224258423,Matched (3),CZE,0,.0100226998329163,.4383499908447266,8.515520602011863,8.515938791704537,.9995818977364495,1.022452072491851,2014,-.0259499740600586,.0143349075317383,0,1,1,0,1,1,.0238731421002053,.0238731421002053,.0104647916210599,-.0222157840031114,-.0117509923820516,1,1,.0154366721806841,.0228150987361819
Czech Republic,CZE,2014,-.0092542898654938,.5601258850097657,.4154600143432617,210.911,5103.7168,.0270794486999512,.1949144325256348,Matched (3),CZE,0,-.0022170799970627,.4414099884033203,8.537724336979512,8.515520602011863,1.022452072491851,1.049587597580348,2015,-.0207699966430664,.0157967758178712,0,1,1,0,1,1,.0244590038472267,.0244590038472267,.0107964486045611,-.0117693412607402,-.0009728926561791,1,1,.0148694153598375,.0234703163577305
Czech Republic,CZE,2015,-.0141203498840332,.562873649597168,.3946900177001953,189.108,5356.7979,.0222027254104614,.3491557540893555,Matched (3),CZE,0,-.0092542898654938,.4154600143432617,8.586121659787686,8.537724336979512,1.049587597580348,1.025808693356736,2016,-.0323700332641602,.0027477645874023,0,1,1,0,1,1,.0235818093586845,.0235818093586845,.0097972988543991,.0051199406695825,.0149172395239817,1,1,.0149974558672041,.026547189994806
Czech Republic,CZE,2016,-.0137526094913483,.554018325805664,.3623199844360351,198.161,5495.0498,.0194213533401489,.1658541870117188,Matched (3),CZE,0,-.0141203498840332,.3946900177001953,8.611602930434044,8.586121659787686,1.025808693356736,1.051735661944317,2017,-.0244999694824218,-.008855323791504,0,1,1,0,1,1,.0215769124474491,.0215769124474491,.0085161919557992,-.0149514112434987,-.0064352192876995,1,1,.0147575592012421,.023159606611529
Czech Republic,CZE,2017,-.0131807398796082,.5617328262329102,.3378200149536133,221.564,5779.3398,.0158034467697144,.1231547393798828,Matched (3),CZE,0,-.0137526094913483,.3623199844360351,8.662044741259438,8.611602930434044,1.051735661944317,1.028303101497725,2018,-.0210400199890137,.0077145004272462,0,1,1,0,1,1,.0194842143228031,.0194842143228031,.0070595202301864,-.0196269612323854,-.012567441002199,1,1,.0148653787243966,.0228784580582211
Czech Republic,CZE,2018,-.0090673899650574,.5572649765014649,.3167799949645996,251.992,5942.9131,.0140010249614716,.3793846054077149,Matched (3),CZE,0,-.0131807398796082,.3378200149536133,8.689954710648832,8.662044741259438,1.028303101497725,1.035657787645244,2019,-.021259994506836,-.0044678497314453,0,1,1,0,1,1,.0191257894059474,.0191257894059474,.0064610744631168,.0084299719061514,.0148910463692682,1,1,.0152735352464709,.0273879802386778
Czech Republic,CZE,2019,-.0056149399280548,.557151107788086,.2955200004577637,256.79401,6154.8242,.0119542491436005,,Master only (1),CZE,0,-.0090673899650574,.3167799949645996,8.724991479112441,8.689954710648832,1.035657787645244,.9469511498538684,2020,.0733099937438965,-.0001138687133789,1,0,0,1,0,0,,,,,,0,0,,
Czech Republic,CZE,2020,.0025239598751068,.5507210922241211,.3688299942016602,251.11,5828.3179,.0142846584320068,,Master only (1),CZE,0,-.0056149399280548,.2955200004577637,8.670483707882253,8.724991479112441,.9469511498538684,1.040290221628892,2021,.0380900192260742,-.0064300155639648,1,0,0,1,0,0,,,,,,0,0,,
Czech Republic,CZE,2021,.005137500166893,.5526908874511719,.4069200134277344,290.97299,6063.1421,.0147480845451355,,Master only (1),CZE,0,.0025239598751068,.3688299942016602,8.709983441364292,8.670483707882253,1.040290221628892,1.02847169456521,2022,.0182799911499024,.0019697952270508,1,0,0,1,0,0,,,,,,0,0,,
Czech Republic,CZE,2022,.0151589298248291,.5534498596191406,.4252000045776367,301.83099,6235.77,.012900801897049,,Master only (1),CZE,0,.005137500166893,.4069200134277344,8.738057350012555,8.709983441364292,1.02847169456521,1.000475770733319,2023,-.0029700088500977,.0007589721679687,1,0,0,1,0,0,,,,,,0,0,,
Czech Republic,CZE,2023,.0050237101316452,.5573221969604493,.4222299957275391,345.05899,6238.7368,.0136403453350067,,Master only (1),CZE,0,.0151589298248291,.4252000045776367,8.738533007602864,8.738057350012555,1.000475770733319,,,,.0038723373413087,1,0,0,2,0,0,,,,,,0,0,,
Germany,DEU,1995,.0022910299897194,.6176711654663086,.5489300155639648,2595.269,2560.1799,.0674176931381226,.0900639464855194,Matched (3),DEU,0,,,7.847832820800797,,,1.010311832445096,1996,.0282799911499024,,3,0,0,2,0,0,,,,,,0,0,,
Germany,DEU,1996,-.002393099963665,.6193177413940429,.5772100067138672,2507.448,2586.5801,.0664880895614624,.0644530401229858,Matched (3),DEU,0,.0022910299897194,.5489300155639648,7.858091848997181,7.847832820800797,1.010311832445096,1.018541842699208,1997,.0110499954223632,.0016465759277343,1,0,0,1,0,0,,,,,,0,0,,
Germany,DEU,1997,-.0069100302457809,.6194701385498047,.5882600021362304,2221.5039,2634.54,.0661767911911011,.1164191570281982,Matched (3),DEU,0,-.002393099963665,.5772100067138672,7.876463887507851,7.858091848997181,1.018541842699208,1.021020702662089,1998,.0061199951171875,.0001523971557618,1,0,0,1,0,0,,,,,,0,0,,
Germany,DEU,1998,-.006886659860611,.6199446105957032,.5943799972534179,2250.8469,2689.9199,.0664972305297852,.2017830209732056,Matched (3),DEU,0,-.0069100302457809,.5882600021362304,7.897266703333082,7.876463887507851,1.021020702662089,1.021268276602681,1999,.009109992980957,.0004744720458985,1,0,0,1,0,0,,,,,,0,0,,
Germany,DEU,1999,-.0112838900089264,.6250292205810547,.603489990234375,2216.072,2747.1299,.0598670101165771,.1221321921348572,Matched (3),DEU,0,-.006886659860611,.5943799972534179,7.918311966671196,7.897266703333082,1.021268276602681,1.028790079561019,2000,-.0111000061035156,.0050846099853515,1,0,0,1,0,0,,,,,,0,0,,
Germany,DEU,2000,-.007641190290451,.6315662384033203,.5923899841308594,1967.85,2826.22,.0598593091964722,.1454083089828491,Matched (3),DEU,0,-.0112838900089264,.603489990234375,7.946695398397519,7.918311966671196,1.028790079561019,1.016396490142661,2001,-.0117699813842774,.0065370178222656,0,1,1,0,1,1,.0338190750494884,.0338190750494884,.0204094732713514,-.0171902159609486,.0032192573104027,1,1,.0166617249436255,.0229984880729634
Germany,DEU,2001,-.0018576399981976,.6319706344604492,.580620002746582,1966.395,2872.5601,.0584126853942871,.0570503861904144,Matched (3),DEU,0,-.007641190290451,.5923899841308594,7.962958917630971,7.946695398397519,1.016396490142661,.9976571489084741,2002,.0176100158691407,.0004043960571289,0,1,1,0,1,1,.0327883925494003,.0327883925494003,.0194235153420156,-.0268653267139553,-.0074418113719397,1,1,.0174435568625293,.0228686142798965
Germany,DEU,2002,.0020622099936008,.6351309585571289,.5982300186157227,2100.865,2865.8301,.0595362091064453,.2148391618728638,Matched (3),DEU,0,-.0018576399981976,.580620002746582,7.960613317769681,7.962958917630971,.9976571489084741,.9946995512180494,2003,.0352099990844726,.0031603240966797,0,1,1,0,1,1,.0327635493433663,.0327635493433663,.0190231721097331,-.0095876018415035,.0094355702682296,1,1,.0159440570651567,.023737050871354
Germany,DEU,2003,.000876159965992,.629168586730957,.6334400177001953,2534.0811,2850.6399,.0586115837097168,.2335294771194458,Matched (3),DEU,0,.0020622099936008,.5982300186157227,7.955298771772642,7.960613317769681,.9946995512180494,1.011653599225297,2004,.0162099456787109,-.0059623718261719,0,1,1,0,1,1,.0338827455742038,.0338827455742038,.0202696755156077,-.0075410296235929,.0127286458920149,1,1,.016060370658752,.0240255046774351
Germany,DEU,2004,-.0019551900029182,.6312030029296875,.6496499633789062,2851.0229,2883.8601,.0578861570358276,.1045332789421082,Matched (3),DEU,0,.000876159965992,.6334400177001953,7.966884990786573,7.955298771772642,1.011653599225297,1.008887353012214,2005,.0215500640869141,.0020344161987305,0,1,1,0,1,1,.0354139336156041,.0354139336156041,.0224326027363018,-.0216659939124704,.0007666088238314,1,1,.0174429535006977,.0228229913463256
Germany,DEU,2005,-.0090442001819611,.6387506484985351,.6712000274658203,2894.9919,2909.49,.0561430931091309,.1839045238494873,Matched (3),DEU,0,-.0019551900029182,.6496499633789062,7.975733083717675,7.966884990786573,1.008887353012214,1.038566883307428,2006,-.007229995727539,.0075476455688477,0,1,1,0,1,1,.036708175420529,.036708175420529,.0238474648176531,-.0129749160689263,.0108725487487268,1,1,.0169627521333659,.0233414948242652
Germany,DEU,2006,-.01020388007164,.6813484191894531,.6639700317382813,3046.47,3021.7,.0547136878967285,.2706893825531006,Matched (3),DEU,0,-.0090442001819611,.6712000274658203,8.013574849740442,7.975733083717675,1.038566883307428,1.028920851881689,2007,-.0271000289916993,.042597770690918,0,1,1,0,1,1,.038349220871983,.038349220871983,.0257399981025678,-.0034720543774631,.0222679437251047,1,1,.0168215297452871,.0247036215320052
Germany,DEU,2007,-.0040133699774742,.6877029418945313,.636870002746582,3484.467,3109.0901,.0549033069610596,.2777830028533936,Matched (3),DEU,0,-.01020388007164,.6639700317382813,8.042085386123544,8.013574849740442,1.028920851881689,1.008883587244529,2008,.0148299789428711,.0063545227050782,0,1,1,0,1,1,.0379524388340874,.0379524388340874,.0251992820172142,-.0026953095211321,.0225039724960821,1,1,.0167105742055668,.0248481744309398
Germany,DEU,2008,.0036796098947525,.6843889617919922,.6516999816894531,3807.781,3136.71,.052828221321106,.1124802842140198,Matched (3),DEU,0,-.0040133699774742,.636870002746582,8.050929746452884,8.042085386123544,1.008883587244529,.9444960306551294,2009,.0719200134277345,-.0033139801025391,0,1,1,0,1,1,.0356502150950858,.0356502150950858,.0227045525855235,-.0207958041917241,.0019087483937994,1,1,.0174070700025015,.0228416225116896
Germany,DEU,2009,.0002395999990404,.6789876556396485,.7236199951171876,3474.7681,2962.6101,.0519575500488281,.139626745223999,Matched (3),DEU,0,.0036796098947525,.6516999816894531,7.993825951814944,8.050929746452884,.9444960306551294,1.04143973420028,2010,.086719970703125,-.0054013061523437,0,1,1,0,1,1,.0366411724198237,.0366411724198237,.0238790513950792,-.0178232918405599,.0060557595545193,1,1,.0173486029040593,.0229617171051646
Germany,DEU,2010,-.0041818600893021,.6951142120361328,.8103399658203125,3469.925,3085.3799,.0487782573699951,.0535021903514862,Matched (3),DEU,0,.0002395999990404,.7236199951171876,8.034430067433584,7.993825951814944,1.04143973420028,1.037577280578231,2011,-.0254999542236328,.0161265563964843,0,1,1,0,1,1,.0405220524712415,.0405220524712415,.0293225674113782,-.0272538508737597,.0020687165376185,1,1,.0194066538070375,.0228827974048394
Germany,DEU,2011,-.0011405699700117,.6930381774902343,.7848400115966797,3822.9031,3201.3201,.0449043846130371,.194392677783966,Matched (3),DEU,0,-.0041818600893021,.8103399658203125,8.071318525086578,8.034430067433584,1.037577280578231,1.004660553008262,2012,.0135099792480469,-.0020760345458984,0,1,1,0,1,1,.0462409705951766,.0462409705951766,.0374709065315935,-.0118264729219655,.025644433609628,1,1,.0193707940451228,.0234639099498649
Germany,DEU,2012,-.0022238999605179,.6942972564697265,.7983499908447266,3598.761,3216.24,.0407352304458618,.1395244374275208,Matched (3),DEU,0,-.0011405699700117,.7848400115966797,8.075968251343735,8.071318525086578,1.004660553008262,1.003945582868437,2013,-.0237799835205078,.0012590789794922,0,1,1,0,1,1,.0445022479818001,.0445022479818001,.0349271448221143,-.0178344944495681,.0170926503725462,1,1,.0194269185962351,.0229611015931292
Germany,DEU,2013,-.0070862799882889,.7019533538818359,.7745700073242188,3807.0791,3228.9299,.0316212511062622,.0688269391059876,Matched (3),DEU,0,-.0022238999605179,.7983499908447266,8.079906070814138,8.075968251343735,1.003945582868437,1.021771933834565,2014,-.0291899871826172,.0076560974121094,0,1,1,0,1,1,.0449997144170955,.0449997144170955,.0359255215929035,-.0255758050712332,.0103497165216703,1,1,.0204733260931436,.0228322428545061
Germany,DEU,2014,-.0130444800853729,.7220326232910156,.7453800201416015,3965.8931,3299.23,.0271441197395325,.1907681703567505,Matched (3),DEU,0,-.0070862799882889,.7745700073242188,8.101444380974838,8.079906070814138,1.021771933834565,1.016631188947823,2015,-.0335400390625,.0200792694091797,0,1,1,0,1,1,.0441134708553425,.0441134708553425,.0341689714435194,-.0122233531300458,.0219456183134736,1,1,.0187944996907405,.0234202315612496
Germany,DEU,2015,-.01596519947052,.7101522064208985,.7118399810791015,3425.446,3354.1001,.0238100481033325,.3229003314971924,Matched (3),DEU,0,-.0130444800853729,.7453800201416015,8.117938786200272,8.101444380974838,1.016631188947823,1.022172824567413,2016,-.0288299560546874,-.0118804168701171,0,1,1,0,1,1,.0429510646534979,.0429510646534979,.0320148654365275,.0022449962003366,.034259861636864,1,1,.0177335434345077,.025872858471964
Germany,DEU,2016,-.0169603204727173,.693687515258789,.6830100250244141,3535.812,3428.47,.0203205060958862,.1664681901931763,Matched (3),DEU,0,-.01596519947052,.7118399810791015,8.139869367958665,8.117938786200272,1.022172824567413,1.02805622981336,2017,-.0431300354003906,-.0164646911621095,0,1,1,0,1,1,.0403062519440255,.0403062519440255,.0286916016212046,-.0148841784635107,.0138074231576939,1,1,.0179922874674586,.0231651878967889
Germany,DEU,2017,-.0195260500907898,.6910898590087891,.6398799896240235,3764.0229,3524.6599,.0181572461128235,.1137391414642334,Matched (3),DEU,0,-.0169603204727173,.6830100250244141,8.167539231757766,8.139869367958665,1.02805622981336,1.011331642354956,2018,-.0322999954223633,-.00259765625,0,1,1,0,1,1,.038379988215235,.038379988215235,.0262139167113244,-.0206579604881476,.0055559562231768,1,1,.0180562991138937,.0228452631902258
Germany,DEU,2018,-.0244960308074951,.6910594940185547,.6075799942016602,4057.272,3564.6001,.0155585157871246,.3534606552124023,Matched (3),DEU,0,-.0195260500907898,.6398799896240235,8.178807151985882,8.167539231757766,1.011331642354956,1.009728982407712,2019,-.0207400131225587,-.0000303649902343,0,1,1,0,1,1,.0368514031664164,.0368514031664164,.0235804754757572,.0055913233575172,.0291717988332744,1,1,.0164217401398085,.0266628470002422
Germany,DEU,2019,-.0234762096405029,.6880574798583985,.5868399810791015,3960.332,3599.28,.0126120352745056,,Master only (1),DEU,0,-.0244960308074951,.6075799942016602,8.188489112581182,8.178807151985882,1.009728982407712,.9587250624056691,2020,.0935800170898438,-.0030020141601562,1,0,0,1,0,0,,,,,,0,0,,
Germany,DEU,2020,-.0137085103988647,.6832714080810547,.6804199981689453,3938.2439,3450.72,.0099285316467285,,Master only (1),DEU,0,-.0234762096405029,.5868399810791015,8.146338175413595,8.188489112581182,.9587250624056691,1.039125171243065,2021,-.0010399627685547,-.0047860717773438,1,0,0,1,0,0,,,,,,0,0,,
Germany,DEU,2021,-.0174492299556732,.6874803924560546,.6793800354003906,4358.147,3585.73,.0097680097818375,,Master only (1),DEU,0,-.0137085103988647,.6804199981689453,8.18471735307814,8.146338175413595,1.039125171243065,1.018068856108912,2022,-.0354100036621093,.0042089843749999,1,0,0,1,0,0,,,,,,0,0,,
Germany,DEU,2022,-.0174797701835632,.6854823303222656,.6439700317382813,4204.3271,3650.52,.0120125901699066,,Master only (1),DEU,0,-.0174492299556732,.6793800354003906,8.202624907532945,8.18471735307814,1.018068856108912,.9912806729028465,2023,-.0205100250244141,-.0019980621337891,1,0,0,1,0,0,,,,,,0,0,,
Germany,DEU,2023,-.0151322305202484,.6816112518310546,.6234600067138671,4563.5229,3618.6899,.0139314818382263,,Master only (1),DEU,0,-.0174797701835632,.6439700317382813,8.19386734468099,8.202624907532945,.9912806729028465,,,,-.0038710784912109,1,0,0,2,0,0,,,,,,0,0,,
Denmark,DNK,1995,.0168218004703522,.6499175262451172,.714540023803711,184.85001,1617.4,.0659654951095581,.1061765734354655,Matched (3),DNK,0,,,7.388575215756356,,,1.028997170586202,1996,-.0313800048828126,,3,0,0,2,0,0,,,,,,0,0,,
Denmark,DNK,1996,.0075400197505951,.6521034240722656,.6831600189208984,187.48199,1664.3,.0565699625015259,.0720745245615641,Matched (3),DNK,0,.0168218004703522,.714540023803711,7.417159922931216,7.388575215756356,1.028997170586202,1.031664933981695,1997,-.0392800140380859,.0021858978271484,1,0,0,1,0,0,,,,,,0,0,,
Denmark,DNK,1997,-.0009692200273275,.6537172698974609,.6438800048828125,173.242,1717,.0580079317092895,.1832600975036621,Matched (3),DNK,0,.0075400197505951,.6831600189208984,7.448333860897476,7.417159922931216,1.031664933981695,1.023238220392582,1998,-.0406900024414062,.0016138458251953,1,0,0,1,0,0,,,,,,0,0,,
Denmark,DNK,1998,-.0034347298741341,.6572795104980469,.6031900024414063,176.87601,1756.9,.0540862989425659,.1526825745900472,Matched (3),DNK,0,-.0009692200273275,.6438800048828125,7.471306185267111,7.448333860897476,1.023238220392582,1.029711395325004,1999,-.0352999877929688,.003562240600586,1,0,0,1,0,0,,,,,,0,0,,
Denmark,DNK,1999,-.0073211598396301,.6632654571533203,.5678900146484375,177.88699,1809.1,.0499371957778931,.1491316827138265,Matched (3),DNK,0,-.0034347298741341,.6031900024414063,7.500584749532073,7.471306185267111,1.029711395325004,1.037200845578657,2000,-.0323600006103515,.0059859466552734,1,0,0,1,0,0,,,,,,0,0,,
Denmark,DNK,2000,-.0038378998637199,.6684507751464843,.535530014038086,164.043,1876.4,.0441265249252319,.1619826412200928,Matched (3),DNK,0,-.0073211598396301,.5678900146484375,7.537110339465421,7.500584749532073,1.037200845578657,1.009539556694289,2001,-.0345700073242188,.005185317993164,0,1,1,0,1,1,.0317873979200656,.0317873979200656,.0180517458704618,-.015375341923799,.0026764039466628,1,1,.0161137464735878,.0231254058566532
Denmark,DNK,2001,.0008033599704504,.6720520782470704,.5009600067138672,164.881,1894.3,.0326854133605957,.0558055973052979,Matched (3),DNK,0,-.0038378998637199,.535530014038086,7.546604681910575,7.537110339465421,1.009539556694289,1.004539922591069,2002,.0022399902343749,.003601303100586,0,1,1,0,1,1,.0294256991667189,.0294256991667189,.0157583450878335,-.0270016299445768,-.0112432848567434,1,1,.0167777330341146,.0228734203542351
Denmark,DNK,2002,.0046438199281693,.6790887451171875,.5031999969482421,178.78799,1902.9,.0331402659416199,.2813146336873372,Matched (3),DNK,0,.0008033599704504,.5009600067138672,7.551134330137885,7.546604681910575,1.004539922591069,1.004414327766194,2003,-.0215800094604492,.0070366668701172,0,1,1,0,1,1,.0283421962851458,.0283421962851458,.0141983068412924,-.0023085992140394,.011889707627253,1,1,.0151126585348331,.024921879302883
Denmark,DNK,2003,.0030454900860786,.6818580627441406,.4816199874877929,218.422,1911.3,.0281687521934509,.1739280319213867,Matched (3),DNK,0,.0046438199281693,.5031999969482421,7.555538943337627,7.551134330137885,1.004414327766194,1.027782124328671,2004,-.019469985961914,.0027693176269531,0,1,1,0,1,1,.0280183837181632,.0280183837181632,.0140988506014744,-.0140673326998333,.0000315179016411,1,1,.0154021036523937,.0232364205830845
Denmark,DNK,2004,.0003657599911094,.6869667053222657,.4621500015258789,251.98801,1964.4,.0215901851654053,.0970102246602376,Matched (3),DNK,0,.0030454900860786,.4816199874877929,7.582942146593344,7.555538943337627,1.027782124328671,1.023569500194657,2005,-.0685499954223633,.005108642578125,0,1,1,0,1,1,.0264174760230011,.0264174760230011,.0127231844716569,-.0224897613922579,-.009766576920601,1,1,.0157990477842289,.0228122882210484
Denmark,DNK,2005,-.0088874000310898,.6916831970214844,.3936000061035156,265.14999,2010.7,.0152336597442627,.2185253206888835,Matched (3),DNK,0,.0003657599911094,.4621500015258789,7.606238174847459,7.582942146593344,1.023569500194657,1.038195678466777,2006,-.0616899871826172,.0047164916992187,0,1,1,0,1,1,.0257839147658248,.0257839147658248,.0119160362483691,-.0091839708634197,.0027320653849493,1,1,.0149216182193739,.0237910520045487
Denmark,DNK,2006,-.0098464298248291,.751721420288086,.3319100189208984,283.38699,2087.5,.0105823957920074,.3968894449869791,Matched (3),DNK,0,-.0088874000310898,.3936000061035156,7.64372245672501,7.606238174847459,1.038195678466777,1.009868310254491,2007,-.037080020904541,.0600382232666016,0,1,1,0,1,1,.022493770723826,.022493770723826,.008853548294189,.0103467356358834,.0192002839300724,1,1,.0153560195802978,.0279040707517977
Denmark,DNK,2007,-.0034411698579788,.7582235717773438,.2948299980163574,320.21301,2108.1001,.0056790167093277,.2741788101196289,Matched (3),DNK,0,-.0098464298248291,.3319100189208984,7.653542393190557,7.64372245672501,1.009868310254491,.9958256020015801,2008,.0605600166320801,.0065021514892578,0,1,1,0,1,1,.0183300071790776,.0183300071790776,.0060839130296279,-.0030899652890848,.002993947740543,1,1,.0146074502310248,.0247741427841575
Denmark,DNK,2008,.006543340086937,.7559561920166016,.3553900146484375,354.97699,2099.3,-.000614010617137,.1503573195139567,Matched (3),DNK,0,-.0034411698579788,.2948299980163574,7.649359258069517,7.653542393190557,.9958256020015801,.9502215035633738,2009,.075099983215332,-.0022673797607422,0,1,1,0,1,1,.0156146687297701,.0156146687297701,.0046036727506242,-.0166483038890822,-.012044631138458,1,1,.0146305403270753,.0230330571516022
Denmark,DNK,2009,.0034608700871468,.7524599456787109,.4304899978637695,322.621,1994.8,.003993803858757,.1413763904571533,Matched (3),DNK,0,.006543340086937,.3553900146484375,7.598299098149671,7.649359258069517,.9502215035633738,1.015841174459817,2010,.0307400131225586,-.0034962463378907,0,1,1,0,1,1,.0191524092865862,.0191524092865862,.0068065750169128,-.0176317073071728,-.0108251322902601,1,1,.0147412212633095,.0229724329729314
Denmark,DNK,2010,-.0026992699503899,.7610186004638672,.4612300109863281,322.34601,2026.4,.0070006483793259,.0487706120808919,Matched (3),DNK,0,.0034608700871468,.4304899978637695,7.614016110735463,7.598299098149671,1.015841174459817,1.013126714994799,2011,.0386299896240235,.0085586547851563,0,1,1,0,1,1,.0231935306610647,.0231935306610647,.009984582964735,-.0277719543143765,-.0177873713496415,1,1,.0158884812466155,.0229040264429429
Denmark,DNK,2011,-.0003956000134349,.7709876251220703,.4998600006103516,344.31601,2053,.006602475643158,.1595505936940511,Matched (3),DNK,0,-.0026992699503899,.4612300109863281,7.627057417018934,7.614016110735463,1.013126714994799,.9999512432263761,2012,-.012750015258789,.0099690246582032,0,1,1,0,1,1,.0254791230689634,.0254791230689634,.01175173621302,-.0156416488765587,-.0038899126635387,1,1,.0151583761430722,.0231047991090516
Denmark,DNK,2012,-.0030129501223564,.7736762237548828,.4871099853515625,326.793,2052.8999,.0048991829156876,.1072031307220459,Matched (3),DNK,0,-.0003956000134349,.4998600006103516,7.62700865905666,7.627057417018934,.9999512432263761,1.013931559752912,2013,-.0094099807739258,.0026885986328125,0,1,1,0,1,1,.0275377826690448,.0275377826690448,.0137650360617564,-.0213736476140441,-.0076086115522876,1,1,.0158681875362063,.022828411907486
Denmark,DNK,2013,-.0059778499603271,.7843194580078126,.4777000045776367,344.63101,2081.5,.0034592574834824,.0724056895573934,Matched (3),DNK,0,-.0030129501223564,.4871099853515625,7.64084406663503,7.62700865905666,1.013931559752912,1.012779292652534,2014,.0094200134277344,.0106432342529298,0,1,1,0,1,1,.0266371466594052,.0266371466594052,.0129752201190703,-.0251839352096469,-.0122087150905766,1,1,.016096968021463,.0228244572699827
Denmark,DNK,2014,-.0112872099876404,.7924075317382813,.4871200180053711,352.83301,2108.1001,.0042809128761292,.2536718368530274,Matched (3),DNK,0,-.0059778499603271,.4777000045776367,7.653542393190557,7.64084406663503,1.012779292652534,1.021014089765828,2015,-.0416200256347656,.0080880737304687,0,1,1,0,1,1,.0268513640013112,.0268513640013112,.0128268967063421,-.0053354598785107,.0074914368278315,1,1,.0149641081802661,.0243762739497353
Denmark,DNK,2015,-.0143790805339813,.7914022064208984,.4454999923706054,301.759,2152.3999,.0071744859218597,.2822679074605306,Matched (3),DNK,0,-.0112872099876404,.4871200180053711,7.674338732244398,7.653542393190557,1.021014089765828,1.030756457125098,2016,-.0285799789428711,-.0010053253173828,0,1,1,0,1,1,.027529036045106,.027529036045106,.0134099445339625,-.0022042166183185,.0112057279156441,1,1,.01502629226773,.024941970139863
Denmark,DNK,2016,-.0151637899875641,.7684625244140625,.4169200134277344,312.18201,2218.6001,.0035894709825516,.1835353724161784,Matched (3),DNK,0,-.0143790805339813,.4454999923706054,7.704631689321618,7.674338732244398,1.030756457125098,1.030559723115096,2017,-.0153900146484375,-.0229396820068359,0,1,1,0,1,1,.0246521784994881,.0246521784994881,.0109825453334407,-.0130153378091509,-.0020327924757101,1,1,.0149363305998486,.0233374083452231
Denmark,DNK,2017,-.0182313895225525,.7672982025146484,.4015299987792968,331.61099,2286.3999,-.0032319754362106,.0587273788452148,Matched (3),DNK,0,-.0151637899875641,.4169200134277344,7.734733764463806,7.704631689321618,1.030559723115096,1.01858817434187,2018,-.0161399841308594,-.0011643218994141,0,1,1,0,1,1,.0224345517004304,.0224345517004304,.0093534135961886,-.0266816975706437,-.017328283974455,1,1,.0156852670408705,.022862429728492
Denmark,DNK,2018,-.0245524406433105,.7654069519042969,.3853900146484375,355.293,2328.8999,-.0080674874782562,.3475111643473307,Matched (3),DNK,0,-.0182313895225525,.4015299987792968,7.753151290147393,7.734733764463806,1.01858817434187,1.017132615465448,2019,-.0020400238037109,-.0018912506103516,0,1,1,0,1,1,.0227523000324441,.0227523000324441,.0091357310042535,.0049398596152245,.014075590619478,1,1,.0149701452341057,.0265033753420698
Denmark,DNK,2019,-.0230810308456421,.7625881958007813,.3833499908447265,345.40201,2368.8,-.0060824549198151,,Master only (1),DNK,0,-.0245524406433105,.3853900146484375,7.770138797400403,7.753151290147393,1.017132615465448,.9821850935908449,2020,.0686199951171875,-.0028187561035156,1,0,0,1,0,0,,,,,,0,0,,
Denmark,DNK,2020,-.0125769197940826,.7687430572509766,.4519699859619141,355.63101,2326.6001,-.0058098393678665,,Master only (1),DNK,0,-.0230810308456421,.3833499908447265,7.752163295356469,7.770138797400403,.9821850935908449,1.064987511744794,2021,-.0556900024414063,.0061548614501953,1,0,0,1,0,0,,,,,,0,0,,
Denmark,DNK,2021,-.0150395703315735,.7645217132568359,.3962799835205078,406.10999,2477.8,-.0078090137243271,,Master only (1),DNK,0,-.0125769197940826,.4519699859619141,7.81512636838788,7.752163295356469,1.064987511744794,1.004439421980479,2022,-.0631299972534179,-.0042213439941406,1,0,0,1,0,0,,,,,,0,0,,
Denmark,DNK,2022,-.014604959487915,.7658452606201172,.3331499862670899,400.11499,2488.8,-.007034118771553,,Master only (1),DNK,0,-.0150395703315735,.3962799835205078,7.819555965202571,7.81512636838788,1.004439421980479,1.006067121994286,2023,-.0035099792480469,.0013235473632812,1,0,0,1,0,0,,,,,,0,0,,
Denmark,DNK,2023,-.0123769903182983,.7653203582763672,.3296400070190429,404.65201,2503.8999,-.0168804597854614,,Master only (1),DNK,0,-.014604959487915,.3331499862670899,7.825604756318628,7.819555965202571,1.006067121994286,,,,-.0005249023437499,1,0,0,2,0,0,,,,,,0,0,,
Egypt,EGY,1995,,.3470380401611328,,63.25,2280.717,,.0913907515822035,Matched (3),EGY,0,,,7.732245164179866,,,1.048787296946622,1996,,,3,0,0,1,0,0,,,,,,0,0,,
Egypt,EGY,1996,,.3476050567626953,,71.117996,2391.9871,,.0454859589627295,Matched (3),EGY,0,,,7.779879705585521,7.732245164179866,1.048787296946622,1.059191765639246,1997,,.0005670166015625,3,0,0,0,1,1,,,,-.028131620790218,,0,0,,.0229203164086946
Egypt,EGY,1997,,.3483146286010742,,79.777,2533.573,,.0857241233912381,Matched (3),EGY,0,,,7.837385837623778,7.779879705585521,1.059191765639246,1.075427884228546,1998,,.0007095718383789,3,0,0,0,1,1,,,,-.0237255790336904,,0,0,,.0228088989000967
Egypt,EGY,1998,,.3490351867675781,.7382399749755859,89.189003,2724.675,,.2231166049838066,Matched (3),EGY,0,,,7.910104451850252,7.837385837623778,1.075427884228546,1.061098975302477,1999,-.0142599487304688,.0007205581665039,3,0,0,0,1,1,,,,-.008681229483269,,0,0,,.0238603110256612
Egypt,EGY,1999,,.3485087585449219,.7239800262451171,95.039001,2891.1499,.1582062244415283,.1301626033493967,Matched (3),EGY,0,,.7382399749755859,7.969409592053552,7.910104451850252,1.061098975302477,1.05383296107548,2000,-.0071100616455078,-.0005264282226563,2,0,0,0,1,1,,,,-.0188596066148903,,0,0,,.0229099750716392
Egypt,EGY,2000,,.3476829528808594,.7168699645996094,104.752,3046.7891,.1669168472290039,.0715745341393255,Matched (3),EGY,0,,.7239800262451171,8.021843548660234,7.969409592053552,1.05383296107548,1.03524097795066,2001,.0745900726318359,-.0008258056640625,2,0,0,0,1,1,,,,-.0252749459585263,,0,0,,.0228261294539806
Egypt,EGY,2001,,.3436898040771484,.7914600372314453,102.273,3154.1609,.1396685600280762,.1208067652673432,Matched (3),EGY,0,,.7168699645996094,8.056477777214953,8.021843548660234,1.03524097795066,1.031855088489496,2002,.0662999725341797,-.0039931488037109,2,0,0,0,1,1,,,,-.0198840622241932,,0,0,,.0228691966614514
Egypt,EGY,2002,,.3420115661621094,.8577600097656251,90.261002,3254.637,.1658387184143066,.1328774709412546,Matched (3),EGY,0,,.7914600372314453,8.087836016284442,8.056477777214953,1.031855088489496,1.031934455295266,2003,.1131900024414062,-.0016782379150391,2,0,0,0,1,1,,,,-.0185623311267298,,0,0,,.0229237412316149
Egypt,EGY,2003,,.3335447692871094,.9709500122070313,85.164001,3358.572,.1729495429992676,.1540253130594889,Matched (3),EGY,0,,.8577600097656251,8.119271169016031,8.087836016284442,1.031934455295266,1.040920973043629,2004,-.0058300018310546,-.008466796875,2,0,0,0,1,1,,,,-.0162466619913012,,0,0,,.0230605112853727
Egypt,EGY,2004,,.3322449493408203,.9651200103759766,82.855003,3496.0081,.1770405578613281,.1043244969483578,Matched (3),EGY,0,,.9709500122070313,8.159377041303841,8.119271169016031,1.040920973043629,1.044717297190734,2005,.0175099945068359,-.001299819946289,2,0,0,0,1,1,,,,-.021688855347517,,0,0,,.0228226032641535
Egypt,EGY,2005,,.3237167358398437,.9826300048828125,94.126999,3652.3401,.1858358383178711,.0528549267667713,Matched (3),EGY,0,,.9651200103759766,8.203123361116962,8.159377041303841,1.044717297190734,1.068438303915412,2006,-.1233899688720703,-.0085282135009766,2,0,0,0,1,1,,,,-.0273247256371153,,0,0,,.0228855453287956
Egypt,EGY,2006,,.2807262992858887,.8592400360107422,112.902,3902.3,.1755315208435059,.0428839582566059,Matched (3),EGY,0,,.9826300048828125,8.269321414389724,8.203123361116962,1.068438303915412,1.070878483936976,2007,-.0965600585937499,-.0429904365539551,2,0,0,0,1,1,,,,-.0284165374588714,,0,0,,.0229341220709759
Egypt,EGY,2007,,.2941190719604492,.7626799774169922,137.05499,4178.8892,.1634549713134766,.1995627498626709,Matched (3),EGY,0,,.8592400360107422,8.337800739041914,8.269321414389724,1.070878483936976,1.071562734237205,2008,-.0950699615478516,.0133927726745606,2,0,0,0,1,1,,,,-.0112603548152734,,0,0,,.0235287049885817
Egypt,EGY,2008,,.3211395645141601,.6676100158691406,170.797,4477.9419,.1378430080413818,.1460788940660881,Matched (3),EGY,0,,.7626799774169922,8.406918821311059,8.337800739041914,1.071562734237205,1.046736035198578,2009,.0268899536132813,.0270204925537109,2,0,0,0,1,1,,,,-.0171167875150933,,0,0,,.0230030053461841
Egypt,EGY,2009,,.3333998870849609,.6944999694824219,198.31599,4687.2231,.1138961696624756,.114735430948662,Matched (3),EGY,0,,.6676100158691406,8.452595606034409,8.406918821311059,1.046736035198578,1.051472206743878,2010,.0013999938964844,.0122603225708008,2,0,0,0,1,1,,,,-.0205488677118659,,0,0,,.022848278002292
Egypt,EGY,2010,.0981401443481445,.3360760116577148,.6958999633789063,230.024,4928.4849,.1793316841125488,.6475436580181122,Matched (3),EGY,0,,.6944999694824219,8.502786889837969,8.452595606034409,1.051472206743878,1.017645846049804,2011,.0324000549316407,.0026761245727539,1,0,0,0,1,1,,,,.0377931399326533,,0,0,,.0370175541627043
Egypt,EGY,2011,.1283012008666992,.3241982650756836,.7283000183105469,247.726,5015.4521,.2312392616271973,.062068438453059,Matched (3),EGY,0,.0981401443481445,.6958999633789063,8.520278855541809,8.502786889837969,1.017645846049804,1.022261962688356,2012,-.0296800231933594,-.0118777465820312,0,1,1,0,1,1,.0389216510402295,.0389216510402295,.0270855755335423,-.0263158546363974,.0007697208971449,1,1,.0188555681094547,.0228511024002054
Egypt,EGY,2012,.1435638618469238,.324908561706543,.6986199951171875,294.48199,5127.106,.2429513168334961,.306703246331984,Matched (3),EGY,0,.1283012008666992,.7283000183105469,8.542296638047867,8.520278855541809,1.022261962688356,1.03301939665989,2013,.0994999694824218,.0007102966308594,0,1,1,0,1,1,.0418737530171252,.0418737530171252,.0304966550891036,.0004714303683579,.0309680854574615,1,1,.0175143169409456,.0254847172183873
Egypt,EGY,2013,.1393322467803955,.3184859848022461,.7981199645996093,303.194,5296.3999,.3233367156982422,.078261318514424,Matched (3),EGY,0,.1435638618469238,.6986199951171875,8.574782605027369,8.542296638047867,1.03301939665989,1.029302960156732,2014,.0106200408935547,-.0064225769042969,0,1,1,0,1,1,.0391510326637768,.0391510326637768,.0273516942484006,-.0245427492593969,.0028089449890037,1,1,.0186967197870895,.0228150100826362
Egypt,EGY,2014,.1293416595458984,.3276622772216797,.808740005493164,321.634,5451.6001,.2888342094421387,.1366001239899666,Matched (3),EGY,0,.1393322467803955,.7981199645996093,8.603664440466677,8.574782605027369,1.029302960156732,1.043601823826631,2015,.0287999725341797,.0091762924194336,0,1,1,0,1,1,.0452739687129976,.0452739687129976,.0361340583065015,-.0181547040639488,.0179793542425527,1,1,.019685588736976,.0229440264263836
Egypt,EGY,2015,.1277663707733154,.3280360412597656,.8375399780273437,350.11899,5689.2998,.3092605972290039,.3517605455460087,Matched (3),EGY,0,.1293416595458984,.808740005493164,8.64634246237555,8.603664440466677,1.043601823826631,1.043397324644691,2016,.0783200073242188,.0003737640380859,0,1,1,0,1,1,.0468148482935805,.0468148482935805,.0378610406661119,.0054051629228354,.0432662035889474,1,1,.0186538388867655,.0266170047384683
Egypt,EGY,2016,.1528940677642822,.3257295227050781,.9158599853515625,351.44299,5936.2002,.402253303527832,.2206127265191847,Matched (3),EGY,0,.1277663707733154,.8375399780273437,8.688824509903942,8.64634246237555,1.043397324644691,1.04189543796512,2017,.0621400451660156,-.0023065185546875,0,1,1,0,1,1,.0479584058855938,.0479584058855938,.0401670822116466,-.0089554018573094,.0312116803543372,1,1,.0196487064313547,.0238222664973937
Egypt,EGY,2017,.1471950340270996,.3310542297363281,.9780000305175781,246.826,6184.8999,.3639312362670898,.1443366029185633,Matched (3),EGY,0,.1528940677642822,.9158599853515625,8.729866100757672,8.688824509903942,1.04189543796512,1.053274912319137,2018,-.0985100555419922,.00532470703125,0,1,1,0,1,1,.052259012788418,.052259012788418,.0478619386868877,-.0173075667829116,.030554371903976,1,1,.0217699564172262,.0229913774697509
Egypt,EGY,2018,.1353385734558105,.3349087524414063,.8794899749755859,263.15601,6514.3999,.4362026977539062,.251362836591659,Matched (3),EGY,0,.1471950340270996,.9780000305175781,8.781770375162093,8.729866100757672,1.053274912319137,1.055492448332799,2019,-.0785699462890624,.0038545227050781,0,1,1,0,1,1,.0563827383157165,.0563827383157165,.0551423197934353,-.0055882932696932,.0495540265237421,1,1,.0220578262641766,.0243340162765619
Egypt,EGY,2019,.1355846500396728,.3386825180053711,.8009200286865235,317.89401,6875.8999,.4602113723754883,,Master only (1),EGY,0,.1353385734558105,.8794899749755859,8.835777808855148,8.781770375162093,1.055492448332799,1.035762577384225,2020,.0612999725341796,.0037737655639648,1,0,0,1,0,0,,,,,,0,0,,
Egypt,EGY,2020,.1338635730743408,.3438549423217773,.8622200012207031,382.52499,7121.7998,.474954719543457,,Master only (1),EGY,0,.1355846500396728,.8009200286865235,8.87091575401938,8.835777808855148,1.035762577384225,1.032519883176696,2021,.0368099975585938,.0051724243164062,1,0,0,1,0,0,,,,,,0,0,,
Egypt,EGY,2021,.1346567726135254,.349371337890625,.8990299987792969,423.29999,7353.3999,.4317839431762696,,Master only (1),EGY,0,.1338635730743408,.8622200012207031,8.902918057001001,8.87091575401938,1.032519883176696,1.066513463724496,2022,-.0136900329589844,.0055163955688477,1,0,0,1,0,0,,,,,,0,0,,
Egypt,EGY,2022,.1394775104522705,.3471986770629883,.8853399658203125,475.23099,7842.5,.3233670043945313,,Master only (1),EGY,0,.1346567726135254,.8990299987792969,8.967312940064833,8.902918057001001,1.066513463724496,1.037602792775741,2023,.0739600372314453,-.0021726608276367,1,0,0,1,0,0,,,,,,0,0,,
Egypt,EGY,2023,.190642032623291,.3509664916992187,.9593000030517578,393.828,8137.3999,.4017557144165039,,Master only (1),EGY,0,.1394775104522705,.8853399658203125,9.004225985653919,8.967312940064833,1.037602792775741,,,,.0037678146362304,1,0,0,2,0,0,,,,,,0,0,,
Spain,ESP,1995,.0471036005020142,.4773698043823242,.6158599853515625,614.71301,760.37299,.118110237121582,.1585326372493397,Matched (3),ESP,0,,,6.633809083733654,,,1.024211846715403,1996,.0385600280761719,,3,0,0,2,0,0,,,,,,0,0,,
Spain,ESP,1996,.022993540763855,.4826091384887695,.6544200134277344,642.47998,778.78302,.1219802188873291,.0597404759580439,Matched (3),ESP,0,.0471036005020142,.6158599853515625,6.657732470511943,6.633809083733654,1.024211846715403,1.038655187815337,1997,-.0115599822998047,.0052393341064453,1,0,0,1,0,0,,,,,,0,0,,
Spain,ESP,1997,.0004112799838185,.4865697860717774,.6428600311279297,590.5,808.88702,.1082768726348877,.1857290211590854,Matched (3),ESP,0,.022993540763855,.6544200134277344,6.695659258265595,6.657732470511943,1.038655187815337,1.044687294501051,1998,-.0193100357055663,.0039606475830078,1,0,0,1,0,0,,,,,,0,0,,
Spain,ESP,1998,-.0043931999802589,.4912995910644531,.6235499954223633,619.54102,845.034,.0948345565795898,.1723066139221192,Matched (3),ESP,0,.0004112799838185,.6428600311279297,6.73937685918932,6.695659258265595,1.044687294501051,1.047452527573599,1999,-.015019989013672,.0047298049926758,1,0,0,1,0,0,,,,,,0,0,,
Spain,ESP,1999,-.0089188897609711,.5013858032226562,.6085300064086914,635.02502,885.133,.0799349164962769,.0531772613525391,Matched (3),ESP,0,-.0043931999802589,.6235499954223633,6.785737911237698,6.73937685918932,1.047452527573599,1.05052910218915,2000,-.0301200103759766,.0100862121582031,1,0,0,1,0,0,,,,,,0,0,,
Spain,ESP,2000,-.0049363899230957,.5140356445312499,.5784099960327148,598.367,929.85797,.0739423656463623,.0840199292789806,Matched (3),ESP,0,-.0089188897609711,.6085300064086914,6.83503185533552,6.785737911237698,1.05052910218915,1.039192065162946,2001,-.0378900146484374,.0126498413085937,0,1,1,0,1,1,.0338559525310035,.0338559525310035,.0206023630106639,-.0239121867114132,-.0033098237007494,1,1,.0173336290817955,.0228097087202497
Spain,ESP,2001,.0010531900078058,.5133191299438477,.5405199813842774,627.80298,966.30103,.0655953645706177,.1275840564207597,Matched (3),ESP,0,-.0049363899230957,.5784099960327148,6.873475406156128,6.83503185533552,1.039192065162946,1.027554536177519,2002,-.0281499862670899,-.0007165145874023,0,1,1,0,1,1,.0322624777468948,.0322624777468948,.018660939625587,-.01914195511662,-.000481015491033,1,1,.0165130507017756,.0228977042139847
Spain,ESP,2002,.0035663801431656,.516232681274414,.5123699951171875,708.43701,992.927,.0590691947937012,.1364577947963368,Matched (3),ESP,0,.0010531900078058,.5405199813842774,6.900657148707664,6.873475406156128,1.027554536177519,1.029392893436462,2003,-.0354999923706055,.0029135513305664,0,1,1,0,1,1,.0300628759725966,.0300628759725966,.0162495851610658,-.0181702889788974,-.0019207038178316,1,1,.0160152879483654,.0229432209423004
Spain,ESP,2003,.0012716899812222,.5149010848999024,.476870002746582,907.73602,1022.112,.0530015802383423,.2662140794233842,Matched (3),ESP,0,.0035663801431656,.5123699951171875,6.929626353322587,6.900657148707664,1.029392893436462,1.031145359241809,2004,-.0235400009155273,-.0013315963745116,0,1,1,0,1,1,.0289517881472557,.0289517881472557,.0148340275516432,-.0039620959273872,.010871931624256,1,1,.0151910885409018,.0246148519674171
Spain,ESP,2004,-.0017261600494385,.5145286560058594,.4533300018310547,1069.344,1053.946,.0452524948120117,.1315318558432839,Matched (3),ESP,0,.0012716899812222,.476870002746582,6.960296537014806,6.929626353322587,1.031145359241809,1.035512233947801,2005,-.029379997253418,-.000372428894043,0,1,1,0,1,1,.0262836193710328,.0262836193710328,.0125338696416545,-.0187096747343242,-.0061758050926696,1,1,.0154644778530977,.0229168096338453
Spain,ESP,2005,-.0090311801433563,.5234901428222656,.4239500045776367,1155.306,1091.374,.0374243950843811,.157436878897927,Matched (3),ESP,0,-.0017261600494385,.4533300018310547,6.995192753330434,6.960296537014806,1.035512233947801,1.0404343766414,2006,-.0337599945068359,.0089614868164062,0,1,1,0,1,1,.0250036747097209,.0250036747097209,.0113349159019409,-.0158730986900724,-.0045381827881316,1,1,.0151163663437368,.0230874413756387
Spain,ESP,2006,-.0099829697608948,.5316193771362304,.3901900100708008,1261.9139,1135.5031,.0309283447265625,.1510625071959062,Matched (3),ESP,0,-.0090311801433563,.4239500045776367,7.034831049131444,6.995192753330434,1.0404343766414,1.035334933483953,2007,-.0332099914550781,.0081292343139648,0,1,1,0,1,1,.0232418037333848,.0232418037333848,.009853362799161,-.0165710864906997,-.0067177236915387,1,1,.0149723695091178,.0230382143750521
Spain,ESP,2007,-.0032391399145126,.5340420532226563,.3569800186157226,1476.92,1175.626,.0260806035995483,.124823892550035,Matched (3),ESP,0,-.0099829697608948,.3901900100708008,7.069556030730123,7.034831049131444,1.035334933483953,1.007671694185528,2008,.039109992980957,.0024226760864259,0,1,1,0,1,1,.0211369427746948,.0211369427746948,.0082474239141241,-.0194441905053858,-.0111967665912616,1,1,.0149638181558054,.0228854385918618
Spain,ESP,2008,.0074096900224686,.5362537765502929,.3960900115966797,1635.936,1184.645,.0281169271469116,.062859722700986,Matched (3),ESP,0,-.0032391399145126,.3569800186157226,7.077198447114696,7.069556030730123,1.007671694185528,.9623186377775845,2009,.1346999740600586,.0022117233276366,0,1,1,0,1,1,.0189128293067906,.0189128293067906,.0067515021580141,-.0262292097437398,-.0194777075857256,1,1,.0153219749579765,.0228486137300729
Spain,ESP,2009,.0077373200654984,.5275150680541992,.5307899856567383,1494.963,1140.006,.0377206826210022,.1739075743068348,Matched (3),ESP,0,.0074096900224686,.3960900115966797,7.038788788256629,7.077198447114696,.9623186377775845,1.00094122141843,2010,.0718700027465821,-.0087387084960937,0,1,1,0,1,1,.0216937809915575,.0216937809915575,.0085926899645218,-.0140695727896892,-.0054768828251673,1,1,.014730029503462,.0232362166166993
Spain,ESP,2010,.0109840703010559,.5196490859985352,.6026599884033204,1429.155,1141.079,.0418076276779175,.0518409976092252,Matched (3),ESP,0,.0077373200654984,.5307899856567383,7.039729567003926,7.038788788256629,1.00094122141843,.9936007918081405,2011,.0926200103759766,-.007865982055664,0,1,1,0,1,1,.0291289771567387,.0291289771567387,.0154613693672208,-.0274357499412742,-.0119743805740535,1,1,.0167733535779417,.0228899494495788
Spain,ESP,2011,.0268984198570251,.5259810256958007,.6952799987792969,1487.307,1133.777,.0539906740188599,.2011813289468939,Matched (3),ESP,0,.0109840703010559,.6026599884033204,7.03330979610904,7.039729567003926,.9936007918081405,.9713488548166049,2012,.2003199768066406,.0063319396972655,0,1,1,0,1,1,.0340069372336717,.0340069372336717,.020494620398877,-.0110831219038667,.0094114984950103,1,1,.0162615318872965,.0235495889021668
Spain,ESP,2012,.0410263395309448,.5283224868774414,.8955999755859375,1331.838,1101.293,.0671665525436401,.1753014633872292,Matched (3),ESP,0,.0268984198570251,.6952799987792969,7.004240194650381,7.03330979610904,.9713488548166049,.9857267824396749,2013,.1044000244140625,.0023414611816407,0,1,1,0,1,1,.0393659512456322,.0393659512456322,.027370358534009,-.0139169432257065,.0134534153083025,1,1,.0176713024457645,.0232502219916502
Spain,ESP,2013,.0219267392158508,.5265901565551758,1,1362.207,1085.574,.0767241621017456,.0850647622888738,Matched (3),ESP,0,.0410263395309448,.8955999755859375,6.98986413495527,7.004240194650381,.9857267824396749,1.015204842628299,2014,.0441799926757813,-.0017323303222656,0,1,1,0,1,1,.0508109904650655,.0508109904650655,.04550632182001,-.0237977784640299,.0217085433559801,1,1,.0220601046349459,.0228091710981582
Spain,ESP,2014,.0018311600387096,.5326947021484375,1.044179992675781,1380.6,1102.08,.0765205335617065,.2065011345256459,Matched (3),ESP,0,.0219267392158508,1,7.004954542484372,6.98986413495527,1.015204842628299,1.040607808455226,2015,-.019759979248047,.0061045455932617,0,1,1,0,1,1,.0574912387351456,.0574912387351456,.0574912387351456,-.0105006081175275,.0469906306176181,1,1,.0228401246241673,.0236202262701102
Spain,ESP,2015,-.0038602900505066,.5366313934326172,1.024420013427734,1206.287,1146.833,.0674163150787354,.3302767918326638,Matched (3),ESP,0,.0018311600387096,1.044179992675781,7.044759516131193,7.004954542484372,1.040607808455226,1.0291524425707,2016,-.0047499847412109,.0039366912841797,0,1,1,0,1,1,.0606256140662509,.0606256140662509,.0633040532516626,.0030527117786951,.0663567650303576,1,1,.0229315319939564,.0260567975663705
Spain,ESP,2016,-.0044482699036598,.5363711547851563,1.019670028686523,1242.673,1180.266,.0628399419784546,.1339882976358587,Matched (3),ESP,0,-.0038602900505066,1.024420013427734,7.073495108337734,7.044759516131193,1.0291524425707,1.028960446651833,2017,-.0082300567626954,-.0002602386474609,0,1,1,0,1,1,.0586251993504798,.0586251993504798,.0600568275058222,-.0184406966319608,.0416161308738614,1,1,.0240538139884912,.0229296238446975
Spain,ESP,2017,-.0076015800237656,.5404562377929687,1.011439971923828,1321.288,1214.447,.0587599802017212,.3534405500238592,Matched (3),ESP,0,-.0044482699036598,1.019670028686523,7.102044125822907,7.073495108337734,1.028960446651833,1.023954064580977,2018,-.0142599487304687,.0040850830078124,0,1,1,0,1,1,.0592767537523427,.0592767537523427,.0604427291990953,.0055891218579831,.0660318510570783,1,1,.0223650339304036,.0266623036134434
Spain,ESP,2018,-.014686199426651,.5352510452270508,.9971800231933594,1432.292,1243.538,.0558964729309082,.1600188862193714,Matched (3),ESP,0,-.0076015800237656,1.011439971923828,7.125715792626398,7.102044125822907,1.023954064580977,1.019611835128535,2019,-.0213899993896485,-.0052051925659179,0,1,1,0,1,1,.0579693211608279,.0579693211608279,.0586324885673511,-.0155903712785336,.0430421172888175,1,1,.0235094239903637,.0231087141925126
Spain,ESP,2019,-.0147481501102448,.5332337951660157,.9757900238037109,1403.651,1267.926,.0523263263702393,,Master only (1),ESP,0,-.014686199426651,.9971800231933594,7.145137793698052,7.125715792626398,1.019611835128535,.8905992673428421,2020,.2159999847412108,-.0020172500610351,1,0,0,1,0,0,,,,,,0,0,,
Spain,ESP,2020,-.0049862998723984,.5276475143432617,1.191790008544922,1288.751,1129.214,.0489289236068726,,Master only (1),ESP,0,-.0147481501102448,.9757900238037109,7.029277084947488,7.145137793698052,.8905992673428421,1.066831479005345,2021,-.0358499908447265,-.0055862808227539,1,0,0,1,0,0,,,,,,0,0,,
Spain,ESP,2021,-.0107547295093536,.530667495727539,1.155940017700195,1462.2159,1204.681,.0451743936538696,,Master only (1),ESP,0,-.0049862998723984,1.191790008544922,7.093970105716887,7.029277084947488,1.066831479005345,1.063703122594996,2022,-.0636800384521483,.0030199813842773,1,0,0,1,0,0,,,,,,0,0,,
Spain,ESP,2022,-.0070869898796082,.5269222259521484,1.092259979248047,1449.99,1281.423,.0502876329421997,,Master only (1),ESP,0,-.0107547295093536,1.155940017700195,7.1557264375855,7.093970105716887,1.063703122594996,1.024609387242595,2023,-.0415200042724611,-.0037452697753906,1,0,0,1,0,0,,,,,,0,0,,
Spain,ESP,2023,-.0046784099936485,.5249701309204101,1.050739974975586,1619.949,1312.958,.0427559661865234,,Master only (1),ESP,0,-.0070869898796082,1.092259979248047,7.180037891927314,7.1557264375855,1.024609387242595,,,,-.0019520950317383,1,0,0,2,0,0,,,,,,0,0,,
Finland,FIN,1995,.0183568000793457,.6680387878417968,.5520399856567383,134.21001,137.60899,.0142999851703644,.0631668268782752,Matched (3),FIN,0,,,4.924416283321757,,,1.036618256812809,1996,.0015900039672851,,3,0,0,2,0,0,,,,,,0,0,,
Finland,FIN,1996,,.6688758850097656,.5536299896240234,132.04601,142.64799,.0245287466049194,.120626939364842,Matched (3),FIN,0,.0183568000793457,.5520399856567383,4.9603800221462,4.924416283321757,1.036618256812809,1.06397571224461,1997,-.0312799835205078,.0008370971679688,2,0,0,1,0,0,,,,,,0,0,,
Finland,FIN,1997,,.6728508758544922,.5223500061035157,127.027,151.774,.0321153998374939,.1506514968190875,Matched (3),FIN,0,,.5536299896240234,5.022392585967343,4.9603800221462,1.06397571224461,1.054541619544488,1998,-.053920021057129,.0039749908447266,3,0,0,1,0,0,,,,,,0,0,,
Finland,FIN,1998,,.6789908599853516,.4684299850463867,134.164,160.052,.0288799786567688,.0505275290352958,Matched (3),FIN,0,,.5223500061035157,5.075498774635832,5.022392585967343,1.054541619544488,1.043891946434646,1999,-.0282199859619141,.0061399841308594,3,0,0,1,0,0,,,,,,0,0,,
Finland,FIN,1999,-.0041323399543762,.684629135131836,.4402099990844727,135.369,167.077,.0265716886520386,.1067895030975342,Matched (3),FIN,0,,.4684299850463867,5.118454759156155,5.075498774635832,1.043891946434646,1.057536386400255,2000,-.0157400131225586,.0056382751464844,2,0,0,1,0,0,,,,,,0,0,,
Finland,FIN,2000,-.0055959498882294,.6889539337158204,.424469985961914,126.023,176.69,.0165865290164948,.1929654226984297,Matched (3),FIN,0,-.0041323399543762,.4402099990844727,5.174396798446014,5.118454759156155,1.057536386400255,1.026402134935053,2001,-.0154999923706055,.0043247985839844,0,1,1,0,1,1,.0243798706039648,.0243798706039648,.0107322628162509,-.0119827560326244,-.0012504932163734,1,1,.0148695025114011,.0234465378954131
Finland,FIN,2001,.0004103900119662,.6920528411865234,.4089699935913086,129.521,181.355,.0090765047073364,.1135298865182059,Matched (3),FIN,0,-.0055959498882294,.424469985961914,5.2004564127856,5.174396798446014,1.026402134935053,1.016872970862027,2002,-.0076799774169922,.0030989074707031,0,1,1,0,1,1,.0231131038251819,.0231131038251819,.0098108188562112,-.0206808737110306,-.0108700548548194,1,1,.0152292186218974,.0228446449627382
Finland,FIN,2002,.0038150098919868,.6968489837646484,.4012900161743164,140.26199,184.41499,-.0001555482111871,.2781317022868565,Matched (3),FIN,0,.0004103900119662,.4089699935913086,5.217188616310265,5.2004564127856,1.016872970862027,1.020117706525688,2003,.0256799697875976,.004796142578125,0,1,1,0,1,1,.0228969502959857,.0228969502959857,.0093641656158098,-.0026571272559583,.0067070383598514,1,1,.0146832080859516,.0248554006811734
Finland,FIN,2003,.0013063399493694,.6998246002197266,.426969985961914,171.57001,188.125,-.0014814814925194,.1564130524226597,Matched (3),FIN,0,.0038150098919868,.4012900161743164,5.237106635503141,5.217188616310265,1.020117706525688,1.040053175612542,2004,-.0011999893188476,.0029756164550782,0,1,1,0,1,1,.0219265250523373,.0219265250523373,.008798895592899,-.0159852067413599,-.0071863111484609,1,1,.0148297557205214,.0230792185959652
Finland,FIN,2004,-.0014129200577736,.7011412811279297,.4257699966430664,197.369,195.66,-.0014499086141586,.1031072637013027,Matched (3),FIN,0,.0013063399493694,.426969985961914,5.276378477745982,5.237106635503141,1.040053175612542,1.02777776478007,2005,-.0270700073242188,.0013166809082031,0,1,1,0,1,1,.0232164556685234,.0232164556685234,.0099127297508748,-.021822141261279,-.0119094115104042,1,1,.0153295206693708,.0228204441263123
Finland,FIN,2005,-.009370179772377,.7128740692138672,.3986999893188476,204.97301,201.095,-.0008497325330973,.2463663707460676,Matched (3),FIN,0,-.0014129200577736,.4257699966430664,5.303777439287678,5.276378477745982,1.02777776478007,1.040194895470523,2006,-.0186499786376953,.0117327880859375,0,1,1,0,1,1,.0237540297036676,.0237540297036676,.0101137531471899,-.0061354016545664,.0039783514926235,1,1,.0147043757819316,.0242443726077981
Finland,FIN,2006,-.0100840103626251,.7485933685302735,.3800500106811524,217.056,209.17799,-.0037741631269455,.4007065085002354,Matched (3),FIN,0,-.009370179772377,.3986999893188476,5.343185534374756,5.303777439287678,1.040194895470523,1.05313184944235,2007,-.0409900283813477,.0357192993164063,0,1,1,0,1,1,.0228111203670986,.0228111203670986,.0090947934467132,.0107647005571363,.0198594940038495,1,1,.0153901918689517,.0280193012624324
Finland,FIN,2007,-.0033660098910332,.749539566040039,.3390599822998047,256.39001,220.29201,-.0065256005525589,.2357084587642125,Matched (3),FIN,0,-.0100840103626251,.3800500106811524,5.394953972833714,5.343185534374756,1.05313184944235,1.00783954790786,2008,-.0134299850463867,.0009461975097655,0,1,1,0,1,1,.021009140109044,.021009140109044,.007984523922844,-.0073024331505702,.0006820907722738,1,1,.0145659795076714,.0240614821603486
Finland,FIN,2008,.006413499712944,.7529609680175782,.325629997253418,285.66699,222.019,-.0102007496356964,.1215076950618199,Matched (3),FIN,0,-.0033660098910332,.3390599822998047,5.402762951149786,5.394953972833714,1.00783954790786,.9192411779959323,2009,.0897100067138672,.0034214019775392,0,1,1,0,1,1,.0181037875047907,.0181037875047907,.0061382698709338,-.0198073110605475,-.0136690411896137,1,1,.0148103768507295,.0228718930832948
Finland,FIN,2009,.0049109300971031,.7495432281494141,.4153400039672852,253.20599,204.089,-.0071306777000427,.0929692382471902,Matched (3),FIN,0,.006413499712944,.325629997253418,5.318556195344516,5.402762951149786,.9192411779959323,1.031677337802707,2010,.0857899856567383,-.0034177398681641,0,1,1,0,1,1,.0171895836353464,.0171895836353464,.0055974440719653,-.022932245663753,-.0173348015917877,1,1,.0149701295943007,.0228093269448825
Finland,FIN,2010,-.0019051599502563,.7597169494628906,.5011299896240234,249.633,210.554,.0012440954148769,.1059383518355233,Matched (3),FIN,0,.0049109300971031,.4153400039672852,5.349742156348524,5.318556195344516,1.031677337802707,1.02389413565621,2011,.0191099929809571,.0101737213134765,0,1,1,0,1,1,.0225417647272276,.0225417647272276,.0093624966512363,-.0215121397313148,-.0121496430800785,1,1,.0152343335423804,.0228257381894436
Finland,FIN,2011,.0023431000113487,.7599078369140625,.5202399826049805,275.07901,215.58501,.0004165167734027,.1598938655853271,Matched (3),FIN,0,-.0019051599502563,.5011299896240234,5.373355294473202,5.349742156348524,1.02389413565621,.9847669747962623,2012,.0583200073242187,.0001908874511719,0,1,1,0,1,1,.0278365522230597,.0278365522230597,.0139497311267105,-.0156040609222301,-.0016543297955196,1,1,.0154688051099051,.0231076665137479
Finland,FIN,2012,.0008777300268412,.7685635375976563,.5785599899291992,257.60599,212.30099,.004034216105938,.0470187926292419,Matched (3),FIN,0,.0023431000113487,.5202399826049805,5.358005054864254,5.373355294473202,.9847669747962623,.9902025808579065,2013,.0295600128173829,.0086557006835938,0,1,1,0,1,1,.0284855516779301,.0284855516779301,.0148193229094196,-.0279637769226762,-.0131444540132566,1,1,.0167182761656998,.0229125563020941
Finland,FIN,2013,-.0049103400111198,.7737702941894531,.6081200027465821,270.272,210.22099,.0018503251671791,.1810253756386893,Matched (3),FIN,0,.0008777300268412,.5785599899291992,5.348159325206676,5.358005054864254,.9902025808579065,.9952193660134472,2014,.0400100326538085,.0052067565917968,0,1,1,0,1,1,.0324983028024685,.0324983028024685,.0188022177421123,-.0132901801327866,.0055120376093257,1,1,.0161042950302529,.0233100260370864
Finland,FIN,2014,-.0113005304336548,.7843850708007812,.6481300354003906,273.54901,209.216,.0028189638257027,.3116324063709804,Matched (3),FIN,0,-.0049103400111198,.6081200027465821,5.343367227438779,5.348159325206676,.9952193660134472,1.004665025183828,2015,.0395099639892579,.0106147766113281,0,1,1,0,1,1,.034798426439957,.034798426439957,.0211616191822434,.0010111688297137,.0221727880119571,1,1,.0160363890081423,.0256005066264229
Finland,FIN,2015,-.0142751002311707,.7664422607421875,.6876399993896485,233.23399,210.192,.0026446095108986,.2790677452087402,Matched (3),FIN,0,-.0113005304336548,.6481300354003906,5.348021405115471,5.343367227438779,1.004665025183828,1.025719370027592,2016,-.0011499786376954,-.0179428100585938,0,1,1,0,1,1,.0370225920491666,.0370225920491666,.0239954538954406,-.0025546314225053,.0214408224729353,1,1,.016511294288972,.0248748541571824
Finland,FIN,2016,-.0147755300998688,.7463658142089844,.6864900207519531,238.71201,215.59801,.0053181529045105,.1763698530197144,Matched (3),FIN,0,-.0142751002311707,.6876399993896485,5.373415595959418,5.348021405115471,1.025719370027592,1.033033672764317,2017,-.0206800079345703,-.0200764465332031,0,1,1,0,1,1,.0389193702466232,.0389193702466232,.0267625157326334,-.0137999555499557,.0129625601826778,1,1,.0175507835028158,.0232611051389442
Finland,FIN,2017,-.0185055696964264,.7470169067382813,.6658100128173828,253.757,222.72,.0047299885749817,.0363573333195278,Matched (3),FIN,0,-.0147755300998688,.6864900207519531,5.405915382626942,5.373415595959418,1.033033672764317,1.01192976681978,2018,-.013030014038086,.0006510925292968,0,1,1,0,1,1,.0382568262616843,.0382568262616843,.0262629294542876,-.0291311968477968,-.0028682673935093,1,1,.019049269855041,.0229722463503211
Finland,FIN,2018,-.0225512599945068,.7430153656005859,.6527799987792968,273.99301,225.377,.0036683785915375,.2905682155064174,Matched (3),FIN,0,-.0185055696964264,.6658100128173828,5.417774550708186,5.405915382626942,1.01192976681978,1.013497417487666,2019,.0005000305175782,-.0040015411376954,0,1,1,0,1,1,.0381153836069296,.0381153836069296,.0253776040478693,-.0012953405708736,.0240822634769957,1,1,.0167081616507169,.0251203890120029
Finland,FIN,2019,-.0208005905151367,.740298080444336,.653280029296875,267.04401,228.41901,.0026903051137924,,Master only (1),FIN,0,-.0225512599945068,.6527799987792968,5.431181689502047,5.417774550708186,1.013497417487666,.9750896279062434,2020,.0998899841308594,-.0027172851562499,1,0,0,1,0,0,,,,,,0,0,,
Finland,FIN,2020,-.0112505602836609,.7456877136230469,.7531700134277344,269.784,222.729,.0013943713903427,,Master only (1),FIN,0,-.0208005905151367,.653280029296875,5.405955803350501,5.431181689502047,.9750896279062434,1.026763458869799,2021,-.0219100189208984,.0053896331787109,1,0,0,1,0,0,,,,,,0,0,,
Finland,FIN,2021,-.015538729429245,.7496027374267578,.731259994506836,294.41901,228.69,-.0009149654209614,,Master only (1),FIN,0,-.0112505602836609,.7531700134277344,5.432367385343906,5.405955803350501,1.026763458869799,1.007630395288638,2022,.0083799743652343,.0039150238037109,1,0,0,1,0,0,,,,,,0,0,,
Finland,FIN,2022,-.0128594505786896,.7483502960205078,.7396399688720703,280.474,230.435,-.0009722063690424,,Master only (1),FIN,0,-.015538729429245,.731259994506836,5.439968816412073,5.432367385343906,1.007630395288638,.987107023353791,2023,.0307500457763672,-.0012524414062499,1,0,0,1,0,0,,,,,,0,0,,
Finland,FIN,2023,-.009332429766655,.7455947113037109,.7703900146484375,295.27701,227.464,-.0020355467498302,,Master only (1),FIN,0,-.0128594505786896,.7396399688720703,5.426992003967551,5.439968816412073,.987107023353791,,,,-.0027555847167969,1,0,0,2,0,0,,,,,,0,0,,
France,FRA,1995,.0096427297592163,.5821876144409179,.5780199813842773,1596.25,1681.575,.0566134023666382,.1040475569100215,Matched (3),FRA,0,,,7.427486104181507,,,1.013467134532403,1996,.0279300308227539,,3,0,0,2,0,0,,,,,,0,0,,
France,FRA,1996,-.0010525099933147,.583962287902832,.6059500122070313,1599.248,1704.2209,.0597264051437378,.0484331020815619,Matched (3),FRA,0,.0096427297592163,.5780199813842773,7.440863362871903,7.427486104181507,1.013467134532403,1.025151103310957,1997,.0138999938964843,.0017746734619141,1,0,0,1,0,0,,,,,,0,0,,
France,FRA,1997,-.0075829601287842,.5821446990966797,.6198500061035156,1451.058,1747.084,.0582756423950195,.1252230351546715,Matched (3),FRA,0,-.0010525099933147,.6059500122070313,7.465703382461678,7.440863362871903,1.025151103310957,1.034660642678034,1998,.0011800003051758,-.0018175888061523,1,0,0,1,0,0,,,,,,0,0,,
France,FRA,1998,-.0062782800197601,.580182991027832,.6210300064086914,1498.974,1807.639,.0560218667984009,.2076775136487237,Matched (3),FRA,0,-.0075829601287842,.6198500061035156,7.499776873943629,7.465703382461678,1.034660642678034,1.032607182827814,1999,-.0068300247192383,-.0019617080688477,1,0,0,1,0,0,,,,,,0,0,,
France,FRA,1999,-.0102949297428131,.5834856796264648,.6141999816894531,1488.392,1866.5811,.0512357997894287,.0934460738609577,Matched (3),FRA,0,-.0062782800197601,.6210300064086914,7.531863723443098,7.499776873943629,1.032607182827814,1.043667490853462,2000,-.016989974975586,.0033026885986328,1,0,0,1,0,0,,,,,,0,0,,
France,FRA,2000,-.0063862001895905,.5862411117553711,.5972100067138671,1361.5601,1948.09,.0503839683532715,.1003078204187854,Matched (3),FRA,0,-.0102949297428131,.6141999816894531,7.574604666822039,7.531863723443098,1.043667490853462,1.018420110894629,2001,-.0039699935913086,.0027554321289063,0,1,1,0,1,1,.0342599227829102,.0342599227829102,.0210424439459455,-.0221286777092752,-.0010862337633296,1,1,.0172293280456215,.0228161487775649
France,FRA,2001,-.0006121499836445,.5879372406005859,.5932400131225586,1370.386,1983.974,.0508899927139282,.0855552977529065,Matched (3),FRA,0,-.0063862001895905,.5972100067138671,7.592857182428014,7.574604666822039,1.018420110894629,1.011233507755473,2002,.0193099975585938,.0016961288452149,0,1,1,0,1,1,.0331940620965595,.0331940620965595,.0198238260475468,-.0237440652848061,-.0039202392372593,1,1,.0171696785514193,.0228089636510485
France,FRA,2002,.0028895199298859,.5872854614257812,.6125500106811523,1491.373,2006.261,.0520010232925415,.1565565641995134,Matched (3),FRA,0,-.0006121499836445,.5932400131225586,7.604028062914734,7.592857182428014,1.011233507755473,1.009901498543682,2003,.0410799789428711,-.0006517791748047,0,1,1,0,1,1,.0332611926504305,.0332611926504305,.0197318703644134,-.015969492334643,.0037623780297703,1,1,.0164465055785354,.0230803639221179
France,FRA,2003,.0013512900471687,.5875760650634766,.6536299896240234,1834.637,2026.126,.0503521251678467,.3098926471841746,Matched (3),FRA,0,.0028895199298859,.6125500106811523,7.61388086281754,7.604028062914734,1.009901498543682,1.025245173762853,2004,.0151399993896485,.0002906036376954,0,1,1,0,1,1,.0350526159518187,.0350526159518187,.0214714802756889,.0008206668092503,.0222921470849392,1,1,.0160815894674903,.0255594027487768
France,FRA,2004,-.0016043099761009,.5939647293090821,.6687699890136719,2108.835,2077.2759,.0498364543914795,.1200838013353019,Matched (3),FRA,0,.0013512900471687,.6536299896240234,7.638812640720587,7.61388086281754,1.025245173762853,1.019842929242,2005,.0131100463867188,.0063886642456055,0,1,1,0,1,1,.0366721334498288,.0366721334498288,.0239700062063024,-.0199632261055054,.004006780100797,1,1,.0175633583469488,.0228664764457697
France,FRA,2005,-.0087859302759171,.5961409759521484,.6818800354003907,2193.3579,2118.4951,.0480534315109253,.1964875379101984,Matched (3),FRA,0,-.0016043099761009,.6687699890136719,7.658461265219728,7.638812640720587,1.019842929242,1.029307083862873,2006,-.0278800201416016,.0021762466430664,0,1,1,0,1,1,.037890595031098,.037890595031098,.0253400928226689,-.0115970876773512,.0137430051453177,1,1,.0171383064240058,.0234898123223424
France,FRA,2006,-.0099978297948837,.6149180603027343,.654000015258789,2317.9851,2180.582,.0464652013778687,.2280868799933072,Matched (3),FRA,0,-.0087859302759171,.6818800354003907,7.687347106960425,7.658461265219728,1.029307083862873,1.024839268472258,2007,.0007899475097657,.0187770843505859,0,1,1,0,1,1,.0387989072617262,.0387989072617262,.0264562002571224,-.008136988970703,.0183192112864194,1,1,.0171348242724554,.0239377647305652
France,FRA,2007,-.0032771399617195,.6333086013793945,.6547899627685547,2656.1299,2234.7461,.0487549591064453,.2591773144952182,Matched (3),FRA,0,-.0099978297948837,.654000015258789,7.71188289600805,7.687347106960425,1.024839268472258,1.002625765825606,2008,.0434000396728516,.0183905410766602,0,1,1,0,1,1,.037284720530171,.037284720530171,.0243842077956515,-.0047326151731012,.0196515926225503,1,1,.0166356262528229,.0244791302589054
France,FRA,2008,.0059517997503281,.6368822097778321,.6981900024414063,2926.4829,2240.614,.0518905067443848,.0979505474814053,Matched (3),FRA,0,-.0032771399617195,.6547899627685547,7.714505220533287,7.71188289600805,1.002625765825606,.9726958868674718,2009,.1423799896240234,.0035736083984376,0,1,1,0,1,1,.0366466250928658,.0366466250928658,.0239958422801508,-.0223867969137951,.0016090453663557,1,1,.0178134070744937,.022813256833771
France,FRA,2009,.0040235701203346,.6412472534179687,.8405699920654297,2697.144,2179.436,.0442780351638794,.1332791986136601,Matched (3),FRA,0,.0059517997503281,.6981900024414063,7.686821422845044,7.714505220533287,.9726958868674718,1.018384513446332,2010,.0222200012207031,.0043650436401367,0,1,1,0,1,1,.0393593070379593,.0393593070379593,.0274802746769249,-.0185183423184799,.008961932358445,1,1,.0180864688442307,.0229258519181137
France,FRA,2010,-.0007470600306988,.656031494140625,.8627899932861328,2648.3911,2219.5039,.045352954864502,.0491789494711777,Matched (3),FRA,0,.0040235701203346,.8405699920654297,7.705038984241003,7.686821422845044,1.018384513446332,1.024836191223757,2011,.0246900177001953,.0147842407226563,0,1,1,0,1,1,.0474092297380091,.0474092297380091,.0398507758647065,-.0277272417481374,.0121235341165691,1,1,.0214935193196821,.0229020901796202
France,FRA,2011,.0055361199378967,.6534062957763672,.8874800109863281,2869.9031,2274.6279,.0480573987960815,.2521395795098667,Matched (3),FRA,0,-.0007470600306988,.8627899932861328,7.729571770619608,7.705038984241003,1.024836191223757,1.002291003980304,2012,.0299199676513672,-.0026251983642578,0,1,1,0,1,1,.0495832381469604,.0495832381469604,.0427799217079207,-.005503240639179,.0372766810687417,1,1,.0198922812066221,.0243481732944361
France,FRA,2012,.0076234102249146,.6526150512695312,.9173999786376953,2684.7061,2279.8391,.0467176246643066,.1805870654665191,Matched (3),FRA,0,.0055361199378967,.8874800109863281,7.731860154251683,7.729571770619608,1.002291003980304,1.009263755912395,2013,.0281999969482422,-.000791244506836,0,1,1,0,1,1,.0507372202324792,.0507372202324792,.0450282687693364,-.0133381746908963,.0316900940784401,1,1,.0208775075613117,.0233053165869034
France,FRA,2013,-.0014240500330925,.6492581176757812,.9455999755859374,2816.1189,2300.959,.0410593795776367,.07704945613598,Matched (3),FRA,0,.0076234102249146,.9173999786376953,7.741081264746119,7.731860154251683,1.009263755912395,1.009991906397723,2014,.0160300445556641,-.00335693359375,0,1,1,0,1,1,.0520641722570652,.0520641722570652,.0477636705164209,-.0246754470680178,.0230882234484031,1,1,.0225823580931988,.0228166297066312
France,FRA,2014,-.009111419916153,.6587601470947265,.9616300201416016,2861.9729,2323.95,.0390746927261353,.1834103176511567,Matched (3),FRA,0,-.0014240500330925,.9455999755859374,7.751023582099577,7.741081264746119,1.009991906397723,1.009982141842245,2015,.0081599426269531,.0095020294189453,0,1,1,0,1,1,.0541810162480226,.0541810162480226,.0512335676413515,-.0130290311901578,.0382045364511937,1,1,.0219645265522121,.0233360274423011
France,FRA,2015,-.0129724597930908,.6580760955810547,.9697899627685547,2442.731,2347.1479,.0359909129142761,.3273204717964962,Matched (3),FRA,0,-.009111419916153,.9616300201416016,7.760956231452116,7.751023582099577,1.009982141842245,1.007348096790507,2016,.0117000579833985,-.0006840515136718,0,1,1,0,1,1,.0557387359275401,.0557387359275401,.0536000417526678,.0027289974713947,.0563290392240625,1,1,.0213467542179738,.0259825504215809
France,FRA,2016,-.0136350500583649,.6454951477050781,.9814900207519531,2469.7261,2364.395,.0342062067985535,.146225706626629,Matched (3),FRA,0,-.0129724597930908,.9697899627685547,7.768277462507144,7.760956231452116,1.007348096790507,1.022696741473698,2017,.0061299896240234,-.0125809478759766,0,1,1,0,1,1,.0554514355400784,.0554514355400784,.0537762456078755,-.0171007116756182,.0366755339322573,1,1,.0228101774393827,.0230040013072676
France,FRA,2017,-.0151785504817963,.6504249572753906,.9876200103759766,2587.9551,2418.0591,.0318600368499756,.2133463902309023,Matched (3),FRA,0,-.0136350500583649,.9814900207519531,7.790720465132327,7.768277462507144,1.022696741473698,1.015896619371045,2018,-.0023400115966797,.0049298095703125,0,1,1,0,1,1,.0564273534774591,.0564273534774591,.0553828843355691,-.0097510589544424,.0456318253811267,1,1,.0224121877078731,.0237155911321718
France,FRA,2018,-.0212475299835205,.6467178344726563,.9852799987792968,2782.8379,2456.498,.0263839554786682,.3020350719320363,Matched (3),FRA,0,-.0151785504817963,.9876200103759766,7.806492056523917,7.790720465132327,1.015896619371045,1.020934690119557,2019,-.0037000274658203,-.0037071228027343,0,1,1,0,1,1,.0571659765130122,.0571659765130122,.0564582623169339,-.000039730407116,.0564185319098179,1,1,.0219499784551706,.0253769755636615
France,FRA,2019,-.0200903701782227,.6616500854492188,.9815799713134765,2723.094,2507.9241,.0278360056877136,,Master only (1),FRA,0,-.0212475299835205,.9852799987792968,7.82721062707828,7.806492056523917,1.020934690119557,.9239701855164738,2020,.1675099945068359,.0149322509765625,1,0,0,1,0,0,,,,,,0,0,,
France,FRA,2020,-.0103980195522308,.6438318634033203,1.149089965820312,2645.8059,2317.2471,.0239737701416016,,Master only (1),FRA,0,-.0200903701782227,.9815799713134765,7.748135152460181,7.82721062707828,.9239701855164738,1.067952147218063,2021,-.0212299346923828,-.0178182220458984,1,0,0,1,0,0,,,,,,0,0,,
France,FRA,2021,-.0142718398571014,.6521505737304687,1.12786003112793,2968.405,2474.709,.0258509826660156,,Master only (1),FRA,0,-.0103980195522308,1.149089965820312,7.81387808601877,7.748135152460181,1.067952147218063,1.027971743047438,2022,-.0142200469970704,.0083187103271484,1,0,0,1,0,0,,,,,,0,0,,
France,FRA,2022,-.0123722898960114,.6514302062988281,1.113639984130859,2796.9871,2543.9309,.0349406790733337,,Master only (1),FRA,0,-.0142718398571014,1.12786003112793,7.841465765366022,7.81387808601877,1.027971743047438,1.016201723215131,2023,-.017179946899414,-.0007203674316406,1,0,0,1,0,0,,,,,,0,0,,
France,FRA,2023,-.0096682298183441,.6490313720703125,1.096460037231445,3061.095,2585.147,.0330777907371521,,Master only (1),FRA,0,-.0123722898960114,1.113639984130859,7.857537641286156,7.841465765366022,1.016201723215131,,,,-.0023988342285156,1,0,0,2,0,0,,,,,,0,0,,
United Kingdom,GBR,1995,.0158730900287628,.6114163970947266,.4349499893188477,1349.359,1622.576,.062426929473877,.1662271169515757,Matched (3),GBR,0,,,7.39177031947035,,,1.026149131859325,1996,.0004600143432617,,3,0,0,2,0,0,,,,,,0,0,,
United Kingdom,GBR,1996,.0134437894821167,.6133454513549804,.4354100036621094,1426.746,1665.005,.0631578969955444,.0326400001232441,Matched (3),GBR,0,.0158730900287628,.4349499893188477,7.417583408345649,7.39177031947035,1.026149131859325,1.048799825157714,1997,.0035499954223633,.0019290542602538,1,0,0,1,0,0,,,,,,0,0,,
United Kingdom,GBR,1997,.0066484600305557,.6166801071166992,.4389599990844726,1569.646,1746.257,.0647391748428345,.1267344115330623,Matched (3),GBR,0,.0134437894821167,.4354100036621094,7.465229895106003,7.417583408345649,1.048799825157714,1.032463198874658,1998,-.0210699844360351,.0033346557617188,1,0,0,1,0,0,,,,,,0,0,,
United Kingdom,GBR,1998,.0026113998889923,.6203476333618164,.4178900146484375,1660.979,1802.946,.0577939605712891,.1553139708592342,Matched (3),GBR,0,.0066484600305557,.4389599990844726,7.497177297587428,7.465229895106003,1.032463198874658,1.029444538405363,1999,-.0151399993896484,.0036675262451172,1,0,0,1,0,0,,,,,,0,0,,
United Kingdom,GBR,1999,-.0064956599473953,.6244911193847656,.4027500152587891,1693.8781,1856.033,.0491608428955078,.09706862449646,Matched (3),GBR,0,.0026113998889923,.4178900146484375,7.526196671261951,7.497177297587428,1.029444538405363,1.045243808099932,2000,-.0272600173950195,.0041434860229492,1,0,0,1,0,0,,,,,,0,0,,
United Kingdom,GBR,2000,-.0077444499731064,.6254107284545899,.3754899978637695,1674.765,1940.007,.0470230150222778,.0776051576320942,Matched (3),GBR,0,-.0064956599473953,.4027500152587891,7.570446838652908,7.526196671261951,1.045243808099932,1.023910216474563,2001,-.0272499847412109,.0009196090698242,0,1,1,0,1,1,.0216780318252105,.0216780318252105,.0087308276483841,-.0246145982686051,-.0158837706202211,1,1,.0154084928660799,.0228158652775835
United Kingdom,GBR,2001,-.0010300099849701,.6233094787597656,.3482400131225586,1656.597,1986.3929,.042479248046875,.0408269961063678,Matched (3),GBR,0,-.0077444499731064,.3754899978637695,7.594075682202115,7.570446838652908,1.023910216474563,1.017090273172625,2002,.0051499938964844,-.0021012496948243,0,1,1,0,1,1,.0199122124964122,.0199122124964122,.0074768366277408,-.0286417729101964,-.0211649362824556,1,1,.0156322204840901,.0229455987265922
United Kingdom,GBR,2002,.0027011099457741,.6269382095336914,.353390007019043,1793.363,2020.3409,.040435962677002,.1387026221935566,Matched (3),GBR,0,-.0010300099849701,.3482400131225586,7.61102155951077,7.594075682202115,1.017090273172625,1.032185173823865,2003,.0130299758911133,.0036287307739258,0,1,1,0,1,1,.0187188679960805,.0187188679960805,.0065186588365945,-.0179244824569344,-.0114058236203399,1,1,.0147367283493129,.0229562017758356
United Kingdom,GBR,2003,.0047174900770187,.6235059356689453,.3664199829101563,2063.105,2085.366,.0415532970428467,.1839808420034555,Matched (3),GBR,0,.0027011099457741,.353390007019043,7.642699642474015,7.61102155951077,1.032185173823865,1.023260235511626,2004,.0302400207519531,-.0034322738647461,0,1,1,0,1,1,.0192152585475233,.0192152585475233,.006790480352982,-.0129665593017144,-.0061760789487324,1,1,.0145749509244752,.0233423415546327
United Kingdom,GBR,2004,.0061163800954819,.6219916152954101,.3966600036621094,2430.8721,2133.8721,.0421143579483032,.0830907447521503,Matched (3),GBR,0,.0047174900770187,.3664199829101563,7.665693481757557,7.642699642474015,1.023260235511626,1.02790646588119,2005,.0120299911499024,-.0015143203735352,0,1,1,0,1,1,.0195561525425526,.0195561525425526,.0071657650804305,-.0240139315569568,-.0168481664765262,1,1,.0151781490582229,.0228102963229573
United Kingdom,GBR,2005,.0012809300422668,.6183231735229492,.4086899948120117,2554.229,2193.4209,.0453561878204346,.1638284646547758,Matched (3),GBR,0,.0061163800954819,.3966600036621094,7.693217658154111,7.665693481757557,1.02790646588119,1.021898205882916,2006,.0101700210571289,-.003668441772461,0,1,1,0,1,1,.0216846307111608,.0216846307111608,.0086014256973005,-.0151732259663766,-.006571800269076,1,1,.0147745506885783,.0231414979163387
United Kingdom,GBR,2006,-.0029510599374771,.6649250030517578,.4188600158691406,2723.3889,2241.4529,.0453045225143433,.2397596770066481,Matched (3),GBR,0,.0012809300422668,.4086899948120117,7.714879542120641,7.693217658154111,1.021898205882916,1.029309145385286,2007,.0109099960327149,.0466018295288086,0,1,1,0,1,1,.022717449014865,.022717449014865,.0092843941200273,-.0068588285032287,.0024255656167986,1,1,.014642961016156,.0241296542340202
United Kingdom,GBR,2007,.0038217198848724,.6651148223876953,.4297700119018555,3105.8899,2307.1479,.0471022605895996,.2037926527170034,Matched (3),GBR,0,-.0029510599374771,.4188600158691406,7.743767386684772,7.714879542120641,1.029309145385286,.999505930003964,2008,.0757699966430664,.0001898193359374,0,1,1,0,1,1,.0231652035053294,.0231652035053294,.0097029775078541,-.0107971843683372,-.0010942068604831,1,1,.0147299562033658,.0235838806127305
United Kingdom,GBR,2008,.0085553598403931,.6625773620605468,.5055400085449219,2976.3979,2306.0081,.0433841323852539,.1213682607504038,Matched (3),GBR,0,.0038217198848724,.4297700119018555,7.743273194595939,7.743767386684772,.999505930003964,.9541258615693614,2009,.1391999816894531,-.0025374603271484,0,1,1,0,1,1,.0234593441166919,.0234593441166919,.0100821226002404,-.0198225789885734,-.009740456388333,1,1,.0152024296186174,.0228713520544597
United Kingdom,GBR,2009,.003520419895649,.6533074188232422,.644739990234375,2438.053,2200.2219,.0427702760696411,.1034663523160494,Matched (3),GBR,0,.0085553598403931,.5055400085449219,7.69631350872625,7.743273194595939,.9541258615693614,1.022605474478837,2010,.1104399871826172,-.0092699432373047,0,1,1,0,1,1,.0278572993875793,.0278572993875793,.0140829793704353,-.0217828213903719,-.0076998420199366,1,1,.0159563494493322,.022821062714724
United Kingdom,GBR,2010,.0033076700568199,.6788086700439453,.7551799774169922,2499.1931,2249.959,.0717043256759644,.0343802839059096,Matched (3),GBR,0,.003520419895649,.644739990234375,7.718667265865646,7.69631350872625,1.022605474478837,1.008514369619585,2011,.0554800415039063,.0255012512207031,0,1,1,0,1,1,.0357832184754268,.0357832184754268,.0230708719304012,-.0293476819284371,-.0062768099980359,1,1,.0184528752974305,.0229847785459073
United Kingdom,GBR,2011,.0024472099542618,.6757921600341796,.8106600189208985,2676.5071,2269.116,.0779133939743042,.1824034412090595,Matched (3),GBR,0,.0033076700568199,.7551799774169922,7.72714559268354,7.718667265865646,1.008514369619585,1.015282594201026,2012,.0302399444580078,-.0030165100097657,0,1,1,0,1,1,.0429330236215314,.0429330236215314,.0324221598089513,-.0131392832285038,.0192828765804475,1,1,.0185435044538434,.0233249726821371
United Kingdom,GBR,2012,.0007239899784327,.6789669036865235,.8408999633789063,2720.2,2303.7939,.0662313413619995,.1407452201843262,Matched (3),GBR,0,.0024472099542618,.8106600189208985,7.742312584358255,7.72714559268354,1.015282594201026,1.017184734759451,2013,.0085800170898437,.0031747436523438,0,1,1,0,1,1,.0460320248902469,.0460320248902469,.0373163221684948,-.0177008198677743,.0196155023007206,1,1,.0198625479522468,.0229685260345285
United Kingdom,GBR,2013,-.0000481599988416,.6862324523925781,.84947998046875,2798.728,2343.384,.038329062461853,.0685372469975398,Matched (3),GBR,0,.0007239899784327,.8408999633789063,7.759351331693358,7.742312584358255,1.017184734759451,1.031601705307943,2014,.0156300354003907,.0072655487060547,0,1,1,0,1,1,.0475109293414045,.0475109293414045,.0399519387432849,-.0256075260889408,.0143444126543441,1,1,.0212431345918632,.0228329397985027
United Kingdom,GBR,2014,-.0002285799942911,.7119351959228516,.8651100158691406,3086.969,2417.439,.0514734983444214,.1544610984508808,Matched (3),GBR,0,-.0000481599988416,.84947998046875,7.790463979787947,7.759351331693358,1.031601705307943,1.021404023296704,2015,.0082899475097656,.0257027435302735,0,1,1,0,1,1,.0483824765839034,.0483824765839034,.041099945263524,-.0161989438943496,.0249010013691745,1,1,.0204209834500305,.0230638764592891
United Kingdom,GBR,2015,-.0030805099010468,.7173150634765625,.8733999633789062,2946.231,2469.1819,.0423323583602905,.2049646047445444,Matched (3),GBR,0,-.0002285799942911,.8651100158691406,7.811642154013655,7.790463979787947,1.021404023296704,1.022065265678898,2016,-.0008899688720703,.0053798675537109,0,1,1,0,1,1,.0495198735099944,.0495198735099944,.042840138558069,-.0106688567061953,.0321712818518737,1,1,.020258860226111,.0235995102368656
United Kingdom,GBR,2016,-.0060522699356079,.7015824890136719,.872509994506836,2716.8521,2523.665,.0447541570663452,.1127303504943848,Matched (3),GBR,0,-.0030805099010468,.8733999633789062,7.833467504498719,7.811642154013655,1.022065265678898,1.030232181076552,2017,-.0113400268554688,-.0157325744628906,0,1,1,0,1,1,.0496176452457718,.0496176452457718,.0433360495406047,-.0207684221655101,.0225676273750946,1,1,.0213079016441577,.0228423307237655
United Kingdom,GBR,2017,-.0112483501434326,.6963835906982422,.8611699676513672,2701.3701,2599.9609,.0496767997741699,.0910257255114042,Matched (3),GBR,0,-.0060522699356079,.872509994506836,7.86325169985825,7.833467504498719,1.030232181076552,1.015513303985937,2018,-.0053299713134766,-.0051988983154297,0,1,1,0,1,1,.0494729145170168,.0494729145170168,.0431656123734795,-.0231450585092154,.0200205538642641,1,1,.02154811023501,.0228085969800393
United Kingdom,GBR,2018,-.0150176703929901,.6878870391845703,.8558399963378907,2900.7451,2640.2949,.046065526008606,.28083955177894,Matched (3),GBR,0,-.0112483501434326,.8611699676513672,7.878645902732387,7.86325169985825,1.015513303985937,1.012563053369837,2019,-.0064700317382813,-.0084965515136719,0,1,1,0,1,1,.0496094710498421,.0496094710498421,.042722186579194,-.0023606202432264,.0403615663359675,1,1,.0197131650105265,.0249118976991761
United Kingdom,GBR,2019,-.0125854802131653,.690621109008789,.8493699645996093,2877.3921,2673.4651,.03972736120224,,Master only (1),GBR,0,-.0150176703929901,.8558399963378907,7.891130695725113,7.878645902732387,1.012563053369837,.8995209630818209,2020,.1985000610351564,.0027340698242188,1,0,0,1,0,0,,,,,,0,0,,
United Kingdom,GBR,2020,-.0058521401882172,.6819411468505859,1.047870025634766,2725.948,2404.8379,.0309700465202332,,Master only (1),GBR,0,-.0125854802131653,.8493699645996093,7.785237775122503,7.891130695725113,.8995209630818209,1.085431121510432,2021,-.0134000396728517,-.0086799621582031,1,0,0,1,0,0,,,,,,0,0,,
United Kingdom,GBR,2021,-.006942390203476,.6819626617431641,1.034469985961914,3195.3269,2610.2859,.0563866519927979,,Master only (1),GBR,0,-.0058521401882172,1.047870025634766,7.867215030207729,7.785237775122503,1.085431121510432,1.051497086860865,2022,-.0593599700927734,.0000215148925782,1,0,0,1,0,0,,,,,,0,0,,
United Kingdom,GBR,2022,-.0063030701875687,.6856621551513672,.9751100158691406,3192.8511,2744.708,.0920923233032227,,Master only (1),GBR,0,-.006942390203476,1.034469985961914,7.917429975904085,7.867215030207729,1.051497086860865,1.002716520178568,2023,.0135800170898438,.0036994934082031,1,0,0,1,0,0,,,,,,0,0,,
United Kingdom,GBR,2023,.0008634600043297,.6813226318359376,.9886900329589844,3422.072,2752.1641,.0618626976013184,,Master only (1),GBR,0,-.0063030701875687,.9751100158691406,7.920142813010298,7.917429975904085,1.002716520178568,,,,-.0043395233154296,1,0,0,2,0,0,,,,,,0,0,,
Greece,GRC,1995,,.4243271255493164,1.003870010375977,135.036,149.99001,.2948613357543945,.0506168389320374,Matched (3),GRC,0,,,5.010568661830803,,,1.013820907866888,1996,.0333699798583984,,4,0,0,2,0,0,,,,,,0,0,,
Greece,GRC,1996,,.4279187774658203,1.037239990234375,142.513,152.063,.2778145217895508,.0818696713447571,Matched (3),GRC,0,,1.003870010375977,5.024294931940077,5.010568661830803,1.013820907866888,1.036031143530631,1997,-.01125,.0035916519165039,3,0,0,1,0,0,,,,,,0,0,,
Greece,GRC,1997,,.4360560989379883,1.025989990234375,138.92999,157.54201,.221235294342041,.080974851846695,Matched (3),GRC,0,,1.037239990234375,5.059692136648539,5.024294931940077,1.036031143530631,1.034365349875972,1998,-.0181399536132811,.008137321472168,3,0,0,1,0,0,,,,,,0,0,,
Greece,GRC,1998,.0167202496528625,.4419590759277344,1.007850036621094,139.821,162.95599,.1980259513854981,.2248650598526001,Matched (3),GRC,0,,1.025989990234375,5.093480186763268,5.059692136648539,1.034365349875972,1.026590048732692,1999,.0205799865722656,.0059029769897461,2,0,0,1,0,0,,,,,,0,0,,
Greece,GRC,1999,.0070648097991943,.4476836776733398,1.028430023193359,143.69299,167.289,.1878619003295899,.125748565196991,Matched (3),GRC,0,.0167202496528625,1.007850036621094,5.119722864438076,5.093480186763268,1.026590048732692,1.041377478553288,2000,.0601099395751952,.0057246017456055,1,0,0,1,0,0,,,,,,0,0,,
Greece,GRC,2000,.0008627700060606,.455231704711914,1.088539962768555,127.438,174.211,.1617704010009766,.2415429735183716,Matched (3),GRC,0,.0070648097991943,1.028430023193359,5.160267199825759,5.119722864438076,1.041377478553288,1.046506851306795,2001,.0168100738525392,.0075480270385742,0,1,1,0,1,1,.0593187690524829,.0593187690524829,.0610052030324465,-.0066635591859892,.0543416438464573,1,1,.0231347153713729,.0241601882020123
Greece,GRC,2001,.0029614600539207,.4619168090820313,1.105350036621094,132.05099,182.313,.1551151180267334,.1675452375411987,Matched (3),GRC,0,.0008627700060606,1.088539962768555,5.205725009585259,5.160267199825759,1.046506851306795,1.046831516232963,2002,-.0266400146484376,.0066851043701172,0,1,1,0,1,1,.0625538037978886,.0625538037978886,.0680923152571851,-.014766242775923,.0533260724812621,1,1,.0250396637289483,.0231750820217497
Greece,GRC,2002,.0052594000101089,.4658292770385742,1.078710021972656,150.14799,190.851,.1400254154205322,.2165327787399292,Matched (3),GRC,0,.0029614600539207,1.105350036621094,5.251493008021187,5.205725009585259,1.046831516232963,1.057966705232518,2003,-.0361199951171876,.003912467956543,0,1,1,0,1,1,.0637544399807249,.0637544399807249,.0704709725674516,-.0094021523623378,.0610688202051137,1,1,.0249347992301238,.0237616837077855
Greece,GRC,2003,.0026615700125694,.4658651733398437,1.042590026855469,196.881,201.914,.1263556957244873,.3336501169204712,Matched (3),GRC,0,.0052594000101089,1.078710021972656,5.307841871427637,5.251493008021187,1.057966705232518,1.053780289883286,2004,.0123399353027345,.0000358963012695,0,1,1,0,1,1,.0626788330071171,.0626788330071171,.0676122853303277,.0034220877531292,.0710343730834569,1,1,.0236100459006607,.026142372292396
Greece,GRC,2004,-.0000885299965739,.4715813827514648,1.054929962158203,234.873,212.77299,.123372049331665,.1220617651939392,Matched (3),GRC,0,.0026615700125694,1.042590026855469,5.36022584619616,5.307841871427637,1.053780289883286,1.011834233809378,2005,.0436600494384767,.0057162094116211,0,1,1,0,1,1,.0596474301936081,.0596474301936081,.0621878158474136,-.0197466408939821,.0424411749534315,1,1,.0245658557035691,.0228740657178914
Greece,GRC,2005,-.0076364201307297,.466846923828125,1.09859001159668,242.45,215.291,.1192243671417236,.1049338316917419,Matched (3),GRC,0,-.0000885299965739,1.054929962158203,5.371990603061034,5.36022584619616,1.011834233809378,1.064433692049172,2006,-.0452500152587891,-.0047344589233398,0,1,1,0,1,1,.0603033221685025,.0603033221685025,.0636157813732323,-.0216221337571765,.0419936476160558,1,1,.0250259032612646,.0228237504336201
Greece,GRC,2006,-.0071882599592209,.4931889343261719,1.053339996337891,269.08801,229.16299,.1127768611907959,.2003648376464844,Matched (3),GRC,0,-.0076364201307297,1.09859001159668,5.434433516241382,5.371990603061034,1.064433692049172,1.035066790621068,2007,-.0069699859619141,.0263420104980469,0,1,1,0,1,1,.063286615072347,.063286615072347,.0695260431862443,-.011172526945437,.0583535162408073,1,1,.0249354402941307,.0235390184544212
Greece,GRC,2007,-.0012776699662209,.4918289566040039,1.046370010375977,314.26401,237.19901,.1114664459228516,.4071399021148682,Matched (3),GRC,0,-.0071882599592209,1.053339996337891,5.468899472877646,5.434433516241382,1.035066790621068,1.000577546301806,2008,.062699966430664,-.001359977722168,0,1,1,0,1,1,.0614929262431933,.0614929262431933,.0647729587038114,.0114691512025581,.0762421099063695,1,1,.0228943113004953,.0282156319098221
Greece,GRC,2008,.0115237903594971,.4883242416381836,1.109069976806641,351.08301,237.336,.1184018993377686,.2407962417602539,Matched (3),GRC,0,-.0012776699662209,1.046370010375977,5.469476852463774,5.468899472877646,1.000577546301806,.9588052682349268,2009,.1757499694824221,-.0035047149658203,0,1,1,0,1,1,.0603748988126425,.0603748988126425,.0631744834970332,-.0067453256222549,.0564291578747783,1,1,.0235064413752527,.0241473635574923
Greece,GRC,2009,.0191071796417236,.4885861206054687,1.284819946289063,326.474,227.55901,.1296888446807861,.1553885459899902,Matched (3),GRC,0,.0115237903594971,1.109069976806641,5.427409570639753,5.469476852463774,.9588052682349268,.9430652772051162,2010,.1936399841308594,.0002618789672851,0,1,1,0,1,1,.0637144079335571,.0637144079335571,.0706637369291191,-.0160973892473535,.0545663476817655,1,1,.0256036712400474,.0230711112822448
Greece,GRC,2010,.0608669376373291,.486865348815918,1.478459930419922,296.66,214.603,.1466189765930176,.188385214805603,Matched (3),GRC,0,.0191071796417236,1.284819946289063,5.368789794806324,5.427409570639753,.9430652772051162,.901231578966828,2011,.2723001098632811,-.0017207717895508,0,1,1,0,1,1,.0742320428984505,.0742320428984505,.0953748093697145,-.0124842845569989,.0828905248127156,1,1,.0291411724713125,.0233923038370506
Greece,GRC,2011,.1608129501342773,.4772427368164063,1.750760040283203,283.17801,193.407,.1719983863830566,.2676177644729614,Matched (3),GRC,0,.0608669376373291,1.478459930419922,5.264796764787914,5.368789794806324,.901231578966828,.9166886848654147,2012,-.1079800415039063,-.0096226119995117,0,1,1,0,1,1,.0860023947743219,.0860023947743219,.1271510945939906,-.0038083937138472,.1233427008801434,1,1,.0328777475070314,.0246424908326543
Greece,GRC,2012,.2220892333984375,.4696682739257813,1.642779998779297,238.992,177.29401,.1130721378326416,.4571809005737305,Matched (3),GRC,0,.1608129501342773,1.750760040283203,5.177809407362993,5.264796764787914,.9166886848654147,.9772749962561773,2013,.1623199462890625,-.007574462890625,0,1,1,0,1,1,.1028859660010848,.1028859660010848,.1801286379806354,.0169485942109443,.1970772321915797,1,1,.0380749033472016,.0298277726362104
Greece,GRC,2013,.0781694316864014,.487433967590332,1.805099945068359,236.56,173.265,.0851133441925049,.2693380212783814,Matched (3),GRC,0,.2220892333984375,1.642779998779297,5.154822210886105,5.177809407362993,.9772749962561773,1.007924284208983,2014,.0231401062011718,.0177656936645508,0,1,1,0,1,1,.0957122964316172,.0957122964316172,.1572342462150959,-.0036200271860922,.1536142190290037,1,1,.0367543095454006,.0246766173983765
Greece,GRC,2014,.0439324998855591,.501960105895996,1.828240051269531,233.972,174.638,.0850491428375244,.2016971635818481,Matched (3),GRC,0,.0781694316864014,1.805099945068359,5.162715262841978,5.154822210886105,1.007924284208983,.9977152620043764,2015,-.0282299804687498,.014526138305664,0,1,1,0,1,1,.1050095163518075,.1050095163518075,.1895526721983027,-.0110266384888463,.1785260337094564,1,1,.0413243651840211,.0235563042762951
Greece,GRC,2015,.0795859622955322,.5060272979736328,1.800010070800781,194.58701,174.239,.0733670616149902,.3993896961212158,Matched (3),GRC,0,.0439324998855591,1.828240051269531,5.160427910850211,5.162715262841978,.9977152620043764,.9996843836553119,2016,.0367399597167968,.0040671920776367,0,1,1,0,1,1,.1072154802203822,.1072154802203822,.1960156350549989,.0106205108206045,.2066361458756034,1,1,.040246582012538,.0279794423713315
Greece,GRC,2016,.0664421606063843,.4970607757568359,1.836750030517578,193.04401,174.18401,.0636110162734985,.1813943290710449,Matched (3),GRC,0,.0795859622955322,1.800010070800781,5.160112244688202,5.160427910850211,.9996843836553119,1.014731514824416,2017,-.01052001953125,-.0089665222167968,0,1,1,0,1,1,.104622747587086,.104622747587086,.188321999291603,-.0132497800734831,.1750722192181198,1,1,.0414118021081168,.0233140069383966
Greece,GRC,2017,.036500461101532,.4960197067260742,1.826230010986328,200.31,176.75,.0632574462890625,.2810502624511719,Matched (3),GRC,0,.0664421606063843,1.836750030517578,5.174736304776682,5.160112244688202,1.014731514824416,1.020644990524443,2018,.0692999267578125,-.0010410690307617,0,1,1,0,1,1,.1072153739466622,.1072153739466622,.1969278413684853,-.0023375476196715,.1945902937488137,1,1,.0413442347163738,.0249163222383606
Greece,GRC,2018,.012805860042572,.5044066238403321,1.895529937744141,213.396,180.399,.0682094526290894,.3353922080993653,Matched (3),GRC,0,.036500461101532,1.826230010986328,5.195171075879273,5.174736304776682,1.020644990524443,1.022771754065868,2019,-.0586199951171875,.0083869171142579,0,1,1,0,1,1,.1068249924754112,.1068249924754112,.1950870071819845,.0036128451245676,.1986998523065521,1,1,.0406434588730501,.0261869196719317
Greece,GRC,2019,.0045288398861885,.5098868560791016,1.836909942626953,207.32899,184.507,.0625513029098511,,Master only (1),GRC,0,.012805860042572,1.895529937744141,5.217687423649949,5.195171075879273,1.022771754065868,.9080413743106824,2020,.2623600769042971,.0054802322387695,1,0,0,1,0,0,,,,,,0,0,,
Greece,GRC,2020,.0036166998744011,.5174214553833008,2.09927001953125,191.21001,167.53999,.0604190063476562,,Master only (1),GRC,0,.0045288398861885,1.836909942626953,5.121222088652443,5.217687423649949,.9080413743106824,1.086540579919619,2021,-.1212100219726564,.0075345993041992,1,0,0,1,0,0,,,,,,0,0,,
Greece,GRC,2021,-.0055423301458359,.523160171508789,1.978059997558594,218.44901,182.039,.0501194763183594,,Master only (1),GRC,0,.0036166998744011,2.09927001953125,5.204220957882044,5.121222088652443,1.086540579919619,1.055218946886315,2022,-.1863600158691405,.0057387161254883,1,0,0,1,0,0,,,,,,0,0,,
Greece,GRC,2022,.0052604800462723,.5305290222167969,1.791699981689453,218.162,192.091,.0494467449188232,,Master only (1),GRC,0,-.0055423301458359,1.978059997558594,5.257969235871828,5.204220957882044,1.055218946886315,1.021359651171399,2023,-.1363499450683594,.0073688507080079,1,0,0,1,0,0,,,,,,0,0,,
Greece,GRC,2023,.0004991700127721,.5344662857055664,1.655350036621094,243.01601,196.194,.0704114246368408,,Master only (1),GRC,0,.0052604800462723,1.791699981689453,5.279103966868282,5.257969235871828,1.021359651171399,,,,.0039372634887695,1,0,0,2,0,0,,,,,,0,0,,
Hong Kong SAR,HKG,1995,,,,144.65199,1433.682,,,Master only (1),HKG,0,,,7.268001244013698,,,1.042584742100771,1996,,,5,0,0,3,0,0,,,,,,0,0,,
Hong Kong SAR,HKG,1996,,,,159.718,1494.735,,,Master only (1),HKG,0,,,7.309704202787708,7.268001244013698,1.042584742100771,1.050997033941319,1997,,,5,0,0,2,0,0,,,,,,0,0,,
Hong Kong SAR,HKG,1997,,,,177.349,1570.962,,,Master only (1),HKG,0,,,7.359443472548491,7.309704202787708,1.050997033941319,.9411735863920093,1998,,,5,0,0,2,0,0,,,,,,0,0,,
Hong Kong SAR,HKG,1998,.0341327691078186,,,168.858,1478.548,,,Master only (1),HKG,0,,,7.298815786268871,7.359443472548491,.9411735863920093,1.025067153005652,1999,,,4,0,0,2,0,0,,,,,,0,0,,
Hong Kong SAR,HKG,1999,.0168939900398254,,,165.73399,1515.611,,,Master only (1),HKG,0,.0341327691078186,,7.323573911840685,7.298815786268871,1.025067153005652,1.076634488802047,2000,,,3,0,0,2,0,0,,,,,,0,0,,
Hong Kong SAR,HKG,2000,.0134742295742035,,,171.64301,1631.759,,,Master only (1),HKG,0,.0168939900398254,,7.397413873398962,7.323573911840685,1.076634488802047,1.005608657499568,2001,,,3,0,0,2,0,0,,,,,,0,0,,
Hong Kong SAR,HKG,2001,.0098190200328827,,,169.381,1640.911,,,Master only (1),HKG,0,.0134742295742035,,7.403006860943361,7.397413873398962,1.005608657499568,1.016566977944247,2002,,,3,0,0,2,0,0,,,,,,0,0,,
Hong Kong SAR,HKG,2002,.0068857902288437,,,166.336,1668.0959,,,Master only (1),HKG,0,.0098190200328827,,7.419438103605847,7.403006860943361,1.016566977944247,1.030563608951952,2003,,,3,0,0,2,0,0,,,,,,0,0,,
Hong Kong SAR,HKG,2003,.0035345900058746,,,161.37,1719.079,,,Master only (1),HKG,0,.0068857902288437,,7.449543949349042,7.419438103605847,1.030563608951952,1.087000677072109,2004,,,3,0,0,2,0,0,,,,,,0,0,,
Hong Kong SAR,HKG,2004,-.0018114100396633,,.0192499995231628,169.08501,1868.64,,,Master only (1),HKG,0,.0035345900058746,,7.532966180369345,7.449543949349042,1.087000677072109,1.073881530051903,2005,-.0021599996089935,,3,0,0,2,0,0,,,,,,0,0,,
Hong Kong SAR,HKG,2005,-.0026446199417114,,.0170899999141693,181.556,2006.698,-.0402422666549683,,Master only (1),HKG,0,-.0018114100396633,.0192499995231628,7.604245863157487,7.532966180369345,1.073881530051903,1.070326488377851,2006,-.0029199993610382,,2,0,0,2,0,0,,,,,,0,0,,
Hong Kong SAR,HKG,2006,-.0042773300409317,,.0141700005531311,193.515,2147.822,-.0992568969726562,,Master only (1),HKG,0,-.0026446199417114,.0170899999141693,7.672209594413911,7.604245863157487,1.070326488377851,1.064648292993936,2007,-.0022699999809265,,2,0,0,2,0,0,,,,,,0,0,,
Hong Kong SAR,HKG,2007,-.0042483699321747,,.0119000005722046,211.58299,2286.675,-.0756535625457764,,Master only (1),HKG,0,-.0042773300409317,.0141700005531311,7.734854097713379,7.672209594413911,1.064648292993936,1.021279339874641,2008,-.0019900006055832,,2,0,0,2,0,0,,,,,,0,0,,
Hong Kong SAR,HKG,2008,-.0083080899715424,,.0099099999666214,219.27901,2335.334,-.144726390838623,,Master only (1),HKG,0,-.0042483699321747,.0119000005722046,7.755910193868187,7.734854097713379,1.021279339874641,.9754090939883298,2009,-.003289999961853,,2,0,0,2,0,0,,,,,,0,0,,
Hong Kong SAR,HKG,2009,-.0085786801576614,,.0066200000047684,214.048,2277.906,-.1036241912841797,,Master only (1),HKG,0,-.0083080899715424,.0099099999666214,7.731011881461098,7.755910193868187,.9754090939883298,1.067677116166538,2010,-.000440000295639,,2,0,0,2,0,0,,,,,,0,0,,
Hong Kong SAR,HKG,2010,-.0052328699827194,,.0061799997091293,228.63901,2432.0681,-.0886198043823242,,Master only (1),HKG,0,-.0085786801576614,.0066200000047684,7.796497250602715,7.731011881461098,1.067677116166538,1.048146656145089,2011,-.0004499995708466,,3,0,0,3,0,0,,,,,,0,0,,
Hong Kong SAR,HKG,2011,-.0049274000525475,,.0057300001382828,248.51401,2549.1641,-.0837687015533447,,Master only (1),HKG,0,-.0052328699827194,.0061799997091293,7.843520765780749,7.796497250602715,1.048146656145089,1.017003218732857,2012,-.0003000003099442,,2,0,0,2,0,0,,,,,,0,0,,
Hong Kong SAR,HKG,2012,-.0077102202177048,,.0054299998283386,262.629,2592.5081,-.0846200466156006,,Master only (1),HKG,0,-.0049274000525475,.0057300001382828,7.860381047771225,7.843520765780749,1.017003218732857,1.031015509779579,2013,-.0002599996328354,,2,0,0,2,0,0,,,,,,0,0,,
Hong Kong SAR,HKG,2013,-.0058366000652313,,.0051700001955032,275.69699,2672.916,-.0800266075134277,,Master only (1),HKG,0,-.0077102202177048,.0054299998283386,7.890925296126049,7.860381047771225,1.031015509779579,1.027624105520291,2014,-.0045200002193451,,2,0,0,2,0,0,,,,,,0,0,,
Hong Kong SAR,HKG,2014,-.0043973699212074,,.0006499999761581,291.45999,2746.7529,.000239865668118,,Master only (1),HKG,0,-.0058366000652313,.0051700001955032,7.918174740181859,7.890925296126049,1.027624105520291,1.02387806980899,2015,-.0000299999862909,,2,0,0,2,0,0,,,,,,0,0,,
Hong Kong SAR,HKG,2015,-.0047387799620628,,.0006199999898672,309.38599,2812.3401,-.0002147074602544,,Master only (1),HKG,0,-.0043973699212074,.0006499999761581,7.94177218725733,7.918174740181859,1.02387806980899,1.021754448712145,2016,-.0000299999862909,,2,0,0,2,0,0,,,,,,0,0,,
Hong Kong SAR,HKG,2016,-.0057295399904251,,.0005900000035763,320.85999,2873.521,-.0359998226165772,,Master only (1),HKG,0,-.0047387799620628,.0006199999898672,7.963293384722476,7.94177218725733,1.021754448712145,1.037961104651153,2017,-.0000400000065565,,2,0,0,2,0,0,,,,,,0,0,,
Hong Kong SAR,HKG,2017,-.0068702697753906,,.0005499999970198,341.271,2982.603,-.0344812488555908,,Master only (1),HKG,0,-.0057295399904251,.0005900000035763,8.00055169732976,7.963293384722476,1.037961104651153,1.028469046821157,2018,-.0000299999862909,,2,0,0,2,0,0,,,,,,0,0,,
Hong Kong SAR,HKG,2018,-.0072743999958038,,.0005200000107288,361.73099,3067.5149,-.0671551847457886,,Master only (1),HKG,0,-.0068702697753906,.0005499999970198,8.028623031529476,8.00055169732976,1.028469046821157,.9832757121808111,2019,.0021499998867512,,2,0,0,2,0,0,,,,,,0,0,,
Hong Kong SAR,HKG,2019,-.0054893398284912,,.00266999989748,363.07501,3016.2129,-.0816476821899414,,Master only (1),HKG,0,-.0072743999958038,.0005200000107288,8.01175731371395,8.028623031529476,.9832757121808111,.934552104803403,2020,.0072999998927116,,2,0,0,2,0,0,,,,,,0,0,,
Hong Kong SAR,HKG,2020,-.0011298199743032,,.0099699997901917,344.94101,2818.8081,-.0926149845123291,,Master only (1),HKG,0,-.0054893398284912,.00266999989748,7.94406941695205,8.01175731371395,.934552104803403,1.064544297261056,2021,.0094099998474121,,2,0,0,2,0,0,,,,,,0,0,,
Hong Kong SAR,HKG,2021,-.0022599999606609,,.0193799996376038,368.95401,3000.7461,-.1152905464172363,,Master only (1),HKG,0,-.0011298199743032,.0099699997901917,8.006616234646714,7.94406941695205,1.064544297261056,.9631471046914114,2022,.0233800005912781,,2,0,0,2,0,0,,,,,,0,0,,
Hong Kong SAR,HKG,2022,-.0009785299748182,,.0427600002288818,358.67401,2890.1599,-.1482112407684326,,Master only (1),HKG,0,-.0022599999606609,.0193799996376038,7.969067112485487,8.006616234646714,.9631471046914114,1.03150346402863,2023,.0205700016021729,,2,0,0,2,0,0,,,,,,0,0,,
Hong Kong SAR,HKG,2023,-.0029667299985886,,.0633300018310547,380.76199,2981.21,-.1294820690155029,,Master only (1),HKG,0,-.0009785299748182,.0427600002288818,8.000084524252964,7.969067112485487,1.03150346402863,,,,,2,0,0,3,0,0,,,,,,0,0,,
Croatia,HRV,1995,,.3930322647094727,,20.657,32.796001,.0337264108657837,.0673181454340617,Matched (3),HRV,0,,,3.49030660046872,,,1.058726631403555,1996,,,4,0,0,2,0,0,,,,,,0,0,,
Croatia,HRV,1996,,.3941999053955078,,22.104,34.722,.0259083652496338,.082612476348877,Matched (3),HRV,0,,,3.547373495335404,3.49030660046872,1.058726631403555,1.066442002143666,1997,,.0011676406860351,4,0,0,1,0,0,,,,,,0,0,,
Croatia,HRV,1997,,.3988455200195313,,22.101,37.028999,.0383339405059814,.109355411529541,Matched (3),HRV,0,,,3.611701371298525,3.547373495335404,1.066442002143666,1.018634109857597,1998,,.0046456146240235,4,0,0,1,0,0,,,,,,0,0,,
Croatia,HRV,1998,,.4024647521972656,.2332900047302246,23.971001,37.719002,.0346365833282471,.2479124450683594,Matched (3),HRV,0,,,3.630163993205623,3.611701371298525,1.018634109857597,.9906413047985347,1999,.0667799949645996,.0036192321777344,4,0,0,1,0,0,,,,,,0,0,,
Croatia,HRV,1999,,.4149480819702148,.3000699996948242,23.593,37.366001,.0396954870223999,.1183526802062988,Matched (3),HRV,0,,.2332900047302246,3.620761230256304,3.630163993205623,.9906413047985347,1.037493901395091,2000,.0542699813842774,.0124833297729492,3,0,0,1,0,0,,,,,,0,0,,
Croatia,HRV,2000,,.4316915893554688,.3543399810791016,22.145,38.766998,.0421755790710449,.215343017578125,Matched (3),HRV,0,,.3000699996948242,3.657569325188338,3.620761230256304,1.037493901395091,1.03113474825575,2001,.0115400314331054,.0167435073852539,2,0,0,0,1,1,,,,-.0095324301081957,,0,0,,.0237443474999523
Croatia,HRV,2001,,.4470046615600586,.365880012512207,23.068001,39.973999,.0430342197418213,.1261935520172119,Matched (3),HRV,0,,.3543399810791016,3.688229218342408,3.657569325188338,1.03113474825575,1.057987713265764,2002,-.0013500213623047,.0153130722045898,2,0,0,0,1,1,,,,-.0192942140616211,,0,0,,.0228914126176975
Croatia,HRV,2002,,.4565271759033203,.3645299911499024,26.739,42.292,.0308710289001465,.2236151186625163,Matched (3),HRV,0,,.365880012512207,3.744597938540727,3.688229218342408,1.057987713265764,1.055707911735561,2003,.0139100265502929,.0095225143432617,2,0,0,0,1,1,,,,-.0086266426969235,,0,0,,.0238679637146696
Croatia,HRV,2003,,.4705900573730469,.3784400177001953,35.240002,44.647999,.0298791837692261,.3579696782430014,Matched (3),HRV,0,,.3645299911499024,3.798809486829047,3.744597938540727,1.055707911735561,1.041703985875162,2004,.0211499786376953,.0140628814697266,2,0,0,0,1,1,,,,.0060850572053735,,0,0,,.0267854729843653
Croatia,HRV,2004,,.4786628341674805,.3995899963378906,41.817001,46.509998,.0325534796714783,.1209769535064697,Matched (3),HRV,0,,.3784400177001953,3.839667307147706,3.798809486829047,1.041703985875162,1.043259537953287,2005,.0094200134277344,.0080727767944336,2,0,0,0,1,1,,,,-.0198654267695518,,0,0,,.0228698460132879
Croatia,HRV,2005,,.466561050415039,.409010009765625,45.035,48.521999,.032173752784729,.1433603509267171,Matched (3),HRV,0,,.3995899963378906,3.882017290133934,3.839667307147706,1.043259537953287,1.050678036071618,2006,-.0251900100708008,-.0121017837524414,2,0,0,0,1,1,,,,-.0174144654723041,,0,0,,.0229850167220396
Croatia,HRV,2006,,.4476560592651367,.3838199996948242,49.584,50.980999,.0293116807937622,.250865790049235,Matched (3),HRV,0,,.409010009765625,3.931452994537064,3.882017290133934,1.050678036071618,1.050509029124695,2007,-.0129700088500976,-.0189049911499023,2,0,0,0,1,1,,,,-.0056427194059736,,0,0,,.0243249881609701
Croatia,HRV,2007,,.4582912063598633,.3708499908447266,59.294998,53.556,.028255889415741,.382068837483724,Matched (3),HRV,0,,.3838199996948242,3.980727830876529,3.931452994537064,1.050509029124695,1.019717674222744,2008,.0183499908447265,.0106351470947265,2,0,0,0,1,1,,,,.0087238928336858,,0,0,,.027465775945568
Croatia,HRV,2008,.0249576997756958,.4583417510986328,.3891999816894531,68.460999,54.612,.0323145484924316,.1776516723632812,Matched (3),HRV,0,,.3708499908447266,4.00025362988159,3.980727830876529,1.019717674222744,.9318830796534948,2009,.0900200271606445,.0000505447387695,1,0,0,0,1,1,,,,-.0136595975184129,,0,0,,.0232743319273721
Croatia,HRV,2009,.0318600797653198,.4530875396728515,.4792200088500976,62.250999,50.891998,.0426824903488159,.1742420832316081,Matched (3),HRV,0,.0249576997756958,.3891999816894531,3.929705706699844,4.00025362988159,.9318830796534948,.9866384399647643,2010,.0888699722290039,-.0052542114257813,0,1,1,0,1,1,.0212883665544715,.0212883665544715,.0082854318731987,-.0140329443720808,-.0057475124988821,1,1,.014702671419013,.0232395576664239
Croatia,HRV,2010,.0320884990692139,.4665782928466797,.5680899810791016,59.028,50.212002,.047720627784729,.1191960175832113,Matched (3),HRV,0,.0318600797653198,.4792200088500976,3.916254077814663,3.929705706699844,.9866384399647643,.9988647530630889,2011,.0634100341796875,.0134907531738281,0,1,1,0,1,1,.0263699889984771,.0263699889984771,.0126370263612272,-.0200604376045396,-.0074234112433124,1,1,.0155816739319635,.0228632208075767
Croatia,HRV,2011,.0374401307106018,.4639862823486328,.6315000152587891,62.875,50.154999,.0562458944320679,.2853790601094564,Matched (3),HRV,0,.0320884990692139,.5680899810791016,3.915118185996835,3.916254077814663,.9988647530630889,.9776692461540427,2012,.0570199584960938,-.0025920104980469,0,1,1,0,1,1,.0323232770583658,.0323232770583658,.0183625298525016,-.0018635482832493,.0164989815692522,1,1,.0156455978551438,.0250081158569743
Croatia,HRV,2012,.0453451776504517,.4626228713989258,.6885199737548828,57.585999,49.035,.0638226699829102,.3260338274637858,Matched (3),HRV,0,.0374401307106018,.6315000152587891,3.892534325732468,3.915118185996835,.9776692461540427,.9986540618415836,2013,.1063800048828125,-.001363410949707,0,1,1,0,1,1,.0362401080787868,.0362401080787868,.022885628804734,.0025881111080072,.0254737399127412,1,1,.01629141243652,.0259504568301548
Croatia,HRV,2013,.0263949489593506,.4720571517944336,.7948999786376953,59.846001,48.969002,.0632097244262695,.189669132232666,Matched (3),HRV,0,.0453451776504517,.6885199737548828,3.891187480985722,3.892534325732468,.9986540618415836,.9944249910219967,2014,.0374100494384765,.0094342803955078,0,1,1,0,1,1,.0390278128403614,.0390278128403614,.0268714286725561,-.0123436967872555,.0145277318853006,1,1,.0174647724219267,.023407273123223
Croatia,HRV,2014,.0188419103622437,.478909912109375,.8323100280761718,59.623001,48.695999,.0663069677352905,.2152439498901367,Matched (3),HRV,0,.0263949489593506,.7948999786376953,3.885596873644141,3.891187480985722,.9944249910219967,1.023205213733036,2015,-.004520034790039,.0068527603149414,0,1,1,0,1,1,.0454178433075276,.0454178433075276,.0361026426749239,-.0095432779283236,.0265593647466003,1,1,.0189530075724012,.023742910720124
Croatia,HRV,2015,.0156904304027557,.4835516357421875,.8277899932861328,51.005001,49.826,.0700608062744141,.4132768122355143,Matched (3),HRV,0,.0188419103622437,.8323100280761718,3.908536940430695,3.885596873644141,1.023205213733036,1.034640507313545,2016,-.0351799774169922,.0046417236328125,0,1,1,0,1,1,.0484678489205338,.0484678489205338,.0403402766958411,.0121411371798426,.0524814138756837,1,1,.0190514583140298,.0284053482403489
Croatia,HRV,2016,.0174081194400787,.4874068450927734,.7926100158691406,52.636002,51.551998,.0629679155349731,.1765447552998861,Matched (3),HRV,0,.0156904304027557,.8277899932861328,3.94259097088399,3.908536940430695,1.034640507313545,1.032860030751706,2017,-.0308699798583985,.0038552093505859,0,1,1,0,1,1,.047195539991082,.047195539991082,.0390679957323531,-.0137808039121836,.0252871918201696,1,1,.019825524061012,.0232628990243135
Croatia,HRV,2017,.0046615600585938,.4839044952392578,.7617400360107421,56.164001,53.245998,.0534366464614868,.2477852439880371,Matched (3),HRV,0,.0174081194400787,.7926100158691406,3.974922654020606,3.94259097088399,1.032860030751706,1.029110226098517,2018,-.033270034790039,-.0035023498535156,0,1,1,0,1,1,.0454208327953297,.0454208327953297,.0360010070026958,-.005980036348019,.0300209706546768,1,1,.0187143372109127,.0242695780549006
Croatia,HRV,2018,-.0073011100292206,.4868414688110352,.7284700012207032,61.694,54.796001,.0453600025177002,.3874617767333984,Matched (3),HRV,0,.0046615600585938,.7617400360107421,4.003617224764889,3.974922654020606,1.029110226098517,1.031005866360429,2019,-.0196600341796875,.0029369735717774,0,1,1,0,1,1,.0441912695659626,.0441912695659626,.0336622592705368,.0093144146892913,.042976673959828,1,1,.0179826719421778,.0276235617498741
Croatia,HRV,2019,-.0086671501398087,.4934126281738281,.7088099670410156,61.473999,56.494999,.0432826232910156,,Master only (1),HRV,0,-.0073011100292206,.7284700012207032,4.034152119754842,4.003617224764889,1.031005866360429,.9168953042996795,2020,.1559500122070313,.006571159362793,1,0,0,1,0,0,,,,,,0,0,,
Croatia,HRV,2020,.0007026699930429,.4855481719970703,.8647599792480469,57.914001,51.799999,.0384193658828735,,Master only (1),HRV,0,-.0086671501398087,.7088099670410156,3.947390134536876,4.034152119754842,.9168953042996795,1.126293434618702,2021,-.0827099609375,-.0078644561767579,1,0,0,1,0,0,,,,,,0,0,,
Croatia,HRV,2021,-.0045942801237106,.4842948150634765,.7820500183105469,69.052002,58.341999,.0306232047080994,,Master only (1),HRV,0,.0007026699930429,.8647599792480469,4.066322229432831,3.947390134536876,1.126293434618702,1.0729663028095,2022,-.0965800476074219,-.0012533569335937,1,0,0,1,0,0,,,,,,0,0,,
Croatia,HRV,2022,-.00172867000103,.4905846786499024,.685469970703125,71.257004,62.598999,.0270192456245422,,Master only (1),HRV,0,-.0045942801237106,.7820500183105469,4.136749287937277,4.066322229432831,1.0729663028095,1.03760449756343,2023,-.0759799575805664,.0062898635864258,1,0,0,1,0,0,,,,,,0,0,,
Croatia,HRV,2023,-.0012405200302601,.4928057479858399,.6094900131225586,85.647003,64.953003,.0281123614311218,,Master only (1),HRV,0,-.00172867000103,.685469970703125,4.173663976531084,4.136749287937277,1.03760449756343,,,,.0022210693359375,1,0,0,2,0,0,,,,,,0,0,,
Hungary,HUN,1995,,.4947483825683594,.8386799621582032,46.577999,29079.098,.1734331703186035,.0800056581497192,Matched (3),HUN,0,,,10.27777490146348,,,1.001012392250716,1996,-.1269999694824219,,4,0,0,2,0,0,,,,,,0,0,,
Hungary,HUN,1996,,.4853301239013672,.7116799926757813,46.834,29108.537,.1596286487579346,.0816970739364624,Matched (3),HUN,0,,.8386799621582032,10.27878678159078,10.27777490146348,1.001012392250716,1.02977870203054,1997,-.0897200012207032,-.0094182586669922,3,0,0,1,0,0,,,,,,0,0,,
Hungary,HUN,1997,,.4869182968139649,.6219599914550781,47.398998,29975.352,.1626626586914063,.0903151264190674,Matched (3),HUN,0,,.7116799926757813,10.30813070835071,10.27878678159078,1.02977870203054,1.038481160953857,1998,-.0177399826049804,.0015881729125977,3,0,0,1,0,0,,,,,,0,0,,
Hungary,HUN,1998,,.4906520462036133,.6042200088500976,48.784,31128.838,.1417288303375244,.2052646217346192,Matched (3),HUN,0,,.6219599914550781,10.34588993188837,10.30813070835071,1.038481160953857,1.030860527049721,1999,-.00125,.0037337493896484,3,0,0,1,0,0,,,,,,0,0,,
Hungary,HUN,1999,,.4926340866088867,.6029700088500977,49.16,32089.49,.1394645881652832,.104181676864624,Matched (3),HUN,0,,.6042200088500976,10.37628384847991,10.34588993188837,1.030860527049721,1.044093790686313,2000,-.0465900039672852,.0019820404052734,3,0,0,1,0,0,,,,,,0,0,,
Hungary,HUN,2000,,.4997203063964843,.5563800048828125,47.276001,33504.438,.1073849773406982,.2095556411743164,Matched (3),HUN,0,,.6029700088500977,10.41943317172732,10.37628384847991,1.044093790686313,1.040620318950288,2001,-.0343299865722656,.0070862197875976,2,0,0,0,1,1,,,,-.0101661424670492,,0,0,,.0236621613646879
Hungary,HUN,2001,,.5115696334838867,.5220500183105469,53.799999,34865.398,.0918936443328857,.0904338359832764,Matched (3),HUN,0,,.5563800048828125,10.45925016759784,10.41943317172732,1.040620318950288,1.047300544885678,2002,.0335199737548828,.0118493270874024,2,0,0,0,1,1,,,,-.0232098698646344,,0,0,,.0228084642610677
Hungary,HUN,2002,,.5166256713867188,.5555699920654297,67.636002,36514.551,.0844713115692139,.2396744041442871,Matched (3),HUN,0,,.5220500183105469,10.50546611167126,10.45925016759784,1.047300544885678,1.039387872450249,2003,.0261700057983398,.005056037902832,2,0,0,0,1,1,,,,-.0068681658027203,,0,0,,.0241282021990913
Hungary,HUN,2003,.0363695406913757,.506342887878418,.5817399978637695,85.190002,37952.781,.0876265335083008,.2638688926696777,Matched (3),HUN,0,,.5555699920654297,10.54409806735842,10.50546611167126,1.039387872450249,1.049631161747863,2004,.0073300170898438,-.0102827835083008,1,0,0,0,1,1,,,,-.0042188917059831,,0,0,,.0245690926384538
Hungary,HUN,2004,.0405274486541748,.5098855590820313,.5890700149536133,104.015,39836.422,.0932327938079834,.0989025421142578,Matched (3),HUN,0,.0363695406913757,.5817399978637695,10.59253689529066,10.54409806735842,1.049631161747863,1.043002909162509,2005,.0167199707031249,.0035426712036133,0,1,1,0,1,1,.0323372920813647,.0323372920813647,.0188118962263332,-.0222825543827574,-.0034706581564243,1,1,.0168322499172358,.0228143449519039
Hungary,HUN,2005,.0244064211845398,.5090519714355469,.6057899856567383,113.098,41549.504,.0900651741027832,.1254581890106201,Matched (3),HUN,0,.0405274486541748,.5890700149536133,10.63464086053121,10.59253689529066,1.043002909162509,1.039339274602124,2006,.0390999984741212,-.0008335876464843,0,1,1,0,1,1,.0328828904594004,.0328828904594004,.019370324774637,-.0193747356301187,-4.41085548171e-06,1,1,.0166603326090683,.0228881776379983
Hungary,HUN,2006,.0247718596458435,.5285115814208985,.6448899841308594,115.604,43184.031,.0854573059082031,.2273108673095703,Matched (3),HUN,0,.0244064211845398,.6057899856567383,10.67322605890517,10.63464086053121,1.039339274602124,1.003323530326965,2007,.0109100341796875,.0194596099853516,0,1,1,0,1,1,.0343027276254617,.0343027276254617,.0207802488762154,-.0082219616412187,.0125582872349967,1,1,.0161706908238438,.0239255030994657
Hungary,HUN,2007,.0225898790359497,.5263805389404297,.6558000183105469,140.123,43327.555,.083329610824585,.3512478561401368,Matched (3),HUN,0,.0247718596458435,.6448899841308594,10.67654407851187,10.67322605890517,1.003323530326965,1.009934407719395,2008,.0622100067138671,-.0021310424804688,0,1,1,0,1,1,.0371378300772211,.0371378300772211,.0239498146491537,.0053490239074881,.0292988385566418,1,1,.0164709126303037,.0266032229957507
Hungary,HUN,2008,.0475126791000366,.5280493927001954,.718010025024414,158.228,43757.988,.0800400066375732,.1697909812927246,Matched (3),HUN,0,.0225898790359497,.6558000183105469,10.68642946440408,10.67654407851187,1.009934407719395,.9325983782425441,2009,.0638700103759766,.0016688537597657,0,1,1,0,1,1,.0370113762532921,.0370113762532921,.0242720612246075,-.0145203359140117,.0097517253105958,1,1,.0171504423655931,.0231961366805041
Hungary,HUN,2009,.0612431621551514,.5343012237548828,.7818800354003906,130.80701,40808.629,.0864033508300781,.1393961696624756,Matched (3),HUN,0,.0475126791000366,.718010025024414,10.61664883083105,10.68642946440408,.9325983782425441,1.010679420301064,2010,.0198600006103515,.0062518310546874,0,1,1,0,1,1,.0405555976605688,.0405555976605688,.0291193256911451,-.0178485396511034,.0112707860400417,1,1,.0183326489908813,.0229603316294556
Hungary,HUN,2010,.0425877809524536,.5220717239379883,.8017400360107422,131.899,41244.441,.0843094539642334,.1245684070587158,Matched (3),HUN,0,.0612431621551514,.7818800354003906,10.62727162889484,10.61664883083105,1.010679420301064,1.019167166181579,2011,.0029399871826172,-.0122294998168945,0,1,1,0,1,1,.0442639513468046,.0442639513468046,.0346090998460007,-.0194721659301828,.015136933915818,1,1,.0195313060942928,.0228843487777057
Hungary,HUN,2011,.050152587890625,.5295536804199219,.8046800231933594,141.713,42034.98,.0848588371276855,.2067360954284668,Matched (3),HUN,0,.0425877809524536,.8017400360107422,10.64625741892673,10.62727162889484,1.019167166181579,.9866050922060356,2012,-.0210400390625001,.0074819564819336,0,1,1,0,1,1,.0457855943482224,.0457855943482224,.0367081440615171,-.0104748801161714,.0262332639453456,1,1,.0191291534813532,.0236234164866047
Hungary,HUN,2012,.0621188402175903,.5277416229248046,.7836399841308593,128.47,41471.926,.0894345378875732,.2842599983215332,Matched (3),HUN,0,.050152587890625,.8046800231933594,10.63277199009928,10.64625741892673,.9866050922060356,1.020321729317452,2013,-.0114399719238281,-.0018120574951173,0,1,1,0,1,1,.0462884400699649,.0462884400699649,.0372473830290838,-.0019860845131135,.0352612985159702,1,1,.0187430123064413,.0249842223287312
Hungary,HUN,2013,.0369111490249634,.5260812377929688,.7722000122070313,135.646,42314.707,.0895937347412109,.1760455589294434,Matched (3),HUN,0,.0621188402175903,.7836399841308593,10.65288998856021,10.63277199009928,1.020321729317452,1.043343566366784,2014,-.0072900390625,-.0016603851318359,0,1,1,0,1,1,.0445864973608549,.0445864973608549,.0349397620843109,-.0138354654526419,.021104296631669,1,1,.0190664796207523,.0232577881284858
Hungary,HUN,2014,.0235354089736938,.5178754425048828,.7649099731445312,141.129,44148.777,.0791440010070801,.2050434646606445,Matched (3),HUN,0,.0369111490249634,.7722000122070313,10.69532051241535,10.65288998856021,1.043343566366784,1.036598107942365,2015,-.0076699829101562,-.008205795288086,0,1,1,0,1,1,.0440341579200933,.0440341579200933,.0340031772834224,-.0106602216183828,.0233429556650396,1,1,.0186483945815287,.0236005672640731
Hungary,HUN,2015,.0139610302448273,.5119051742553711,.757239990234375,125.244,45764.539,.0686025094985962,.3753337707519531,Matched (3),HUN,0,.0235354089736938,.7649099731445312,10.73126481393379,10.69532051241535,1.036598107942365,1.024386375846064,2016,-.0107799530029298,-.0059702682495117,0,1,1,0,1,1,.0443269362795396,.0443269362795396,.033906115639162,.0079864092611956,.0418925249003576,1,1,.0180093178990657,.0272715191178619
Hungary,HUN,2016,.0140032303333282,.5001173782348632,.7464600372314453,128.98399,46880.57,.0665894079208374,.1596946754455567,Matched (3),HUN,0,.0139610302448273,.757239990234375,10.75535858954592,10.73126481393379,1.024386375846064,1.041241849093599,2017,-.0264400482177733,-.0117877960205078,0,1,1,0,1,1,.0429582156120228,.0429582156120228,.0325296787705343,-.0156258720581451,.0169038067123893,1,1,.0187713473739363,.023106000998803
Hungary,HUN,2017,.0072105598449707,.4989916229248047,.7200199890136719,143.33501,48814.012,.0582910919189453,.1817909355163574,Matched (3),HUN,0,.0140032303333282,.7464600372314453,10.79577267601286,10.75535858954592,1.041241849093599,1.056061403988209,2018,-.0318599700927735,-.0011257553100585,0,1,1,0,1,1,.0424155365738415,.0424155365738415,.0316615030101015,-.0132063520348593,.0184551509752422,1,1,.0184081236370694,.0233183031805832
Hungary,HUN,2018,.0021965999901295,.4927258682250977,.6881600189208984,161.185,51550.594,.0514632129669189,.3788573455810547,Matched (3),HUN,0,.0072105598449707,.7200199890136719,10.85031900732252,10.79577267601286,1.056061403988209,1.050771875202698,2019,-.0382800292968749,-.006265754699707,0,1,1,0,1,1,.0416912853406499,.0416912853406499,.0300185588129406,.0083722374432156,.0383907962561562,1,1,.0174128949887888,.0273727571956916
Hungary,HUN,2019,.0040419501066208,.4958934402465821,.6498799896240235,164.927,54167.914,.0491533946990967,,Master only (1),HUN,0,.0021965999901295,.6881600189208984,10.89984402066481,10.85031900732252,1.050771875202698,.9566127058900903,2020,.1369899749755858,.0031675720214844,1,0,0,1,0,0,,,,,,0,0,,
Hungary,HUN,2020,.014156459569931,.4958007431030274,.7868699645996093,158.468,51817.715,.0498116827011108,,Master only (1),HUN,0,.0040419501066208,.6498799896240235,10.85548735518448,10.89984402066481,.9566127058900903,1.072229235070204,2021,-.0247200012207031,-.0000926971435547,1,0,0,1,0,0,,,,,,0,0,,
Hungary,HUN,2021,.0169389605522156,.4971049118041992,.7621499633789063,183.283,55560.469,.0507113742828369,,Master only (1),HUN,0,.014156459569931,.7868699645996093,10.92522723365774,10.85548735518448,1.072229235070204,1.041523733994775,2022,-.0213399505615235,.0013041687011719,1,0,0,1,0,0,,,,,,0,0,,
Hungary,HUN,2022,.0477447414398193,.4918498992919922,.7408100128173828,177.784,57867.547,.0532939624786377,,Master only (1),HUN,0,.0169389605522156,.7621499633789063,10.96591200339809,10.92522723365774,1.041523733994775,.9918289288334378,2023,-.0084700012207031,-.0052550125122071,1,0,0,1,0,0,,,,,,0,0,,
Hungary,HUN,2023,.0366742491722107,.4936179733276367,.7323400115966797,213.315,57394.707,.0847489452362061,,Master only (1),HUN,0,.0477447414398193,.7408100128173828,10.95770736605674,10.96591200339809,.9918289288334378,,,,.0017680740356446,1,0,0,2,0,0,,,,,,0,0,,
Indonesia,IDN,1995,,.3445194625854492,,244.22701,3911022,.0959515476226807,.0176575035884463,Matched (3),IDN,0,,,15.17930927888164,,,1.078179948872699,1996,,,4,0,0,2,0,0,,,,,,0,0,,
Indonesia,IDN,1996,,.3446493530273437,,274.72198,4216785.5,.08203688621521,.0045696574968419,Matched (3),IDN,0,,,15.25458366589078,15.17930927888164,1.078179948872699,1.046998952163917,1997,,.0001298904418945,4,0,0,1,0,0,,,,,,0,0,,
Indonesia,IDN,1997,,.3352079391479492,,260.67999,4414970,.1044597625732422,.1053178133283343,Matched (3),IDN,0,,,15.30051159698012,15.25458366589078,1.046998952163917,.8687325168687443,1998,,-.0094414138793945,4,0,0,1,0,0,,,,,,0,0,,
Indonesia,IDN,1998,,.3247400665283203,,115.323,3835428,.2113007164001465,.2938828992843628,Matched (3),IDN,0,,,15.15979159020686,15.30051159698012,.8687325168687443,1.007911568148327,1999,,-.0104678726196289,4,0,0,1,0,0,,,,,,0,0,,
Indonesia,IDN,1999,,.3286137771606445,,169.158,3865772.3,.2272054100036621,.0138138377204024,Matched (3),IDN,0,,,15.16767202599595,15.15979159020686,1.007911568148327,1.049786494794151,2000,,.0038737106323242,4,0,0,1,0,0,,,,,,0,0,,
Indonesia,IDN,2000,,.3303868865966797,.8743699645996094,179.48199,4058235.5,.2467058753967285,.0414592754018718,Matched (3),IDN,0,,,15.21625883119806,15.16767202599595,1.049786494794151,1.036434677090573,2001,-.1373499298095703,.0017731094360351,4,0,0,1,0,0,,,,,,0,0,,
Indonesia,IDN,2001,,.3253396224975586,.7370200347900391,174.507,4206096,.2742180824279785,.0917806065904683,Matched (3),IDN,0,,.8743699645996094,15.25204545952068,15.21625883119806,1.036434677090573,1.044994812291493,2002,-.1136300277709961,-.0050472640991211,3,0,0,1,0,0,,,,,,0,0,,
Indonesia,IDN,2002,,.3207527542114258,.623390007019043,212.80701,4395348.5,.2705314064025879,.1975945908447792,Matched (3),IDN,0,,.7370200347900391,15.29605738061077,15.25204545952068,1.044994812291493,1.047803717953195,2003,-.0669599914550781,-.0045868682861328,3,0,0,1,0,0,,,,,,0,0,,
Indonesia,IDN,2003,.0812621021270752,.3135696220397949,.5564300155639649,255.34599,4605462.5,.1745131301879883,.1096415583018599,Matched (3),IDN,0,,.623390007019043,15.34275365693889,15.29605738061077,1.047803717953195,1.050308628069385,2004,-.0431500244140626,-.0071831321716309,1,0,0,0,1,1,,,,-.0211066420513023,,0,0,,.0228341043229837
Indonesia,IDN,2004,.0707680511474609,.3189251899719238,.5132799911499023,279.34399,4837157,.1423775100708008,.1408380057130541,Matched (3),IDN,0,.0812621021270752,.5564300155639649,15.39183770941357,15.34275365693889,1.050308628069385,1.056925793394756,2005,-.0871599960327148,.0053555679321289,0,1,1,0,1,1,.0310209176615707,.0310209176615707,.0172609696972362,-.01769065993827,-.0004296902410337,1,1,.0161493875322407,.0229690974562783
Indonesia,IDN,2005,.0786139392852783,.3454778671264648,.4261199951171875,310.92001,5112516,.1209966373443603,.1061212097673581,Matched (3),IDN,0,.0707680511474609,.5132799911499023,15.44720220891265,15.39183770941357,1.056925793394756,1.055009509994687,2006,-.0676399993896484,.026552677154541,0,1,1,0,1,1,.02832559693444,.02832559693444,.014538962143825,-.0214921169570502,-.0069531548132251,1,1,.0160061627100958,.0228261129647441
Indonesia,IDN,2006,.0712521982192993,.4232883071899414,.3584799957275391,396.51801,5393753,.1153805351257324,.1370992778848719,Matched (3),IDN,0,.0786139392852783,.4261199951171875,15.50075199001303,15.44720220891265,1.055009509994687,1.063450254396151,2007,.0227299880981445,.0778104400634766,0,1,1,0,1,1,.0233106323703641,.0233106323703641,.0099331265518381,-.0181000471745225,-.0081669206226844,1,1,.0150701678118563,.0229468700674688
Indonesia,IDN,2007,.049593768119812,.4351648712158203,.3812099838256836,470.09201,5735988,.1044876861572266,.0563384424788611,Matched (3),IDN,0,.0712521982192993,.3584799957275391,15.5622705692092,15.50075199001303,1.063450254396151,1.074417694039806,2008,-.0786899757385254,.0118765640258789,0,1,1,0,1,1,.0189737020961797,.0189737020961797,.0068016926463741,-.0269432838913254,-.0201415912449513,1,1,.0153912518215901,.0228713406003824
Indonesia,IDN,2008,.0913320064544678,.4439851379394531,.3025200080871582,558.29102,6162847,.0839675045013428,.0494041365605813,Matched (3),IDN,0,.049593768119812,.3812099838256836,15.63404940406426,15.5622705692092,1.074417694039806,1.04701771762304,2009,-.0376900100708008,.0088202667236328,0,1,1,0,1,1,.0202863877209898,.0202863877209898,.0077333735350001,-.027702583970303,-.0199692104353029,1,1,.015570312390445,.0229010307951955
Indonesia,IDN,2009,.0795386695861816,.4455274963378906,.2648299980163574,578.57703,6452610,.101417236328125,.0970877633775983,Matched (3),IDN,0,.0913320064544678,.3025200080871582,15.67999525808554,15.63404940406426,1.04701771762304,1.063776208386994,2010,-.0011999893188477,.0015423583984375,0,1,1,0,1,1,.015842501329934,.015842501329934,.0047926736304525,-.0224812709744843,-.0176885973440319,1,1,.0149038661601888,.0228123641007633
Indonesia,IDN,2010,.0527954196929932,.4670098495483399,.2636300086975097,755.09399,6864133,.0822679615020752,.1010745446846403,Matched (3),IDN,0,.0795386695861816,.2648299980163574,15.74182029641909,15.67999525808554,1.063776208386994,1.061697886681392,2011,-.0325699996948242,.0214823532104492,0,1,1,0,1,1,.0136339540224214,.0136339540224214,.003610680016713,-.0220447221119193,-.0184340420952063,1,1,.0148731084160303,.022817232275844
Indonesia,IDN,2011,.0463912487030029,.4722347640991211,.2310600090026856,892.96899,7287635.5,.0700176382064819,.0740353513615472,Matched (3),IDN,0,.0527954196929932,.2636300086975097,15.80168970295002,15.74182029641909,1.061697886681392,1.060300491153818,2012,-.001510009765625,.0052249145507812,0,1,1,0,1,1,.01344826131739,.01344826131739,.0035453652480699,-.025005488750667,-.0214601235025971,1,1,.0150501815543658,.0228214175207167
Indonesia,IDN,2012,.0404158687591553,.4819465637207031,.2295499992370605,917.87,7727083.5,.067598123550415,,Matched (3),IDN,0,.0463912487030029,.2310600090026856,15.86024205312108,15.80168970295002,1.060300491153818,1.055572649111401,2013,.0192900085449219,.009711799621582,1,0,0,1,0,0,,,,,,0,0,,
Indonesia,IDN,2013,.0458874988555908,.489600830078125,.2488400077819824,912.52399,8156498,.0702680253982544,,Matched (3),IDN,0,.0404158687591553,.2295499992370605,15.91432546815525,15.86024205312108,1.055572649111401,1.050066707550226,2014,-.0023900032043457,.0076542663574219,1,0,0,1,0,0,,,,,,0,0,,
Indonesia,IDN,2014,.0564241886138916,.3474621963500977,.2464500045776367,890.815,8564867,.0762681150436401,,Matched (3),IDN,0,.0458874988555908,.2488400077819824,15.96317916130689,15.91432546815525,1.050066707550226,1.048763162346829,2015,.0236800003051758,-.1421386337280273,1,0,0,1,0,0,,,,,,0,0,,
Indonesia,IDN,2015,.0608411407470703,.3446750259399414,.2701300048828125,860.854,8982517,.0910068511962891,,Matched (3),IDN,0,.0564241886138916,.2464500045776367,16.0107906905369,15.96317916130689,1.048763162346829,1.050330658990125,2016,.009419994354248,-.0027871704101562,1,0,0,1,0,0,,,,,,0,0,,
Indonesia,IDN,2016,.0575872802734375,.3506935119628906,.2795499992370605,931.87701,9434613,.1026462364196777,,Matched (3),IDN,0,.0608411407470703,.2701300048828125,16.05989571845547,16.0107906905369,1.050330658990125,1.050697892960739,2017,.0144099998474121,.0060184860229492,1,0,0,1,0,0,,,,,,0,0,,
Indonesia,IDN,2017,.0462639617919922,.3703780746459961,.2939599990844727,1015.619,9912928,.1124118518829346,,Matched (3),IDN,0,.0575872802734375,.2795499992370605,16.10935032179891,16.05989571845547,1.050697892960739,1.05174293609315,2018,.0102700042724609,.0196845626831055,1,0,0,1,0,0,,,,,,0,0,,
Indonesia,IDN,2018,.0452541303634644,.3792924499511719,.3042300033569336,1042.272,10425852,.116480131149292,,Matched (3),IDN,0,.0462639617919922,.2939599990844727,16.15979904892841,16.10935032179891,1.05174293609315,1.05019282836549,2019,.0013999938964844,.0089143753051758,1,0,0,1,0,0,,,,,,0,0,,
Indonesia,IDN,2019,.0536984014511108,.3777894592285156,.305629997253418,1119.1,10949155,.1220213031768799,,Master only (1),IDN,0,.0452541303634644,.3042300033569336,16.20877284229934,16.15979904892841,1.05019282836549,.9793448900851253,2020,.0918400192260742,-.0015029907226563,1,0,0,1,0,0,,,,,,0,0,,
Indonesia,IDN,2020,.0608861017227173,.3861754226684571,.3974700164794922,1059.0551,10722999,.1646696853637695,,Master only (1),IDN,0,.0536984014511108,.305629997253418,16.18790143194479,16.20877284229934,.9793448900851253,1.037028913273236,2021,.0139299774169921,.0083859634399414,1,0,0,1,0,0,,,,,,0,0,,
Indonesia,IDN,2021,.0493775081634521,.3914960861206055,.4113999938964844,1186.51,11120060,.1474597263336182,,Master only (1),IDN,0,.0608861017227173,.3974700164794922,16.22426124245561,16.18790143194479,1.037028913273236,1.053071925870904,2022,-.009990005493164,.0053206634521484,1,0,0,1,0,0,,,,,,0,0,,
Indonesia,IDN,2022,.0407163095474243,.3929931259155273,.4014099884033203,1319.101,11710223,.1319063568115234,,Master only (1),IDN,0,.0493775081634521,.4113999938964844,16.27597277894509,16.22426124245561,1.053071925870904,1.050488363885128,2023,-.0053999710083008,.0014970397949218,1,0,0,1,0,0,,,,,,0,0,,
Indonesia,IDN,2023,.0266815400123596,.3981292724609375,.3960100173950195,1371.167,12301453,.1404468154907227,,Master only (1),IDN,0,.0407163095474243,.4014099884033203,16.32522794344714,16.27597277894509,1.050488363885128,,,,.0051361465454102,1,0,0,2,0,0,,,,,,0,0,,
India,IND,1995,,.354976806640625,.7087599945068359,360.28101,52051.02,.1851811027526855,.1146358333184169,Matched (3),IND,0,,,10.8599796613873,,,1.075497140313279,1996,-.037429962158203,,3,0,0,1,0,0,,,,,,0,0,,
India,IND,1996,,.3554083251953125,.6713300323486329,392.90201,55980.723,.1940087127685547,.0553296089401612,Matched (3),IND,0,,.7087599945068359,10.93276267217244,10.8599796613873,1.075497140313279,1.040498734741626,1997,.0187499999999999,.0004315185546875,2,0,0,0,1,1,,,,-.0270537502299378,,0,0,,.0228753066145116
India,IND,1997,,.3563098526000977,.6900800323486328,415.89499,58247.871,.2008257102966308,.0606175326957152,Matched (3),IND,0,,.6713300323486329,10.97246282301328,10.93276267217244,1.040498734741626,1.061842590142947,1998,.0027599334716797,.0009015274047852,2,0,0,0,1,1,,,,-.0264747274737258,,0,0,,.0228558587648372
India,IND,1998,.0686043214797974,.3576129913330078,.6928399658203125,421.37799,61850.07,.2162410926818848,.1828534752589006,Matched (3),IND,0,,.6900800323486328,11.03246851464295,10.97246282301328,1.061842590142947,1.088457104371218,1999,.0198300170898438,.0013031387329102,1,0,0,0,1,1,,,,-.0130900049166418,,0,0,,.0233298997444282
India,IND,1999,.0610807800292969,.3606731033325195,.7126699829101563,458.82101,67321.148,.2231616973876953,.1662788904630221,Matched (3),IND,0,.0686043214797974,.6928399658203125,11.1172297075398,11.03246851464295,1.088457104371218,1.03841184750288,2000,.0367400360107422,.0030601119995117,0,1,1,0,1,1,.0391835553999948,.0391835553999948,.0271479331840507,-.0149049066087282,.0122430265753225,1,1,.0177079370119996,.0231634625805044
India,IND,2000,.0503355312347412,.3637935256958008,.7494100189208984,468.396,69907.078,.2412174034118652,.1978891683541811,Matched (3),IND,0,.0610807800292969,.7126699829101563,11.15492218382499,11.1172297075398,1.03841184750288,1.048239482187627,2001,.0516899871826172,.0031204223632813,0,1,1,0,1,1,.0404887077175117,.0404887077175117,.0288550866370934,-.0114436104412218,.0174114761958716,1,1,.0177631912947506,.0235074110517322
India,IND,2001,.0455352783203125,.3565397262573242,.8011000061035156,485.44,73279.359,.2659630012512207,.1910110940383031,Matched (3),IND,0,.0503355312347412,.7494100189208984,11.20203425715641,11.15492218382499,1.048239482187627,1.038038081579503,2002,.0419400024414063,-.0072537994384765,0,1,1,0,1,1,.042628882484107,.042628882484107,.0319465116289914,-.0121967532117898,.0197497584172016,1,1,.0183832939253266,.023423113787934
India,IND,2002,.0268005990982056,.3493124771118164,.8430400085449219,514.93799,76066.766,.2684143447875977,.2885131890040177,Matched (3),IND,0,.0455352783203125,.8011000061035156,11.23936672868331,11.20203425715641,1.038038081579503,1.078604774218701,2003,.015790023803711,-.0072272491455078,0,1,1,0,1,1,.0460951145973507,.0460951145973507,.0369267965852799,-.0015203640705522,.0354064325147277,1,1,.0186690175987143,.0250756365879926
India,IND,2003,.0166787302494049,.3498622131347656,.8588300323486329,607.70099,82045.977,.2662849807739258,.1158123328594061,Matched (3),IND,0,.0268005990982056,.8430400085449219,11.31503505890519,11.23936672868331,1.078604774218701,1.079229300263715,2004,-.0099300384521485,.0005497360229492,0,1,1,0,1,1,.0478380724656047,.0478380724656047,.040329409020176,-.0204309479495256,.0198984610706504,1,1,.0207105398831419,.0228516693440702
India,IND,2004,.0160088896751404,.3528639602661133,.8488999938964844,709.15198,88546.422,.2603879547119141,.1998126894694108,Matched (3),IND,0,.0166787302494049,.8588300323486329,11.39128223443295,11.31503505890519,1.079229300263715,1.079233509400348,2005,-.0251200103759766,.0030017471313477,0,1,1,0,1,1,.0491271792782143,.0491271792782143,.0421918969687058,-.011232986659704,.0309589103090018,1,1,.0201858196678583,.0235319112799488
India,IND,2005,.026634509563446,.3818387985229492,.8237799835205079,820.38501,95562.266,.258254222869873,.1237540726019786,Matched (3),IND,0,.0160088896751404,.8488999938964844,11.46753331008502,11.39128223443295,1.079233509400348,1.080608928896981,2006,-.0448500061035156,.0289748382568359,0,1,1,0,1,1,.0482178156407826,.0482178156407826,.0409321034031622,-.0195613347993676,.0213707686037946,1,1,.0207295746266188,.0228809266048951
India,IND,2006,.028601770401001,.4539554595947266,.7789299774169922,940.26001,103265.44,.2383944702148438,.2762229414169605,Matched (3),IND,0,.026634509563446,.8237799835205079,11.54505801538541,11.46753331008502,1.080608928896981,1.076607870978129,2007,-.0247899627685547,.0721166610717773,0,1,1,0,1,1,.0473821002506343,.0473821002506343,.0390324257636346,-.0028661348042756,.036166290959359,1,1,.0190925225941587,.0248159822303198
India,IND,2007,.0331589102745056,.45267333984375,.7541400146484375,1216.736,111176.38,.2169693183898926,.133519607094618,Matched (3),IND,0,.028601770401001,.7789299774169922,11.6188732534621,11.54505801538541,1.076607870978129,1.030866070996278,2008,-.01072998046875,-.0012821197509765,0,1,1,0,1,1,.0441277757433451,.0441277757433451,.0343724473632259,-.0184920178123607,.0158804295508652,1,1,.01938722222513,.0229271241057116
India,IND,2008,.0428544092178345,.4564712142944336,.7434100341796875,1198.895,114607.96,.2366066932678223,.1667740964087156,Matched (3),IND,0,.0331589102745056,.7541400146484375,11.64927254801846,11.6188732534621,1.030866070996278,1.078619579423577,2009,-.0160600280761719,.0037978744506836,0,1,1,0,1,1,.0428052382802534,.0428052382802534,.0322811430237002,-.014850682016086,.0174304610076142,1,1,.0186577301584591,.0231679846204618
India,IND,2009,.0360049390792847,.4533467102050781,.7273500061035156,1341.889,123618.39,.2467890930175781,.3136849371286539,Matched (3),IND,0,.0428544092178345,.7434100341796875,11.72495460440178,11.64927254801846,1.078619579423577,1.084976231666582,2010,-.0505999755859375,-.0031245040893555,0,1,1,0,1,1,.0427956047163084,.0427956047163084,.0318146819648912,.0012359190476551,.0330506010125463,1,1,.0177182247283021,.0256493286464555
India,IND,2010,.0465907096862793,.4789550018310547,.6767500305175781,1675.615,134123.02,.2239708137512207,.2666729911015584,Matched (3),IND,0,.0360049390792847,.7273500061035156,11.80651268485617,11.72495460440178,1.084976231666582,1.052412588117275,2011,.0102399444580078,.0256082916259766,0,1,1,0,1,1,.0416476469012287,.0416476469012287,.0302924162278058,-.0039118455234408,.0263805707043649,1,1,.0176115465946542,.0246238674753887
India,IND,2011,.0556816911697388,.4797678756713867,.6869899749755859,1823.052,141152.75,.2252864074707031,.1460241118302712,Matched (3),IND,0,.0465907096862793,.6767500305175781,11.85759791631154,11.80651268485617,1.052412588117275,1.054564005129195,2012,-.0055299377441406,.0008128738403321,0,1,1,0,1,1,.0381474708938796,.0381474708938796,.0258163020916014,-.0171227861192035,.008693515972398,1,1,.0176471447831678,.0230026343519409
India,IND,2012,.0648528003692627,.4818261337280274,.6814600372314453,1822.8621,148854.61,.2199738311767578,.1702371363456433,Matched (3),IND,0,.0556816911697388,.6869899749755859,11.91072533254156,11.85759791631154,1.054564005129195,1.063860866753895,2013,-.0012800598144531,.0020582580566406,0,1,1,0,1,1,.0388549422976021,.0388549422976021,.0266929558367075,-.014471482348722,.0122214734879855,1,1,.0175896388946835,.0232003877614355
India,IND,2013,.0578903722763062,.4864834976196289,.6801799774169922,1847.019,158360.59,.2327056884765625,.1272836218430446,Matched (3),IND,0,.0648528003692627,.6814600372314453,11.97262995058156,11.91072533254156,1.063860866753895,1.074102143071815,2014,-.003759994506836,.0046573638916015,0,1,1,0,1,1,.0383459903862767,.0383459903862767,.0261312600363088,-.019174852424768,.0069564076115407,1,1,.0178944532463598,.0228963255111023
India,IND,2014,.0604907083511353,.2864907646179199,.6764199829101563,2023.1429,170095.45,.2348583030700684,.2284563553333283,Matched (3),IND,0,.0578903722763062,.6801799774169922,12.04411504742704,11.97262995058156,1.074102143071815,1.079962454904686,2015,.0211299896240235,-.1999927330017089,0,1,1,0,1,1,.0387000932395936,.0387000932395936,.0263230285457423,-.0080965317629933,.018226496782749,1,1,.0171094030057628,.0239436246044184
India,IND,2015,.0562896585464478,.2900757217407227,.6975499725341797,2081.604,183696.7,.2277212905883789,.2727998204414661,Matched (3),IND,0,.0604907083511353,.6764199829101563,12.12104132398174,12.04411504742704,1.079962454904686,1.082563318323027,2016,.0006000518798828,.0035849571228027,0,1,1,0,1,1,.0386664063692774,.0386664063692774,.0261547299355038,-.0032409633823155,.0229137665531883,1,1,.016883783837006,.0247461373075585
India,IND,2016,.0539309501647949,.3183631324768066,.6981500244140625,2264.8181,198863.31,.2287648963928223,.3479012393951416,Matched (3),IND,0,.0562896585464478,.6975499725341797,12.20037299584278,12.12104132398174,1.082563318323027,1.067953710667472,2017,.0096099853515625,.028287410736084,0,1,1,0,1,1,.0402330274682221,.0402330274682221,.0280645472054252,.004982572471868,.0330471196772933,1,1,.0170835316709193,.0265137490186453
India,IND,2017,.0439031505584717,.3337811660766601,.707760009765625,2609.908,212376.81,.2324951934814453,.2999634416286762,Matched (3),IND,0,.0539309501647949,.6981500244140625,12.26611739336983,12.20037299584278,1.067953710667472,1.064538737014899,2018,.0090699768066406,.0154180335998535,0,1,1,0,1,1,.0400648640875459,.0400648640875459,.0279712858408663,-.0002665720076296,.0277047138332366,1,1,.0171113334069552,.0253297660527793
India,IND,2018,.0480696678161621,.343001823425293,.7168299865722656,2653.4951,226083.34,.233959846496582,.2015323198758639,Matched (3),IND,0,.0439031505584717,.707760009765625,12.32865898792752,12.26611739336983,1.064538737014899,1.03871422140093,2019,.0498200225830079,.0092206573486328,0,1,1,0,1,1,.040214261550773,.040214261550773,.0284620461478925,-.0110446887220561,.0174173574258364,1,1,.01766486088861,.0235541551278366
India,IND,2019,.0482952308654785,.3589312744140625,.7666500091552735,2776.3359,234835.98,.2450283813476563,,Master only (1),IND,0,.0480696678161621,.7168299865722656,12.36664261062382,12.32865898792752,1.03871422140093,.9422227068985581,2020,.1389699554443359,.0159294509887695,1,0,0,1,0,0,,,,,,0,0,,
India,IND,2020,.051831169128418,.3828433990478516,.9056199645996094,2611.9529,221267.8,.3088962936401367,,Master only (1),IND,0,.0482952308654785,.7666500091552735,12.30712899748833,12.36664261062382,.9422227068985581,1.096895948835754,2021,-.0484899902343749,.0239121246337891,1,0,0,1,0,0,,,,,,0,0,,
India,IND,2021,.0472220087051392,.3874897766113281,.8571299743652344,3084.5171,242707.75,.2536808586120605,,Master only (1),IND,0,.051831169128418,.9056199645996094,12.39961332363173,12.30712899748833,1.096895948835754,1.076093766577293,2022,-.0111499786376954,.0046463775634765,1,0,0,1,0,0,,,,,,0,0,,
India,IND,2022,.0422227478027344,.3948036575317383,.845979995727539,3249.939,261176.3,.2526534080505371,,Master only (1),IND,0,.0472220087051392,.8571299743652344,12.47295092523373,12.39961332363173,1.076093766577293,1.072102219268438,2023,.0041200256347657,.0073138809204102,1,0,0,1,0,0,,,,,,0,0,,
India,IND,2023,.0325410008430481,.3937143707275391,.8501000213623047,3500.906,280007.69,.2485581588745117,,Master only (1),IND,0,.0422227478027344,.845979995727539,12.54257233713164,12.47295092523373,1.072102219268438,,,,-.0010892868041992,1,0,0,2,0,0,,,,,,0,0,,
Ireland,IRL,1995,,.5144368743896485,.7852200317382813,69.260002,107.736,.1241005802154541,.2049558544158936,Matched (3),IRL,0,,,4.679683790714265,,,1.090916668183302,1996,-.0868900299072266,,4,0,0,2,0,0,,,,,,0,0,,
Ireland,IRL,1996,,.5179631423950195,.6983300018310546,75.928001,117.531,.1042134380340576,.0246804589033127,Matched (3),IRL,0,,.7852200317382813,4.766702113514467,4.679683790714265,1.090916668183302,1.107469557169762,1997,-.0825500106811523,.003526268005371,3,0,0,1,0,0,,,,,,0,0,,
Ireland,IRL,1997,,.5222994995117187,.6157799911499023,82.957001,130.162,.0898147678375244,.1290041756629944,Matched (3),IRL,0,,.6983300018310546,4.868779848190989,4.766702113514467,1.107469557169762,1.087652282212448,1998,-.1016399765014648,.0043363571166992,3,0,0,1,0,0,,,,,,0,0,,
Ireland,IRL,1998,-.004733000099659,.5282943344116211,.5141400146484375,90.305,141.571,.0838666915893555,.1567301034927368,Matched (3),IRL,0,,.6157799911499023,4.9528013519891,4.868779848190989,1.087652282212448,1.105296973042781,1999,-.0484400177001953,.0059948348999024,2,0,0,1,0,0,,,,,,0,0,,
Ireland,IRL,1999,-.0090376502275467,.5324316787719726,.4656999969482422,98.992996,156.478,.0580385637283325,.0743560969829559,Matched (3),IRL,0,-.004733000099659,.5141400146484375,5.052915404735829,4.9528013519891,1.105296973042781,1.09404519303961,2000,-.1015800094604493,.0041373443603515,1,0,0,1,0,0,,,,,,0,0,,
Ireland,IRL,2000,-.0051199901103973,.5370883941650391,.364119987487793,100.253,171.194,.0454224634170532,.0539110743999481,Matched (3),IRL,0,-.0090376502275467,.4656999969482422,5.142797417790624,5.052915404735829,1.09404519303961,1.053056722436287,2001,-.0283399963378906,.0046567153930664,0,1,1,0,1,1,.025294404864721,.025294404864721,.0117796042683082,-.0272090784489563,-.0154294741806481,1,1,.0161109015805508,.0228810870387797
Ireland,IRL,2001,.0000724200019613,.5379903411865234,.3357799911499024,109.347,180.27699,.0323856091499329,.036230434179306,Matched (3),IRL,0,-.0051199901103973,.364119987487793,5.194494516952524,5.142797417790624,1.053056722436287,1.058998108532021,2002,-.026879997253418,.0009019470214844,0,1,1,0,1,1,.0192213264213745,.0192213264213745,.0069988691360497,-.0291450921861808,-.0221462230501312,1,1,.0156258387147982,.0229730370321355
Ireland,IRL,2002,.0041885098814964,.5394630432128906,.3088999938964844,128.505,190.91299,.0347960448265076,.0951075577735901,Matched (3),IRL,0,.0000724200019613,.3357799911499024,5.251817797481455,5.194494516952524,1.058998108532021,1.030134177089333,2003,-.0105799865722656,.0014727020263672,0,1,1,0,1,1,.0177979911845445,.0177979911845445,.0059762093224324,-.0226981016550506,-.0167218923326182,1,1,.0149786095332639,.0228106511014006
Ireland,IRL,2003,.0013398200273514,.5370474624633789,.2983200073242188,164.63,196.666,.0330798816680908,.166896710395813,Matched (3),IRL,0,.0041885098814964,.3088999938964844,5.281506860257497,5.251817797481455,1.030134177089333,1.067876496184294,2004,-.0172900009155273,-.0024155807495118,0,1,1,0,1,1,.0165157025466816,.0165157025466816,.0051017004158661,-.0148372558980024,-.0097355554821363,1,1,.0145781776189714,.0231691086025541
Ireland,IRL,2004,-.0013822700083256,.5349951934814453,.2810300064086914,194.283,210.015,.0281946063041687,.0754944932460785,Matched (3),IRL,0,.0013398200273514,.2983200073242188,5.34717895383177,5.281506860257497,1.067876496184294,1.057400699805275,2005,-.0204300117492676,-.0020522689819336,0,1,1,0,1,1,.0155027963092529,.0155027963092529,.0046247943085222,-.0248457140650357,-.0202209197565135,1,1,.0150558544609692,.0228189644475686
Ireland,IRL,2005,-.0093277698755264,.5454580688476562,.2605999946594239,211.993,222.07001,.0248323321342468,.1384833931922913,Matched (3),IRL,0,-.0013822700083256,.2810300064086914,5.402992680467745,5.34717895383177,1.057400699805275,1.0498761129564,2006,-.024069995880127,.0104628753662109,0,1,1,0,1,1,.0147493923343908,.0147493923343908,.0041450218222582,-.0179484878296331,-.0138034660073749,1,1,.0146808053164839,.0229549080532041
Ireland,IRL,2006,-.0101212596893311,.5997607421875,.2365299987792969,232.19299,233.146,.020309317111969,.1842745065689087,Matched (3),IRL,0,-.0093277698755264,.2605999946594239,5.451664850015513,5.402992680467745,1.0498761129564,1.053104050301267,2007,.0029500007629395,.0543026733398437,0,1,1,0,1,1,.0137375403634805,.0137375403634805,.0035800029453566,-.012934403303642,-.0093544003582853,1,1,.0146086368136976,.0233456057387483
Ireland,IRL,2007,-.0033346799015999,.6106244277954102,.2394799995422363,270.112,245.52699,.0172941958904266,.1847316551208496,Matched (3),IRL,0,-.0101212596893311,.2365299987792969,5.503406891487233,5.451664850015513,1.053104050301267,.9551577022901888,2008,.1856599998474121,.0108636856079102,0,1,1,0,1,1,.0123182225302403,.0123182225302403,.0029136291600408,-.012884345960386,-.0099707168003452,1,1,.0146827788401034,.0233507062122557
Ireland,IRL,2008,.0091701197624207,.6097007369995118,.4251399993896484,275.41699,234.517,.0201581382751465,.1093326187133789,Matched (3),IRL,0,-.0033346799015999,.2394799995422363,5.45752807264098,5.503406891487233,.9551577022901888,.9490399241188899,2009,.1925099945068359,-.0009236907958984,0,1,1,0,1,1,.0121721869472936,.0121721869472936,.0029149953245659,-.0211404706502562,-.0182254753256903,1,1,.0148649605323907,.0228333439597531
Ireland,IRL,2009,.0193218505382538,.6045339965820312,.6176499938964843,236.187,222.56599,.0437259483337402,.1014902925491333,Matched (3),IRL,0,.0091701197624207,.4251399993896484,5.405223661056038,5.45752807264098,.9490399241188899,1.016830972807302,2010,.2446700286865234,-.0051667404174806,0,1,1,0,1,1,.0231015332088099,.0231015332088099,.0098213858142934,-.0219991981056143,-.012177812291321,1,1,.0153314253073691,.0228178491075339
Ireland,IRL,2010,.0259696292877197,.5989726257324218,.8623200225830078,221.914,226.312,.0668556785583496,.0310563969612122,Matched (3),IRL,0,.0193218505382538,.6176499938964843,5.421914562546687,5.405223661056038,1.016830972807302,1.01609282030111,2011,.2335799407958984,-.0055613708496094,0,1,1,0,1,1,.0341695206089449,.0341695206089449,.0211048041955606,-.0297116444719655,-.0086068402764048,1,1,.0181168599094382,.0230068756240388
Ireland,IRL,2011,.0697307395935059,.594577522277832,1.095899963378906,240.93401,229.95399,.0726717185974121,.1816961860656738,Matched (3),IRL,0,.0259696292877197,.8623200225830078,5.437879266094122,5.421914562546687,1.01609282030111,.9959470520259597,2012,.0932100677490235,-.0043951034545898,0,1,1,0,1,1,.0492563106496965,.0492563106496965,.042474702911802,-.0132167270119997,.0292579758998023,1,1,.020402016478155,.0233172752081746
Ireland,IRL,2012,.0437377500534058,.5856418609619141,1.18911003112793,227.06599,229.022,.095100269317627,.135124659538269,Matched (3),IRL,0,.0697307395935059,1.095899963378906,5.433818082667001,5.437879266094122,.9959470520259597,1.021928037936235,2013,-.0123600006103515,-.0089356613159179,0,1,1,0,1,1,.0628506971695088,.0628506971695088,.0688780767264034,-.018316266055575,.0505618106708284,1,1,.0255428446637335,.02293579173401
Ireland,IRL,2013,.0149067795276642,.6016986846923829,1.176750030517578,242.92799,234.04401,.1035571670532227,.0701150786876679,Matched (3),IRL,0,.0437377500534058,1.18911003112793,5.455509158991159,5.433818082667001,1.021928037936235,1.093858331701254,2014,-.1628800201416016,.0160568237304688,0,1,1,0,1,1,.068078366092015,.068078366092015,.0809526680228145,-.0254347549794676,.0555179130433469,1,1,.028359628836681,.0228292648107818
Ireland,IRL,2014,-.001734050065279,.6238945388793945,1.013870010375977,266.55899,256.01099,.0987134838104248,.1179996562004089,Matched (3),IRL,0,.0149067795276642,1.176750030517578,5.545220358902964,5.455509158991159,1.093858331701254,1.246239465927156,2015,-.2735600280761719,.0221958541870116,0,1,1,0,1,1,.0675519145699048,.0675519145699048,.0794917175316563,-.0201914380684869,.0593002794631694,1,1,.0274928218899969,.0228589813668331
Ireland,IRL,2015,-.0094311600923538,.6322943878173828,.7403099822998047,302.133,319.05099,.0880177783966064,.1605402565002441,Matched (3),IRL,0,-.001734050065279,1.013870010375977,5.765350948545027,5.545220358902964,1.246239465927156,1.0122268886142,2016,-.0134799957275391,.0083998489379883,0,1,1,0,1,1,.0581150217617585,.0581150217617585,.0589210777165942,-.0155332817154096,.0433877960011846,1,1,.023553823865537,.0231131026428427
Ireland,IRL,2016,-.0111327397823334,.6098842620849609,.7268299865722656,305.34698,322.952,.0815578937530518,.0881139898300171,Matched (3),IRL,0,-.0094311600923538,.7403099822998047,5.777503692517008,5.765350948545027,1.0122268886142,1.101092455453069,2017,-.0746099853515625,-.0224101257324218,0,1,1,0,1,1,.0416545432975535,.0416545432975535,.0308372742113183,-.023463890870939,.0073733833403793,1,1,.0192450559519915,.0228083473559197
Ireland,IRL,2017,-.015209219455719,.6052163696289062,.6522200012207031,348.23199,355.60001,.0748538970947266,.0938034415245056,Matched (3),IRL,0,-.0111327397823334,.7268299865722656,5.873806520803742,5.777503692517008,1.101092455453069,1.076884127864531,2018,-.038839988708496,-.0046678924560547,0,1,1,0,1,1,.0408827543597846,.0408827543597846,.0297148118023594,-.0228409011771074,.0068739106252521,1,1,.0189587960137784,.0228097785893389
Ireland,IRL,2018,-.0195523703098297,.606895980834961,.6133800125122071,395.95999,382.94,.0617626905441284,.2201149749755859,Matched (3),IRL,0,-.015209219455719,.6522200012207031,5.947878325320486,5.873806520803742,1.076884127864531,1.049728414754716,2019,-.0554800033569336,.0016796112060548,0,1,1,0,1,1,.0370137161480444,.0370137161480444,.0241410859912603,-.0090099051905658,.0151311808006945,1,1,.016776124518486,.0238147817292548
Ireland,IRL,2019,-.0179078197479248,.591507568359375,.5579000091552735,407.25601,401.983,.0510422658920288,,Master only (1),IRL,0,-.0195523703098297,.6133800125122071,5.996409803419006,5.947878325320486,1.049728414754716,1.07153782225401,2020,.0110699844360351,-.015388412475586,1,0,0,1,0,0,,,,,,0,0,,
Ireland,IRL,2020,-.0093821501731873,.5920038986206054,.5689699935913086,435.659,430.73999,.0453858470916748,,Master only (1),IRL,0,-.0179078197479248,.5579000091552735,6.065504637144707,5.996409803419006,1.07153782225401,1.162583013992431,2021,-.0445299911499024,.0004963302612304,1,0,0,1,0,0,,,,,,0,0,,
Ireland,IRL,2021,-.0135457599163055,.5962212371826172,.5244400024414062,530.74701,500.771,.0329358839988708,,Master only (1),IRL,0,-.0093821501731873,.5689699935913086,6.216148902960479,6.065504637144707,1.162583013992431,1.075110132910288,2022,-.0950099945068359,.0042173385620118,1,0,0,1,0,0,,,,,,0,0,,
Ireland,IRL,2022,-.011766220331192,.5986680603027343,.4294300079345703,548.77301,538.38397,.0271059966087341,,Master only (1),IRL,0,-.0135457599163055,.5244400024414062,6.288572008511415,6.216148902960479,1.075110132910288,.97463711966251,2023,-.0119200134277344,.0024468231201171,1,0,0,1,0,0,,,,,,0,0,,
Ireland,IRL,2023,-.0107758903503418,.6005150985717773,.417509994506836,567.53699,524.729,.0182712280750275,,Master only (1),IRL,0,-.011766220331192,.4294300079345703,6.262881946287584,6.288572008511415,.97463711966251,,,,.001847038269043,1,0,0,2,0,0,,,,,,0,0,,
Iceland,ISL,1995,,.564562759399414,.5610900115966797,7.3730001,1494.785,.0648500680923462,.0511040687561035,Matched (3),ISL,0,,,7.309737685639673,,,1.044976353744165,1996,-.0241799926757813,,4,0,0,2,0,0,,,,,,0,0,,
Iceland,ISL,1996,,.561669921875,.5369100189208984,7.6869998,1562.015,.0564577007293701,.0969543379545212,Matched (3),ISL,0,,.5610900115966797,7.353731942804417,7.309737685639673,1.044976353744165,1.041409337445131,1997,-.0263600158691406,-.002892837524414,3,0,0,1,0,0,,,,,,0,0,,
Iceland,ISL,1997,,.5777142715454101,.5105500030517578,7.717,1626.697,.0535890960693359,.0791012090444565,Matched (3),ISL,0,,.5369100189208984,7.394306870753565,7.353731942804417,1.041409337445131,1.070103997462986,1998,-.0778400039672851,.0160443496704101,3,0,0,1,0,0,,,,,,0,0,,
Iceland,ISL,1998,,.6122592926025391,.4327099990844727,8.6379995,1740.735,.0631679534912109,.0530567634105682,Matched (3),ISL,0,,.5105500030517578,7.462062708395001,7.394306870753565,1.070103997462986,1.038979527564356,1999,.322660026550293,.034545021057129,3,0,0,1,0,0,,,,,,0,0,,
Iceland,ISL,1999,,.6147689819335938,.7553700256347656,9.1079998,1808.588,.0412205791473389,.0729081118106842,Matched (3),ISL,0,,.4327099990844727,7.500301716337557,7.462062708395001,1.038979527564356,1.049052058952941,2000,-.0069000244140625,.0025096893310547,3,0,0,1,0,0,,,,,,0,0,,
Iceland,ISL,2000,,.6477059173583984,.7484700012207032,9.1400003,1897.303,.0318081450462341,.0595665323734283,Matched (3),ISL,0,,.7553700256347656,7.548188671739527,7.500301716337557,1.049052058952941,1.038409270560738,2001,.0764900207519531,.0329369354248047,2,0,0,0,1,1,,,,-.0265898110361072,,0,0,,.0228594601770024
Iceland,ISL,2001,,.64675048828125,.8249600219726563,8.323,1970.177,.0215687108039856,.1024365723133087,Matched (3),ISL,0,,.7484700012207032,7.585878666403051,7.548188671739527,1.038409270560738,1.005422842694005,2002,-.0118900299072265,-.0009554290771484,2,0,0,0,1,1,,,,-.0218955813474065,,0,0,,.0228193299211411
Iceland,ISL,2002,,.6721984100341797,.8130699920654297,9.4160004,1980.861,.0215008521080017,.2093308448791504,Matched (3),ISL,0,,.8249600219726563,7.591286858427265,7.585878666403051,1.005422842694005,1.022814330470673,2003,.0276499938964844,.0254479217529296,2,0,0,0,1,1,,,,-.0101907574532763,,0,0,,.0236590410752774
Iceland,ISL,2003,,.6761859130859375,.8407199859619141,11.565,2026.053,.024383749961853,.2958964943885803,Matched (3),ISL,0,,.8130699920654297,7.613844833783436,7.591286858427265,1.022814330470673,1.076225554492606,2004,-.0401300048828126,.0039875030517578,2,0,0,0,1,1,,,,-.0007118989656546,,0,0,,.025238176263412
Iceland,ISL,2004,,.6834093475341797,.8005899810791015,13.964,2180.49,.021842315196991,.1868065989017487,Matched (3),ISL,0,,.8407199859619141,7.687304896689563,7.613844833783436,1.076225554492606,1.070292892838401,2005,-.1230799865722656,.0072234344482422,2,0,0,0,1,1,,,,-.0126571415371492,,0,0,,.023374148756462
Iceland,ISL,2005,,.6877738189697266,.6775099945068359,17.146,2333.7629,.008761231303215,.1924848031997681,Matched (3),ISL,0,,.8005899810791015,7.755237239330385,7.687304896689563,1.070292892838401,1.056716573423859,2006,.0207499694824219,.0043644714355469,2,0,0,0,1,1,,,,-.0120353834228192,,0,0,,.0234407383316149
Iceland,ISL,2006,.0395420908927917,.7097726440429688,.6982599639892578,17.672001,2466.126,-.0138897097110748,.2343898510932922,Matched (3),ISL,0,,.6775099945068359,7.810403767805728,7.755237239330385,1.056716573423859,1.087413619618637,2007,-.0237999725341796,.0219988250732422,1,0,0,0,1,1,,,,-.0074468194699033,,0,0,,.0240396526072858
Iceland,ISL,2007,.0583929586410522,.7375817108154297,.6744599914550782,21.959999,2681.699,-.0150696218013763,.2052343010902405,Matched (3),ISL,0,.0395420908927917,.6982599639892578,7.894205818395947,7.810403767805728,1.087413619618637,1.016995988525013,2008,.4186299896240233,.0278090667724609,0,1,1,0,1,1,.0396690355382762,.0396690355382762,.0276992993264453,-.010639325205999,.0170599741204463,1,1,.0175005880231043,.0236031279820989
Iceland,ISL,2008,.063879451751709,.7222234344482422,1.093089981079101,18.247999,2727.2771,-.0257923626899719,.1320142793655396,Matched (3),ISL,0,.0583929586410522,.6744599914550782,7.911058991034741,7.894205818395947,1.016995988525013,.9167854198671247,2009,.1889800262451173,-.0153582763671875,0,1,1,0,1,1,.0379527505474173,.0379527505474173,.0255976118099078,-.0186568498052157,.006940762004692,1,1,.0177450362756622,.0229192702172058
Iceland,ISL,2009,.0512046718597412,.7279548645019531,1.282070007324219,13.213,2500.3279,.0546723461151123,.1376439607143402,Matched (3),ISL,0,.063879451751709,1.093089981079101,7.824177154600325,7.911058991034741,.9167854198671247,.9777817225729086,2010,.0329400634765624,.0057314300537109,0,1,1,0,1,1,.0626954759583801,.0626954759583801,.068531796629091,-.0180404049089076,.0504913917201834,1,1,.0254548219094919,.022950006416221
Iceland,ISL,2010,.0328385996818542,.7283107757568359,1.315010070800781,13.923,2444.7749,.0558727550506592,.3740618419647217,Matched (3),ISL,0,.0512046718597412,1.282070007324219,7.801708333189694,7.824177154600325,.9777817225729086,1.013800458127875,2011,.0512799072265624,.0003559112548828,0,1,1,0,1,1,.0748582468283059,.0748582468283059,.0959735130594443,.0078471342364159,.1038206472958601,1,1,.0277243953516402,.0272351870476074
Iceland,ISL,2011,.0403713607788086,.7260957336425782,1.366289978027344,15.394,2478.5139,.0504554510116577,.1316379845142364,Matched (3),ISL,0,.0328385996818542,1.315010070800781,7.815414432137473,7.801708333189694,1.013800458127875,1.011692974965605,2012,-.04427001953125,-.0022150421142577,0,1,1,0,1,1,.0757736683048051,.0757736683048051,.0996431369223366,-.018698053743098,.0809450831792387,1,1,.0304373816346714,.0229173485889655
Iceland,ISL,2012,.0522019100189209,.7090245056152343,1.322019958496094,14.944,2507.4951,.0636261749267578,.197025637626648,Matched (3),ISL,0,.0403713607788086,1.366289978027344,7.827039572551044,7.815414432137473,1.011692974965605,1.035968921300398,2013,-.1113699340820311,-.0170712280273438,0,1,1,0,1,1,.0790792945618112,.0790792945618112,.1080452476292749,-.0115381662565179,.0965070813727571,1,1,.0309151749618058,.0234965432774432
Iceland,ISL,2013,.0402944707870483,.7098062133789063,1.210650024414063,16.243999,2597.687,.0684919261932373,.038410692512989,Matched (3),ISL,0,.0522019100189209,1.322019958496094,7.862376717193575,7.827039572551044,1.035968921300398,1.019138589148286,2014,-.0694400024414064,.0007817077636719,0,1,1,0,1,1,.075791638949094,.075791638949094,.1001980593778322,-.0289063559169036,.0712917034609286,1,1,.0317730769868813,.022959714034801
Iceland,ISL,2014,.0426598978042603,.750337142944336,1.141210021972656,18.052,2647.4031,.0741264820098877,.1606539821624756,Matched (3),ISL,0,.0402944707870483,1.210650024414063,7.881334467238607,7.862376717193575,1.019138589148286,1.037685626290431,2015,-.1780599975585937,.0405309295654297,0,1,1,0,1,1,.0697347605390606,.0697347605390606,.0844243895491226,-.0155208288606709,.0689035606884517,1,1,.0277645851577395,.0231140640328447
Iceland,ISL,2015,.0427780294418335,.7288085174560547,.9631500244140625,17.700001,2747.1721,.08198899269104,.0615201982855797,Matched (3),ISL,0,.0426598978042603,1.141210021972656,7.918327341264042,7.881334467238607,1.037685626290431,1.06218095187905,2016,-.1498000335693359,-.0215286254882813,0,1,1,0,1,1,.0652135146343384,.0652135146343384,.0744223164687675,-.0263758864272315,.048046430041536,1,1,.0274224769482519,.0228528702717397
Iceland,ISL,2016,.0386870503425598,.7116827392578124,.8133499908447266,21.084,2917.9939,.0475531625747681,.2324471592903137,Matched (3),ISL,0,.0427780294418335,.9631500244140625,7.978651637402811,7.918327341264042,1.06218095187905,1.034850686946055,2017,-.1054299926757812,-.0171257781982422,0,1,1,0,1,1,.0554255550635075,.0554255550635075,.0533831247125802,-.0076595424239832,.0457235822885969,1,1,.0219013004454831,.0240078145365726
Iceland,ISL,2017,.0261070203781128,.7108174896240235,.7079199981689454,25.059999,3019.688,.0659155416488647,.0543535807728767,Matched (3),ISL,0,.0386870503425598,.8133499908447266,8.012908789892879,7.978651637402811,1.034850686946055,1.046607784427749,2018,-.0853300094604492,-.000865249633789,0,1,1,0,1,1,.0458239491812392,.0458239491812392,.0372709086470301,-.0271606244107479,.0101102842362821,1,1,.0209295129225418,.0228792583090403
Iceland,ISL,2018,.0257342290878296,.7299321746826172,.6225899887084961,26.677999,3160.429,.0484212446212769,.0560080635547638,Matched (3),ISL,0,.0261070203781128,.7079199981689454,8.05846304264629,8.012908789892879,1.046607784427749,1.011381666152573,2019,.0345900344848632,.0191146850585937,0,1,1,0,1,1,.0396056584339286,.0396056584339286,.0280376376460266,-.026979460077683,.0010581775683437,1,1,.0191222699686762,.0228726261459661
Iceland,ISL,2019,.0204727292060852,.7172198486328125,.6571800231933593,24.986,3196.3999,.0507915878295898,,Master only (1),ISL,0,.0257342290878296,.6225899887084961,8.069780424948359,8.05846304264629,1.011381666152573,.9335417943801827,2020,.103699951171875,-.0127123260498047,1,0,0,1,0,0,,,,,,0,0,,
Iceland,ISL,2020,.0190017902851105,.7086127471923828,.7608799743652344,22.035,2983.9729,.0513325786590576,,Master only (1),ISL,0,.0204727292060852,.6571800231933593,8.001010879643882,8.069780424948359,.9335417943801827,1.05180549113579,2021,-.024990005493164,-.0086071014404298,1,0,0,1,0,0,,,,,,0,0,,
Iceland,ISL,2021,.0224229407310486,.7053463745117188,.7358899688720704,26.235001,3138.5591,.0530571126937866,,Master only (1),ISL,0,.0190017902851105,.7608799743652344,8.051519082506719,8.001010879643882,1.05180549113579,1.088572800298206,2022,-.0715799713134766,-.003266372680664,1,0,0,1,0,0,,,,,,0,0,,
Iceland,ISL,2022,.0249746608734131,.6947447204589844,.6643099975585938,29.176001,3416.55,.0778515243530273,,Master only (1),ISL,0,.0224229407310486,.7358899688720704,8.136386563265628,8.051519082506719,1.088572800298206,1.050322673218148,2023,-.049119987487793,-.0106016540527344,1,0,0,1,0,0,,,,,,0,0,,
Iceland,ISL,2023,.0293383502960205,.6934994506835938,.6151900100708008,31.702,3588.48,.0734460639953613,,Master only (1),ISL,0,.0249746608734131,.6643099975585938,8.185483988052489,8.136386563265628,1.050322673218148,,,,-.0012452697753906,1,0,0,2,0,0,,,,,,0,0,,
Israel,ISR,1995,,.5160477066040039,,105.432,584.47601,,.0138796490430832,Matched (3),ISR,0,,,6.370715741889698,,,1.05840609729163,1996,,,4,0,0,2,0,0,,,,,,0,0,,
Israel,ISR,1996,,.5187273025512695,,115.054,618.61298,,.0069052967429161,Matched (3),ISR,0,,,6.427479836549263,6.370715741889698,1.05840609729163,1.036105000762183,1997,,.0026795959472656,4,0,0,1,0,0,,,,,,0,0,,
Israel,ISR,1997,,.5174017333984375,,119.391,640.948,,.0564037418365479,Matched (3),ISR,0,,,6.462948327337828,6.427479836549263,1.036105000762183,1.041015810245063,1998,,-.001325569152832,4,0,0,1,0,0,,,,,,0,0,,
Israel,ISR,1998,,.5159259033203125,,120.469,667.237,,.3054793739318848,Matched (3),ISR,0,,,6.503145304410626,6.462948327337828,1.041015810245063,1.032877390994209,1999,,-.001475830078125,4,0,0,1,0,0,,,,,,0,0,,
Israel,ISR,1999,,.5176985931396484,,121.329,689.17401,,.1340350341796875,Matched (3),ISR,0,,,6.535493795339288,6.503145304410626,1.032877390994209,1.085914384426344,2000,,.0017726898193359,4,0,0,1,0,0,,,,,,0,0,,
Israel,ISR,2000,,.5199066543579102,.7720600128173828,136.409,748.38397,.0984580039978027,.0957373332977295,Matched (3),ISR,0,,,6.617916178040153,6.535493795339288,1.085914384426344,1.002708554230987,2001,.0390100097656251,.0022080612182618,3,0,0,0,1,1,,,,-.0226291418181394,,0,0,,.0228111451411785
Israel,ISR,2001,,.511535758972168,.8110700225830079,134.89101,750.41101,.1094441032409668,.1199927806854248,Matched (3),ISR,0,,.7720600128173828,6.620621070748261,6.617916178040153,1.002708554230987,.9984714594069298,2002,.0610599517822266,-.0083708953857422,2,0,0,0,1,1,,,,-.0199731927824093,,0,0,,.0228661383617289
Israel,ISR,2002,.0489872217178345,.5075563812255859,.8721299743652344,125.215,749.26398,.1784328842163086,.147047963142395,Matched (3),ISR,0,,.8110700225830079,6.619091360745206,6.620621070748261,.9984714594069298,1.014346110004928,2003,.0251100158691405,-.0039793777465821,1,0,0,0,1,1,,,,-.0170106753483032,,0,0,,.0230096257689043
Israel,ISR,2003,.0385150599479675,.5079414367675781,.897239990234375,131.278,760.013,.0987938690185547,.1263794469833374,Matched (3),ISR,0,.0489872217178345,.8721299743652344,6.633335539039706,6.619091360745206,1.014346110004928,1.046503175018609,2004,-.0139199829101562,.0003850555419922,0,1,1,0,1,1,.0496006247959012,.0496006247959012,.0432581916317489,-.019273858734913,.0239843328968359,1,1,.0211311158327164,.0228922405140444
Israel,ISR,2004,.0204502606391907,.5096517944335938,.8833200073242188,139.92599,795.35602,.1159449577331543,.0644194626808166,Matched (3),ISR,0,.0385150599479675,.897239990234375,6.678789835879402,6.633335539039706,1.046503175018609,1.043526366473838,2005,-.0310199737548829,.0017103576660157,0,1,1,0,1,1,.0508201465131551,.0508201465131551,.0455978677611728,-.0260584196597967,.0195394481013761,1,1,.0223559186405707,.0228439259817025
Israel,ISR,2005,.0091423499584198,.4993715667724609,.8523000335693359,147.34599,829.97498,.119520206451416,.0302077150344849,Matched (3),ISR,0,.0204502606391907,.8833200073242188,6.721395550439666,6.678789835879402,1.043526366473838,1.055911359573359,2006,-.0757600402832032,-.0102802276611328,0,1,1,0,1,1,.0498529149794033,.0498529149794033,.0440360772247401,-.0298045743573188,.0142315028674213,1,1,.0225575192937548,.02301272377022
Israel,ISR,2006,.0148168194293976,.5217909622192383,.7765399932861328,158.70599,876.38,.1004448413848877,.0230612349510193,Matched (3),ISR,0,.0091423499584198,.8523000335693359,6.775799792402638,6.721395550439666,1.055911359573359,1.063129021541779,2007,-.068689956665039,.0224193954467773,0,1,1,0,1,1,.047990929235861,.047990929235861,.0409026705987479,-.030587107310975,.010315563287773,1,1,.0220759912447177,.0230652838002401
Israel,ISR,2007,.0086569797992706,.5360212326049805,.7078500366210938,184.45,931.70502,.1017324161529541,.1643882179260254,Matched (3),ISR,0,.0148168194293976,.7765399932861328,6.83701625931882,6.775799792402638,1.063129021541779,1.032159333851074,2008,-.0054600524902344,.0142302703857422,0,1,1,0,1,1,.0441177552940724,.0441177552940724,.0342592013998583,-.0151119335013373,.019147267898521,1,1,.0190492263535807,.0231464549032437
Israel,ISR,2008,.0214939904212952,.5404439926147461,.7023899841308594,220.951,961.66803,.123150749206543,.13948073387146,Matched (3),ISR,0,.0086569797992706,.7078500366210938,6.868669307727321,6.83701625931882,1.032159333851074,1.012201661478263,2009,.0232700347900391,.0044227600097656,0,1,1,0,1,1,.0399560406823282,.0399560406823282,.0282828848602199,-.0178392799485005,.0104436049117194,1,1,.0181741472540361,.0229608390338469
Israel,ISR,2009,.0178757905960083,.5231700515747071,.7256600189208985,213.11099,973.40198,.1251758480072022,.1297515964508057,Matched (3),ISR,0,.0214939904212952,.7023899841308594,6.880797128976356,6.868669307727321,1.012201661478263,1.055447824954487,2010,-.0353800201416016,-.017273941040039,0,1,1,0,1,1,.0395923211335362,.0395923211335362,.0278092498126884,-.0189046114898177,.0089046383228707,1,1,.0181854794880759,.0229079666455231
Israel,ISR,2010,.0147813403606415,.5333978652954101,.6902799987792969,239.373,1027.375,.0961329936981201,.6859919357299805,Matched (3),ISR,0,.0178757905960083,.7256600189208985,6.934762284468664,6.880797128976356,1.055447824954487,1.055132709841526,2011,-.0184200286865235,.010227813720703,0,1,1,0,1,1,.0433287301778849,.0433287301778849,.0314419271607025,.0420031907506036,.0734451179113061,1,1,.0202678806189334,.0386177107646982
Israel,ISR,2011,.021155469417572,.5328213119506836,.6718599700927734,267.73901,1084.017,.0961099052429199,.0598709583282471,Matched (3),ISR,0,.0147813403606415,.6902799987792969,6.988428834804611,6.934762284468664,1.055132709841526,1.024103892371705,2012,-.0029199981689453,-.0005765533447265,0,1,1,0,1,1,.0385804765567981,.0385804765567981,.0266313313105313,-.026556476675861,.0000748546346702,1,1,.0187965767392091,.0228584035343935
Israel,ISR,2012,.0251143193244934,.5307975387573243,.6689399719238281,263.172,1110.146,.0865590000152588,.3508176994323731,Matched (3),ISR,0,.021155469417572,.6718599700927734,7.012246813669717,6.988428834804611,1.024103892371705,1.040899172626067,2013,-.0086799621582031,-.0020237731933593,0,1,1,0,1,1,.0387284980586823,.0387284980586823,.0260201275474443,.0053019221461832,.0313220496936276,1,1,.0167744033178972,.0265916750949287
Israel,ISR,2013,.0143629705905914,.5272047042846679,.660260009765625,298.04501,1155.55,.0841097927093506,.0878523111343384,Matched (3),ISR,0,.0251143193244934,.6689399719238281,7.05233174234469,7.012246813669717,1.040899172626067,1.03718139760704,2014,-.0025800323486329,-.0035928344726563,0,1,1,0,1,1,.037439251903175,.037439251903175,.025044612116959,-.0234925444458803,.0015520676710787,1,1,.0181333659873928,.0228083744997013
Israel,ISR,2014,.0034370398521423,.5386479949951172,.6576799774169921,314.37701,1198.515,.0572349405288696,.1531607389450073,Matched (3),ISR,0,.0143629705905914,.660260009765625,7.088838581662831,7.05233174234469,1.03718139760704,1.022360128882635,2015,-.029199981689453,.0114432907104492,0,1,1,0,1,1,.0372040954560104,.0372040954560104,.0245643764291067,-.0163413320565023,.0082230443726044,1,1,.0173483225432541,.023053899918424
Israel,ISR,2015,-.0013546100258827,.5423826599121093,.6284799957275391,302.83899,1225.314,.0478822898864746,.3814098358154297,Matched (3),ISR,0,.0034370398521423,.6576799774169921,7.110952387971782,7.088838581662831,1.022360128882635,1.045358173108534,2016,-.0111899948120118,.0037346649169921,0,1,1,0,1,1,.038021139593365,.038021139593365,.0250057422291326,.0086517327610442,.0336574749901767,1,1,.0166878278410403,.0274466306494193
Israel,ISR,2016,-.0000336800003424,.5296027374267578,.6172900009155273,321.08301,1280.892,.05143394947052,.2439980411529541,Matched (3),ISR,0,-.0013546100258827,.6284799957275391,7.15531196404956,7.110952387971782,1.045358173108534,1.043440873864619,2017,-.0190399932861328,-.0127799224853515,0,1,1,0,1,1,.0357133744624643,.0357133744624643,.0224451414295856,-.006394731552654,.0160504098769316,1,1,.0163725421669778,.0242027467971214
Israel,ISR,2017,-.003376629948616,.5263799667358399,.5982500076293945,357.36099,1336.535,.0516194868087769,.1656075477600098,Matched (3),ISR,0,-.0000336800003424,.6172900009155273,7.197835748613402,7.15531196404956,1.043440873864619,1.040533131425591,2018,.002509994506836,-.0032227706909179,0,1,1,0,1,1,.0347197106550466,.0347197106550466,.0214321302220406,-.0149784180132473,.0064537122087932,1,1,.0166735834235706,.0231573767654109
Israel,ISR,2018,-.0088638401031494,.524105453491211,.6007600021362305,375.47101,1390.709,.0608715200424194,.2983711242675781,Matched (3),ISR,0,-.003376629948616,.5982500076293945,7.237568956789433,7.197835748613402,1.040533131425591,1.035788920051177,2019,-.0077299880981445,-.0022745132446289,0,1,1,0,1,1,.0341593120932014,.0341593120932014,.0204358087203726,-.0004409292846646,.0199948794357079,1,1,.0159340777672093,.0252937335997291
Israel,ISR,2019,-.0067645001411438,.522508659362793,.593030014038086,399.20901,1440.481,.0534399271011353,,Master only (1),ISR,0,-.0088638401031494,.6007600021362305,7.27273233474352,7.237568956789433,1.035788920051177,.9819754720594691,2020,.1176899719238281,-.001596794128418,1,0,0,1,0,0,,,,,,0,0,,
Israel,ISR,2020,-.0012001500278711,.5348668670654297,.7107199859619141,410.909,1414.517,.0528367137908936,,Master only (1),ISR,0,-.0067645001411438,.593030014038086,7.254543386267723,7.27273233474352,.9819754720594691,1.093353456930236,2021,-.0338600158691407,.0123582077026367,1,0,0,1,0,0,,,,,,0,0,,
Israel,ISR,2021,-.003790600001812,.5342451477050781,.6768599700927734,489.73599,1546.567,.0713760137557983,,Master only (1),ISR,0,-.0012001500278711,.7107199859619141,7.343792925555156,7.254543386267723,1.093353456930236,1.06364090640837,2022,-.0736599731445312,-.0006217193603516,1,0,0,1,0,0,,,,,,0,0,,
Israel,ISR,2022,-.0037437599897385,.5319857788085938,.6031999969482422,525.159,1644.9919,.0863166332244873,,Master only (1),ISR,0,-.003790600001812,.6768599700927734,7.405490765533603,7.343792925555156,1.06364090640837,1.020626867146926,2023,.0100899887084961,-.0022593688964844,1,0,0,1,0,0,,,,,,0,0,,
Israel,ISR,2023,-.0009332499653101,.5238528442382813,.6132899856567383,513.39398,1678.923,.0737355470657349,,Master only (1),ISR,0,-.0037437599897385,.6031999969482422,7.425907779689759,7.405490765533603,1.020626867146926,,,,-.0081329345703125,1,0,0,2,0,0,,,,,,0,0,,
Italy,ITA,1995,.0563924789428711,.4733828735351562,1.190879974365234,1177.9871,1590.9709,.2323042869567871,.0716715757052104,Matched (3),ITA,0,,,7.372099767495776,,,1.015246714668055,1996,-.001919937133789,,3,0,0,2,0,0,,,,,,0,0,,
Italy,ITA,1996,.0297757196426392,.4738335800170899,1.188960037231445,1315.135,1615.228,.2311302757263184,.0823468653361003,Matched (3),ITA,0,.0563924789428711,1.190879974365234,7.387231419091609,7.372099767495776,1.015246714668055,1.019256726220508,1997,-.02406005859375,.0004507064819336,1,0,0,1,0,0,,,,,,0,0,,
Italy,ITA,1997,.0048601201176643,.473086929321289,1.164899978637695,1246.342,1646.332,.1861729621887207,.1380365991592407,Matched (3),ITA,0,.0297757196426392,1.188960037231445,7.406305080973235,7.387231419091609,1.019256726220508,1.018044300065724,1998,-.0260299682617187,-.0007466506958008,1,0,0,1,0,0,,,,,,0,0,,
Italy,ITA,1998,-.003753809928894,.4715354537963867,1.138870010375977,1274.382,1676.0389,.1659336280822754,.2650870974858602,Matched (3),ITA,0,.0048601201176643,1.164899978637695,7.424188514918711,7.406305080973235,1.018044300065724,1.016778888386263,1999,-.008280029296875,-.0015514755249023,1,0,0,1,0,0,,,,,,0,0,,
Italy,ITA,1999,-.008838700056076,.4761290740966797,1.130589981079102,1256.25,1704.161,.1346960353851318,.1362953607241313,Matched (3),ITA,0,-.003753809928894,1.138870010375977,7.44082819279755,7.424188514918711,1.016778888386263,1.038821425069197,2000,-.0431600189208985,.004593620300293,1,0,0,1,0,0,,,,,,0,0,,
Italy,ITA,2000,-.0042751801013947,.4928834915161133,1.087429962158203,1150.1689,1770.319,.132656774520874,.1793969464302063,Matched (3),ITA,0,-.008838700056076,1.130589981079102,7.478915018217267,7.44082819279755,1.038821425069197,1.020063640268305,2001,-.0022999572753906,.0167544174194336,0,1,1,0,1,1,.0650870631928881,.0650870631928881,.0735867815437417,-.0134684916236816,.0601182899200601,1,1,.0258198537346536,.023292637777337
Italy,ITA,2001,.0018997499346733,.4946991729736328,1.085130004882813,1172.05,1805.838,.1306227397918701,.1630903005599976,Matched (3),ITA,0,-.0042751801013947,1.087429962158203,7.498780035987028,7.478915018217267,1.020063640268305,1.002700118464791,2002,-.0256500244140625,.0018156814575195,0,1,1,0,1,1,.0624693412939369,.0624693412939369,.0679310334393136,-.0152540542514376,.052676979187876,1,1,.0250617725264557,.0231350157510833
Italy,ITA,2002,.0044731599092484,.495698471069336,1.05947998046875,1280.84,1810.714,.1187031364440918,.2065199438730876,Matched (3),ITA,0,.0018997499346733,1.085130004882813,7.501476515680561,7.498780035987028,1.002700118464791,1.000666065814179,2003,-.0083399963378907,.0009992980957031,0,1,1,0,1,1,.0625179840862301,.0625179840862301,.0678401403767544,-.0104985485113944,.0573415918653601,1,1,.024595317964673,.0236204814382955
Italy,ITA,2003,.0024435199797153,.4946247100830078,1.051139984130859,1582.5341,1811.92,.1079283046722412,.4430076090494792,Matched (3),ITA,0,.0044731599092484,1.05947998046875,7.502142359771355,7.501476515680561,1.000666065814179,1.014739562746674,2004,-.0037200164794922,-.0010737609863282,0,1,1,0,1,1,.0620078056860726,.0620078056860726,.0656960287571903,.0153966319092284,.0810926606664186,1,1,.0229858817746541,.0293565698400922
Italy,ITA,2004,-.0002136000059545,.4940696334838867,1.047419967651367,1811.9871,1838.627,.1023700428009033,.1370438392957052,Matched (3),ITA,0,.0024435199797153,1.051139984130859,7.516774350913741,7.502142359771355,1.014739562746674,1.007624734829935,2005,.0143500518798829,-.0005550765991211,0,1,1,0,1,1,.0602159086611288,.0602159086611288,.0632953492744842,-.0181061176487169,.0451892316257674,1,1,.0245754498521565,.0229465527957454
Italy,ITA,2005,-.0073232299089432,.5068902206420899,1.06177001953125,1866.0129,1852.646,.1000349235534668,.1877034449577332,Matched (3),ITA,0,-.0002136000059545,1.047419967651367,7.524370164371891,7.516774350913741,1.007624734829935,1.017994282881405,2006,.0008000183105468,.0128205871582032,0,1,1,0,1,1,.0602114073851793,.0602114073851793,.0630666303756278,-.0125589377242276,.0505076926514002,1,1,.0239791499074165,.0233844291768679
Italy,ITA,2006,-.0074821197986603,.5146903228759766,1.062570037841797,1958.667,1885.983,.0955771923065186,.2868126312891642,Matched (3),ITA,0,-.0073232299089432,1.06177001953125,7.542204466454397,7.524370164371891,1.017994282881405,1.01462416795162,2007,-.0279300689697266,.0078001022338867,0,1,1,0,1,1,.0614796563504079,.0614796563504079,.0652772559239471,-.0017065735661255,.0635706823578217,1,1,.0235092917020131,.0250388902977015
Italy,ITA,2007,-.0015189899504185,.516163215637207,1.03463996887207,2222.7881,1913.564,.0992843532562256,.3919117418924967,Matched (3),ITA,0,-.0074821197986603,1.062570037841797,7.556722732498189,7.542204466454397,1.01462416795162,.9897688275441129,2008,.0233900451660156,.0014728927612304,0,1,1,0,1,1,.0619732569827335,.0619732569827335,.0658509260173226,.0098016817548881,.0756526077722106,1,1,.023099540517245,.0277552316748847
Italy,ITA,2008,.0102053201198578,.5100082397460938,1.058030014038086,2417.2451,1893.986,.1031505298614502,.1750975306828817,Matched (3),ITA,0,-.0015189899504185,1.03463996887207,7.546438861846361,7.556722732498189,.9897688275441129,.9469473591400308,2009,.1033799743652344,-.0061549758911132,0,1,1,0,1,1,.0594032496400548,.0594032496400548,.0614609763584861,-.0139392736680524,.0475217026904337,1,1,.0238354962602564,.0232481592506193
Italy,ITA,2009,.0104274201393127,.5057828903198243,1.16140998840332,2207.085,1793.505,.0909644317626953,.2111483939488729,Matched (3),ITA,0,.0102053201198578,1.058030014038086,7.491927087535944,7.546438861846361,.9469473591400308,1.015291858855123,2010,.0261700439453125,-.0042253494262695,0,1,1,0,1,1,.0609374701104837,.0609374701104837,.0644736723564405,-.0099917375126435,.054481934843797,1,1,.0239877547336391,.0236844242664308
Italy,ITA,2010,.008417130112648,.5069440078735351,1.187580032348633,2146.687,1820.931,.0896421718597412,.1064071408907572,Matched (3),ITA,0,.0104274201393127,1.16140998840332,7.507103204366434,7.491927087535944,1.015291858855123,1.006955187638428,2011,.0037099456787111,.0011611175537108,0,1,1,0,1,1,.066596898088428,.066596898088428,.0773463026365782,-.0214608077637239,.0558854948728543,1,1,.0272942918495128,.0228267069768603
Italy,ITA,2011,.0260220289230347,.5023506927490234,1.191289978027344,2306.5691,1833.5959,.097006721496582,.3348219521840414,Matched (3),ITA,0,.008417130112648,1.187580032348633,7.514034316257084,7.507103204366434,1.006955187638428,.968747241328668,2012,.0677200317382811,-.0045933151245117,0,1,1,0,1,1,.069112249776234,.069112249776234,.0820763278249468,.0035504026297244,.0856267304546712,1,1,.0258718889845547,.0261723111178399
Italy,ITA,2012,.0369840908050537,.4922236633300781,1.259010009765625,2099.259,1776.291,.1042425537109375,.3291563765207926,Matched (3),ITA,0,.0260220289230347,1.191289978027344,7.482282770277719,7.514034316257084,.968747241328668,.981819382579352,2013,.059530029296875,-.0101270294189453,0,1,1,0,1,1,.0693072486524062,.0693072486524062,.0825650307242606,.0029300273392115,.0854950580634722,1,1,.025980971943679,.0260285759620758
Italy,ITA,2013,.019484189748764,.4924020767211914,1.3185400390625,2153.2571,1743.9969,.0962187194824219,.1697186120351155,Matched (3),ITA,0,.0369840908050537,1.259010009765625,7.463934854606263,7.482282770277719,.981819382579352,.9999857211081848,2014,.029429931640625,.0001784133911133,0,1,1,0,1,1,.0726287672323447,.0726287672323447,.0914403449424596,-.0145282602807278,.0769120846617318,1,1,.0287496703698054,.0231954492569868
Italy,ITA,2014,.0033388099074364,.5077885055541992,1.347969970703125,2173.8159,1743.972,.0914044761657715,.2287353547414144,Matched (3),ITA,0,.019484189748764,1.3185400390625,7.463920575612503,7.463934854606263,.9999857211081848,1.008856749102079,2015,-.0000700378417968,.0153864288330078,0,1,1,0,1,1,.0763944802470867,.0763944802470867,.1007291809691531,-.0080659815860771,.0926631993830759,1,1,.0295238306056472,.0239480588685908
Italy,ITA,2015,-.004261009991169,.5118346405029297,1.347899932861328,1845.615,1759.418,.0824108028411865,.4307736746470133,Matched (3),ITA,0,.0033388099074364,1.347969970703125,7.472738333765172,7.463920575612503,1.008856749102079,1.012362597716308,2016,-.005489959716797,.0040461349487305,0,1,1,0,1,1,.0789902958106481,.0789902958106481,.1064765467297104,.0140570274170887,.1205335741467991,1,1,.0289498963575378,.0289588699371934
Italy,ITA,2016,-.0037863400578499,.5060182189941407,1.342409973144531,1886.59,1781.1689,.0803649997711182,.2136501773198446,Matched (3),ITA,0,-.004261009991169,1.347899932861328,7.48502513859564,7.472738333765172,1.012362597716308,1.016037256629551,2017,-.0049899291992186,-.005816421508789,0,1,1,0,1,1,.0780640242287262,.0780640242287262,.1052224930167851,-.0097177945494183,.0955046984673668,1,1,.0303322378148774,.0237199391428294
Italy,ITA,2017,-.0023610700666904,.5018450927734375,1.337420043945313,1970.025,1809.734,.0779055213928223,.3078347969055176,Matched (3),ITA,0,-.0037863400578499,1.342409973144531,7.50093515699058,7.48502513859564,1.016037256629551,1.008265846971075,2018,.0045799255371093,-.0041731262207032,0,1,1,0,1,1,.0781398664915508,.0781398664915508,.10489573607844,.0005953341086856,.1054910701871255,1,1,.0294416876998963,.0255111152342814
Italy,ITA,2018,-.0028411599993706,.5156321334838867,1.341999969482422,2100.387,1824.693,.0754839706420898,.3764286390940348,Matched (3),ITA,0,-.0023610700666904,1.337420043945313,7.509167028941728,7.50093515699058,1.008265846971075,1.00429110874214,2019,-.0030000305175781,.0137870407104492,0,1,1,0,1,1,.0781365485084586,.0781365485084586,.1045013861399178,.008106296331136,.1126076824710537,1,1,.0289328655033119,.0273028840572502
Italy,ITA,2019,-.0016554200649261,.5182364273071289,1.338999938964844,2019.829,1832.5229,.0678673315048218,,Master only (1),ITA,0,-.0028411599993706,1.341999969482422,7.513448957130547,7.509167028941728,1.00429110874214,.9113184441169441,2020,.2048001098632812,.0026042938232422,1,0,0,1,0,0,,,,,,0,0,,
Italy,ITA,2020,.0025605800747871,.5191949081420898,1.543800048828125,1905.9561,1670.012,.0691488218307495,,Master only (1),ITA,0,-.0016554200649261,1.338999938964844,7.420586068792703,7.513448957130547,.9113184441169441,1.089310752095391,2021,-.0856100463867187,.0009584808349609,1,0,0,1,0,0,,,,,,0,0,,
Italy,ITA,2021,-.0065624898672104,.5271593856811524,1.458190002441406,2180.657,1819.162,.0696293783187866,,Master only (1),ITA,0,.0025605800747871,1.543800048828125,7.506131227496898,7.420586068792703,1.089310752095391,1.048210661580297,2022,-.0746299743652343,.0079644775390626,1,0,0,1,0,0,,,,,,0,0,,
Italy,ITA,2022,.0023973399400711,.5302057647705078,1.383560028076172,2105.7229,1906.865,.0840219497680664,,Master only (1),ITA,0,-.0065624898672104,1.458190002441406,7.553215806153649,7.506131227496898,1.048210661580297,1.00922825999143,2023,-.0441799926757813,.0030463790893555,1,0,0,1,0,0,,,,,,0,0,,
Italy,ITA,2023,.0032586300373077,.5373608016967774,1.339380035400391,2317.55,1924.462,.0729787302017212,,Master only (1),ITA,0,.0023973399400711,1.383560028076172,7.562401745915985,7.553215806153649,1.00922825999143,,,,.0071550369262695,1,0,0,2,0,0,,,,,,0,0,,
Japan,JPN,1995,,.5756723785400391,.8068699645996094,5639.6509,475140.91,.040211009979248,.0441407322883606,Matched (3),JPN,0,,,13.07136668376327,,,1.030754626801826,1996,.0457300567626954,,4,0,0,2,0,0,,,,,,0,0,,
Japan,JPN,1996,,.5784343338012695,.8526000213623047,5021.4438,489753.69,.0413773679733276,.0166537642478943,Matched (3),JPN,0,,.8068699645996094,13.10165786513015,13.07136668376327,1.030754626801826,1.013629555367054,1997,.0605699920654297,.0027619552612305,3,0,0,1,0,0,,,,,,0,0,,
Japan,JPN,1997,,.5789483261108398,.9131700134277344,4579.7832,496428.81,.040422158241272,.0468855615456899,Matched (3),JPN,0,,.8526000213623047,13.11519537353711,13.10165786513015,1.013629555367054,.9822737676008683,1998,.1028499603271483,.0005139923095703,3,0,0,1,0,0,,,,,,0,0,,
Japan,JPN,1998,,.5787238311767579,1.016019973754883,4150.3599,487629,.0459729385375977,.1351046892007192,Matched (3),JPN,0,,.9131700134277344,13.09731014980018,13.11519537353711,.9822737676008683,.99652399672702,1999,.1194700622558595,-.0002244949340819,3,0,0,1,0,0,,,,,,0,0,,
Japan,JPN,1999,,.5846377182006836,1.135490036010742,4688.9819,485934,.046087965965271,.0903546981016795,Matched (3),JPN,0,,1.016019973754883,13.0938280911915,13.09731014980018,.99652399672702,1.029783044096523,2000,.0494899749755859,.0059138870239257,3,0,0,1,0,0,,,,,,0,0,,
Japan,JPN,2000,,.5906225967407227,1.184980010986328,5042.3818,500406.59,.0463700389862061,.0464077031612396,Matched (3),JPN,0,,1.135490036010742,13.12317623444651,13.0938280911915,1.029783044096523,1.002845873271429,2001,.0834500122070312,.0059848785400392,2,0,0,0,1,1,,,,-.0280306906537381,,0,0,,.0229156168408062
Japan,JPN,2001,,.5876575469970703,1.268430023193359,4438.791,501830.69,.0447197151184082,.0848482046524684,Matched (3),JPN,0,,1.184980010986328,13.12601806588714,13.12317623444651,1.002845873271429,1.000850137328439,2002,.0778399658203124,-.0029650497436524,2,0,0,0,1,1,,,,-.0238214913247493,,0,0,,.0228092718212716
Japan,JPN,2002,,.5848158264160156,1.346269989013672,4245.9458,502257.31,.0461861181259155,.0979484097162883,Matched (3),JPN,0,,1.268430023193359,13.12686784205352,13.12601806588714,1.000850137328439,1.013801068351792,2003,.0561500549316407,-.0028417205810547,2,0,0,0,1,1,,,,-.0223870309970965,,0,0,,.0228132545120227
Japan,JPN,2003,,.599219627380371,1.402420043945313,4573.415,509189,.0452679443359375,.0224244191745917,Matched (3),JPN,0,,1.346269989013672,13.1405745429183,13.12686784205352,1.013801068351792,1.021129494647371,2004,.0859700012207032,.0144038009643555,2,0,0,0,1,1,,,,-.0306568380489946,,0,0,,.0230702541205709
Japan,JPN,2004,,.6069109725952149,1.488390045166016,4941.5049,519947.91,.0386655759811401,.0792909562587738,Matched (3),JPN,0,,1.402420043945313,13.16148390525077,13.1405745429183,1.021129494647371,1.018483041540279,2005,.0459599304199219,.0076913452148438,2,0,0,0,1,1,,,,-.0244300048795244,,0,0,,.0228137716636904
Japan,JPN,2005,,.6315904998779297,1.534349975585938,4875.6489,529558.13,.0283781433105469,.0527983256181081,Matched (3),JPN,0,,1.488390045166016,13.17979821137005,13.16148390525077,1.018483041540279,1.015463009844292,2006,-.0133299255371093,.0246795272827148,2,0,0,0,1,1,,,,-.0273309234104983,,0,0,,.0228857879808135
Japan,JPN,2006,-.0301853203773499,.7079298400878906,1.521020050048828,4648.0581,537746.69,.0211213135719299,.0391617451111476,Matched (3),JPN,0,,1.534349975585938,13.19514288718539,13.17979821137005,1.015463009844292,1.017283463043182,2007,-.0165400695800781,.0763393402099609,1,0,0,0,1,1,,,,-.0288241163526533,,0,0,,.0229552533531359
Japan,JPN,2007,-.0294903111457825,.7060286712646484,1.50447998046875,4624.668,547040.81,.0232426118850708,.1041492056846619,Matched (3),JPN,0,-.0301853203773499,1.521020050048828,13.21227869013818,13.19514288718539,1.017283463043182,.9883339371502561,2008,.031699981689453,-.0019011688232422,0,1,1,0,1,1,.0878211787602652,.0878211787602652,.1335777737132856,-.0217080495786249,.1118697241346607,1,1,.0355641904867506,.0228222814461544
Japan,JPN,2008,-.0215717196464539,.7088939666748046,1.536179962158203,5160.1982,540659,.028029510974884,.0910740260283152,Matched (3),JPN,0,-.0294903111457825,1.50447998046875,13.20054404486419,13.21227869013818,.9883339371502561,.9406406117349383,2009,.1924000549316407,.0028652954101562,0,1,1,0,1,1,.0867890073793172,.0867890073793172,.1305723241269374,-.0231397696473254,.107432554479612,1,1,.0353329972404929,.0228086096564619
Japan,JPN,2009,-.018932169675827,.7140155029296875,1.728580017089844,5336.7661,508565.81,.0347926020622253,.0366684464613597,Matched (3),JPN,0,-.0215717196464539,1.536179962158203,13.13934991087485,13.20054404486419,.9406406117349383,1.0413644841689,2010,.0572099304199218,.0051215362548829,0,1,1,0,1,1,.0884297303434269,.0884297303434269,.1358439798126257,-.0290971302467631,.1067468495658626,1,1,.036788169735729,.0229703158330616
Japan,JPN,2010,-.0201236701011658,.7392306518554688,1.785789947509766,5811.5771,529602.38,.0372613930702209,.1306451487541199,Matched (3),JPN,0,-.018932169675827,1.728580017089844,13.1798817681115,13.13934991087485,1.0413644841689,.9979964921796282,2011,.1198500061035157,.0252151489257813,0,1,1,0,1,1,.1001894874760011,.1001894874760011,.1731855459734888,-.0188067683397645,.1543787776337242,1,1,.0402346692068841,.0229123584786926
Japan,JPN,2011,-.0164235305786133,.7426338195800781,1.905639953613281,6279.4229,528541.31,.0402502059936523,.1036952416102091,Matched (3),JPN,0,-.0201236701011658,1.785789947509766,13.17787625058457,13.1798817681115,.9979964921796282,1.016489368558111,2012,.0658000183105467,.0034031677246094,0,1,1,0,1,1,.1034531004355183,.1034531004355183,.1847455067964667,-.0217577582245438,.1629877485719229,1,1,.0419454810269588,.0228214650351633
Japan,JPN,2012,-.0093419802188873,.747374038696289,1.971439971923828,6333.8032,537256.63,.0399548673629761,.0674602317810059,Matched (3),JPN,0,-.0164235305786133,1.905639953613281,13.19423114574562,13.17787625058457,1.016489368558111,1.019972531748678,2013,.0402200317382813,.0047402191162109,0,1,1,0,1,1,.110375983210725,.110375983210725,.2103368835257062,-.0257254582581603,.184611425267546,1,1,.0453287548455465,.0228356184802587
Japan,JPN,2013,-.016307760477066,.7557361602783204,2.011660003662109,5272.2969,547987,.0360807991027832,.1392930972576141,Matched (3),JPN,0,-.0093419802188873,1.971439971923828,13.21400684302103,13.19423114574562,1.019972531748678,1.009059293377398,2014,.0247900390625002,.0083621215820313,0,1,1,0,1,1,.1145663506452088,.1145663506452088,.2258606830994059,-.0178598259840217,.2080008571153841,1,1,.046090897137421,.0229597143035775
Japan,JPN,2014,-.0199752700328827,.7076094055175781,2.036450042724609,4985.7642,552951.38,.0336781930923462,.0443315587441127,Matched (3),JPN,0,-.016307760477066,2.011660003662109,13.22302534716286,13.21400684302103,1.009059293377398,1.018000000452119,2015,-.0350000000000001,-.0481267547607422,0,1,1,0,1,1,.1165379129054813,.1165379129054813,.2344346583022151,-.0282580265455304,.2061766317566847,1,1,.0482390931155004,.0229263431811632
Japan,JPN,2015,-.0176766896247864,.7005277252197266,2.001450042724609,4534.438,562904.5,.0310232830047607,.0620159983634949,Matched (3),JPN,0,-.0199752700328827,2.036450042724609,13.24086526573532,13.22302534716286,1.018000000452119,1.007049486191707,2016,.02,-.0070816802978515,0,1,1,0,1,1,.1180767954535148,.1180767954535148,.2404574951460953,-.026321596777661,.2141358983684343,1,1,.0486280669978817,.0228512699566583
Japan,JPN,2016,-.0187654995918274,.6848694610595704,2.021450042724609,5110.3569,566872.69,.0317267370223999,.0643913245201111,Matched (3),JPN,0,-.0176766896247864,2.001450042724609,13.24789002046064,13.24086526573532,1.007049486191707,1.016234685852633,2017,.009659881591797,-.0156582641601563,0,1,1,0,1,1,.11602024103991,.11602024103991,.2322087163862474,-.0260615007623465,.2061472156239009,1,1,.0477313120739432,.0228440079896172
Japan,JPN,2017,-.0227566504478455,.690897216796875,2.031109924316406,5038.2319,576075.69,.0277938437461853,.0365221692125003,Matched (3),JPN,0,-.0187654995918274,2.021450042724609,13.26399433295528,13.24789002046064,1.016234685852633,1.008341460339793,2018,.0061000061035155,.0060277557373046,0,1,1,0,1,1,.1170828177304387,.1170828177304387,.236677066903513,-.0291131474701046,.2075639194334084,1,1,.0485822732824582,.0229712221025891
Japan,JPN,2018,-.0283693099021912,.6859477233886718,2.037209930419922,5154.293,580881,.0232460975646973,.1423021058241526,Matched (3),JPN,0,-.0227566504478455,2.031109924316406,13.27230119557861,13.26399433295528,1.008341460339793,.9969150307894388,2019,.0260501098632813,-.0049494934082032,0,1,1,0,1,1,.1181024576000722,.1181024576000722,.2398790737176643,-.0175303423314194,.2223487313862448,1,1,.0475350149514118,.0229782473501832
Japan,JPN,2019,-.022358729839325,.6847286224365234,2.063260040283203,5245.7549,579089,.0198633825778961,,Master only (1),JPN,0,-.0283693099021912,2.037209930419922,13.26921145804124,13.27230119557861,.9969150307894388,.9571672057317614,2020,.2244499206542967,-.0012191009521484,1,0,0,1,0,0,,,,,,0,0,,
Japan,JPN,2020,-.0088946497440338,.6826679992675782,2.2877099609375,5189.1968,554285,.0179574811458588,,Master only (1),JPN,0,-.022358729839325,2.063260040283203,13.22543427388352,13.26921145804124,.9571672057317614,1.035641975698422,2021,-.0608699035644529,-.0020606231689453,1,0,0,1,0,0,,,,,,0,0,,
Japan,JPN,2021,-.0137760496139526,.6847428131103516,2.226840057373047,5225.9341,574040.81,.0167304289340973,,Master only (1),JPN,0,-.0088946497440338,2.2877099609375,13.26045577469046,13.22543427388352,1.035641975698422,1.013316670755008,2022,.0514698791503907,.0020748138427734,1,0,0,1,0,0,,,,,,0,0,,
Japan,JPN,2022,-.0272486400604248,.6878783416748047,2.278309936523438,4447.9761,581685.13,.011116977930069,,Master only (1),JPN,0,-.0137760496139526,2.226840057373047,13.27368455797141,13.26045577469046,1.013316670755008,1.007207830009406,2023,-.0752899169921877,.0031355285644531,1,0,0,1,0,0,,,,,,0,0,,
Japan,JPN,2023,-.0340573191642761,.6850581359863281,2.20302001953125,4384.854,585877.81,.0063593453168869,,Master only (1),JPN,0,-.0272486400604248,2.278309936523438,13.28086653572554,13.27368455797141,1.007207830009406,,,,-.0028202056884765,1,0,0,2,0,0,,,,,,0,0,,
Kazakhstan,KAZ,1995,,.3573158645629883,,16.639,4099.395,,.1860173924763997,Matched (3),KAZ,0,,,8.31859468559302,,,1.00500002322656,1996,,,4,0,0,2,0,0,,,,,,0,0,,
Kazakhstan,KAZ,1996,,.3555428314208984,,21.035,4119.8921,,.0735119181829141,Matched (3),KAZ,0,,,8.323582250215063,8.31859468559302,1.00500002322656,1.016999980681571,1997,,-.0017730331420899,4,0,0,1,0,0,,,,,,0,0,,
Kazakhstan,KAZ,1997,,.3640460586547852,,22.166,4189.9302,,.1666442568082336,Matched (3),KAZ,0,,,8.340439348285981,8.323582250215063,1.016999980681571,.9809998325365515,1998,,.0085032272338867,4,0,0,1,0,0,,,,,,0,0,,
Kazakhstan,KAZ,1998,,.3709264373779297,,22.135,4110.3208,,.1547928584213798,Matched (3),KAZ,0,,,8.321256358162312,8.340439348285981,.9809998325365515,1.02700008327456,1999,,.0068803787231445,4,0,0,1,0,0,,,,,,0,0,,
Kazakhstan,KAZ,1999,,.3705423736572266,,16.871,4221.2998,,.1470972065215415,Matched (3),KAZ,0,,,8.347898370193988,8.321256358162312,1.02700008327456,1.098003035665249,2000,,-.0003840637207031,4,0,0,1,0,0,,,,,,0,0,,
Kazakhstan,KAZ,2000,,.372837028503418,,18.292,4635,,.0637655560091032,Matched (3),KAZ,0,,,8.441391477999955,8.347898370193988,1.098003035665249,1.134994648395361,2001,,.0022946548461914,3,0,0,0,1,1,,,,-.0261300218350291,,0,0,,.0228458560888479
Kazakhstan,KAZ,2001,,.3821952056884765,,22.153,5260.7002,,.1514272691172066,Matched (3),KAZ,0,,,8.56801941385204,8.441391477999955,1.134994648395361,1.097990758047632,2002,,.0093581771850585,3,0,0,0,1,1,,,,-.0165311453979767,,0,0,,.0230409045874729
Kazakhstan,KAZ,2002,,.3884569931030273,.1759199905395508,24.636999,5776.2002,.0126497709751129,.2459136583449993,Matched (3),KAZ,0,,,8.661501339825296,8.56801941385204,1.097990758047632,1.093002265999575,2003,-.026299991607666,.0062617874145508,3,0,0,0,1,1,,,,-.0061849732434083,,0,0,,.0242363725273219
Kazakhstan,KAZ,2003,,.4025790405273437,.1496199989318848,30.834,6313.3999,-.0122677612304688,.1159663840895849,Matched (3),KAZ,0,,.1759199905395508,8.750429622210206,8.661501339825296,1.093002265999575,1.095986316307166,2004,-.0356999969482422,.0141220474243164,2,0,0,0,1,1,,,,-.0204140794824259,,0,0,,.022852165735304
Kazakhstan,KAZ,2004,,.4027102661132813,.1139200019836426,43.152,6919.3999,-.022281060218811,.1364882494202742,Matched (3),KAZ,0,,.1496199989318848,8.842084325536891,8.750429622210206,1.095986316307166,1.097001813077772,2005,-.0328800010681152,.0001312255859375,2,0,0,0,1,1,,,,-.018166954225768,,0,0,,.0229433930944194
Kazakhstan,KAZ,2005,,.4156493759155274,.0810400009155273,57.125,7590.5942,-.0170559751987457,.1187615211297434,Matched (3),KAZ,0,,.1139200019836426,8.934665159588665,8.842084325536891,1.097001813077772,1.107015473315589,2006,-.0142700004577637,.0129391098022461,2,0,0,0,1,1,,,,-.0201080145639817,,0,0,,.0228616614945413
Kazakhstan,KAZ,2006,,.3890807342529297,.0667700004577637,81.002998,8402.9053,-.0166836655139923,.1805817031860352,Matched (3),KAZ,0,,.0810400009155273,9.036332790919005,8.934665159588665,1.107015473315589,1.088999863444737,2007,-.0258500003814697,-.0265686416625977,2,0,0,0,1,1,,,,-.0133387618556454,,0,0,,.0233052591046727
Kazakhstan,KAZ,2007,,.4037719345092773,.0409200000762939,104.85,9150.7627,-.0329761791229248,.2269374547106154,Matched (3),KAZ,0,,.0667700004577637,9.12159250947472,9.036332790919005,1.088999863444737,1.033000152288365,2008,.0267399978637695,.0146912002563477,2,0,0,0,1,1,,,,-.0082628499751369,,0,0,,.0239196250712855
Kazakhstan,KAZ,2008,,.4050313186645508,.0676599979400635,133.442,9452.7393,.0110620248317719,.3061112451215162,Matched (3),KAZ,0,,.0409200000762939,9.154059847035604,9.12159250947472,1.033000152288365,1.0119999731394,2009,.0346100044250488,.0012593841552734,2,0,0,0,1,1,,,,.0004066067838261,,0,0,,.025470950032254
Kazakhstan,KAZ,2009,,.4229457092285156,.1022700023651123,115.309,9566.1719,-.004019510447979,.0903292088982061,Matched (3),KAZ,0,,.0676599979400635,9.165988391358782,9.154059847035604,1.0119999731394,1.072999950999208,2010,.0045599937438965,.0179143905639648,2,0,0,0,1,1,,,,-.0232213264335965,,0,0,,.0228084451512911
Kazakhstan,KAZ,2010,,.4250195693969727,.1068299961090088,148.047,10264.502,.0144509875774384,.2507944282910503,Matched (3),KAZ,0,,.1022700023651123,9.236446809340249,9.165988391358782,1.072999950999208,1.075000023784946,2011,-.0052199935913086,.0020738601684571,2,0,0,0,1,1,,,,-.0056505334524354,,0,0,,.0243236939758664
Kazakhstan,KAZ,2011,,.4215563201904297,.1016100025177002,192.62601,11034.34,-.0038084673881531,.1108875574964158,Matched (3),KAZ,0,,.1068299961090088,9.308767493045405,9.236446809340249,1.075000023784946,1.049999982299575,2012,.0196399974822998,-.003463249206543,2,0,0,0,1,1,,,,-.0209702062929176,,0,0,,.0228372862479383
Kazakhstan,KAZ,2012,,.4312305068969727,.12125,207.99899,11586.057,-.0245985651016235,.2130541309397271,Matched (3),KAZ,0,,.1016100025177002,9.357557640357291,9.308767493045405,1.049999982299575,1.058999983311028,2013,.0047799968719482,.009674186706543,2,0,0,0,1,1,,,,-.0097830610762822,,0,0,,.0237114173668821
Kazakhstan,KAZ,2013,,.4466127014160156,.1260299968719482,236.63499,12269.634,-.0213298869132996,.1555202662014792,Matched (3),KAZ,0,,.12125,9.414882691217379,9.357557640357291,1.058999983311028,1.042999959010212,2014,.0189300060272217,.0153821945190429,2,0,0,0,1,1,,,,-.0160829660061287,,0,0,,.0230721468539644
Kazakhstan,KAZ,2014,,.470833740234375,.1449600028991699,221.416,12797.228,-.0197119033336639,.1225537436397363,Matched (3),KAZ,0,,.1260299968719482,9.456983827936121,9.414882691217379,1.042999959010212,1.010000106071559,2015,.0738599967956543,.0242210388183594,2,0,0,0,1,1,,,,-.0196927697095908,,0,0,,.0228760253379001
Kazakhstan,KAZ,2015,,.4637092208862305,.2188199996948242,184.388,12925.201,.0223947978019714,.1643482675958187,Matched (3),KAZ,0,,.1449600028991699,9.466934263810629,9.456983827936121,1.010000106071559,1.008999950587084,2016,-.0220499992370606,-.0071245193481446,2,0,0,0,1,1,,,,-.015116308025513,,0,0,,.023146099930016
Kazakhstan,KAZ,2016,,.4845711135864258,.1967700004577637,137.278,13041.527,.0131702733039856,.2151802140432047,Matched (3),KAZ,0,,.2188199996948242,9.475893956209934,9.466934263810629,1.008999950587084,1.039000042232879,2017,.0019199943542481,.0208618927001953,2,0,0,0,1,1,,,,-.0095502569445626,,0,0,,.023741986907568
Kazakhstan,KAZ,2017,,.504296646118164,.1986899948120117,166.806,13550.147,-.0485823822021484,.0891915993656673,Matched (3),KAZ,0,,.1967700004577637,9.514152708974645,9.475893956209934,1.039000042232879,1.040999971820533,2018,.0039000129699707,.0197255325317383,2,0,0,0,1,1,,,,-.0233458936243264,,0,0,,.0228083217402323
Kazakhstan,KAZ,2018,,.4995474243164063,.2025900077819824,179.34,14105.703,-.0370577812194824,.0656682527403459,Matched (3),KAZ,0,,.1986899948120117,9.554334471537864,9.514152708974645,1.040999971820533,1.04500001384635,2019,-.0031500053405762,-.0047492218017578,2,0,0,0,1,1,,,,-.0259216783042809,,0,0,,.0228403811890201
Kazakhstan,KAZ,2019,.0671414422988892,.5059078979492188,.1994400024414063,181.66701,14740.46,-.0099090403318405,,Master only (1),KAZ,0,,.2025900077819824,9.598351370204734,9.554334471537864,1.04500001384635,.9740000003975029,2020,.0641300010681152,.0063604736328125,2,0,0,1,0,0,,,,,,0,0,,
Kazakhstan,KAZ,2020,.0930529689788818,.5074007415771484,.2635700035095215,171.082,14357.208,-.0367810845375061,,Master only (1),KAZ,0,.0671414422988892,.1994400024414063,9.572007395273245,9.598351370204734,.9740000003975029,1.040999930552632,2021,-.0125699996948242,.0014928436279297,1,0,0,1,0,0,,,,,,0,0,,
Kazakhstan,KAZ,2021,.0849274063110352,.5081684112548828,.2510000038146973,197.112,14945.853,.0353718423843384,,Master only (1),KAZ,0,.0930529689788818,.2635700035095215,9.612189118193905,9.572007395273245,1.040999930552632,1.03200001986337,2022,-.0157600021362305,.0007676696777343,1,0,0,1,0,0,,,,,,0,0,,
Kazakhstan,KAZ,2022,.0991001319885254,.5045264434814453,.2352400016784668,225.496,15424.12,.0327635979652405,,Master only (1),KAZ,0,.0849274063110352,.2510000038146973,9.643687804500727,9.612189118193905,1.03200001986337,1.051000047548802,2023,-.0054199981689453,-.0036419677734375,1,0,0,1,0,0,,,,,,0,0,,
Kazakhstan,KAZ,2023,.0877970027923584,.5073229217529297,.2298200035095215,261.84,16210.751,.0387625122070313,,Master only (1),KAZ,0,.0991001319885254,.2352400016784668,9.693429941637028,9.643687804500727,1.051000047548802,,,,.0027964782714844,1,0,0,2,0,0,,,,,,0,0,,
Kenya,KEN,1995,,.2909749031066894,,15.905,3474.342,.2178489875793457,,Matched (3),KEN,0,,,8.153160399356748,,,1.044793215891751,1996,,,4,0,0,2,0,0,,,,,,0,0,,
Kenya,KEN,1996,,.2909780693054199,,18.063999,3629.969,.2003666496276856,,Matched (3),KEN,0,,,8.196979385663361,8.153160399356748,1.044793215891751,1.004110475450778,1997,,3.16619873048e-06,4,0,0,1,0,0,,,,,,0,0,,
Kenya,KEN,1997,,.2896230316162109,,18.299999,3644.8899,.1653806686401367,,Matched (3),KEN,0,,,8.201081436188998,8.196979385663361,1.004110475450778,1.029826178010752,1998,,-.001355037689209,4,0,0,1,0,0,,,,,,0,0,,
Kenya,KEN,1998,,.2877709579467773,.3849800109863281,20.629999,3753.603,.1281096935272217,,Matched (3),KEN,0,,,8.23047146497624,8.201081436188998,1.029826178010752,1.021992736405997,1999,-.000890007019043,-.0018520736694336,4,0,0,1,0,0,,,,,,0,0,,
Kenya,KEN,1999,,.2860694313049316,.3840900039672852,18.594,3836.155,.1374870872497559,,Matched (3),KEN,0,,.3849800109863281,8.252225849497661,8.23047146497624,1.021992736405997,1.003469380650575,2000,.0471300125122071,-.0017015266418457,3,0,0,1,0,0,,,,,,0,0,,
Kenya,KEN,2000,,.2844439125061035,.4312200164794922,18.205999,3849.4641,.1435578536987305,,Matched (3),KEN,0,,.3840900039672852,8.255689225730919,8.252225849497661,1.003469380650575,1.039788855553593,2001,-.0184600067138672,-.0016255187988281,3,0,0,1,0,0,,,,,,0,0,,
Kenya,KEN,2001,,.2861143684387207,.412760009765625,18.697001,4002.6299,.1374549007415772,,Matched (3),KEN,0,,.4312200164794922,8.294706894765978,8.255689225730919,1.039788855553593,1.004814339595574,2002,.007339973449707,.0016704559326172,3,0,0,1,0,0,,,,,,0,0,,
Kenya,KEN,2002,,.2878318405151367,.420099983215332,19.030001,4021.8999,.1496935081481933,,Matched (3),KEN,0,,.412760009765625,8.299509682490264,8.294706894765978,1.004814339595574,1.029489546429819,2003,.0178200149536133,.001717472076416,3,0,0,1,0,0,,,,,,0,0,,
Kenya,KEN,2003,,.2857027435302734,.4379199981689453,21.391001,4140.5039,.1231846141815185,,Matched (3),KEN,0,,.420099983215332,8.328572775898017,8.299509682490264,1.029489546429819,1.046350412134694,2004,-.030369987487793,-.0021290969848633,3,0,0,1,0,0,,,,,,0,0,,
Kenya,KEN,2004,.0505675888061523,.2912653350830078,.4075500106811523,22.790001,4332.418,.0929153633117676,,Matched (3),KEN,0,,.4379199981689453,8.37388108748091,8.328572775898017,1.046350412134694,1.056646881838321,2005,-.0334300231933594,.0055625915527344,2,0,0,1,0,0,,,,,,0,0,,
Kenya,KEN,2005,,.2798891067504883,.374119987487793,26.306999,4577.8359,.1033881378173828,,Matched (3),KEN,0,.0505675888061523,.4075500106811523,8.428981662714383,8.37388108748091,1.056646881838321,1.058542945544343,2006,-.0034599685668945,-.0113762283325196,2,0,0,1,0,0,,,,,,0,0,,
Kenya,KEN,2006,.0793714189529419,.264889144897461,.3706600189208984,29.667999,4845.8359,.1036260223388672,,Matched (3),KEN,0,,.374119987487793,8.485875045561933,8.428981662714383,1.058542945544343,1.068507493547134,2007,-.0287100219726563,-.0149999618530273,2,0,0,1,0,0,,,,,,0,0,,
Kenya,KEN,2007,.0752635717391968,.2603400993347168,.3419499969482422,36.708,5177.812,.0953743743896484,,Matched (3),KEN,0,.0793714189529419,.3706600189208984,8.552137854460998,8.485875045561933,1.068507493547134,1.002322579282336,2008,.0005900192260742,-.0045490455627442,1,0,0,1,0,0,,,,,,0,0,,
Kenya,KEN,2008,.0798952388763428,.2616329956054688,.3425400161743164,41.057999,5189.8379,.093315258026123,,Matched (3),KEN,0,.0752635717391968,.3419499969482422,8.5544577407251,8.552137854460998,1.002322579282336,1.033069245524513,2009,.0170699691772461,.001292896270752,1,0,0,1,0,0,,,,,,0,0,,
Kenya,KEN,2009,.0837629222869873,.2653853225708008,.3596099853515625,42.347,5361.4619,.0903790092468262,,Matched (3),KEN,0,.0798952388763428,.3425400161743164,8.586991962037562,8.5544577407251,1.033069245524513,1.080584783221257,2010,.0073400115966797,.003752326965332,1,0,0,1,0,0,,,,,,0,0,,
Kenya,KEN,2010,.0510692691802979,.2576479721069336,.3669499969482422,45.405998,5793.5142,.0945159530639648,,Matched (3),KEN,0,.0837629222869873,.3596099853515625,8.664494322579509,8.586991962037562,1.080584783221257,1.05121104157675,2011,-.0100799942016602,-.0077373504638672,1,0,0,1,0,0,,,,,,0,0,,
Kenya,KEN,2011,.0997232627868652,.2487065315246582,.356870002746582,46.555,6090.2061,.103640775680542,,Matched (3),KEN,0,.0510692691802979,.3669499969482422,8.714437195055611,8.664494322579509,1.05121104157675,1.045686826521386,2012,.0192900085449219,-.0089414405822754,1,0,0,1,0,0,,,,,,0,0,,
Kenya,KEN,2012,.1057696056365967,.241506290435791,.3761600112915039,56.407001,6368.4482,.1046400928497314,,Matched (3),KEN,0,.0997232627868652,.356870002746582,8.759111114837724,8.714437195055611,1.045686826521386,1.037978446292306,2013,.0213999938964844,-.0072002410888672,1,0,0,1,0,0,,,,,,0,0,,
Kenya,KEN,2013,.101805362701416,.2491294479370117,.3975600051879883,61.702999,6610.312,.1123158168792725,,Matched (3),KEN,0,.1057696056365967,.3761600112915039,8.796386134714876,8.759111114837724,1.037978446292306,1.050201142435555,2014,.0152499771118164,.0076231575012207,1,0,0,1,0,0,,,,,,0,0,,
Kenya,KEN,2014,.0941322040557861,.2596232414245606,.4128099822998047,68.394997,6942.1572,.1316772270202637,,Matched (3),KEN,0,.101805362701416,.3975600051879883,8.845367844762562,8.796386134714876,1.050201142435555,1.049677166327954,2015,.045510025024414,.0104937934875488,1,0,0,1,0,0,,,,,,0,0,,
Kenya,KEN,2015,.1120828437805176,.2549768829345703,.4583200073242187,70.370003,7287.0239,.1438903427124023,,Matched (3),KEN,0,.0941322040557861,.4128099822998047,8.893850501016237,8.845367844762562,1.049677166327954,1.042135176471179,2016,.0456699752807618,-.0046463584899902,1,0,0,1,0,0,,,,,,0,0,,
Kenya,KEN,2016,.1249533462524414,.2738996696472168,.5039899826049805,74.816002,7594.064,.1569504261016846,,Matched (3),KEN,0,.1120828437805176,.4583200073242187,8.935122163832879,8.893850501016237,1.042135176471179,1.038155058275304,2017,.0346700286865234,.0189227867126465,1,0,0,1,0,0,,,,,,0,0,,
Kenya,KEN,2017,.111280632019043,.2875128555297852,.5386600112915039,81.964996,7883.8159,.1795303916931152,,Matched (3),KEN,0,.1249533462524414,.5039899826049805,8.972567319188348,8.935122163832879,1.038155058275304,1.056707907906916,2018,.0258300018310548,.0136131858825684,1,0,0,1,0,0,,,,,,0,0,,
Kenya,KEN,2018,.0993820571899414,.2931634140014648,.5644900131225586,92.210999,8330.8906,.1980277061462402,,Matched (3),KEN,0,.111280632019043,.5386600112915039,9.027725647212698,8.972567319188348,1.056707907906916,1.051141670589692,2019,.0263599777221679,.0056505584716797,1,0,0,1,0,0,,,,,,0,0,,
Kenya,KEN,2019,.0990537261962891,.2960740089416504,.5908499908447266,100.328,8756.9463,.2126470565795898,,Master only (1),KEN,0,.0993820571899414,.5644900131225586,9.077602526017346,9.027725647212698,1.051141670589692,.9972723662565645,2020,.0887400054931641,.0029105949401855,1,0,0,1,0,0,,,,,,0,0,,
Kenya,KEN,2020,.1120023536682129,.2954496955871582,.6795899963378906,100.922,8733.0605,.2354811668395996,,Master only (1),KEN,0,.0990537261962891,.5908499908447266,9.074871165502604,9.077602526017346,.9972723662565645,1.075904871193719,2021,.0027300262451172,-.0006243133544921,1,0,0,1,0,0,,,,,,0,0,,
Kenya,KEN,2021,.1106189155578613,.3005969429016113,.6823200225830078,109.875,9395.9424,.2432368087768555,,Master only (1),KEN,0,.1120023536682129,.6795899963378906,9.148033213662567,9.074871165502604,1.075904871193719,1.048599768537886,2022,-.0043199920654297,.0051472473144531,1,0,0,1,0,0,,,,,,0,0,,
Kenya,KEN,2022,.1050439643859863,.3051381492614746,.6780000305175782,114.733,9852.583,.2557296562194824,,Master only (1),KEN,0,.1106189155578613,.6823200225830078,9.195488934084416,9.148033213662567,1.048599768537886,1.057199962930089,2023,.0560499572753905,.0045412063598633,1,0,0,1,0,0,,,,,,0,0,,
Kenya,KEN,2023,.1160290813446045,.3055568504333496,.7340499877929687,108.206,10416.15,.2816951179504394,,Master only (1),KEN,0,.1050439643859863,.6780000305175782,9.251112802768176,9.195488934084416,1.057199962930089,,,,.000418701171875,1,0,0,2,0,0,,,,,,0,0,,
Korea,KOR,1995,,.5356593704223633,.0848499965667725,586.30103,750665.5,.0274392199516296,.0262070924043655,Matched (3),KOR,0,,,13.52871542539833,,,1.079904264948902,1996,-.0067399978637695,,3,0,0,1,0,0,,,,,,0,0,,
Korea,KOR,1996,,.5404385375976563,.0781099987030029,631.19397,810646.88,.0236230111122131,.0158589315414429,Matched (3),KOR,0,,.0848499965667725,13.60558781903956,13.52871542539833,1.079904264948902,1.062821974734683,1997,.0188300037384033,.0047791671752929,2,0,0,0,1,1,,,,-.0313757528671647,,0,0,,.0231242199106438
Korea,KOR,1997,,.5507943344116211,.0969400024414063,590.07001,861573.31,.0248934459686279,.0867196416854858,Matched (3),KOR,0,,.0781099987030029,13.66651542999455,13.60558781903956,1.062821974734683,.9506107032534158,1998,.041230001449585,.0103557968139648,2,0,0,0,1,1,,,,-.0236165707020197,,0,0,,.0228085862797415
Korea,KOR,1998,,.5490679550170898,.1381700038909912,396.80301,819020.81,.0356204390525818,.1721213674545288,Matched (3),KOR,0,,.0969400024414063,13.61586477460024,13.66651542999455,.9506107032534158,1.116172643048677,1999,.019419994354248,-.0017263793945312,2,0,0,0,1,1,,,,-.0142651607865283,,0,0,,.02321859014058
Korea,KOR,1999,,.5621649551391602,.1575899982452393,515.427,914168.63,.0555202150344849,.0917839860916138,Matched (3),KOR,0,,.1381700038909912,13.72577032466713,13.61586477460024,1.116172643048677,1.092018581364024,2000,.0032800006866455,.0130970001220704,2,0,0,0,1,1,,,,-.0230620296776029,,0,0,,.0228088281231568
Korea,KOR,2000,.0152163803577423,.5761408233642578,.1608699989318848,597.802,998289.13,-.0690053176879883,.0552871978282928,Matched (3),KOR,0,,.1575899982452393,13.8137982177462,13.72577032466713,1.092018581364024,1.04725941745584,2001,.0053800010681152,.0139758682250976,1,0,0,0,1,1,,,,-.0270583942074275,,0,0,,.0228754759836875
Korea,KOR,2001,.0171387195587158,.5884614562988282,.16625,567.65503,1045467.7,-.0509787702560425,.0991017770767212,Matched (3),KOR,0,.0152163803577423,.1608699989318848,13.85997489110827,13.8137982177462,1.04725941745584,1.077440042832505,2002,-.0018099975585938,.0123206329345704,0,1,1,0,1,1,.007487056741886,.007487056741886,.0012044428100702,-.0222607383387991,-.021056295528729,1,1,.0152015985626806,.0228145863583446
Korea,KOR,2002,.0197164797782898,.5970889663696289,.1644400024414062,649.74701,1126428.8,-.0623594045639038,.1600758576393128,Matched (3),KOR,0,.0171387195587158,.16625,13.9345627878528,13.85997489110827,1.077440042832505,1.030747173312116,2003,.0265799903869629,.0086275100708008,0,1,1,0,1,1,.0080636897400108,.0080636897400108,.0013405884192768,-.0155841329607884,-.0142435445415116,1,1,.0150402850523777,.0231091922108804
Korea,KOR,2003,.0102595698833466,.600373649597168,.1910199928283692,728.49701,1161063.3,-.0526397275924683,.0347755944728851,Matched (3),KOR,0,.0197164797782898,.1644400024414062,13.96484673809361,13.9345627878528,1.030747173312116,1.051836430961018,2004,.0250100135803223,.0032846832275391,0,1,1,0,1,1,.0074246574690246,.0074246574690246,.001220910692333,-.0293043957872915,-.0280834850949585,1,1,.015552600934144,.0229822362348445
Korea,KOR,2004,.0040050700306892,.608535270690918,.2160300064086914,822.58301,1221248.6,-.0399203753471375,.0637933015823364,Matched (3),KOR,0,.0102595698833466,.1910199928283692,14.0153843564429,13.96484673809361,1.051836430961018,1.043582239447762,2005,.0331399917602539,.00816162109375,0,1,1,0,1,1,.0091173641913044,.0091173641913044,.0017415988424366,-.0261269837204441,-.0243853848780075,1,1,.0152529975121816,.0228457731612684
Korea,KOR,2005,.0064195799827576,.6194781112670898,.2491699981689453,971.53998,1274473.4,-.0264273381233215,.0542251324653625,Matched (3),KOR,0,.0040050700306892,.2160300064086914,14.05804361203479,14.0153843564429,1.043582239447762,1.052450095318782,2006,.021259994506836,.0109428405761719,0,1,1,0,1,1,.0105534921524166,.0105534921524166,.0022798709773206,-.0271746893815164,-.0248948184041958,1,1,.0152522595653862,.0228797867567853
Korea,KOR,2006,.0035803601145744,.6458428955078125,.2704299926757813,1094.545,1341319.6,-.0309547734260559,.0825722277164459,Matched (3),KOR,0,.0064195799827576,.2491699981689453,14.10916448211096,14.05804361203479,1.052450095318782,1.058419614191509,2007,-.0069699859619141,.0263647842407226,0,1,1,0,1,1,.0126306986913188,.0126306986913188,.0031471911697884,-.0240707086923761,-.0209235175225877,1,1,.0150013255848012,.0228106690304964
Korea,KOR,2007,.0071024399995804,.6663948822021485,.2634600067138672,1220.756,1419679,-.0345491242408752,.1341744613647461,Matched (3),KOR,0,.0035803601145744,.2704299926757813,14.16594134768483,14.10916448211096,1.058419614191509,1.030044027558342,2008,-.0048999977111817,.020551986694336,0,1,1,0,1,1,.0141051937791684,.0141051937791684,.003814467450391,-.0184203118759791,-.0146058444255881,1,1,.0147072853741976,.0229306239040959
Korea,KOR,2008,.0192511999607086,.6624706268310547,.2585600090026856,1093.4871,1462331.9,-.0215636038780212,.115728189945221,Matched (3),KOR,0,.0071024399995804,.2634600067138672,14.1955428942151,14.16594134768483,1.030044027558342,1.008198720280237,2009,.0293499946594238,-.0039242553710938,0,1,1,0,1,1,.0136152951211568,.0136152951211568,.0035870857440313,-.0204401615207379,-.0168530757767066,1,1,.0147962931860347,.02285139940452
Korea,KOR,2009,.0192592704296112,.6681448364257813,.2879100036621094,982.854,1474321.1,-.033673779964447,.0879414582252502,Matched (3),KOR,0,.0192511999607086,.2585600090026856,14.20370818756928,14.1955428942151,1.008198720280237,1.069816540138092,2010,-.0051600074768067,.0056742095947265,0,1,1,0,1,1,.0132079534395431,.0132079534395431,.0034150485602353,-.0234827829219488,-.0200677343617135,1,1,.0149577748493211,.0228083643342654
Korea,KOR,2010,.0155710899829865,.6980223083496093,.2827499961853027,1192.722,1577253.1,-.0364206099510193,.082986900806427,Matched (3),KOR,0,.0192592704296112,.2879100036621094,14.27119536352765,14.20370818756928,1.069816540138092,1.036880335868728,2011,.0342500114440918,.0298774719238281,0,1,1,0,1,1,.0149199382369979,.0149199382369979,.0042955994724525,-.0240253023728853,-.0197297029004328,1,1,.0149895821949454,.0228103683953388
Korea,KOR,2011,.0143165004253387,.7013922882080078,.3170000076293945,1307.239,1635422.8,-.0348895335197449,.0458738481998444,Matched (3),KOR,0,.0155710899829865,.2827499961853027,14.30741189158305,14.27119536352765,1.036880335868728,1.025476593131654,2012,.0183599853515625,.0033699798583985,0,1,1,0,1,1,.0144576343521669,.0144576343521669,.0040878960579237,-.0280891472778223,-.0240012512198986,1,1,.0152893588056347,.0229183265460442
Korea,KOR,2012,.0164593303203583,.7022859191894532,.335359992980957,1335.344,1677087.8,-.021219379901886,.026995524764061,Matched (3),KOR,0,.0143165004253387,.3170000076293945,14.33256936501781,14.30741189158305,1.025476593131654,1.032913975431518,2013,.0247100067138672,.0008936309814453,0,1,1,0,1,1,.0163998150589703,.0163998150589703,.0051987414988142,-.0301563062184117,-.0249575647195974,1,1,.0155451040674584,.023035616175376
Korea,KOR,2013,.0093276798725128,.7139290618896484,.3600699996948242,1434.67,1732287.4,-.0213571643829346,.1159017133712769,Matched (3),KOR,0,.0164593303203583,.335359992980957,14.36495327524186,14.33256936501781,1.032913975431518,1.032146730273318,2014,.0186800003051757,.0116431427001953,0,1,1,0,1,1,.0178615055645174,.0178615055645174,.0059900343807459,-.0204211608662151,-.0144311264854692,1,1,.0148361328020002,.0228519570070999
Korea,KOR,2014,.0062173897027969,.7283368682861329,.37875,1556.252,1787974.8,-.0211133432388306,.0563030958175659,Matched (3),KOR,0,.0093276798725128,.3600699996948242,14.39659411269194,14.36495327524186,1.032146730273318,1.02920301307387,2015,.0096799850463867,.0144078063964844,0,1,1,0,1,1,.0190674368303323,.0190674368303323,.0068656119736788,-.0269471543180169,-.0200815423443381,1,1,.015398380770082,.0228714775212184
Korea,KOR,2015,.0017374700307846,.722231216430664,.3884299850463867,1539.212,1840189,-.0163756024837494,.0528278684616089,Matched (3),KOR,0,.0062173897027969,.37875,14.4253788417014,14.39659411269194,1.02920301307387,1.031715288483955,2016,.0030100250244141,-.0061056518554689,0,1,1,0,1,1,.0201556740150218,.0201556740150218,.0076339615331895,-.0273276884964827,-.0196937269632932,1,1,.0155217400297169,.0228856612818905
Korea,KOR,2016,-.0008906999975443,.7065058898925781,.3914400100708008,1578.816,1898551.1,-.0136023914813995,.0784745240211487,Matched (3),KOR,0,.0017374700307846,.3884299850463867,14.45660158744601,14.4253788417014,1.031715288483955,1.034331904019703,2017,-.0113299942016601,-.0157253265380859,0,1,1,0,1,1,.0208361702484197,.0208361702484197,.0080933932980176,-.0245194034537745,-.0164260101557569,1,1,.0153218219212632,.0228147432613007
Korea,KOR,2017,-.0004871499910951,.7110513305664062,.3801100158691406,1710.197,1963732,-.0157864248752594,.0696623980998993,Matched (3),KOR,0,-.0008906999975443,.3914400100708008,14.49035730237374,14.45660158744601,1.034331904019703,1.031761144086871,2018,-.0015700149536133,.0045454406738281,0,1,1,0,1,1,.0209764773773876,.0209764773773876,.0082110325158545,-.0254843230847827,-.0172732905689282,1,1,.0154206499108151,.0228302888476487
Korea,KOR,2018,-.0041430899500847,.7165592193603516,.3785400009155274,1824.251,2026102.4,-.0180628514289856,.1472285866737366,Matched (3),KOR,0,-.0004871499910951,.3801100158691406,14.52162449311631,14.49035730237374,1.031761144086871,1.023137959650237,2019,.0187599945068359,.0055078887939454,0,1,1,0,1,1,.0206369040923588,.0206369040923588,.0078442939420364,-.0169908972388241,-.0091466032967877,1,1,.0147899195189548,.0230108718191001
Korea,KOR,2019,-.0044004300236702,.7140791320800781,.3972999954223633,1751.046,2072982.3,-.0225264811515808,,Master only (1),KOR,0,-.0041430899500847,.3785400009155274,14.54449882891141,14.52162449311631,1.023137959650237,.9929975883778069,2020,.0618500137329102,-.0024800872802735,1,0,0,1,0,0,,,,,,0,0,,
Korea,KOR,2020,.0060692697763443,.7143379974365235,.4591500091552734,1744.455,2058466.4,-.0210160064697266,,Master only (1),KOR,0,-.0044004300236702,.3972999954223633,14.53747178534894,14.54449882891141,.9929975883778069,1.046129791651321,2021,.02072998046875,.0002588653564454,1,0,0,1,0,0,,,,,,0,0,,
Korea,KOR,2021,.0062712901830673,.7185292053222656,.4798799896240235,1942.314,2153423,-.0157820415496826,,Master only (1),KOR,0,.0060692697763443,.4591500091552734,14.58256922709059,14.53747178534894,1.046129791651321,1.027275644404281,2022,.0181000137329101,.0041912078857421,1,0,0,1,0,0,,,,,,0,0,,
Korea,KOR,2022,.0040584900975227,.7222982025146485,.4979800033569336,1799.363,2212159,-.009409242272377,,Master only (1),KOR,0,.0062712901830673,.4798799896240235,14.60947951969207,14.58256922709059,1.027275644404281,1.015830123422412,2023,.0074100112915039,.0037689971923829,1,0,0,1,0,0,,,,,,0,0,,
Korea,KOR,2023,-.0032018300890923,.7269998168945313,.5053900146484375,1844.801,2247177.8,-.003256893157959,,Master only (1),KOR,0,.0040584900975227,.4979800033569336,14.62518565351276,14.60947951969207,1.015830123422412,,,,.0047016143798828,1,0,0,2,0,0,,,,,,0,0,,
Sri Lanka,LKA,1995,,.3544400787353515,.7780699920654297,15.127,3806.1399,.2650390815734863,,Matched (3),LKA,0,,,8.244370802981491,,,1.121621116271772,1996,-.0158000183105469,,4,0,0,2,0,0,,,,,,0,0,,
Sri Lanka,LKA,1996,,.3528108596801758,.7622699737548828,16.591999,4269.0469,.3211971664428711,,Matched (3),LKA,0,,.7780699920654297,8.35914586702094,8.244370802981491,1.121621116271772,1.102910805983478,1997,-.0607999420166015,-.0016292190551758,3,0,0,1,0,0,,,,,,0,0,,
Sri Lanka,LKA,1997,,.3543094635009766,.7014700317382813,18.544001,4708.3779,.3231602478027344,,Matched (3),LKA,0,,.7622699737548828,8.457098739093711,8.35914586702094,1.102910805983478,.9835419493053751,1998,.0409599304199219,.0014986038208008,3,0,0,1,0,0,,,,,,0,0,,
Sri Lanka,LKA,1998,,.3546077346801758,.7424299621582031,19.049999,4630.8872,.3021661567687988,,Matched (3),LKA,0,,.7014700317382813,8.440503750112285,8.457098739093711,.9835419493053751,1.028792530454003,1999,.0345200347900391,.0002982711791992,4,0,0,2,0,0,,,,,,0,0,,
Sri Lanka,LKA,1999,,.3516964340209961,.7769499969482422,19.143,4764.2222,.3075840759277344,,Matched (3),LKA,0,,.7424299621582031,8.468889564141969,8.440503750112285,1.028792530454003,1.084176110447266,2000,.0150700378417968,-.0029113006591797,4,0,0,2,0,0,,,,,,0,0,,
Sri Lanka,LKA,2000,,.3464695358276367,.792020034790039,20.007,5165.2559,.3315895080566406,,Matched (3),LKA,0,,.7769499969482422,8.549709917475894,8.468889564141969,1.084176110447266,.9805206701477079,2001,.0516199493408204,-.0052268981933594,3,0,0,1,0,0,,,,,,0,0,,
Sri Lanka,LKA,2001,,.3556459426879883,.8436399841308594,19.236,5064.6401,.393221321105957,,Matched (3),LKA,0,,.792020034790039,8.53003836513968,8.549709917475894,.9805206701477079,1.037265978319543,2002,.1193700408935546,.0091764068603515,3,0,0,1,0,0,,,,,,0,0,,
Sri Lanka,LKA,2002,,.3639169311523437,.963010025024414,20.238001,5253.3789,.4331870269775391,,Matched (3),LKA,0,,.8436399841308594,8.566626749753722,8.53003836513968,1.037265978319543,1.059403267242437,2003,-.0985100555419921,.0082709884643555,3,0,0,1,0,0,,,,,,0,0,,
Sri Lanka,LKA,2003,,.3589512252807617,.8644999694824219,22.351999,5565.4468,.439887809753418,,Matched (3),LKA,0,,.963010025024414,8.62433254392713,8.566626749753722,1.059403267242437,1.054450613636473,2004,.0004900360107422,-.004965705871582,3,0,0,1,0,0,,,,,,0,0,,
Sri Lanka,LKA,2004,,.3569894790649414,.8649900054931641,24.423,5868.4888,.3741501998901367,,Matched (3),LKA,0,,.8644999694824219,8.677352429851929,8.62433254392713,1.054450613636473,1.062418163747804,2005,-.0991000366210938,-.0019617462158203,3,0,0,1,0,0,,,,,,0,0,,
Sri Lanka,LKA,2005,,.3386230087280274,.7658899688720703,28.879999,6234.7891,.2913734817504883,,Matched (3),LKA,0,,.8649900054931641,8.737900026346981,8.677352429851929,1.062418163747804,1.076682798636181,2006,-.0229899597167968,-.018366470336914,3,0,0,1,0,0,,,,,,0,0,,
Sri Lanka,LKA,2006,,.3360476684570313,.7429000091552734,33.446999,6712.8901,.2968514633178711,,Matched (3),LKA,0,,.7658899688720703,8.811784858054608,8.737900026346981,1.076682798636181,1.067967709337192,2007,-.0244100189208984,-.0025753402709961,3,0,0,1,0,0,,,,,,0,0,,
Sri Lanka,LKA,2007,,.3351395797729492,.718489990234375,38.27,7169.1499,.3067462921142578,,Matched (3),LKA,0,,.7429000091552734,8.877542363432529,8.811784858054608,1.067967709337192,1.059500958254903,2008,-.0306700134277343,-.000908088684082,3,0,0,1,0,0,,,,,,0,0,,
Sri Lanka,LKA,2008,,.3364783859252929,.6878199768066406,48.176998,7595.7212,.3095165634155274,,Matched (3),LKA,0,,.718489990234375,8.93534036659902,8.877542363432529,1.059500958254903,1.035388704719589,2009,.0396800231933594,.0013388061523437,3,0,0,1,0,0,,,,,,0,0,,
Sri Lanka,LKA,2009,,.3341410446166992,.7275,49.75,7864.5239,.4268369674682617,,Matched (3),LKA,0,,.6878199768066406,8.970117282926848,8.93534036659902,1.035388704719589,1.080160021904139,2010,-.0401899719238281,-.0023373413085937,3,0,0,1,0,0,,,,,,0,0,,
Sri Lanka,LKA,2010,,.3285117721557617,.6873100280761719,58.643002,8494.9443,.4227132034301758,,Matched (3),LKA,0,,.7275,9.047226481516878,8.970117282926848,1.080160021904139,1.086694832162926,2011,.006969985961914,-.0056292724609375,3,0,0,1,0,0,,,,,,0,0,,
Sri Lanka,LKA,2011,,.3315810394287109,.6942800140380859,67.724998,9231.4121,.3628257751464844,,Matched (3),LKA,0,,.6873100280761719,9.130367307059824,9.047226481516878,1.086694832162926,1.086321795719989,2012,-.0192400360107422,.0030692672729492,3,0,0,1,0,0,,,,,,0,0,,
Sri Lanka,LKA,2012,,.336944465637207,.6750399780273437,70.391998,10028.284,.3826203918457031,,Matched (3),LKA,0,,.6942800140380859,9.213164797497265,9.130367307059824,1.086321795719989,1.040517333639239,2013,.019530029296875,.0053634262084961,3,0,0,1,0,0,,,,,,0,0,,
Sri Lanka,LKA,2013,,.3518498229980469,.6945700073242187,76.933998,10434.604,.3850064468383789,,Matched (3),LKA,0,,.6750399780273437,9.252882823161753,9.213164797497265,1.040517333639239,1.063779862562908,2014,.0010399627685548,.0149053573608399,3,0,0,1,0,0,,,,,,0,0,,
Sri Lanka,LKA,2014,.0556083679199219,.3684761810302735,.6956099700927735,82.483002,11100.121,.3622864151000977,,Matched (3),LKA,0,,.6945700073242187,9.314711296587765,9.252882823161753,1.063779862562908,1.042059560161048,2015,.0677300262451171,.0166263580322266,2,0,0,1,0,0,,,,,,0,0,,
Sri Lanka,LKA,2015,.0734531784057617,.3852066040039063,.7633399963378906,85.091003,11566.987,.3608867645263672,,Matched (3),LKA,0,.0556083679199219,.6956099700927735,9.355910397748978,9.314711296587765,1.042059560161048,1.050536383894933,2016,-.0133399963378906,.0167304229736328,1,0,0,1,0,0,,,,,,0,0,,
Sri Lanka,LKA,2016,.1031435394287109,.3862142181396485,.75,88,12151.541,.3606445693969726,,Matched (3),LKA,0,.0734531784057617,.7633399963378906,9.405211273287854,9.355910397748978,1.050536383894933,1.064606807039166,2017,-.0273999786376953,.0010076141357422,1,0,0,1,0,0,,,,,,0,0,,
Sri Lanka,LKA,2017,.0916877269744873,.3826420211791992,.7226000213623047,94.375999,12936.613,.3998122787475586,,Matched (3),LKA,0,.1031435394287109,.75,9.467816809011502,9.405211273287854,1.064606807039166,1.023100617101474,2018,.1132499694824218,-.0035721969604492,1,0,0,1,0,0,,,,,,0,0,,
Sri Lanka,LKA,2018,.0793063116073608,.3837472534179687,.8358499908447266,94.484001,13235.457,.4410549545288086,,Matched (3),LKA,0,.0916877269744873,.7226000213623047,9.490654646082364,9.467816809011502,1.023100617101474,.9977952658534116,2019,-.0099099731445312,.0011052322387695,1,0,0,1,0,0,,,,,,0,0,,
Sri Lanka,LKA,2019,.0864319324493408,.3947871017456055,.8259400177001953,89.014999,13206.276,.4746941375732422,,Master only (1),LKA,0,.0793063116073608,.8358499908447266,9.488447477931233,9.490654646082364,.9977952658534116,.9537548988861904,2020,.1428699493408203,.0110398483276368,1,0,0,1,0,0,,,,,,0,0,,
Sri Lanka,LKA,2020,.0759462594985962,.3949221420288086,.9688099670410156,84.304001,12595.551,.7137974548339844,,Master only (1),LKA,0,.0864319324493408,.8259400177001953,9.44109891798143,9.488447477931233,.9537548988861904,1.042074706439309,2021,.0578800201416015,.0001350402832031,1,0,0,1,0,0,,,,,,0,0,,
Sri Lanka,LKA,2021,.0817427635192871,.3893318176269531,1.026689987182617,88.609001,13125.505,.7161592864990234,,Master only (1),LKA,0,.0759462594985962,.9688099670410156,9.482312553981883,9.44109891798143,1.042074706439309,.9265080353679848,2022,.1327300262451172,-.0055903244018555,1,0,0,1,0,0,,,,,,0,0,,
Sri Lanka,LKA,2022,.2070929527282715,.3782544326782227,1.159420013427734,74.584,12160.886,.7777379608154297,,Master only (1),LKA,0,.0817427635192871,1.026689987182617,9.405979993507827,9.482312553981883,.9265080353679848,.9767014458737497,2023,-.0556600189208984,-.0110773849487305,1,0,0,1,0,0,,,,,,0,0,,
Sri Lanka,LKA,2023,.1552921676635742,.3842419815063476,1.103759994506836,83.723,11877.555,.7986978149414062,,Master only (1),LKA,0,.2070929527282715,1.159420013427734,9.38240573734431,9.405979993507827,.9767014458737497,,,,.005987548828125,1,0,0,2,0,0,,,,,,0,0,,
Lithuania,LTU,1995,,.4447187805175781,,6.7420001,19.351999,,.1266187286376953,Matched (3),LTU,0,,,2.962795736248864,,,1.052397683781652,1996,,,6,0,0,3,0,0,,,,,,0,0,,
Lithuania,LTU,1996,,.4456064605712891,,8.4399996,20.365999,,.1104882011413574,Matched (3),LTU,0,,,3.013866805538816,2.962795736248864,1.052397683781652,1.083668886287609,1997,,.0008876800537109,4,0,0,1,0,0,,,,,,0,0,,
Lithuania,LTU,1997,,.448662109375,,10.159,22.07,,.1799908294677734,Matched (3),LTU,0,,,3.094219206441016,3.013866805538816,1.083668886287609,1.07666513179978,1998,,.003055648803711,4,0,0,1,0,0,,,,,,0,0,,
Lithuania,LTU,1998,,.4508704376220703,.2169499969482422,11.284,23.761999,,.1417344589233398,Matched (3),LTU,0,,,3.168087629433495,3.094219206441016,1.07666513179978,.9891423520911764,1999,.063070011138916,.0022083282470703,4,0,0,1,0,0,,,,,,0,0,,
Lithuania,LTU,1999,,.4450762557983399,.2800200080871582,11.017,23.504,,.1532022953033447,Matched (3),LTU,0,,.2169499969482422,3.157170607096728,3.168087629433495,.9891423520911764,1.033441168104982,2000,-.0451700019836426,-.0057941818237304,3,0,0,1,0,0,,,,,,0,0,,
Lithuania,LTU,2000,,.4450077438354492,.2348500061035156,11.541,24.290001,.0330799555778503,.223446907043457,Matched (3),LTU,0,,.2800200080871582,3.190064780705614,3.157170607096728,1.033441168104982,1.066405883145572,2001,-.0060300064086914,-.0000685119628906,2,0,0,0,1,1,,,,-.0086450617134973,,0,0,,.0238653786003693
Lithuania,LTU,2001,,.4555531311035156,.2288199996948242,12.26,25.903,.0191689419746399,.0840511665344238,Matched (3),LTU,0,,.2348500061035156,3.254358787400939,3.190064780705614,1.066405883145572,1.065436424460953,2002,-.007549991607666,.0105453872680664,2,0,0,0,1,1,,,,-.0239087662608585,,0,0,,.0228096907570245
Lithuania,LTU,2002,,.4701134872436523,.2212700080871582,14.283,27.598,.0245826172828674,.3303290634155273,Matched (3),LTU,0,,.2288199996948242,3.31774329084831,3.254358787400939,1.065436424460953,1.105333706537289,2003,-.0175900077819824,.0145603561401367,2,0,0,0,1,1,,,,.0030584354686309,,0,0,,.0260581166672192
Lithuania,LTU,2003,.0115666902065277,.4761689376831055,.2036800003051758,18.801001,30.504999,.0262941145896912,.1471672611236572,Matched (3),LTU,0,,.2212700080871582,3.417890577092476,3.31774329084831,1.105333706537289,1.063071684860103,2004,-.0175300025939941,.0060554504394532,1,0,0,0,1,1,,,,-.0169976123297889,,0,0,,.0230104483330404
Lithuania,LTU,2004,.0030968201160431,.479157829284668,.1861499977111817,22.709999,32.429001,.0189235687255859,.0706607217788696,Matched (3),LTU,0,.0115666902065277,.2036800003051758,3.479053110547422,3.417890577092476,1.063071684860103,1.081778665927622,2005,-.0097200012207031,.0029888916015625,0,1,1,0,1,1,.0098940651018013,.0098940651018013,.0020152231829543,-.0253750075660818,-.0233597843831275,1,1,.0151695057651465,.0228280629101123
Lithuania,LTU,2005,-.0080097597837448,.5006911087036133,.1764299964904785,26.118,35.081001,.0151918971538544,.2071950454711914,Matched (3),LTU,0,.0030968201160431,.1861499977111817,3.557659709905603,3.479053110547422,1.081778665927622,1.073087970193146,2006,-.0034499931335449,.0215332794189453,0,1,1,0,1,1,.0094388414367238,.0094388414367238,.0017570403118423,-.0104246255113423,-.0086675851995,1,1,.0149542645244263,.0236296650591189
Lithuania,LTU,2006,-.0072638297080994,.5412668228149414,.1729800033569336,30.138,37.645,.0132365000247955,.3686418838500977,Matched (3),LTU,0,-.0080097597837448,.1764299964904785,3.628200155462098,3.557659709905603,1.073087970193146,1.110957579695455,2007,-.0140900039672852,.0405757141113281,0,1,1,0,1,1,.0095505792706075,.0095505792706075,.0016850086671953,.0072536538401097,.008938662507305,1,1,.0161100481806254,.027081645753187
Lithuania,LTU,2007,.0008092500269413,.5492793655395508,.1588899993896484,39.764999,41.821999,.0101522839069366,.3190554542541504,Matched (3),LTU,0,-.0072638297080994,.1729800033569336,3.733422483298336,3.628200155462098,1.110957579695455,1.021902357538082,2008,-.0130099964141846,.0080125427246094,0,1,1,0,1,1,.0091362713294006,.0091362713294006,.0015803922452296,.0018239857014192,.0034043779466488,1,1,.0156543546970666,.0257787415330923
Lithuania,LTU,2008,.0276689195632935,.5556310272216797,.1458800029754639,48.004002,42.737999,.0106659066677094,.1690118827819824,Matched (3),LTU,0,.0008092500269413,.1588899993896484,3.755088429946166,3.733422483298336,1.021902357538082,.85493001746774,2009,.133149995803833,.0063516616821289,0,1,1,0,1,1,.00766705611288,.00766705611288,.0012182185410959,-.0146056464797279,-.0133874279386321,1,1,.015087799360844,.0231887674159185
Lithuania,LTU,2009,.0855217742919922,.5565301513671875,.2790299987792969,37.591,36.537998,.029365656375885,.1214446964263916,Matched (3),LTU,0,.0276689195632935,.1458800029754639,3.598352765635897,3.755088429946166,.85493001746774,1.002819000655341,2010,.08802001953125,.0008991241455079,0,1,1,0,1,1,.0066968351670102,.0066968351670102,.0009769343340896,-.0198142093528091,-.0188372750187195,1,1,.0152212275470833,.0228716483527716
Lithuania,LTU,2010,.0236476302146912,.5582549285888672,.3670500183105469,36.693001,36.640999,.0450615215301514,.1368437538146973,Matched (3),LTU,0,.0855217742919922,.2790299987792969,3.60116780036045,3.598352765635897,1.002819000655341,1.063344423832962,2011,.0076599884033203,.0017247772216796,0,1,1,0,1,1,.014624334379898,.014624334379898,.004080628004171,-.0181280268236685,-.0140473988194975,1,1,.0146886848381159,.0229454107161893
Lithuania,LTU,2011,.0266914010047913,.5567469787597656,.3747100067138672,43.201,38.962002,.0484422969818115,.1449803066253662,Matched (3),LTU,0,.0236476302146912,.3670500183105469,3.662586858371657,3.60116780036045,1.063344423832962,1.043760534304321,2012,.024370002746582,-.0015079498291015,0,1,1,0,1,1,.0198562027509826,.0198562027509826,.0072882195833261,-.017237081822892,-.0099488622395659,1,1,.0147568152178533,.022995632293099
Lithuania,LTU,2012,.0338928198814392,.568297004699707,.3990800094604492,42.736,40.667,.0567312288284302,.0989530334472656,Matched (3),LTU,0,.0266914010047913,.3747100067138672,3.705416948250309,3.662586858371657,1.043760534304321,1.040794757523256,2013,-.0104899978637695,.0115500259399414,0,1,1,0,1,1,.0201130210588158,.0201130210588158,.007536550255985,-.0222770256285328,-.0147404753725478,1,1,.0150830258524411,.0228144056825691
Lithuania,LTU,2013,.0167587399482727,.5759629058837891,.3885900115966797,46.320999,42.326,.0520278453826904,.1270129680633545,Matched (3),LTU,0,.0338928198814392,.3990800094604492,3.74540155948535,3.705416948250309,1.040794757523256,1.037683721888509,2014,.0186499786376954,.0076659011840821,0,1,1,0,1,1,.0216711670796553,.0216711670796553,.0086485295631678,-.0192044887631004,-.0105559591999326,1,1,.0149910580603967,.0228950925951342
Lithuania,LTU,2014,.0028130799531937,.5983777999877929,.407239990234375,48.388,43.921001,.0499488162994385,.3077922668457031,Matched (3),LTU,0,.0167587399482727,.3885900115966797,3.782392598269338,3.74540155948535,1.037683721888509,1.028437346459113,2015,.0169300079345703,.0224148941040039,0,1,1,0,1,1,.0218195450538904,.0218195450538904,.0084788572655255,.0005906771065059,.0090695343720314,1,1,.0147430410128928,.0255101210695331
Lithuania,LTU,2015,-.0075906097888947,.5890998077392579,.4241699981689453,41.548,45.169998,.0450162649154663,.3277900924682617,Matched (3),LTU,0,.0028130799531937,.407239990234375,3.810433109129547,3.782392598269338,1.028437346459113,1.026145752013083,2016,-.0261600112915039,-.0092779922485351,0,1,1,0,1,1,.0230057009661192,.0230057009661192,.0093688414367773,.002780420500226,.0121492619370033,1,1,.0148628537371425,.0259942978053042
Lithuania,LTU,2016,-.0096936500072479,.5759356307983399,.3980099868774414,42.952,46.351002,.0397322201728821,.1716036758422852,Matched (3),LTU,0,-.0075906097888947,.4241699981689453,3.836242904281056,3.810433109129547,1.026145752013083,1.047032349003596,2017,-.0067599868774414,-.013164176940918,0,1,1,0,1,1,.023342033212005,.023342033212005,.0099009901847956,-.0143218475388428,-.0044208573540472,1,1,.0148686784237057,.023213548968582
Lithuania,LTU,2017,-.0153344798088074,.5715707397460937,.39125,47.744999,48.530998,.0342465758323669,.0692097206115723,Matched (3),LTU,0,-.0096936500072479,.3980099868774414,3.88220273254373,3.836242904281056,1.047032349003596,1.048340251734972,2018,-.0578200149536133,-.0043648910522461,0,1,1,0,1,1,.0213624917926136,.0213624917926136,.0085024850780476,-.0255338908507118,-.0170314057726642,1,1,.0154616976598737,.0228313372750765
Lithuania,LTU,2018,-.0173951601982117,.5777058792114258,.3334299850463867,54.294998,50.876999,.0270790219306946,.3448917312622071,Matched (3),LTU,0,-.0153344798088074,.39125,3.929410933435474,3.88220273254373,1.048340251734972,1.047211912634681,2019,.0224800109863281,.0061351394653321,0,1,1,0,1,1,.0221341727768536,.0221341727768536,.008659995098944,.0046530341172078,.0133130292161518,1,1,.0149460430592259,.0264340146356383
Lithuania,LTU,2019,-.0143601500988007,.5848808670043946,.3559099960327148,55.132,53.278999,.0254479050636292,,Master only (1),LTU,0,-.0173951601982117,.3334299850463867,3.975542244685891,3.929410933435474,1.047211912634681,1.000488015482463,2020,.10302001953125,.0071749877929688,1,0,0,1,0,0,,,,,,0,0,,
Lithuania,LTU,2020,-.0063355302810669,.5889252853393555,.4589300155639648,57.352001,53.305,.0191157233715057,,Master only (1),LTU,0,-.0143601500988007,.3559099960327148,3.976030141127526,3.975542244685891,1.000488015482463,1.063746342563749,2021,-.0255800247192383,.0040444183349609,1,0,0,1,0,0,,,,,,0,0,,
Lithuania,LTU,2021,-.0125705695152283,.5928899383544922,.4333499908447266,67.102997,56.702999,.012569408416748,,Master only (1),LTU,0,-.0063355302810669,.4589300155639648,4.037827103779117,3.976030141127526,1.063746342563749,1.02444317952395,2022,-.0501499938964844,.0039646530151367,1,0,0,1,0,0,,,,,,0,0,,
Lithuania,LTU,2022,-.0038386100530624,.5925260543823242,.3831999969482422,70.686996,58.089001,.0074231177568436,,Master only (1),LTU,0,-.0125705695152283,.4333499908447266,4.061976329272627,4.037827103779117,1.02444317952395,1.008263174377875,2023,-.012140007019043,-.000363883972168,1,0,0,1,0,0,,,,,,0,0,,
Lithuania,LTU,2023,.0031937700510025,.5983865356445313,.3710599899291992,80.391998,58.569,.0059412986040115,,Master only (1),LTU,0,-.0038386100530624,.3831999969482422,4.070205550537202,4.061976329272627,1.008263174377875,,,,.0058604812622071,1,0,0,2,0,0,,,,,,0,0,,
Morocco,MAR,1995,,.3553836059570312,.7222000122070312,42.237999,433.98199,.2483450698852539,.2120960553487142,Matched (3),MAR,0,,,6.073003046209625,,,1.134595486783301,1996,-.0688500213623047,,3,0,0,1,0,0,,,,,,0,0,,
Morocco,MAR,1996,,.3554626846313477,.6533499908447266,46.709999,492.39401,.2300065040588379,.0706046244303385,Matched (3),MAR,0,,.7222000122070312,6.199279234307795,6.073003046209625,1.134595486783301,.9798819530520645,1997,.0262100219726562,.0000790786743164,2,0,0,0,1,1,,,,-.0253811501738168,,0,0,,.0228281848418249
Morocco,MAR,1997,,.361606674194336,.6795600128173828,42.366001,482.48801,.2117231369018555,.1726888154347738,Matched (3),MAR,0,,.6533499908447266,6.178956063665539,6.199279234307795,.9798819530520645,1.079792642291508,1998,-.0343600463867187,.0061439895629883,2,0,0,0,1,1,,,,-.014203025757977,,0,0,,.023224150676716
Morocco,MAR,1998,,.3664862060546875,.645199966430664,45.243,520.987,.2031257820129395,.1774548308054606,Matched (3),MAR,0,,.6795600128173828,6.255725088489482,6.178956063665539,1.079792642291508,1.005293789687753,1999,-.0115699768066406,.0048795318603516,2,0,0,0,1,1,,,,-.0136811514867784,,0,0,,.0232722887584333
Morocco,MAR,1999,,.3603073501586914,.6336299896240234,45.055,523.745,.183981876373291,.0746471172968547,Matched (3),MAR,0,,.645199966430664,6.261004915328519,6.255725088489482,1.005293789687753,1.015925695702548,2000,.0149700164794923,-.0061788558959961,2,0,0,0,1,1,,,,-.0249385009470614,,0,0,,.0228203581339648
Morocco,MAR,2000,,.3548196029663086,.6486000061035156,42.053001,532.086,.201578369140625,.1011519673665365,Matched (3),MAR,0,,.6336299896240234,6.27680512765934,6.261004915328519,1.015925695702548,1.075519715814854,2001,-.0442499923706055,-.0054877471923828,2,0,0,0,1,1,,,,-.0220362443999217,,0,0,,.0228173455834128
Morocco,MAR,2001,,.3526630401611328,.6043500137329102,42.703999,572.26898,.195108470916748,.1150802895228068,Matched (3),MAR,0,,.6486000061035156,6.349609128983447,6.27680512765934,1.075519715814854,1.033160961619786,2002,-.010629997253418,-.0021565628051758,2,0,0,0,1,1,,,,-.020511106017232,,0,0,,.0228493490287265
Morocco,MAR,2002,,.3501792144775391,.5937200164794922,45.710999,591.24597,.1564933586120605,.0907131067911784,Matched (3),MAR,0,,.6043500137329102,6.382232126556189,6.349609128983447,1.033160961619786,1.063168333062523,2003,-.0244300079345704,-.0024838256835937,2,0,0,0,1,1,,,,-.0231792899696896,,0,0,,.0228085216695698
Morocco,MAR,2003,,.3428762817382813,.5692900085449218,56.345001,628.59399,.1551952838897705,.1763434228897095,Matched (3),MAR,0,,.5937200164794922,6.443485569975834,6.382232126556189,1.063168333062523,1.048019863123034,2004,-.0249800109863281,-.0073029327392578,2,0,0,0,1,1,,,,-.0138028496247249,,0,0,,.023260834357774
Morocco,MAR,2004,,.3498526763916016,.5443099975585938,64.528,658.77899,.1425939083099365,.124610102335612,Matched (3),MAR,0,,.5692900085449218,6.490388109056745,6.443485569975834,1.048019863123034,1.029783938106821,2005,.0033599853515625,.0069763946533203,2,0,0,0,1,1,,,,-.0194676003359599,,0,0,,.0228845261086928
Morocco,MAR,2005,,.3396831893920899,.5476699829101562,67.468002,678.40002,.1243690967559814,.0950214379628499,Matched (3),MAR,0,,.5443099975585938,6.519737120465403,6.490388109056745,1.029783938106821,1.077600206425497,2006,-.04125,-.0101694869995117,2,0,0,0,1,1,,,,-.0227075316946057,,0,0,,.0228105872226466
Morocco,MAR,2006,,.3526963806152344,.5064199829101562,74.283997,731.04401,.116919641494751,.102654686609904,Matched (3),MAR,0,,.5476699829101562,6.594473658139811,6.519737120465403,1.077600206425497,1.027057151265819,2007,-.0357599639892578,.0130131912231445,2,0,0,0,1,1,,,,-.0218716980338374,,0,0,,.0228196863851969
Morocco,MAR,2007,,.3567083358764648,.4706600189208984,85.539001,750.82397,.1038610649108887,.072810142993927,Matched (3),MAR,0,,.5064199829101562,6.621171236287478,6.594473658139811,1.027057151265819,1.059232288745275,2008,-.0507500076293945,.0040119552612304,2,0,0,0,1,1,,,,-.0251396479327483,,0,0,,.0228236733303708
Morocco,MAR,2008,,.3600707626342773,.4199100112915039,100.112,795.297,.0811260032653809,.0632604312896728,Matched (3),MAR,0,,.4706600189208984,6.678715626110761,6.621171236287478,1.059232288745275,1.042436976531192,2009,.0063100051879883,.0033624267578125,2,0,0,0,1,1,,,,-.0261853325242137,,0,0,,.0228473818246948
Morocco,MAR,2009,,.3679217147827148,.4262200164794922,100.535,829.047,.081315860748291,.1635606110890706,Matched (3),MAR,0,,.4199100112915039,6.720276844807431,6.678715626110761,1.042436976531192,1.038157104862467,2010,.0265399932861328,.0078509521484375,2,0,0,0,1,1,,,,-.0152025556838697,,0,0,,.0231391385649705
Morocco,MAR,2010,,.3694432830810547,.452760009765625,100.881,860.68103,.0833837795257568,.0919892508188883,Matched (3),MAR,0,,.4262200164794922,6.757723971530401,6.720276844807431,1.038157104862467,1.052458415825154,2011,.0327899932861328,.0015215682983398,2,0,0,0,1,1,,,,-.0230395533799795,,0,0,,.0228089025018032
Morocco,MAR,2011,,.3585211563110351,.4855500030517578,109.705,905.83099,.0816934967041016,.1463536624908447,Matched (3),MAR,0,,.452760009765625,6.808852747419423,6.757723971530401,1.052458415825154,1.030099449940992,2012,.0372700119018555,-.0109221267700195,2,0,0,0,1,1,,,,-.0170867006269351,,0,0,,.0230048713924226
Morocco,MAR,2012,.0284033799171448,.3679338073730469,.5228200149536133,106.345,933.09601,.0872283744812012,.1390835978190104,Matched (3),MAR,0,,.4855500030517578,6.838508098340762,6.808852747419423,1.030099449940992,1.045354397562246,2013,.0479399871826172,.0094126510620117,1,0,0,0,1,1,,,,-.0178827659786156,,0,0,,.022958463392935
Morocco,MAR,2013,.0296745991706848,.3752790451049804,.5707600021362305,115.608,975.41602,.0926969528198242,.0733289098739624,Matched (3),MAR,0,.0284033799171448,.5228200149536133,6.882864062686981,6.838508098340762,1.045354397562246,1.026694214007245,2014,.0148799896240235,.0073452377319336,0,1,1,0,1,1,.0287496352592729,.0287496352592729,.015030884736164,-.0250828434396059,-.010051958703442,1,1,.0164385956923563,.0228226963567753
Morocco,MAR,2014,.0204776906967163,.4052666473388672,.5856399917602539,119.131,1001.454,.0988531494140625,.1659314931233724,Matched (3),MAR,0,.0296745991706848,.5707600021362305,6.909208202469625,6.882864062686981,1.026694214007245,1.043445863808128,2015,-.0016999816894532,.0299876022338867,0,1,1,0,1,1,.0319736328739157,.0319736328739157,.0182492707674192,-.0149429462958348,.0033063244715844,1,1,.0161176185698123,.0231603069582286
Morocco,MAR,2015,.0134626197814941,.4091756057739258,.5839400100708008,110.414,1044.963,.1092095947265625,.3139488957722982,Matched (3),MAR,0,.0204776906967163,.5856399917602539,6.95173676922257,6.909208202469625,1.043445863808128,1.005211710707184,2016,.0168999862670899,.0039089584350586,0,1,1,0,1,1,.0334808890621792,.0334808890621792,.0196077475945006,.0012648222747881,.0208725698692887,1,1,.015817440180152,.0256556329458571
Morocco,MAR,2016,.0126112198829651,.4076196670532227,.6008399963378906,111.573,1050.4091,.1043730545043945,.1185060081481934,Matched (3),MAR,0,.0134626197814941,.5839400100708008,6.956934945968533,6.95173676922257,1.005211710707184,1.050579253734275,2017,.00177001953125,-.0015559387207031,0,1,1,0,1,1,.032550453103947,.032550453103947,.0190075119133279,-.0201359929989336,-.0011284810856056,1,1,.0166633286845691,.0228607549662751
Morocco,MAR,2017,.0092606198787689,.4083772277832031,.6026100158691406,118.541,1103.538,.0987468433380127,.3098074938456217,Matched (3),MAR,0,.0126112198829651,.6008399963378906,7.006276628247008,6.956934945968533,1.050579253734275,1.030656901525113,2018,.001969985961914,.0007575607299805,0,1,1,0,1,1,.0343608138996545,.0343608138996545,.0206453512976354,.0008113425975051,.0214566938951404,1,1,.015961881443587,.0255573974826383
Morocco,MAR,2018,.0027245700359344,.4106909561157226,.6045800018310546,127.341,1137.369,.096687707901001,.0819068921407064,Matched (3),MAR,0,.0092606198787689,.6026100158691406,7.036472995671653,7.006276628247008,1.030656901525113,1.028908827606888,2019,-.0018799972534179,.0023137283325195,0,1,1,0,1,1,.0334974210710536,.0334974210710536,.0201858814432029,-.0241435623220197,-.0039576808788169,1,1,.0172803376906708,.0228111942808642
Morocco,MAR,2019,.0081821101903915,.4170556640625,.6027000045776367,128.92,1170.249,.1023500061035156,,Master only (1),MAR,0,.0027245700359344,.6045800018310546,7.064971845689338,7.036472995671653,1.028908827606888,.9282177980280973,2020,.1197500228881836,.0063647079467773,1,0,0,1,0,0,,,,,,0,0,,
Morocco,MAR,2020,.0173761999607086,.4268464279174805,.7224500274658203,121.354,1086.246,.0926076984405518,,Master only (1),MAR,0,.0081821101903915,.6027000045776367,6.990482968107536,7.064971845689338,.9282177980280973,1.081547878654523,2021,-.0289400482177734,.0097907638549805,1,0,0,1,0,0,,,,,,0,0,,
Morocco,MAR,2021,.0089214301109314,.4261339569091797,.6935099792480469,142.022,1174.827,.0878761577606201,,Master only (1),MAR,0,.0173761999607086,.7224500274658203,7.068876204139174,6.990482968107536,1.081547878654523,1.018126941268677,2022,.0202100372314453,-.0007124710083007,1,0,0,1,0,0,,,,,,0,0,,
Morocco,MAR,2022,-.0029023599624634,.430895881652832,.7137200164794922,131.245,1196.123,.0807676315307617,,Master only (1),MAR,0,.0089214301109314,.6935099792480469,7.086840811221095,7.068876204139174,1.018126941268677,1.036556399663627,2023,-.0266699981689453,.0047619247436523,1,0,0,1,0,0,,,,,,0,0,,
Morocco,MAR,2023,.0049139899015427,.4306853103637696,.6870500183105469,146.05701,1239.849,.0816531848907471,,Master only (1),MAR,0,-.0029023599624634,.7137200164794922,7.122744876202809,7.086840811221095,1.036556399663627,,,,-.0002105712890625,1,0,0,2,0,0,,,,,,0,0,,
Mexico,MEX,1995,,.3511345672607422,,380.18201,13650.312,.2333353424072266,.1893606646631805,Matched (3),MEX,0,,,9.521517622582536,,,1.062183004494446,1996,,,3,0,0,1,0,0,,,,,,0,0,,
Mexico,MEX,1996,,.3515017700195313,.425369987487793,432.15799,14499.129,.2232200050354004,.1991953445488299,Matched (3),MEX,0,,,9.58184385117303,9.521517622582536,1.062183004494446,1.071988767105351,1997,-.0341699981689453,.000367202758789,3,0,0,0,1,1,,,,-.0113005853570326,,0,0,,.0235240041521847
Mexico,MEX,1997,,.3577840042114258,.3911999893188476,523.45001,15542.903,.1990614700317383,.181109934927712,Matched (3),MEX,0,,.425369987487793,9.651359435320241,9.58184385117303,1.071988767105351,1.061850788137899,1998,.005880012512207,.0062822341918945,2,0,0,0,1,1,,,,-.0132809209689149,,0,0,,.023310937062742
Mexico,MEX,1998,,.3643913269042969,.3970800018310547,557.48499,16504.244,.1694802093505859,.2847771517659577,Matched (3),MEX,0,,.3911999893188476,9.711372847457053,9.651359435320241,1.061850788137899,1.027550323525921,1999,.0195899963378906,.0066073226928711,2,0,0,0,1,1,,,,-.001929456689677,,0,0,,.0249952501558229
Mexico,MEX,1999,,.3712958526611328,.4166699981689453,631.23999,16958.941,.1902479553222656,.1726187896728516,Matched (3),MEX,0,,.3970800018310547,9.738550490313552,9.711372847457053,1.027550323525921,1.050292768218462,2000,-.0321199798583984,.0069045257568359,2,0,0,0,1,1,,,,-.0142106935140848,,0,0,,.0232234625098936
Mexico,MEX,2000,,.3789767074584961,.3845500183105469,742.06097,17811.854,.1803484725952148,.2036336865223629,Matched (3),MEX,0,,.4166699981689453,9.787619442492719,9.738550490313552,1.050292768218462,.9954916126890132,2001,-.011400032043457,.0076808547973633,2,0,0,0,1,1,,,,-.0108145910194957,,0,0,,.0235817719947035
Mexico,MEX,2001,,.3840565490722656,.3731499862670898,796.05499,17731.551,.2180393600463867,.1946001171058332,Matched (3),MEX,0,,.3845500183105469,9.783100861754843,9.787619442492719,.9954916126890132,.997634094592597,2002,.0255100250244141,.0050798416137695,2,0,0,0,1,1,,,,-.0118037585082472,,0,0,,.0234664534363248
Mexico,MEX,2002,,.3889926910400391,.3986600112915039,810.66602,17689.6,.1699078750610352,.1940507871332303,Matched (3),MEX,0,,.3731499862670898,9.780732153171003,9.783100861754843,.997634094592597,1.011855483144393,2003,.0226699829101563,.0049361419677735,2,0,0,0,1,1,,,,-.0118639096317335,,0,0,,.0234597282080164
Mexico,MEX,2003,,.3876393508911133,.4213299942016602,765.54999,17899.318,.1482789039611817,.2433452133393623,Matched (3),MEX,0,,.3986600112915039,9.792517910621923,9.780732153171003,1.011855483144393,1.035654399810747,2004,-.0322700119018555,-.0013533401489258,2,0,0,0,1,1,,,,-.0064662155939208,,0,0,,.0241913711080151
Mexico,MEX,2004,,.3867420959472656,.3890599822998047,819.45898,18537.508,.1418929481506348,.1801910460834772,Matched (3),MEX,0,,.4213299942016602,9.82755140788912,9.792517910621923,1.035654399810747,1.021132513851773,2005,-.0206499862670899,-.0008972549438477,2,0,0,0,1,1,,,,-.013381538446745,,0,0,,.023301080023316
Mexico,MEX,2005,,.3974153137207031,.3684099960327148,917.57202,18929.252,.1370550632476807,.2409820292029582,Matched (3),MEX,0,,.3890599822998047,9.848463726947401,9.82755140788912,1.021132513851773,1.048050115061459,2006,-.0106399917602539,.0106732177734375,2,0,0,0,1,1,,,,-.0067249820692619,,0,0,,.0241505490992774
Mexico,MEX,2006,.0327013993263245,.4741845703125,.3577700042724609,1020.265,19838.805,.1272173404693603,.218514314973858,Matched (3),MEX,0,,.3684099960327148,9.895395131418057,9.848463726947401,1.048050115061459,1.020778603486617,2007,-.0024800109863281,.0767692565917969,1,0,0,0,1,1,,,,-.009185175979027,,0,0,,.0237908886414322
Mexico,MEX,2007,.0313557291030884,.4759138870239258,.3552899932861328,1102.356,20251.027,.1177420139312744,.1770560159817548,Matched (3),MEX,0,.0327013993263245,.3577700042724609,9.915960804272499,9.895395131418057,1.020778603486617,1.009433356293845,2008,.0507600021362305,.0017293167114258,0,1,1,0,1,1,.0194444738031699,.0194444738031699,.0069566494756359,-.013724821340792,-.0067681718651562,1,1,.0146025957333371,.0232681625070726
Mexico,MEX,2008,.0481215906143188,.4752594375610352,.4060499954223633,1161.553,20442.063,.1026683712005615,.1923763897049595,Matched (3),MEX,0,.0313557291030884,.3552899932861328,9.925349944315128,9.915960804272499,1.009433356293845,.9370475016280769,2009,.010620002746582,-.0006544494628906,0,1,1,0,1,1,.0193631032813543,.0193631032813543,.0068795168348311,-.0120472546001426,-.0051677377653115,1,1,.0145593357252228,.023439433633685
Mexico,MEX,2009,.0470713996887207,.4790494537353516,.4166699981689453,943.43701,19155.184,.1303750896453857,.3256138774710642,Matched (3),MEX,0,.0481215906143188,.4060499954223633,9.860328641727293,9.925349944315128,.9370475016280769,1.049713309896738,2010,-.0151200103759765,.0037900161743164,0,1,1,0,1,1,.0229261929142963,.0229261929142963,.0093091805279022,.0025421269725511,.0118513075004533,1,1,.014849874124482,.0259400107763306
Mexico,MEX,2010,.0376338410377502,.5026663208007812,.4015499877929687,1105.424,20107.451,.1164564800262451,.193734510045656,Matched (3),MEX,0,.0470713996887207,.4166699981689453,9.908845730421428,9.860328641727293,1.049713309896738,1.034440454919201,2011,.0101200103759766,.0236168670654296,0,1,1,0,1,1,.0229931721685924,.0229931721685924,.0095805650053856,-.0118985416800458,-.0023179766746602,1,1,.0147481796381661,.0234558711723739
Mexico,MEX,2011,.0406338214874268,.5055548095703125,.4116699981689453,1229.014,20799.961,.1075668334960938,.3291072340414558,Matched (3),MEX,0,.0376338410377502,.4015499877929687,9.942706387682838,9.908845730421428,1.034440454919201,1.035532105491484,2012,-.0035200119018555,.0028884887695313,0,1,1,0,1,1,.022675317764935,.022675317764935,.0091052735717113,.0029246462832153,.0120299198549266,1,1,.014861786839614,.0260273404421962
Mexico,MEX,2012,.0387740588188171,.513492202758789,.4081499862670899,1255.11,21539.027,.1147051334381104,.2260711776034933,Matched (3),MEX,0,.0406338214874268,.4116699981689453,9.977621793876061,9.942706387682838,1.035532105491484,1.008520960589163,2013,.0325100326538086,.0079373931884765,0,1,1,0,1,1,.0228352732160556,.0228352732160556,.009400596883041,-.0083577065164557,.0010428903665853,1,1,.0146613566090742,.0239060442831385
Mexico,MEX,2013,.0315594100952148,.5143038177490235,.4406600189208985,1327.436,21722.561,.1145441150665283,.1884460528467742,Matched (3),MEX,0,.0387740588188171,.4081499862670899,9.986106655998002,9.977621793876061,1.008520960589163,1.025037693476621,2014,.0302699661254883,.0008116149902344,0,1,1,0,1,1,.0224676312356032,.0224676312356032,.0091701633802655,-.0124776228478084,-.0033074594675429,1,1,.0147275824817452,.02339300903696
Mexico,MEX,2014,.0344735598564148,.3734231948852539,.4709299850463867,1364.5081,22266.443,.1190096569061279,.2383099319565464,Matched (3),MEX,0,.0315594100952148,.4406600189208985,10.01083604203576,9.986106655998002,1.025037693476621,1.027023217304557,2015,.0388000106811524,-.1408806228637696,0,1,1,0,1,1,.0245990236496883,.0245990236496883,.0108398062269073,-.0070175742441885,.0038222319827188,1,1,.0147729853025591,.0241050676777873
Mexico,MEX,2015,.0380557703971863,.3707757949829101,.5097299957275391,1213.2939,22868.154,.1186395835876465,.2226228511165565,Matched (3),MEX,0,.0344735598564148,.4709299850463867,10.03750057964442,10.01083604203576,1.027023217304557,1.017724908282405,2016,.0402999877929687,-.0026473999023438,0,1,1,0,1,1,.0263197482899268,.0263197482899268,.0123947586685999,-.0087352950746658,.0036594635939341,1,1,.0149666851254895,.0238527569540053
Mexico,MEX,2016,.0437556219100952,.3684158706665039,.5500299835205078,1112.233,23273.49,.1267564296722412,.2645115101505334,Matched (3),MEX,0,.0380557703971863,.5097299957275391,10.05507023363426,10.03750057964442,1.017724908282405,1.018717312406224,2017,-.0248199844360352,-.0023599243164062,0,1,1,0,1,1,.0287886733769798,.0287886733769798,.0146744503574494,-.0041485256866992,.0105259246707503,1,1,.0151726369450387,.0245815792674354
Mexico,MEX,2017,.047949709892273,.3682134246826172,.5252099990844726,1190.7209,23709.107,.1492661762237549,.2846942123896639,Matched (3),MEX,0,.0437556219100952,.5500299835205078,10.07361453271081,10.05507023363426,1.018717312406224,1.01972079723122,2018,-.0031900024414062,-.0002024459838867,0,1,1,0,1,1,.0312539810529816,.0312539810529816,.0171906266835217,-.0019385384746043,.0152520882089174,1,1,.0154853912963711,.0249934799145128
Mexico,MEX,2018,.049864239692688,.3679214477539062,.5220199966430664,1256.3,24176.67,.1609653472900391,.3705463371557348,Matched (3),MEX,0,.047949709892273,.5252099990844726,10.0931433943319,10.07361453271081,1.01972079723122,.9960730963597638,2019,-.0033300018310547,-.000291976928711,0,1,1,0,1,1,.0301530561052066,.0301530561052066,.0158366865694096,.0074621897141281,.0232988762835377,1,1,.0155310904408117,.0271353597943144
Mexico,MEX,2019,.0544058704376221,.3636758041381836,.5186899948120117,1304.106,24081.73,.1915467262268066,,Master only (1),MEX,0,.049864239692688,.5220199966430664,10.0892087601609,10.0931433943319,.9960730963597638,.9164597027408128,2020,.0658700180053711,-.0042456436157227,1,0,0,1,0,0,,,,,,0,0,,
Mexico,MEX,2020,.0522259378433228,.3626288223266602,.5845600128173828,1121.0649,22069.936,.1866513442993164,,Master only (1),MEX,0,.0544058704376221,.5186899948120117,10.00197157885118,10.0892087601609,.9164597027408128,1.060484749872276,2021,-.0176100158691406,-.0010469818115234,1,0,0,1,0,0,,,,,,0,0,,
Mexico,MEX,2021,.053149299621582,.3571400451660156,.5669499969482422,1316.569,23404.83,.1889523506164551,,Master only (1),MEX,0,.0522259378433228,.5845600128173828,10.06069769364052,10.00197157885118,1.060484749872276,1.037097627668167,2022,-.0289199829101563,-.0054887771606446,1,0,0,1,0,0,,,,,,0,0,,
Mexico,MEX,2022,.058791332244873,.3594685745239258,.5380300140380859,1466.9351,24273.094,.208707160949707,,Master only (1),MEX,0,.053149299621582,.5669499969482422,10.09712376278464,10.06069769364052,1.037097627668167,1.031067948821934,2023,-.0105000305175781,.0023285293579102,1,0,0,1,0,0,,,,,,0,0,,
Mexico,MEX,2023,.0522254514694214,.3612793731689453,.5275299835205078,1794.41,25027.209,.2386756706237793,,Master only (1),MEX,0,.058791332244873,.5380300140380859,10.12771887139165,10.09712376278464,1.031067948821934,,,,.0018107986450195,1,0,0,2,0,0,,,,,,0,0,,
Mauritius,MUS,1995,,.4288152694702149,,4.4390001,191.40601,,,Matched (3),MUS,0,,,5.254396857102184,,,1.055875948183607,1996,,,4,0,0,2,0,0,,,,,,0,0,,
Mauritius,MUS,1996,,.4295539855957031,,4.5900002,202.101,,,Matched (3),MUS,0,,,5.308767562174745,5.254396857102184,1.055875948183607,1.056877478266903,1997,,.0007387161254883,4,0,0,1,0,0,,,,,,0,0,,
Mauritius,MUS,1997,,.4339414978027344,,4.3099999,213.59599,,,Matched (3),MUS,0,,,5.364086347743381,5.308767562174745,1.056877478266903,1.060717475148817,1998,,.0043875122070313,4,0,0,1,0,0,,,,,,0,0,,
Mauritius,MUS,1998,,.4393647384643555,,4.3540001,226.565,,,Matched (3),MUS,0,,,5.423031890246616,5.364086347743381,1.060717475148817,1.026107268211747,1999,,.0054232406616211,4,0,0,1,0,0,,,,,,0,0,,
Mauritius,MUS,1999,,.44060546875,,4.5970001,232.48,,,Matched (3),MUS,0,,,5.448804181444216,5.423031890246616,1.026107268211747,1.081925350993833,2000,,.0012407302856445,4,0,0,1,0,0,,,,,,0,0,,
Mauritius,MUS,2000,,.4421469497680664,.5694400024414062,4.9349999,251.526,.2030818176269531,,Matched (3),MUS,0,,,5.527546367800699,5.448804181444216,1.081925350993833,1.032139756301987,2001,.0123999786376953,.0015414810180664,4,0,0,1,0,0,,,,,,0,0,,
Mauritius,MUS,2001,,.4500152206420898,.5818399810791015,4.882,259.60999,.209874267578125,,Matched (3),MUS,0,,.5694400024414062,5.559180448464478,5.527546367800699,1.032139756301987,1.016270674393728,2002,.0477100372314454,.0078682708740234,3,0,0,1,0,0,,,,,,0,0,,
Mauritius,MUS,2002,,.4539955139160156,.6295500183105469,5.1230001,263.83401,.1967222785949707,,Matched (3),MUS,0,,.5818399810791015,5.575320173944294,5.559180448464478,1.016270674393728,1.059840632722031,2003,.0399199676513672,.0039802932739258,3,0,0,1,0,0,,,,,,0,0,,
Mauritius,MUS,2003,,.452516975402832,.6694699859619141,6.1550002,279.62201,.2028384971618652,,Matched (3),MUS,0,,.6295500183105469,5.633438724276454,5.575320173944294,1.059840632722031,1.042993765780089,2004,-.0752599716186524,-.0014785385131836,3,0,0,1,0,0,,,,,,0,0,,
Mauritius,MUS,2004,,.4519124984741211,.5942100143432617,6.9619999,291.64401,.1975364494323731,,Matched (3),MUS,0,,.6694699859619141,5.675533923076928,5.633438724276454,1.042993765780089,1.014524530766253,2005,-.0112900161743164,-.000604476928711,3,0,0,1,0,0,,,,,,0,0,,
Mauritius,MUS,2005,,.429140510559082,.5829199981689454,6.8670001,295.88,.1931701850891113,,Matched (3),MUS,0,,.5942100143432617,5.689953983222345,5.675533923076928,1.014524530766253,1.0451364750857,2006,-.0298500061035156,-.022771987915039,3,0,0,1,0,0,,,,,,0,0,,
Mauritius,MUS,2006,,.4533131408691407,.5530699920654297,7.1230001,309.23499,.1995475578308105,,Matched (3),MUS,0,,.5829199981689454,5.734101458280056,5.689953983222345,1.0451364750857,1.057270434496673,2007,-.0649900054931641,.0241726303100586,3,0,0,1,0,0,,,,,,0,0,,
Mauritius,MUS,2007,,.4596643447875977,.4880799865722656,8.2600002,326.94501,.2050209236145019,,Matched (3),MUS,0,,.5530699920654297,5.789791983434103,5.734101458280056,1.057270434496673,1.053871465222684,2008,-.0004899978637696,.006351203918457,3,0,0,1,0,0,,,,,,0,0,,
Mauritius,MUS,2008,,.4813502883911133,.4875899887084961,10.125,344.55801,.1850821685791016,,Matched (3),MUS,0,,.4880799865722656,5.842262476612733,5.789791983434103,1.053871465222684,1.033149706606727,2009,.0807800292968751,.0216859436035156,3,0,0,1,0,0,,,,,,0,0,,
Mauritius,MUS,2009,,.485603141784668,.5683700180053711,9.2519999,355.98001,.1659576416015625,,Matched (3),MUS,0,,.4875899887084961,5.874874580360813,5.842262476612733,1.033149706606727,1.043772122735904,2010,-.0244500350952149,.0042528533935547,3,0,0,1,0,0,,,,,,0,0,,
Mauritius,MUS,2010,,.503109359741211,.5439199829101562,10.138,371.56201,.1505806732177734,,Matched (3),MUS,0,,.5683700180053711,5.917715772754716,5.874874580360813,1.043772122735904,1.040776507012861,2011,.0047300338745118,.017506217956543,3,0,0,1,0,0,,,,,,0,0,,
Mauritius,MUS,2011,,.5105936813354492,.548650016784668,11.673,386.71301,.1336591720581055,,Matched (3),MUS,0,,.5439199829101562,5.957682848668526,5.917715772754716,1.040776507012861,1.034961298352596,2012,-.0068100357055664,.0074843215942383,3,0,0,1,0,0,,,,,,0,0,,
Mauritius,MUS,2012,,.5159324264526367,.5418399810791016,11.826,400.233,.132108268737793,,Matched (3),MUS,0,,.548650016784668,5.992046881790684,5.957682848668526,1.034961298352596,1.03360293896187,2013,.022920036315918,.0053387451171875,3,0,0,1,0,0,,,,,,0,0,,
Mauritius,MUS,2013,,.5230028533935547,.5647600173950196,12.293,413.68201,.1179219532012939,,Matched (3),MUS,0,,.5418399810791016,6.025097579255704,5.992046881790684,1.03360293896187,1.038270943552787,2014,.0265299987792968,.007070426940918,3,0,0,1,0,0,,,,,,0,0,,
Mauritius,MUS,2014,,.5364657211303711,.5912900161743164,13.074,429.51401,.1210184478759766,,Matched (3),MUS,0,,.5647600173950196,6.062654354555731,6.025097579255704,1.038270943552787,1.036904460359172,2015,.0389199829101562,.0134628677368164,3,0,0,1,0,0,,,,,,0,0,,
Mauritius,MUS,2015,,.5374793243408204,.6302099990844726,12.007,445.36499,.1098873996734619,,Matched (3),MUS,0,,.5912900161743164,6.098894148757634,6.062654354555731,1.036904460359172,1.038624490534285,2016,-.0042499923706054,.0010136032104493,3,0,0,1,0,0,,,,,,0,0,,
Mauritius,MUS,2016,,.521214485168457,.6259600067138672,12.594,462.56699,.1103119850158691,,Matched (3),MUS,0,,.6302099990844726,6.136791381241118,6.098894148757634,1.038624490534285,1.039380249706496,2017,-.0125899887084961,-.0162648391723633,3,0,0,1,0,0,,,,,,0,0,,
Mauritius,MUS,2017,.0234980702400208,.5207292175292969,.6133700180053711,13.714,480.78299,.1055911922454834,,Matched (3),MUS,0,,.6259600067138672,6.175416003023481,6.136791381241118,1.039380249706496,1.040067989069903,2018,.0181099700927735,-.0004852676391601,2,0,0,1,0,0,,,,,,0,0,,
Mauritius,MUS,2018,.0245860004425049,.5460079193115235,.6314799880981445,14.736,500.047,.1140222072601318,,Matched (3),MUS,0,.0234980702400208,.6133700180053711,6.214702088145645,6.175416003023481,1.040067989069903,1.028913297944407,2019,.1792000198364258,.0252787017822266,1,0,0,1,0,0,,,,,,0,0,,
Mauritius,MUS,2019,.0269374108314514,.5476521682739258,.8106800079345703,14.436,514.505,.1266322135925293,,Master only (1),MUS,0,.0245860004425049,.6314799880981445,6.243205282890178,6.214702088145645,1.028913297944407,.8545339367589402,2020,.108280029296875,.0016442489624023,1,0,0,1,0,0,,,,,,0,0,,
Mauritius,MUS,2020,.0224231195449829,.5646342849731445,.9189600372314453,11.408,439.66199,.1236651134490967,,Master only (1),MUS,0,.0269374108314514,.8106800079345703,6.086006221016118,6.243205282890178,.8545339367589402,1.034037572698087,2021,-.0576200103759765,.0169821166992187,1,0,0,1,0,0,,,,,,0,0,,
Mauritius,MUS,2021,.0176711595058441,.5646249008178711,.8613400268554687,11.484,454.62701,.1035038471221924,,Master only (1),MUS,0,.0224231195449829,.9189600372314453,6.119477333674367,6.086006221016118,1.034037572698087,1.086930593349711,2022,-.0433000183105469,-9.38415527341e-06,1,0,0,1,0,0,,,,,,0,0,,
Mauritius,MUS,2022,.0129915904998779,.5645662689208985,.8180400085449219,12.908,494.14801,.1039199638366699,,Master only (1),MUS,0,.0176711595058441,.8613400268554687,6.202835088210638,6.119477333674367,1.086930593349711,1.05008015566961,2023,-.0035300445556641,-.0000586318969726,1,0,0,1,0,0,,,,,,0,0,,
Mauritius,MUS,2023,.0111346197128296,.5639752578735352,.8145099639892578,14.101,518.89502,.1101578426361084,,Master only (1),MUS,0,.0129915904998779,.8180400085449219,6.25170158819938,6.202835088210638,1.05008015566961,,,,-.0005910110473633,1,0,0,2,0,0,,,,,,0,0,,
Malaysia,MYS,1995,,.3946110916137695,.3816600036621094,96.606003,460.54199,.0854085636138916,.0291918444633484,Matched (3),MYS,0,,,6.132404039784437,,,1.100021270899819,1996,-.0539699935913086,,3,0,0,1,0,0,,,,,,0,0,,
Malaysia,MYS,1996,,.3982036972045899,.3276900100708008,109.846,506.60599,.0733437252044678,.03530632853508,Matched (3),MYS,0,,.3816600036621094,6.227733556583455,6.132404039784437,1.100021270899819,1.073273911303087,1997,-.0314900016784668,.0035926055908204,2,0,0,0,1,1,,,,-.0292462808987807,,0,0,,.0229788516744088
Malaysia,MYS,1997,,.3923848342895508,.296200008392334,109.116,543.72699,.0602808237075806,.093913471698761,Matched (3),MYS,0,,.3276900100708008,6.298447263799141,6.227733556583455,1.073273911303087,.9264116106745268,1998,.0401600074768066,-.0058188629150391,2,0,0,0,1,1,,,,-.0228288529748811,,0,0,,.0228098443622252
Malaysia,MYS,1998,,.3901296234130859,.3363600158691406,78.639,503.715,.074802098274231,.3049912166595459,Matched (3),MYS,0,,.296200008392334,6.222010624668732,6.298447263799141,.9264116106745268,1.061310515564501,1999,.0072699737548828,-.0022552108764649,2,0,0,0,1,1,,,,.0002839647040486,,0,0,,.0254449856362857
Malaysia,MYS,1999,,.392354850769043,.3436299896240234,86.203003,534.59802,.0714879846572876,.0223324316740036,Matched (3),MYS,0,,.3363600158691406,6.281515104597598,6.222010624668732,1.061310515564501,1.086706206085865,2000,-.0184499740600585,.002225227355957,2,0,0,0,1,1,,,,-.0306669105951563,,0,0,,.0230709759475638
Malaysia,MYS,2000,,.3963176727294922,.3251800155639649,102.149,580.95099,.0765066385269165,.0467394000291824,Matched (3),MYS,0,,.3436299896240234,6.364666396614739,6.281515104597598,1.086706206085865,1.005176028789172,2001,.055469970703125,.0039628219604492,2,0,0,0,1,1,,,,-.0279943701537495,,0,0,,.0229139501362789
Malaysia,MYS,2001,-.0143815803527832,.4052272415161133,.3806499862670898,101.054,583.95801,.0602187490463257,.0567722196877003,Matched (3),MYS,0,,.3251800155639649,6.369829075812329,6.364666396614739,1.005176028789172,1.053911401518129,2002,.0146700286865235,.0089095687866211,1,0,0,0,1,1,,,,-.0268957856885043,,0,0,,.0228696723461472
Malaysia,MYS,2002,-.0043321499228477,.4150580978393555,.3953200149536133,109.833,615.44,.0693150424957275,.1384060335159302,Matched (3),MYS,0,-.0143815803527832,.3806499862670898,6.422337463117607,6.369829075812329,1.053911401518129,1.057887001854241,2003,.0186100006103516,.0098308563232422,0,1,1,0,1,1,.0206313177928269,.0206313177928269,.0078533108345115,-.0179569586425829,-.0101036478080713,1,1,.0148399468359509,.0229544528789885
Malaysia,MYS,2003,-.0008002399653196,.4232469940185547,.4139300155639649,120.025,651.06598,.0041751873493195,.0686493825912476,Matched (3),MYS,0,-.0043321499228477,.3953200149536133,6.478610987309396,6.422337463117607,1.057887001854241,1.067827279575028,2004,.0056699752807617,.0081888961791992,0,1,1,0,1,1,.0212012774198469,.0212012774198469,.0083812893066496,-.0255952473452335,-.0172139580385839,1,1,.0154519251922547,.0228326688367295
Malaysia,MYS,2004,.0071111398935318,.4253926086425781,.4195999908447265,135.869,695.22601,.0192623496055603,.1696465110778809,Matched (3),MYS,0,-.0008002399653196,.4139300155639649,6.544236991524429,6.478610987309396,1.067827279575028,1.049759349455599,2005,-.0118199920654297,.0021456146240234,0,1,1,0,1,1,.0227290814805678,.0227290814805678,.009408249051006,-.0145361552688013,-.0051279062177953,1,1,.0148259691267286,.0231947649732756
Malaysia,MYS,2005,.0001434999983758,.4150728607177734,.4077799987792969,150.345,729.82001,.0641787624359131,.1192636799812317,Matched (3),MYS,0,.0071111398935318,.4195999908447265,6.592797938430924,6.544236991524429,1.049759349455599,1.055843880732646,2006,-.0111600112915039,-.0103197479248047,0,1,1,0,1,1,.0228498973155898,.0228498973155898,.0095878167044244,-.0200530286345913,-.0104652119301669,1,1,.0151561637282456,.0228634656472333
Malaysia,MYS,2006,-.0045999899506569,.4234747695922851,.396619987487793,170.41,770.57599,.0417464733123779,.1128637969493866,Matched (3),MYS,0,.0001434999983758,.4077799987792969,6.647138272570254,6.592797938430924,1.055843880732646,1.06299054495891,2007,-.0031399917602539,.0084019088745117,0,1,1,0,1,1,.0221247823939626,.0221247823939626,.0090220437376023,-.0207538099022185,-.0117317661646162,1,1,.0151369860305926,.0228427116990212
Malaysia,MYS,2007,-.0092669802904129,.4189785385131836,.3934799957275391,202.733,819.11499,.0299339556694031,.0428560960292816,Matched (3),MYS,0,-.0045999899506569,.396619987487793,6.708224477214036,6.647138272570254,1.06299054495891,1.048321657061872,2008,.0001300048828125,-.0044962310791015,0,1,1,0,1,1,.0211684912263005,.0211684912263005,.0083958467253108,-.0284195883469714,-.0200237416216606,1,1,.0157283769998288,.0229342742076576
Malaysia,MYS,2008,.0049876600503922,.4122716903686524,.3936100006103516,241.94701,858.69598,.0579204750061035,.0558916585147381,Matched (3),MYS,0,-.0092669802904129,.3934799957275391,6.7554149406985,6.708224477214036,1.048321657061872,.9848619736830415,2009,.1104700088500976,-.0067068481445313,0,1,1,0,1,1,.0210384471401188,.0210384471401188,.008278208090808,-.0269922063218098,-.0187139982310018,1,1,.0155700316501524,.0228730821714832
Malaysia,MYS,2009,.0083268398046494,.4248360443115234,.5040800094604492,211.847,845.69702,.0395057773590088,.1090556085109711,Matched (3),MYS,0,.0049876600503922,.3936100006103516,6.740161164829006,6.7554149406985,.9848619736830415,1.075279916858522,2010,.0080400085449219,.0125643539428711,0,1,1,0,1,1,.0212719139026536,.0212719139026536,.0083728380442068,-.021170803010992,-.0127979649667852,1,1,.0150920914432825,.0228326718399223
Malaysia,MYS,2010,.0079657298326492,.4504008102416992,.5121200180053711,258.64099,909.36102,.0570787525177002,.1638832575082779,Matched (3),MYS,0,.0083268398046494,.5040800094604492,6.812742180288989,6.740161164829006,1.075279916858522,1.052934930875428,2011,.0068599700927734,.0255647659301758,0,1,1,0,1,1,.0280276850172335,.0280276850172335,.0141281957286415,-.0151672261996397,-.0010390304709982,1,1,.0154692098832219,.0231419815622774
Malaysia,MYS,2011,.0112721502780914,.4508672714233398,.5189799880981445,302.18399,957.49799,.0673044204711914,.0502046310901642,Matched (3),MYS,0,.0079657298326492,.5121200180053711,6.864323617491068,6.812742180288989,1.052934930875428,1.054736443266476,2012,.0188999938964844,.0004664611816406,0,1,1,0,1,1,.0280196231343638,.0280196231343638,.0143494099040741,-.02761493056033,-.0132655206562558,1,1,.0165944926213319,.0228973133295197
Malaysia,MYS,2012,.0172184598445892,.4789917755126953,.5378799819946289,318.91,1009.908,.0306263041496277,,Matched (3),MYS,0,.0112721502780914,.5189799880981445,6.917614536400653,6.864323617491068,1.054736443266476,1.046936985977497,2013,.0186800003051757,.0281245040893555,1,0,0,1,0,0,,,,,,0,0,,
Malaysia,MYS,2013,.0130556905269623,.4942948532104492,.5565599822998046,327.86899,1057.3101,.0550571966171265,,Matched (3),MYS,0,.0172184598445892,.5378799819946289,6.963483281165043,6.917614536400653,1.046936985977497,1.060066496688096,2014,-.0028299713134765,.0153030776977539,1,0,0,1,0,0,,,,,,0,0,,
Malaysia,MYS,2014,.0148866999149323,.5249768829345703,.5537300109863281,342.86801,1120.819,.0738137102127075,,Matched (3),MYS,0,.0130556905269623,.5565599822998046,7.021814920046023,6.963483281165043,1.060066496688096,1.050072377278011,2015,.0159799957275391,.0306820297241212,1,0,0,1,0,0,,,,,,0,0,,
Malaysia,MYS,2015,.0192891204357147,.5256266021728515,.5697100067138672,301.35501,1176.941,.0727822399139404,,Matched (3),MYS,0,.0148866999149323,.5537300109863281,7.070674012580803,7.021814920046023,1.050072377278011,1.044497532075141,2016,-.0118400192260742,.0006497192382812,1,0,0,1,0,0,,,,,,0,0,,
Malaysia,MYS,2016,.0200454592704773,.500595703125,.5578699874877929,301.25601,1229.312,.0910392475128174,,Matched (3),MYS,0,.0192891204357147,.5697100067138672,7.114209951811395,7.070674012580803,1.044497532075141,1.05812766048718,2017,-.0139199829101562,-.0250308990478515,1,0,0,1,0,0,,,,,,0,0,,
Malaysia,MYS,2017,.0168363499641418,.4867232131958008,.5439500045776368,319.10901,1300.769,.0914879512786865,,Matched (3),MYS,0,.0200454592704773,.5578699874877929,7.1707109400546,7.114209951811395,1.05812766048718,1.048430540827147,2018,.0125099945068359,-.0138724899291992,1,0,0,1,0,0,,,,,,0,0,,
Malaysia,MYS,2018,.0117044401168823,.4937052154541016,.5564599990844726,358.78299,1363.766,.0936244106292725,,Matched (3),MYS,0,.0168363499641418,.5439500045776368,7.218005262989394,7.1707109400546,1.048430540827147,1.044132230561644,2019,.0143700027465821,.0069820022583008,1,0,0,1,0,0,,,,,,0,0,,
Malaysia,MYS,2019,.0151437604427338,.5026324081420899,.5708300018310547,365.17801,1423.952,.0913432598114014,,Master only (1),MYS,0,.0117044401168823,.5564599990844726,7.261191402055537,7.218005262989394,1.044132230561644,.9454314460804379,2020,.1061000061035157,.0089271926879883,1,0,0,1,0,0,,,,,,0,0,,
Malaysia,MYS,2020,.0199359905719757,.5028362274169922,.6769300079345704,337.45599,1346.249,.0895774364471436,,Master only (1),MYS,0,.0151437604427338,.5708300018310547,7.205077503075721,7.261191402055537,.9454314460804379,1.033153550192629,2021,.0146900177001953,.0002038192749023,1,0,0,1,0,0,,,,,,0,0,,
Malaysia,MYS,2021,.0180843102931976,.500369644165039,.6916200256347657,373.785,1390.882,.1107612133026123,,Master only (1),MYS,0,.0199359905719757,.6769300079345704,7.237693327077242,7.205077503075721,1.033153550192629,1.090317580889416,2022,-.0369800567626953,-.0024665832519531,1,0,0,1,0,0,,,,,,0,0,,
Malaysia,MYS,2022,.0111737895011902,.5034051132202149,.6546399688720703,407.82999,1516.5031,.1017776203155518,,Master only (1),MYS,0,.0180843102931976,.6916200256347657,7.324162339495759,7.237693327077242,1.090317580889416,1.035370133910018,2023,.0424800109863281,.0030354690551758,1,0,0,1,0,0,,,,,,0,0,,
Malaysia,MYS,2023,.0027991399168968,.5056172561645508,.6971199798583985,399.94901,1570.142,.0903432750701904,,Master only (1),MYS,0,.0111737895011902,.6546399688720703,7.35892131958763,7.324162339495759,1.035370133910018,,,,.0022121429443359,1,0,0,2,0,0,,,,,,0,0,,
Namibia,NAM,1995,,.3794836044311524,.1799099922180176,3.948,64.194,.0346076607704163,.0083142466957753,Matched (3),NAM,0,,,4.161909752187693,,,1.031965634565861,1996,.0073400115966797,,3,0,0,1,0,0,,,,,,0,0,,
Namibia,NAM,1996,,.3790921783447266,.1872500038146973,3.954,66.246002,.0493453025817871,0,Matched (3),NAM,0,,.1799099922180176,4.19337511885333,4.161909752187693,1.031965634565861,1.04216102368353,1997,-.0100800132751465,-.0003914260864258,2,0,0,0,1,1,,,,-.0331122911903692,,0,0,,.0232748731558152
Namibia,NAM,1997,,.3758369445800781,.1771699905395508,4.1100001,69.039001,.060196213722229,.0175225305098754,Matched (3),NAM,0,,.1872500038146973,4.234671583531005,4.19337511885333,1.04216102368353,1.032908870293997,1998,.0185700035095215,-.0032552337646485,2,0,0,0,1,1,,,,-.0311935903201118,,0,0,,.0231100771873262
Namibia,NAM,1998,,.3736218643188476,.1957399940490723,3.832,71.310997,.0751850700378418,.0828245702156654,Matched (3),NAM,0,,.1771699905395508,4.26705055128138,4.234671583531005,1.032908870293997,1.033669434971581,1999,.0222300148010254,-.0022150802612305,2,0,0,0,1,1,,,,-.0240430774223046,,0,0,,.0228104836390274
Namibia,NAM,1999,,.3670946502685547,.2179700088500977,3.8239999,73.711998,.0701836395263672,.0362514440829937,Matched (3),NAM,0,,.1957399940490723,4.300165580868835,4.26705055128138,1.033669434971581,1.034973993381413,2000,-.0093800163269043,-.0065272140502929,2,0,0,0,1,1,,,,-.0291427916211758,,0,0,,.0229729059938609
Namibia,NAM,2000,,.3610402297973633,.2085899925231934,3.941,76.290001,.0618054151535034,.0083142466957753,Matched (3),NAM,0,,.2179700088500977,4.334541880102758,4.300165580868835,1.034973993381413,1.02392183675896,2001,.0353400039672852,-.0060544204711914,2,0,0,0,1,1,,,,-.0322018888736646,,0,0,,.0231923305601259
Namibia,NAM,2001,,.3615087127685547,.2439299964904785,3.5769999,78.114998,.0595569801330566,0,Matched (3),NAM,0,,.2085899925231934,4.358182072516616,4.334541880102758,1.02392183675896,1.066798981783703,2002,-.0220599937438965,.0004684829711914,2,0,0,0,1,1,,,,-.0331122911903692,,0,0,,.0232748731558152
Namibia,NAM,2002,,.3611085891723633,.221870002746582,3.3959999,83.333,.069250226020813,.0072647792371837,Matched (3),NAM,0,,.2439299964904785,4.422844631383411,4.358182072516616,1.066798981783703,1.03477617052241,2003,.0495899963378906,-.0004001235961914,2,0,0,0,1,1,,,,-.0323168045888903,,0,0,,.0232023182625315
Namibia,NAM,2003,,.3622102355957031,.2714599990844727,4.974,86.231003,.0817177677154541,.0355431362715634,Matched (3),NAM,0,,.221870002746582,4.457029774348278,4.422844631383411,1.03477617052241,1.066321786299809,2004,.0203300094604492,.0011016464233399,2,0,0,0,1,1,,,,-.0292203506708482,,0,0,,.0229773521313708
Namibia,NAM,2004,,.3590307998657227,.2917900085449219,6.6729999,91.949997,.084600133895874,.0089067399960298,Matched (3),NAM,0,,.2714599990844727,4.521244917861011,4.457029774348278,1.066321786299809,1.04671023317986,2005,-.0228200149536133,-.0031794357299805,2,0,0,0,1,1,,,,-.0321370114057566,,0,0,,.0231867470798191
Namibia,NAM,2005,,.3521735000610351,.2689699935913086,7.3239999,96.245003,.0847055339813232,.0249334348331798,Matched (3),NAM,0,,.2917900085449219,4.566897052303998,4.521244917861011,1.04671023317986,1.039472137391721,2006,-.0076099967956543,-.0068572998046875,2,0,0,0,1,1,,,,-.0303821031569703,,0,0,,.0230509426467013
Namibia,NAM,2006,,.3617294311523437,.2613599967956543,7.711,100.044,.073542308807373,.0014604243177634,Matched (3),NAM,0,,.2689699935913086,4.605610076404731,4.566897052303998,1.039472137391721,1.036463982560164,2007,-.0677199935913086,.0095559310913086,2,0,0,0,1,1,,,,-.0329523760794862,,0,0,,.0232598095050556
Namibia,NAM,2007,,.3662649154663086,.1936400032043457,8.7299995,103.692,.0538535833358765,.0811590145184443,Matched (3),NAM,0,,.2613599967956543,4.641424979596897,4.605610076404731,1.036463982560164,1.026491933923317,2008,-.0026700019836426,.0045354843139648,2,0,0,0,1,1,,,,-.0242254542293485,,0,0,,.0228118477702129
Namibia,NAM,2008,,.3840426254272461,.1909700012207031,8.4960003,106.439,.0372090101242065,.001582133715803,Matched (3),NAM,0,,.1936400032043457,4.667572079199052,4.641424979596897,1.026491933923317,1.0029593927335,2009,-.0324600028991699,.0177777099609375,2,0,0,0,1,1,,,,-.0329390490130671,,0,0,,.0232585649581668
Namibia,NAM,2009,,.3662116241455078,.1585099983215332,8.915,106.754,.0397693061828613,.0219187617301941,Matched (3),NAM,0,,.1909700012207031,4.670527101550205,4.667572079199052,1.0029593927335,1.06040060146679,2010,.0047699928283692,-.0178310012817383,2,0,0,0,1,1,,,,-.03071220707107,,0,0,,.0230742340857066
Namibia,NAM,2010,,.3631441116333008,.1632799911499024,11.281,113.202,.039630720615387,.0745772088657726,Matched (3),NAM,0,,.1585099983215332,4.729173864190238,4.670527101550205,1.06040060146679,1.050908929893238,2011,.1112200164794922,-.003067512512207,2,0,0,0,1,1,,,,-.0249461558555508,,0,0,,.0228204769355858
Namibia,NAM,2011,,.3617620849609375,.2745000076293945,12.423,118.965,.0371833682060242,.0101282566785812,Matched (3),NAM,0,,.1632799911499024,4.77882930142031,4.729173864190238,1.050908929893238,1.05061995846849,2012,-.0282200050354004,-.0013820266723633,2,0,0,0,1,1,,,,-.032003256459773,,0,0,,.0231753618215265
Namibia,NAM,2012,,.3664508056640625,.2462800025939941,13.016,124.987,.0446775197982788,.0489000421303969,Matched (3),NAM,0,,.2745000076293945,4.82820972798727,4.77882930142031,1.05061995846849,1.05614182529726,2013,.0148500061035156,.004688720703125,2,0,0,0,1,1,,,,-.0277577818437689,,0,0,,.0229034105801249
Namibia,NAM,2013,,.3694589996337891,.2611300086975097,12.168,132.004,.0438753032684326,.0242095629985516,Matched (3),NAM,0,,.2462800025939941,4.882832208512099,4.82820972798727,1.05614182529726,1.06092996728476,2014,.0145899963378907,.0030081939697266,2,0,0,0,1,1,,,,-.0304613664527753,,0,0,,.0230564395092031
Namibia,NAM,2014,.0633283090591431,.3725780487060547,.2757200050354004,12.434,140.047,.041331901550293,.0730825182107779,Matched (3),NAM,0,,.2611300086975097,4.94197805963627,4.882832208512099,1.06092996728476,1.042642828814616,2015,.1451799964904785,.0031190490722656,1,0,0,0,1,1,,,,-.0251098230986403,,0,0,,.0228231563777933
Namibia,NAM,2015,.0695537090301514,.3724930953979492,.4209000015258789,11.45,146.019,.047551736831665,.3196457077906682,Matched (3),NAM,0,.0633283090591431,.2757200050354004,4.983736730999802,4.94197805963627,1.042642828814616,1.000335545186734,2016,.0374300003051758,-.0000849533081055,0,1,1,0,1,1,.015205259890815,.015205259890815,.0041923943336601,.0018886179172713,.0060810122509314,1,1,.014994483845367,.0257931109660567
Namibia,NAM,2016,.0830282115936279,.385601806640625,.4583300018310547,10.719,146.06799,.0756954908370972,.2008412082378681,Matched (3),NAM,0,.0695537090301514,.4209000015258789,4.98407221990384,4.983736730999802,1.000335545186734,.9897308098269331,2017,-.0200400161743164,.0131087112426758,0,1,1,0,1,1,.0232731234407013,.0232731234407013,.0097956576917032,-.0111203648066559,-.0013247071149527,1,1,.0147468557068896,.0235451768426177
Namibia,NAM,2017,.0773953104019165,.3774854278564453,.4382899856567383,12.883,144.56799,.090214204788208,.1804695364145132,Matched (3),NAM,0,.0830282115936279,.4583300018310547,4.973749937810588,4.98407221990384,.9897308098269331,1.010597179264393,2018,.0491500091552735,-.0081163787841797,0,1,1,0,1,1,.0253967303911611,.0253967303911611,.0116400834866836,-.0133510440132945,-.0017109605266108,1,1,.0150300923794098,.0233040574443052
Namibia,NAM,2018,.0756109714508057,.3842934417724609,.4874399948120117,13.676,146.10001,.1033102798461914,.0179948352141814,Matched (3),NAM,0,.0773953104019165,.4382899856567383,4.98429136053294,4.973749937810588,1.010597179264393,.9916083974512288,2019,.0882400131225586,.0068080139160157,0,1,1,0,1,1,.0235233894908423,.0235233894908423,.0103100660425392,-.0311418733922019,-.0208318073496627,1,1,.0163172081165125,.023106119865847
Namibia,NAM,2019,.075243182182312,.3812322616577148,.5756800079345703,12.539,144.87399,.115246057510376,,Master only (1),NAM,0,.0756109714508057,.4874399948120117,4.975864350263343,4.98429136053294,.9916083974512288,.9189847723862605,2020,.0672899627685547,-.0030611801147461,1,0,0,1,0,0,,,,,,0,0,,
Namibia,NAM,2020,.0949253559112549,.3800989151000976,.642969970703125,10.583,133.13699,.1234771156311035,,Master only (1),NAM,0,.075243182182312,.5756800079345703,4.891378623734935,4.975864350263343,.9189847723862605,1.036038099010391,2021,.0530699920654297,-.0011333465576172,1,0,0,1,0,0,,,,,,0,0,,
Namibia,NAM,2021,.0896536827087402,.379327163696289,.6960399627685547,12.399,137.935,.139147777557373,,Master only (1),NAM,0,.0949253559112549,.642969970703125,4.926782542002594,4.891378623734935,1.036038099010391,1.053989243900356,2022,.0044900512695312,-.0007717514038086,1,0,0,1,0,0,,,,,,0,0,,
Namibia,NAM,2022,.0899994564056397,.3815325164794922,.7005300140380859,12.564,145.382,.1462599658966064,,Master only (1),NAM,0,.0896536827087402,.6960399627685547,4.979364787041567,4.926782542002594,1.053989243900356,1.044427779681572,2023,-.0219300079345702,.0022053527832032,1,0,0,1,0,0,,,,,,0,0,,
Namibia,NAM,2023,.0555880880355835,.3797610092163086,.6786000061035157,12.402,151.841,.144970760345459,,Master only (1),NAM,0,.0899994564056397,.7005300140380859,5.022833943229988,4.979364787041567,1.044427779681572,,,,-.0017715072631836,1,0,0,2,0,0,,,,,,0,0,,
Nigeria,NGA,1995,,.293480224609375,.2417200088500976,186.207,57899.977,.1562088680267334,,Matched (3),NGA,0,,,10.96647225876826,,,1.040520377477484,1996,-.0627200126647949,,5,0,0,3,0,0,,,,,,0,0,,
Nigeria,NGA,1996,,.2934799385070801,.1789999961853027,243.17799,60246.105,.1087382125854492,,Matched (3),NGA,0,,.2417200088500976,11.00619320974086,10.96647225876826,1.040520377477484,1.028859165753907,1997,-.0076000022888184,-2.86102294911e-07,3,0,0,1,0,0,,,,,,0,0,,
Nigeria,NGA,1997,,.2987821388244629,.1713999938964844,264.55399,61984.758,.1143675994873047,,Matched (3),NGA,0,,.1789999961853027,11.03464379206932,11.00619320974086,1.028859165753907,1.024955984012703,1998,-.0132899951934815,.0053022003173828,3,0,0,1,0,0,,,,,,0,0,,
Nigeria,NGA,1998,,.3040886497497559,.1581099987030029,295.26901,63531.648,.1780465507507324,,Matched (3),NGA,0,,.1713999938964844,11.05929346131101,11.03464379206932,1.024955984012703,1.005218425216468,1999,.3030299854278564,.0053065109252929,3,0,0,1,0,0,,,,,,0,0,,
Nigeria,NGA,1999,,.2973914909362793,.4611399841308594,80.940002,63863.184,.2702742576599121,,Matched (3),NGA,0,,.1581099987030029,11.0644983177313,11.05929346131101,1.005218425216468,1.055185049827283,2000,-.0521099853515625,-.0066971588134765,3,0,0,1,0,0,,,,,,0,0,,
Nigeria,NGA,2000,,.2911482810974121,.4090299987792969,95.510002,67387.477,.1408388710021973,,Matched (3),NGA,0,,.4611399841308594,11.11821447195797,11.0644983177313,1.055185049827283,1.066668428863533,2001,-.03197998046875,-.0062432098388672,3,0,0,1,0,0,,,,,,0,0,,
Nigeria,NGA,2001,,.2839161109924316,.3770500183105469,102.98,71880.094,.1453322505950928,,Matched (3),NGA,0,,.4090299987792969,11.18275464515374,11.11821447195797,1.066668428863533,1.146043889063514,2002,-.0698100090026855,-.0072321701049805,3,0,0,1,0,0,,,,,,0,0,,
Nigeria,NGA,2002,,.2768074226379394,.3072400093078613,132.347,82377.742,.0907175827026367,,Matched (3),NGA,0,,.3770500183105469,11.31907056032509,11.18275464515374,1.146043889063514,1.095026047596481,2003,-.008380012512207,-.0071086883544922,3,0,0,1,0,0,,,,,,0,0,,
Nigeria,NGA,2003,,.2782587623596192,.2988599967956543,144.955,90205.773,.1952412796020508,,Matched (3),NGA,0,,.3072400093078613,11.40984871106998,11.31907056032509,1.095026047596481,1.104420024390415,2004,-.0468499946594238,.0014513397216797,3,0,0,1,0,0,,,,,,0,0,,
Nigeria,NGA,2004,,.278531379699707,.2520100021362305,183.55299,99625.063,.0579161977767944,,Matched (3),NGA,0,,.2988599967956543,11.50916904344489,11.40984871106998,1.104420024390415,1.070084570210433,2005,-.1175100040435791,.0002726173400879,3,0,0,1,0,0,,,,,,0,0,,
Nigeria,NGA,2005,,.3149100303649902,.1344999980926514,238.895,106607.24,.0821866893768311,,Matched (3),NGA,0,,.2520100021362305,11.57690672637525,11.50916904344489,1.070084570210433,1.067259736326251,2006,-.0677199983596802,.0363786506652832,3,0,0,1,0,0,,,,,,0,0,,
Nigeria,NGA,2006,,.3827704620361328,.0667799997329712,313.737,113777.62,.03213951587677,,Matched (3),NGA,0,,.1344999980926514,11.64200109580639,11.57690672637525,1.067259736326251,1.073180790240831,2007,-.0091400003433228,.0678604316711426,3,0,0,1,0,0,,,,,,0,0,,
Nigeria,NGA,2007,.0632149600982666,.3882621383666992,.0576399993896484,375.05499,122103.95,.036905255317688,,Matched (3),NGA,0,,.0667799997329712,11.71262803570083,11.64200109580639,1.073180790240831,1.071992895909774,2008,-.0059700012207031,.0054916763305664,2,0,0,1,0,0,,,,,,0,0,,
Nigeria,NGA,2008,.0762632513046265,.3984303665161133,.0516699981689453,472.28299,130894.57,.0315634417533875,,Matched (3),NGA,0,.0632149600982666,.0576399993896484,11.78214747137764,11.71262803570083,1.071992895909774,1.083533413848992,2009,.009520001411438,.0101682281494141,1,0,0,1,0,0,,,,,,0,0,,
Nigeria,NGA,2009,.0656273317337036,.3940056610107422,.0611899995803833,425.922,141828.64,.0643812704086304,,Matched (3),NGA,0,.0762632513046265,.0516699981689453,11.86237485170489,11.78214747137764,1.083533413848992,1.112589102628579,2010,.0055100011825562,-.0044247055053711,1,0,0,1,0,0,,,,,,0,0,,
Nigeria,NGA,2010,.0423177480697632,.4147311401367187,.0667000007629395,526.80902,157797,.0505668926239014,,Matched (3),NGA,0,.0656273317337036,.0611899995803833,11.96906467580635,11.86237485170489,1.112589102628579,1.048873810180168,2011,.0570800018310547,.0207254791259766,1,0,0,1,0,0,,,,,,0,0,,
Nigeria,NGA,2011,.0914414215087891,.4171068572998047,.1237800025939941,591.367,165509.14,.0474980163574219,,Matched (3),NGA,0,.0423177480697632,.0667000007629395,12.01678170263665,11.96906467580635,1.048873810180168,1.04279276493887,2012,.0010400009155273,.0023757171630859,1,0,0,1,0,0,,,,,,0,0,,
Nigeria,NGA,2012,.1287936878204346,.4187504577636719,.1248200035095215,657.854,172591.73,.0661370611190796,,Matched (3),NGA,0,.0914414215087891,.1237800025939941,12.05868416757977,12.01678170263665,1.04279276493887,1.053944229477241,2013,.0050599956512451,.0016436004638672,1,0,0,1,0,0,,,,,,0,0,,
Nigeria,NGA,2013,.100449857711792,.4221242141723633,.1298799991607666,734.89001,181902.06,.0859700775146484,,Matched (3),NGA,0,.1287936878204346,.1248200035095215,12.11122370308954,12.05868416757977,1.053944229477241,1.063097140528574,2014,.027770004272461,.0033737564086914,1,0,0,1,0,0,,,,,,0,0,,
Nigeria,NGA,2014,.1045782089233398,.2021304512023926,.1576500034332275,811.13397,193379.56,.0887086391448975,,Matched (3),NGA,0,.100449857711792,.1298799991607666,12.17241018165004,12.11122370308954,1.063097140528574,1.026526927451292,2015,-.0083500003814697,-.2199937629699707,1,0,0,1,0,0,,,,,,0,0,,
Nigeria,NGA,2015,.1215226364135742,.2100400161743164,.1493000030517578,696.08801,198509.33,.1555641841888428,,Matched (3),NGA,0,.1045782089233398,.1576500034332275,12.19859137107829,12.17241018165004,1.026526927451292,.9838313643478813,2016,.0244599914550781,.0079095649719238,1,0,0,1,0,0,,,,,,0,0,,
Nigeria,NGA,2016,.1214937877655029,.2288111686706543,.1737599945068359,570.35101,195299.7,.250412769317627,,Matched (3),NGA,0,.1215226364135742,.1493000030517578,12.18229059676633,12.19859137107829,.9838313643478813,1.008058848015722,2017,.0062899971008301,.0187711524963379,1,0,0,1,0,0,,,,,,0,0,,
Nigeria,NGA,2017,.1340854263305664,.2280594062805176,.180049991607666,529.14398,196873.59,.2059957122802734,,Matched (3),NGA,0,.1214937877655029,.1737599945068359,12.19031714567938,12.18229059676633,1.008058848015722,1.019227597657444,2018,.0237200164794922,-.0007517623901367,1,0,0,1,0,0,,,,,,0,0,,
Nigeria,NGA,2018,.1133755779266357,.2302962684631348,.2037700080871582,593.89697,200659,.2414307022094727,,Matched (3),NGA,0,.1340854263305664,.180049991607666,12.20936222891292,12.19031714567938,1.019227597657444,1.022084263601433,2019,.010629997253418,.0022368621826172,1,0,0,1,0,0,,,,,,0,0,,
Nigeria,NGA,2019,.1188037967681885,.2354277038574219,.2144000053405762,668.21899,205090.41,.2411003303527832,,Master only (1),NGA,0,.1133755779266357,.2037700080871582,12.2312061670035,12.20936222891292,1.022084263601433,.9363110140604152,2020,.0428299903869629,.0051314353942871,1,0,0,1,0,0,,,,,,0,0,,
Nigeria,NGA,2020,.082556324005127,.2470685768127441,.2572299957275391,598.72498,192028.41,.3644284057617188,,Master only (1),NGA,0,.1188037967681885,.2144000053405762,12.16539858928526,12.2312061670035,.9363110140604152,1.011092515771999,2021,.009010009765625,.0116408729553223,1,0,0,1,0,0,,,,,,0,0,,
Nigeria,NGA,2021,.1018871116638184,.2505012512207031,.2662400054931641,609.479,194158.48,.352791862487793,,Master only (1),NGA,0,.082556324005127,.2572299957275391,12.17643003430801,12.16539858928526,1.011092515771999,1.043188300665782,2022,.0321399879455566,.003432674407959,1,0,0,1,0,0,,,,,,0,0,,
Nigeria,NGA,2022,.0949123477935791,.2463403129577637,.2983799934387207,645.68201,202543.86,.2497352981567383,,Master only (1),NGA,0,.1018871116638184,.2662400054931641,12.21871173158278,12.17643003430801,1.043188300665782,1.033159021807545,2023,.0649799919128418,-.0041609382629394,1,0,0,1,0,0,,,,,,0,0,,
Nigeria,NGA,2023,.1032914257049561,.2525531959533691,.3633599853515625,487.34698,209260.02,.3897653961181641,,Master only (1),NGA,0,.0949123477935791,.2983799934387207,12.25133285160291,12.21871173158278,1.033159021807545,,,,.0062128829956054,1,0,0,2,0,0,,,,,,0,0,,
Netherlands,NLD,1995,.0033496901392937,.6023240661621094,.7302999877929688,453.37701,535.59198,.0942690944671631,.1135511350631714,Matched (3),NLD,0,,,6.283372639807351,,,1.03415660994088,1996,-.0178399658203126,,3,0,0,2,0,0,,,,,,0,0,,
Netherlands,NLD,1996,-.0028077399730682,.60945068359375,.7124600219726562,451.508,553.88599,.0929920291900635,.0483733248710632,Matched (3),NLD,0,.0033496901392937,.7302999877929688,6.316958864715622,6.283372639807351,1.03415660994088,1.042456375123032,1997,-.0555000305175781,.0071266174316406,1,0,0,1,0,0,,,,,,0,0,,
Netherlands,NLD,1997,-.007610239982605,.612319450378418,.6569599914550781,418.02301,577.40198,.0897837066650391,.125307765007019,Matched (3),NLD,0,-.0028077399730682,.7124600219726562,6.358538692126092,6.316958864715622,1.042456375123032,1.046536028906083,1998,-.0301599884033203,.002868766784668,1,0,0,1,0,0,,,,,,0,0,,
Netherlands,NLD,1998,-.0064372998476028,.6174482727050781,.6268000030517578,439.215,604.27197,.0854898357391357,.1797504043579101,Matched (3),NLD,0,-.007610239982605,.6569599914550781,6.404024382441281,6.358538692126092,1.046536028906083,1.050384671637244,1999,-.0407899856567382,.0051288223266601,1,0,0,1,0,0,,,,,,0,0,,
Netherlands,NLD,1999,-.0099673998355865,.6286544036865235,.5860100173950196,448.22299,634.71802,.0736327123641968,.1191234445571899,Matched (3),NLD,0,-.0064372998476028,.6268000030517578,6.453180833459726,6.404024382441281,1.050384671637244,1.042277016930116,2000,-.0644600296020508,.0112061309814454,1,0,0,1,0,0,,,,,,0,0,,
Netherlands,NLD,2000,-.00612448990345,.6315097808837891,.5215499877929688,417.83401,661.552,.0589681148529053,.1301738405227661,Matched (3),NLD,0,-.0099673998355865,.5860100173950196,6.494588592639271,6.453180833459726,1.042277016930116,1.023280106372732,2001,-.0274099731445313,.0028553771972656,0,1,1,0,1,1,.0327222346417297,.0327222346417297,.019175557291604,-.0188583761548086,.0003171811367954,1,1,.0165803383357544,.0229100302627528
Netherlands,NLD,2001,-.0003664699941874,.615878677368164,.4941400146484375,432.539,676.953,.0518712139129639,.0464737868309021,Matched (3),NLD,0,-.00612448990345,.5215499877929688,6.51760185090098,6.494588592639271,1.023280106372732,1.002462493231119,2002,-.0072100067138672,-.015631103515625,0,1,1,0,1,1,.028560588791812,.028560588791812,.0148957747357295,-.0280234545530836,-.013127679817354,1,1,.0167389237999182,.0229152837513805
Netherlands,NLD,2002,.0031645399332047,.6128458786010742,.4869300079345703,475.194,678.62,.0480834770202637,.2046220588684082,Matched (3),NLD,0,-.0003664699941874,.4941400146484375,6.520061317163883,6.51760185090098,1.002462493231119,1.000979897486264,2003,.0111100006103516,-.0030327987670898,0,1,1,0,1,1,.0276137788838919,.0276137788838919,.013645073102185,-.0107063651625381,.0029387079396469,1,1,.015184424271606,.0235949265813972
Netherlands,NLD,2003,.0013916499912739,.612671012878418,.4980400085449219,582.28998,679.28497,.0437030076980591,.20955153465271,Matched (3),NLD,0,.0031645399332047,.4869300079345703,6.521040734864007,6.520061317163883,1.000979897486264,1.020134409701148,2004,.0029100036621094,-.0001748657226562,0,1,1,0,1,1,.0272089858888527,.0272089858888527,.0132488717147507,-.0101665921273637,.003082279587387,1,1,.0151130418186976,.0236621043155695
Netherlands,NLD,2004,-.0015428799390793,.6114955520629883,.5009500122070313,660.92499,692.96198,.0415188550949097,.1057722568511963,Matched (3),NLD,0,.0013916499912739,.4980400085449219,6.540975127695538,6.521040734864007,1.020134409701148,1.020291207398889,2005,-.0051499938964844,-.0011754608154296,0,1,1,0,1,1,.0274242407202069,.0274242407202069,.0136583690826298,-.0215303269783448,-.007871957895715,1,1,.0158645007852114,.0228254012229247
Netherlands,NLD,2005,-.0091116100549698,.6217212677001953,.4958000183105469,688.51398,707.02301,.0386193084716797,.201592321395874,Matched (3),NLD,0,-.0015428799390793,.5009500122070313,6.561063211694967,6.540975127695538,1.020291207398889,1.035389224580915,2006,-.0462000274658203,.010225715637207,0,1,1,0,1,1,.0280030208647964,.0280030208647964,.0140281136440535,-.0110381186111583,.0029899950328952,1,1,.015249514295862,.0235549370561916
Netherlands,NLD,2006,-.010069659948349,.6468895721435547,.4495999908447266,737.633,732.04401,.0337476992607117,.2942095565795899,Matched (3),NLD,0,-.0091116100549698,.4958000183105469,6.595840630115578,6.561063211694967,1.035389224580915,1.038820027899394,2007,-.0221899795532227,.0251683044433594,0,1,1,0,1,1,.0280922802934347,.0280922802934347,.0139281530838699,-.0008966170941439,.013031535989726,1,1,.0150934047586984,.025200612354211
Netherlands,NLD,2007,-.003395200073719,.6567256927490235,.4274100112915039,853.59998,760.46198,.0333364272117615,.2531253147125244,Matched (3),NLD,0,-.010069659948349,.4495999908447266,6.633926110577723,6.595840630115578,1.038820027899394,1.021268665311493,2008,.1161100006103516,.0098361206054688,0,1,1,0,1,1,.025189823337185,.025189823337185,.0113253443417786,-.0053953035469812,.0059300407947974,1,1,.0148094356068816,.0243662246817827
Netherlands,NLD,2008,.0060908997058868,.673092041015625,.5435200119018555,957.797,776.63599,.0328039455413818,.1134715604782105,Matched (3),NLD,0,-.003395200073719,.4274100112915039,6.654971754529575,6.633926110577723,1.021268665311493,.9632968271048294,2009,.0193799972534179,.0163663482666015,0,1,1,0,1,1,.0232864555818972,.0232864555818972,.0099528642431978,-.0206872603584178,-.01073439611522,1,1,.0152480360907261,.0228444735702984
Netherlands,NLD,2009,.0046412301063538,.6749482727050782,.5629000091552734,878,748.13098,.0297691798210144,.1192749881744385,Matched (3),NLD,0,.0060908997058868,.5435200119018555,6.617578071528814,6.654971754529575,.9632968271048294,1.013168803311769,2010,.0260699844360353,.0018562316894531,0,1,1,0,1,1,.0301670421911041,.0301670421911041,.0163963911307527,-.0200517903979031,-.0036553992671504,1,1,.0161949985810151,.0228635066194077
Netherlands,NLD,2010,-.0019038699567318,.6757108306884766,.5889699935913086,853.16101,757.98297,.0286717772483826,.0402413427829742,Matched (3),NLD,0,.0046412301063538,.5629000091552734,6.630660919943326,6.617578071528814,1.013168803311769,1.017768232387801,2011,.0227000045776367,.0007625579833984,0,1,1,0,1,1,.0309757110713735,.0309757110713735,.0174362280456673,-.0287059014069698,-.0112696733613025,1,1,.0172882767393169,.0229489571155154
Netherlands,NLD,2011,.0022119599580765,.6861534881591796,.6116699981689453,912.97998,771.45099,.0307238078117371,.1948865699768066,Matched (3),NLD,0,-.0019038699567318,.5889699935913086,6.648273142590892,6.630660919943326,1.017768232387801,.9902262384297802,2012,.0452300262451172,.0104426574707031,0,1,1,0,1,1,.0331718508581395,.0331718508581395,.0195372247873303,-.0117723921840445,.0077648326032857,1,1,.0161386080727012,.0234699734909564
Netherlands,NLD,2012,.0014505299925804,.6826576232910156,.6569000244140625,846.22498,763.91101,.0274601101875305,.1261266422271728,Matched (3),NLD,0,.0022119599580765,.6116699981689453,6.63845130429628,6.648273142590892,.9902262384297802,.9996805667790409,2013,.0147100067138672,-.003495864868164,0,1,1,0,1,1,.0342201890531203,.0342201890531203,.0209314629754631,-.0193015406216921,.001629922353771,1,1,.0169372549654601,.0228911156291196
Netherlands,NLD,2013,-.0038243699073792,.6911416625976563,.6716100311279297,883.96399,763.66699,.0281396913528442,.0607108545303345,Matched (3),NLD,0,.0014505299925804,.6569000244140625,6.638131820045662,6.63845130429628,.9996805667790409,1.016122225845434,2014,.0000499725341797,.0084840393066407,0,1,1,0,1,1,.0366130586240681,.0366130586240681,.0240511191040238,-.0264645088192228,-.002413389715199,1,1,.0182845574459451,.0228555453184353
Netherlands,NLD,2014,-.0112195599079132,.7130088043212891,.6716600036621094,901.789,775.979,.025871741771698,.1890589427947998,Matched (3),NLD,0,-.0038243699073792,.6716100311279297,6.654125462995333,6.638131820045662,1.016122225845434,1.021210605302651,2015,-.0336700057983399,.0218671417236328,0,1,1,0,1,1,.0380267411264385,.0380267411264385,.0255391407916211,-.0124105119658506,.0131286288257704,1,1,.0172281994032251,.0234001361514697
Netherlands,NLD,2015,-.0146131002902985,.704316635131836,.6379899978637695,775.82202,792.43799,.0235622000694275,.2847729873657227,Matched (3),NLD,0,-.0112195599079132,.6716600036621094,6.675114254464331,6.654125462995333,1.021210605302651,1.024247988031398,2016,-.0291600036621094,-.0086921691894531,0,1,1,0,1,1,.0384361949393299,.0384361949393299,.0258160548337079,-.0019299126876478,.0238861421460601,1,1,.0167931033863682,.0249951612568224
Netherlands,NLD,2016,-.0154463505744934,.6901184844970704,.6088299942016602,796.94397,811.65302,.0212496042251587,.1506638622283936,Matched (3),NLD,0,-.0146131002902985,.6379899978637695,6.699072927573731,6.675114254464331,1.024247988031398,1.027829641822384,2017,-.0489699935913086,-.0141981506347656,0,1,1,0,1,1,.0358785152349943,.0358785152349943,.0228901338581292,-.0166147377456174,.0062753961125118,1,1,.0170636556296366,.0230352918973111
Netherlands,NLD,2017,-.0181952905654907,.6877080535888672,.5598600006103516,847.93402,834.24103,.0183165955543518,.0912449407577515,Matched (3),NLD,0,-.0154463505744934,.6088299942016602,6.726522362802337,6.699072927573731,1.027829641822384,1.022602529008015,2018,-.0443199920654297,-.0024104309082031,0,1,1,0,1,1,.0339043509313165,.0339043509313165,.0206419857809245,-.0231210546426675,-.0024790688617431,1,1,.0172569038529407,.0228086567496506
Netherlands,NLD,2018,-.0232873606681824,.6832685852050782,.5155400085449219,930.15503,853.09698,.0161363744735718,.3309998512268066,Matched (3),NLD,0,-.0181952905654907,.5598600006103516,6.748873239578643,6.726522362802337,1.022602529008015,1.022999767978301,2019,-.0390200042724609,-.0044394683837891,0,1,1,0,1,1,.0320310761159175,.0320310761159175,.0179329182938078,.003131886113019,.0210648044068268,1,1,.015620997627312,.0260750637562128
Netherlands,NLD,2019,-.0220086789131165,.6799057769775391,.4765200042724609,929.00598,872.71802,.0131342744827271,,Master only (1),NLD,0,-.0232873606681824,.5155400085449219,6.771612499742926,6.748873239578643,1.022999767978301,.9612337197484623,2020,.0575999832153321,-.0033628082275391,1,0,0,1,0,0,,,,,,0,0,,
Netherlands,NLD,2020,-.012192759513855,.6766975402832032,.534119987487793,931.81403,838.88599,.011951197385788,,Master only (1),NLD,0,-.0220086789131165,.4765200042724609,6.732074804894657,6.771612499742926,.9612337197484623,1.062778497105856,2021,-.0291099929809571,-.0032082366943359,1,0,0,1,0,0,,,,,,0,0,,
Netherlands,NLD,2021,-.0163662600517273,.6767704772949219,.5050099945068359,1055.173,891.54999,.00944196164608,,Master only (1),NLD,0,-.012192759513855,.534119987487793,6.792961507288136,6.732074804894657,1.062778497105856,1.050072378912937,2022,-.0208699798583984,.0000729370117187,1,0,0,1,0,0,,,,,,0,0,,
Netherlands,NLD,2022,-.0148126101493835,.6715728759765625,.4841400146484375,1047.364,936.19202,.009822501540184,,Master only (1),NLD,0,-.0163662600517273,.5050099945068359,6.841820601379881,6.792961507288136,1.050072378912937,.9939937034547549,2023,-.0256400299072265,-.0051976013183594,1,0,0,1,0,0,,,,,,0,0,,
Netherlands,NLD,2023,-.0115992701053619,.6713249969482422,.458499984741211,1135.803,930.56897,.0096495449542999,,Master only (1),NLD,0,-.0148126101493835,.4841400146484375,6.835796194481694,6.841820601379881,.9939937034547549,,,,-.0002478790283202,1,0,0,2,0,0,,,,,,0,0,,
Norway,NOR,1995,.0085875999927521,.6471352386474609,.3294300079345703,151.08501,2931.7661,-.028046441078186,.0464565309047699,Matched (3),NOR,0,,,7.983360289456794,,,1.049694575032348,1996,-.0430600166320801,,3,0,0,2,0,0,,,,,,0,0,,
Norway,NOR,1996,.0039174300432205,.6535163116455078,.2863699913024902,162.42799,3077.459,-.0244372868537903,.0752570014953613,Matched (3),NOR,0,.0085875999927521,.3294300079345703,8.031859530390591,7.983360289456794,1.049694575032348,1.050920916264243,1997,-.0266399955749512,.0063810729980469,1,0,0,1,0,0,,,,,,0,0,,
Norway,NOR,1997,-.004401969909668,.6579538726806641,.2597299957275391,160.01401,3234.166,-.0215983939170837,.1558185192108154,Matched (3),NOR,0,.0039174300432205,.2863699913024902,8.08152637327372,8.031859530390591,1.050920916264243,1.027258932189459,1998,-.0220299911499024,.0044375610351562,1,0,0,1,0,0,,,,,,0,0,,
Norway,NOR,1998,.0012531599402428,.6592972564697266,.2377000045776367,152.95599,3322.3259,-.0200608253479004,.0624701592922211,Matched (3),NOR,0,-.004401969909668,.2597299957275391,8.108420397261357,8.08152637327372,1.027258932189459,1.021826617344615,1999,.0135599899291992,.0013433837890625,1,0,0,1,0,0,,,,,,0,0,,
Norway,NOR,1999,-.0011960099637508,.6634002685546875,.2512599945068359,161.30499,3394.8411,-.0273322916030884,.1019522786140442,Matched (3),NOR,0,.0012531599402428,.2377000045776367,8.130012224302886,8.108420397261357,1.021826617344615,1.034434285305807,2000,.036830005645752,.0041030120849609,1,0,0,1,0,0,,,,,,0,0,,
Norway,NOR,2000,.0020910400152206,.664675521850586,.2880900001525879,170.619,3511.74,-.0284029722213745,.1509999279022217,Matched (3),NOR,0,-.0011960099637508,.2512599945068359,8.163866917343,8.130012224302886,1.034434285305807,1.021633976490826,2001,-.0147400093078613,.0012752532958985,0,1,1,0,1,1,.0130447229634035,.0130447229634035,.003277617020128,-.0165779388654286,-.0133003218453006,1,1,.0146856993304589,.023037754385896
Norway,NOR,2001,.0124304902553558,.667966079711914,.2733499908447266,173.592,3587.7129,-.0327248954772949,.0965969522476196,Matched (3),NOR,0,.0020910400152206,.2880900001525879,8.185270200641684,8.163866917343,1.021633976490826,1.014574755744569,2002,.0670600128173828,.003290557861328,0,1,1,0,1,1,.0149883691535817,.0149883691535817,.0043179992717424,-.0225350143388741,-.0182170150671317,1,1,.0148965617670664,.0228118958947374
Norway,NOR,2002,.0181142401695251,.6722102355957031,.3404100036621094,195.36099,3640.0029,-.0368496203422546,.2744604454040527,Matched (3),NOR,0,.0124304902553558,.2733499908447266,8.199739765489666,8.185270200641684,1.014574755744569,1.01096371617146,2003,.09072998046875,.0042441558837891,0,1,1,0,1,1,.014873413402918,.014873413402918,.0040656474175175,-.0030591264861497,.0010065209313678,1,1,.0147416559573213,.0247798842369032
Norway,NOR,2003,.0105139100551605,.6704180908203125,.4311399841308594,229.19299,3679.9109,-.0330090713500977,.1836263019561768,Matched (3),NOR,0,.0181142401695251,.3404100036621094,8.210643815834972,8.199739765489666,1.01096371617146,1.043301909418318,2004,.0065000152587891,-.0017921447753907,0,1,1,0,1,1,.0184473234416114,.0184473234416114,.0062796534403151,-.0130053811086943,-.0067257276683793,1,1,.0145563005720567,.0233384135188369
Norway,NOR,2004,.0009104000031948,.6728800201416015,.4376399993896484,265.66199,3839.2581,-.0339453339576721,.1228657176971436,Matched (3),NOR,0,.0105139100551605,.4311399841308594,8.253034412496959,8.210643815834972,1.043301909418318,1.029697116186529,2005,-.0163299942016601,.0024619293212891,0,1,1,0,1,1,.0235465965577822,.0235465965577822,.010151879266258,-.0196586088390985,-.0095067295728406,1,1,.0151999445538057,.0228772828168707
Norway,NOR,2005,-.0053289902210236,.6927264404296875,.4213100051879883,311.418,3953.2729,-.0332136130332947,.2200384307861328,Matched (3),NOR,0,.0009104000031948,.4376399993896484,8.282299109538982,8.253034412496959,1.029697116186529,1.028472625098147,2006,.100260009765625,.0198464202880859,0,1,1,0,1,1,.024343100643651,.024343100643651,.0106535145508296,-.0090182867084541,.0016352278423755,1,1,.014782839660175,.0238136330272208
Norway,NOR,2006,-.0070179897546768,.7383066558837891,.5215700149536133,349.772,4065.833,-.0362621784210205,.3641247650146485,Matched (3),NOR,0,-.0053289902210236,.4213100051879883,8.310373922959366,8.282299109538982,1.028472625098147,1.034202828304567,2007,-.0327000045776368,.0455802154541016,0,1,1,0,1,1,.0239908076164332,.0239908076164332,.0101075672813435,.0067590335091165,.01686660079046,1,1,.0151052093959514,.026955280300856
Norway,NOR,2007,.0015978400409222,.7421577453613282,.4888700103759765,407.81699,4204.896,-.0486199617385864,.2221773063659668,Matched (3),NOR,0,-.0070179897546768,.5215700149536133,8.344004838710864,8.310373922959366,1.034202828304567,1.008228061898176,2008,-.020620002746582,.0038510894775391,0,1,1,0,1,1,.0293079943530563,.0293079943530563,.015286171052984,-.0087840818124155,.0065020892405685,1,1,.0153448910367579,.0238459622907052
Norway,NOR,2008,.0085437798500061,.744255599975586,.4682500076293945,472.061,4239.4941,-.0527810192108154,.1248021560668945,Matched (3),NOR,0,.0015978400409222,.4888700103759765,8.352199234652055,8.344004838710864,1.008228061898176,.983867404765733,2009,-.0510800170898437,.0020978546142578,0,1,1,0,1,1,.0269636015608686,.0269636015608686,.0131816961748355,-.0194465706301682,-.0062648744553327,1,1,.0156175926236369,.0228853455711223
Norway,NOR,2009,.007994509935379,.7415934753417969,.4171699905395508,395.66299,4171.1001,-.0419888496398926,.1149662614822388,Matched (3),NOR,0,.0085437798500061,.4682500076293945,8.335935092388068,8.352199234652055,.983867404765733,1.010049151217578,2010,.003479995727539,-.0026621246337891,0,1,1,0,1,1,.0257042800817369,.0257042800817369,.0120360293443814,-.0205235919821187,-.0084875626377373,1,1,.0155275052504126,.0228489933290346
Norway,NOR,2010,.0044544699788094,.7566138458251953,.4206499862670898,440.133,4213.0161,-.037064368724823,.0548915336608887,Matched (3),NOR,0,.007994509935379,.4171699905395508,8.345934086629013,8.335935092388068,1.010049151217578,1.013850421933422,2011,-.1311899948120117,.0150203704833984,0,1,1,0,1,1,.0224330210249805,.0224330210249805,.0093583831687646,-.0271017190674926,-.017743335898728,1,1,.0157278229953691,.0228770663290284
Norway,NOR,2011,.0014114899933338,.7558816528320312,.2894599914550781,512.86902,4271.3682,-.0361859965324402,.1587799388885498,Matched (3),NOR,0,.0044544699788094,.4206499862670898,8.359689468030737,8.345934086629013,1.013850421933422,1.028239908676071,2012,.0122000122070313,-.0007321929931641,0,1,1,0,1,1,.0230797241612962,.0230797241612962,.0097084856514975,-.0157260348643674,-.0060175492128699,1,1,.0149123890737122,.0230984110184196
Norway,NOR,2012,.0036070999503136,.7578472137451172,.3016600036621094,525.08398,4391.9912,-.0323375821113586,.067910947561264,Matched (3),NOR,0,.0014114899933338,.2894599914550781,8.387537982034701,8.359689468030737,1.028239908676071,1.012728801691822,2013,.0040799903869629,.001965560913086,0,1,1,0,1,1,.0149474318120363,.0149474318120363,.0043266834845874,-.0256761052974488,-.0213494218128614,1,1,.0151062759068923,.0228344806940362
Norway,NOR,2013,.0025222301483154,.7812308502197266,.3057399940490723,540.133,4447.896,-.0351187086105347,.1303800567626953,Matched (3),NOR,0,.0036070999503136,.3016600036621094,8.400186453483883,8.387537982034701,1.012728801691822,1.020951905038493,2014,-.0177400016784668,.0233836364746094,0,1,1,0,1,1,.0159331150058574,.0159331150058574,.0048063835310158,-.0188357956674303,-.0140294121364146,1,1,.0147125945637292,.0229110457305719
Norway,NOR,2014,-.0004525100067258,.7946703338623047,.2879999923706055,515.83002,4541.0879,-.0421380519866943,.2659086547851562,Matched (3),NOR,0,.0025222301483154,.3057399940490723,8.420921885815954,8.400186453483883,1.020951905038493,1.020443115528914,2015,.044000015258789,.0134394836425781,0,1,1,0,1,1,.0167496237154622,.0167496237154622,.0051210298550896,-.0039955396425422,.0011254902125474,1,1,.0146170652989841,.0246088628622756
Norway,NOR,2015,-.0059312498569489,.7945465087890625,.3320000076293945,400.66901,4633.9219,-.0470866107940674,.2399638275146484,Matched (3),NOR,0,-.0004525100067258,.2879999923706055,8.441158845765182,8.420921885815954,1.020443115528914,1.012915857416942,2016,.0345599746704102,-.0001238250732422,0,1,1,0,1,1,.0155919418890715,.0155919418890715,.0044904791450955,-.0068364742115844,-.0023459950664889,1,1,.0145827308142453,.0241331335084969
Norway,NOR,2016,-.0052431201934814,.7852954864501953,.3665599822998047,383.284,4693.7729,-.0459290170669556,.1848101600646973,Matched (3),NOR,0,-.0059312498569489,.3320000076293945,8.45399200481474,8.441158845765182,1.012915857416942,1.026696461516552,2017,.0025600051879883,-.0092510223388672,0,1,1,0,1,1,.0179557669057725,.0179557669057725,.0059613147497081,-.0128757497417066,-.0069144349919985,1,1,.014545373009151,.0233515844435223
Norway,NOR,2017,-.0072563600540161,.7867526245117188,.369119987487793,415.673,4819.0801,-.0440943384170532,.0646089286804199,Matched (3),NOR,0,-.0052431201934814,.3665599822998047,8.480338333668694,8.45399200481474,1.026696461516552,1.01110393297476,2018,.0115600204467773,.0014571380615235,0,1,1,0,1,1,.0194859257339954,.0194859257339954,.0071427605921487,-.0260376733082285,-.0188949127160798,1,1,.0153461200880087,.0228433762381333
Norway,NOR,2018,-.0105392205715179,.780148696899414,.3806800079345703,454.58899,4872.5908,-.0385281467437744,.2777732971191406,Matched (3),NOR,0,-.0072563600540161,.369119987487793,8.491381070574347,8.480338333668694,1.01110393297476,1.01469736746906,2019,.009379997253418,-.0066039276123048,0,1,1,0,1,1,.0205424075947321,.0205424075947321,.0075826132343367,-.0026963722900482,.0048862409442884,1,1,.0146157638979277,.0248479734553531
Norway,NOR,2019,-.0062982898950577,.7686985778808594,.3900600051879883,424.245,4944.2051,-.0364847302436829,,Master only (1),NOR,0,-.0105392205715179,.3806800079345703,8.505971478480523,8.491381070574347,1.01469736746906,.9863941688363863,2020,.052599983215332,-.0114501190185546,1,0,0,1,0,0,,,,,,0,0,,
Norway,NOR,2020,-.0004474800080061,.7610594177246094,.4426599884033203,382.25299,4876.9351,-.0371351766586304,,Master only (1),NOR,0,-.0062982898950577,.3900600051879883,8.492272239770207,8.505971478480523,.9863941688363863,1.041431571182232,2021,-.0414500045776368,-.00763916015625,1,0,0,1,0,0,,,,,,0,0,,
Norway,NOR,2021,-.0003342799842358,.7672899627685547,.4012099838256836,521.59198,5078.9941,-.021730375289917,,Master only (1),NOR,0,-.0004474800080061,.4426599884033203,8.532868517153208,8.492272239770207,1.041431571182232,1.040803881643334,2022,-.0529199981689453,.0062305450439453,1,0,0,1,0,0,,,,,,0,0,,
Norway,NOR,2022,-.0009002300351858,.7609076690673828,.3482899856567383,617.32202,5286.2368,-.020010507106781,,Master only (1),NOR,0,-.0003342799842358,.4012099838256836,8.572861894842941,8.532868517153208,1.040803881643334,1.003526902712888,2023,.0760900115966797,-.0063822937011718,1,0,0,1,0,0,,,,,,0,0,,
Norway,NOR,2023,-.0045200300216675,.7647808074951172,.424379997253418,502.198,5304.8809,-.0389165258407593,,Master only (1),NOR,0,-.0009002300351858,.3482899856567383,8.576382592619646,8.572861894842941,1.003526902712888,,,,.0038731384277344,1,0,0,2,0,0,,,,,,0,0,,
New Zealand,NZL,1995,.0122536599636078,.641978759765625,.4348199844360351,62.241001,130.418,.136442985534668,.0400727345347404,Matched (3),NZL,0,,,4.870744671160208,,,1.040561834377472,1996,-.062239990234375,,3,0,0,2,0,0,,,,,,0,0,,
New Zealand,NZL,1996,.0148921895027161,.6436399841308593,.3725799942016602,69.099998,135.70799,.1248083782196045,.0354639996290207,Matched (3),NZL,0,.0122536599636078,.4348199844360351,4.910505463807255,4.870744671160208,1.040561834377472,1.024434887430613,1997,-.0261499786376953,.0016612243652343,1,0,0,1,0,0,,,,,,0,0,,
New Zealand,NZL,1997,.0087576699256897,.6472903442382812,.3464300155639649,68.869003,139.024,.1095647048950195,.0356462295055389,Matched (3),NZL,0,.0148921895027161,.3725799942016602,4.934646595023735,4.910505463807255,1.024434887430613,1.003999307655945,1998,-.0016699981689453,.0036503601074219,1,0,0,1,0,0,,,,,,0,0,,
New Zealand,NZL,1998,.0105318403244019,.6543087005615235,.3447600173950195,56.814999,139.58,.0996743202209473,.0492176722288132,Matched (3),NZL,0,.0087576699256897,.3464300155639649,4.938637926707322,4.934646595023735,1.003999307655945,1.044934826562187,1999,-.0248000144958496,.0070183563232422,1,0,0,1,0,0,,,,,,0,0,,
New Zealand,NZL,1999,.0082769501209259,.6577723693847656,.3199600028991699,58.897999,145.85201,.090660924911499,.1203357839584351,Matched (3),NZL,0,.0105318403244019,.3447600173950195,4.982592443253062,4.938637926707322,1.044934826562187,1.042124873032614,2000,-.0197100067138672,.0034636688232421,1,0,0,1,0,0,,,,,,0,0,,
New Zealand,NZL,2000,.0086529397964478,.6585250854492187,.3002499961853027,54.126999,151.996,.0837974262237549,.0563375041484833,Matched (3),NZL,0,.0082769501209259,.3199600028991699,5.023854219166611,4.982592443253062,1.042124873032614,1.025250647260724,2001,-.0186499977111816,.0007527160644532,0,1,1,0,1,1,.0166992107784639,.0166992107784639,.0053430795290912,-.0269433866376332,-.021600307108542,1,1,.0152605781913805,.0228713442332407
New Zealand,NZL,2001,.0142154502868652,.6629252624511719,.2815999984741211,53.127998,155.834,.0614636945724487,.0634394996166229,Matched (3),NZL,0,.0086529397964478,.3002499961853027,5.048791335776341,5.023854219166611,1.025250647260724,1.047062898026259,2002,-.0176399993896484,.0044001770019532,0,1,1,0,1,1,.0155655579712532,.0155655579712532,.0046735587214909,-.0261657247081759,-.021492165986685,1,1,.0151571002875124,.022846837478189
New Zealand,NZL,2002,.0199596500396729,.6650823211669922,.2639599990844727,62.061001,163.168,.0526355981826782,.0344643303751946,Matched (3),NZL,0,.0142154502868652,.2815999984741211,5.094780340383986,5.048791335776341,1.047062898026259,1.044248880007796,2003,-.0167799949645996,.0021570587158203,0,1,1,0,1,1,.0143412736347488,.0143412736347488,.0040385026336622,-.029338478917852,-.0252999762841898,1,1,.0153957606419377,.0229842365020724
New Zealand,NZL,2003,.0189325594902039,.6678267669677734,.247180004119873,82.407997,170.388,.0484223079681396,.0628688523769379,Matched (3),NZL,0,.0199596500396729,.2639599990844727,5.138078192245923,5.094780340383986,1.044248880007796,1.04844236553678,2004,-.022130012512207,.0027444458007813,0,1,1,0,1,1,.0134203214691635,.0134203214691635,.0035424280427137,-.0262282100526744,-.0226857820099606,1,1,.015134873371748,.0228485854502315
New Zealand,NZL,2004,.0184079396724701,.6774507141113282,.225049991607666,101.599,178.642,.0428120994567871,.0304858775138855,Matched (3),NZL,0,.0189325594902039,.247180004119873,5.18538379360355,5.138078192245923,1.04844236553678,1.032148074197338,2005,-.017239990234375,.0096239471435547,0,1,1,0,1,1,.0122919819067882,.0122919819067882,.0030383321383613,-.0297741158233189,-.0267357836849576,1,1,.0154165043290527,.023010797764734
New Zealand,NZL,2005,.0163120901584625,.6875228881835938,.207810001373291,113.265,184.38499,.0303892278671265,.0412979454994202,Matched (3),NZL,0,.0184079396724701,.225049991607666,5.217025933119615,5.18538379360355,1.032148074197338,1.028153101804019,2006,-.0238100051879883,.0100721740722656,0,1,1,0,1,1,.0110311920785783,.0110311920785783,.0024825696847066,-.0285902043876141,-.0261076347029075,1,1,.0153389549285565,.0229429272769343
New Zealand,NZL,2006,.0102776598930359,.7412919616699218,.1839999961853027,109.742,189.576,.0193110275268555,.0593016867637634,Matched (3),NZL,0,.0163120901584625,.207810001373291,5.244790020779332,5.217025933119615,1.028153101804019,1.034877829320271,2007,-.0208899879455567,.0537690734863281,0,1,1,0,1,1,.0100896865078234,.0100896865078234,.0020967377670469,-.0266188113851984,-.0245220736181515,1,1,.0152341773994804,.0228603883798699
New Zealand,NZL,2007,.0168584394454956,.7515080261230469,.1631100082397461,134.85001,196.188,.0142023777961731,.0771288478374481,Matched (3),NZL,0,.0102776598930359,.1839999961853027,5.279073401225392,5.244790020779332,1.034877829320271,.998409706738785,2008,.0265799903869629,.0102160644531251,0,1,1,0,1,1,.0087594917755907,.0087594917755907,.0016117464532939,-.0246667537501998,-.0230550072969059,1,1,.01519820361611,.022816518239269
New Zealand,NZL,2008,.0245580410957336,.7561148071289062,.189689998626709,135.614,195.87601,.0092444133758545,.0485648620128632,Matched (3),NZL,0,.0168584394454956,.1631100082397461,5.277481842105613,5.279073401225392,.998409706738785,.9894320526792622,2009,.0530599975585938,.0046067810058593,0,1,1,0,1,1,.0074046892115679,.0074046892115679,.0012077789183116,-.0277944837563632,-.0265867048380516,1,1,.0154595987484827,.0229050095226505
New Zealand,NZL,2009,.0224320793151855,.7625045013427735,.2427499961853027,122.003,193.806,.0093550229072571,.0238279865980148,Matched (3),NZL,0,.0245580410957336,.189689998626709,5.266857657470028,5.277481842105613,.9894320526792622,1.01741432155997,2010,.0532500076293945,.0063896942138673,0,1,1,0,1,1,.0088690971100317,.0088690971100317,.0016823790186221,-.0305031487154095,-.0288207696967875,1,1,.0155582804143252,.0230593614660041
New Zealand,NZL,2010,.0243026089668274,.7683887481689453,.2960000038146973,145.742,197.181,.0169155824184418,.0688323149681091,Matched (3),NZL,0,.0224320793151855,.2427499961853027,5.284122087404147,5.266857657470028,1.01741432155997,1.016999634899068,2011,.0508099937438965,.0058842468261718,0,1,1,0,1,1,.012193263076677,.012193263076677,.0029599145653497,-.0255752164193073,-.0226153018539576,1,1,.0151026602985718,.022832230015609
New Zealand,NZL,2011,.022036030292511,.7725283813476562,.3468099975585938,167.151,200.533,.0216023778915405,.051464248418808,Matched (3),NZL,0,.0243026089668274,.2960000038146973,5.300978845472539,5.284122087404147,1.016999634899068,1.025352433330637,2012,.009900016784668,.0041396331787109,0,1,1,0,1,1,.015263749382793,.015263749382793,.0045180698755333,-.0274770036288689,-.0229589337533356,1,1,.015255899068086,.0228916168546805
New Zealand,NZL,2012,.0191098499298096,.7746029663085937,.3567100143432617,175.315,205.617,.0242028021812439,.0216376485824585,Matched (3),NZL,0,.022036030292511,.3468099975585938,5.326015236360123,5.300978845472539,1.025352433330637,1.021311411175812,2013,-.0111200332641602,.0020745849609375,0,1,1,0,1,1,.0181372482469348,.0181372482469348,.0062901790202391,-.0307429887005211,-.024452809680282,1,1,.0157109577350807,.0230764594455485
New Zealand,NZL,2013,.0181259500980377,.7780162811279296,.3455899810791015,187.226,209.99899,.0210077261924744,.1384271793365479,Matched (3),NZL,0,.0191098499298096,.3567100143432617,5.34710273508655,5.326015236360123,1.021311411175812,1.037876419782635,2014,-.0039399719238281,.0034133148193359,0,1,1,0,1,1,.0192178257462346,.0192178257462346,.0068551908975856,-.0179546431947999,-.0110994522972143,1,1,.0147601069711422,.0229545772286117
New Zealand,NZL,2014,.0179451203346252,.7973065948486329,.3416500091552734,200.224,217.953,.0171942055225372,.0197982354238629,Matched (3),NZL,0,.0181259500980377,.3455899810791015,5.384279456656415,5.34710273508655,1.037876419782635,1.036471118825229,2015,.0001699829101562,.0192903137207032,0,1,1,0,1,1,.01805739792471,.01805739792471,.0062404558071383,-.030944402738646,-.0247039469315077,1,1,.0157268449026913,.023091245411945
New Zealand,NZL,2015,.0131848704814911,.7961727905273438,.3418199920654297,176.375,225.90199,.0170548415184021,.0157986166626215,Matched (3),NZL,0,.0179451203346252,.3416500091552734,5.420101245028016,5.384279456656415,1.036471118825229,1.039512755161144,2016,-.008219985961914,-.0011338043212891,0,1,1,0,1,1,.0178077680646342,.0178077680646342,.0060840241223173,-.0313823572905623,-.025298333168245,1,1,.0157566087531749,.0231247386247116
New Zealand,NZL,2016,.0093552201986313,.784777603149414,.3336000061035156,185.978,234.828,.0171573877334595,.0989454298019409,Matched (3),NZL,0,.0131848704814911,.3418199920654297,5.458853343745956,5.420101245028016,1.039512755161144,1.032900666992079,2017,-.0223800086975098,-.0113951873779298,0,1,1,0,1,1,.018170934362431,.018170934362431,.0062111886395876,-.0222778582206572,-.0160666695810696,1,1,.0149667549444456,.0228143965174976
New Zealand,NZL,2017,.0068173599243164,.7849910736083985,.3112199974060059,203.66299,242.554,.0167596256732941,.1146036610603332,Matched (3),NZL,0,.0093552201986313,.3336000061035156,5.4912243695232,5.458853343745956,1.032900666992079,1.033349293304191,2018,-.0300699996948242,.0002134704589845,0,1,1,0,1,1,.0177520708386876,.0177520708386876,.0059220909401362,-.0205632963926588,-.0146412054525226,1,1,.0148403712201792,.0228478724947504
New Zealand,NZL,2018,-.0013542699813843,.7778031921386719,.2811499977111817,209.489,250.64301,.0164816057682037,,Matched (3),NZL,0,.0068173599243164,.3112199974060059,5.524029637360005,5.4912243695232,1.033349293304191,1.029763413680877,2019,.0370400047302246,-.0071878814697266,1,0,0,1,0,0,,,,,,0,0,,
New Zealand,NZL,2019,-.0046627101302147,.6941881561279297,.3181900024414063,210.96201,258.103,.0171335697174072,,Master only (1),NZL,0,-.0013542699813843,.2811499977111817,5.553358717762049,5.524029637360005,1.029763413680877,.9878033380711294,2020,.1136100006103515,-.0836150360107422,1,0,0,1,0,0,,,,,,0,0,,
New Zealand,NZL,2020,.0002057399973273,.6937869262695312,.4318000030517578,210.84,254.955,.0179434096813202,,Master only (1),NZL,0,-.0046627101302147,.3181900024414063,5.541087066179299,5.553358717762049,.9878033380711294,1.055111725719925,2021,.0435400009155273,-.0004012298583985,1,0,0,1,0,0,,,,,,0,0,,
New Zealand,NZL,2021,.0040200799703598,.6926780700683594,.4753400039672852,249.72,269.00601,.0195813286304474,,Master only (1),NZL,0,.0002057399973273,.4318000030517578,5.594733728656523,5.541087066179299,1.055111725719925,1.026159219466286,2022,-.0064300155639648,-.0011088562011718,1,0,0,1,0,0,,,,,,0,0,,
New Zealand,NZL,2022,.0069107502698898,.6901536560058594,.4689099884033203,245.16499,276.043,.0195444059371948,,Master only (1),NZL,0,.0040200799703598,.4753400039672852,5.620556648030202,5.594733728656523,1.026159219466286,1.021811805080098,2023,.0040399932861328,-.0025244140624999,1,0,0,1,0,0,,,,,,0,0,,
New Zealand,NZL,2023,.0070050799846649,.6896719360351562,.4729499816894531,253.64999,282.064,.0180957162380219,,Master only (1),NZL,0,.0069107502698898,.4689099884033203,5.642133979097928,5.620556648030202,1.021811805080098,,,,-.0004817199707032,1,0,0,2,0,0,,,,,,0,0,,
Pakistan,PAK,1995,,.3412777709960937,.5232899856567382,98.917,13013.947,.3136787796020508,.0901076030731201,Matched (3),PAK,0,,,9.473776927920163,,,1.065991024353229,1996,.002050018310547,,3,0,0,1,0,0,,,,,,0,0,,
Pakistan,PAK,1996,,.341279296875,.5253400039672852,103.296,13872.751,.3535136032104492,.0360734078017148,Matched (3),PAK,0,,.5232899856567382,9.537681833697064,9.473776927920163,1.065991024353229,1.017026830855255,1997,.0024100112915039,1.52587890628e-06,2,0,0,0,1,1,,,,-.029162286429168,,0,0,,.0229740180353137
Pakistan,PAK,1997,,.3361233520507813,.5277500152587891,101.848,14108.96,.4027580642700195,.0231399702483957,Matched (3),PAK,0,,.5253400039672852,9.554565332770695,9.537681833697064,1.017026830855255,1.034939219903686,1998,.0104100036621094,-.0051559448242188,2,0,0,0,1,1,,,,-.0305784858687974,,0,0,,.023064672526356
Pakistan,PAK,1998,,.3309781265258789,.5381600189208985,101.381,14601.916,.463919677734375,.2057410349990383,Matched (3),PAK,0,,.5277500152587891,9.588908033032924,9.554565332770695,1.034939219903686,1.041821285493222,1999,.069209976196289,-.0051452255249024,2,0,0,0,1,1,,,,-.0105838383120683,,0,0,,.0236099465757229
Pakistan,PAK,1999,,.3316862106323242,.6073699951171875,96.008003,15212.587,.4365102767944336,.1437032377358639,Matched (3),PAK,0,,.5381600189208985,9.629878450611425,9.588908033032924,1.041821285493222,1.039078838972841,2000,.0093600082397461,.0007080841064454,2,0,0,0,1,1,,,,-.0173769196841122,,0,0,,.0229872381289898
Pakistan,PAK,2000,,.3325261306762695,.6167300033569336,99.420998,15807.077,.4488122177124023,.1657270853447192,Matched (3),PAK,0,,.6073699951171875,9.668213039515672,9.629878450611425,1.039078838972841,1.036378459089879,2001,.0347500228881835,.0008399200439453,2,0,0,0,1,1,,,,-.0149653287583774,,0,0,,.0231584566287755
Pakistan,PAK,2001,,.3294136428833008,.6514800262451171,96.783997,16382.114,.395082893371582,.2692406619678844,Matched (3),PAK,0,,.6167300033569336,9.703945424646054,9.668213039515672,1.036378459089879,1.026232460432118,2002,-.0461700439453124,-.0031124877929687,2,0,0,0,1,1,,,,-.0036306879404663,,0,0,,.0246746785184091
Pakistan,PAK,2002,,.3245716857910156,.6053099822998047,98.168999,16811.857,.3467769622802734,.2206388171513875,Matched (3),PAK,0,,.6514800262451171,9.72983971535356,9.703945424646054,1.026232460432118,1.051671816917724,2003,-.0420499801635742,-.0048419570922851,2,0,0,0,1,1,,,,-.0089525449572353,,0,0,,.0238226595426973
Pakistan,PAK,2003,,.3299110794067383,.5632600021362305,112.507,17680.557,.2471733665466309,.0954090728181781,Matched (3),PAK,0,,.6053099822998047,9.780220819894264,9.72983971535356,1.051671816917724,1.076908172322505,2004,-.0571699905395509,.0053393936157227,2,0,0,0,1,1,,,,-.0226650860367801,,0,0,,.0228108817237223
Pakistan,PAK,2004,,.3177078819274902,.5060900115966797,132.20599,19040.336,.2379545783996582,.2475214131673177,Matched (3),PAK,0,,.5632600021362305,9.854314951965968,9.780220819894264,1.076908172322505,1.07997485190773,2005,-.0273100280761718,-.0122031974792481,2,0,0,0,1,1,,,,-.0060089255786601,,0,0,,.0242648761360762
Pakistan,PAK,2005,,.3464382171630859,.4787799835205078,145.209,20563.084,.2285553550720215,.0733968421184655,Matched (3),PAK,0,,.5060900115966797,9.93125270756037,9.854314951965968,1.07997485190773,1.056638873952953,2006,-.0168899917602539,.0287303352355957,2,0,0,0,1,1,,,,-.0250754049217176,,0,0,,.0228225707975121
Pakistan,PAK,2006,,.4223971939086914,.4618899917602539,161.871,21727.754,.2094675636291504,.2685284082817309,Matched (3),PAK,0,,.4787799835205078,9.986345704182813,9.93125270756037,1.056638873952953,1.05110651070015,2007,-.0197999954223633,.0759589767456055,2,0,0,0,1,1,,,,-.0037086790597682,,0,0,,.0246605214155997
Pakistan,PAK,2007,,.4212874603271484,.4420899963378906,184.14101,22838.184,.2778665733337402,.1172278167262222,Matched (3),PAK,0,,.4618899917602539,10.03618913318847,9.986345704182813,1.05110651070015,1.04444910054177,2008,.0526599884033203,-.001109733581543,2,0,0,0,1,1,,,,-.02027595377642,,0,0,,.0228563363554794
Pakistan,PAK,2008,,.4184928512573242,.494749984741211,202.20399,23853.32,.3200529098510742,.2078135675372499,Matched (3),PAK,0,,.4420899963378906,10.0796787030838,10.03618913318847,1.04444910054177,1.010631381571944,2009,.0509400177001952,-.0027946090698242,2,0,0,0,1,1,,,,-.0103568979176736,,0,0,,.0236381219718275
Pakistan,PAK,2009,.0944737911224365,.418088493347168,.5456900024414062,187.07401,24106.914,.3396241378784179,.1596098694656835,Matched (3),PAK,0,,.494749984741211,10.09025396889368,10.0796787030838,1.010631381571944,1.022645052881289,2010,.0214699935913086,-.0004043579101563,1,0,0,0,1,1,,,,-.0156351582344364,,0,0,,.0231052932822986
Pakistan,PAK,2010,.0998278427124023,.4421265029907226,.5671599960327148,196.71201,24652.816,.3015270042419433,.2684371352918221,Matched (3),PAK,0,.0944737911224365,.5456900024414062,10.11264642877578,10.09025396889368,1.022645052881289,1.032044227958868,2011,-.0056499862670898,.0240380096435547,0,1,1,0,1,1,.03092867374505,.03092867374505,.0168774680514458,-.003718673367672,.0131587946837738,1,1,.0154562732416965,.0246587106914927
Pakistan,PAK,2011,.106040563583374,.4376135635375977,.561510009765625,230.577,25442.797,.3026777267456054,.1107360383236047,Matched (3),PAK,0,.0998278427124023,.5671599960327148,10.14418795146612,10.11264642877578,1.032044227958868,1.031963092451879,2012,.0221299743652343,-.004512939453125,0,1,1,0,1,1,.0315266452725781,.0315266452725781,.0178806520077202,-.0209867975020794,-.0031061454943592,1,1,.0165393375538154,.0228368894467146
Pakistan,PAK,2012,.1063527488708496,.4415795135498047,.5836399841308594,250.09399,26256.027,.3405220413208008,.079559774760044,Matched (3),PAK,0,.106040563583374,.561510009765625,10.17565085475796,10.14418795146612,1.031963092451879,1.038563392363926,2013,.0086700057983399,.003965950012207,0,1,1,0,1,1,.0310606235310021,.0310606235310021,.0174408510222194,-.0244005695024801,-.0069597184802607,1,1,.016799015231615,.0228134691597702
Pakistan,PAK,2013,.096793270111084,.4492587280273437,.5923099899291993,258.67401,27268.549,.3290644454956055,.1708660358371157,Matched (3),PAK,0,.1063527488708496,.5836399841308594,10.21348925946676,10.17565085475796,1.038563392363926,1.035563163463058,2014,-.0044799804687501,.0076792144775391,0,1,1,0,1,1,.0327551135618761,.0327551135618761,.0191171939594579,-.0144026184365769,.004714575522881,1,1,.0162289918970698,.0232064184286768
Pakistan,PAK,2014,.1018354320526123,.2803915023803711,.5878300094604492,271.422,28238.305,.2991621208190918,.1715776232517127,Matched (3),PAK,0,.096793270111084,.5923099899291993,10.24843465749284,10.21348925946676,1.035563163463058,1.038115752013486,2015,.0027999877929688,-.1688672256469727,0,1,1,0,1,1,.0332700729430926,.0332700729430926,.0197061965698669,-.0143247002733937,.0053814962964732,1,1,.0163249674331527,.0232132960759898
Pakistan,PAK,2015,.0721842908859253,.277767505645752,.5906299972534179,299.92999,29314.629,.3272491073608398,.1960686883059415,Matched (3),PAK,0,.1018354320526123,.5878300094604492,10.28584195048312,10.24843465749284,1.038115752013486,1.040716059401336,2016,.030019989013672,-.0026239967346191,0,1,1,0,1,1,.0331095588195718,.0331095588195718,.0194627922741402,-.011642951321289,.0078198409528512,1,1,.0161189808707803,.023484594942608
Pakistan,PAK,2016,.0648021984100342,.2754273796081543,.6206499862670899,313.62299,30508.205,.2799332809448242,.3168461845860337,Matched (3),PAK,0,.0721842908859253,.5906299972534179,10.32575094537131,10.28584195048312,1.040716059401336,1.04608602667789,2017,.0007699966430663,-.0023401260375977,0,1,1,0,1,1,.0337878385221596,.0337878385221596,.0199561109735421,.0015820727178772,.0215381836914193,1,1,.0158674193830701,.0257252140890578
Pakistan,PAK,2017,.0575710105895996,.2793051147460938,.6214199829101562,339.229,31914.207,.2716916275024414,.2472069399284594,Matched (3),PAK,0,.0648021984100342,.6206499862670899,10.37080655111014,10.32575094537131,1.04608602667789,1.060957618674187,2018,.0417900085449219,.0038777351379395,0,1,1,0,1,1,.0352646648182878,.0352646648182878,.0218870137351839,-.0060433601072078,.0158436536279761,1,1,.0162684627466096,.0242592806999444
Pakistan,PAK,2018,.0689085817337036,.2803611183166504,.6632099914550781,356.16299,33859.621,.2848530006408692,.1953754355690696,Matched (3),PAK,0,.0575710105895996,.6214199829101562,10.42997846524501,10.37080655111014,1.060957618674187,1.031199934748974,2019,.1239099884033203,.0010560035705566,0,1,1,0,1,1,.0350899993568965,.0350899993568965,.02180562680068,-.0117188618542337,.0100867649464463,1,1,.0165222802198993,.0234760016453538
Pakistan,PAK,2019,.1081106472015381,.2822504997253418,.7871199798583984,321.07101,34916.039,.4237905120849609,,Master only (1),PAK,0,.0689085817337036,.6632099914550781,10.46070157461106,10.42997846524501,1.031199934748974,.9905666562174932,2020,.0209300231933593,.0018893814086914,1,0,0,1,0,0,,,,,,0,0,,
Pakistan,PAK,2020,.087219762802124,.3071712875366211,.8080500030517578,300.41,34586.664,.4155295944213867,,Master only (1),PAK,0,.1081106472015381,.7871199798583984,10.45122345502826,10.46070157461106,.9905666562174932,1.057704796352821,2021,-.0605599975585938,.0249207878112793,1,0,0,1,0,0,,,,,,0,0,,
Pakistan,PAK,2021,.0879655170440674,.3111766052246094,.747490005493164,348.48099,36582.48,.3965531158447266,,Master only (1),PAK,0,.087219762802124,.8080500030517578,10.50732472907045,10.45122345502826,1.057704796352821,1.061799561457601,2022,.0256900024414063,.0040053176879883,1,0,0,1,0,0,,,,,,0,0,,
Pakistan,PAK,2022,.095428581237793,.3068241119384766,.7731800079345703,374.85001,38843.262,.3957576751708984,,Master only (1),PAK,0,.0879655170440674,.747490005493164,10.56728989721991,10.50732472907045,1.061799561457601,.9978762806250079,2023,.0119000244140625,-.0043524932861328,1,0,0,1,0,0,,,,,,0,0,,
Pakistan,PAK,2023,.1140185070037842,.299420223236084,.7850800323486328,336.55499,38760.77,.5930292892456055,,Master only (1),PAK,0,.095428581237793,.7731800079345703,10.56516391955504,10.56728989721991,.9978762806250079,,,,-.0074038887023926,1,0,0,2,0,0,,,,,,0,0,,
Philippines,PHL,1995,,.3264891052246094,.608489990234375,84.643997,5845.375,.2209881019592285,.0940503505865733,Matched (3),PHL,0,,,8.673406029247658,,,1.058603773950559,1996,-.0777499771118164,,3,0,0,1,0,0,,,,,,0,0,,
Philippines,PHL,1996,,.3272608947753906,.5307400131225586,94.650002,6187.936,.1972913932800293,.0534254435698191,Matched (3),PHL,0,,.608489990234375,8.730356874722311,8.673406029247658,1.058603773950559,1.05186384829415,1997,.0381699752807617,.0007717895507812,2,0,0,0,1,1,,,,-.0272622545753079,,0,0,,.0228831206410163
Philippines,PHL,1997,,.3295999526977539,.5689099884033203,94.106003,6508.8662,.1773506355285644,.0719864666461945,Matched (3),PHL,0,,.5307400131225586,8.780920558888488,8.730356874722311,1.05186384829415,.9948591006948305,1998,-.0611800003051758,.0023390579223633,2,0,0,0,1,1,,,,-.0252298397303493,,0,0,,.0228252904085622
Philippines,PHL,1998,,.3325466918945312,.5077299880981445,74.491997,6475.4048,.2048034477233887,.4604413477579752,Matched (3),PHL,0,,.5689099884033203,8.775766399695799,8.780920558888488,.9948591006948305,1.033464365501403,1999,.0344499969482422,.0029467391967773,2,0,0,0,1,1,,,,.0173056101594292,,0,0,,.0299377050932346
Philippines,PHL,1999,,.3186040687561035,.5421799850463868,85.639999,6692.1001,.1977033996582031,.0992607533931732,Matched (3),PHL,0,,.5077299880981445,8.808683019803611,8.775766399695799,1.033464365501403,1.043825359323147,2000,.0498500061035155,-.0139426231384277,2,0,0,0,1,1,,,,-.0222433305793117,,0,0,,.0228147823817956
Philippines,PHL,2000,.1007593727111816,.3049747276306152,.5920299911499023,83.667,6985.3838,.2354148864746094,.0873744457960129,Matched (3),PHL,0,,.5421799850463868,8.851575214929328,8.808683019803611,1.043825359323147,1.030491960543171,2001,.0026800155639649,-.0136293411254883,1,0,0,0,1,1,,,,-.0235448702580679,,0,0,,.0228084451671948
Philippines,PHL,2001,.106935396194458,.308372802734375,.5947100067138672,78.920998,7198.3818,.2658942985534668,.0626397321124872,Matched (3),PHL,0,.1007593727111816,.5920299911499023,8.881611534736521,8.851575214929328,1.030491960543171,1.037162825358293,2002,.0571299743652344,.0033980751037598,0,1,1,0,1,1,.0327908743446334,.0327908743446334,.0194131810480509,-.0262532985095355,-.0068401174614846,1,1,.0173704555835044,.022849298160348
Philippines,PHL,2002,.0861053466796875,.3114665222167969,.6518399810791016,84.306999,7465.894,.256661319732666,.0999939179420471,Matched (3),PHL,0,.106935396194458,.5947100067138672,8.918100467432858,8.881611534736521,1.037162825358293,1.050869020194765,2003,.0620899963378906,.0030937194824219,0,1,1,0,1,1,.0331077664265428,.0331077664265428,.0196895199938104,-.0221630497398991,-.0024735297460887,1,1,.0169815598304508,.0228157254158439
Philippines,PHL,2003,.0804738330841064,.2981106376647949,.7139299774169922,87.039001,7845.6768,.284929084777832,.0791630047559738,Matched (3),PHL,0,.0861053466796875,.6518399810791016,8.967717927579312,8.918100467432858,1.050869020194765,1.065692403994885,2004,-.0031099700927734,-.013355884552002,0,1,1,0,1,1,.0363926459480354,.0363926459480354,.0237221816461859,-.0244440154506365,-.0007218338044506,1,1,.0179858604375302,.0228139186774673
Philippines,PHL,2004,.0862551021575928,.2904800033569336,.7108200073242188,95.001999,8361.0781,.297530632019043,.1311882658799489,Matched (3),PHL,0,.0804738330841064,.7139299774169922,9.031342660084396,8.967717927579312,1.065692403994885,1.049424976967309,2005,-.0640799713134766,-.0076306343078613,0,1,1,0,1,1,.0402798239312623,.0402798239312623,.0287569737896065,-.0187472975172487,.0100096762723577,1,1,.0183496156932979,.0229150738700362
Philippines,PHL,2005,.0780409622192383,.3020431137084961,.6467400360107421,107.42,8774.3242,.2949871444702148,.1466679175694784,Matched (3),PHL,0,.0862551021575928,.7108200073242188,9.079585033260219,9.031342660084396,1.049424976967309,1.053164150373048,2006,-.0748500442504882,.0115631103515625,0,1,1,0,1,1,.0401619327207257,.0401619327207257,.028547905310701,-.0170522899867301,.0114956153239709,1,1,.0181520196343242,.0230070163761742
Philippines,PHL,2006,.0402030277252197,.2889389991760254,.5718899917602539,127.653,9240.8037,.2527418327331543,.0581326738993327,Matched (3),PHL,0,.0780409622192383,.6467400360107421,9.131384142556234,9.079585033260219,1.053164150373048,1.065192981662618,2007,-.0702099990844727,-.0131041145324707,0,1,1,0,1,1,.0360021928143466,.0360021928143466,.0232840594772162,-.0267468172117005,-.0034627577344843,1,1,.0181700200825293,.0228645847893316
Philippines,PHL,2007,.0254518008232117,.289698371887207,.5016799926757812,155.98,9843.2393,.1986703109741211,.1566612060864767,Matched (3),PHL,0,.0402030277252197,.5718899917602539,9.194540128741339,9.131384142556234,1.065192981662618,1.043444912866015,2008,-.0015800094604492,.0007593727111816,0,1,1,0,1,1,.0320009838468113,.0320009838468113,.018301042388473,-.0159580341448874,.0023430082435856,1,1,.0161974230768559,.0230812005350281
Philippines,PHL,2008,.0462998104095459,.2833067321777344,.500099983215332,181.007,10270.878,.1818892860412598,.0395640865961711,Matched (3),PHL,0,.0254518008232117,.5016799926757812,9.237067784146049,9.194540128741339,1.043444912866015,1.014483076059159,2009,-.0020499801635742,-.0063916397094727,0,1,1,0,1,1,.0273579806777154,.0273579806777154,.0137249515460204,-.0287800603324899,-.0150551087864695,1,1,.016618113349638,.0229528909248055
Philippines,PHL,2009,.0471392583847046,.2827887535095215,.4980500030517578,176.132,10419.632,.1903846168518066,.0294543312489986,Matched (3),PHL,0,.0462998104095459,.500099983215332,9.251446982239534,9.237067784146049,1.014483076059159,1.073345059370444,2010,-.0221799850463867,-.0005179786682129,0,1,1,0,1,1,.0272217492529849,.0272217492529849,.0136135963445097,-.0298870691844236,-.0162734728399139,1,1,.016729847167463,.0230179853883567
Philippines,PHL,2010,.041213231086731,.2891422843933105,.4758700180053711,208.369,11183.86,.1806151008605957,.1477073017756144,Matched (3),PHL,0,.0471392583847046,.4980500030517578,9.322226977947361,9.251446982239534,1.073345059370444,1.038582384475117,2011,-.0215300369262695,.006353530883789,0,1,1,0,1,1,.0276029314285558,.0276029314285558,.0137476400822297,-.0169384783783142,-.0031908382960845,1,1,.0155238098686301,.0230141926342492
Philippines,PHL,2011,.0370133090019226,.3009836769104004,.4543399810791016,234.217,11615.36,.1469295597076416,.0459451371431351,Matched (3),PHL,0,.041213231086731,.4758700180053711,9.360083669395015,9.322226977947361,1.038582384475117,1.068969573139824,2012,.0025700378417969,.0118413925170899,0,1,1,0,1,1,.0258610815927877,.0258610815927877,.0123065133631983,-.028081341204524,-.0157748278413258,1,1,.0162935159794595,.0229179627616188
Philippines,PHL,2012,.0353642797470093,.3157873153686523,.4569100189208984,261.92001,12416.467,.1436005973815918,.146535728375117,Matched (3),PHL,0,.0370133090019226,.4543399810791016,9.426778838114066,9.360083669395015,1.068969573139824,1.067505255039497,2013,-.018280029296875,.0148036384582519,0,1,1,0,1,1,.0250170130666734,.0250170130666734,.011366229243368,-.0170667645811454,-.0057005353377773,1,1,.0151900022830237,.0230061127036612
Philippines,PHL,2013,.0144416296482086,.3271852111816406,.4386299896240234,283.90302,13254.644,.1338871955871582,.0890889706611633,Matched (3),PHL,0,.0353642797470093,.4569100189208984,9.492103226976219,9.426778838114066,1.067505255039497,1.063479890412816,2014,-.0356399917602539,.0113978958129883,0,1,1,0,1,1,.0249247862064596,.0249247862064596,.0113883845371928,-.0233571313724664,-.0119687468352736,1,1,.0156696909387614,.0228083182059191
Philippines,PHL,2014,.0175386202335358,.3449702453613281,.4029899978637695,297.48401,14096.047,.1186580753326416,.0842738046646118,Matched (3),PHL,0,.0144416296482086,.4386299896240234,9.553649673581896,9.492103226976219,1.063479890412816,1.063483071495,2015,-.0061100006103516,.0177850341796875,0,1,1,0,1,1,.0238249563015321,.0238249563015321,.0104503403353339,-.0238843875916986,-.0134340472563647,1,1,.0155782782988489,.0228095661011738
Philippines,PHL,2015,.0199262201786041,.3388898086547851,.396879997253418,306.44601,14990.907,.109481315612793,.1730837554931641,Matched (3),PHL,0,.0175386202335358,.4029899978637695,9.615199111384166,9.553649673581896,1.063483071495,1.071494575911218,2016,-.023120002746582,-.006080436706543,0,1,1,0,1,1,.0220977051937065,.0220977051937065,.008905154168806,-.0141597801871786,-.0052546260183725,1,1,.0147616391207625,.0232280422696296
Philippines,PHL,2016,.0231520390510559,.3262438201904297,.3737599945068359,318.62701,16062.676,.0974982166290283,.0920756206512451,Matched (3),PHL,0,.0199262201786041,.396879997253418,9.684253585157462,9.615199111384166,1.071494575911218,1.069309917571427,2017,.0075400161743164,-.0126459884643554,0,1,1,0,1,1,.0213928821751864,.0213928821751864,.0084904070189307,-.0230300959632888,-.0145396889443581,1,1,.0152458526818098,.0228089353020183
Philippines,PHL,2017,.0260163688659668,.3288453674316406,.3813000106811523,328.48099,17175.979,.0870308971405029,.1493307232856751,Matched (3),PHL,0,.0231520390510559,.3737599945068359,9.751267088720912,9.684253585157462,1.069309917571427,1.063414895962646,2018,-.0098300170898437,.0026015472412109,0,1,1,0,1,1,.0202708827193132,.0202708827193132,.0075764450138192,-.0167607152257608,-.0091842702119416,1,1,.0147568587569973,.0230256524578508
Philippines,PHL,2018,.0378104591369629,.3230777359008789,.3714699935913086,346.84201,18265.191,.0850790023803711,.1558093528747559,Matched (3),PHL,0,.0260163688659668,.3813000106811523,9.812752418574966,9.751267088720912,1.063414895962646,1.061185263379862,2019,-.0017399978637695,-.0057676315307617,0,1,1,0,1,1,.0207436126439017,.0207436126439017,.0079095397226854,-.0160513112830119,-.0081417715603265,1,1,.0147519019013334,.0230744266418649
Philippines,PHL,2019,.0319719195365906,.3262870788574219,.3697299957275391,376.823,19382.752,.0776574182510376,,Master only (1),PHL,0,.0378104591369629,.3714699935913086,9.872138875009014,9.812752418574966,1.061185263379862,.9048169134748406,2020,.1467100143432617,.003209342956543,1,0,0,1,0,0,,,,,,0,0,,
Philippines,PHL,2020,.0260473203659058,.3364234161376953,.5164400100708008,361.75101,17537.842,.0892804527282715,,Master only (1),PHL,0,.0319719195365906,.3697299957275391,9.772116213707612,9.872138875009014,.9048169134748406,1.057147295886406,2021,.0536100006103516,.0101363372802735,1,0,0,1,0,0,,,,,,0,0,,
Philippines,PHL,2021,.0271374988555908,.3362596893310547,.5700500106811524,394.08701,18540.082,.0860399723052978,,Master only (1),PHL,0,.0260473203659058,.5164400100708008,9.827690263665074,9.772116213707612,1.057147295886406,1.075809884875695,2022,.0038399887084961,-.0001637268066406,1,0,0,1,0,0,,,,,,0,0,,
Philippines,PHL,2022,.0337411189079285,.3470394515991211,.5738899993896485,404.353,19945.604,.0971773052215576,,Master only (1),PHL,0,.0271374988555908,.5700500106811524,9.900764022875196,9.827690263665074,1.075809884875695,1.055189656946838,2023,-.0090499877929687,.0107797622680664,1,0,0,1,0,0,,,,,,0,0,,
Philippines,PHL,2023,.0239590001106262,.3559347915649414,.5648400115966797,437.05499,21046.395,.1119712066650391,,Master only (1),PHL,0,.0337411189079285,.5738899993896485,9.95448454326446,9.900764022875196,1.055189656946838,,,,.0088953399658203,1,0,0,2,0,0,,,,,,0,0,,
Poland,POL,1995,,.4498744201660156,.4857600021362305,139.8,912.435,.1325926971435547,.1073333619435628,Matched (3),POL,0,,,6.816116847367048,,,1.062391270247138,1996,-.05552001953125,,4,0,0,2,0,0,,,,,,0,0,,
Poland,POL,1996,,.4503432464599609,.4302399826049805,157.485,969.36298,.0989027786254883,.0878302536010742,Matched (3),POL,0,,.4857600021362305,6.876639130061967,6.816116847367048,1.062391270247138,1.070864119937215,1997,-.0045999908447266,.0004688262939453,3,0,0,1,0,0,,,,,,0,0,,
Poland,POL,1997,,.4532849884033203,.4256399917602539,157.987,1038.056,.1087581920623779,.1323313770294189,Matched (3),POL,0,,.4302399826049805,6.945105041337839,6.876639130061967,1.070864119937215,1.049817169003576,1998,-.0400199890136719,.0029417419433594,3,0,0,1,0,0,,,,,,0,0,,
Poland,POL,1998,,.4544185256958008,.385620002746582,172.929,1089.769,.1004387760162354,.1738953336079915,Matched (3),POL,0,,.4256399917602539,6.993721065587295,6.945105041337839,1.049817169003576,1.045242572631547,1999,.0067100143432617,.0011335372924804,3,0,0,1,0,0,,,,,,0,0,,
Poland,POL,1999,.0394591093063354,.4508002471923828,.3923300170898438,168.657,1139.073,.073154296875,.1230218607584635,Matched (3),POL,0,,.385620002746582,7.037970050986925,6.993721065587295,1.045242572631547,1.042596915366221,2000,-.0295800018310547,-.0036182785034179,2,0,0,1,0,0,,,,,,0,0,,
Poland,POL,2000,.0585949993133545,.4504239273071289,.3627500152587891,172.151,1187.594,.0770199108123779,.1904202562967936,Matched (3),POL,0,.0394591093063354,.3923300170898438,7.079684685736892,7.037970050986925,1.042596915366221,1.012052911107982,2001,.0076199722290039,-.0003763198852539,0,1,1,0,1,1,.0215418951742233,.0215418951742233,.0084515321018507,-.0122614493975477,-.003809917295697,1,1,.0146606418335939,.023416114986906
Poland,POL,2001,.0570650386810303,.4521090698242187,.370369987487793,191.403,1201.908,.0776681995391846,.0647705631256103,Matched (3),POL,0,.0585949993133545,.3627500152587891,7.09166553893896,7.079684685736892,1.012052911107982,1.014434548747059,2002,.0438899993896484,.0016851425170898,0,1,1,0,1,1,.019261645346438,.019261645346438,.0069871621433298,-.0260199744861048,-.019032812342775,1,1,.0153279414198377,.0228429106215101
Poland,POL,2002,.0280351209640503,.4571311569213867,.4142599868774414,199.694,1219.257,.0712202405929565,.2815651283264161,Matched (3),POL,0,.0570650386810303,.370369987487793,7.105996901367245,7.09166553893896,1.014434548747059,1.035234642480947,2003,.0481100082397461,.005022087097168,0,1,1,0,1,1,.0206323203842808,.0206323203842808,.0076415922425702,-.0022811702829427,.0053604219596275,1,1,.014628199075185,.0249271505847013
Poland,POL,2003,.0179294395446777,.4536128234863281,.4623699951171875,218.561,1262.217,.0747772979736328,.1824700673421224,Matched (3),POL,0,.0280351209640503,.4142599868774414,7.140625010101328,7.105996901367245,1.035234642480947,1.050908010207269,2004,-.012249984741211,-.0035183334350586,0,1,1,0,1,1,.0228030276595289,.0228030276595289,.0094463819390024,-.0131319877286091,-.0036856057896067,1,1,.0147752871286542,.0233257006926577
Poland,POL,2004,.0266226100921631,.4452340316772461,.4501200103759765,256.45401,1326.474,.0704342842102051,.0795676695505778,Matched (3),POL,0,.0179294395446777,.4623699951171875,7.190279572197175,7.140625010101328,1.050908010207269,1.032607538323145,2005,.0146199798583985,-.0083787918090821,0,1,1,0,1,1,.0252067435234845,.0252067435234845,.0116548418798737,-.0243997050302248,-.0127448631503511,1,1,.015807057885316,.0228134604060256
Poland,POL,2005,.0094427198171616,.4498053741455078,.464739990234375,307.15799,1369.7271,.0611127710342407,.1681285940806071,Matched (3),POL,0,.0266226100921631,.4501200103759765,7.222366765966251,7.190279572197175,1.032607538323145,1.062021847988789,2006,.0062400054931641,.0045713424682617,0,1,1,0,1,1,.0248595429012568,.0248595429012568,.0111897777086558,-.0147023657748698,-.0035125880662141,1,1,.015036728521611,.0231804960709534
Poland,POL,2006,.0045674398541451,.447453727722168,.4709799957275391,345.89801,1454.6801,.05789137840271,.3018868675231933,Matched (3),POL,0,.0094427198171616,.464739990234375,7.28254126106854,7.222366765966251,1.062021847988789,1.067603813425804,2007,-.0266999816894531,-.0023516464233398,0,1,1,0,1,1,.0262908869638105,.0262908869638105,.0122184265508144,-.0000559586526918,.0121624678981226,1,1,.0149413283923961,.0253735858147459
Poland,POL,2007,.0086413300037384,.4606021118164063,.4442800140380859,429.715,1553.022,.0530839490890503,.3061404406229655,Matched (3),POL,0,.0045674398541451,.4709799957275391,7.347957971571618,7.28254126106854,1.067603813425804,1.043838421122629,2008,.0213099670410156,.0131483840942383,0,1,1,0,1,1,.0266774053045721,.0266774053045721,.0125645242363692,.0004098036642086,.0129743279005778,1,1,.0149819388986859,.0254716282794172
Poland,POL,2008,.024436149597168,.4759922790527344,.4655899810791015,535.612,1621.104,.0521147680282593,.1461557820638021,Matched (3),POL,0,.0086413300037384,.4442800140380859,7.390862680014473,7.347957971571618,1.043838421122629,1.02615134060899,2009,.0314200210571289,.0153901672363281,0,1,1,0,1,1,.0244213892397735,.0244213892397735,.0108499351542761,-.0171083683505187,-.0062584331962426,1,1,.0151247482342938,.0230035266334537
Poland,POL,2009,.028921070098877,.4838948822021484,.4970100021362305,440.95401,1663.498,.0649374771118164,.1324827537536621,Matched (3),POL,0,.024436149597168,.4655899810791015,7.416677921352041,7.390862680014473,1.02615134060899,1.031688639104109,2010,.0404700088500977,.007902603149414,0,1,1,0,1,1,.0256216072360657,.0256216072360657,.011929163628256,-.0186055522933822,-.0066763886651262,1,1,.0153689299139794,.0229216858649278
Poland,POL,2010,.0260717511177063,.4943119049072265,.5374800109863281,478.11099,1716.212,.0648188972473144,.0989786167144775,Matched (3),POL,0,.028921070098877,.4970100021362305,7.447874836594444,7.416677921352041,1.031688639104109,1.052554663637193,2011,.0103199768066407,.0104170227050781,0,1,1,0,1,1,.0273345690206186,.0273345690206186,.0135855542073306,-.0222742242844555,-.0086886700771249,1,1,.0159187207998839,.0228144365700679
Poland,POL,2011,.0322985601425171,.509012451171875,.5477999877929688,527.84802,1806.407,.0649397087097168,.1532414124806722,Matched (3),POL,0,.0260717511177063,.5374800109863281,7.499095058767619,7.447874836594444,1.052554663637193,1.01511844166874,2012,-.0030799865722657,.0147005462646485,0,1,1,0,1,1,.029954656048229,.029954656048229,.0161000288618938,-.0163324983790264,-.0002324695171325,1,1,.0158548273329546,.0230545131709674
Poland,POL,2012,.0324907398223877,.5193345260620117,.5447200012207031,498.14899,1833.717,.0680634927749634,.1521456514994304,Matched (3),POL,0,.0322985601425171,.5477999877929688,7.514100355752721,7.499095058767619,1.01511844166874,1.006842384506261,2013,.0238700103759766,.0103220748901367,0,1,1,0,1,1,.0305593652393433,.0305593652393433,.0167404199050732,-.0164524831921284,.0002879367129447,1,1,.0159690551345839,.023046247898541
Poland,POL,2013,.0173135495185852,.538548469543457,.5685900115966797,518.17999,1846.264,.0652670478820801,.1097137317657471,Matched (3),POL,0,.0324907398223877,.5447200012207031,7.520919437383879,7.514100355752721,1.006842384506261,1.039204553907063,2014,-.0572900009155273,.0192139434814453,0,1,1,0,1,1,.0301972906673365,.0301972906673365,.0164490682091735,-.0210987391238175,-.0046496709146441,1,1,.0162969518929507,.0228342835932478
Poland,POL,2014,.0102657401561737,.5649582290649414,.5113000106811524,542.26599,1918.646,.0504356718063355,.2386753870646159,Matched (3),POL,0,.0173135495185852,.5685900115966797,7.559375005876189,7.520919437383879,1.039204553907063,1.044318235897864,2015,-.0007400131225587,.0264097595214844,1,0,0,1,0,0,,,,,,0,0,,
Poland,POL,2015,.0057493299245834,.5713275146484375,.5105599975585937,479.729,2003.677,.0450105381011963,.3268774274190267,Matched (3),POL,0,.0102657401561737,.5113000106811524,7.602739272544302,7.559375005876189,1.044318235897864,1.030311825390356,2016,.0307300186157227,.006369285583496,0,1,1,0,1,1,.0291462496015336,.0291462496015336,.0149024777325797,.0026804845221871,.0175829622547668,1,1,.0152636334285921,.0259714841633596
Poland,POL,2016,.0121090996265411,.5571708679199219,.5412900161743164,472.883,2064.4121,.0440663051605225,.1680757484436035,Matched (3),POL,0,.0057493299245834,.5105599975585937,7.632600772065835,7.602739272544302,1.030311825390356,1.05152455725232,2017,-.0368500137329101,-.0141566467285156,0,1,1,0,1,1,.0284281141746616,.0284281141746616,.0145142579036107,-.0147081523232026,-.000193894419592,1,1,.0155003682315639,.0231800040232581
Poland,POL,2017,.0110660099983215,.5531123733520508,.5044400024414063,528.49701,2170.78,.0393744492530823,.0965202490488688,Matched (3),POL,0,.0121090996265411,.5412900161743164,7.682841842449528,7.632600772065835,1.05152455725232,1.062458197506274,2018,-.0220999908447266,-.0040584945678711,0,1,1,0,1,1,.0299387270944292,.0299387270944292,.016205534073182,-.0225434132681333,-.0063378791949513,1,1,.0163896753949453,.022811825321818
Poland,POL,2018,.0030264401435852,.5538360977172851,.4823400115966797,594.64099,2306.363,.0349053835868835,.3600636062622071,Matched (3),POL,0,.0110660099983215,.5044400024414063,7.743427119968479,7.682841842449528,1.062458197506274,1.045805470027458,2019,-.0302300262451172,.0007237243652344,0,1,1,0,1,1,.0288821307956715,.0288821307956715,.0145693021290815,.0063143403851313,.0208836425142128,1,1,.0153610319067766,.0268429297096404
Poland,POL,2019,.002866750061512,.542298812866211,.4521099853515625,602.59198,2412.0071,.0333996891975403,,Master only (1),POL,0,.0030264401435852,.4823400115966797,7.788214493198542,7.743427119968479,1.045805470027458,.9796442784365046,2020,.113740005493164,-.0115372848510742,1,0,0,1,0,0,,,,,,0,0,,
Poland,POL,2020,.0062391901016235,.5405447006225585,.5658499908447265,605.92999,2362.9089,.031554229259491,,Master only (1),POL,0,.002866750061512,.4521099853515625,7.767648738800164,7.788214493198542,.9796442784365046,1.069271863594213,2021,-.0357099914550781,-.0017541122436524,1,0,0,1,0,0,,,,,,0,0,,
Poland,POL,2021,.0054611700773239,.5326996994018555,.5301399993896484,689.25299,2526.592,.0261147713661194,,Master only (1),POL,0,.0062391901016235,.5658499908447265,7.834626654314044,7.767648738800164,1.069271863594213,1.05255456100206,2022,-.0422700119018554,-.0078450012207031,1,0,0,1,0,0,,,,,,0,0,,
Poland,POL,2022,.0316425609588623,.5324391174316406,.487869987487793,695.73401,2659.376,.0382908296585083,,Master only (1),POL,0,.0054611700773239,.5301399993896484,7.885846778976712,7.834626654314044,1.05255456100206,1.002496418736627,2023,.0073400115966797,-.0002605819702148,1,0,0,1,0,0,,,,,,0,0,,
Poland,POL,2023,.0186811602115631,.5364661407470703,.4952099990844727,812.95898,2666.0149,.0497323751449585,,Master only (1),POL,0,.0316425609588623,.487869987487793,7.888340086836377,7.885846778976712,1.002496418736627,,,,.0040270233154297,1,0,0,2,0,0,,,,,,0,0,,
Portugal,PRT,1995,.0526740789413452,.4458826446533203,.622150001525879,118.182,159.644,.1218157577514648,.1957584800720215,Matched (3),PRT,0,,,5.072946318656737,,,1.035046737234728,1996,.010970001220703,,3,0,0,2,0,0,,,,,,0,0,,
Portugal,PRT,1996,.021993579864502,.4488371658325195,.633120002746582,122.655,165.239,.1085337924957275,.0628381290435791,Matched (3),PRT,0,.0526740789413452,.622150001525879,5.107392901103064,5.072946318656737,1.035046737234728,1.044009000560804,1997,-.0459600067138671,.0029545211791992,1,0,0,1,0,0,,,,,,0,0,,
Portugal,PRT,1997,.0002017500065267,.4496427154541016,.5871599960327148,117.211,172.511,.0864168834686279,.2203656005859375,Matched (3),PRT,0,.021993579864502,.633120002746582,5.150461011753172,5.107392901103064,1.044009000560804,1.048078041473132,1998,-.0309999847412109,.000805549621582,1,0,0,1,0,0,,,,,,0,0,,
Portugal,PRT,1998,-.0041534399986267,.4541463470458985,.5561600112915039,124.124,180.80499,.0708451843261719,.1835413017272949,Matched (3),PRT,0,.0002017500065267,.5871599960327148,5.197419061934004,5.150461011753172,1.048078041473132,1.03906420633364,1999,-.0021000289916993,.0045036315917969,1,0,0,1,0,0,,,,,,0,0,,
Portugal,PRT,1999,-.0082395499944687,.4553369140625,.5540599822998047,127.597,187.868,.0649278450012207,.0566570920944214,Matched (3),PRT,0,-.0041534399986267,.5561600112915039,5.235739568420551,5.197419061934004,1.03906420633364,1.038165085663172,2000,-.0121299743652343,.0011905670166015,1,0,0,1,0,0,,,,,,0,0,,
Portugal,PRT,2000,-.004127199947834,.4559088897705078,.5419300079345704,118.658,195.03799,.0637258625030518,.0853565301895142,Matched (3),PRT,0,-.0082395499944687,.5540599822998047,5.273194382583113,5.235739568420551,1.038165085663172,1.019432155036649,2001,.031870002746582,.0005719757080078,0,1,1,0,1,1,.0306453414342059,.0306453414342059,.0169793573326076,-.0237658301489988,-.0067864728163912,1,1,.0166491833798521,.0228090442476694
Portugal,PRT,2001,.0017209100723267,.4632950592041016,.5738000106811524,121.605,198.828,.0633071994781494,.1186024417877197,Matched (3),PRT,0,-.004127199947834,.5419300079345704,5.292440144109944,5.273194382583113,1.019432155036649,1.007710128751307,2002,.0266399765014648,.0073861694335938,0,1,1,0,1,1,.0300703009941969,.0300703009941969,.0162959984563801,-.0201254336046739,-.0038294351482938,1,1,.0161840956462983,.022861096191296
Portugal,PRT,2002,.0042787098884583,.4706330108642578,.6004399871826172,134.7,200.36099,.0622884368896484,.143170488357544,Matched (3),PRT,0,.0017209100723267,.5738000106811524,5.300120701719516,5.292440144109944,1.007710128751307,.9906967998587755,2003,.0385300064086914,.0073379516601562,0,1,1,0,1,1,.0320564687417808,.0320564687417808,.0183940021064339,-.0174352552478732,.0009587468585607,1,1,.0163250321031985,.0229837925896049
Portugal,PRT,2003,.0018731899559498,.4698686218261719,.6389699935913086,165.185,198.49699,.0592542266845703,.2179027671813965,Matched (3),PRT,0,.0042787098884583,.6004399871826172,5.29077395652923,5.300120701719516,.9906967998587755,1.017884417188836,2004,.0320199966430664,-.0007643890380859,0,1,1,0,1,1,.0339468698924568,.0339468698924568,.0203830581231167,-.0092521398961929,.0111309182269238,1,1,.0161507331963201,.0237818311796129
Portugal,PRT,2004,-.0012036100029945,.4666020584106445,.670989990234375,189.29601,202.047,.0567059183120728,.1292228755950928,Matched (3),PRT,0,.0018731899559498,.6389699935913086,5.308500329104275,5.29077395652923,1.017884417188836,1.007819971857859,2005,.0515000152587891,-.0032665634155274,0,1,1,0,1,1,.0358453198629915,.0358453198629915,.0229040838031341,-.0189625059340824,.0039415778690518,1,1,.0172701503511886,.0229054122771045
Portugal,PRT,2005,-.0084968197345734,.4662328338623047,.7224900054931641,197.36301,203.627,.0562344789505005,.1465357685089111,Matched (3),PRT,0,-.0012036100029945,.670989990234375,5.316289883455327,5.308500329104275,1.007819971857859,1.016250329058317,2006,.0143000030517577,-.0003692245483398,0,1,1,0,1,1,.0378095312321545,.0378095312321545,.0253698169922296,-.017066760186532,.0083030568056976,1,1,.0175591460452988,.0230061129777157
Portugal,PRT,2006,-.0087891399860382,.473437614440918,.7367900085449218,208.767,206.936,.0607011651992798,.1258025321960449,Matched (3),PRT,0,-.0084968197345734,.7224900054931641,5.332409589131779,5.316289883455327,1.016250329058317,1.025065703133768,2007,-.0095100402832031,.0072047805786133,0,1,1,0,1,1,.0407623937899035,.0407623937899035,.0294504221131819,-.0193370303700726,.0101133917431093,1,1,.0185387824006596,.0228896845057094
Portugal,PRT,2007,-.0021027700603008,.492310562133789,.7272799682617187,240.524,212.123,.0621863651275635,.0939563980102539,Matched (3),PRT,0,-.0087891399860382,.7367900085449218,5.357166300286104,5.332409589131779,1.025065703133768,1.003191553719392,2008,.0291500091552734,.0188729476928711,0,1,1,0,1,1,.0414715126982673,.0414715126982673,.0305557961953272,-.0228241525835095,.0077316436118178,1,1,.0191185539297287,.0228098704142642
Portugal,PRT,2008,.008721370100975,.5100751113891602,.7564299774169921,263.388,212.8,.0653869247436523,.0655933361053467,Matched (3),PRT,0,-.0021027700603008,.7272799682617187,5.360352771808456,5.357166300286104,1.003191553719392,.9687828699444238,2009,.1215600585937501,.0177645492553711,0,1,1,0,1,1,.0407895144464592,.0407895144464592,.0296653967720318,-.0259298816064631,.0037355151655687,1,1,.0193095560219071,.0228405886185543
Portugal,PRT,2009,.0094545900821686,.515518798828125,.8779900360107422,244.40199,206.157,.0672312593460083,.1849475364685059,Matched (3),PRT,0,.008721370100975,.7564299774169921,5.328638003183469,5.360352771808456,.9687828699444238,1.017375111069334,2010,.1227599334716796,.0054436874389648,0,1,1,0,1,1,.0430176372042786,.0430176372042786,.0325398303389648,-.0128607071526586,.0196791231863062,1,1,.0185434024480582,.0233531229169805
Portugal,PRT,2010,.0200563597679138,.5174380493164062,1.000749969482422,238.63901,209.739,.0670389699935913,.0493775777816772,Matched (3),PRT,0,.0094545900821686,.8779900360107422,5.345863893020994,5.328638003183469,1.017375111069334,.9828644450110964,2011,.1394900512695314,.0019192504882812,0,1,1,0,1,1,.0496196120514582,.0496196120514582,.0435655249718989,-.0277054921320076,.0158600328398913,1,1,.0221896646755125,.0229011554288754
Portugal,PRT,2011,.0756062793731689,.527106704711914,1.140240020751953,245.383,206.145,.0905179500579834,.2009550132751465,Matched (3),PRT,0,.0200563597679138,1.000749969482422,5.328579825400438,5.345863893020994,.9828644450110964,.9594896905007351,2012,.1458000183105468,.0096686553955078,0,1,1,0,1,1,.0575119674329043,.0575119674329043,.057555099653353,-.011107903260423,.04644719639293,1,1,.0229033024372146,.0235466517287085
Portugal,PRT,2012,.0885501956939697,.5480199813842773,1.2860400390625,216.674,197.79401,.1003940677642822,.1558695583343506,Matched (3),PRT,0,.0756062793731689,1.140240020751953,5.28722611715042,5.328579825400438,.9594896905007351,.9901614857727924,2013,.0223699951171876,.0209132766723633,0,1,1,0,1,1,.0655569462338275,.0655569462338275,.0747506537340942,-.0160447188409183,.0587059348931759,1,1,.0262703830742181,.0230749026452705
Portugal,PRT,2013,.0395973610877991,.5582817840576172,1.308410034179688,226.681,195.84801,.0935118389129639,.0753288335800171,Matched (3),PRT,0,.0885501956939697,1.2860400390625,5.277338884937012,5.28722611715042,.9901614857727924,1.007413891365821,2014,.0161199951171873,.0102618026733399,0,1,1,0,1,1,.0738239286355687,.0738239286355687,.094940528066234,-.0248638536451186,.0700766744211153,1,1,.030463545880194,.0228192301769743
Portugal,PRT,2014,.012192690372467,.5792049026489258,1.324530029296875,230.138,197.3,.0983447551727295,.2014659919738769,Matched (3),PRT,0,.0395973610877991,1.308410034179688,5.284725428496171,5.277338884937012,1.007413891365821,1.015894584583921,2015,-.0143000793457031,.0209231185913086,0,1,1,0,1,1,.0756805199923131,.0756805199923131,.0990211517498789,-.0110519515659241,.0879692001839549,1,1,.0295474493490628,.0235532912095048
Portugal,PRT,2015,.0028968998789787,.5927437973022461,1.310229949951172,199.05901,200.436,.0981000423431397,.3107696418762207,Matched (3),PRT,0,.012192690372467,1.324530029296875,5.300495016938719,5.284725428496171,1.015894584583921,1.020041300954173,2016,.0015699768066406,.0135388946533204,0,1,1,0,1,1,.07709657514949,.07709657514949,.1021167289414427,.000916696916197,.1030334258576397,1,1,.0290191426541855,.0255800907673787
Portugal,PRT,2016,.0132071805000305,.571536865234375,1.311799926757812,206.24899,204.453,.0908624935150146,.1263641586303711,Matched (3),PRT,0,.0028968998789787,1.310229949951172,5.320338134546697,5.300495016938719,1.020041300954173,1.03314694673466,2017,-.0515099334716795,-.0212069320678712,0,1,1,0,1,1,.0754690185982347,.0754690185982347,.0988817684608291,-.0192755327954104,.0796062356654187,1,1,.0303891821803089,.0228921722722648
Portugal,PRT,2017,.0071294099092484,.5770374298095703,1.260289993286133,220.785,211.23,.0854439353942871,.3644872665405274,Matched (3),PRT,0,.0132071805000305,1.311799926757812,5.352947566972569,5.320338134546697,1.03314694673466,1.029465507500486,2018,-.0491699981689453,.0055005645751953,0,1,1,0,1,1,.0765730435335088,.0765730435335088,.1004485128988796,.0067987270906333,.1072472399895129,1,1,.0284231448147882,.0269653670058528
Portugal,PRT,2018,-.0106803798675537,.5762065505981445,1.211119995117188,242.203,217.45399,.0755320119857788,.1264223289489746,Matched (3),PRT,0,.0071294099092484,1.260289993286133,5.381987309769255,5.352947566972569,1.029465507500486,1.027454088518998,2019,-.0500199890136719,-.0008308792114258,0,1,1,0,1,1,.0725204645094199,.0725204645094199,.091396815729684,-.0192691631993715,.0721276525303125,1,1,.0292557461580555,.0228924320712068
Portugal,PRT,2019,-.0135372698307037,.5742462158203125,1.161100006103516,240.142,223.424,.066295747756958,,Master only (1),PRT,0,-.0106803798675537,1.211119995117188,5.409071293452635,5.381987309769255,1.027454088518998,.9179542305980988,2020,.1798599243164061,-.001960334777832,1,0,0,1,0,0,,,,,,0,0,,
Portugal,PRT,2020,-.0047993299365044,.5712026977539062,1.340959930419922,229.435,205.093,.0633833646774292,,Master only (1),PRT,0,-.0135372698307037,1.161100006103516,5.323463546111775,5.409071293452635,.9179542305980988,1.055589419666356,2021,-.102179946899414,-.0030435180664063,1,0,0,1,0,0,,,,,,0,0,,
Portugal,PRT,2021,-.0114724695682526,.5732994079589844,1.238779983520508,256.22601,216.494,.0512826251983643,,Master only (1),PRT,0,-.0047993299365044,1.340959930419922,5.37756284865662,5.323463546111775,1.055589419666356,1.069858715205385,2022,-.1264599609374999,.0020967102050782,1,0,0,1,0,0,,,,,,0,0,,
Portugal,PRT,2022,-.0076950001716614,.5756239318847656,1.112320022583008,257.10101,231.618,.0414792013168335,,Master only (1),PRT,0,-.0114724695682526,1.238779983520508,5.445089446548014,5.37756284865662,1.069858715205385,1.030999352605918,2023,-.1437200164794923,.0023245239257812,1,0,0,1,0,0,,,,,,0,0,,
Portugal,PRT,2023,-.0071884799003601,.5739291763305664,.9686000061035156,292.40799,238.798,.0413161849975586,,Master only (1),PRT,0,-.0076950001716614,1.112320022583008,5.475618023654335,5.445089446548014,1.030999352605918,,,,-.0016947555541992,1,0,0,2,0,0,,,,,,0,0,,
Romania,ROU,1995,,.3800525665283203,,35.838001,551.604,.0436713552474976,.0868186511993408,Matched (3),ROU,0,,,6.312830404606091,,,1.039481249197785,1996,,,4,0,0,2,0,0,,,,,,0,0,,
Romania,ROU,1996,,.384078254699707,,35.692001,573.38202,.0582213258743286,.0881194124221802,Matched (3),ROU,0,,,6.351552194469561,6.312830404606091,1.039481249197785,.9394696204322391,1997,,.0040256881713867,4,0,0,1,0,0,,,,,,0,0,,
Romania,ROU,1997,,.3819166946411133,,35.644001,538.67499,.1334180450439453,.0645391864776611,Matched (3),ROU,0,,,6.289112397929079,6.351552194469561,.9394696204322391,.9518244036615543,1998,,-.0021615600585937,4,0,0,1,0,0,,,,,,0,0,,
Romania,ROU,1998,,.3722493743896484,,42.542999,512.724,.157192907333374,.1915033721923828,Matched (3),ROU,0,,,6.239737686789984,6.289112397929079,.9518244036615543,.9885006434163802,1999,,-.0096673202514648,4,0,0,1,0,0,,,,,,0,0,,
Romania,ROU,1999,,.3669465255737305,,35.952999,506.828,.1656572151184082,.1272607612609863,Matched (3),ROU,0,,,6.228171701320057,6.239737686789984,.9885006434163802,1.029207104639162,2000,,-.005302848815918,4,0,0,1,0,0,,,,,,0,0,,
Romania,ROU,2000,,.3671036911010742,.2955800056457519,37.446999,521.63098,.1552112865447998,.2079556522369385,Matched (3),ROU,0,,,6.256960405791215,6.228171701320057,1.029207104639162,1.052182544186431,2001,-.0214900016784668,.0001571655273437,3,0,0,0,1,1,,,,-.0103413397745853,,0,0,,.0236400704616388
Romania,ROU,2001,,.3753232574462891,.2740900039672852,40.396,548.85101,.1268230819702149,.1114590606689453,Matched (3),ROU,0,,.2955800056457519,6.307827026143453,6.256960405791215,1.052182544186431,1.057029983736221,2002,-.000260009765625,.0082195663452149,2,0,0,0,1,1,,,,-.020907627224565,,0,0,,.0228388074857147
Romania,ROU,2002,,.3894945526123047,.2738299942016602,46.035,580.15198,.1009902286529541,.2681980018615723,Matched (3),ROU,0,,.2740900039672852,6.3632900994563,6.307827026143453,1.057029983736221,1.023411160826536,2003,-.0250300025939941,.0141712951660156,2,0,0,0,1,1,,,,-.0037448582569189,,0,0,,.024653970363476
Romania,ROU,2003,,.3815691757202149,.248799991607666,57.790001,593.73401,.0709786653518677,.2243381614685059,Matched (3),ROU,0,,.2738299942016602,6.386431422420373,6.3632900994563,1.023411160826536,1.104280666276168,2004,-.0355099868774414,-.0079253768920898,2,0,0,0,1,1,,,,-.008547470178987,,0,0,,.0238791091615229
Romania,ROU,2004,,.3884183502197265,.2132900047302246,75.058998,655.64899,.0364165091514587,.0893975863456726,Matched (3),ROU,0,,.248799991607666,6.485625564664574,6.386431422420373,1.104280666276168,1.046681982652826,2005,-.035620002746582,.0068491744995117,2,0,0,0,1,1,,,,-.0233233382406976,,0,0,,.0228083326293119
Romania,ROU,2005,,.3974773025512695,.1776700019836426,98.546997,686.25598,.0348929166793823,.109455023765564,Matched (3),ROU,0,,.2132900047302246,6.531250708917358,6.485625564664574,1.046681982652826,1.080287857520595,2006,-.0507600021362305,.009058952331543,2,0,0,0,1,1,,,,-.0211270674103521,,0,0,,.0228336438648783
Romania,ROU,2006,,.3865457916259766,.1269099998474121,122.114,741.354,.0196633529663086,.164112982749939,Matched (3),ROU,0,,.1776700019836426,6.608478249280704,6.531250708917358,1.080287857520595,1.072337898547909,2007,-.0026000022888184,-.0109315109252929,2,0,0,0,1,1,,,,-.0151420714983341,,0,0,,.0231440130382244
Romania,ROU,2007,.0249830007553101,.4214885330200195,.1243099975585937,174.83099,794.98199,.0172594308853149,.397479778289795,Matched (3),ROU,0,,.1269099998474121,6.678319466132329,6.608478249280704,1.072337898547909,1.093075040009643,2008,.0057299995422363,.034942741394043,1,0,0,0,1,1,,,,.0104113765860713,,0,0,,.0279218300767406
Romania,ROU,2008,.0557826900482178,.4438111877441406,.1300399971008301,215.567,868.97498,.0195323967933655,.2005915775299072,Matched (3),ROU,0,.0249830007553101,.1243099975585937,6.767314328056669,6.678319466132329,1.093075040009643,.944832744105864,2009,.0944700050354004,.0223226547241211,0,1,1,0,1,1,.0057593339459313,.0057593339459313,.0007159427887578,-.0111476991380949,-.0104317563493371,1,1,.0154035016868058,.0235419466123552
Romania,ROU,2009,.0753978776931763,.4545847320556641,.2245100021362305,174.57201,821.03601,.0332733511924744,.1127130565643311,Matched (3),ROU,0,.0557826900482178,.1300399971008301,6.710566970539466,6.767314328056669,.944832744105864,.9609420381755556,2010,.0771299934387207,.0107735443115234,0,1,1,0,1,1,.0057244476638516,.0057244476638516,.0007444071576111,-.020770315834842,-.0200259086772309,1,1,.0153474954760462,.0228422815063993
Romania,ROU,2010,.0446219682693481,.4308813095092773,.3016399955749512,170.32899,788.96802,.0396103072166443,.2054187784194947,Matched (3),ROU,0,.0753978776931763,.2245100021362305,6.670725784635351,6.710566970539466,.9609420381755556,1.04495618751379,2011,.0243300056457519,-.0237034225463867,0,1,1,0,1,1,.0116963380361968,.0116963380361968,.0026259448774926,-.010619125109216,-.0079931802317234,1,1,.0147428063032445,.0236056071011651
Romania,ROU,2011,.0432931709289551,.4176311111450196,.3259700012207031,192.84599,824.43701,.0449649000167847,.1735777006149292,Matched (3),ROU,0,.0446219682693481,.3016399955749512,6.714700743349089,6.670725784635351,1.04495618751379,1.019035983954486,2012,.0356999969482422,-.0132501983642578,0,1,1,0,1,1,.0161153964838671,.0161153964838671,.0048610481240823,-.0141056936535894,-.0092446455295071,1,1,.014563331562359,.0232329342381929
Romania,ROU,2012,.0479431200027466,.3927638244628906,.3616699981689453,179.228,840.13098,.0540131902694702,.3859388465881348,Matched (3),ROU,0,.0432931709289551,.3259700012207031,6.733557809973534,6.714700743349089,1.019035983954486,1.002787709377883,2013,.0309500122070313,-.024867286682129,0,1,1,0,1,1,.0184539187124519,.0184539187124519,.0060154239052247,.0091476552481585,.0151630791533832,1,1,.0153699094797901,.0275788045523269
Romania,ROU,2013,.0293212699890137,.402225112915039,.3926200103759765,189.839,842.47302,.0521695375442505,.2062838077545166,Matched (3),ROU,0,.0479431200027466,.3616699981689453,6.736341640895962,6.733557809973534,1.002787709377883,1.041159732633547,2014,.0121199798583985,.0094612884521484,0,1,1,0,1,1,.0197988885946814,.0197988885946814,.0071606640017856,-.0105244051977871,-.0033637411960016,1,1,.0145474423943152,.0236172807674134
Romania,ROU,2014,.020423378944397,.4202704238891601,.404739990234375,199.989,877.14899,.0462514448165894,.1900084095001221,Matched (3),ROU,0,.0293212699890137,.3926200103759765,6.776676860288631,6.736341640895962,1.041159732633547,1.031570482344248,2015,-.0111999893188477,.0180453109741211,0,1,1,0,1,1,.0215572692503966,.0215572692503966,.0084638152767684,-.0123065462405374,-.003842730963769,1,1,.0146628235777772,.0234112592147682
Romania,ROU,2015,.0133316195011139,.4338056564331055,.3935400009155273,177.87801,904.841,.039585554599762,.3646781425476074,Matched (3),ROU,0,.020423378944397,.404739990234375,6.807759241434213,6.776676860288631,1.031570482344248,1.02859948944058,2016,.0019400024414063,.0135352325439453,0,1,1,0,1,1,.0230147493244363,.0230147493244363,.009314989416819,.006819627836715,.0161346172535339,1,1,.0150907195639925,.026970682000253
Romania,ROU,2016,.0143034100532532,.4275064468383789,.3954800033569336,185.33701,930.71899,.0439009428024292,.1676785516738892,Matched (3),ROU,0,.0133316195011139,.3935400009155273,6.835957399429343,6.807759241434213,1.02859948944058,1.081954895107188,2017,-.0244100189208984,-.0062992095947266,0,1,1,0,1,1,.0215167556688268,.0215167556688268,.0084677040456093,-.014751645001802,-.0062839409561927,1,1,.0147451843177044,.0231763158776808
Romania,ROU,2017,.015156329870224,.4302777481079101,.3710699844360352,210.53,1006.996,.0406221151351929,.2053472633361816,Matched (3),ROU,0,.0143034100532532,.3954800033569336,6.914726892392475,6.835957399429343,1.081954895107188,1.053944626405769,2018,-.0068899917602539,.0027713012695312,0,1,1,0,1,1,.0217912880568699,.0217912880568699,.0086180186738828,-.0106269559446374,-.0020089372707546,1,1,.0146354807963875,.0236046456026485
Romania,ROU,2018,.0177584099769592,.4365155410766601,.3641799926757813,241.97301,1061.318,.0450416469573975,.3410609378814697,Matched (3),ROU,0,.015156329870224,.3710699844360352,6.967266804514631,6.914726892392475,1.053944626405769,1.039602650789015,2019,.003489990234375,.00623779296875,0,1,1,0,1,1,.0209263352026833,.0209263352026833,.0077651348779629,.0042335657881754,.0119987006661383,1,1,.0149195595887992,.0263335267729123
Romania,ROU,2019,.0231461095809937,.4206284332275391,.3676699829101562,250.056,1103.349,.0381803703308105,,Master only (1),ROU,0,.0177584099769592,.3641799926757813,7.00610537811287,6.967266804514631,1.039602650789015,.9640204522032364,2020,.1277000045776367,-.0158871078491211,1,0,0,1,0,0,,,,,,0,0,,
Romania,ROU,2020,.0294748711585999,.4331756210327148,.495369987487793,250.961,1063.651,.0459914302825928,,Master only (1),ROU,0,.0231461095809937,.3676699829101562,6.969462609494683,7.00610537811287,.9640204522032364,1.055873640561024,2021,.0226800155639649,.0125471878051758,1,0,0,1,0,0,,,,,,0,0,,
Romania,ROU,2021,.0230082297325134,.4357350158691407,.5180500030517579,285.27499,1123.0811,.0482216024398804,,Master only (1),ROU,0,.0294748711585999,.495369987487793,7.023831129059459,6.969462609494683,1.055873640561024,1.041876768967901,2022,.0009700012207031,.0025593948364258,1,0,0,1,0,0,,,,,,0,0,,
Romania,ROU,2022,.0452292680740356,.4390110015869141,.519020004272461,295.89099,1170.1121,.0649748754501343,,Master only (1),ROU,0,.0230082297325134,.5180500030517579,7.064854801450551,7.023831129059459,1.041876768967901,1.022577298056097,2023,.0069300079345703,.0032759857177734,1,0,0,1,0,0,,,,,,0,0,,
Romania,ROU,2023,.0303296804428101,.4406818008422851,.5259500122070313,347.82901,1196.53,.0600466299057007,,Master only (1),ROU,0,.0452292680740356,.519020004272461,7.087181004648929,7.064854801450551,1.022577298056097,,,,.0016707992553711,1,0,0,2,0,0,,,,,,0,0,,
Russia,RUS,1995,,.3868587112426758,,335.77701,64589.734,,.1778969376909187,Matched (3),RUS,0,,,11.07581076653935,,,.9641871785449652,1996,,,4,0,0,2,0,0,,,,,,0,0,,
Russia,RUS,1996,,.3888249969482422,,412.685,62276.594,,.0799150270097006,Matched (3),RUS,0,,,11.03934093193458,11.07581076653935,.9641871785449652,1.013758743127309,1997,,.0019662857055664,4,0,0,1,0,0,,,,,,0,0,,
Russia,RUS,1997,,.3865034866333008,.5151900100708008,433.70401,63133.441,,.1205160809225506,Matched (3),RUS,0,,,11.05300588288476,11.03934093193458,1.013758743127309,.9468105781151419,1998,.8367399215698242,-.0023215103149414,4,0,0,1,0,0,,,,,,0,0,,
Russia,RUS,1998,,.3958363723754883,1.351929931640625,287.672,59775.41,.1324281597137451,.1158841038539129,Matched (3),RUS,0,,.5151900100708008,10.99834965397174,11.05300588288476,.9468105781151419,1.063474967007036,1999,-.4281399536132813,.0093328857421875,3,0,0,1,0,0,,,,,,0,0,,
Russia,RUS,1999,,.4072805786132813,.9237899780273438,209.657,63569.652,.1783387565612793,.0948452234643152,Matched (3),RUS,0,,1.351929931640625,11.0598914710426,10.99834965397174,1.063474967007036,1.100544426201796,2000,-.365109977722168,.011444206237793,3,0,0,1,0,0,,,,,,0,0,,
Russia,RUS,2000,,.4145116424560547,.5586800003051757,278.26401,69961.227,.118460807800293,.0909001669764908,Matched (3),RUS,0,,.9237899780273438,11.15569646131876,11.0598914710426,1.100544426201796,1.050816763794499,2001,-.1143000030517577,.0072310638427734,2,0,0,0,1,1,,,,-.0231588070525591,,0,0,,.0228085653305533
Russia,RUS,2001,,.4299521255493164,.444379997253418,328.47501,73516.43,.0716275835037231,.1161647222381012,Matched (3),RUS,0,,.5586800003051757,11.20526419338438,11.15569646131876,1.050816763794499,1.04746164840066,2002,-.0686100006103516,.0154404830932617,2,0,0,0,1,1,,,,-.0203923616387646,,0,0,,.022852808978699
Russia,RUS,2002,,.4432312393188477,.3757699966430664,370.06201,77005.641,.0555797147750854,.1738020711280162,Matched (3),RUS,0,,.444379997253418,11.25163395302294,11.20526419338438,1.04746164840066,1.073557213036951,2003,-.0924300003051758,.0132791137695313,2,0,0,0,1,1,,,,-.0140811252901057,,0,0,,.0232351654799405
Russia,RUS,2003,.0686297178268433,.4460307693481445,.2833399963378906,461.51801,82669.961,.0425933027267456,.1212756514422644,Matched (3),RUS,0,,.3757699966430664,11.32261158573542,11.25163395302294,1.073557213036951,1.071454498804782,2004,-.0750600051879883,.0027995300292968,1,0,0,0,1,1,,,,-.0198327196220864,,0,0,,.0228709939869791
Russia,RUS,2004,.0521269798278809,.4372385406494141,.2082799911499023,633.29401,88577.102,.0309914326667786,.0841043025225985,Matched (3),RUS,0,.0686297178268433,.2833399963378906,11.39162865581405,11.32261158573542,1.071454498804782,1.063965812270366,2005,-.0597699928283691,-.0087922286987304,0,1,1,0,1,1,.0146548390027245,.0146548390027245,.0041523020293643,-.0239029479193412,-.0197506458899769,1,1,.0149791604366478,.0228096604683767
Russia,RUS,2005,.0345582103729248,.4682213592529297,.1485099983215332,817.71698,94243.008,.0201052498817444,.14155310555416,Matched (3),RUS,0,.0521269798278809,.2082799911499023,11.45363191489243,11.39162865581405,1.063965812270366,1.081652277751043,2006,-.0504699993133545,.0309828186035156,0,1,1,0,1,1,.0104667644985262,.0104667644985262,.0021800176171212,-.0176123571676355,-.0154323395505143,1,1,.0148466304196062,.0229735351809176
Russia,RUS,2006,.0190283298492432,.5484737396240235,.0980399990081787,1060.901,101938.16,.0139782321453094,.1037088716380736,Matched (3),RUS,0,.0345582103729248,.1485099983215332,11.53212167375049,11.45363191489243,1.081652277751043,1.08550312172246,2007,-.0177099990844727,.0802523803710938,0,1,1,0,1,1,.0067768032443618,.0067768032443618,.0010064230384455,-.0217562657491099,-.0207498427106644,1,1,.0152548616945872,.0228214891897776
Russia,RUS,2007,.0178521704673767,.5556924057006836,.0803299999237061,1393.416,110654.2,-.000026647481136,.2316613101024254,Matched (3),RUS,0,.0190283298492432,.0980399990081787,11.61416525992085,11.53212167375049,1.08550312172246,1.052470827437702,2008,-.0058699989318848,.0072186660766601,0,1,1,0,1,1,.0043401261247965,.0043401261247965,.0004255059609704,-.0077455921825979,-.0073200862216275,1,1,.0157705778362976,.02399504522312
Russia,RUS,2008,.039844810962677,.5705654907226563,.0744600009918213,1779.109,116460.31,.0051422321796417,.1542954276200214,Matched (3),RUS,0,.0178521704673767,.0803299999237061,11.66530582871226,11.61416525992085,1.052470827437702,.9217906851314691,2009,.0247200012207031,.0148730850219727,0,1,1,0,1,1,.0029658276612497,.0029658276612497,.0002382449358019,-.0162170846969675,-.0159788397611656,1,1,.0157255828435518,.0230625945498793
Russia,RUS,2009,.0820457935333252,.5587865447998047,.0991800022125244,1307.927,107352.03,-.0094169443845749,.1087819484324237,Matched (3),RUS,0,.039844810962677,.0744600009918213,11.58386872487919,11.66530582871226,.9217906851314691,1.045123447536071,2010,.0018699932098389,-.0117789459228516,0,1,1,0,1,1,.0024259238624534,.0024259238624534,.0001806342932044,-.0212007685362663,-.021020134243062,1,1,.0157994636420777,.0228320168167986
Russia,RUS,2010,.042337851524353,.5942123031616211,.1010499954223633,1633.111,112196.13,.0035591593384743,.1535385587295286,Matched (3),RUS,0,.0820457935333252,.0991800022125244,11.62800373493244,11.58386872487919,1.045123447536071,1.039947068136266,2011,.0023500061035156,.0354257583618164,0,1,1,0,1,1,.0040756479669898,.0040756479669898,.0004042227743835,-.0162999611398443,-.0158957383654608,1,1,.0155505039087026,.0230567784645627
Russia,RUS,2011,.0543363904953003,.5909518814086914,.1034000015258789,2046.621,116678.03,.0079843193292618,.1828470717010155,Matched (3),RUS,0,.042337851524353,.1010499954223633,11.66717355076766,11.62800373493244,1.039947068136266,1.040240879214355,2012,.0082699966430664,-.0032604217529297,0,1,1,0,1,1,.0043105402770056,.0043105402770056,.0004355800752593,-.0130907061003025,-.0126551260250432,1,1,.015570681360786,.0233298294784882
Russia,RUS,2012,.0606865882873535,.6015786743164062,.1116699981689453,2191.4861,121373.26,.007933509349823,.1523584705216238,Matched (3),RUS,0,.0543363904953003,.1034000015258789,11.7066258517316,11.66717355076766,1.040240879214355,1.017554191206529,2013,.0118099975585938,.0106267929077148,0,1,1,0,1,1,.004319814069474,.004319814069474,.0004466687813751,-.0164291797062044,-.0159825109248293,1,1,.0155129104563779,.0230478423122283
Russia,RUS,2013,.0484330606460571,.609037094116211,.1234799957275391,2288.428,123503.87,.0100627052783966,.1124866861143922,Matched (3),RUS,0,.0606865882873535,.1116699981689453,11.72402774781903,11.7066258517316,1.017554191206529,1.007362686960397,2014,.0278800010681152,.0074584197998048,0,1,1,0,1,1,.0046387942084849,.0046387942084849,.0005180141407676,-.0207951031895596,-.0202770890487919,1,1,.0154817595511212,.0228416405497744
Russia,RUS,2014,.0691018104553223,.4829636001586914,.1513599967956543,2048.8369,124413.19,.0116038739681244,.1523963333812415,Matched (3),RUS,0,.0484330606460571,.1234799957275391,11.73136346251112,11.72402774781903,1.007362686960397,.9802728282924188,2015,.0015000057220459,-.1260734939575196,0,1,1,0,1,1,.0055056368937388,.0055056368937388,.0006798360201162,-.0164250337581259,-.0157451977380096,1,1,.0153459423402986,.0230481265252852
Russia,RUS,2015,.0922906112670898,.5069926452636718,.1528600025177002,1356.703,121958.87,.0078401857614517,.178590262076434,Matched (3),RUS,0,.0691018104553223,.1513599967956543,11.71143911266532,11.73136346251112,.9802728282924188,1.001936680111475,2016,-.004370002746582,.0240290451049804,0,1,1,0,1,1,.0072631125057345,.0072631125057345,.0010993446855945,-.0135568228136734,-.012457478128079,1,1,.0151465564920774,.0232841341266148
Russia,RUS,2016,.0707773494720459,.5261577224731445,.1484899997711182,1280.6479,122195.06,.013215457201004,.2287159924213988,Matched (3),RUS,0,.0922906112670898,.1528600025177002,11.71337391982967,11.71143911266532,1.001936680111475,1.018267027974228,2017,-.0053800010681152,.0191650772094727,0,1,1,0,1,1,.0075645701176253,.0075645701176253,.0011563202072255,-.0080681017421952,-.0069117815349697,1,1,.0152569399074711,.0239477508751134
Russia,RUS,2017,.0546034812927246,.5230866622924805,.1431099987030029,1575.14,124427.2,.0152573359012604,.1605007007133727,Matched (3),RUS,0,.0707773494720459,.1484899997711182,11.73147611001967,11.71337391982967,1.018267027974228,1.028063409566412,2018,-.0069099998474121,-.0030710601806641,0,1,1,0,1,1,.0070168205770923,.0070168205770923,.0010419276858864,-.0155376130374553,-.0144956853515689,1,1,.0151585179427844,.023112768602324
Russia,RUS,2018,.0499623680114746,.5328293228149414,.1361999988555908,1653.005,127919.05,.0141233396530151,.1248603142569073,Matched (3),RUS,0,.0546034812927246,.1431099987030029,11.75915295760795,11.73147611001967,1.028063409566412,1.021980758217523,2019,.0012800025939942,.009742660522461,0,1,1,0,1,1,.0065477812443955,.0065477812443955,.000937052965393,-.0194402023621987,-.0185031493968058,1,1,.0152319130025716,.0228855945828399
Russia,RUS,2019,.0536133909225464,.5399998092651367,.137480001449585,1695.724,130730.81,.0075668406486511,,Master only (1),RUS,0,.0499623680114746,.1361999988555908,11.78089562163642,11.75915295760795,1.021980758217523,.9734634814956115,2020,.0541400051116943,.0071704864501952,1,0,0,1,0,0,,,,,,0,0,,
Russia,RUS,2020,.0522788381576538,.5295283508300781,.1916200065612793,1488.118,127261.67,.004237288236618,,Master only (1),RUS,0,.0536133909225464,.137480001449585,11.75400065417495,11.78089562163642,.9734634814956115,1.058664928450202,2021,-.0263300132751465,-.0104714584350586,1,0,0,1,0,0,,,,,,0,0,,
Russia,RUS,2021,.0579312419891357,.5151074981689453,.1652899932861328,1828.927,134727.47,.0092398154735565,,Master only (1),RUS,0,.0522788381576538,.1916200065612793,11.81100926699825,11.75400065417495,1.058664928450202,.985646254858477,2022,-.0139499950408936,-.0144208526611328,1,0,0,1,0,0,,,,,,0,0,,
Russia,RUS,2022,.0700669097900391,.4948211288452148,.1513399982452392,2296.4099,132793.63,.0105309867858887,,Master only (1),RUS,0,.0579312419891357,.1652899932861328,11.79655151035414,11.81100926699825,.985646254858477,1.040666132316216,2023,.0005599975585938,-.0202863693237305,1,0,0,1,0,0,,,,,,0,0,,
Russia,RUS,2023,.0746003198623657,.491439094543457,.151899995803833,2034.681,138193.83,.0078470706939697,,Master only (1),RUS,0,.0700669097900391,.1513399982452392,11.83641253030978,11.79655151035414,1.040666132316216,,,,-.0033820343017578,1,0,0,2,0,0,,,,,,0,0,,
Singapore,SGP,1995,,.5620775604248047,.69822998046875,87.813004,147.20799,,,Matched (3),SGP,0,,,4.991846502060618,,,1.074717466001024,1996,.0144900512695313,,4,0,0,2,0,0,,,,,,0,0,,
Singapore,SGP,1996,,.5748887634277344,.7127200317382812,96.292999,158.207,,,Matched (3),SGP,0,,.69822998046875,5.063904306771776,4.991846502060618,1.074717466001024,1.083163182537773,1997,-.0048500061035156,.0128112030029297,3,0,0,1,0,0,,,,,,0,0,,
Singapore,SGP,1997,,.5838109970092773,.7078700256347656,100.124,171.364,,,Matched (3),SGP,0,,.7127200317382812,5.143789939836918,5.063904306771776,1.083163182537773,.9780875509582778,1998,.1385900115966797,.0089222335815429,3,0,0,1,0,0,,,,,,0,0,,
Singapore,SGP,1998,-.0076700800657272,.5861548233032227,.8464600372314454,85.727997,167.60899,,,Matched (3),SGP,0,,.7078700256347656,5.121633847290123,5.143789939836918,.9780875509582778,1.057180700342658,1999,.0067399597167969,.0023438262939454,2,0,0,1,0,0,,,,,,0,0,,
Singapore,SGP,1999,-.0114392101764679,.5995134735107421,.8531999969482422,86.287003,177.19299,,,Matched (3),SGP,0,-.0076700800657272,.8464600372314454,5.177239495425646,5.121633847290123,1.057180700342658,1.090387357782807,2000,-.0306400299072266,.0133586502075195,1,0,0,1,0,0,,,,,,0,0,,
Singapore,SGP,2000,-.0162384402751923,.6254761505126953,.8225599670410156,96.077003,193.209,,,Matched (3),SGP,0,-.0114392101764679,.8531999969482422,5.263772502648942,5.177239495425646,1.090387357782807,.989291387833578,2001,.1221500396728515,.0259626770019532,1,0,0,1,0,0,,,,,,0,0,,
Singapore,SGP,2001,-.0143356096744537,.6283778762817382,.9447100067138672,89.793999,191.14,,,Matched (3),SGP,0,-.0162384402751923,.8225599670410156,5.253006140644816,5.263772502648942,.989291387833578,1.039233065829533,2002,.0183899688720703,.0029017257690429,1,0,0,1,0,0,,,,,,0,0,,
Singapore,SGP,2002,-.0101779699325562,.6444806671142578,.9630999755859375,92.538002,198.63901,,,Matched (3),SGP,0,-.0143356096744537,.9447100067138672,5.291489145055531,5.253006140644816,1.039233065829533,1.04547946897551,2003,.0282099914550781,.0161027908325195,1,0,0,1,0,0,,,,,,0,0,,
Singapore,SGP,2003,-.0109100294113159,.6429927825927735,.9913099670410156,97.646004,207.673,,,Matched (3),SGP,0,-.0101779699325562,.9630999755859375,5.335964747231817,5.291489145055531,1.04547946897551,1.099401413278327,2004,-.0343999481201172,-.0014878845214843,1,0,0,1,0,0,,,,,,0,0,,
Singapore,SGP,2004,-.010121910572052,.6542408752441407,.9569100189208984,115.034,228.31599,,,Matched (3),SGP,0,-.0109100294113159,.9913099670410156,5.430730609175074,5.335964747231817,1.099401413278327,1.073665449056491,2005,-.0302799987792969,.0112480926513672,1,0,0,1,0,0,,,,,,0,0,,
Singapore,SGP,2005,-.0135171902179718,.6528996276855469,.9266300201416016,127.808,245.13499,,,Matched (3),SGP,0,-.010121910572052,.9569100189208984,5.50180905678816,5.430730609175074,1.073665449056491,1.090064734465568,2006,-.0613899993896484,-.0013412475585938,1,0,0,1,0,0,,,,,,0,0,,
Singapore,SGP,2006,-.014316920042038,.7114139556884765,.8652400207519532,148.627,267.21301,,,Matched (3),SGP,0,-.0135171902179718,.9266300201416016,5.588046140683682,5.50180905678816,1.090064734465568,1.090216394724736,2007,.0126499938964844,.0585143280029297,1,0,0,1,0,0,,,,,,0,0,,
Singapore,SGP,2007,-.0175674796104431,.7267100524902343,.8778900146484375,180.942,291.32001,,,Matched (3),SGP,0,-.014316920042038,.8652400207519532,5.674422344491203,5.588046140683682,1.090216394724736,1.018635814428156,2008,.1006399536132813,.0152960968017578,1,0,0,1,0,0,,,,,,0,0,,
Singapore,SGP,2008,-.0091330099105835,.736235122680664,.9785299682617188,193.617,296.74899,,,Matched (3),SGP,0,-.0175674796104431,.8778900146484375,5.692886639785356,5.674422344491203,1.018635814428156,1.001277166264341,2009,.0383600616455078,.0095250701904297,1,0,0,1,0,0,,,,,,0,0,,
Singapore,SGP,2009,-.0089719301462173,.7194818115234375,1.016890029907227,194.14999,297.12799,,,Matched (3),SGP,0,-.0091330099105835,.9785299682617188,5.694162991166617,5.692886639785356,1.001277166264341,1.1452000710743,2010,-.0301499938964843,-.0167533111572266,1,0,0,1,0,0,,,,,,0,0,,
Singapore,SGP,2010,-.007773460149765,.7499860382080078,.9867400360107422,239.808,340.271,,,Matched (3),SGP,0,-.0089719301462173,1.016890029907227,5.829742347471222,5.694162991166617,1.1452000710743,1.062147533632287,2011,.0445599365234374,.0305042266845703,1,0,0,1,0,0,,,,,,0,0,,
Singapore,SGP,2011,-.0065564602613449,.7644010162353516,1.03129997253418,279.35699,361.418,,,Matched (3),SGP,0,-.007773460149765,.9867400360107422,5.890035181200111,5.829742347471222,1.062147533632287,1.04435585912119,2012,.0359500122070313,.0144149780273438,1,0,0,1,0,0,,,,,,0,0,,
Singapore,SGP,2012,-.003188039958477,.7728155517578125,1.067249984741211,295.09299,377.44901,,,Matched (3),SGP,0,-.0065564602613449,1.03129997253418,5.933435473807761,5.890035181200111,1.04435585912119,1.048176019095346,2013,-.0854000091552735,.0084145355224609,1,0,0,1,0,0,,,,,,0,0,,
Singapore,SGP,2013,-.0031025099754333,.7848036193847656,.9818499755859375,307.57599,395.633,,,Matched (3),SGP,0,-.003188039958477,1.067249984741211,5.980487002755437,5.933435473807761,1.048176019095346,1.039354673389642,2014,-.0043599700927733,.0119880676269531,1,0,0,1,0,0,,,,,,0,0,,
Singapore,SGP,2014,-.0015659900009632,.8072019958496094,.9774900054931641,314.86401,411.203,,,Matched (3),SGP,0,-.0031025099754333,.9818499755859375,6.019087016958861,5.980487002755437,1.039354673389642,1.029768744944079,2015,.0435199737548828,.0223983764648438,1,0,0,1,0,0,,,,,,0,0,,
Singapore,SGP,2015,.0029506400227547,.804161376953125,1.021009979248047,307.99899,423.444,,,Matched (3),SGP,0,-.0015659900009632,.9774900054931641,6.048421274520367,6.019087016958861,1.029768744944079,1.039110259276607,2016,.0380799865722656,-.0030406188964844,1,0,0,1,0,0,,,,,,0,0,,
Singapore,SGP,2016,.0020570500195026,.7845143127441406,1.059089965820313,320.759,440.005,,,Matched (3),SGP,0,.0029506400227547,1.021009979248047,6.086786101581279,6.048421274520367,1.039110259276607,1.043267676897984,2017,.0137600708007812,-.0196470642089843,1,0,0,1,0,0,,,,,,0,0,,
Singapore,SGP,2017,-.0016683800518513,.7902337646484375,1.072850036621094,344.79501,459.043,,,Matched (3),SGP,0,.0020570500195026,1.059089965820313,6.129143885994339,6.086786101581279,1.043267676897984,1.031866275590731,2018,.0190299987792968,.0057194519042969,1,0,0,1,0,0,,,,,,0,0,,
Singapore,SGP,2018,-.0049375399947166,.7939757537841797,1.091880035400391,377.97601,473.67099,,,Matched (3),SGP,0,-.0016683800518513,1.072850036621094,6.160512966741808,6.129143885994339,1.031866275590731,1.011588241179786,2019,.1849399566650392,.0037419891357422,1,0,0,1,0,0,,,,,,0,0,,
Singapore,SGP,2019,-.001785099953413,.7951992797851563,1.27681999206543,376.827,479.16,,,Master only (1),SGP,0,-.0049375399947166,1.091880035400391,6.172034578505899,6.160512966741808,1.011588241179786,.9638909720742762,2020,.1943300628662108,.0012235260009765,1,0,0,1,0,0,,,,,,0,0,,
Singapore,SGP,2020,.0018515299260616,.7975067901611328,1.471150054931641,351.22699,461.858,,,Master only (1),SGP,0,-.001785099953413,1.27681999206543,6.135257488230065,6.172034578505899,.9638909720742762,1.101409968955667,2021,-.0718099975585937,.0023075103759765,1,0,0,1,0,0,,,,,,0,0,,
Singapore,SGP,2021,.0004377099871635,.802470703125,1.399340057373047,441.11099,508.69501,,,Master only (1),SGP,0,.0018515299260616,1.471150054931641,6.231848637202649,6.135257488230065,1.101409968955667,1.040102542948498,2022,.1340399169921875,.0049639129638672,1,0,0,1,0,0,,,,,,0,0,,
Singapore,SGP,2022,-.002269189953804,.8012519073486328,1.533379974365234,514.25299,529.09497,,,Master only (1),SGP,0,.0004377099871635,1.399340057373047,6.27116794448431,6.231848637202649,1.040102542948498,1.014504033595841,2023,.1709500122070313,-.0012187957763672,1,0,0,1,0,0,,,,,,0,0,,
Singapore,SGP,2023,-.0091352301836014,.8001235961914063,1.704329986572266,511.18201,536.76898,,,Master only (1),SGP,0,-.002269189953804,1.533379974365234,6.285567800704783,6.27116794448431,1.014504033595841,,,,-.0011283111572266,1,0,0,2,0,0,,,,,,0,0,,
Serbia,SRB,1995,,.3279016494750976,,,,,.0642234718799591,Matched (3),SRB,0,,,,,,,,,,7,0,0,5,0,0,,,,,,0,0,,
Serbia,SRB,1996,,.3279016494750976,,,,,.0815675377845764,Matched (3),SRB,0,,,,,,,,,0,7,0,0,5,0,0,,,,,,0,0,,
Serbia,SRB,1997,,.3185452079772949,,24.995001,3425.2529,,.0817114365100861,Matched (3),SRB,0,,,8.138930596053632,,,1.053426141260668,1998,,-.0093564414978027,7,0,0,4,0,0,,,,,,0,0,,
Serbia,SRB,1998,,.3091887474060059,,20.000999,3608.251,,.2255742645263672,Matched (3),SRB,0,,,8.190978439894764,8.138930596053632,1.053426141260668,.8967449684682649,1999,,-.009356460571289,5,0,0,2,0,0,,,,,,0,0,,
Serbia,SRB,1999,,.3127372360229492,,12.893,3235.6809,,.1076491117477417,Matched (3),SRB,0,,,8.081994666457051,8.190978439894764,.8967449684682649,1.060551110515538,2000,,.0035484886169433,5,0,0,2,0,0,,,,,,0,0,,
Serbia,SRB,2000,,.3162857055664062,2.006349945068359,10.431,3431.605,.0170185267925262,.2310620355606079,Matched (3),SRB,0,,,8.140783355052445,8.081994666457051,1.060551110515538,1.067785208924338,2001,-1.047439956665039,.003548469543457,5,0,0,2,0,0,,,,,,0,0,,
Serbia,SRB,2001,,.3317605209350586,.9589099884033203,13.65,3664.217,.0200499629974365,.1173976516723633,Matched (3),SRB,0,,2.006349945068359,8.206369960124684,8.140783355052445,1.067785208924338,1.065410420789155,2002,-.2747100067138671,.0154748153686524,4,0,0,2,0,0,,,,,,0,0,,
Serbia,SRB,2002,,.3461603164672852,.6841999816894532,17.997,3903.895,.0070651870965958,.2327893209457398,Matched (3),SRB,0,,.9589099884033203,8.269730056682505,8.206369960124684,1.065410420789155,1.045596739134105,2003,-.039739990234375,.0143997955322266,4,0,0,2,0,0,,,,,,0,0,,
Serbia,SRB,2003,,.3540043640136719,.6444599914550782,23.627001,4081.8999,.0235210657119751,.2990662479400635,Matched (3),SRB,0,,.6841999816894532,8.314317821350301,8.269730056682505,1.045596739134105,1.066868898054256,2004,-.0686299896240234,.0078440475463867,4,0,0,2,0,0,,,,,,0,0,,
Serbia,SRB,2004,,.3609380340576172,.5758300018310547,26.718,4354.8521,.0298389220237732,.1166104102134705,Matched (3),SRB,0,,.6444599914550782,8.379045916443459,8.314317821350301,1.066868898054256,1.05903481625257,2005,-.0745000076293946,.0069336700439454,4,0,0,2,0,0,,,,,,0,0,,
Serbia,SRB,2005,,.3395778656005859,.5013299942016601,28.143,4611.9399,.0330143785476685,.1155010652542114,Matched (3),SRB,0,,.5758300018310547,8.436403859059201,8.379045916443459,1.05903481625257,1.03900678997164,2006,-.1309199905395508,-.0213601684570313,4,0,0,2,0,0,,,,,,0,0,,
Serbia,SRB,2006,,.354998893737793,.3704100036621094,33.421001,4791.8369,.0334529256820679,.2068941926956177,Matched (3),SRB,0,,.5013299942016601,8.474669106257574,8.436403859059201,1.03900678997164,1.078320756674202,2007,-.070300006866455,.015421028137207,3,0,0,1,0,0,,,,,,0,0,,
Serbia,SRB,2007,,.3672428131103516,.3001099967956543,45.120998,5167.1372,.0171689999103546,.3885301303863525,Matched (3),SRB,0,,.3704100036621094,8.550074082421025,8.474669106257574,1.078320756674202,1.051608833129518,2008,-.0059700012207031,.0122439193725586,3,0,0,1,0,0,,,,,,0,0,,
Serbia,SRB,2008,,.3719557571411133,.2941399955749512,54.117001,5433.8071,.0144559979438782,.2033802938461304,Matched (3),SRB,0,,.3001099967956543,8.600395295964089,8.550074082421025,1.051608833129518,.9685739336081068,2009,.0592300224304199,.0047129440307617,2,0,0,0,1,1,,,,-.010842337282978,,0,0,,.0235784164947354
Serbia,SRB,2009,,.3713608169555664,.3533700180053711,46.949001,5263.0439,.0186300933361053,.143040566444397,Matched (3),SRB,0,,.2941399955749512,8.568464835178791,8.600395295964089,.9685739336081068,1.016109714015976,2010,.0711199951171875,-.0005949401855469,2,0,0,0,1,1,,,,-.0174494815770943,,0,0,,.0229829573465402
Serbia,SRB,2010,,.3758866500854492,.4244900131225586,43.067001,5347.8301,.0267061519622803,.1529259872436523,Matched (3),SRB,0,,.3533700180053711,8.584446164741184,8.568464835178791,1.016109714015976,1.000542622975367,2011,.035270004272461,.0045258331298828,2,0,0,0,1,1,,,,-.0163670371504915,,0,0,,.0230521196977224
Serbia,SRB,2011,,.3772220611572266,.4597600173950195,51.273998,5350.7319,.0328700637817383,.242646918296814,Matched (3),SRB,0,,.4244900131225586,8.584988640549939,8.584446164741184,1.000542622975367,.9955604423642757,2012,.1197799682617187,.0013354110717774,2,0,0,0,1,1,,,,-.0065426782546694,,0,0,,.0241792503514381
Serbia,SRB,2012,,.376732292175293,.5795399856567383,45.111,5326.9771,.0461736822128296,.3779071044921875,Matched (3),SRB,0,,.4597600173950195,8.580539198813341,8.584988640549939,.9955604423642757,1.004515910640205,2013,.0321200180053711,-.0004897689819336,2,0,0,0,1,1,,,,.008268186923621,,0,0,,.0273453703543678
Serbia,SRB,2013,,.3961839294433594,.6116600036621094,50.456001,5351.0332,.0614907503128052,.2291512632369995,Matched (3),SRB,0,,.5795399856567383,8.585044943323823,8.580539198813341,1.004515910640205,.9819572483263855,2014,.0230799865722656,.0194516372680664,2,0,0,0,1,1,,,,-.0080204399908163,,0,0,,.0239546839964946
Serbia,SRB,2014,,.4169202804565429,.634739990234375,49.113998,5254.4858,.0710477685928345,.1969392967224121,Matched (3),SRB,0,,.6116600036621094,8.566837436439283,8.585044943323823,.9819572483263855,1.012957306661431,2015,.0360400390625,.0207363510131836,2,0,0,0,1,1,,,,-.0115476205056061,,0,0,,.0234954611298878
Serbia,SRB,2015,,.4086103820800781,.670780029296875,41.297001,5322.5698,.0766253042221069,.399517879486084,Matched (3),SRB,0,,.634739990234375,8.579711515369937,8.566837436439283,1.012957306661431,1.02975196922231,2016,-.0210000610351562,-.0083098983764648,2,0,0,0,1,1,,,,.0106345467803984,,0,0,,.0279833174626529
Serbia,SRB,2016,,.4122407150268554,.6497799682617188,42.224998,5480.9268,.0713994264602661,.1592410182952881,Matched (3),SRB,0,,.670780029296875,8.609029482032639,8.579711515369937,1.02975196922231,1.023633983546279,2017,-.0972099685668946,.0036303329467773,2,0,0,0,1,1,,,,-.0156755470961499,,0,0,,.0231022247839917
Serbia,SRB,2017,,.4415505981445312,.5525699996948242,45.973,5610.4629,.061429934501648,.2378185081481934,Matched (3),SRB,0,,.6497799682617188,8.632388506810701,8.609029482032639,1.023633983546279,1.046493681413458,2018,-.0411999893188477,.0293098831176758,2,0,0,0,1,1,,,,-.0070713846962931,,0,0,,.0240967817236864
Serbia,SRB,2018,.0202397894859314,.4458179092407227,.5113700103759765,52.787998,5871.314,.051617603302002,.3646773147583008,Matched (3),SRB,0,,.5525699996948242,8.67783373186883,8.632388506810701,1.046493681413458,1.047501960796381,2019,-.0168300247192382,.0042673110961914,1,0,0,0,1,1,,,,.0068195371945522,,0,0,,.0269706589445536
Serbia,SRB,2019,.0185781300067902,.4464113998413086,.4945399856567383,53.865002,6150.2129,.0477967691421509,,Master only (1),SRB,0,.0202397894859314,.5113700103759765,8.724241976563219,8.67783373186883,1.047501960796381,.9904998842456229,2020,.0487100219726563,.0005934906005859,1,0,0,1,0,0,,,,,,0,0,,
Serbia,SRB,2020,.0220482707023621,.4392853927612305,.5432500076293946,55.874001,6091.7852,.0489008188247681,,Master only (1),SRB,0,.0185781300067902,.4945399856567383,8.714696446855092,8.724241976563219,.9904998842456229,1.079490454293917,2021,-.006879997253418,-.0071260070800782,1,0,0,1,0,0,,,,,,0,0,,
Serbia,SRB,2021,.014109560251236,.4411976623535157,.5363700103759765,65.830002,6576.0239,.040106692314148,,Master only (1),SRB,0,.0220482707023621,.5432500076293946,8.791185575078128,8.714696446855092,1.079490454293917,1.027034763256108,2022,-.027400016784668,.0019122695922852,1,0,0,1,0,0,,,,,,0,0,,
Serbia,SRB,2022,.0351141309738159,.4445756530761719,.5089699935913086,66.809998,6753.8052,.0348055982589722,,Master only (1),SRB,0,.014109560251236,.5363700103759765,8.817861354776024,8.791185575078128,1.027034763256108,1.037479305828247,2023,-.0523099899291992,.0033779907226562,1,0,0,1,0,0,,,,,,0,0,,
Serbia,SRB,2023,.0260933995246887,.4489032745361328,.4566600036621093,81.344002,7006.9331,.0429815435409546,,Master only (1),SRB,0,.0351141309738159,.5089699935913086,8.85465538151017,8.817861354776024,1.037479305828247,,,,.004327621459961,1,0,0,2,0,0,,,,,,0,0,,
Slovak Republic,SVK,1995,,.4259846496582032,.213120002746582,20.297001,40.539001,.0283475565910339,.08969939549764,Matched (3),SVK,0,,,3.702264509858244,,,1.069414614922515,1996,.0902700042724609,,4,0,0,2,0,0,,,,,,0,0,,
Slovak Republic,SVK,1996,,.4215727615356445,.303390007019043,21.871,43.353001,.0358691358566284,.0829786888758341,Matched (3),SVK,0,,.213120002746582,3.769375919766882,3.702264509858244,1.069414614922515,1.044449014138393,1997,.0248600006103516,-.0044118881225586,3,0,0,1,0,0,,,,,,0,0,,
Slovak Republic,SVK,1997,,.4249410629272461,.3282500076293945,22.037001,45.279999,.0425084495544434,.0989410400390625,Matched (3),SVK,0,,.303390007019043,3.812865406935936,3.769375919766882,1.044449014138393,1.038250934297567,1998,.0102700042724609,.0033683013916015,3,0,0,1,0,0,,,,,,0,0,,
Slovak Republic,SVK,1998,,.4260124969482422,.3385200119018555,22.917,47.012001,.0489931917190552,.1939401308695475,Matched (3),SVK,0,,.3282500076293945,3.850402910341518,3.812865406935936,1.038250934297567,.9952777989200509,1999,.1327399826049804,.0010714340209961,3,0,0,1,0,0,,,,,,0,0,,
Slovak Republic,SVK,1999,,.4281444549560547,.4712599945068359,20.889999,46.790001,.0677212429046631,.1044316895802816,Matched (3),SVK,0,,.3385200119018555,3.845669524444856,3.850402910341518,.9952777989200509,1.007886289249435,2000,.0347200012207031,.0021319580078125,3,0,0,1,0,0,,,,,,0,0,,
Slovak Republic,SVK,2000,,.4332023239135742,.505979995727539,20.711,47.159,.0763274049758911,.1981761169433594,Matched (3),SVK,0,,.4712599945068359,3.853524879446409,3.845669524444856,1.007886289249435,1.029241455313587,2001,.0075300216674805,.0050578689575195,2,0,0,0,1,1,,,,-.0114121898363345,,0,0,,.0235110403878799
Slovak Republic,SVK,2001,,.4392784881591797,.5135100173950196,21.384001,48.537998,.0810214042663574,.0771364688873291,Matched (3),SVK,0,,.505979995727539,3.882346959222732,3.853524879446409,1.029241455313587,1.044171599295659,2002,-.057030029296875,.0060761642456055,2,0,0,0,1,1,,,,-.0246659192522926,,0,0,,.0228165075787268
Slovak Republic,SVK,2002,,.4503391647338867,.4564799880981446,24.849001,50.681999,.0789564561843872,.2460319519042969,Matched (3),SVK,0,,.5135100173950196,3.925570802317816,3.882346959222732,1.044171599295659,1.048577440493296,2003,-.0200899887084961,.0110606765747071,2,0,0,0,1,1,,,,-.0061720202081694,,0,0,,.024238460977359
Slovak Republic,SVK,2003,,.4564052963256836,.4363899993896485,33.863998,53.144001,.044270281791687,.237302360534668,Matched (3),SVK,0,,.4564799880981446,3.973005229312964,3.925570802317816,1.048577440493296,1.053891283283402,2004,-.0164199829101563,.0060661315917969,2,0,0,0,1,1,,,,-.0071279023821772,,0,0,,.0240881052286793
Slovak Republic,SVK,2004,,.4615274429321289,.4199700164794922,43.022999,56.007999,.0402796268463135,.0894747829437256,Matched (3),SVK,0,,.4363899993896485,4.025494527322197,3.973005229312964,1.053891283283402,1.064847879000918,2005,-.0701200103759765,.0051221466064453,2,0,0,0,1,1,,,,-.0233148852846716,,0,0,,.0228083380152929
Slovak Republic,SVK,2005,,.4758550262451172,.3498500061035156,48.911999,59.639999,.0313688731193542,.1348487122853597,Matched (3),SVK,0,,.4199700164794922,4.088326479662608,4.025494527322197,1.064847879000918,1.089268905969886,2006,-.0345300102233887,.0143275833129883,2,0,0,0,1,1,,,,-.0183464820243247,,0,0,,.022934280016328
Slovak Republic,SVK,2006,,.4992994689941406,.3153199958801269,57.48,64.963997,.0257714080810547,.2453316752115886,Matched (3),SVK,0,,.3498500061035156,4.173833222396695,4.088326479662608,1.089268905969886,1.10818299696264,2007,-.0115900039672852,.0234444427490235,2,0,0,0,1,1,,,,-.0062486998577761,,0,0,,.0242261180129934
Slovak Republic,SVK,2007,.0012465000152588,.5118392181396484,.3037299919128418,77.260002,71.991997,.0284246158599854,.3306245422363281,Matched (3),SVK,0,,.3153199958801269,4.276554956797997,4.173833222396695,1.10818299696264,1.053630962253084,2008,-.0173999977111816,.0125397491455078,1,0,0,0,1,1,,,,.0030907901259844,,0,0,,.0260655773432302
Slovak Republic,SVK,2008,.0107464504241943,.5110643768310547,.2863299942016602,97.122002,75.852997,.0273391461372375,.1562614885965983,Matched (3),SVK,0,.0012465000152588,.3037299919128418,4.328797214917432,4.276554956797997,1.053630962253084,.9449462111217996,2009,.0777400207519531,-.0007748413085937,0,1,1,0,1,1,.0161652613971338,.0161652613971338,.0049098747134204,-.0160018028400113,-.0110919281265909,1,1,.0146095944414157,.0230780115858695
Slovak Republic,SVK,2009,.0153930902481079,.5109186553955078,.3640700149536133,89.246002,71.677002,.0317822599411011,.1388648859659831,Matched (3),SVK,0,.0107464504241943,.2863299942016602,4.272169942361233,4.328797214917432,.9449462111217996,1.067901790428115,2010,.0424699783325195,-.0001457214355468,0,1,1,0,1,1,.0150639605662084,.0150639605662084,.0043132637415765,-.017906714724061,-.0135934509824845,1,1,.0146761936806097,.0229571629578777
Slovak Republic,SVK,2010,.0080846399068832,.5054455184936524,.4065399932861328,91.186996,76.543999,.0331518030166626,.1101551946004232,Matched (3),SVK,0,.0153930902481079,.3640700149536133,4.337865722142994,4.272169942361233,1.067901790428115,1.025632290168971,2011,.0261600112915039,-.0054731369018555,0,1,1,0,1,1,.0195323384336196,.0195323384336196,.0071111387456069,-.0210503993520818,-.0139392606064749,1,1,.0149578574181204,.0228353936251287
Slovak Republic,SVK,2011,.0155640494823456,.5060379028320312,.4327000045776367,99.688004,78.505997,.0371956419944763,.1871016057332357,Matched (3),SVK,0,.0080846399068832,.4065399932861328,4.36317501300576,4.337865722142994,1.025632290168971,1.015680366587243,2012,.0841799926757812,.0005923843383788,0,1,1,0,1,1,.0223668561475156,.0223668561475156,.0090930215480429,-.0126248385621886,-.0035318170141458,1,1,.0147251932306185,.0233775205354364
Slovak Republic,SVK,2012,,.49944091796875,.5168799972534179,94.783997,79.737,.0444861793518066,.2328205235799154,Matched (3),SVK,0,.0155640494823456,.4327000045776367,4.378733712849441,4.36317501300576,1.015680366587243,1.007035592168162,2013,.0292300033569336,-.0065969848632812,1,0,0,0,1,1,,,,-.0076186593798945,,0,0,,.0240139035198148
Slovak Republic,SVK,2013,.0033725801110268,.5047605514526368,.5461100006103515,99.136002,80.297997,.0442741680145264,.1463408311208089,Matched (3),SVK,0,,.5168799972534179,4.385744670716132,4.378733712849441,1.007035592168162,1.027086641585,2014,-.0121900177001952,.0053196334838868,1,0,0,0,1,1,,,,-.0170881056500761,,0,0,,.0230047840546276
Slovak Republic,SVK,2014,-.0077947700023651,.510489501953125,.5339199829101563,101.739,82.473,.04335364818573,.2125776227315267,Matched (3),SVK,0,.0033725801110268,.5461100006103515,4.412470961867521,4.385744670716132,1.027086641585,1.051762361190912,2015,-.0179299926757813,.0057289505004883,0,1,1,0,1,1,.0307162347641348,.0307162347641348,.0167744429857894,-.0098352382839774,.006939204701812,1,1,.0156017582460939,.023704631803891
Slovak Republic,SVK,2015,-.0123352003097534,.4987996292114258,.515989990234375,89.188004,86.741997,.0356762766838074,.356665636698405,Matched (3),SVK,0,-.0077947700023651,.5339199829101563,4.46293815826143,4.412470961867521,1.051762361190912,1.019483093592854,2016,.0053700256347656,-.0116898727416992,0,1,1,0,1,1,.0306084017748831,.0306084017748831,.0163424373525528,.0059422658633891,.0222847032159419,1,1,.0155181811125882,.026749853700563
Slovak Republic,SVK,2016,-.0117585003376007,.5008121490478515,.5213600158691406,90.321999,88.431999,.0368088555335999,.1621834373474121,Matched (3),SVK,0,-.0123352003097534,.515989990234375,4.482233886118397,4.46293815826143,1.019483093592854,1.02874524877536,2017,-.0075500106811524,.0020125198364258,0,1,1,0,1,1,.0287237135875124,.0287237135875124,.0148211486935155,-.0153533549337341,-.0005322062402186,1,1,.0155863524649969,.0231271375099172
Slovak Republic,SVK,2017,-.0139139699935913,.4985674667358398,.5138100051879883,95.944,90.973999,.0311863708496094,.148651549021403,Matched (3),SVK,0,-.0117585003376007,.5213600158691406,4.51057374067251,4.482233886118397,1.02874524877536,1.040615997257329,2018,-.0211100006103515,-.0022446823120117,0,1,1,0,1,1,.028983326403923,.028983326403923,.0151107475138898,-.0168350841789883,-.0017243366650985,1,1,.0157297177846542,.0230208208884479
Slovak Republic,SVK,2018,-.0205685710906982,.5056591415405274,.4927000045776367,106.66,94.668999,.0297329473495483,.3783072789510091,Matched (3),SVK,0,-.0139139699935913,.5138100051879883,4.550386583537511,4.51057374067251,1.040615997257329,1.022763510848047,2019,-.0126000213623047,.0070916748046875,0,1,1,0,1,1,.0295128826290032,.0295128826290032,.0151640143767206,.0083120056564212,.0234760200331419,1,1,.0155112235213125,.0273568961434439
Slovak Republic,SVK,2019,-.0185219299793243,.5056532669067383,.480099983215332,105.855,96.823997,.0268735432624817,,Master only (1),SVK,0,-.0205685710906982,.4927000045776367,4.572894871591043,4.550386583537511,1.022763510848047,.9741489876813453,2020,.1039800262451172,-5.87463378909e-06,1,0,0,1,0,0,,,,,,0,0,,
Slovak Republic,SVK,2020,-.0090006601810455,.5099141311645508,.5840800094604492,107.646,94.320999,.0254820942878723,,Master only (1),SVK,0,-.0185219299793243,.480099983215332,4.546703849318765,4.572894871591043,.9741489876813453,1.056551559908312,2021,.0180899810791015,.0042608642578125,1,0,0,1,0,0,,,,,,0,0,,
Slovak Republic,SVK,2021,-.0155955898761749,.5046075057983398,.6021699905395508,120.591,99.654999,.0221618485450745,,Master only (1),SVK,0,-.0090006601810455,.5840800094604492,4.60171420876541,4.546703849318765,1.056551559908312,1.005448791071492,2022,-.0246099853515624,-.005306625366211,1,0,0,1,0,0,,,,,,0,0,,
Slovak Republic,SVK,2022,-.0083451598882675,.502275390625,.5775600051879883,115.884,100.198,.0186906886100769,,Master only (1),SVK,0,-.0155955898761749,.6021699905395508,4.607148208879065,4.60171420876541,1.005448791071492,1.021128210501181,2023,-.0199800109863282,-.0023321151733398,1,0,0,1,0,0,,,,,,0,0,,
Slovak Republic,SVK,2023,-.0029390001296997,.5004878616333008,.5575799942016602,133.617,102.315,.0140645015239716,,Master only (1),SVK,0,-.0083451598882675,.5775600051879883,4.628056313636457,4.607148208879065,1.021128210501181,,,,-.0017875289916992,1,0,0,2,0,0,,,,,,0,0,,
Slovenia,SVN,1995,,.5318071746826172,.1822800064086914,21.399,22.659,.0358521294593811,.0700147342681885,Matched (3),SVN,0,,,3.120557141508071,,,1.033011129272595,1996,.0336999893188477,,4,0,0,2,0,0,,,,,,0,0,,
Slovenia,SVN,1996,,.528826675415039,.2159799957275391,21.48,23.407,.0377958488464355,.0842331027984619,Matched (3),SVN,0,,.1822800064086914,3.153035105326738,3.120557141508071,1.033011129272595,1.051736679788941,1997,.0049900054931641,-.0029804992675782,3,0,0,1,0,0,,,,,,0,0,,
Slovenia,SVN,1997,,.5277686309814453,.2209700012207031,20.768999,24.618,.0455168581008911,.12594162940979,Matched (3),SVN,0,,.2159799957275391,3.203477883927749,3.153035105326738,1.051736679788941,1.030627983960855,1998,.007239990234375,-.0010580444335937,3,0,0,1,0,0,,,,,,0,0,,
Slovenia,SVN,1998,,.5384497451782226,.2282099914550781,22.08,25.372,.0400782442092895,.2597312927246094,Matched (3),SVN,0,,.2209700012207031,3.233646193547805,3.203477883927749,1.030627983960855,1.052656489680118,1999,.0099600028991699,.0106811141967773,3,0,0,1,0,0,,,,,,0,0,,
Slovenia,SVN,1999,,.5281156921386718,.238169994354248,22.667999,26.708,.042362322807312,.1284841537475586,Matched (3),SVN,0,,.2282099914550781,3.284963152851451,3.233646193547805,1.052656489680118,1.035008216996113,2000,.0226799964904785,-.0103340530395508,3,0,0,1,0,0,,,,,,0,0,,
Slovenia,SVN,2000,,.5309728240966797,.2608499908447265,20.261999,27.643,.0408283758163452,.1979343605041504,Matched (3),SVN,0,,.238169994354248,3.319372518663948,3.284963152851451,1.035008216996113,1.028289244942331,2001,.0023900032043457,.0028571319580079,2,0,0,0,1,1,,,,-.0114386619426344,,0,0,,.023507982047991
Slovenia,SVN,2001,,.5382979202270508,.2632399940490723,20.693001,28.424999,.0407572746276855,.136635913848877,Matched (3),SVN,0,,.2608499908447265,3.347269012796161,3.319372518663948,1.028289244942331,1.032823239740276,2002,.0135799980163574,.0073250961303711,2,0,0,0,1,1,,,,-.0181507851075287,,0,0,,.0229442293459429
Slovenia,SVN,2002,,.5439741897583008,.2768199920654297,23.263,29.358,.0391023230552673,.2196279525756836,Matched (3),SVN,0,,.2632399940490723,3.379565074778305,3.347269012796161,1.032823239740276,1.031950396201363,2003,-.0065399932861328,.00567626953125,2,0,0,0,1,1,,,,-.0090632336925194,,0,0,,.0238074834513565
Slovenia,SVN,2003,,.5452268981933593,.2702799987792969,29.399,30.296,.0328628039360046,.3934733581542969,Matched (3),SVN,0,,.2768199920654297,3.41101567498613,3.379565074778305,1.031950396201363,1.045451572161851,2004,.0007200050354004,.0012527084350585,2,0,0,0,1,1,,,,.0099726772899699,,0,0,,.0278017502990359
Slovenia,SVN,2004,,.5590663146972656,.2710000038146972,34.189999,31.673,.0319141840934753,.1245300674438477,Matched (3),SVN,0,,.2702799987792969,3.45546459353382,3.41101567498613,1.045451572161851,1.038550205488766,2005,-.0051200103759765,.0138394165039063,2,0,0,0,1,1,,,,-.0194763640825199,,0,0,,.0228841858998048
Slovenia,SVN,2005,,.5661184310913085,.2658799934387207,36.001999,32.894001,.0292889809608459,.1625156593322754,Matched (3),SVN,0,,.2710000038146972,3.493290300934997,3.45546459353382,1.038550205488766,1.059068545448114,2006,-.003809986114502,.0070521163940429,2,0,0,0,1,1,,,,-.0153169769339289,,0,0,,.0231300127119682
Slovenia,SVN,2006,,.5635503387451172,.2620700073242188,39.292999,34.837002,.0266384673118591,.2683267784118653,Matched (3),SVN,0,,.2658799934387207,3.550680092039492,3.493290300934997,1.059068545448114,1.071389596784428,2007,-.0326399993896485,-.0025680923461914,2,0,0,0,1,1,,,,-.0037307573438701,,0,0,,.0246565224218958
Slovenia,SVN,2007,.002284460067749,.5738846969604492,.2294300079345703,47.886002,37.324001,.0240036869049072,.3837454986572266,Matched (3),SVN,0,,.2620700073242188,3.619636586530275,3.550680092039492,1.071389596784428,1.033731615758898,2008,-.0104900169372558,.010334358215332,1,0,0,0,1,1,,,,.0089074856801022,,0,0,,.0275146200012344
Slovenia,SVN,2008,.0140556597709656,.5688685989379882,.2189399909973145,55.502998,38.583,.0160501170158386,.1677945709228516,Matched (3),SVN,0,.002284460067749,.2294300079345703,3.652811769697815,3.619636586530275,1.033731615758898,.9240857154552039,2009,.130470027923584,-.0050160980224609,0,1,1,0,1,1,.0118270570884678,.0118270570884678,.0027134818016498,-.0147389410014394,-.0120254591997897,1,1,.0147200406281022,.0231773913111836
Slovenia,SVN,2009,.0170394194126129,.5937899398803711,.3494100189208985,49.921001,35.653999,.0204858589172363,.1909993171691895,Matched (3),SVN,0,.0140556597709656,.2189399909973145,3.573861323699056,3.652811769697815,.9240857154552039,1.01113477776986,2010,.0366599655151367,.0249213409423829,0,1,1,0,1,1,.0113062056899119,.0113062056899119,.0024753805719631,-.0121980427680559,-.0097226621960928,1,1,.0147557149740092,.0234229739083502
Slovenia,SVN,2010,.0107713496685028,.6155966186523437,.3860699844360351,47.832001,36.050999,.0244642233848572,.1090261363983154,Matched (3),SVN,0,.0170394194126129,.3494100189208985,3.584934566197287,3.573861323699056,1.01113477776986,1.006546283587849,2011,.0820800018310547,.0218066787719726,0,1,1,0,1,1,.0186619154937978,.0186619154937978,.0065206602457881,-.0211740301800455,-.0146533699342574,1,1,.014917452172466,.022832600868209
Slovenia,SVN,2011,.0217088294029236,.6232684707641601,.4681499862670899,51.189999,36.286999,.0317942976951599,.3096549415588379,Matched (3),SVN,0,.0107713496685028,.3860699844360351,3.591459515925114,3.584934566197287,1.006546283587849,.9708435887864065,2012,.0725900268554687,.0076718521118164,0,1,1,0,1,1,.0216786560730605,.0216786560730605,.0083694784127206,.0007946382633196,.0091641166760402,1,1,.0147487807859028,.0255538065853375
Slovenia,SVN,2012,.0414655208587646,.6243949890136719,.5407400131225586,46.195999,35.229,.0317834544181824,.3086500930786133,Matched (3),SVN,0,.0217088294029236,.4681499862670899,3.561869609649843,3.591459515925114,.9708435887864065,.9917681195953989,2013,.1676199722290039,.0011265182495117,0,1,1,0,1,1,.0265209605724101,.0265209605724101,.0124157873277638,.0006846082849214,.0131003956126852,1,1,.0149754460143644,.0255302030727274
Slovenia,SVN,2013,.0362316799163818,.6233887100219726,.7083599853515625,47.868,34.938999,.0435717678070068,.1674195861816406,Matched (3),SVN,0,.0414655208587646,.5407400131225586,3.55360366022083,3.561869609649843,.9917681195953989,1.027619570547117,2014,.1029700469970702,-.0010062789916992,0,1,1,0,1,1,.0302073646916972,.0302073646916972,.0163343307797863,-.0147800014834794,.0015543292963069,1,1,.0157899774804504,.0231739209386087
Slovenia,SVN,2014,.0071369200944901,.6312612533569336,.8113300323486328,49.527,35.903999,.0617871332168579,.2197025489807129,Matched (3),SVN,0,.0362316799163818,.7083599853515625,3.580848691200734,3.55360366022083,1.027619570547117,1.023952780370798,2015,.0228499603271485,.007872543334961,0,1,1,0,1,1,.0403268582822683,.0403268582822683,.0285659327421021,-.0090550654552225,.0195108672868796,1,1,.0175592174106977,.0238085997018407
Slovenia,SVN,2015,-.0045903500914574,.6220000076293946,.8341799926757812,42.714001,36.764,.0618128061294556,.4250185394287109,Matched (3),SVN,0,.0071369200944901,.8113300323486328,3.604519103835675,3.580848691200734,1.023952780370798,1.030328628014305,2016,-.0398799896240234,-.0092612457275391,0,1,1,0,1,1,.0472789123697509,.0472789123697509,.0383588015023582,.0134268454382026,.0517856469405607,1,1,.0187678972605034,.0287747808081094
Slovenia,SVN,2016,-.0066330701112747,.6166718673706054,.7943000030517579,44.278999,37.879002,.0595413064956665,.1926235771179199,Matched (3),SVN,0,-.0045903500914574,.8341799926757812,3.634396911514142,3.604519103835675,1.030328628014305,1.051743683855983,2017,-.0454000091552734,-.0053281402587891,0,1,1,0,1,1,.0476411375268644,.0476411375268644,.0397412837532256,-.0120201878072444,.0277210959459813,1,1,.0198022019564797,.0234424102874862
Slovenia,SVN,2017,-.0136315095424652,.607322883605957,.7488999938964844,48.136002,39.839001,.0491223335266113,.2638393211364746,Matched (3),SVN,0,-.0066330701112747,.7943000030517579,3.684846349618292,3.634396911514142,1.051743683855983,1.043801272650932,2018,-.0388299560546875,-.0093489837646484,0,1,1,0,1,1,.0455888039457629,.0455888039457629,.0362111871132454,-.0042221297614945,.0319890573517509,1,1,.018660917509999,.0245685189862573
Slovenia,SVN,2018,-.0182994699478149,.6017206954956055,.7100700378417969,53.713001,41.584,.0402624845504761,.3905939865112305,Matched (3),SVN,0,-.0136315095424652,.7488999938964844,3.7277154690926,3.684846349618292,1.043801272650932,1.035037532350255,2019,-.0498600006103516,-.0056021881103515,0,1,1,0,1,1,.043446407170149,.043446407170149,.0325370140645487,.0096573887604831,.0421944028250319,1,1,.0178145066258016,.0277161030431146
Slovenia,SVN,2019,-.0174574100971222,.601453857421875,.6602100372314453,53.916,43.041,.031914176940918,,Master only (1),SVN,0,-.0182994699478149,.7100700378417969,3.762153158292783,3.7277154690926,1.035037532350255,.9591552379078503,2020,.1414899444580078,-.0002668380737305,1,0,0,1,0,0,,,,,,0,0,,
Slovenia,SVN,2020,-.0073464000225067,.5922871017456055,.8016999816894531,53.341999,41.283001,.031436276435852,,Master only (1),SVN,0,-.0174574100971222,.6602100372314453,3.720450815867343,3.762153158292783,.9591552379078503,1.084175045284687,2021,-.0535199737548828,-.0091667556762695,1,0,0,1,0,0,,,,,,0,0,,
Slovenia,SVN,2021,-.0135400998592377,.5911657333374023,.7481800079345703,61.582001,44.757999,.024540011882782,,Master only (1),SVN,0,-.0073464000225067,.8016999816894531,3.801270186738095,3.720450815867343,1.084175045284687,1.026676801010071,2022,-.0204499816894531,-.0011213684082032,1,0,0,1,0,0,,,,,,0,0,,
Slovenia,SVN,2022,-.0074760401248932,.5894222640991211,.7277300262451172,59.945999,45.952,.0205562281608582,,Master only (1),SVN,0,-.0135400998592377,.7481800079345703,3.827597366120454,3.801270186738095,1.026676801010071,1.023763907162528,2023,-.0448400115966797,-.0017434692382812,1,0,0,1,0,0,,,,,,0,0,,
Slovenia,SVN,2023,-.0053785800933838,.5931171035766601,.6828900146484375,69.275002,47.043999,.0159445011615753,,Master only (1),SVN,0,-.0074760401248932,.7277300262451172,3.851083306743269,3.827597366120454,1.023763907162528,,,,.003694839477539,1,0,0,2,0,0,,,,,,0,0,,
Sweden,SWE,1995,,.6197736358642578,.6869599914550781,267.052,3445.822,.0432053995132446,.0553885703702127,Matched (3),SWE,0,,,8.144917767896962,,,1.017047011259035,1996,.0024099731445313,,4,0,0,2,0,0,,,,,,0,0,,
Sweden,SWE,1996,,.6230169296264648,.6893699645996094,291.952,3504.563,.0479134464263916,.0897886837682416,Matched (3),SWE,0,,.6869599914550781,8.161821109321801,8.144917767896962,1.017047011259035,1.030650052352228,1997,-.0123199462890625,.003243293762207,3,0,0,1,0,0,,,,,,0,0,,
Sweden,SWE,1997,.0012581600248814,.6268763732910156,.6770500183105469,268.25,3611.978,.0532473993301392,.185974049106721,Matched (3),SWE,0,,.6893699645996094,8.192010831280209,8.161821109321801,1.030650052352228,1.042458151460304,1998,-.02302001953125,.0038594436645508,2,0,0,1,0,0,,,,,,0,0,,
Sweden,SWE,1998,-.0026278498768806,.6291747665405274,.6540299987792969,270.888,3765.3359,.0457130718231201,.0782922261761081,Matched (3),SWE,0,.0012581600248814,.6770500183105469,8.233592362681176,8.192010831280209,1.042458151460304,1.042011134672164,1999,-.0512099838256836,.0022983932495118,1,0,0,1,0,0,,,,,,0,0,,
Sweden,SWE,1999,-.0063621699810028,.6398246383666992,.6028200149536133,274.31699,3923.522,.0443123006820679,.123374655016007,Matched (3),SWE,0,-.0026278498768806,.6540299987792969,8.274744991821057,8.233592362681176,1.042011134672164,1.046311478011039,2000,-.0984099960327148,.0106498718261718,1,0,0,1,0,0,,,,,,0,0,,
Sweden,SWE,2000,-.0065922898054123,.6446125030517578,.5044100189208984,262.90201,4105.2261,.0376881241798401,.170221804957236,Matched (3),SWE,0,-.0063621699810028,.6028200149536133,8.320016093261364,8.274744991821057,1.046311478011039,1.013608202102336,2001,.0153999710083008,.0047878646850585,0,1,1,0,1,1,.0338848994196157,.0338848994196157,.0204264955748344,-.0144731611215604,.0059533344532741,1,1,.0164602442241942,.0232002413052381
Sweden,SWE,2001,.0010760100185871,.6513703918457031,.5198099899291992,242.49699,4161.0908,.0319707775115967,.083951294191422,Matched (3),SWE,0,-.0065922898054123,.5044100189208984,8.333532535303865,8.320016093261364,1.013608202102336,1.022777277498928,2002,-.0212400054931641,.0067578887939453,0,1,1,0,1,1,.0277076953874084,.0277076953874084,.0139760391546171,-.0239197021899655,-.0099436630353484,1,1,.0161387162518274,.022809748598557
Sweden,SWE,2002,.0071693098545074,.6616294860839844,.4985699844360352,267.371,4255.8691,.0382820892333984,.3081238826628654,Matched (3),SWE,0,.0010760100185871,.5198099899291992,8.356054283515181,8.333532535303865,1.022777277498928,1.018810190889879,2003,-.0040099716186524,.0102590942382813,0,1,1,0,1,1,.0295690903630257,.0295690903630257,.01537030856382,.000626988731509,.015997297295329,1,1,.015272868884196,.0255178768703545
Sweden,SWE,2003,.0063632100820541,.6657400512695313,.4945600128173828,334.07199,4335.9229,.0237455272674561,.1849961151615266,Matched (3),SWE,0,.0071693098545074,.4985699844360352,8.374689750424869,8.356054283515181,1.018810190889879,1.04179597453595,2004,-.0080000305175781,.0041105651855469,0,1,1,0,1,1,.0277920024822097,.0277920024822097,.0138562582450015,-.0128553878307421,.0010008704142595,1,1,.0153049155143717,.0233536674505042
Sweden,SWE,2004,.0016528399288654,.6702742767333985,.4865599822998047,384.54599,4517.147,.0208325290679932,.1085242459081834,Matched (3),SWE,0,.0063632100820541,.4945600128173828,8.415635872795455,8.374689750424869,1.04179597453595,1.027931545996013,2005,.0023200225830078,.0045342254638672,0,1,1,0,1,1,.027230445511796,.027230445511796,.0134670894813369,-.0212289867241159,-.007761897242779,1,1,.0158075628902939,.0228314081389296
Sweden,SWE,2005,-.0090541899204254,.6772872924804687,.4888800048828125,391.689,4643.3179,.0187017667293549,.2376186715402911,Matched (3),SWE,0,.0016528399288654,.4865599822998047,8.443184448113209,8.415635872795455,1.027931545996013,1.046760954685912,2006,-.0503900146484375,.0070130157470703,0,1,1,0,1,1,.0273063397661381,.0273063397661381,.0132861721932846,-.00709326661987,.0061929055734146,1,1,.015039576203163,.024093419247696
Sweden,SWE,2006,-.0109155595302582,.719052963256836,.438489990234375,422.526,4860.4438,.0179448473453522,.4046047542941186,Matched (3),SWE,0,-.0090541899204254,.4888800048828125,8.488885039402753,8.443184448113209,1.046760954685912,1.032248734678435,2007,-.0465999984741211,.0417656707763673,0,1,1,0,1,1,.02815252953817,.02815252953817,.0137632087780841,.0111915548629677,.0249547636410518,1,1,.0155818295789697,.0281379509991362
Sweden,SWE,2007,-.0046608799695969,.72274658203125,.3918899917602539,490.04999,5017.187,.0132736527919769,.2321690085626417,Matched (3),SWE,0,-.0109155595302582,.438489990234375,8.520624699396222,8.488885039402753,1.032248734678435,.9907687432622959,2008,-.0124499893188477,.003693618774414,0,1,1,0,1,1,.0244448092598867,.0244448092598867,.0107188041736489,-.0076899996711797,.0030288045024692,1,1,.0147686677540681,.0240032876131269
Sweden,SWE,2008,.002610299885273,.7231240844726563,.3794400024414062,514.61401,4970.8721,.0100466239452362,.1321891489336567,Matched (3),SWE,0,-.0046608799695969,.3918899917602539,8.511350570561847,8.520624699396222,.9907687432622959,.9574438825556617,2009,.0323999786376953,.0003775024414063,0,1,1,0,1,1,.0212686021452956,.0212686021452956,.008334952319472,-.0186377017493833,-.0103027494299113,1,1,.0149240104699894,.0229201688964949
Sweden,SWE,2009,.0001039499975741,.7219890594482422,.4118399810791016,434.311,4759.3311,.0090966367721558,.1219501836838261,Matched (3),SWE,0,.002610299885273,.3794400024414062,8.467862402620019,8.511350570561847,.9574438825556617,1.057507609947974,2010,-.0258099746704102,-.0011350250244141,0,1,1,0,1,1,.0204899830153193,.0204899830153193,.0077747192053571,-.0197588589660487,-.0119841397606916,1,1,.014936540178908,.0228736252587848
Sweden,SWE,2010,-.0030801498889923,.7391997528076172,.3860300064086914,492.75101,5033.0288,.0072780787944794,.0647284137049029,Matched (3),SWE,0,.0001039499975741,.4118399810791016,8.52377723070072,8.467862402620019,1.057507609947974,1.031638852839587,2011,-.0092200088500977,.017210693359375,0,1,1,0,1,1,.0221600781267501,.0221600781267501,.0091264061564322,-.0260245898086546,-.0168981836522225,1,1,.0155899610715237,.0228430317410722
Sweden,SWE,2011,-.0017152799665928,.7463265228271484,.3768099975585937,570.539,5192.2681,.0096935844421387,.162151470491963,Matched (3),SWE,0,-.0030801498889923,.3860300064086914,8.554925887714871,8.52377723070072,1.031638852839587,.9958559362558793,2012,.0031100082397461,.0071267700195312,0,1,1,0,1,1,.0210498397127163,.0210498397127163,.0081258697592018,-.0153568552748142,-.0072309855156124,1,1,.0147403039212868,.0231268615206573
Sweden,SWE,2012,-.0019968700408936,.7447148132324218,.3799200057983398,549.73999,5170.751,.005300281047821,.0708288701118961,Matched (3),SWE,0,-.0017152799665928,.3768099975585937,8.55077321354225,8.554925887714871,.9958559362558793,1.011376528395805,2013,.0279700088500976,-.0016117095947266,0,1,1,0,1,1,.0201175741221189,.0201175741221189,.0075805030558405,-.02535659547927,-.0177760924234296,1,1,.0153346768995983,.0228276996727034
Sweden,SWE,2013,-.0022530600428581,.7454795074462891,.4078900146484375,584.125,5229.5762,.0047252327203751,.1333824126951156,Matched (3),SWE,0,-.0019968700408936,.3799200057983398,8.562085515892813,8.55077321354225,1.011376528395805,1.022957894607108,2014,.0490099716186523,.0007646942138673,0,1,1,0,1,1,.0205668790785098,.0205668790785098,.0078137688187612,-.0185070404721056,-.0106932716533444,1,1,.0148664333364851,.0229263972714056
Sweden,SWE,2014,-.0083433997631073,.7527564239501953,.4568999862670898,577.72803,5349.6362,.002803413271904,.2930657885151525,Matched (3),SWE,0,-.0022530600428581,.4078900146484375,8.584783843273428,8.562085515892813,1.022957894607108,1.043882401101491,2015,-.0123199844360352,.0072769165039062,0,1,1,0,1,1,.0228966067833369,.0228966067833369,.0093392972762548,-.0010218586384158,.008317438637839,1,1,.0147201505734342,.0251752867238709
Sweden,SWE,2015,-.0139832305908203,.7553082275390625,.4445800018310547,501.60199,5584.3911,.0026891577243805,.2643244983303931,Matched (3),SWE,0,-.0083433997631073,.4568999862670898,8.627730683766126,8.584783843273428,1.043882401101491,1.021311843934418,2016,-.0156999969482421,.0025518035888672,0,1,1,0,1,1,.0256684292393884,.0256684292393884,.0117279049669743,-.004169003307888,.0075589016590863,1,1,.0148475388325371,.0245779413953341
Sweden,SWE,2016,-.0129530096054077,.7404000854492188,.4288800048828125,513.05798,5703.4048,.0012108700722456,.1750683464542512,Matched (3),SWE,0,-.0139832305908203,.4445800018310547,8.64881860622082,8.627730683766126,1.021311843934418,1.018828271524008,2017,-.0125,-.0149081420898437,0,1,1,0,1,1,.0245618959327879,.0245618959327879,.010919727738773,-.0139424693140717,-.0030227415752987,1,1,.014968160284354,.02324786444115
Sweden,SWE,2017,-.0165274596214294,.736031494140625,.4163800048828125,535.172,5810.79,.0006925618648529,.0482998659533839,Matched (3),SWE,0,-.0129530096054077,.4288800048828125,8.667471819786222,8.64881860622082,1.018828271524008,1.017702536482087,2018,-.0170400238037109,-.0043685913085938,0,1,1,0,1,1,.023096466231643,.023096466231643,.0099056125502028,-.0278235005795699,-.0179178880293671,1,1,.015882035815711,.0229062830350158
Sweden,SWE,2018,-.022591860294342,.7273410797119141,.3993399810791016,549.64899,5913.6558,.0007930056750774,.315727479380946,Matched (3),SWE,0,-.0165274596214294,.4163800048828125,8.685019491366052,8.667471819786222,1.017702536482087,1.026082375051058,2019,-.0414699935913086,-.0086904144287109,0,1,1,0,1,1,.0234941601581324,.0234941601581324,.0097824985213608,.0014595755335035,.0112420740548642,1,1,.0148228940712435,.0256982642175036
Sweden,SWE,2019,-.0204306602478027,.7238177490234375,.357869987487793,530.89398,6067.8979,-.0001625157520175,,Master only (1),SWE,0,-.022591860294342,.3993399810791016,8.710767522465884,8.685019491366052,1.026082375051058,.9806621922893236,2020,.0464900207519531,-.0035233306884765,1,0,0,1,0,0,,,,,,0,0,,
Sweden,SWE,2020,-.0093856501579285,.718274154663086,.4043600082397461,544.26599,5950.5581,-.0007984113693237,,Master only (1),SWE,0,-.0204306602478027,.357869987487793,8.691240293379247,8.710767522465884,.9806621922893236,1.052258589518135,2021,-.031140022277832,-.0055435943603516,1,0,0,1,0,0,,,,,,0,0,,
Sweden,SWE,2021,-.0117188203334808,.7218173980712891,.3732199859619141,631.69299,6261.5259,-.0001016921550035,,Master only (1),SWE,0,-.0093856501579285,.4043600082397461,8.74217918501579,8.691240293379247,1.052258589518135,1.012554503979185,2022,-.0310799789428711,.0035432434082031,1,0,0,1,0,0,,,,,,0,0,,
Sweden,SWE,2022,-.01424271941185,.7171813201904297,.342140007019043,575.07098,6340.1362,.003852626979351,,Master only (1),SWE,0,-.0117188203334808,.3732199859619141,8.754655534656058,8.74217918501579,1.012554503979185,.9979593516904142,2023,-.0216200256347656,-.0046360778808594,1,0,0,1,0,0,,,,,,0,0,,
Sweden,SWE,2023,-.0143927800655365,.7135448455810547,.3205199813842773,578.99103,6327.1982,.0041841870546341,,Master only (1),SWE,0,-.01424271941185,.342140007019043,8.752612801386782,8.754655534656058,.9979593516904142,,,,-.003636474609375,1,0,0,2,0,0,,,,,,0,0,,
Thailand,THA,1995,,.3907660675048828,,169.27901,5068.875,,.1040097602208455,Matched (3),THA,0,,,8.530874178472102,,,1.056519490888018,1996,,,3,0,0,1,0,0,,,,,,0,0,,
Thailand,THA,1996,,.392032699584961,.1519299983978271,183.035,5355.3652,,.091201745669047,Matched (3),THA,0,,,8.585854184921116,8.530874178472102,1.056519490888018,.972464183297489,1997,.2526200199127198,.0012666320800782,3,0,0,0,1,1,,,,-.0231257844648951,,0,0,,.0228086445184855
Thailand,THA,1997,,.3981690216064453,.4045500183105469,150.17999,5207.9009,,.4282645511627197,Matched (3),THA,0,,.1519299983978271,8.557932151239207,8.585854184921116,.972464183297489,.9236596926188527,1998,.0942599868774414,.0061363220214843,2,0,0,0,1,1,,,,.0137822807182495,,0,0,,.0288783710070078
Thailand,THA,1998,,.406239013671875,.4988100051879883,113.676,4810.3281,,.6491849242316351,Matched (3),THA,0,,.4045500183105469,8.478520578028833,8.557932151239207,.9236596926188527,1.045723049525598,1999,.0670399856567382,.0080699920654297,2,0,0,0,1,1,,,,.037972857063717,,0,0,,.0370850536596135
Thailand,THA,1999,,.410887451171875,.5658499908447265,126.669,5030.271,,.1335501488049825,Matched (3),THA,0,,.4988100051879883,8.523229137605499,8.478520578028833,1.045723049525598,1.044552438629605,2000,.012410011291504,.0046484375,2,0,0,0,1,1,,,,-.0184886735233482,,0,0,,.0229272862120093
Thailand,THA,2000,,.4111701965332031,.5782600021362305,126.392,5254.3818,.0684174537658691,.1458621146943834,Matched (3),THA,0,,.5658499908447265,8.566817642887882,8.523229137605499,1.044552438629605,1.034442514218509,2001,-.0029399871826172,.0002827453613282,2,0,0,0,1,1,,,,-.0171405246556227,,0,0,,.0230015393248788
Thailand,THA,2001,.0039065700769424,.4091533279418945,.5753200149536133,120.296,5435.356,.0655436611175537,.2028053771124946,Matched (3),THA,0,,.5782600021362305,8.600680290884718,8.566817642887882,1.034442514218509,1.061490212241555,2002,-.0263100051879883,-.0020168685913086,1,0,0,0,1,1,,,,-.0109052901331118,,0,0,,.0235708290188168
Thailand,THA,2002,.0011440599709749,.4073674011230469,.549010009765625,134.30099,5769.5771,.0705107975006103,.1421107403437296,Matched (3),THA,0,.0039065700769424,.5753200149536133,8.660354072317139,8.600680290884718,1.061490212241555,1.071892623738437,2003,-.074010009765625,-.0017859268188476,0,1,1,0,1,1,.0321417195169841,.0321417195169841,.0184917745531461,-.0175512966743791,.0009404778787671,1,1,.0163512737243382,.0229770371843828
Thailand,THA,2003,-.0055746299028397,.4028432846069336,.475,152.28101,6184.3672,.0540860652923584,.2189709122975667,Matched (3),THA,0,.0011440599709749,.549010009765625,8.729779965525857,8.660354072317139,1.071892623738437,1.062893428364614,2004,-.0123300170898437,-.0045241165161133,0,1,1,0,1,1,.0309146240735542,.0309146240735542,.0169724380645226,-.0091351789947522,.0078372590697704,1,1,.0156042005164538,.0237976768348974
Thailand,THA,2004,.0058473801612854,.3913139343261719,.4626699829101563,172.896,6573.3232,.0616039514541626,.2939975547790528,Matched (3),THA,0,-.0055746299028397,.475,8.790774804323165,8.729779965525857,1.062893428364614,1.041876322131223,2005,-.0080499649047852,-.0115293502807617,0,1,1,0,1,1,.0268632026776187,.0268632026776187,.0127600212718689,-.000919831095053,.0118401901768159,1,1,.0149746786550425,.0251959093974971
Thailand,THA,2005,.0071096801757812,.3985113143920899,.4546200180053711,189.31799,6848.5898,.0559922790527344,.2793398835923936,Matched (3),THA,0,.0058473801612854,.4626699829101563,8.831798047837458,8.790774804323165,1.041876322131223,1.049678124317335,2006,-.0628500366210938,.007197380065918,0,1,1,0,1,1,.0260729010395779,.0260729010395779,.0120631486783997,-.0025248325214132,.0095383161569865,1,1,.0148889196374189,.0248805250617697
Thailand,THA,2006,.006117690205574,.3892528915405273,.3917699813842773,221.758,7188.8149,.0662913703918457,.3269008784823947,Matched (3),THA,0,.0071096801757812,.4546200180053711,8.88028161674216,8.831798047837458,1.049678124317335,1.054351537453101,2007,-.0319199752807617,-.0092584228515625,0,1,1,0,1,1,.0257995696213323,.0257995696213323,.0117290008057809,.0026830523919173,.0144120531976982,1,1,.0149833603429604,.0259720695207827
Thailand,THA,2007,-.0003990599885583,.389540901184082,.3598500061035156,262.94299,7579.5381,.0521786451339722,.2119156826866997,Matched (3),THA,0,.006117690205574,.3917699813842773,8.933207538248917,8.88028161674216,1.054351537453101,1.017256962522581,2008,-.0103900146484375,.0002880096435547,0,1,1,0,1,1,.0216001191051797,.0216001191051797,.0084622782597344,-.0099077201061292,-.0014454418463948,1,1,.0146121216088997,.0236952457402947
Thailand,THA,2008,.0090385502576828,.3942560195922852,.3494599914550781,291.383,7710.3379,.0554751062393188,.0862083095974392,Matched (3),THA,0,-.0003990599885583,.3598500061035156,8.950317290580877,8.933207538248917,1.017256962522581,.9930938145392765,2009,.0741799926757812,.0047151184082032,0,1,1,0,1,1,.0191814560582011,.0191814560582011,.006902447079618,-.0236725610923216,-.0167701140127036,1,1,.0151256850068955,.0228087320718828
Thailand,THA,2009,.0067767202854156,.4077548217773437,.4236399841308593,281.711,7657.0889,.0529526329040527,.242495756149292,Matched (3),THA,0,.0090385502576828,.3494599914550781,8.943387147051716,8.950317290580877,.9930938145392765,1.075133987232776,2010,-.0253299713134765,.0134988021850586,0,1,1,0,1,1,.019231719420137,.019231719420137,.0067207165042275,-.0065592303698926,.000161486134335,1,1,.014531143257572,.0241766329649016
Thailand,THA,2010,.0035341700911522,.4154971694946289,.3983100128173828,341.10501,8232.3965,.0526290655136108,.4185802078247071,Matched (3),THA,0,.0067767202854156,.4236399841308593,9.015832440150815,8.943387147051716,1.075133987232776,1.008401212150832,2011,-.0071500015258789,.0077423477172852,0,1,1,0,1,1,.0243596611387488,.0243596611387488,.0103197264582526,.0127218540875157,.0230415805457684,1,1,.0155668101031524,.028571174336251
Thailand,THA,2011,.0094792801141739,.4174465560913086,.3911600112915039,370.819,8301.5586,.0561580514907837,.039869795176718,Matched (3),THA,0,.0035341700911522,.3983100128173828,9.024198558535304,9.015832440150815,1.008401212150832,1.072428040856409,2012,.028129997253418,.0019493865966797,0,1,1,0,1,1,.0212555990415838,.0212555990415838,.0084663179266944,-.0287465855259139,-.0202802675992195,1,1,.0157719806695223,.0229511085758918
Thailand,THA,2012,.0173728597164154,.4244981002807617,.4192900085449219,397.55801,8902.8242,.0565190982818604,.3194115119510227,Matched (3),THA,0,.0094792801141739,.3911600112915039,9.094123833331805,9.024198558535304,1.072428040856409,1.026874920748025,2013,.0026200103759765,.0070515441894531,0,1,1,0,1,1,.0220206432533969,.0220206432533969,.0086135950636449,.0018629736896248,.0104765687532697,1,1,.014799986837386,.0257874061380879
Thailand,THA,2013,.014521369934082,.4350851440429688,.4219100189208984,420.33401,9142.0869,.050371036529541,.3093919511941763,Matched (3),THA,0,.0173728597164154,.4192900085449219,9.120643965963376,9.094123833331805,1.026874920748025,1.009844686165044,2014,.0114299774169922,.010587043762207,0,1,1,0,1,1,.0236390795866373,.0236390795866373,.0099116298818752,.0007658410618388,.0106774709437141,1,1,.0148038449428355,.0255476207484036
Thailand,THA,2014,.0100461494922638,.4511713027954102,.4333399963378906,407.33899,9232.0879,.0523107004165649,.3300743528512808,Matched (3),THA,0,.014521369934082,.4219100189208984,9.130440508917577,9.120643965963376,1.009844686165044,1.031340461015196,2015,-.007750015258789,.0160861587524414,0,1,1,0,1,1,.0238816225138879,.0238816225138879,.0100758958066962,.003030544897631,.0131064407043272,1,1,.0149017995541651,.0260516909773098
Thailand,THA,2015,.0066383898258209,.4489005661010742,.4255899810791016,401.29599,9521.4258,.0451813936233521,.3909302491408129,Matched (3),THA,0,.0100461494922638,.4333399963378906,9.161299883509487,9.130440508917577,1.031340461015196,1.034351596009822,2016,-.0081399917602539,-.002270736694336,0,1,1,0,1,1,.0248149861084902,.0248149861084902,.010753325989378,.0096942092071447,.0204475351965227,1,1,.015327055267108,.0277260768608245
Thailand,THA,2016,.003564809858799,.4412323760986328,.4174499893188476,413.366,9848.502,.0391382241249084,.2324432959923377,Matched (3),THA,0,.0066383898258209,.4255899810791016,9.195074636622731,9.161299883509487,1.034351596009822,1.041776856529378,2017,.0003200149536133,-.0076681900024414,0,1,1,0,1,1,.0236842682327238,.0236842682327238,.0100797872690373,-.0076599654515354,.0024198218175019,1,1,.0147102943533324,.0240077516068577
Thailand,THA,2017,.0019872699677944,.4447659301757813,.4177700042724609,456.35699,10259.941,.0488602447509766,.2026207337012658,Matched (3),THA,0,.003564809858799,.4174499893188476,9.23600240781664,9.195074636622731,1.041776856529378,1.042228669221354,2018,.0016400146484375,.0035335540771484,0,1,1,0,1,1,.0230769685579591,.0230769685579591,.0096334802780314,-.0109255084157173,-.0012920281376859,1,1,.0147266949780681,.0235683997683113
Thailand,THA,2018,-.0033779001235962,.4556360626220703,.4194100189208985,506.754,10693.205,.047795147895813,.1051141247382531,Matched (3),THA,0,.0019872699677944,.4177700042724609,9.277363779299485,9.23600240781664,1.042228669221354,1.021145601918274,2019,-.0087800216674805,.010870132446289,0,1,1,0,1,1,.0226817482457354,.0226817482457354,.0094757540615278,-.0216023918354804,-.0121266377739527,1,1,.0152555333196773,.0228240983464973
Thailand,THA,2019,-.0010521599650383,.4660649108886719,.410629997253418,543.97699,10919.319,.0484270715713501,,Master only (1),THA,0,-.0033779001235962,.4194100189208985,9.298288915482329,9.277363779299485,1.021145601918274,.9390693441052864,2020,.0837099838256836,.0104288482666016,1,0,0,1,0,0,,,,,,0,0,,
Thailand,THA,2020,.0040835699439049,.477107925415039,.4943399810791015,500.27499,10253.998,.0474184370040894,,Master only (1),THA,0,-.0010521599650383,.410629997253418,9.235422961869178,9.298288915482329,.9390693441052864,1.015526813379004,2021,.0893300247192383,.0110430145263672,1,0,0,1,0,0,,,,,,0,0,,
Thailand,THA,2021,.0022952599823475,.4798174667358399,.5836700057983398,506.04999,10413.21,.0629457807540894,,Master only (1),THA,0,.0040835699439049,.4943399810791015,9.250830467674117,9.235422961869178,1.015526813379004,1.026847565446796,2022,.0218099975585938,.0027095413208008,1,0,0,1,0,0,,,,,,0,0,,
Thailand,THA,2022,-.0032115399837494,.4842511749267578,.6054800033569336,495.69199,10692.779,.0658452653884888,,Master only (1),THA,0,.0022952599823475,.5836700057983398,9.27732396058059,9.250830467674117,1.026847565446796,1.022401306518363,2023,.0168799972534179,.0044337081909179,1,0,0,1,0,0,,,,,,0,0,,
Thailand,THA,2023,-.0113167905807495,.4888680267333985,.6223600006103516,517.013,10932.312,.0558143997192383,,Master only (1),THA,0,-.0032115399837494,.6054800033569336,9.299478043114453,9.27732396058059,1.022401306518363,,,,.0046168518066407,1,0,0,2,0,0,,,,,,0,0,,
Turkey,TUR,1995,,.3364922332763672,,233.645,597.20203,,.0677984318588719,Matched (3),TUR,0,,,6.392255458772452,,,1.07007173957168,1996,,,3,0,0,1,0,0,,,,,,0,0,,
Turkey,TUR,1996,,.3377627182006836,,250.571,639.04901,,.0935468341365005,Matched (3),TUR,0,,,6.459981151327436,6.392255458772452,1.07007173957168,1.075275885923249,1997,,.0012704849243164,3,0,0,0,1,1,,,,-.0228689994485529,,0,0,,.0228096308126519
Turkey,TUR,1997,,.3398028945922851,,261.94601,687.15399,,.0483048264185588,Matched (3),TUR,0,,,6.532558418049285,6.459981151327436,1.075275885923249,1.030924654817841,1998,,.0020401763916015,3,0,0,0,1,1,,,,-.0278229574132251,,0,0,,.0229062591200886
Turkey,TUR,1998,,.3406545639038086,,277.69299,708.40399,,.2114379836573745,Matched (3),TUR,0,,,6.563014540702541,6.532558418049285,1.030924654817841,.9694722547925984,1999,,.0008516693115235,3,0,0,0,1,1,,,,-.0099600277076352,,0,0,,.0236885011299953
Turkey,TUR,1999,,.3458487319946289,,254.3,686.77802,,.1854727378036037,Matched (3),TUR,0,,,6.53201111793543,6.563014540702541,.9694722547925984,1.06985220896483,2000,,.0051941680908203,3,0,0,0,1,1,,,,-.0128031980926433,,0,0,,.0233590239797183
Turkey,TUR,2000,,.3510353469848633,.5123400115966796,273.57001,734.75098,.3889353942871094,.1291768513303815,Matched (3),TUR,0,,,6.599531634406683,6.53201111793543,1.06985220896483,.945406025505559,2001,.2433699798583985,.0051866149902344,3,0,0,0,1,1,,,,-.0189675455484637,,0,0,,.0229051914827183
Turkey,TUR,2001,,.347929458618164,.7557099914550781,203.00101,694.638,.5022602081298828,.175746539144805,Matched (3),TUR,0,,.5123400115966796,6.543390847261954,6.599531634406683,.945406025505559,1.064355793176825,2002,-.0438199615478515,-.0031058883666992,2,0,0,0,1,1,,,,-.0138682078422578,,0,0,,.0232547401284547
Turkey,TUR,2002,,.3458984756469727,.7118900299072266,238.674,739.34198,.4583065795898438,.20962114276308,Matched (3),TUR,0,,.7557099914550781,6.605760574368317,6.543390847261954,1.064355793176825,1.057990755510911,2003,-.0757700347900391,-.0020309829711914,2,0,0,0,1,1,,,,-.0101589701037143,,0,0,,.0236630715776048
Turkey,TUR,2003,,.3570013046264648,.6361199951171875,317.34201,782.21698,.3797192764282227,.1166673924706199,Matched (3),TUR,0,,.7118900299072266,6.662132170063898,6.605760574368317,1.057990755510911,1.099253790796282,2004,-.0656700134277344,.0111028289794922,2,0,0,0,1,1,,,,-.0203373197136247,,0,0,,.0228544601354958
Turkey,TUR,2004,,.3588621902465821,.5704499816894532,408.30899,859.85498,.2869290161132813,.0945377690864332,Matched (3),TUR,0,,.6361199951171875,6.756763747666443,6.662132170063898,1.099253790796282,1.09111658090964,2005,-.0689099884033203,.0018608856201172,2,0,0,0,1,1,,,,-.022760492988842,,0,0,,.0228102449133438
Turkey,TUR,2005,,.3820089340209961,.5015399932861329,506.79401,938.20203,.1620358467102051,.0771795404318607,Matched (3),TUR,0,,.5704499816894532,6.843965305737674,6.756763747666443,1.09111658090964,1.070675591754144,2006,-.0595199966430665,.0231467437744141,2,0,0,0,1,1,,,,-.0246612029580376,,0,0,,.0228164474592352
Turkey,TUR,2006,,.383846206665039,.4420199966430664,554.90198,1004.51,.1440279579162598,.1344600495425138,Matched (3),TUR,0,,.5015399932861329,6.912255149128809,6.843965305737674,1.070675591754144,1.051081633054829,2007,-.0707099914550781,.0018372726440429,2,0,0,0,1,1,,,,-.0183890402348819,,0,0,,.0229321659804503
Turkey,TUR,2007,,.3934523391723633,.3713100051879883,686.909,1055.822,.1447124862670899,.3068561068448153,Matched (3),TUR,0,,.4420199966430664,6.962074909800692,6.912255149128809,1.051081633054829,1.009201329033329,2008,-.0010700225830078,.0096061325073242,2,0,0,0,1,1,,,,.0004881684530102,,0,0,,.0254882769157657
Turkey,TUR,2008,,.4042265701293946,.3702399826049805,787.89697,1065.537,.1301795864105225,.1911636653090968,Matched (3),TUR,0,,.3713100051879883,6.971234164502278,6.962074909800692,1.009201329033329,.9511729971282681,2009,.0535200119018555,.0107742309570313,2,0,0,0,1,1,,,,-.0121800467988728,,0,0,,.0234249273329978
Turkey,TUR,2009,,.4060968399047852,.4237599945068359,656.13397,1013.51,.1342383098602295,.1027009498711788,Matched (3),TUR,0,,.3702399826049805,6.921174842277052,6.971234164502278,.9511729971282681,1.085421997780474,2010,-.0375600051879883,.0018702697753906,2,0,0,0,1,1,,,,-.0218666322495536,,0,0,,.0228197627223517
Turkey,TUR,2010,.0639349317550659,.4141064071655273,.3861999893188476,783.02502,1100.0861,.1065744113922119,.4497392908732096,Matched (3),TUR,0,,.4237599945068359,7.003143691699199,6.921174842277052,1.085421997780474,1.109799537389708,2011,-.0384700012207031,.0080095672607421,1,0,0,0,1,1,,,,.0161337448374215,,0,0,,.0295789999722696
Turkey,TUR,2011,.0675850009918213,.4174502182006836,.3477299880981445,843.32599,1220.875,.0766201543807983,.096178847804214,Matched (3),TUR,0,.0639349317550659,.3861999893188476,7.107323093767641,7.003143691699199,1.109799537389708,1.048076130880772,2012,-.0395699882507324,.0033438110351563,0,1,1,0,1,1,.0207796871340798,.0207796871340798,.0080251149492306,-.0225807963883885,-.0145556814391579,1,1,.0151573661610497,.0228115197242361
Turkey,TUR,2012,.0684973478317261,.4240926742553711,.3081599998474121,882.43701,1279.5699,.0766792011260986,.3408910167578494,Matched (3),TUR,0,.0675850009918213,.3477299880981445,7.154279320998248,7.107323093767641,1.048076130880772,1.084883217198772,2013,-.0126799964904785,.0066424560546875,0,1,1,0,1,1,.0195474584003362,.0195474584003362,.0067972374768979,.0042149595824346,.0110121970593325,1,1,.014939028887967,.0263290957445876
Turkey,TUR,2013,.0562940216064453,.4384267044067383,.2954800033569336,962.45697,1388.184,.0699378538131714,.1760776620922667,Matched (3),TUR,0,.0684973478317261,.3081599998474121,7.235751668279542,7.154279320998248,1.084883217198772,1.046007638232245,2014,-.0218099975585938,.0143340301513671,0,1,1,0,1,1,.0165110002029639,.0165110002029639,.005088029820026,-.0138319501860306,-.0087439203660046,1,1,.014556100672426,.0232581159644581
Turkey,TUR,2014,.0667999076843262,.4557336044311524,.2736700057983398,943.33698,1452.051,.0618618822097778,.1638554890950521,Matched (3),TUR,0,.0562940216064453,.2954800033569336,7.280732336220893,7.235751668279542,1.046007638232245,1.058055760633573,2015,-.0091200065612793,.0173069000244141,0,1,1,0,1,1,.0157103770574401,.0157103770574401,.0046421022656711,-.0151702668151828,-.0105281645495117,1,1,.0145894331970671,.0231417364129617
Turkey,TUR,2015,.0699315595626831,.4544841384887695,.2645499992370606,868.20398,1536.351,.0576290321350098,.3394823895078717,Matched (3),TUR,0,.0667999076843262,.2736700057983398,7.337165372080655,7.280732336220893,1.058055760633573,1.033236538962562,2016,.005629997253418,-.0012494659423828,0,1,1,0,1,1,.0151684612642944,.0151684612642944,.0041511528821514,.0040607162025257,.008211869084677,1,1,.0151552959881587,.0262924494189959
Turkey,TUR,2016,.0812228298187256,.4352152633666992,.2701799964904785,870.33899,1587.4139,.0433603477478027,.2700193867538915,Matched (3),TUR,0,.0699315595626831,.2645499992370606,7.369861518544438,7.337165372080655,1.033236538962562,1.078258733114454,2017,-.0009099960327149,-.0192688751220703,0,1,1,0,1,1,.01433493947844,.01433493947844,.0037923082280846,-.0035454182972626,.000246889930822,1,1,.0147551043513066,.0246902115789206
Turkey,TUR,2017,.0849739933013916,.4507453155517578,.2692700004577637,863.90601,1711.6429,.043162407875061,.2685206557765152,Matched (3),TUR,0,.0812228298187256,.2701799964904785,7.445208974398473,7.369861518544438,1.078258733114454,1.034681333944858,2018,.0189900016784668,.0155300521850585,0,1,1,0,1,1,.0146610083367583,.0146610083367583,.0039611111809722,-.0037095279519128,.0002515832290594,1,1,.0147272796190739,.0246603675865224
Turkey,TUR,2018,.1235657691955566,.4529528427124023,.2882600021362305,807.31799,1771.005,.0458930158615112,.2717721407341235,Matched (3),TUR,0,.0849739933013916,.2692700004577637,7.479302463799627,7.445208974398473,1.034681333944858,1.01301633924781,2019,.0236899948120117,.0022075271606445,0,1,1,0,1,1,.0146210851092629,.0146210851092629,.0039370195940642,-.0033534933589483,.0005835262351159,1,1,.0147446885955659,.0247253820611808
Turkey,TUR,2019,.131004056930542,.4685233306884766,.3119499969482422,775.22302,1794.057,.0592138004302978,,Master only (1),TUR,0,.1235657691955566,.2882600021362305,7.492234818499578,7.479302463799627,1.01301633924781,1.018030654732643,2020,.0710200119018554,.0155704879760742,1,0,0,1,0,0,,,,,,0,0,,
Turkey,TUR,2020,.1153576755523682,.4784150695800781,.3829700088500976,730.34497,1826.405,.0604556274414062,,Master only (1),TUR,0,.131004056930542,.3119499969482422,7.510104848878502,7.492234818499578,1.018030654732643,1.118111257185747,2021,.0061299896240234,.0098917388916016,1,0,0,1,0,0,,,,,,0,0,,
Turkey,TUR,2021,.1552296257019043,.4819499588012695,.3890999984741211,827.67297,2042.124,.0642960834503174,,Master only (1),TUR,0,.1153576755523682,.3829700088500976,7.621745733137585,7.510104848878502,1.118111257185747,1.05441195809931,2022,-.0947699928283691,.0035348892211914,1,0,0,1,0,0,,,,,,0,0,,
Turkey,TUR,2022,.1460985660552979,.4809844970703125,.294330005645752,924.75201,2153.24,.044477334022522,,Master only (1),TUR,0,.1552296257019043,.3890999984741211,7.674728958980607,7.621745733137585,1.05441195809931,1.050451428403622,2023,-.0119200134277344,-.000965461730957,1,0,0,1,0,0,,,,,,0,0,,
Turkey,TUR,2023,.1307312870025635,.4806129074096679,.2824099922180176,1153.295,2261.874,.0614886713027954,,Master only (1),TUR,0,.1460985660552979,.294330005645752,7.723948962568811,7.674728958980607,1.050451428403622,,,,-.0003715896606445,1,0,0,2,0,0,,,,,,0,0,,
Taiwan Province of China,TWN,1995,,,,279.05899,7572.687,,,Master only (1),TWN,0,,,8.932303238762673,,,1.061765907661961,1996,,,7,0,0,5,0,0,,,,,,0,0,,
Taiwan Province of China,TWN,1996,,,,292.49399,8040.4209,,,Master only (1),TWN,0,,,8.992236711354698,8.932303238762673,1.061765907661961,1.060514312996917,1997,,,7,0,0,4,0,0,,,,,,0,0,,
Taiwan Province of China,TWN,1997,,,.2498200035095215,303.284,8526.9814,,,Master only (1),TWN,0,,,9.050990702747246,8.992236711354698,1.060514312996917,1.042048053118152,1998,-.0129500007629395,,7,0,0,4,0,0,,,,,,0,0,,
Taiwan Province of China,TWN,1998,,,.236870002746582,279.96399,8885.5244,,,Master only (1),TWN,0,,.2498200035095215,9.092178761251331,9.050990702747246,1.042048053118152,1.067319816718225,1999,.0000300025939941,,6,0,0,4,0,0,,,,,,0,0,,
Taiwan Province of China,TWN,1999,.0022769199311733,,.2369000053405762,303.82999,9483.6963,,,Master only (1),TWN,0,,.236870002746582,9.157329423165837,9.092178761251331,1.067319816718225,1.063142698123476,2000,.025369987487793,,5,0,0,4,0,0,,,,,,0,0,,
Taiwan Province of China,TWN,2000,-.0039908999204636,,.2622699928283692,330.67999,10082.522,,,Master only (1),TWN,0,.0022769199311733,.2369000053405762,9.218558754460142,9.157329423165837,1.063142698123476,.9859813106742281,2001,.0389900016784668,,4,0,0,4,0,0,,,,,,0,0,,
Taiwan Province of China,TWN,2001,-.0099450898170471,,.3012599945068359,299.276,9941.1787,,,Master only (1),TWN,0,-.0039908999204636,.2622699928283692,9.204440875209546,9.218558754460142,.9859813106742281,1.054836815027299,2002,-.0034700012207031,,4,0,0,4,0,0,,,,,,0,0,,
Taiwan Province of China,TWN,2002,-.0108917498588562,,.2977899932861328,307.439,10486.321,,,Master only (1),TWN,0,-.0099450898170471,.3012599945068359,9.257826952474504,9.204440875209546,1.054836815027299,1.042245417742403,2003,.0237100219726563,,4,0,0,4,0,0,,,,,,0,0,,
Taiwan Province of China,TWN,2003,-.0186173105239868,,.3215000152587891,317.38101,10929.32,,,Master only (1),TWN,0,-.0108917498588562,.2977899932861328,9.299204393738359,9.257826952474504,1.042245417742403,1.069519222590037,2004,.012959976196289,,4,0,0,4,0,0,,,,,,0,0,,
Taiwan Province of China,TWN,2004,-.015932639837265,,.3344599914550781,346.92401,11689.118,,,Master only (1),TWN,0,-.0186173105239868,.3215000152587891,9.36641361655338,9.299204393738359,1.069519222590037,1.053832202543481,2005,.0062200164794922,,4,0,0,4,0,0,,,,,,0,0,,
Taiwan Province of China,TWN,2005,-.0223359608650208,,.3406800079345703,374.06,12318.369,,,Master only (1),TWN,0,-.015932639837265,.3344599914550781,9.418846853375904,9.36641361655338,1.053832202543481,1.0577043303438,2006,-.0077099990844727,,4,0,0,4,0,0,,,,,,0,0,,
Taiwan Province of China,TWN,2006,-.0279561591148376,,.3329700088500976,386.45001,13029.192,,,Master only (1),TWN,0,-.0223359608650208,.3406800079345703,9.474947686832847,9.418846853375904,1.0577043303438,1.068500849167356,2007,-.0113999938964844,,4,0,0,4,0,0,,,,,,0,0,,
Taiwan Province of China,TWN,2007,-.0229385495185852,,.3215700149536133,406.90701,13921.703,,,Master only (1),TWN,0,-.0279561591148376,.3329700088500976,9.541204277338053,9.474947686832847,1.068500849167356,1.007987332054604,2008,.0119599914550781,,4,0,0,4,0,0,,,,,,0,0,,
Taiwan Province of China,TWN,2008,-.0133806598186493,,.3335300064086914,415.901,14032.9,,,Master only (1),TWN,0,-.0229385495185852,.3215700149536133,9.549159879502113,9.541204277338053,1.007987332054604,.9838635349823135,2009,.0335799789428711,,4,0,0,4,0,0,,,,,,0,0,,
Taiwan Province of China,TWN,2009,-.0172039699554443,,.3671099853515625,390.82901,13806.459,,,Master only (1),TWN,0,-.0133806598186493,.3335300064086914,9.532891803993657,9.549159879502113,.9838635349823135,1.102452896890566,2010,.0017900085449219,,4,0,0,4,0,0,,,,,,0,0,,
Taiwan Province of China,TWN,2010,-.0179494404792786,,.3688999938964844,444.28101,15220.971,,,Master only (1),TWN,0,-.0172039699554443,.3671099853515625,9.630429407511045,9.532891803993657,1.102452896890566,1.036730844074729,2011,.0145299911499023,,4,0,0,4,0,0,,,,,,0,0,,
Taiwan Province of China,TWN,2011,-.013651829957962,,.3834299850463867,483.974,15780.05,,,Master only (1),TWN,0,-.0179494404792786,.3688999938964844,9.666501750585473,9.630429407511045,1.036730844074729,1.022209052903838,2012,.0086200332641602,,4,0,0,4,0,0,,,,,,0,0,,
Taiwan Province of China,TWN,2012,-.0057823199033737,,.3920500183105469,495.60999,16130.51,,,Master only (1),TWN,0,-.013651829957962,.3834299850463867,9.688467774192407,9.666501750585473,1.022209052903838,1.024831147206121,2013,-.0031000137329101,,4,0,0,4,0,0,,,,,,0,0,,
Taiwan Province of China,TWN,2013,-.0088079798221588,,.3889500045776367,512.94299,16531.049,,,Master only (1),TWN,0,-.0057823199033737,.3920500183105469,9.712995638779519,9.688467774192407,1.024831147206121,1.047187365347192,2014,-.0140700149536133,,4,0,0,4,0,0,,,,,,0,0,,
Taiwan Province of China,TWN,2014,-.0091320902109146,,.3748799896240234,535.328,17311.105,,,Master only (1),TWN,0,-.0088079798221588,.3889500045776367,9.759103509143809,9.712995638779519,1.047187365347192,1.01465190224032,2015,-.015469970703125,,4,0,0,4,0,0,,,,,,0,0,,
Taiwan Province of China,TWN,2015,-.0074499702453613,,.3594100189208984,534.51501,17564.746,,,Master only (1),TWN,0,-.0091320902109146,.3748799896240234,9.773649109357761,9.759103509143809,1.01465190224032,1.021650033636712,2016,-.005770034790039,,4,0,0,4,0,0,,,,,,0,0,,
Taiwan Province of China,TWN,2016,-.0096459299325943,,.3536399841308594,543.08099,17945.023,,,Master only (1),TWN,0,-.0074499702453613,.3594100189208984,9.79506810965497,9.773649109357761,1.021650033636712,1.036617046073446,2017,-.0090599822998047,,4,0,0,4,0,0,,,,,,0,0,,
Taiwan Province of China,TWN,2017,-.0126111197471619,,.3445800018310547,591.68701,18602.117,,,Master only (1),TWN,0,-.0096459299325943,.3536399841308594,9.831030680508405,9.79506810965497,1.036617046073446,1.029054887485505,2018,-.0062699890136719,,4,0,0,4,0,0,,,,,,0,0,,
Taiwan Province of China,TWN,2018,-.0195589995384216,,.3383100128173828,610.69,19142.6,,,Master only (1),TWN,0,-.0126111197471619,.3445800018310547,9.859671476545635,9.831030680508405,1.029054887485505,1.030553072535068,2019,-.0121900177001953,,4,0,0,4,0,0,,,,,,0,0,,
Taiwan Province of China,TWN,2019,-.0141070401668549,,.3261199951171875,613.51202,19727.465,,,Master only (1),TWN,0,-.0195589995384216,.3383100128173828,9.889767098300078,9.859671476545635,1.030553072535068,1.034202692906522,2020,-.0065399932861328,,4,0,0,4,0,0,,,,,,0,0,,
Taiwan Province of China,TWN,2020,-.004748330116272,,.3195800018310547,676.86102,20402.197,,,Master only (1),TWN,0,-.0141070401668549,.3261199951171875,9.923397883131363,9.889767098300078,1.034202692906522,1.067203239540778,2021,-.0187300109863281,,4,0,0,4,0,0,,,,,,0,0,,
Taiwan Province of China,TWN,2021,-.0101386904716492,,.3008499908447266,776.96503,21773.291,,,Master only (1),TWN,0,-.004748330116272,.3195800018310547,9.988439314857683,9.923397883131363,1.067203239540778,1.026835307916047,2022,-.0060299873352051,,4,0,0,4,0,0,,,,,,0,0,,
Taiwan Province of China,TWN,2022,-.0176238000392914,,.2948200035095215,765.62402,22357.584,,,Master only (1),TWN,0,-.0101386904716492,.3008499908447266,10.01492087064289,9.988439314857683,1.026835307916047,1.010849663621728,2023,-.0046199989318848,,4,0,0,4,0,0,,,,,,0,0,,
Taiwan Province of China,TWN,2023,-.0275831604003906,,.2902000045776367,757.38702,22600.156,,,Master only (1),TWN,0,-.0176238000392914,.2948200035095215,10.02571209895329,10.01492087064289,1.010849663621728,,,,,4,0,0,5,0,0,,,,,,0,0,,
Uganda,UGA,1995,,.305678596496582,,7.473,28356.865,,,Matched (3),UGA,0,,,10.25262443978259,,,1.065946400903937,1996,,,4,0,0,2,0,0,,,,,,0,0,,
Uganda,UGA,1996,,.3057988357543945,,7.7129998,30226.898,,,Matched (3),UGA,0,,,10.31648748368421,10.25262443978259,1.065946400903937,1.046201929004149,1997,,.0001202392578125,4,0,0,1,0,0,,,,,,0,0,,
Uganda,UGA,1997,,.3041217803955078,.4419499969482422,8.4069996,31623.439,.0641448640823364,,Matched (3),UGA,0,,,10.36165387945657,10.31648748368421,1.046201929004149,1.060740213156516,1998,.0089799880981445,-.0016770553588867,4,0,0,1,0,0,,,,,,0,0,,
Uganda,UGA,1998,,.3024633598327637,.4509299850463867,8.2299995,33544.254,.0609240531921387,,Matched (3),UGA,0,,.4419499969482422,10.42062085817116,10.36165387945657,1.060740213156516,1.07953101598879,1999,.02625,-.0016584205627441,3,0,0,1,0,0,,,,,,0,0,,
Uganda,UGA,1999,,.2939547920227051,.4771799850463867,7.823,36212.063,.0609276437759399,,Matched (3),UGA,0,,.4509299850463867,10.49714756054104,10.42062085817116,1.07953101598879,1.03941355435775,2000,.0082699966430664,-.0085085678100586,3,0,0,1,0,0,,,,,,0,0,,
Uganda,UGA,2000,,.288259220123291,.4854499816894531,7.756,37639.309,.0554604578018188,,Matched (3),UGA,0,,.4771799850463867,10.53580422460792,10.49714756054104,1.03941355435775,1.087654684477861,2001,.0280700302124023,-.0056955718994141,3,0,0,1,0,0,,,,,,0,0,,
Uganda,UGA,2001,,.2884276390075683,.5135200119018555,7.835,40938.57,.0594267702102661,,Matched (3),UGA,0,,.4854499816894531,10.619827937074,10.53580422460792,1.087654684477861,1.070569338168067,2002,.033589973449707,.0001684188842773,3,0,0,1,0,0,,,,,,0,0,,
Uganda,UGA,2002,,.2888197135925293,.5471099853515625,8.4250002,43827.578,.0719390201568604,,Matched (3),UGA,0,,.5135200119018555,10.68801853578305,10.619827937074,1.070569338168067,1.061588647273674,2003,.0042800140380859,.0003920745849609,3,0,0,1,0,0,,,,,,0,0,,
Uganda,UGA,2003,,.2915811157226563,.5513899993896484,8.7250004,46526.859,.0834086513519287,,Matched (3),UGA,0,,.5471099853515625,10.74778504578441,10.68801853578305,1.061588647273674,1.058033430958395,2004,-.0617300033569336,.002761402130127,3,0,0,1,0,0,,,,,,0,0,,
Uganda,UGA,2004,,.2973443603515625,.4896599960327148,10.75,49226.973,.080451831817627,,Matched (3),UGA,0,,.5513899993896484,10.80419697698066,10.74778504578441,1.058033430958395,1.100074154278194,2005,-.0640299987792968,.0057632446289062,3,0,0,1,0,0,,,,,,0,0,,
Uganda,UGA,2005,,.2877821350097656,.425629997253418,12.46,54153.32,.0759387445449829,,Matched (3),UGA,0,,.4896599960327148,10.899574567493,10.80419697698066,1.100074154278194,1.07049357113231,2006,-.1480500030517579,-.0095622253417968,3,0,0,1,0,0,,,,,,0,0,,
Uganda,UGA,2006,,.2741240882873535,.2775799942016601,14.079,57970.781,.0722928476333618,,Matched (3),UGA,0,,.425629997253418,10.96769439104131,10.899574567493,1.07049357113231,1.080638616436621,2007,-.1078199958801269,-.0136580467224121,3,0,0,1,0,0,,,,,,0,0,,
Uganda,UGA,2007,,.2778513145446777,.1697599983215332,17.511999,62645.465,.0728034162521362,,Matched (3),UGA,0,,.2775799942016601,11.04524656893706,10.96769439104131,1.080638616436621,1.104279982358559,2008,-.0132199954986572,.0037272262573242,3,0,0,1,0,0,,,,,,0,0,,
Uganda,UGA,2008,,.2798474884033203,.156540002822876,22.419001,69178.133,.0813624286651611,,Matched (3),UGA,0,,.1697599983215332,11.14444009184793,11.04524656893706,1.104279982358559,1.080688318122564,2009,-.0086100006103516,.0019961738586426,3,0,0,1,0,0,,,,,,0,0,,
Uganda,UGA,2009,,.2749669456481934,.1479300022125244,24.107,74760,.076081600189209,,Matched (3),UGA,0,,.156540002822876,11.2220382615695,11.14444009184793,1.080688318122564,1.07483948635634,2010,.0356199932098389,-.0048805427551269,3,0,0,1,0,0,,,,,,0,0,,
Uganda,UGA,2010,.0965838432312012,.2653672218322754,.1835499954223633,24.683001,80355,.065126633644104,,Matched (3),UGA,0,,.1479300022125244,11.29420959698317,11.2220382615695,1.07483948635634,1.076771825026445,2011,-.0039599990844726,-.0095997238159179,2,0,0,1,0,0,,,,,,0,0,,
Uganda,UGA,2011,,.2715005493164063,.1795899963378906,27.500999,86524,.0644987440109253,,Matched (3),UGA,0,.0965838432312012,.1835499954223633,11.36817711108339,11.29420959698317,1.076771825026445,1.02333456613194,2012,.0153199958801269,.0061333274841309,2,0,0,1,0,0,,,,,,0,0,,
Uganda,UGA,2012,.132203779220581,.2601753616333008,.1949099922180176,30.938999,88543,.0944837856292725,,Matched (3),UGA,0,,.1795899963378906,11.39124358870285,11.36817711108339,1.02333456613194,1.039381995188778,2013,.025890007019043,-.0113251876831055,2,0,0,1,0,0,,,,,,0,0,,
Uganda,UGA,2013,.1216994094848633,.2577579116821289,.2207999992370605,32.331001,92030,.1053204154968262,,Matched (3),UGA,0,.132203779220581,.1949099922180176,11.4298698898329,11.39124358870285,1.039381995188778,1.057448658046289,2014,.026879997253418,-.0024174499511719,1,0,0,1,0,0,,,,,,0,0,,
Uganda,UGA,2014,.11529541015625,.2631644248962403,.2476799964904785,34.754002,97317,.1117782878875732,,Matched (3),UGA,0,.1216994094848633,.2207999992370605,11.48572897028176,11.4298698898329,1.057448658046289,1.080047679233844,2015,.0325399971008301,.0054065132141113,1,0,0,1,0,0,,,,,,0,0,,
Uganda,UGA,2015,.1557043170928955,.2656173896789551,.2802199935913086,30.122,105107,.1149060726165771,,Matched (3),UGA,0,.11529541015625,.2476799964904785,11.56273415788216,11.48572897028176,1.080047679233844,1.001674484097158,2016,.0331100082397461,.0024529647827148,1,0,0,1,0,0,,,,,,0,0,,
Uganda,UGA,2016,.1543389987945557,.2925852394104004,.3133300018310547,30.232,105283,.1641160583496094,,Matched (3),UGA,0,.1557043170928955,.2802199935913086,11.56440724159389,11.56273415788216,1.001674484097158,1.067950191388923,2017,.0222800064086914,.0269678497314453,1,0,0,1,0,0,,,,,,0,0,,
Uganda,UGA,2017,.1338878440856933,.2977206993103028,.3356100082397461,31.589001,112437,.1650080299377441,,Matched (3),UGA,0,.1543389987945557,.3133300018310547,11.63014834376805,11.56440724159389,1.067950191388923,1.055684516662664,2018,.0145700073242188,.0051354598999024,1,0,0,1,0,0,,,,,,0,0,,
Uganda,UGA,2018,.1281243896484375,.2928629302978515,.3501800155639648,34.126999,118698,.1363774490356445,,Matched (3),UGA,0,.1338878440856933,.3356100082397461,11.68433773125615,11.63014834376805,1.055684516662664,1.076260762607626,2019,.0295599746704102,-.0048577690124512,1,0,0,1,0,0,,,,,,0,0,,
Uganda,UGA,2019,.132648868560791,.2855282402038574,.379739990234375,37.895,127750,.1565450096130371,,Master only (1),UGA,0,.1281243896484375,.3501800155639648,11.75783050806595,11.68433773125615,1.076260762607626,.9884931506849315,2020,.0883000183105469,-.0073346900939941,1,0,0,1,0,0,,,,,,0,0,,
Uganda,UGA,2020,.1477407455444336,.282342529296875,.4680400085449219,37.889,126280,.1644866561889649,,Master only (1),UGA,0,.132648868560791,.379739990234375,11.74625694267193,11.75783050806595,.9884931506849315,1.055171048463731,2021,.0354199981689453,-.0031857109069824,1,0,0,1,0,0,,,,,,0,0,,
Uganda,UGA,2021,.1399367237091065,.2812626838684082,.5034600067138671,42.805,133247,.2159403038024902,,Master only (1),UGA,0,.1477407455444336,.4680400085449219,11.79995982770335,11.74625694267193,1.055171048463731,1.061772497692256,2022,-.004890022277832,-.0010798454284668,1,0,0,1,0,0,,,,,,0,0,,
Uganda,UGA,2022,.1290555191040039,.2840467453002929,.4985699844360352,47.271999,141478,.2138785934448242,,Master only (1),UGA,0,.1399367237091065,.5034600067138671,11.85989950694582,11.79995982770335,1.061772497692256,1.050085525664768,2023,.005260009765625,.0027840614318848,1,0,0,1,0,0,,,,,,0,0,,
Uganda,UGA,2023,.1191303253173828,.2834068870544433,.5038299942016602,52.037998,148564,.2193884658813477,,Master only (1),UGA,0,.1290555191040039,.4985699844360352,11.9087711208122,11.85989950694582,1.050085525664768,,,,-.0006398582458496,1,0,0,2,0,0,,,,,,0,0,,
United States,USA,1995,0,.6140185546875,,7639.75,11413.025,,.0932323335088709,Matched (3),USA,0,,,9.342510560261982,,,1.037726562766056,1996,,,2,0,0,1,0,0,,,,,,0,0,,
United States,USA,1996,0,.6157697677612305,,8073.125,11843.6,,.0609995579828498,Matched (3),USA,0,0,,9.379542883295036,9.342510560261982,1.037726562766056,1.044471293583378,1997,,.0017512130737305,1,0,0,0,1,1,,,,-.0264328960584246,,0,0,,.0228545821746385
United States,USA,1997,0,.6154510879516601,,8577.5498,12370.3,,.0576765782820281,Matched (3),USA,0,0,,9.423053701526749,9.379542883295036,1.044471293583378,1.044831184697913,1998,,-.0003186798095703,1,0,0,0,1,1,,,,-.0267967592595885,,0,0,,.0228662659681057
United States,USA,1998,0,.6162489700317383,,9062.8252,12924.875,,.1093727097203655,Matched (3),USA,0,0,,9.466909028149979,9.423053701526749,1.044831184697913,1.047884439162855,1999,,.0007978820800781,1,0,0,0,1,1,,,,-.0211360807221033,,0,0,,.0228334419905247
United States,USA,1999,0,.6219432067871093,,9631.1748,13543.775,,.0627023813442517,Matched (3),USA,0,0,,9.513682339994494,9.466909028149979,1.047884439162855,1.040775188902074,2000,,.0056942367553711,1,0,0,0,1,1,,,,-.0262464384766516,,0,0,,.0228491026619563
United States,USA,2000,0,.6286397552490235,,10250.95,14096.025,,.0628375225054321,Matched (3),USA,0,0,,9.553648149438882,9.513682339994494,1.040775188902074,1.009555829747553,2001,,.0066965484619141,1,0,0,0,1,1,,,,-.0262316406446022,,0,0,,.0228486825381136
United States,USA,2001,0,.6266481018066407,.5348500061035156,10581.925,14230.725,.0716743659973145,.0465730001618785,Matched (3),USA,0,0,,9.563158611036577,9.553648149438882,1.009555829747553,1.017003743138848,2002,.023740005493164,-.0019916534423828,1,0,0,0,1,1,,,,-.0280125907851832,,0,0,,.0229147846400189
United States,USA,2002,0,.6253226089477539,.5585900115966796,10929.1,14472.7,.0704220628738403,.1123762936130647,Matched (3),USA,0,0,.5348500061035156,9.580019408665398,9.563158611036577,1.017003743138848,1.027957809844707,2003,.0309700012207031,-.0013254928588867,0,1,1,0,1,1,.0296258058076657,.0296258058076657,.0158453624170516,-.0208071910662648,-.0049618286492132,1,1,.0161664408521562,.0228413301886913
United States,USA,2003,0,.6221070098876953,.5895600128173828,11456.45,14877.325,.0669377422332764,.1045841387177026,Matched (3),USA,0,0,.5585900115966796,9.607593533849073,9.580019408665398,1.027957809844707,1.038478032025062,2004,.0748200225830078,-.0032155990600586,0,1,1,0,1,1,.0309944865249581,.0309944865249581,.0173132105874095,-.0216604248141236,-.0043472142267142,1,1,.0165013033320775,.0228230866709187
United States,USA,2004,0,.6195049285888672,.6643800354003906,12217.175,15449.775,.0642217397689819,.0795880378545612,Matched (3),USA,0,0,.5895600128173828,9.645349744396592,9.607593533849073,1.038478032025062,1.034833827099782,2005,-.0066100311279297,-.0026020812988281,0,1,1,0,1,1,.0327170101417528,.0327170101417528,.0192886409185182,-.0243974747197935,-.0051088338012753,1,1,.017139851098162,.0228134378559939
United States,USA,2005,0,.6414628601074219,.6577700042724609,13039.2,15987.95,.0645318126678467,.1010270587423796,Matched (3),USA,0,0,.6643800354003906,9.679590604697047,9.645349744396592,1.034833827099782,1.027845983373342,2006,-.0124600219726562,.0219579315185547,0,1,1,0,1,1,.0372259555647723,.0372259555647723,.0247321816759368,-.0220499217786392,.0026822598972976,1,1,.0179180769484543,.0228171631341937
United States,USA,2006,0,.7166419219970703,.6453099822998047,13815.6,16433.15,.0619787740707397,.0776858010650963,Matched (3),USA,0,0,.6577700042724609,9.707055938884377,9.679590604697047,1.027845983373342,1.020038691321955,2007,.0041699981689453,.0751790618896484,0,1,1,0,1,1,.0367365218447565,.0367365218447565,.0241641821307808,-.0246057678873429,-.0004415857565621,1,1,.0180890869542822,.0228157574042214
United States,USA,2007,0,.7175582885742188,.64947998046875,14474.25,16762.449,.065278525352478,.090461533737439,Matched (3),USA,0,0,.6453099822998047,9.726896498129715,9.707055938884377,1.020038691321955,1.001136515374417,2008,.0889600372314453,.0009163665771484,0,1,1,0,1,1,.0360550550717586,.0360550550717586,.0232666869501751,-.0232068369861933,.0000598499639817,1,1,.0177621985392013,.0228084695387784
United States,USA,2008,0,.7255846405029297,.7384400177001953,14769.85,16781.5,.0662583541870117,.0272713528371626,Matched (3),USA,0,0,.64947998046875,9.72803236815945,9.726896498129715,1.001136515374417,.9742350207073265,2009,.1322699737548828,.0080263519287109,0,1,1,0,1,1,.0360329083067441,.0360329083067441,.0234026525832964,-.0301261032997406,-.0067234507164442,1,1,.0186191253340973,.0230336034349316
United States,USA,2009,0,.7184468841552735,.8707099914550781,14478.05,16349.125,.0669335985183716,.0640157248832846,Matched (3),USA,0,0,.7384400177001953,9.701929658073752,9.72803236815945,.9742350207073265,1.026952536641869,2010,.0858000183105468,-.0071377563476562,0,1,1,0,1,1,.0414417809018647,.0414417809018647,.0306022694227006,-.0261026285748871,.0044996408478135,1,1,.0195122774166809,.022845111675414
United States,USA,2010,0,.7434294891357421,.9565100097656249,15048.975,16789.775,.0704553365707397,.0810089788257435,Matched (3),USA,0,0,.8707099914550781,9.728525372413612,9.701929658073752,1.026952536641869,1.015641960293682,2011,.0437599945068361,.0249826049804687,0,1,1,0,1,1,.0493240881591986,.0493240881591986,.0429469763796253,-.0242418829988115,.0187050933808138,1,1,.0216383104884929,.0228119869096818
United States,USA,2011,0,.7451580810546875,1.000270004272461,15599.725,17052.4,.078988995552063,.08155606830761,Matched (3),USA,0,0,.9565100097656249,9.744046258176233,9.728525372413612,1.015641960293682,1.022892671474839,2012,.0363999938964843,.0017285919189454,0,1,1,0,1,1,.0543926393827787,.0543926393827787,.0520271040271998,-.0241819772069868,.027845126820213,1,1,.0232964739703092,.022811492515044
United States,USA,2012,0,.7495632171630859,1.036669998168945,16253.95,17442.775,.0758871841430664,.1132288149351715,Matched (3),USA,0,0,1.000270004272461,9.766680824172344,9.744046258176233,1.022892671474839,1.021177844829874,2013,.0134799957275391,.0044051361083984,0,1,1,0,1,1,.0571110487178033,.0571110487178033,.0571264689449619,-.0207138407706715,.0364126281742903,1,1,.0237945321206821,.0228437645995103
United States,USA,2013,0,.7492845153808594,1.050149993896484,16880.676,17812.176,.0633207368850708,.0711510828964172,Matched (3),USA,0,0,1.036669998168945,9.787637535090967,9.766680824172344,1.021177844829874,1.025236862863951,2014,-.0007299804687502,-.0002787017822266,0,1,1,0,1,1,.0590816500573254,.0590816500573254,.0612481740567458,-.0253213134776368,.035926860579109,1,1,.0250672216842162,.0228270130313169
United States,USA,2014,0,.6839614868164062,1.049420013427734,17608.125,18261.699,.062943320274353,.0743829558440434,Matched (3),USA,0,0,1.050149993896484,9.812561206706073,9.787637535090967,1.025236862863951,1.029455111716697,2015,.0050000000000001,-.0653230285644532,0,1,1,0,1,1,.059891328377302,.059891328377302,.062894878129876,-.0249674263816105,.0379274517482656,1,1,.0253071717816571,.0228208101056969
United States,USA,2015,0,.6823079681396484,1.054420013427734,18295,18799.6,.0583473539352417,.1263059977869834,Matched (3),USA,0,0,1.049420013427734,9.841590851217578,9.812561206706073,1.029455111716697,1.018195928582671,2016,.0196299743652344,-.0016535186767578,0,1,1,0,1,1,.0600687454363664,.0600687454363664,.0630373436424188,-.019281901353922,.0437554422884968,1,1,.024659964850375,.0228919129151597
United States,USA,2016,0,.6699642181396485,1.074049987792969,18804.9,19141.676,.0639829540252686,.1220658965008233,Matched (3),USA,0,0,1.054420013427734,9.859623215053638,9.841590851217578,1.018195928582671,1.024575895731438,2017,-.0100199890136718,-.01234375,0,1,1,0,1,1,.0603459721323601,.0603459721323601,.0636300007461129,-.0197461885197026,.0438838122264103,1,1,.0248132939846968,.0228740820541912
United States,USA,2017,0,.6695261383056641,1.064029998779297,19612.1,19612.1,.0662171030044556,.1140111029071193,Matched (3),USA,0,0,1.074049987792969,9.883901981759603,9.859623215053638,1.024575895731438,1.029666694717218,2018,.0125,-.0004380798339844,0,1,1,0,1,1,.0614708526862611,.0614708526862611,.0660227685773021,-.0206281809619058,.0453945876153964,1,1,.025320950221127,.0228460744546713
United States,USA,2018,0,.6658792877197266,1.076529998779297,20656.525,20193.926,.0744319295883179,.1056611055456182,Matched (3),USA,0,0,1.064029998779297,9.913137134270299,9.883901981759603,1.029666694717218,1.025835719860841,2019,.0113200378417968,-.0036468505859375,0,1,1,0,1,1,.0608437401709624,.0608437401709624,.064739564779837,-.0215424979434131,.0431970668364239,1,1,.025208672805254,.0228251775595005
United States,USA,2019,0,.6516925811767578,1.087850036621094,21539.975,20715.65,.0758645963668823,,Master only (1),USA,0,0,1.076529998779297,9.93864475110407,9.913137134270299,1.025835719860841,.9791872143768114,2020,.2376699829101563,-.0141867065429688,1,0,0,1,0,0,,,,,,0,0,,
United States,USA,2020,0,.6456562805175782,1.32552001953125,21375.275,20284.5,.0669737672805786,,Master only (1),USA,0,0,1.087850036621094,9.917612326581525,9.93864475110407,.9791872143768114,1.061518647242969,2021,-.075040054321289,-.0060363006591796,1,0,0,1,0,0,,,,,,0,0,,
United States,USA,2021,0,.6488287353515625,1.250479965209961,23725.65,21532.375,.0714060831069946,,Master only (1),USA,0,0,1.32552001953125,9.977312895468259,9.917612326581525,1.061518647242969,1.025242240608618,2022,-.0590299987792968,.0031724548339843,1,0,0,1,0,0,,,,,,0,0,,
United States,USA,2022,0,.647666015625,1.191449966430664,26054.6,22075.9,.0826303863525391,,Master only (1),USA,0,0,1.250479965209961,10.00224181243764,9.977312895468259,1.025242240608618,1.029345313544951,2023,.0081800079345702,-.0011627197265625,1,0,0,1,0,0,,,,,,0,0,,
United States,USA,2023,0,.6473125457763672,1.199629974365234,27811.5,22723.725,.1055971908569336,,Master only (1),USA,0,0,1.191449966430664,10.03116479467096,10.00224181243764,1.029345313544951,,,,-.0003534698486328,1,0,0,2,0,0,,,,,,0,0,,
Vietnam,VNM,1995,,.3457078552246094,,26.407,1012050.3,,.0743066533406575,Matched (3),VNM,0,,,13.82748884350284,,,1.093400186070295,1996,,,4,0,0,2,0,0,,,,,,0,0,,
Vietnam,VNM,1996,,.3464585494995117,,31.351999,1106576,,.0753488710191515,Matched (3),VNM,0,,,13.91678112115746,13.82748884350284,1.093400186070295,1.081516881804774,1997,,.0007506942749023,4,0,0,1,0,0,,,,,,0,0,,
Vietnam,VNM,1997,,.3469168472290039,,34.146,1196780.6,,.3146243095397949,Matched (3),VNM,0,,,13.9951456970673,13.91678112115746,1.081516881804774,1.057648409874617,1998,,.0004582977294922,4,0,0,1,0,0,,,,,,0,0,,
Vietnam,VNM,1998,,.3473882675170898,,34.580002,1265773.1,.0280814170837402,.4983112631903754,Matched (3),VNM,0,,,14.05119365946578,13.9951456970673,1.057648409874617,1.047735845236878,1999,,.0004714202880859,4,0,0,1,0,0,,,,,,0,0,,
Vietnam,VNM,1999,,.3471305847167969,,36.444,1326195.9,.0296325039863586,.116393346786499,Matched (3),VNM,0,,,14.09782515752148,14.05119365946578,1.047735845236878,1.067873269474617,2000,,-.000257682800293,4,0,0,1,0,0,,,,,,0,0,,
Vietnam,VNM,2000,,.3458416748046875,.247549991607666,39.584999,1416209.1,.0386825680732727,.1302578544616699,Matched (3),VNM,0,,,14.16349422947802,14.09782515752148,1.067873269474617,1.068948944951898,2001,.0066500091552734,-.0012889099121093,3,0,0,0,1,1,,,,-.0188491767062702,,0,0,,.0229104433666656
Vietnam,VNM,2001,,.3416051483154297,.2542000007629395,41.297001,1513855.3,.0431764698028564,.166427092022366,Matched (3),VNM,0,,.247549991607666,14.230170100747,14.16349422947802,1.068948944951898,1.070803169589695,2002,.0229100036621094,-.0042365264892578,2,0,0,0,1,1,,,,-.0148886786751699,,0,0,,.0231648129725727
Vietnam,VNM,2002,,.3374733734130859,.2771100044250489,44.563,1621041,.0438184642791748,.1539663802252876,Matched (3),VNM,0,,.2542000007629395,14.29857909342694,14.230170100747,1.070803169589695,1.07341169964239,2003,.0212399864196777,-.0041317749023438,2,0,0,0,1,1,,,,-.0162531150820923,,0,0,,.0230600578846715
Vietnam,VNM,2003,,.3382897567749024,.2983499908447266,50.233002,1740044.4,.0418067026138306,.1899344740973579,Matched (3),VNM,0,,.2771100044250489,14.36942117373908,14.29857909342694,1.07341169964239,1.077894493351642,2004,-.0047199821472168,.0008163833618164,2,0,0,0,1,1,,,,-.0123146420986982,,0,0,,.0234103894812238
Vietnam,VNM,2004,,.3380128860473633,.2936300086975098,62.876999,1875584.3,.0378414797782898,.2372088283962674,Matched (3),VNM,0,,.2983499908447266,14.44443076884945,14.36942117373908,1.077894493351642,1.075472549420267,2005,-.0069400024414062,-.0002768707275391,2,0,0,0,1,1,,,,-.0071381440647496,,0,0,,.0240865358330539
Vietnam,VNM,2005,,.3559634780883789,.2866900062561035,73.196999,2017139.4,.029026026725769,.2743256971571181,Matched (3),VNM,0,,.2936300086975098,14.51719091469778,14.44443076884945,1.075472549420267,1.069779697300292,2006,.0157899856567383,.0179505920410156,2,0,0,0,1,1,,,,-.0030738812944528,,0,0,,.0247771363202106
Vietnam,VNM,2006,,.362095947265625,.3024799919128418,84.301003,2157894.8,.0285039067268372,.3041498947143555,Matched (3),VNM,0,,.2866900062561035,14.5846436515997,14.51719091469778,1.069779697300292,1.071294950784787,2007,.0196199989318848,.0061324691772461,2,0,0,0,1,1,,,,.0001918407298604,,0,0,,.0254255531258798
Vietnam,VNM,2007,.0400785303115845,.3679705810546875,.3220999908447266,98.426003,2311741.8,.0389142918586731,.1756597593095567,Matched (3),VNM,0,,.3024799919128418,14.65351180270853,14.5846436515997,1.071294950784787,1.056617915906913,2008,-.0116499900817871,.0058746337890625,1,0,0,0,1,1,,,,-.0138777101538855,,0,0,,.0232538574407992
Vietnam,VNM,2008,.0969172286987305,.3660093307495117,.3104500007629394,124.756,2442627.8,.0389337420463562,.1074054876963298,Matched (3),VNM,0,.0400785303115845,.3220999908447266,14.70858496449959,14.65351180270853,1.056617915906913,1.05397865065604,2009,.0512499809265137,-.0019612503051758,0,1,1,0,1,1,.0170424591800136,.0170424591800136,.005489375945854,-.0213514897126815,-.0158621137668275,1,1,.0148635793255626,.0228288573659736
Vietnam,VNM,2009,.0647324514389038,.3664747238159179,.3616999816894531,129.022,2574477.5,.0442679882049561,.217924264272054,Matched (3),VNM,0,.0969172286987305,.3104500007629394,14.76115715886906,14.70858496449959,1.05397865065604,1.064232742371996,2010,.0111700057983399,.0004653930664063,0,1,1,0,1,1,.016823942669406,.016823942669406,.0052229930145527,-.0092497859846657,-.004026792970113,1,1,.0145187739208608,.0237821488991773
Vietnam,VNM,2010,.0816125106811523,.3471450424194336,.372869987487793,143.287,2739843.3,.0431765270233154,.3588366826375326,Matched (3),VNM,0,.0647324514389038,.3616999816894531,14.82341126869861,14.76115715886906,1.064232742371996,1.064131679795915,2011,-.0110199737548828,-.0193296813964843,0,1,1,0,1,1,.0204485599203923,.0204485599203923,.0073962437487816,.0061799933839904,.0135762371327719,1,1,.0150544466861122,.0268092242189407
Vietnam,VNM,2011,.0915569496154785,.354344367980957,.3618500137329101,171.367,2915554,.041381688117981,.0446161715189616,Matched (3),VNM,0,.0816125106811523,.372869987487793,14.88557041116722,14.82341126869861,1.064131679795915,1.055045456198033,2012,.0214500045776367,.0071993255615234,0,1,1,0,1,1,.0197736017736283,.0197736017736283,.0073729826459214,-.02822686171015,-.0208538790642286,1,1,.0155780459931617,.022924842747215
Vietnam,VNM,2012,.0868430709838867,.354758186340332,.3833000183105469,195.16701,3076042,.0543768072128296,.2462128565046522,Matched (3),VNM,0,.0915569496154785,.3618500137329101,14.93915426361068,14.88557041116722,1.055045456198033,1.055535083721224,2013,.030829963684082,.000413818359375,0,1,1,0,1,1,.0199790989426654,.0199790989426654,.0072294372267746,-.0061522113218935,.0010772259048811,1,1,.0145448537040435,.0242416575057187
Vietnam,VNM,2013,.0673807716369629,.3639472579956055,.4141299819946289,212.737,3246870.3,.0653760862350464,.1124507587296622,Matched (3),VNM,0,.0868430709838867,.3833000183105469,14.99320209032352,14.93915426361068,1.055535083721224,1.064222461615151,2014,.0223000335693359,.0091890716552734,0,1,1,0,1,1,.0206775604956905,.0206775604956905,.0079257093166156,-.0207990372049296,-.012873327888314,1,1,.0150187482888321,.0228415393833229
Vietnam,VNM,2014,.0546001815795898,.3728954315185547,.4364300155639648,232.89101,3455392.3,.0762205457687378,.2080459976196289,Matched (3),VNM,0,.0673807716369629,.4141299819946289,15.05544653985407,14.99320209032352,1.064222461615151,1.06987151748112,2015,.024739990234375,.0089481735229492,0,1,1,0,1,1,.0229039737267427,.0229039737267427,.0094852222270614,-.0103314470388132,-.0008462248117518,1,1,.0146997445100239,.023641310546214
Vietnam,VNM,2015,.0467291593551636,.3776188278198242,.4611700057983398,236.839,3696825.8,.0823345470428467,.4131365122113909,Matched (3),VNM,0,.0546001815795898,.4364300155639648,15.1229851039976,15.05544653985407,1.06987151748112,1.066900096657247,2016,.0176300048828125,.0047233963012695,0,1,1,0,1,1,.0250917535432025,.0250917535432025,.0109507943893871,.0121257744570765,.0230765688464636,1,1,.0155262236432529,.0284009848248122
Vietnam,VNM,2016,.0485846900939941,.3980486297607422,.4788000106811524,252.13901,3944143.8,.0807153701782227,.2033209991455078,Matched (3),VNM,0,.0467291593551636,.4611700057983398,15.18774244180922,15.1229851039976,1.066900096657247,1.069401945606065,2017,-.0125900268554688,.020429801940918,0,1,1,0,1,1,.0256614753926162,.0256614753926162,.0118343027556068,-.0108488299978072,.0009854727577996,1,1,.0149586998287356,.0235776322988176
Vietnam,VNM,2017,.0327150392532349,.3999555587768555,.4662099838256836,277.07599,4217875,.0793764352798462,.1388678509848458,Matched (3),VNM,0,.0485846900939941,.4788000106811524,15.25484200468368,15.18774244180922,1.069401945606065,1.074650031117565,2018,-.02822998046875,.0019069290161133,0,1,1,0,1,1,.0264287368111125,.0264287368111125,.01265407946745,-.0179063900572402,-.0052523105897902,1,1,.0154256990278672,.0229571805500816
Vietnam,VNM,2018,.0186606502532959,.4046942520141601,.4379800033569336,304.474,4532739.5,.0781643438339233,.1062129075186593,Matched (3),VNM,0,.0327150392532349,.4662099838256836,15.32683706081083,15.25484200468368,1.074650031117565,1.073592581263494,2019,-.0280500030517578,.0047386932373047,0,1,1,0,1,1,.0255466469373301,.0255466469373301,.0119101018554531,-.0214820761381671,-.009571974282714,1,1,.01558628931556,.0228263024028577
Vietnam,VNM,2019,.0225310802459717,.4127228164672851,.4099300003051758,331.811,4866315.5,.0715426206588745,,Master only (1),VNM,0,.0186606502532959,.4379800033569336,15.39784763787273,15.32683706081083,1.073592581263494,1.028654122405339,2020,.0032600021362305,.008028564453125,1,0,0,1,0,0,,,,,,0,0,,
Vietnam,VNM,2020,.0196004104614258,.4229422760009766,.4131900024414062,346.28299,5005755.5,.0719412708282471,,Master only (1),VNM,0,.0225310802459717,.4099300003051758,15.42609890839075,15.39784763787273,1.028654122405339,1.025537304009355,2021,-.0208200073242187,.0102194595336914,1,0,0,1,0,0,,,,,,0,0,,
Vietnam,VNM,2021,.0076075500249863,.4249790573120117,.3923699951171875,370.065,5133589,.0641416549682617,,Master only (1),VNM,0,.0196004104614258,.4131900024414062,15.45131558267031,15.42609890839075,1.025537304009355,1.085374968662275,2022,-.0431399917602539,.0020367813110352,1,0,0,1,0,0,,,,,,0,0,,
Vietnam,VNM,2022,.0064501601457596,.4293387985229492,.3492300033569336,411.03101,5571869,.0529467868804932,,Master only (1),VNM,0,.0076075500249863,.3923699951171875,15.53324110319627,15.45131558267031,1.085374968662275,1.050650329359861,2023,-.0066600036621094,.0043597412109375,1,0,0,1,0,0,,,,,,0,0,,
Vietnam,VNM,2023,-.0068736898899078,.4293171310424805,.3425699996948242,432.98099,5854086,.0506944847106934,,Master only (1),VNM,0,.0064501601457596,.3492300033569336,15.58265043693576,15.53324110319627,1.050650329359861,,,,-.0000216674804687,1,0,0,2,0,0,,,,,,0,0,,
South Africa,ZAF,1995,.0897279834747314,.3719838714599609,,171.73599,2463.3069,,.0117595156986752,Matched (3),ZAF,0,,,7.809259988314856,,,1.042999968780058,1996,,,2,0,0,1,0,0,,,,,,0,0,,
South Africa,ZAF,1996,.0901406383514404,.3703169250488281,,163.34,2569.229,,0,Matched (3),ZAF,0,.0897279834747314,,7.851361134400661,7.809259988314856,1.042999968780058,1.026000036869645,1997,,-.0016669464111328,1,0,0,0,1,1,,,,-.0331122911903692,,0,0,,.0232748731558152
South Africa,ZAF,1997,.0876891899108887,.3649473190307617,,169.004,2636.0291,,.0141649964597562,Matched (3),ZAF,0,.0901406383514404,,7.877028917084566,7.851361134400661,1.026000036869645,1.005000289427559,1998,,-.0053696060180664,1,0,0,0,1,1,,,,-.0315612371905368,,0,0,,.0231389463525095
South Africa,ZAF,1998,.1032703590393066,.3620222473144531,,152.88499,2649.21,,.0498467258914657,Matched (3),ZAF,0,.0876891899108887,,7.882016746583184,7.877028917084566,1.005000289427559,1.024000005897985,1999,,-.0029250717163086,1,0,0,0,1,1,,,,-.0276541208482753,,0,0,,.0228989660823058
South Africa,ZAF,1999,.0942411327362061,.3631940460205078,,151.42599,2712.791,,.0444500391379647,Matched (3),ZAF,0,.1032703590393066,,7.90573327896025,7.882016746583184,1.024000005897985,1.041999922243365,2000,,.0011717987060547,1,0,0,0,1,1,,,,-.0282450530520807,,0,0,,.0229257174138936
South Africa,ZAF,2000,.0776868486404419,.3713317108154297,.3792900085449219,151.855,2826.728,.2047592163085938,.0041547064863793,Matched (3),ZAF,0,.0942411327362061,,7.946875147668933,7.90573327896025,1.041999922243365,1.026999783560215,2001,.0011599731445312,.0081376647949219,1,0,0,0,1,1,,,,-.0326573546761148,,0,0,,.0232326496174528
South Africa,ZAF,2001,.0636471605300903,.3702332305908203,.3804499816894531,135.52699,2903.0491,.1869011878967285,0,Matched (3),ZAF,0,.0776868486404419,.3792900085449219,7.973516867865785,7.946875147668933,1.026999783560215,1.03700379340855,2002,-.0624399757385254,-.0010984802246094,0,1,1,0,1,1,.0199631968464029,.0199631968464029,.0075718411024561,-.0331122911903692,-.0255404500879131,1,1,.0161386761335543,.0232748731558152
South Africa,ZAF,2002,.0715559577941895,.3686080932617187,.3180100059509277,129.38499,3010.4729,.1640084648132324,.005988160042983,Matched (3),ZAF,0,.0636471605300903,.3804499816894531,8.009852455166802,7.973516867865785,1.03700379340855,1.029490717504169,2003,-.0028700065612793,-.0016251373291016,0,1,1,0,1,1,.0200571217621996,.0200571217621996,.007630731607172,-.0324565932088912,-.0248258616017193,1,1,.0160692178394299,.0232146361435898
South Africa,ZAF,2003,.0560924577713013,.3677130889892578,.3151399993896484,197.017,3099.2539,.1476391983032227,.0179253570686864,Matched (3),ZAF,0,.0715559577941895,.3180100059509277,8.03891668610304,8.009852455166802,1.029490717504169,1.045545866003537,2004,-.007810001373291,-.0008950042724609,0,1,1,0,1,1,.0164209308322167,.0164209308322167,.005222020311673,-.0311494811848178,-.0259274608731448,1,1,.0156472460861712,.0231067003987922
South Africa,ZAF,2004,.0535104513168335,.3706426239013672,.3073299980163574,256.18799,3240.4121,.1352935791015625,.0161099406169808,Matched (3),ZAF,0,.0560924577713013,.3151399993896484,8.083455794949415,8.03891668610304,1.045545866003537,1.052770387519431,2005,-.0109600067138672,.0029295349121094,0,1,1,0,1,1,.0162437555760025,.0162437555760025,.005119057122307,-.0313482676057519,-.0262292104834449,1,1,.0156588402617335,.0231220656843338
South Africa,ZAF,2005,.0378379106521606,.3669783782958984,.2963699913024903,288.74899,3411.4099,.1069132137298584,.0096821581774756,Matched (3),ZAF,0,.0535104513168335,.3073299980163574,8.134880948786586,8.083455794949415,1.052770387519431,1.05603817611438,2006,-.0160699844360352,-.0036642456054688,0,1,1,0,1,1,.0157552998049698,.0157552998049698,.0048420762578085,-.0320521038326915,-.027210027574883,1,1,.0157090703999033,.0231795000506171
South Africa,ZAF,2006,.0320577502250671,.3674346542358398,.2803000068664551,304.05499,3602.5791,.095957612991333,.0011767392654134,Matched (3),ZAF,0,.0378379106521606,.2963699913024903,8.189405285040667,8.134880948786586,1.05603817611438,1.053604649555264,2007,-.0370400047302246,.0004562759399414,0,1,1,0,1,1,.015072022045703,.015072022045703,.0044668950425959,-.0329834393301118,-.0285165442875159,1,1,.0157786910864492,.0232627168173577
South Africa,ZAF,2007,.0347611594200134,.3630474853515625,.2432600021362305,332.64999,3795.6941,.0857120609283447,.0610154256095057,Matched (3),ZAF,0,.0320577502250671,.2803000068664551,8.241622569495387,8.189405285040667,1.053604649555264,1.031910323446149,2008,-.002810001373291,-.0043871688842773,0,1,1,0,1,1,.0143772771593651,.0143772771593651,.004029950886491,-.0264311585679945,-.0224012076815035,1,1,.015155040918536,.0228545295254086
South Africa,ZAF,2008,.0545629787445068,.3614057922363281,.2404500007629395,316.491,3916.8159,.0798558044433594,.0030348138624559,Matched (3),ZAF,0,.0347611594200134,.2432600021362305,8.273034336893579,8.241622569495387,1.031910323446149,.984619165734085,2009,.0295000076293945,-.0016416931152344,0,1,1,0,1,1,.0119439315663339,.0119439315663339,.0029054808183414,-.0327799818817519,-.0298745010634105,1,1,.0156911693702484,.0232438393307427
South Africa,ZAF,2009,.0543804693222046,.361562614440918,.269950008392334,331.18399,3856.572,.0860025215148926,.0043666728569762,Matched (3),ZAF,0,.0545629787445068,.2404500007629395,8.25753399054892,8.273034336893579,.984619165734085,1.030397456553561,2010,.0418999862670899,.0001568222045898,0,1,1,0,1,1,.0117836660932888,.0117836660932888,.0028333825211215,-.0326341445547513,-.0298007620336298,1,1,.0156769988624926,.0232305476391069
South Africa,ZAF,2010,.052461371421814,.3511784362792969,.3118499946594238,417.315,3973.802,.0935952281951904,.0222228070866802,Matched (3),ZAF,0,.0543804693222046,.269950008392334,8.287478598506954,8.25753399054892,1.030397456553561,1.031685490412579,2011,.0355700111389161,-.0103841781616211,0,1,1,0,1,1,.0136013870240638,.0136013870240638,.0036716945412934,-.030678914385989,-.0270072198446956,1,1,.0155049829286698,.0230718374479403
South Africa,ZAF,2011,.0547377300262451,.3503244781494141,.3474200057983399,458.70801,4099.7139,.0944410228729248,.0106286456630282,Matched (3),ZAF,0,.052461371421814,.3118499946594238,8.318672461766216,8.287478598506954,1.031685490412579,1.023962228690217,2012,.0266600036621094,-.0008539581298828,0,1,1,0,1,1,.0160262115189554,.0160262115189554,.004997773976597,-.0319484643291852,-.0269506903525882,1,1,.0157111147094567,.023170746921262
South Africa,ZAF,2012,.0543500423431396,.3508747100830078,.3740800094604492,434.39999,4197.9521,.0994344806671143,.0495883146187534,Matched (3),ZAF,0,.0547377300262451,.3474200057983399,8.342352101658514,8.318672461766216,1.023962228690217,1.024854706175328,2013,.02947998046875,.0005502319335937,0,1,1,0,1,1,.0182919754576746,.0182919754576746,.0063549982195684,-.0276824166434264,-.021327418423858,1,1,.0154136206078581,.0229001687830999
South Africa,ZAF,2013,.0485510015487671,.3640643310546875,.4035599899291992,400.87701,4302.291,.1062145042419434,.0447109076769456,Matched (3),ZAF,0,.0543500423431396,.3740800094604492,8.366902954128545,8.342352101658514,1.024854706175328,1.014138315659398,2014,.0289699935913086,.0131896209716797,0,1,1,0,1,1,.019845452206684,.019845452206684,.0074237869492233,-.0282164881885478,-.0207927012393246,1,1,.0155831356497798,.0229243454259812
South Africa,ZAF,2014,.055310230255127,.371119270324707,.4325299835205078,381.19501,4363.1182,.1089584541320801,.0568859625899273,Matched (3),ZAF,0,.0485510015487671,.4035599899291992,8.380942255970824,8.366902954128545,1.014138315659398,1.013218712516784,2015,.0194200134277344,.0070549392700195,0,1,1,0,1,1,.0216378627223659,.0216378627223659,.0087321756623274,-.026883330946002,-.0181511552836747,1,1,.0156193468695291,.0228692385928362
South Africa,ZAF,2015,.0601688289642334,.3626677322387695,.4519499969482422,346.66299,4420.793,.1137650299072266,.2711911792858787,Matched (3),ZAF,0,.055310230255127,.4325299835205078,8.394074363675216,8.380942255970824,1.013218712516784,1.0066453982114,2016,.0193899917602539,-.0084515380859375,0,1,1,0,1,1,.0242586185767718,.0242586185767718,.0104925798932414,-.0034171080997362,.0070754717935052,1,1,.0147462212891631,.0247136926169688
South Africa,ZAF,2016,.0718143177032471,.3815787506103516,.4713399887084961,323.49301,4450.1709,.1186984443664551,.159534998976666,Matched (3),ZAF,0,.0601688289642334,.4519499969482422,8.400697778566125,8.394074363675216,1.0066453982114,1.011579611474717,2017,.0145400238037109,.018911018371582,0,1,1,0,1,1,.0249311004949942,.0249311004949942,.011267610792629,-.0156433564836764,-.0043757456910474,1,1,.0150951171374418,.0231046691652813
South Africa,ZAF,2017,.0642111015319824,.3641996765136719,.485880012512207,381.31699,4501.7021,.1259092998504639,.1153532505553702,Matched (3),ZAF,0,.0718143177032471,.4713399887084961,8.412210859446278,8.400697778566125,1.011579611474717,1.015567679152612,2018,.02947998046875,-.0173790740966797,0,1,1,0,1,1,.0258883775442097,.0258883775442097,.0122022275793691,-.0204812170368459,-.0082789894574768,1,1,.0155490360055726,.0228502067773521
South Africa,ZAF,2018,.0579402303695679,.3582564163208008,.515359992980957,405.09299,4571.7832,.1278955364227295,.0539180789304816,Matched (3),ZAF,0,.0642111015319824,.485880012512207,8.427658605401307,8.412210859446278,1.015567679152612,1.002599377208958,2019,.0456500244140625,-.0059432601928711,0,1,1,0,1,1,.0264860025862866,.0264860025862866,.0128690192680233,-.027208311459347,-.0143392921913237,1,1,.0162921951369815,.0228810579110112
South Africa,ZAF,2019,.0629459285736084,.3583296203613281,.5610100173950195,389.245,4583.667,.1354760265350342,,Master only (1),ZAF,0,.0579402303695679,.515359992980957,8.430254610072394,8.427658605401307,1.002599377208958,.9383107053641336,2020,.1282600021362305,.0000732040405274,1,0,0,1,0,0,,,,,,0,0,,
South Africa,ZAF,2020,.0845845603942871,.35551025390625,.68927001953125,337.87601,4300.9038,.1634392166137695,,Master only (1),ZAF,0,.0629459285736084,.5610100173950195,8.366580467640299,8.430254610072394,.9383107053641336,1.048586603628802,2021,-.0010800170898437,-.0028193664550781,1,0,0,1,0,0,,,,,,0,0,,
South Africa,ZAF,2021,.0765730381011963,.3610040664672852,.6881900024414063,419.87799,4509.8701,.1553441047668457,,Master only (1),ZAF,0,.0845845603942871,.68927001953125,8.414023633232251,8.366580467640299,1.048586603628802,1.020581485011066,2022,.0189599609375,.0054938125610351,1,0,0,1,0,0,,,,,,0,0,,
South Africa,ZAF,2022,.0715201187133789,.3554815673828125,.7071499633789062,407.42999,4602.6899,.1628495979309082,,Master only (1),ZAF,0,.0765730381011963,.6881900024414063,8.434396181436835,8.414023633232251,1.020581485011066,1.008060949412968,2023,.025050048828125,-.0055224990844727,1,0,0,1,0,0,,,,,,0,0,,
South Africa,ZAF,2023,.0633827686309814,.3568257904052735,.7322000122070312,381.33401,4639.792,.1826019096374512,,Master only (1),ZAF,0,.0715201187133789,.7071499633789062,8.442424814945504,8.434396181436835,1.008060949412968,,,,.001344223022461,1,0,0,2,0,0,,,,,,0,0,,
Zambia,ZMB,1995,,.3098352432250976,,3.799,39.692001,,,Matched (3),ZMB,0,,,3.68114968988182,,,1.062178736802044,1996,,,4,0,0,2,0,0,,,,,,0,0,,
Zambia,ZMB,1996,,.3099197769165039,,3.599,42.16,,,Matched (3),ZMB,0,,,3.741471900613849,3.68114968988182,1.062178736802044,1.038140458131028,1997,,.0000845336914063,4,0,0,1,0,0,,,,,,0,0,,
Zambia,ZMB,1997,,.3120836639404297,,4.303,43.768002,,,Matched (3),ZMB,0,,,3.778902992321671,3.741471900613849,1.038140458131028,.9961386737582428,1998,,.0021638870239258,4,0,0,1,0,0,,,,,,0,0,,
Zambia,ZMB,1998,,.3142546272277832,,3.5380001,43.598999,,,Matched (3),ZMB,0,,,3.775034191913407,3.778902992321671,.9961386737582428,1.046514826563782,1999,,.0021709632873535,4,0,0,1,0,0,,,,,,0,0,,
Zambia,ZMB,1999,,.3149808120727539,,3.405,45.626999,,,Matched (3),ZMB,0,,,3.820499622479773,3.775034191913407,1.046514826563782,1.038968153083512,2000,,.0007261848449707,4,0,0,1,0,0,,,,,,0,0,,
Zambia,ZMB,2000,,.3158420753479004,2.609639892578125,3.6010001,47.404999,.1214054679870605,,Matched (3),ZMB,0,,,3.858727682619408,3.820499622479773,1.038968153083512,1.053158960503217,2001,-.5072099304199216,.0008612632751465,4,0,0,1,0,0,,,,,,0,0,,
Zambia,ZMB,2001,,.3166969871520996,2.102429962158203,3.8699999,49.924999,.101314001083374,,Matched (3),ZMB,0,,2.609639892578125,3.910521864020167,3.858727682619408,1.053158960503217,1.045067602090813,2002,-.2999899291992187,.0008549118041992,3,0,0,1,0,0,,,,,,0,0,,
Zambia,ZMB,2002,,.3174555778503418,1.802440032958984,4.1939998,52.174999,.1550364112854004,,Matched (3),ZMB,0,,2.102429962158203,3.954603438340563,3.910521864020167,1.045067602090813,1.069439408751526,2003,-.2078601074218751,.0007585906982422,3,0,0,1,0,0,,,,,,0,0,,
Zambia,ZMB,2003,,.3319343948364258,1.594579925537109,4.902,55.798,.1552343273162842,,Matched (3),ZMB,0,,1.802440032958984,4.021738032467233,3.954603438340563,1.069439408751526,1.070325097006511,2004,-.2954399108886718,.014478816986084,3,0,0,1,0,0,,,,,,0,0,,
Zambia,ZMB,2004,,.3148714447021485,1.299140014648438,6.2210002,59.722,.1453958797454834,,Matched (3),ZMB,0,,1.594579925537109,4.089700463772419,4.021738032467233,1.070325097006511,1.072368617718049,2005,-.5416600036621094,-.0170629501342773,3,0,0,1,0,0,,,,,,0,0,,
Zambia,ZMB,2005,,.3043312835693359,.7574800109863281,8.3290005,64.043999,.1157926177978516,,Matched (3),ZMB,0,,1.299140014648438,4.159570327126406,4.089700463772419,1.072368617718049,1.079039475839476,2006,-.5074200057983398,-.0105401611328125,3,0,0,1,0,0,,,,,,0,0,,
Zambia,ZMB,2006,,.3007218933105469,.2500600051879883,12.762,69.106003,.0445306539535522,,Matched (3),ZMB,0,,.7574800109863281,4.235641598311922,4.159570327126406,1.079039475839476,1.083523794025566,2007,-.0308500099182129,-.003609390258789,3,0,0,1,0,0,,,,,,0,0,,
Zambia,ZMB,2007,,.3065659523010254,.2192099952697754,14.06,74.877998,.0730170488357544,,Matched (3),ZMB,0,,.2500600051879883,4.315860100402467,4.235641598311922,1.083523794025566,1.077726432635933,2008,-.0272900009155273,.0058440589904785,3,0,0,1,0,0,,,,,,0,0,,
Zambia,ZMB,2008,,.3133738899230957,.1919199943542481,17.914,80.697998,.0753592348098755,,Matched (3),ZMB,0,,.2192099952697754,4.390713767618443,4.315860100402467,1.077726432635933,1.092208011006266,2009,.0132999992370605,.0068079376220703,3,0,0,1,0,0,,,,,,0,0,,
Zambia,ZMB,2009,,.311440544128418,.2052199935913086,15.332,88.139,.084761905670166,,Matched (3),ZMB,0,,.1919199943542481,4.478915113070425,4.390713767618443,1.092208011006266,1.102985097236066,2010,-.0162399864196777,-.0019333457946777,3,0,0,1,0,0,,,,,,0,0,,
Zambia,ZMB,2010,,.3042050170898438,.1889800071716309,20.264,97.216003,.0901240921020508,,Matched (3),ZMB,0,,.2052199935913086,4.576935342131807,4.478915113070425,1.102985097236066,1.055690355960966,2011,.0190999984741211,-.0072355270385742,3,0,0,1,0,0,,,,,,0,0,,
Zambia,ZMB,2011,,.311530818939209,.208080005645752,23.455,102.63,.0534828662872314,,Matched (3),ZMB,0,,.1889800071716309,4.631130260895643,4.576935342131807,1.055690355960966,1.075971985855698,2012,.0411199951171875,.0073258018493652,3,0,0,1,0,0,,,,,,0,0,,
Zambia,ZMB,2012,.1398952865600586,.3178257369995117,.2492000007629395,25.502001,110.427,.0707675838470459,,Matched (3),ZMB,0,,.208080005645752,4.704354686846212,4.631130260895643,1.075971985855698,1.050576389702615,2013,.0098900032043457,.0062949180603027,2,0,0,1,0,0,,,,,,0,0,,
Zambia,ZMB,2013,.1406807994842529,.3181837272644043,.2590900039672852,28.042,116.012,.083612232208252,,Matched (3),ZMB,0,.1398952865600586,.2492000007629395,4.753693642975705,4.704354686846212,1.050576389702615,1.046934796797959,2014,.07947998046875,.0003579902648926,1,0,0,1,0,0,,,,,,0,0,,
Zambia,ZMB,2014,.1634268188476563,.3300201797485351,.3385699844360351,27.145,121.457,.1175972461700439,,Matched (3),ZMB,0,.1406807994842529,.2590900039672852,4.799560296705145,4.753693642975705,1.046934796797959,1.029203726824498,2015,.2801200103759766,.0118364524841308,1,0,0,1,0,0,,,,,,0,0,,
Zambia,ZMB,2015,.1870597839355469,.3182495880126953,.6186899948120117,21.245001,125.004,.1517847633361816,,Matched (3),ZMB,0,.1634268188476563,.3385699844360351,4.828345719212749,4.799560296705145,1.029203726824498,1.037550800987566,2016,-.0071500015258789,-.0117705917358398,1,0,0,1,0,0,,,,,,0,0,,
Zambia,ZMB,2016,.2228195381164551,.3333133316040039,.6115399932861328,20.965,129.698,.189011344909668,,Matched (3),ZMB,0,.1870597839355469,.6186899948120117,4.865208655944021,4.828345719212749,1.037550800987566,1.035258817527949,2017,.0545200347900391,.0150637435913086,1,0,0,1,0,0,,,,,,0,0,,
Zambia,ZMB,2017,.1624719429016113,.3319717025756836,.6660600280761719,25.874001,134.271,.228326187133789,,Matched (3),ZMB,0,.2228195381164551,.6115399932861328,4.899860116644646,4.865208655944021,1.035258817527949,1.040343838981479,2018,.1455899810791015,-.0013416290283203,1,0,0,1,0,0,,,,,,0,0,,
Zambia,ZMB,2018,.1765595054626465,.3325689315795898,.8116500091552734,26.311001,139.688,.2451606178283691,,Matched (3),ZMB,0,.1624719429016113,.6660600280761719,4.939411389562297,4.899860116644646,1.040343838981479,1.014410689803468,2019,.2216699981689454,.0005972290039062,1,0,0,1,0,0,,,,,,0,0,,
Zambia,ZMB,2019,.2740098381042481,.3249271774291992,1.033320007324219,23.309,141.701,.3385097885131836,,Master only (1),ZMB,0,.1765595054626465,.8116500091552734,4.953719232263066,4.939411389562297,1.014410689803468,.9721526380665647,2020,.3666900634765624,-.0076417541503906,1,0,0,1,0,0,,,,,,0,0,,
Zambia,ZMB,2020,.343087158203125,.3189572906494141,1.400010070800781,18.138,137.755,.2930234909057617,,Master only (1),ZMB,0,.2740098381042481,1.033320007324219,4.925476780460562,4.953719232263066,.9721526380665647,1.062349743772425,2021,-.2895401000976563,-.0059698867797852,1,0,0,1,0,0,,,,,,0,0,,
Zambia,ZMB,2021,.326473503112793,.3252793502807617,1.110469970703125,22.096001,146.34399,.2719835472106933,,Master only (1),ZMB,0,.343087158203125,1.400010070800781,4.985959974650628,4.925476780460562,1.062349743772425,1.052110147224423,2022,-.1157099914550781,.0063220596313476,1,0,0,1,0,0,,,,,,0,0,,
Zambia,ZMB,2022,.2419478988647461,.3337459564208984,.9947599792480468,29.164,153.97,.305892162322998,,Master only (1),ZMB,0,.326473503112793,1.110469970703125,5.036757786170016,4.985959974650628,1.052110147224423,1.053679283783347,2023,.2958200073242188,.0084666061401367,1,0,0,1,0,0,,,,,,0,0,,
Zambia,ZMB,2023,.2527057266235351,.3353751754760742,1.290579986572266,27.577999,162.235,.2780060195922852,,Master only (1),ZMB,0,.2419478988647461,.9947599792480468,5.089045905149629,5.036757786170016,1.053679283783347,,,,.0016292190551758,1,0,0,2,0,0,,,,,,0,0,,
