country_name,iso3,year,vulnerability100,readiness100,growth,inflation_cpi,debt_gdp,reserves,tt,b_it_theta,country_id,mA_hat,spread_saving_component,TA_hat,theta_hat_A,interest_revenue,theta_recomputed_debt_gdp,theta_reconstruction_diff,b_it_mapping_diff,b_outcome,b_outcome_year,A_outcome,A_outcome_year,readiness_lag,sample_debt,sample_ready,debt_hinge_low,debt_hinge_high,debt_kink_low,debt_kink_high,ready_hinge_low,ready_hinge_high,ready_kink_low,ready_kink_high,ready_debt_hinge_low,ready_debt_hinge_high,ready_debt_kink_low,ready_debt_kink_high
Australia,AUS,1995,.3268232727050781,.5829214096069336,.0295900011062622,.0462599992752075,.3109700012207031,.0129366302490234,,.3109700012207031,AUS,.0315923412585362,.0098242703997319,-.0430040067502025,-.0331797363504706,.0677430772781372,-.0331797363504706,0,0,-.0523299980163574,1997,.5860774612426758,1996,,0,0,,,,,,,,,,,,
Australia,AUS,1996,.3267949295043945,.5860774612426758,.0396799993515015,.0265300011634827,.2929999923706055,.0144819319248199,,.2929999923706055,AUS,.0274334435111214,.008037998739458,-.0430111149537959,-.0349731162143379,.0630793714523315,-.0349731162143379,0,0,-.0564299964904785,1998,.587919807434082,1997,.5829214096069336,0,0,,,,,,,,,,,,
Australia,AUS,1997,.3280905532836914,.587919807434082,.0472300004959106,.0022499999403954,.2586400032043457,.0139766407012939,,.2586400032043457,AUS,.0193746411395735,.0050110572464223,-.0426861849042018,-.0376751276577795,.0529903936386108,-.0376751276577795,0,0,-.0336000061035156,1999,.5919098281860351,1998,.5860774612426758,0,0,,,,,,,,,,,,
Australia,AUS,1998,.3285287475585937,.5919098281860351,.0468699979782104,.0085900002717972,.2365699958801269,.0116727328300476,,.2365699958801269,AUS,.0142294748255595,.003366266800859,-.0425762899719298,-.0392100231710708,.0403354978561401,-.0392100231710708,0,0,-.0419899940490722,2000,.5988552093505859,1999,.587919807434082,0,0,,,,,,,,,,,,
Australia,AUS,1999,.3286614227294922,.5988552093505859,.0442000007629395,.0140799999237061,.2250399971008301,.0159605991840363,,.2250399971008301,AUS,.0115491008037525,.0025990096113937,-.0425430163082716,-.0399440066968779,.0265623736381531,-.0399440066968779,0,0,-.0542799949645996,2001,.6069406127929687,2000,.5919098281860351,0,0,,,,,,,,,,,,
Australia,AUS,2000,.3286286544799805,.6069406127929687,.0310800004005432,.0445699977874756,.1945800018310547,.0132697021961212,.6747797393798828,.1945800018310547,AUS,.0044983697405218,.0008752927923475,-.04255123427178,-.0416759414794325,.0185470128059387,-.0416759414794325,0,0,-.0447300052642823,2002,.6124575042724609,2001,.5988552093505859,1,1,.0774863818978884,0,.0470296321122144,0,.0722831390291314,0,.0013406363052267,0,.0774863818978884,0,.001437140917346,0
Australia,AUS,2001,.3276745223999024,.6124575042724609,.0258400011062622,.0440700006484985,.1707600021362305,.0128272223472595,.7016764831542969,.1707600021362305,AUS,-.0009419839080109,-.0001608531741442,-.0427905214700031,-.0429513746441473,.0201542520523071,-.0429513746441473,0,0,-.0391100025177002,2003,.6151788330078125,2002,.6069406127929687,1,1,.0787618150626032,0,.0482382646852111,0,.0735585721938462,0,.0014825180046026,0,.0787618150626032,0,.0015873854728689,0
Australia,AUS,2002,.3280223846435547,.6151788330078125,.0414699983596802,.0304900002479553,.1498499965667724,.0142321288585663,.7144057464599609,.1498499965667724,AUS,-.0058114007458543,-.0008708383818144,-.0427032809470302,-.0435741193288447,.0187742519378662,-.0435741193288447,0,0,-.0309700012207031,2004,.6199591827392578,2003,.6124575042724609,1,1,.0793845597473005,0,.0488357008241833,0,.0741813168785436,0,.0013926987321605,0,.0793845597473005,0,.0014903857246724,0
Australia,AUS,2003,.3275015640258789,.6199591827392578,.0301799988746643,.0273099994659424,.1316499996185303,.0213041472434998,.713929672241211,.1316499996185303,AUS,-.0099846320999922,-.0013144768121551,-.0428338977756461,-.0441483745878012,.0081334781646729,-.0441483745878012,0,0,-.0232499980926514,2005,.6290117645263672,2004,.6151788330078125,1,1,.0799588150062571,0,.0495712016040787,0,.0747555721375001,0,.000608022813668,0,.0799588150062571,0,.0006503432759265,0
Australia,AUS,2004,.3267987442016602,.6290117645263672,.0410300016403198,.0234200000762939,.1188799953460693,.0227211856842041,.7830722808837891,.1188799953460693,AUS,-.012886109442972,-.0015319006306094,-.043010158264214,-.0445420588948235,-.0003046922571957,-.0445420588948235,0,0,-.0196799945831299,2006,.6338233566284179,2005,.6199591827392578,1,1,.0803524993132794,0,.0505426673771496,0,.0751492564445224,0,-.0000228973965727,0,.0803524993132794,0,-.0000244827843871,0
Australia,AUS,2005,.327109603881836,.6338233566284179,.0303999996185303,.0265899991989136,.1084000015258789,.0258317446708679,.884000015258789,.1084000015258789,AUS,-.0153374268041261,-.0016625770889703,-.0429321976301856,-.0445947747191559,-.0039476591348648,-.0445947747191559,0,0,-.0119299983978271,2007,.6775400543212891,2006,.6290117645263672,1,1,.0804052151376118,0,.0509627033489512,0,.0752019722688548,0,-.000296871752787,0,.0804052151376118,0,-.0003174123820288,0
Australia,AUS,2006,.3270945358276367,.6775400543212891,.0263599991798401,.0355399990081787,.0992000007629395,.0320464515686035,.980999984741211,.0992000007629395,AUS,-.017466589410293,-.001732685682827,-.0429359765540341,-.0446686622368611,-.0083878266811371,-.0446686622368611,0,0,.0178899955749512,2008,.6845761108398437,2007,.6338233566284179,1,1,.080479102655317,0,.0545278155848121,0,.07527585978656,0,-.0006314008651632,0,.080479102655317,0,-.0006750447645262,0
Australia,AUS,2007,.3271295928955078,.6845761108398437,.0435699987411499,.0235599994659424,.0964700031280518,.0150021290779114,1.028000030517578,.0964700031280518,AUS,-.0181015187548681,-.0017462535709046,-.0429271845767765,-.0446734381476811,-.0053767955303192,-.0446734381476811,0,0,.0691899967193604,2009,.6924519348144531,2008,.6775400543212891,1,1,.080483878566137,0,.0550973405741123,0,.07528063569738,0,-.0004047685855373,0,.080483878566137,0,-.0004327453585372,0
Australia,AUS,2008,.3265549468994141,.6924519348144531,.0266400003433228,.0434800004959106,.1170899963378906,.0178797316551208,1.176999969482422,.1170899963378906,AUS,-.0132813335888519,-.001555111301281,-.0430713002953928,-.0446264115966738,-.000914886072278,-.0446264115966738,0,0,.0857900047302246,2010,.6840602111816406,2009,.6845761108398437,1,1,.0804368520151297,0,.0556986538082604,0,.0752336091463727,0,-.0000688301811752,0,.0804368520151297,0,-.0000735905556065,0
Australia,AUS,2009,.3268610382080078,.6840602111816406,.0197699999809265,.0176999998092651,.1656599998474121,.0222294235229492,1.099000015258789,.1656599998474121,AUS,-.0020586482426133,-.0003410356675572,-.0429945355233417,-.0433355711908989,.0011487650871277,-.0433355711908989,0,0,.0739599990844726,2011,.6909468841552734,2010,.6924519348144531,1,1,.0791460116093548,0,.0541406374156798,0,.0739427687405978,0,.0000849428711748,0,.0791460116093548,0,.0000909201749222,0
Australia,AUS,2010,.3265001678466797,.6909468841552734,.0242799997329712,.0286299991607666,.2028800010681152,.0219756650924683,1.205999984741211,.2028800010681152,AUS,.0065885416093713,.0013366833287466,-.0430850383577888,-.0417483550290422,.0073728650808334,-.0417483550290422,0,0,.0713199996948242,2012,.6945819854736328,2011,.6840602111816406,1,1,.0775587954474981,0,.053589008053285,0,.0723555525787411,0,.0005334677270122,0,.0775587954474981,0,.0005718305346664,0
Australia,AUS,2011,.3265813446044922,.6945819854736328,.0275099992752075,.0335599994659424,.2396199989318848,.0236371684074402,1.351999969482422,.2396199989318848,AUS,.0150896450541873,.0036157807317669,-.0430646800034861,-.0394488992717192,.0138893270492554,-.0394488992717192,0,0,.0637100028991699,2013,.6979860687255859,2012,.6909468841552734,1,1,.0752593396901751,0,.0522737815874364,0,.0700560968214181,0,.000973032040547,0,.0752593396901751,0,.0010453015824678,0
Australia,AUS,2012,.3276515579223633,.6979860687255859,.03875,.0168599998950958,.2742000007629394,.0239363646507263,1.226999969482422,.2742000007629394,AUS,.0230124119724247,.0063100033803959,-.0427962807412861,-.0364862773608901,.0194945406913757,-.0364862773608901,0,0,.0647300148010254,2014,.7084961700439453,2013,.6945819854736328,1,1,.072296717779346,0,.0504621018245689,0,.067093474910589,0,.0013079564767703,0,.072296717779346,0,.0014093913066024,0
Australia,AUS,2013,.3267119979858398,.7084961700439453,.0224300003051758,.0245000004768372,.3033300018310547,.0251734113693237,1.193000030517578,.3033300018310547,AUS,.0298320163934556,.0090489455872509,-.0430319133853063,-.0339829677980553,.0219707846641541,-.0339829677980553,0,0,.0724200057983398,2015,.7096913146972657,2014,.6979860687255859,1,1,.0697934082165112,0,.0494483624157118,0,.0645901653477542,0,.0014190966142776,0,.0697934082165112,0,.0015334159429024,0
Australia,AUS,2014,.3264526748657227,.7096913146972657,.0255900001525879,.0251300001144409,.3389300155639648,.0250439691543579,1.113000030517578,.3389300155639648,AUS,.0380960560238772,.0129118968610984,-.0430969491430834,-.030185052281985,.0248166942596436,-.030185052281985,0,0,.0656699752807617,2016,.7059880065917968,2015,.7084961700439453,1,1,.0659954927004409,0,.0468364279786697,0,.0607922498316839,0,.0015086626774288,0,.0659954927004409,0,.0016377899648614,0
Australia,AUS,2015,.3271173095703125,.7059880065917968,.023199999332428,.0148500001430511,.3757500076293945,.0206150150299072,1,.3757500076293945,AUS,.0465695699102007,.0174985162490555,-.0429302651172302,-.0254317488681746,.0265594959259033,-.0254317488681746,0,0,.034640007019043,2017,.7049276733398437,2016,.7096913146972657,1,1,.0612421892866305,0,.0432362511337858,0,.0560389464178735,0,.0014883661690774,0,.0612421892866305,0,.0016265616768517,0
Australia,AUS,2016,.3279792785644531,.7049276733398437,.0270300006866455,.0127699995040894,.4045999908447266,.0231998777389526,.999000015258789,.4045999908447266,AUS,.0531819512827808,.0215174170021178,-.0427140915393056,-.0211966745371878,.0258846569061279,-.0211966745371878,0,0,.0113800048828125,2018,.6910182952880859,2017,.7059880065917968,1,1,.0570071149556437,0,.0401858929094989,0,.0518038720868867,0,.001340925455378,0,.0570071149556437,0,.001475609611835,0
Australia,AUS,2017,.3276167678833008,.6910182952880859,.0238700008392334,.0199500000476837,.4103900146484375,.0283464121818542,1.164000015258789,.4103900146484375,AUS,.0545513407010908,.0223873255094126,-.0428050057502729,-.0204176802408604,.0248239135742187,-.0204176802408604,0,0,.0548999786376953,2019,.6957149505615234,2018,.7049276733398437,1,1,.0562281206593163,0,.0388546600852535,0,.0510248777905593,0,.0012666371564079,0,.0562281206593163,0,.0013958020076876,0
Australia,AUS,2018,.3155680274963379,.6957149505615234,.0278900003433228,.0193299996852875,.4159799957275391,.0226443195343018,1.185999984741211,.4159799957275391,AUS,.0567980179148786,.0236268392495639,-.0458267145781295,-.0221998753285657,.0237605333328247,-.0221998753285657,0,0,.153120002746582,2020,.6934119415283203,2019,.6910182952880859,1,1,.0580103157470215,0,.0403586439519975,0,.0528070728782646,0,.0012547242153329,0,.0580103157470215,0,.0013783560409548,0
Australia,AUS,2019,.3135621643066406,.6934119415283203,.0197399997711182,.0156599998474121,.4652899932861328,.0238886880874634,1.301999969482422,.4652899932861328,AUS,.0683747794482433,.031814100670414,-.0463297658775284,-.0145156652071144,.0238628768920898,-.0145156652071144,0,0,.0884300231933594,2021,.6805802154541015,2020,.6957149505615234,1,1,.0503261056255703,0,.034896722611386,0,.0451228627568133,0,.0010767613189845,0,.0503261056255703,0,.0012009256630013,0
Australia,AUS,2020,.3137673759460449,.6805802154541015,-.0204299998283386,.0088999998569489,.5690999984741211,.0178900945186615,1.311999969482422,.5690999984741211,AUS,.0923968204251416,.0525830303629617,-.0462783007614704,.0063047296014913,.0251923823356628,.0063047296014913,0,0,-.068650016784668,2022,.6939528656005859,2021,.6934119415283203,1,1,.0295057108169646,0,.0200810030249362,0,.0243024679482076,0,.0006122370642514,0,.0295057108169646,0,.0007433191479865,0
Australia,AUS,2021,.3131583213806152,.6939528656005859,.0535799980163574,.0284100008010864,.5537200164794922,.0230998492240906,1.636999969482422,.5537200164794922,AUS,.0888835656214145,.0492166094206457,-.0464310458201155,.0027855636005302,.0239012241363525,.0027855636005302,0,0,-.0595600128173828,2023,.6931456756591797,2022,.6805802154541015,1,1,.0330248768179257,0,.0229177079039059,0,.0278216339491687,0,.0006649711088586,0,.0330248768179257,0,.0007893349829007,0
Australia,AUS,2022,.3158762359619141,.6931456756591797,.0420800018310547,.0661399984359741,.5004499816894531,.021716787815094,1.81,.5004499816894531,AUS,.0763335410150046,.0382011192032502,-.0457494188433605,-.0075482996401103,.0211473512649536,-.0075482996401103,0,0,,,.6933090972900391,2023,.6939528656005859,0,1,,,,,.0381554971898092,0,.0008068877017618,0,.0433587400585662,0,.0009169225064243,0
Australia,AUS,2023,.3159372329711914,.6933090972900391,.0213499999046326,.0561399984359741,.4941600036621094,.0231383109092712,1.721999969482422,.4941600036621094,AUS,.0748722119627308,.0369988525376933,-.045734121376946,-.0087352688392528,.0201537108421326,-.0087352688392528,0,0,,,,,.6931456756591797,0,0,,,,,,,,,,,,
Austria,AUT,1995,.3063405418395996,.6027582168579102,.0266799998283386,.0161099994182587,.6823799896240235,.0892474937438965,,.6823799896240235,AUT,.1192149239679646,.0813498785802884,-.0481408797084577,.0332089988718307,.0650598573684692,.0332089988718307,0,0,-.0486499786376954,1997,.6091216278076171,1996,,0,0,,,,,,,,,,,,
Austria,AUT,1996,.3071669387817383,.6091216278076171,.0239800000190735,.0169500005245209,.6818000030517578,.1000794792175293,,.6818000030517578,AUT,.119015308721358,.0811446378494278,-.0479336272608843,.0332110105885434,.0645924663543701,.0332110105885434,0,0,.0101699829101563,1998,.6105945205688477,1997,.6027582168579102,0,0,,,,,,,,,,,,
Austria,AUT,1997,.3061225318908691,.6105945205688477,.0214599990844727,.0115400004386902,.6337300109863281,.0804056072235107,,.6337300109863281,AUT,.1079667581455892,.0684217748257625,-.0481955545180629,.0202262203076996,.0605323505401611,.0202262203076996,0,0,-.0203300094604492,1999,.6114191055297852,1998,.6091216278076171,0,0,,,,,,,,,,,,
Austria,AUT,1998,.3066686058044434,.6114191055297852,.0349300003051758,.0082800000905991,.6919699859619141,.088934154510498,,.6919699859619141,AUT,.1214096566801554,.0840118384286079,-.0480586044044149,.035953234024193,.0556254482269287,.035953234024193,0,0,-.0308799743652344,2000,.6154182434082032,1999,.6105945205688477,0,0,,,,,,,,,,,,
Austria,AUT,1999,.3046699333190918,.6154182434082032,.0376200008392334,.0051599997282028,.6134000015258789,.0643413877487183,,.6134000015258789,AUT,.1033739429467553,.0634095767612758,-.0485598523439519,.0148497244173239,.0595141124725342,.0148497244173239,0,0,.0589799880981445,2001,.6191512298583984,2000,.6114191055297852,0,0,,,,,,,,,,,,
Austria,AUT,2000,.3039168739318848,.6191512298583984,.0319000005722046,.0195700001716614,.6610900115966797,.0581562757492065,1.136098098754883,.6610900115966797,AUT,.1144765658239592,.0756793142281093,-.0487487124343134,.0269306017937959,.0561751747131348,.0269306017937959,0,0,.0133100128173829,2002,.6275384521484375,2001,.6154182434082032,1,1,.00887983862466,0,.0054979630054023,0,.003676595755903,0,.0002065334089374,0,.00887983862466,0,.0004988264861647,0
Austria,AUT,2001,.3037926292419433,.6275384521484375,.0131700003147125,.0229200005531311,.6723799896240235,.0507288455963135,1.122646865844727,.6723799896240235,AUT,.1171006943112435,.0787361636259599,-.0487798718139956,.0299562918119642,.0525800848007202,.0299562918119642,0,0,-.0082599639892579,2003,.634068717956543,2002,.6191512298583984,1,1,.0058541486064917,0,.0036737033551647,0,.0006509057377347,0,.0000342246788874,0,.0058541486064917,0,.0003078116301653,0
Austria,AUT,2002,.3044147491455078,.634068717956543,.0148399996757507,.0168799996376038,.6744000244140625,.0422437953948975,1.124281463623047,.6744000244140625,AUT,.1175192852195301,.0792550088211743,-.0486238500935326,.0306311587276417,.0520663118362427,.0306311587276417,0,0,-.015279998779297,2004,.6313937377929687,2003,.6275384521484375,1,1,.0051792816908142,0,.0032840205016304,0,0,.0000239611779428,0,1.24757016273e-06,.0051792816908142,0,.0002696660956017,0
Austria,AUT,2003,.304641056060791,.6313937377929687,.0114199995994568,.0130499994754791,.6641200256347656,.0403326320648193,1.11257209777832,.6641200256347656,AUT,.1151209612836545,.0764541357587994,-.0485670944840868,.0278870412747126,.0485137414932251,.0278870412747126,0,0,.0301599884033203,2005,.6373421859741211,2004,.634068717956543,1,1,.0079233991437433,0,.0050027846013937,0,.0027201562749863,0,.0001319649583459,0,.0079233991437433,0,.0003843937378072,0
Austria,AUT,2004,.3043294334411621,.6373421859741211,.0256500005722046,.0196200001239777,.6591200256347656,.0376529765129089,1.098231353759766,.6591200256347656,AUT,.1139877893556203,.0751316346421267,-.0486452464560317,.0264863881860951,.0465417718887329,.0264863881860951,0,0,.0226399993896484,2006,.6465612030029297,2005,.6313937377929687,1,1,.0093240522323608,0,.0059426118319097,0,.0041208093636038,0,.0001917897693978,0,.0093240522323608,0,.0004339579120772,0
Austria,AUT,2005,.3044386100769043,.6465612030029297,.023199999332428,.0209800004959106,.6942800140380859,.0357108736038208,1.08,.6942800140380859,AUT,.122120812640427,.0847860395143381,-.0486178660001979,.0361681735141403,.0490587568283081,.0361681735141403,0,0,-.0361499786376953,2007,.6764082336425781,2006,.6373421859741211,1,1,0,.0003577330956844,0,.0002312963406997,0,.0055609759644414,0,.0002728145675676,0,.0003577330956844,0,.0000175499409506
Austria,AUT,2006,.3043173599243164,.6764082336425781,.0326900005340576,.0168900001049042,.681760025024414,.037747220993042,1.066999969482422,.681760025024414,AUT,.1192312650772849,.0812871102627823,-.0486482743785583,.032638835884224,.0486421585083008,.032638835884224,0,0,.0135199737548829,2008,.6878566741943359,2007,.6465612030029297,1,1,.0031716045342319,0,.0021452994208126,0,0,.0020316383345251,0,.0000988232738995,.0031716045342319,0,.0001542736904798,0
Austria,AUT,2007,.3030762672424316,.6878566741943359,.0377500009536743,.022039999961853,.6581300354003906,.0512567901611328,1.073000030517578,.6581300354003906,AUT,.1138575898380454,.074933099630716,-.0489595285505793,.0259735710801367,.0463464784622192,.0259735710801367,0,0,.1493899536132812,2009,.6849156951904297,2008,.6764082336425781,1,1,.0098368693383192,0,.0067663562275405,0,.0046336264695622,0,.0002147522693735,0,.0098368693383192,0,.0004559042529241,0
Austria,AUT,2008,.3034719467163086,.6849156951904297,.0145299994945526,.032260000705719,.6952799987792969,.0464890480041504,1.044000015258789,.6952799987792969,AUT,.122428768542206,.0851222740425758,-.0488602959236974,.0362619781188784,.0455634498596191,.0362619781188784,0,0,.1412599945068359,2010,.6682797241210937,2009,.6878566741943359,1,1,0,.0004515377004225,0,.0003092652579896,0,.0056547805691795,0,.000257651310931,0,.0004515377004225,0,.0000205736153729
Austria,AUT,2009,.303918628692627,.6682797241210937,-.0358599996566772,.0040000000596046,.8075199890136718,.0515665245056152,1.064000015258789,.8075199890136718,AUT,.1483837736929592,.1198228633023456,-.0487482723571057,.0710745909452399,.0470772314071655,.0710745909452399,0,0,.0260400390625001,2011,.6750405883789062,2010,.6849156951904297,1,1,0,.035264150526784,0,.0235663167854039,0,.040467393395541,0,.0019050928433267,0,.035264150526784,0,.0016601385747265
Austria,AUT,2010,.3024361228942871,.6750405883789062,.0180900001525879,.0169200003147125,.8365399932861328,.0629215145111084,1.039000015258789,.8365399932861328,AUT,.1552208184345669,.1298484224111206,-.0491200706293167,.0807283517818039,.0460811567306519,.0807283517818039,0,0,-.0071900177001953,2012,.6754353332519532,2011,.6682797241210937,1,1,0,.044917911363348,0,.030321413315466,0,.050121154232105,0,.0023096407636908,0,.044917911363348,0,.002069869313548
Austria,AUT,2011,.3035120391845703,.6754353332519532,.0292700004577637,.035460000038147,.8335600280761719,.0680784940719605,1.005,.8335600280761719,AUT,.1544457432734252,.1287397980992416,-.0488502411161918,.0798895569830498,.0448637914657593,.0798895569830498,0,0,-.0092500305175781,2013,.6805509185791015,2012,.6750405883789062,1,1,0,.0440791165645939,0,.0297725927862582,0,.0492823594333509,0,.0022109934965585,0,.0440791165645939,0,.0019775562935488
Austria,AUT,2012,.2997461700439453,.6805509185791015,.0062800002098083,.0256800007820129,.8293499755859375,.0743248128890991,.99,.8293499755859375,AUT,.1537684946941067,.1275278973204438,-.0497946850714364,.0777332122490074,.0452830934524536,.0777332122490074,0,0,.0227500152587891,2014,.6953206634521485,2013,.6754353332519532,1,1,0,.0419227718305515,0,.0285305808786639,0,.0471260146993085,0,.0021340117276705,0,.0419227718305515,0,.0018983927945888
Austria,AUT,2013,.3011209678649902,.6953206634521485,-.002509999871254,.0211800003051758,.8243099975585938,.0638470649719238,.995999984741211,.8243099975585938,AUT,.1524927808607504,.1257013238190283,-.0494498989295701,.0762514248894582,.0431049871444702,.0762514248894582,0,0,.0318399810791015,2015,.7086733245849609,2014,.6805509185791015,1,1,0,.0404409844710023,0,.0281194521530353,0,.0456442273397593,0,.0019674938326996,0,.0404409844710023,0,.0017432081157323
Austria,AUT,2014,.3037026596069336,.7086733245849609,.0075599998235703,.0146300005912781,.8520999908447265,.0679465961456299,.990999984741211,.8520999908447265,AUT,.1587237942106196,.1352485435937092,-.0488024353377846,.0864461082559246,.0402393341064453,.0864461082559246,0,0,-.0179100036621094,2016,.7045801544189453,2015,.6953206634521485,1,1,0,.0506356678374687,0,.0358841470689587,0,.0558389107062257,0,.0022469205840478,0,.0506356678374687,0,.0020375455558149
Austria,AUT,2015,.3001437759399414,.7045801544189453,.0130299997329712,.0081199997663498,.8561499786376953,.0596632957458496,1,.8561499786376953,AUT,.1599428828488288,.1369350957342761,-.0496949693163157,.0872401264179604,.0367173171043396,.0872401264179604,0,0,-.0655799865722656,2017,.6877032470703125,2016,.7086733245849609,1,1,0,.0514296859995045,0,.0362363361032488,0,.0566329288682615,0,.0020794092078035,0,.0514296859995045,0,.0018883600894204
Austria,AUT,2016,.2985615348815918,.6877032470703125,.0211700010299683,.0097200000286102,.8341899871826172,.0610948038101196,1,.8341899871826172,AUT,.1549828749526682,.1292851624702914,-.0500917802376453,.079193382232646,.0342156624794006,.079193382232646,0,0,-.0883300018310547,2018,.6908674621582032,2017,.7045801544189453,1,1,0,.0433829418141901,0,.029834589953081,0,.0485861846829471,0,.0016624084962735,0,.0433829418141901,0,.0014843760944778
Austria,AUT,2017,.2984765243530274,.6908674621582032,.022720000743866,.0223399996757507,.7905699920654297,.0553958606719971,.9869999694824219,.7905699920654297,AUT,.1448889413562302,.1145448492183634,-.0501131000649778,.0644317491533856,.0305637669563293,.0644317491533856,0,0,-.0805100250244141,2019,.6908810424804688,2018,.6877032470703125,1,1,0,.0286213087349297,0,.0197735309293473,0,.0338245516036867,0,.0010338057126174,0,.0286213087349297,0,.0008747750101595
Austria,AUT,2018,.2976770401000977,.6908810424804688,.0248399996757507,.0211800003051758,.7458599853515625,.0581269216537476,.975,.7458599853515625,AUT,.1345990722491977,.1003920620561205,-.0503136030675509,.0500784589885696,.0266866445541382,.0500784589885696,0,0,.0859700012207031,2020,.6861134338378906,2019,.6908674621582032,1,1,0,.0142680185701137,0,.0098575035438508,0,.0194712614388707,0,.0005196226330398,0,.0142680185701137,0,.0003807655400725
Austria,AUT,2019,.2982572555541992,.6861134338378906,.0175499999523163,.0149699997901917,.7100599670410156,.0581730508804321,.9740000152587891,.7100599670410156,AUT,.1262633581188332,.0896545559043467,-.050168090582145,.0394864653222016,.0237048983573914,.0394864653222016,0,0,.1139300537109376,2021,.6816719818115234,2020,.6908810424804688,1,1,0,.0036760249037457,0,.0025221700695826,0,.0088792677725027,0,.0002104821400352,0,.0036760249037457,0,.0000871397967025
Austria,AUT,2020,.2938090705871582,.6816719818115234,-.0631799983978271,.0138900005817413,.8318299865722656,.0800371360778809,.985999984741211,.8318299865722656,AUT,.1548119992333305,.1287772632434869,-.051283652819455,.0774936104240319,.0228476023674011,.0774936104240319,0,0,-.0504199981689453,2022,.6798137664794922,2021,.6861134338378906,1,1,0,.041683170005576,0,.0284142491058876,0,.046886412874333,0,.0010712421177866,0,.041683170005576,0,.0009523604937002
Austria,AUT,2021,.291540756225586,.6798137664794922,.049229998588562,.0276500010490417,.8239900207519532,.0850965213775635,.965,.8239900207519532,AUT,.1531758496280949,.126215371513752,-.051852524362088,.074362847151664,.0178610455989838,.074362847151664,0,0,-.0464500427246094,2023,.6751003265380859,2022,.6816719818115234,1,1,0,.0385524067332081,0,.0262084568281515,0,.0437556496019651,0,.0007815216527539,0,.0385524067332081,0,.0006885862946124
Austria,AUT,2022,.2991105270385742,.6751003265380859,.0533099985122681,.0862100028991699,.7814099884033203,.0786975765228271,.9399999999999999,.7814099884033203,AUT,.1427177418143501,.1115210689760994,-.0499540982564672,.0615669707196321,.0151750576496124,.0615669707196321,0,0,,,.6761976623535156,2023,.6798137664794922,0,1,,,,,0,.0309597731699332,0,.0004698163426727,0,.0257565303011762,0,.0003908568321743
Austria,AUT,2023,.2953165626525879,.6761976623535156,-.0078600001335144,.0770900011062622,.7775399780273438,.0748479557037354,.955,.7775399780273438,AUT,.1421214539159351,.1105051121550103,-.0509055882304825,.0595995239245278,.0154984080791473,.0595995239245278,0,0,,,,,.6751003265380859,0,0,,,,,,,,,,,,
Belgium,BEL,1995,.3578819274902344,.5416709899902343,.0238499999046326,.0126499998569489,1.312859954833984,.0766042709350586,,1.312859954833984,BEL,.2611354321356782,.3428342516391995,-.0352147932447636,.3076194583944359,.1735083961486816,.3076194583944359,0,0,-.0701499176025391,1997,.5461596298217773,1996,,0,0,,,,,,,,,,,,
Belgium,BEL,1996,.3569965362548828,.5461596298217773,.0132099997997284,.0175999999046326,1.290039978027344,.0708699321746826,,1.290039978027344,BEL,.2559212110651142,.3301485934991711,-.035436840896721,.2947117526024501,.1627963829040527,.2947117526024501,0,0,-.0981800079345703,1998,.5434723663330078,1997,.5416709899902343,0,0,,,,,,,,,,,,
Belgium,BEL,1997,.3569110107421875,.5434723663330078,.0379299998283386,.0149800002574921,1.242710037231445,.0623190307617187,,1.242710037231445,BEL,.2449682426169272,.3044244939030033,-.035458289877147,.2689662040258563,.1478028774261474,.2689662040258563,0,0,-.0890900421142578,1999,.534102668762207,1998,.5461596298217773,0,0,,,,,,,,,,,,
Belgium,BEL,1998,.3566569519042969,.534102668762207,.0196200001239777,.00908999979496,1.191859970092773,.0622358417510986,,1.191859970092773,BEL,.2332134730746253,.2779578030439547,-.0355220054033011,.2424357976406536,.1400648880004883,.2424357976406536,0,0,-.0959700012207032,2000,.5354909133911133,1999,.5434723663330078,0,0,,,,,,,,,,,,
Belgium,BEL,1999,.3565018463134766,.5354909133911133,.0354299998283386,.0113100004196167,1.153619995117187,.0381766200065613,,1.153619995117187,BEL,.2243708776077424,.2588387307302829,-.0355609044017008,.223277826328582,.1299951839447021,.223277826328582,0,0,-.071449966430664,2001,.5435758590698242,2000,.534102668762207,0,0,,,,,,,,,,,,
Belgium,BEL,2000,.3561085891723633,.5435758590698242,.0371700000762939,.0267899990081787,1.09588996887207,.0338451528549194,1.039572677612305,1.09588996887207,BEL,.2110339851503632,.2312700274173804,-.0356595295306982,.1956104978866822,.1268882179260254,.1956104978866822,0,0,-.0415200042724608,2002,.5476517105102539,2001,.5354909133911133,1,1,0,.1598000574682263,0,.0868634535176984,0,.1650033003369833,0,.0209369747316726,0,.1598000574682263,0,.0202767445166197
Belgium,BEL,2001,.3566558837890625,.5476517105102539,.0110000002384186,.0244000005722046,1.082170028686523,.0369920897483826,1.043688812255859,1.082170028686523,BEL,.2078137389409409,.2248897998311717,-.035522273276384,.1893675265547878,.1210594177246094,.1893675265547878,0,0,-.0655800628662109,2003,.5555706024169922,2002,.5435758590698242,1,1,0,.1535570861363318,0,.0840958008835325,0,.1587603290050889,0,.0192194329871235,0,.1535570861363318,0,.018589531435152
Belgium,BEL,2002,.354638557434082,.5555706024169922,.0170700001716614,.0154900002479553,1.054369964599609,.0394226932525635,1.048244171142578,1.054369964599609,BEL,.2015357895294698,.2124932832717414,-.0360281994279764,.176465083843765,.1076012802124023,.176465083843765,0,0,-.0826699829101563,2004,.5480087661743164,2003,.5476517105102539,1,1,0,.1406546434253091,0,.0781435849805462,0,.1458578862940661,0,.0156944952943165,0,.1406546434253091,0,.0151346197003822
Belgium,BEL,2003,.3557043075561523,.5480087661743164,.0103799998760223,.0152100002765656,1.016589965820313,.0383564257621765,1.053676376342773,1.016589965820313,BEL,.1927032170811475,.195900156865988,-.0357609194925872,.1601392373734008,.10064453125,.1601392373734008,0,0,-.0651699829101563,2005,.5491798782348633,2004,.5555706024169922,1,1,0,.1243287969549449,0,.0681332706192165,0,.1295320398237019,0,.0130366914299128,0,.1243287969549449,0,.0125130134904069
Belgium,BEL,2004,.3517432403564453,.5491798782348633,.0357100009918213,.0185199999809265,.9716999816894532,.0358599019050598,1.041630706787109,.9716999816894532,BEL,.1826215449888884,.1774533519218025,-.0367543172537373,.1406990346680652,.0911572933197022,.1406990346680652,0,0,-.0567599487304687,2006,.5431279373168946,2005,.5480087661743164,1,1,0,.1048885942496093,0,.0576027054182264,0,.1100918371183663,0,.0100356738883038,0,.1048885942496093,0,.0095613603519029
Belgium,BEL,2005,.3505686187744141,.5431279373168946,.0232200002670288,.0254099988937378,.9514199829101563,.0300503087043762,1.014000015258789,.9514199829101563,BEL,.1780183406314589,.169370206601277,-.0370489011097938,.1323213054914832,.0822023677825928,.1323213054914832,0,0,-.0781700134277344,2007,.5681457138061523,2006,.5491798782348633,1,1,0,.0965108650730273,0,.0524177470757825,0,.1017141079417843,0,.0083611405097089,0,.0965108650730273,0,.0079334216257492
Belgium,BEL,2006,.3507474136352539,.5681457138061523,.0255299997329712,.0233100008964539,.9149400329589844,.0328204226493835,1.010999984741211,.9149400329589844,BEL,.1695569073163274,.155134402368424,-.0370040610690904,.1181303412993336,.076607723236084,.1181303412993336,0,0,.0166600036621093,2008,.5743900680541992,2007,.5431279373168946,1,1,0,.0823199008808777,0,.046769698846418,0,.0875231437496347,0,.006704948773124,0,.0823199008808777,0,.0063063401835041
Belgium,BEL,2007,.3520602416992187,.5743900680541992,.0367700004577637,.0181900000572205,.8732499694824218,.0388389563560486,1.025,.8732499694824218,BEL,.1597993921632648,.1395448143298806,-.036674816349482,.1028699979803986,.0740093374252319,.1028699979803986,0,0,.125279998779297,2009,.5836947631835937,2008,.5681457138061523,1,1,0,.0670595575619427,0,.0385183438316887,0,.0722628004306997,0,.0053481219803678,0,.0670595575619427,0,.0049630334231886
Belgium,BEL,2008,.3531502151489258,.5836947631835937,.0044699999690056,.0449100017547607,.9316000366210937,.0367788147926331,.9930000305175781,.9316000366210937,BEL,.1732247970878349,.1613762273107085,-.0364014614352477,.1249747658754608,.070974235534668,.1249747658754608,0,0,.0708499908447267,2010,.5906165313720703,2009,.5743900680541992,1,1,0,.0891643254570049,0,.0520447498320513,0,.0943675683257619,0,.0066976660211865,0,.0891643254570049,0,.0063283698362753
Belgium,BEL,2009,.3517179489135742,.5906165313720703,-.0190600001811981,-.0000400000018999,.9985299682617188,.0570550441741943,1.008000030517578,.9985299682617188,BEL,.1888362994088408,.1885587040553702,-.0367606601056653,.1517980439497049,.071450400352478,.1517980439497049,0,0,.0288200378417969,2011,.583470344543457,2010,.5836947631835937,1,1,0,.115987603531249,0,.0685041960797852,0,.121190846400006,0,.0086591344943361,0,.115987603531249,0,.0082873607082322
Belgium,BEL,2010,.3530846405029297,.583470344543457,.0271000003814697,.0232500004768372,1.00245002746582,.0623411178588867,1,1.00245002746582,BEL,.1896360137488952,.1901006271910886,-.0364179069291605,.1536827202619281,.0658241081237793,.1536827202619281,0,0,.0408999633789062,2012,.5844009017944336,2011,.5906165313720703,1,1,0,.1178722798434722,0,.0687749797323935,0,.1230755227122292,0,.0081013365144004,0,.1178722798434722,0,.0077588376932131
Belgium,BEL,2011,.3469819641113281,.5844009017944336,.0193099999427795,.0335199999809265,1.027350006103516,.0664935493469238,.9780000305175781,1.027350006103516,BEL,.1958841754212091,.2012416088145613,-.0379483997884811,.1632932090260802,.0631795358657837,.1632932090260802,0,0,.022969970703125,2013,.5914220046997071,2012,.583470344543457,1,1,0,.1274827686076243,0,.0745010449375467,0,.1326860114763813,0,.0083830406209598,0,.1274827686076243,0,.0080543021515148
Belgium,BEL,2012,.3458176040649414,.5914220046997071,.0021600000560284,.0262199997901916,1.043349990844727,.0701211261749268,.9769999694824218,1.043349990844727,BEL,.199681158236466,.2083373346178812,-.0382404101495623,.1700969244683189,.0622784042358398,.1700969244683189,0,0,.0222000122070312,2014,.5978520965576172,2013,.5844009017944336,1,1,0,.134286484049863,0,.0794199816008452,0,.13948972691862,0,.0086871975997847,0,.134286484049863,0,.008363147937067
Belgium,BEL,2013,.3451184844970703,.5978520965576172,.0030599999427795,.0124300003051758,1.050319976806641,.0612221050262451,.98,1.050319976806641,BEL,.2013503834148576,.2114823300383014,-.0384157426492358,.1730665873890656,.0571883630752563,.1730665873890656,0,0,.0054000091552733,2015,.610228157043457,2014,.5914220046997071,1,1,0,.1372561469706097,0,.0820588752317995,0,.1424593898393667,0,.0081470193096132,0,.1372561469706097,0,.007849454367266
Belgium,BEL,2014,.3430706024169922,.610228157043457,.0176600003242493,.004990000128746,1.065550003051758,.0568070554733276,.9869999694824219,1.065550003051758,BEL,.2050389028288917,.2184792035350547,-.0389293318843792,.1795498716506755,.0566796207427979,.1795498716506755,0,0,-.0108000183105468,2016,.609809226989746,2015,.5978520965576172,1,1,0,.1437394312322196,0,.0877138482153121,0,.1489426741009766,0,.0084420142804615,0,.1437394312322196,0,.0081470964480277
Belgium,BEL,2015,.3437548828125,.609809226989746,.0147399997711182,.0062300002574921,1.055719985961914,.0530280923843384,1,1.055719985961914,BEL,.2027085812321125,.2140035005327253,-.0387577209071792,.1752457796255461,.0519589138031006,.1752457796255461,0,0,-.0308699798583982,2017,.6006997299194335,2016,.610228157043457,1,1,0,.1394353392070902,0,.0850289564169287,0,.1446385820758472,0,.0075152636186816,0,.1394353392070902,0,.0072449087709673
Belgium,BEL,2016,.3409006500244141,.6006997299194335,.01192999958992,.0176900005340576,1.054749984741211,.0510526990890503,1.013000030517578,1.054749984741211,BEL,.2027095491029597,.2138078938232444,-.0394735351861431,.1743343586371013,.0484228706359863,.1743343586371013,0,0,-.053969955444336,2018,.5944580841064453,2017,.609809226989746,1,1,0,.1385239182186454,0,.083211280261322,0,.1437271610874024,0,.0069596817282129,0,.1385239182186454,0,.0067077257718914
Belgium,BEL,2017,.341580810546875,.5944580841064453,.0147500002384186,.022260000705719,1.024850006103516,.0560326290130615,.995999984741211,1.024850006103516,BEL,.1957321499441689,.2005960950649357,-.0393029574336916,.1612931376312441,.0411334037780762,.1612931376312441,0,0,-.0491200256347657,2019,.5869912719726562,2018,.6006997299194335,1,1,0,.1254826972127882,0,.0745942037736233,0,.1306859400815452,0,.0053755575414917,0,.1254826972127882,0,.0051615304516157
Belgium,BEL,2018,.3442860412597656,.5869912719726562,.0187800002098083,.0231100010871887,1.000780029296875,.0564831972122192,.975999984741211,1.000780029296875,BEL,.189944697406018,.1900928598347807,-.0386245114497964,.1514683483849843,.0367488288879395,.1514683483849843,0,0,.1116699981689453,2020,.5866988372802734,2019,.5944580841064453,1,1,0,.1156579079665284,0,.0678901825109689,0,.1208611508352854,0,.0044415057512453,0,.1156579079665284,0,.004250292669399
Belgium,BEL,2019,.3353820037841797,.5866988372802734,.0244300007820129,.0125,.97572998046875,.0594746589660645,.9719999694824218,.97572998046875,BEL,.1848478263894444,.1803615660326635,-.0408575588704759,.1395040071621876,.035269501209259,.1395040071621876,0,0,.1096800231933592,2021,.593534278869629,2020,.5869912719726562,1,1,0,.1036935667437317,0,.0608368950419918,0,.1088968096124887,0,.0038407361583121,0,.1036935667437317,0,.0036572203776604
Belgium,BEL,2020,.3349691772460938,.593534278869629,-.0479300022125244,.0042300000786781,1.11245002746582,.0717976427078247,.995,1.11245002746582,BEL,.216539367405774,.2408892252179846,-.0409610918170284,.1999281334009562,.0346027755737305,.1999281334009562,0,0,-.0810500335693358,2022,.5948916625976562,2021,.5866988372802734,1,1,0,.1641176929825003,0,.0974094765541155,0,.1693209358512573,0,.0058589743431951,0,.1641176929825003,0,.0056789276979519
Belgium,BEL,2021,.3321617507934571,.5948916625976562,.0625400018692017,.0321900010108948,1.085410003662109,.0856746196746826,.985,1.085410003662109,BEL,.2104998578184679,.2284786514456168,-.0416651675148224,.1868134839307943,.0292306756973267,.1868134839307943,0,0,-.0634999847412108,2023,.5946538543701172,2022,.593534278869629,1,1,0,.1510030435123384,0,.0898304516123612,0,.1562062863810954,0,.0045660152990895,0,.1510030435123384,0,.0044139209942185
Belgium,BEL,2022,.3332947158813477,.5946538543701172,.0395600008964539,.1033100032806396,1.031399993896484,.0821886730194092,.970999984741211,1.031399993896484,BEL,.1979037494313305,.2041179259555657,-.0413810307090003,.1627368952465654,.0262765073776245,.1627368952465654,0,0,,,.5866808319091796,2023,.5948916625976562,0,1,,,,,0,.1321296976968665,0,.003471906976335,0,.1269264548281095,0,.0033351839267065
Belgium,BEL,2023,.3347019958496094,.5866808319091796,.0171399998664856,.022960000038147,1.021910018920899,.0799848747253418,.985999984741211,1.021910018920899,BEL,.1955950264722461,.1998805172030867,-.0410280983553442,.1588524188477425,.0298378992080688,.1588524188477425,0,0,,,,,.5946538543701172,0,0,,,,,,,,,,,,
Bangladesh,BGD,1995,.5762206649780274,.3381054306030273,.0492500019073486,.0885700035095215,,.0003631503507495,1.616933746337891,,BGD,,,.0195424734354787,,.0625681686401367,,,,,,.3379502487182617,1996,,0,0,,,,,,,,,,,,
Bangladesh,BGD,1996,.5748606872558594,.3379502487182617,.0462200021743774,.0683799982070923,,.0002730897627771,1.604406585693359,,BGD,,,.019201404032638,,.0977240562438965,,,,,,.3401888656616211,1997,.3381054306030273,0,0,,,,,,,,,,,,
Bangladesh,BGD,1997,.580283432006836,.3401888656616211,.0448999977111816,.0266100001335144,,.0002251883596182,1.652261657714844,,BGD,,,.0205613765408821,,.0895822811126709,,,,,,.3423096466064453,1998,.3379502487182617,0,0,,,,,,,,,,,,
Bangladesh,BGD,1998,.5707224655151367,.3423096466064453,.0517700004577637,.0665700006484985,,.0002573023177683,1.645139923095703,,BGD,,,.0181635776073048,,.1124081802368164,,,,,,.3360574340820313,1999,.3401888656616211,0,0,,,,,,,,,,,,
Bangladesh,BGD,1999,.5683249664306641,.3360574340820313,.0467000007629395,.089040002822876,,.0002075480297208,1.571444549560547,,BGD,,,.0175623077719809,,.1449096870422363,,,,,,.3298131942749024,2000,.3423096466064453,0,0,,,,,,,,,,,,
Bangladesh,BGD,2000,.5652453994750977,.3298131942749024,.0529300022125244,.0362299990653992,,.000182811897248,1.445729064941406,,BGD,,,.0167899818394146,,.1612947654724121,,,,,,.3250057601928711,2001,.3360574340820313,0,0,,,,,,,,,,,,
Bangladesh,BGD,2001,.5670125579833984,.3250057601928711,.050770001411438,.0181200003623962,,.0001498572155833,1.498168334960938,,BGD,,,.0172331682882265,,.1622548294067383,,,,,,.3195664024353027,2002,.3298131942749024,0,0,,,,,,,,,,,,
Bangladesh,BGD,2002,.563576431274414,.3195664024353027,.0383299994468689,.0240700006484985,,.0001903213001788,1.485675048828125,,BGD,,,.0163714205804406,,.1627127075195313,,,,,,.3143827819824219,2003,.3250057601928711,0,0,,,,,,,,,,,,
Bangladesh,BGD,2003,.563864974975586,.3143827819824219,.0473999977111816,.0388100004196167,.3704399871826172,.0002769985049963,1.34329345703125,.3704399871826172,BGD,.0266288609874285,.0098643949228707,.016443784580415,.0263081795032857,.165486946105957,.0263081795032857,0,0,-.0148600006103515,2005,.3080951881408691,2004,.3195664024353027,1,1,.0095022609151702,0,.002987347221634,0,.0042990180464132,0,.0007114313677553,0,.0095022609151702,0,.0015725001399535,0
Bangladesh,BGD,2004,.5634304428100586,.3080951881408691,.0523999977111816,.0813899993896484,.3658499908447266,.0003230908513069,1.252143859863281,.3658499908447266,BGD,.0256003436017109,.0093658854723078,.0163348080701416,.0257006935424494,.1547479438781738,.0257006935424494,0,0,-.0125299835205078,2006,.3296775817871094,2005,.3143827819824219,1,1,.0101097468760065,0,.0031147643658198,0,.0049065040072495,0,.0007592714067519,0,.0101097468760065,0,.0015644625421908,0
Bangladesh,BGD,2005,.5601026153564453,.3296775817871094,.0653599977493286,.0648600006103516,.3555799865722656,.0002659221738577,1.089000015258789,.3555799865722656,BGD,.0234852315236344,.0083508783098205,.0155002207795857,.0238510990894062,.1536113929748535,.0238510990894062,0,0,-.0056900024414063,2007,.4069097900390625,2006,.3080951881408691,1,1,.0119593413290497,0,.0039427267291278,0,.0067560984602927,0,.0010378136955608,0,.0119593413290497,0,.0018370910806171,0
Bangladesh,BGD,2006,.554115982055664,.4069097900390625,.0667199993133545,.0716300010681152,.3533200073242188,.0003421363979578,1.011999969482422,.3533200073242188,BGD,.0234350581037617,.0082800749008646,.0139988304173463,.0222789053182108,.1629276847839355,.0222789053182108,0,0,-.0146200180053711,2008,.420007209777832,2007,.3296775817871094,1,1,.0135315351002451,0,.0055061141065469,0,.0083282922314881,0,.0013569093714804,0,.0135315351002451,0,.0022046616854555,0
Bangladesh,BGD,2007,.5634095001220704,.420007209777832,.0705900001525879,.0720499992370605,.3498899841308594,.0004350011050701,.9309999847412109,.3498899841308594,BGD,.0219062973447329,.0076647940303145,.016329555844337,.0239943498746515,.1763493537902832,.0239943498746515,0,0,-.0197900009155274,2009,.4260154342651367,2008,.4069097900390625,1,1,.0118160905438044,0,.0049628432197855,0,.0066128476750474,0,.0011661714142082,0,.0118160905438044,0,.0020837599317274,0
Bangladesh,BGD,2008,.5578225708007812,.4260154342651367,.0601399993896484,.099370002746582,.3386999893188476,.0004499682039022,.8169999694824219,.3386999893188476,BGD,.0197566980286687,.0066915934112858,.0149284074164883,.0216200008277741,.2188379287719727,.0216200008277741,0,0,-.0424699974060059,2010,.4274923324584961,2009,.420007209777832,1,1,.0141904395906818,0,.0060453462846375,0,.0089871967219248,0,.0019667395160923,0,.0141904395906818,0,.0031054064083886,0
Bangladesh,BGD,2009,.5562024688720704,.4274923324584961,.0504500007629395,.0665500020980835,.330099983215332,.0007654397934675,.914000015258789,.330099983215332,BGD,.0178933225518679,.0059065854740381,.0145221013510584,.0204286868250965,.230369815826416,.0204286868250965,0,0,-.0361699867248535,2011,.4545296096801758,2010,.4260154342651367,1,1,.0153817535933594,0,.006575581720927,0,.0101785107246024,0,.0023448216410138,0,.0153817535933594,0,.0035434917423895,0
Bangladesh,BGD,2010,.554066162109375,.4545296096801758,.0557200002670288,.0731599998474121,.2962299919128418,.0007834631204605,.8100000000000001,.2962299919128418,BGD,.0102192234244838,.0030272404723904,.0139863360514067,.0170135765237971,.1852294540405273,.0170135765237971,0,0,-.0054500007629394,2012,.4574599838256836,2011,.4274923324584961,1,1,.0187968638946588,0,.0085437312092507,0,.0135936210259018,0,.0025179390010616,0,.0187968638946588,0,.0034817328368818,0
Bangladesh,BGD,2011,.5535620498657227,.4574599838256836,.0646400022506714,.0878699970245361,.2939299964904785,.0006041817739606,.7680000305175781,.2939299964904785,BGD,.0097264781722507,.0028589036950344,.0138599095231596,.016718813218194,.1605600929260254,.016718813218194,0,0,-.0104899978637695,2013,.4589828491210938,2012,.4545296096801758,1,1,.0190916272002619,0,.0087336554702378,0,.0138883843315049,0,.0022299202788588,0,.0190916272002619,0,.0030653534373831,0
Bangladesh,BGD,2012,.5449834823608398,.4589828491210938,.0652099990844727,.0888899993896484,.2907799911499023,.0007884794473648,.8669999694824219,.2907799911499023,BGD,.0096750611637174,.0028133141995605,.0117084868576072,.0145218010571677,.171025276184082,.0145218010571677,0,0,-.0039499855041504,2014,.4601432418823242,2013,.4574599838256836,1,1,.0212886393612882,0,.0097711203479555,0,.0160853964925312,0,.0027510093776656,0,.0212886393612882,0,.0036408954263476,0
Bangladesh,BGD,2013,.5449971008300781,.4601432418823242,.0601399993896484,.0677699995040894,.283439998626709,.0010547702759504,.8690000152587891,.283439998626709,BGD,.0079743351208145,.0022602455356926,.0117119022394146,.0139721477751072,.1774455642700195,.0139721477751072,0,0,-.0013800048828125,2015,.2541896057128906,2014,.4589828491210938,1,1,.0218382926433487,0,.0100487427740854,0,.0166350497745917,0,.0029518157939123,0,.0218382926433487,0,.0038751081607928,0
Bangladesh,BGD,2014,.5489215087890625,.2541896057128906,.0606099987030029,.0734899997711182,.286830005645752,.0012271808832884,.8930000305175781,.286830005645752,BGD,.0084491638930964,.0024234737271587,.0126961062136827,.0151195799408415,.1906013870239258,.0151195799408415,0,0,-.009630012512207,2016,.2512384223937988,2015,.4601432418823242,1,1,.0206908604776144,0,.0052594016666652,0,.0154876176088574,0,.0029519613979444,0,.0206908604776144,0,.0039437067057518,0
Bangladesh,BGD,2015,.5383821487426758,.2512384223937988,.0655299997329712,.0640500020980835,.2820599937438965,.0014186583459377,1,.2820599937438965,BGD,.0081775872508858,.002306570208825,.0100529355361416,.0123595057449666,.2077194786071777,.0123595057449666,0,0,.0010000038146972,2017,.2672357940673828,2016,.2541896057128906,1,1,.0234509346734893,0,.0058917758310275,0,.0182476918047323,0,.0037904010274635,0,.0234509346734893,0,.0048712159232282,0
Bangladesh,BGD,2016,.5345089721679688,.2672357940673828,.0711399984359741,.0591599988937378,.2771999931335449,.0015552322566509,.9940000152587891,.2771999931335449,BGD,.0073583175296711,.0020397255686993,.0090815799029583,.0111213054716575,.1890258407592773,.0111213054716575,0,0,.0183300018310547,2018,.2681285095214844,2017,.2512384223937988,1,1,.0246891349467984,0,.0065978205823444,0,.0194858920780414,0,.0036833371329963,0,.0246891349467984,0,.0046668844909378,0
Bangladesh,BGD,2017,.5296711730957031,.2681285095214844,.0659000015258789,.0544000005722046,.2830599975585937,.0015109434723854,.945,.2830599975585937,BGD,.0090976117048724,.0025751699469702,.0078683061752017,.0104434761221719,.1903817558288574,.0104434761221719,0,0,.0364500045776368,2019,.2718373489379883,2018,.2672357940673828,1,1,.025366964296284,0,.0068016063278473,0,.020163721427527,0,.0038388046894165,0,.025366964296284,0,.0048294072027745,0
Bangladesh,BGD,2018,.5288983917236328,.2718373489379883,.0731899976730347,.0578299999237061,.2955299949645996,.0013488054275513,.9109999847412109,.2955299949645996,BGD,.0120462421099746,.0035600258701032,.0076744999997018,.011234525869805,.1803647804260254,.011234525869805,0,0,.0495599937438965,2020,.2721469306945801,2019,.2681285095214844,1,1,.0245759145486509,0,.0066806514586318,0,.0193726716798939,0,.0034941476738095,0,.0245759145486509,0,.0044326294313362,0
Bangladesh,BGD,2019,.5292065048217773,.2721469306945801,.0788199996948242,.0547499990463257,.3195100021362305,.0012763591110706,.9690000152587891,.3195100021362305,BGD,.0175747045901904,.0056152939011553,.0077517718172313,.0133670657183867,.2080058860778809,.0133670657183867,0,0,.0366299819946289,2021,.277684440612793,2020,.2718373489379883,1,1,.0224433747000692,0,.0061078955390522,0,.0172401318313122,0,.0035860488976716,0,.0224433747000692,0,.0046683540410658,0
Bangladesh,BGD,2020,.5281836318969727,.277684440612793,.0344799995422363,.0564799976348877,.3450899887084961,.0016290821135044,1.013000030517578,.3450899887084961,BGD,.0235788517062471,.0081368256690681,.0074952450727426,.0156320707418107,.217170524597168,.0156320707418107,0,0,.0335400009155273,2022,.2775041007995606,2021,.2721469306945801,1,1,.0201783696766452,0,.0056032192961374,0,.0149751268078882,0,.0032521561447782,0,.0201783696766452,0,.0043821471281926,0
Bangladesh,BGD,2021,.5572457122802734,.2775041007995606,.0693900012969971,.0555800008773804,.3561399841308594,.0016290205717087,.835999984741211,.3561399841308594,BGD,.0238406971746748,.0084906255134573,.0147837368179145,.0232743623313718,.2135227584838867,.0232743623313718,0,0,.0411200332641601,2023,.2751653671264648,2022,.277684440612793,1,1,.0125360780870841,0,.0034788130771094,0,.0073328352183271,0,.001565727203325,0,.0125360780870841,0,.0026767379737236,0
Bangladesh,BGD,2022,.5685681915283203,.2751653671264648,.0709999990463257,.0615000009536743,.3786299896240234,.0011118793487549,.7390000152587891,.3786299896240234,BGD,.0281536250132566,.010659806746648,.0176233062997224,.0282831130463704,.2302809524536133,.0282831130463704,0,0,,,.2793084907531738,2023,.2775041007995606,0,1,,,,,.0023240845033285,0,.0005351923930092,0,.0075273273720855,0,.001733400116674,0
Bangladesh,BGD,2023,.5683826065063476,.2793084907531738,.0577500009536743,.0901599979400635,.3972600173950195,.0006808959692717,.8090000152587891,.3972600173950195,BGD,.032482264444101,.0129039049380932,.0175767633515633,.0304806682896565,.2489984130859375,.0304806682896565,0,0,,,,,.2751653671264648,0,0,,,,,,,,,,,,
Brazil,BRA,1995,.4062085723876953,.3485413360595703,.0441699981689453,.6600800323486328,,.073431978225708,1.027946929931641,,BRA,,,-.0230949330089702,,,,,,,,.3478354263305664,1996,,0,0,,,,,,,,,,,,
Brazil,BRA,1996,.4066446685791016,.3478354263305664,.0220900011062622,.1575699996948242,,.0833614826202393,1.008910903930664,,BRA,,,-.0229855642559682,,,,,,,,.3489124298095703,1997,.3485413360595703,0,0,,,,,,,,,,,,
Brazil,BRA,1997,.4051666259765625,.3489124298095703,.0339499998092651,.0692600011825562,,.069976921081543,1.065624771118164,,BRA,,,-.0233562432013684,,,,,,,,.349815559387207,1998,.3478354263305664,0,0,,,,,,,,,,,,
Brazil,BRA,1998,.4017980194091797,.349815559387207,.0033799999952316,.0319600009918213,,.059426794052124,1.064345550537109,,BRA,,,-.0242010575035548,,,,,,,,.35512939453125,1999,.3489124298095703,0,0,,,,,,,,,,,,
Brazil,BRA,1999,.3994971084594727,.35512939453125,.0046799999475479,.0485900020599365,,.0483206176757812,.9607118988037109,,BRA,,,-.0247781039586651,,,,,,,,.3601982879638672,2000,.349815559387207,0,0,,,,,,,,,,,,
Brazil,BRA,2000,.3971102523803711,.3601982879638672,.0438800001144409,.0704400014877319,.6219800186157226,.0420517587661743,.9313023376464844,.6219800186157226,BRA,.0980548028673107,.0609881281127709,-.0253767046300555,.0356114234827154,,.0356114234827154,0,0,.1389699935913087,2002,.3634035110473633,2001,.35512939453125,1,0,.0001990169357405,0,.0000716855595295,0,,,,,,,,
Brazil,BRA,2001,.3945921325683594,.3634035110473633,.0138999998569489,.0684000015258789,.6733100128173828,.0450570487976074,.9292101287841796,.6733100128173828,BRA,.1101398008131785,.0741582306972252,-.0260082249899588,.0481500057072664,.1815929985046387,.0481500057072664,0,0,.0418299865722657,2003,.3680206680297852,2002,.3601982879638672,1,1,0,.0123395652888105,0,.0044842413507519,0,.0175428081575675,0,.0031856511355243,0,.0123395652888105,0,.0022407786610389
Brazil,BRA,2002,.3914939117431641,.3680206680297852,.0305299997329712,.0844999980926514,.7609500122070313,.0461183166503906,.9164124298095703,.7609500122070313,BRA,.1306785964791088,.0994398795859756,-.0267852291345806,.072654650451395,.1860159683227539,.072654650451395,0,0,-.0806999969482423,2004,.3654304122924805,2003,.3634035110473633,1,1,0,.0368442100329391,0,.013559430789352,0,.0420474529016961,0,.0078214976670144,0,.0368442100329391,0,.0068536114063641
Brazil,BRA,2003,.3890575408935547,.3654304122924805,.0114100003242493,.1471399974822998,.7151399993896485,.0594166564941406,.9056915283203125,.7151399993896485,BRA,.1202633795298528,.086005153163576,-.0273962476367439,.0586089055268321,.249505386352539,.0586089055268321,0,0,-.0454499816894531,2005,.36120849609375,2004,.3680206680297852,1,1,0,.0227984651083762,0,.0083312525041896,0,.0280017079771332,0,.0069865769673656,0,.0227984651083762,0,.0056883398451103
Brazil,BRA,2004,.3880776977539063,.36120849609375,.0576000022888184,.0659800004959106,.680250015258789,.0603262138366699,.9209341430664062,.680250015258789,BRA,.1122616907473377,.0763660168438539,-.0276419829227489,.048724033921105,.190764045715332,.048724033921105,0,0,-.0342600250244141,2006,.3689162063598633,2005,.3654304122924805,1,1,0,.0129135935026491,0,.0046644996882579,0,.0181168363714061,0,.0034560410017721,0,.0129135935026491,0,.0024634493412886
Brazil,BRA,2005,.38504638671875,.3689162063598633,.0320199990272522,.0686999988555908,.6696900177001953,.0594089794158936,.9290000152587891,.6696900177001953,BRA,.1100559928976892,.073703399831666,-.0284022067321043,.0453011930995617,.187732105255127,.0453011930995617,0,0,-.0394400024414062,2007,.39958740234375,2006,.36120849609375,1,1,0,.0094907526811058,0,.0035012924746133,0,.0146939955498628,0,.0027585347191852,0,.0094907526811058,0,.0017817189812797
Brazil,BRA,2006,.3834361648559571,.39958740234375,.0396199989318848,.0418400001525879,.645989990234375,.0911812496185303,.9780000305175781,.645989990234375,BRA,.1046952734489959,.0676320986729021,-.0288060349715171,.038826063701385,.1691250610351563,.038826063701385,0,0,-.0317900085449219,2008,.4035470199584961,2007,.3689162063598633,1,1,0,.0030156232829291,0,.001205005074073,0,.0082188661516861,0,.0013900162395437,0,.0030156232829291,0,.0005100174717844
Brazil,BRA,2007,.383110237121582,.4035470199584961,.0607000017166138,.0364100003242493,.6302500152587891,.1805867958068848,1.014000015258789,.6302500152587891,BRA,.1010762819672565,.0637033282521651,-.0288877745293941,.0348155537227711,.1469807910919189,.0348155537227711,0,0,.01677001953125,2009,.4113357543945312,2008,.39958740234375,1,1,.0009948866956849,0,.00040148356124,0,0,.0042083561730722,0,.0006185475195147,.0009948866956849,0,.0001462292335786,0
Brazil,BRA,2008,.381610221862793,.4113357543945312,.050939998626709,.0567799997329712,.6141999816894531,.1846487808227539,1.05,.6141999816894531,BRA,.0974782861305204,.0598711615564849,-.029263964006786,.0306071975496989,.1494017028808594,.0306071975496989,0,0,.0101300048828125,2010,.425329818725586,2009,.4035470199584961,1,1,.005203242868757,0,.0021402798307181,0,6.93889390391e-18,0,1.03668256535e-18,0,.005203242868757,0,.000777373345095,0
Brazil,BRA,2009,.3789001083374023,.425329818725586,-.0012600000202656,.0488800001144409,.6470200347900391,.2275816345214844,1.016999969482422,.6470200347900391,BRA,.105292293497528,.0681262234018936,-.029943634553346,.0381825888485476,.1416294860839844,.0381825888485476,0,0,-.040680046081543,2011,.4420712280273438,2010,.4113357543945312,1,1,0,.0023721484300917,0,.0010089454617611,0,.0075753912988487,0,.001072898776541,0,.0023721484300917,0,.0003359661630688
Brazil,BRA,2010,.3785268402099609,.4420712280273438,.0752799987792969,.0503900003433228,.6243299865722656,.2560426139831543,1.185,.6243299865722656,BRA,.1000676835614421,.0624752555342329,-.0300372466289342,.0324380089052987,.1427618026733398,.0324380089052987,0,0,-.0081900024414062,2012,.4443529891967773,2011,.425329818725586,1,1,.0033724315131572,0,.0014908549404595,0,0,.0018308113555998,0,.0002613699294802,.0033724315131572,0,.0004814544022107,0
Brazil,BRA,2011,.3779646682739258,.4443529891967773,.0397399997711182,.0663600015640259,.6063399887084961,.3003884696960449,1.273000030517578,.6063399887084961,BRA,.0959463477863391,.0581761074333903,-.0301782339726177,.0279978734607726,.1495658779144287,.0279978734607726,0,0,-.0103899765014649,2013,.4426295471191406,2012,.4420712280273438,1,1,.0078125669576833,0,.0034715374809466,0,.0026093240889263,0,.0003902658481235,0,.0078125669576833,0,.0011684934357912,0
Brazil,BRA,2012,.3775794982910156,.4426295471191406,.019210000038147,.0540399980545044,.6161399841308594,.3124351501464844,1.204000015258789,.6161399841308594,BRA,.0982460776630307,.0605333367322189,-.0302748309197015,.0302585058125174,.1237079906463623,.0302585058125174,0,0,.0000300216674805,2014,.4408302688598633,2013,.4443529891967773,1,1,.0055519346059385,0,.0024574503002616,0,.0003486917371815,0,.0000431359541617,0,.0055519346059385,0,.0006868186743006,0
Brazil,BRA,2013,.3755424880981446,.4408302688598633,.0300500011444092,.062039999961853,.5959500122070313,.2916609191894531,1.170999984741211,.5959500122070313,BRA,.0937318779762527,.0558595138241357,-.0307856935895365,.0250738202345993,.1359260654449463,.0250738202345993,0,0,.1213500213623047,2015,.354705924987793,2014,.4426295471191406,1,1,.0107366201838566,0,.0047330271622957,0,.0055333773150996,0,.0007521302070638,0,.0107366201838566,0,.0014593865377684,0
Brazil,BRA,2014,.3740115356445313,.354705924987793,.0050400000810623,.063289999961853,.6161700057983398,.294043140411377,1.131999969482422,.6161700057983398,BRA,.0985350199173922,.0607143237938391,-.0311696418194375,.0295446819744016,.1529073715209961,.0295446819744016,0,0,.1580499649047852,2016,.3466515350341797,2015,.4408302688598633,1,1,.0062657584440543,0,.0022225016446484,0,.0010625155752973,0,.0001624664638188,0,.0062657584440543,0,.0009580806542658,0
Brazil,BRA,2015,.3708345413208008,.3466515350341797,-.035460000038147,.0902999973297119,.7173000335693359,.2988948440551758,1,.7173000335693359,BRA,.1222037942747866,.0876567857356047,-.0319664016039254,.0556903841316793,.2283453941345215,.0556903841316793,0,0,.1101499938964844,2017,.3500536727905273,2016,.354705924987793,1,1,0,.0198799437132234,0,.006891413004582,0,.0250831865819804,0,.0057276301262121,0,.0198799437132234,0,.0045394935825681
Brazil,BRA,2016,.3692490005493164,.3500536727905273,-.0327600002288818,.0873999977111816,.774219970703125,.3164031791687012,1.024000015258789,.774219970703125,BRA,.1355094947361313,.1049141570446028,-.0323640400617434,.0725501169828595,.1594956302642822,.0725501169828595,0,0,.073550033569336,2018,.3438246154785156,2017,.3466515350341797,1,1,0,.0367396765644036,0,.0128608587185055,0,.0419429194331606,0,.006689712370116,0,.0367396765644036,0,.0058598178693454
Brazil,BRA,2017,.3680320358276367,.3438246154785156,.0132299995422363,.0344600009918213,.8274500274658203,.3199479866027832,1.081999969482422,.8274500274658203,BRA,.1479316359229133,.1224060362074784,-.0326692431721588,.0897367930353195,.1746586608886719,.0897367930353195,0,0,.0437299346923828,2019,.3416569519042969,2018,.3500536727905273,1,1,0,.0539263526168636,0,.018541207452652,0,.0591295954856206,0,.0103274959664074,0,.0539263526168636,0,.0094187045346717
Brazil,BRA,2018,.3672471618652344,.3416569519042969,.0178400003910065,.0366499996185303,.847770004272461,.3149749755859375,1.069000015258789,.847770004272461,BRA,.1526989644089978,.1294536017094164,-.0328660820536333,.0965875196557831,.1646366119384766,.0965875196557831,0,0,.1123000335693359,2020,.3472995758056641,2019,.3438246154785156,1,1,0,.0607770792373272,0,.0207649116378712,0,.0659803221060842,0,.0108627766861551,0,.0607770792373272,0,.0100061324091499
Brazil,BRA,2019,.3689388275146485,.3472995758056641,.0122099995613098,.0373300004005432,.8711799621582031,.2963749313354492,1.07,.8711799621582031,BRA,.1579860784742631,.1376343058667314,-.0324418284916471,.1051924773750844,.1250785636901856,.1051924773750844,0,0,.0181600189208985,2021,.3518060302734375,2020,.3416569519042969,1,1,0,.0693820369566285,0,.02409635200357,0,.0745852798253855,0,.0093290196729898,0,.0693820369566285,0,.0086782055284345
Brazil,BRA,2020,.3684749603271484,.3518060302734375,-.0327699995040894,.0321199989318848,.9600700378417969,.3053229713439942,1.076999969482422,.9600700378417969,BRA,.1786061384267091,.1714744020781078,-.0325581619448052,.1389162401333025,.1187250328063965,.1389162401333025,0,0,-.1206800079345703,2022,.3500420379638672,2021,.3472995758056641,1,1,0,.1031057997148466,0,.0362732420958483,0,.1083090425836036,0,.0128589946339677,0,.1031057997148466,0,.0122412394536749
Brazil,BRA,2021,.3691458129882813,.3500420379638672,.0476300001144409,.0830200004577637,.8893399810791016,.2968484878540039,1.231999969482422,.8893399810791016,BRA,.1621748561638499,.1442285835122643,-.0323899185149336,.1118386649973307,.1221515655517578,.1118386649973307,0,0,-.0493299865722657,2023,.3504119110107422,2022,.3518060302734375,1,1,0,.0760282245788748,0,.0266130746743639,0,.0812314674476318,0,.0099225509207949,0,.0760282245788748,0,.0092869666584302
Brazil,BRA,2022,.3681671524047851,.3504119110107422,.0301699995994568,.0927999973297119,.8393900299072266,.2582935523986816,1.145,.8393900299072266,BRA,.1506857857929846,.1264841462433673,-.0326353572271682,.0938487890161991,.1335325813293457,.0938487890161991,0,0,,,.3504664611816406,2023,.3500420379638672,0,1,,,,,0,.0632415914665002,0,.0084448129558977,0,.0580383485977432,0,.0077500105043491
Brazil,BRA,2023,.3685201644897461,.3504664611816406,.0324200010299683,.045939998626709,.8400099945068359,.2735689735412598,1.171999969482422,.8400099945068359,BRA,.1508014449201751,.1266747209190192,-.0325468251732598,.0941278957457594,.1474585723876953,.0941278957457594,0,0,,,,,.3504119110107422,0,0,,,,,,,,,,,,
Canada,CAN,1995,.2875360870361328,.5884635162353515,.0268199992179871,.021489999294281,1.000839996337891,.0129732096195221,,1.000839996337891,CAN,.1944437604248053,.1946070924714878,-.0528568570851592,.1417502353863286,.1319682788848877,.1417502353863286,0,0,-.0481199645996094,1997,.5902402496337891,1996,,0,0,,,,,,,,,,,,
Canada,CAN,1996,.2879789924621582,.5902402496337891,.0168900001049042,.0157099997997284,1.002440032958984,.0168049383163452,,1.002440032958984,CAN,.1947792605375844,.1952545283530227,-.0527457806412535,.1425087477117692,.1213239574432373,.1425087477117692,0,0,-.0695400238037109,1998,.5936422348022461,1997,.5884635162353515,0,0,,,,,,,,,,,,
Canada,CAN,1997,.2877422904968261,.5936422348022461,.0428000020980835,.0162100005149841,.9527200317382812,.013989794254303,,.9527200317382812,CAN,.1832847974377705,.1746190980320572,-.05280514322981,.1218139548022472,.1076042461395264,.1218139548022472,0,0,-.0630599975585937,1999,.5909560775756836,1998,.5902402496337891,0,0,,,,,,,,,,,,
Canada,CAN,1998,.2874023818969726,.5909560775756836,.0389299988746643,.0099599999189377,.9329000091552735,.0172816920280457,,.9329000091552735,CAN,.1787221345113742,.166729880921911,-.0528903890550045,.1138394918669065,.1068910884857178,.1138394918669065,0,0,-.1285300445556641,2000,.5985620498657227,1999,.5936422348022461,0,0,,,,,,,,,,,,
Canada,CAN,1999,.2871732330322266,.5985620498657227,.0514099979400635,.0173500001430511,.8896600341796875,.0196024990081787,,.8896600341796875,CAN,.1687275902655923,.1501101937227432,-.0529478573981888,.0971623363245544,.0945220947265625,.0971623363245544,0,0,-.0750400543212891,2001,.604507942199707,2000,.5909560775756836,0,0,,,,,,,,,,,,
Canada,CAN,2000,.2869424438476563,.604507942199707,.0513899993896484,.0271900010108948,.8043699645996094,.021102352142334,.9714729309082031,.8043699645996094,CAN,.1489960497282848,.1198479472454221,-.0530057371178934,.0668422101275287,.0698891115188599,.0668422101275287,0,0,-.0083300018310547,2002,.6052193450927734,2001,.5985620498657227,1,1,0,.0310317697090728,0,.0187589512496468,0,.0362350125778298,0,.0025324328349392,0,.0310317697090728,0,.002168782813825
Canada,CAN,2001,.2870743179321289,.6052193450927734,.01875,.0252500009536743,.8146199798583984,.0218799948692322,.9677793884277344,.8146199798583984,CAN,.1513591221913983,.1233001650709417,-.0529726643590473,.0703275007118944,.068480978012085,.0703275007118944,0,0,-.0554999542236327,2003,.6059158325195313,2002,.604507942199707,1,1,0,.0345170602934385,0,.0208903926253226,0,.0397203031621955,0,.0027200852074837,0,.0345170602934385,0,.0023637620469968
Canada,CAN,2002,.2871138763427734,.6059158325195313,.0299900007247925,.0225799989700317,.7960399627685547,.0230641460418701,.9206925964355469,.7960399627685547,CAN,.1470536043112331,.1170605457008957,-.0529627434880831,.0640978022128126,.0620019912719727,.0640978022128126,0,0,-.0771499633789062,2004,.6045864868164063,2003,.6052193450927734,1,1,0,.0282873617943567,0,.0171397603714088,0,.0334906046631137,0,.0020764841780155,0,.0282873617943567,0,.0017538727590808
Canada,CAN,2003,.2873366355895996,.6045864868164063,.0180599999427795,.0275900006294251,.7591200256347657,.0220933628082275,.9792647552490235,.7591200256347657,CAN,.1384868128188617,.1051281128971313,-.0529068775999485,.0522212352971828,.044135594367981,.0522212352971828,0,0,-.0527200317382813,2005,.6190090560913086,2004,.6059158325195313,1,1,0,.0164107948787269,0,.0099217448215942,0,.0216140377474839,0,.0009539484026772,0,.0164107948787269,0,.0007243001860236
Canada,CAN,2004,.2864944839477539,.6190090560913086,.0309200000762939,.0185699999332428,.7188899993896485,.0203722262382507,1.036142654418945,.7188899993896485,CAN,.1292377008064634,.0929076906538781,-.0531180811754951,.039789609478383,.0373414874076843,.039789609478383,0,0,-.0196900177001954,2006,.6315751647949219,2005,.6045864868164063,1,1,0,.0039791690599271,0,.0024631416838132,0,.0091824119286841,0,.0003428849194071,0,.0039791690599271,0,.0001485880913443
Canada,CAN,2005,.2856869125366211,.6315751647949219,.0321000003814697,.0221399998664856,.7063999938964843,.0189035964012146,1.084000015258789,.7063999938964843,CAN,.1264093389600043,.0892955562698057,-.0533206123599818,.0359749439098239,.0244298052787781,.0359749439098239,0,0,-.0345899963378906,2007,.6763046264648438,2006,.6190090560913086,1,1,0,.000164503491368,0,.0001038963196701,0,.005367746360125,0,.0001311329983637,0,.000164503491368,0,4.01878826180e-06
Canada,CAN,2006,.2853600883483887,.6763046264648438,.0263800001144409,.0200200009346008,.6991999816894531,.0195584905147553,1.085,.6991999816894531,CAN,.1247679333311215,.087237736700551,-.0534025767399105,.0338351599606406,.0143993282318115,.0338351599606406,0,0,.0043600463867188,2008,.6766651153564454,2007,.6315751647949219,1,1,.0019752804578153,0,.0013358913121861,0,0,.0032279624109417,0,.0000464804902751,.0019752804578153,0,.000028442711662,0
Canada,CAN,2007,.2849010848999023,.6766651153564454,.0204999995231628,.0213800001144409,.6718099975585937,.022455632686615,1.123000030517578,.6718099975585937,CAN,.1184617815685942,.0795838091863839,-.0535176904138517,.0260661187725322,.0135848677158356,.0260661187725322,0,0,.1462200164794922,2009,.6806037139892578,2008,.6763046264648438,1,1,.0097443216459237,0,.0065936425306093,0,.0045410787771667,0,.000061689954475,0,.0097443216459237,0,.0001323753205404,0
Canada,CAN,2008,.2842032814025879,.6806037139892578,.0099500000476837,.0236999988555908,.7035600280761719,.0237444138526916,1.18,.7035600280761719,CAN,.1258689734010472,.0885563784599597,-.0536926928556195,.0348636856043402,.007238193154335,.0348636856043402,0,0,.1361899566650391,2010,.6822867584228516,2009,.6766651153564454,1,1,.0009467548141157,0,.0006443648427244,0,0,.0042564880546413,0,.0000308092826986,.0009467548141157,0,6.85279421437e-06,0
Canada,CAN,2009,.2841995429992676,.6822867584228516,-.0291499996185303,.0029899999499321,.818030014038086,.0303018617630005,1.033000030517578,.818030014038086,CAN,.15237595521553,.1246481047840268,-.0536936304114097,.0709544743726171,.0279470896720886,.0709544743726171,0,0,.0248099517822266,2011,.6624671173095703,2010,.6806037139892578,1,1,0,.0351440339541612,0,.0239783090044873,0,.0403472768229182,0,.0011275889633947,0,.0351440339541612,0,.0009821734683559
Canada,CAN,2010,.2829587936401367,.6624671173095703,.0309100008010864,.0177699995040894,.839749984741211,.0309046792984009,1.119000015258789,.839749984741211,CAN,.1575034961543341,.1322635584922895,-.0540047984813683,.0782587600109212,.0218650531768799,.0782587600109212,0,0,.0304000091552734,2012,.6702055358886718,2011,.6822867584228516,1,1,0,.0424483195924653,0,.0281206159150558,0,.0476515624612223,0,.001041903947176,0,.0424483195924653,0,.0009281347651584
Canada,CAN,2011,.282921257019043,.6702055358886718,.0313700008392334,.0291199994087219,.8428399658203125,.034509220123291,1.145,.8428399658203125,CAN,.1582219792858988,.1333558076133492,-.0540142123068541,.079341595306495,.0158883631229401,.079341595306495,0,0,.0341900634765625,2013,.6688584899902343,2012,.6624671173095703,1,1,0,.0435311548880391,0,.029174820989591,0,.0487343977567961,0,.0007743098081378,0,.0435311548880391,0,.0006916387960221
Canada,CAN,2012,.2826371192932129,.6688584899902343,.0175600004196167,.0151600003242493,.8701499938964844,.0353190946578979,1.115999984741211,.8701499938964844,CAN,.1645683498477066,.1431991486155364,-.0540854713303614,.089113677285175,.0183063387870789,.089113677285175,0,0,-.0126000213623048,2014,.6711984252929688,2013,.6702055358886718,1,1,0,.0533032368667191,0,.0356523225222655,0,.0585064797354761,0,.001071039439277,0,.0533032368667191,0,.0009757871125301
Canada,CAN,2013,.2824787521362305,.6711984252929688,.0232599997520447,.0093800002336502,.877030029296875,.0362237215042114,1.126999969482422,.877030029296875,CAN,.1661740082240854,.1457395953011487,-.0541251882983537,.0916144070027951,.0130244886875153,.0916144070027951,0,0,.0457999420166015,2015,.683747787475586,2014,.6688584899902343,1,1,0,.0558039665843391,0,.0374555344965099,0,.0610072094530962,0,.0007945877093787,0,.0558039665843391,0,.0007268181314962
Canada,CAN,2014,.2821852302551269,.683747787475586,.0287299990653992,.0190699994564056,.8575499725341796,.0365642881393433,1.12,.8575499725341796,CAN,.1616864017028814,.1386541693394563,-.0541988007782325,.0844553685612238,.0071604615449905,.0844553685612238,0,0,.0672299957275391,2016,.6755619049072266,2015,.6711984252929688,1,1,0,.0486449281427679,0,.0332608619895264,0,.0538481710115249,0,.0003855777577961,0,.0486449281427679,0,.0003483201373251
Canada,CAN,2015,.2819351768493653,.6755619049072266,.0064999997615814,.01125,.9228299713134765,.0387858128547668,1,.9228299713134765,CAN,.1768224103011345,.1631770198257758,-.0542615117803255,.1089155080454503,.0162674880027771,.1089155080454503,0,0,-.0129399871826171,2017,.6648044586181641,2016,.683747787475586,1,1,0,.0731050676269944,0,.0493869987444639,0,.0783083104957514,0,.0012738795015074,0,.0731050676269944,0,.0011892358105643
Canada,CAN,2016,.2820459365844726,.6648044586181641,.0103900003433228,.0142900002002716,.9247799682617187,.0398140692710876,.9940000152587891,.9247799682617187,CAN,.1772651980867448,.1639313042605672,-.0542337342983153,.1096975699622519,.0144913148880005,.1096975699622519,0,0,-.0172200012207031,2018,.6612613677978516,2017,.6755619049072266,1,1,0,.073887129543796,0,.0491204931552134,0,.079090372412553,0,.0011461234912395,0,.073887129543796,0,.0010707216603896
Canada,CAN,2017,.2831179237365722,.6612613677978516,.0303399991989136,.0159700000286102,.9098899841308594,.0404914712905884,1.025,.9098899841308594,CAN,.1737325477731047,.158077505136284,-.0539648901754596,.1041126149608244,.0049822768568993,.1041126149608244,0,0,-.0087899780273438,2019,.6523718261718749,2018,.6648044586181641,1,1,0,.0683021745423684,0,.0451655893614542,0,.0735054174111255,0,.0003662243400242,0,.0683021745423684,0,.0003403003434983
Canada,CAN,2018,.2846722602844238,.6523718261718749,.0274300003051758,.0226799988746643,.9075599670410156,.0381591367721558,1.04,.9075599670410156,CAN,.1730701632153817,.157071551623535,-.0535750774384216,.1034964741851134,.0024864706397057,.1034964741851134,0,0,.273080062866211,2020,.6497476196289063,2019,.6612613677978516,1,1,0,.0676860337666575,0,.0441564614546856,0,.0728892766354145,0,.0001812370463033,0,.0676860337666575,0,.0001682993356789
Canada,CAN,2019,.2838461494445801,.6497476196289063,.0190799999237061,.0194900000095367,.9011000061035156,.0380564546585083,1.020999984741211,.9011000061035156,CAN,.1716395845959541,.1546644307270191,-.0537822581342763,.1008821725927428,.0029823523759842,.1008821725927428,0,0,.2249600219726563,2021,.6430863189697266,2020,.6523718261718749,1,1,0,.0650717321742869,0,.0422802030853726,0,.0702749750430439,0,.0002095847387919,0,.0650717321742869,0,.0001940668350594
Canada,CAN,2020,.2835584449768067,.6430863189697266,-.0503800010681152,.0071700000762939,1.180640029907227,.0424862813949585,.9669999694824218,1.180640029907227,CAN,.2363926510081538,.2790946265561153,-.0538544116625426,.2252402148935727,.0119286215305328,.2252402148935727,0,0,-.1452300262451172,2022,.6477869415283203,2021,.6497476196289063,1,1,0,.1894297744751168,0,.1218196963704683,0,.1946330173438738,0,.0023217036012407,0,.1894297744751168,0,.0022596360863279
Canada,CAN,2021,.2824278831481933,.6477869415283203,.0595100021362305,.0339499998092651,1.126060028076172,.0472781944274902,1.125,1.126060028076172,CAN,.2238434508092522,.2520611625029337,-.0541379457539282,.1979232167490055,-.0151600885391235,.1979232167490055,0,0,-.0753500366210937,2023,.6462629699707031,2022,.6430863189697266,1,1,0,.1621127763305495,0,.1050145395618314,0,.1673160191993066,0,-.0025365256650752,0,.1621127763305495,0,-.0024576440424943
Canada,CAN,2022,.2814369773864746,.6462629699707031,.0469500017166138,.0677899980545044,1.035410003662109,.0453006839752197,1.210999984741211,1.035410003662109,CAN,.2029308334315764,.2101166149865434,-.0543864554397207,.1557301595468227,-.0099926882982254,.1557301595468227,0,0,,,.6452219390869141,2023,.6477869415283203,0,1,,,,,0,.1251229619971238,0,-.001250314758188,0,.1199197191283668,0,-.0011983203740605
Canada,CAN,2023,.2815838813781738,.6452219390869141,.0195299994945526,.0389599990844727,1.050709991455078,.0488359832763672,1.099000015258789,1.050709991455078,CAN,.2064620903843948,.2169317812235851,-.054349613323922,.162582167899663,.0029775482416153,.162582167899663,0,0,,,,,.6462629699707031,0,0,,,,,,,,,,,,
Switzerland,CHE,1995,.2934501266479492,.6113742828369141,.0051899999380112,.0179799997806549,.4927399826049805,.1487864589691162,,.4927399826049805,CHE,.076320638104072,.0376062298918014,-.0513736725256632,-.0137674426338617,.0257473707199097,-.0137674426338617,0,0,.0366900253295898,1997,.6124776840209961,1996,,0,0,,,,,,,,,,,,
Switzerland,CHE,1996,.2941618347167969,.6124776840209961,.0056800001859665,.0081000000238419,.5055899810791016,.149158182144165,,.5055899810791016,CHE,.079239936442144,.0400629179664928,-.0511951829503694,-.0111322649838766,.0248375868797302,-.0111322649838766,0,0,.0473200225830078,1998,.6172907638549805,1997,.6113742828369141,0,0,,,,,,,,,,,,
Switzerland,CHE,1997,.2942936325073242,.6172907638549805,.0206699991226196,.0051800000667572,.5294300079345703,.1334892463684082,,.5294300079345703,CHE,.0847499199679158,.0448691508010678,-.051162129325315,-.0062929785242472,.0276019740104675,-.0062929785242472,0,0,-.0097800064086914,1999,.6224048233032227,1998,.6124776840209961,0,0,,,,,,,,,,,,
Switzerland,CHE,1998,.2946639633178711,.6224048233032227,.0273099994659424,.0001899999938905,.5529100036621094,.1339758110046387,,.5529100036621094,CHE,.0901576824105297,.0498490845117733,-.0510692539007049,-.0012201693889316,.029767472743988,-.0012201693889316,0,0,-.0363500213623047,2000,.6293922805786133,1999,.6172907638549805,0,0,,,,,,,,,,,,
Switzerland,CHE,1999,.2929292106628418,.6293922805786133,.0164699995517731,.0080800002813339,.5196500015258789,.1223667240142822,,.5196500015258789,CHE,.0825930960263453,.0429195024761174,-.0515043132715186,-.0085848107954012,.0345765972137451,-.0085848107954012,0,0,-.0151200103759765,2001,.6364269638061524,2000,.6224048233032227,0,0,,,,,,,,,,,,
Switzerland,CHE,2000,.2925900459289551,.6364269638061524,.0373000001907349,.0156099998950958,.5165599822998047,.1045661544799805,,.5165599822998047,CHE,.0819043762840521,.0423085231635665,-.0515893725422447,-.0092808493786782,.0303869128227234,-.0092808493786782,0,0,.0521100234985351,2002,.6389656829833984,2001,.6293922805786133,0,0,,,,,,,,,,,,
Switzerland,CHE,2001,.2926863479614258,.6389656829833984,.0163100004196167,.0099099999666214,.5045299911499024,.0989147853851318,,.5045299911499024,CHE,.0791110986726225,.0399139219131573,-.0515652209137498,-.0116512990005925,.028369472026825,-.0116512990005925,0,0,.0573200225830077,2003,.641792221069336,2002,.6364269638061524,0,0,,,,,,,,,,,,
Switzerland,CHE,2002,.2924901580810547,.641792221069336,.0038100001215935,.0064099997282028,.5686700057983398,.1171327304840088,,.5686700057983398,CHE,.0939788753312018,.053442967579516,-.0516144234589465,.0018285441205695,.0298713517189026,.0018285441205695,0,0,.0019300079345703,2004,.6385457611083984,2003,.6389656829833984,0,0,,,,,,,,,,,,
Switzerland,CHE,2003,.2914054679870606,.6385457611083984,-.0033799999952316,.0063599997758865,.5618500137329101,.1334245491027832,,.5618500137329101,CHE,.092485364410255,.051962903263995,-.0518864533581099,.0000764499058851,.0280133390426636,.0000764499058851,0,0,-.020970001220703,2005,.6394438934326172,2004,.641792221069336,0,0,,,,,,,,,,,,
Switzerland,CHE,2004,.2917453193664551,.6394438934326172,.0250799989700317,.0080099999904633,.5706000137329101,.1395252513885498,,.5706000137329101,CHE,.0944846558433058,.0539129459217396,-.051801221883259,.0021117240384805,.0276453471183777,.0021117240384805,0,0,-.0931000137329102,2006,.6514859771728516,2005,.6385457611083984,0,0,,,,,,,,,,,,
Switzerland,CHE,2005,.2927787208557129,.6514859771728516,.0300300002098083,.0117299997806549,.5408800125122071,.1045889949798584,.909000015258789,.5408800125122071,CHE,.0875210142271947,.0473383672702861,-.0515420546755242,-.0042036874052381,.0274669051170349,-.0042036874052381,0,0,-.100780029296875,2007,.6941594696044922,2006,.6394438934326172,1,1,.040014127823694,0,.0260686431659387,0,.034810884954937,0,.0009561472740973,0,.040014127823694,0,.0010990642522743,0
Switzerland,CHE,2006,.2910999488830566,.6941594696044922,.0419299983978271,.0106400001049042,.4775,.112385082244873,.8930000305175781,.4775,CHE,.0729774095456123,.0348467130580299,-.0519630746267237,-.0171163615686938,.0254352474212646,-.0171163615686938,0,0,-.0352399826049805,2008,.7042134857177734,2007,.6514859771728516,1,1,.0529268019871497,0,.0367396407952618,0,.0477235591183927,0,.0012138605339997,0,.0529268019871497,0,.0013462063037594,0
Switzerland,CHE,2007,.2868571090698242,.7042134857177734,.0401800012588501,.0073500001430511,.4400999832153321,.1259974098205566,.8930000305175781,.4400999832153321,CHE,.0646523849878828,.0284535135479984,-.0530271382638403,-.0245736247158419,.0178682661056519,-.0245736247158419,0,0,-.0164399719238282,2009,.7046092224121093,2008,.6941594696044922,1,1,.0603840651342978,0,.0425232729900329,0,.0551808222655408,0,.0009859856161694,0,.0603840651342978,0,.0010789585443606,0
Switzerland,CHE,2008,.2870357894897461,.7046092224121093,.0242899990081787,.0242799997329712,.4422600173950195,.1213292407989502,.9209999847412109,.4422600173950195,CHE,.0651384409801138,.0288081280409496,-.0529823269238244,-.0241741988828748,.0161059749126434,-.0241741988828748,0,0,-.0352700042724609,2010,.697950439453125,2009,.7042134857177734,1,1,.0599846393013307,0,.0422657300547815,0,.0547813964325737,0,.0008823077966226,0,.0599846393013307,0,.0009661110957312,0
Switzerland,CHE,2009,.2867246437072754,.697950439453125,-.019539999961853,-.0047999998927116,.4236600112915039,.224587574005127,.9880000305175781,.4236600112915039,CHE,.0608560120034459,.0257822587325358,-.0530603593095715,-.0272781005770358,.0152967894077301,-.0272781005770358,0,0,-.0112900161743164,2011,.7124388885498046,2010,.7046092224121093,1,1,.0630885409954917,0,.0440326749122599,0,.0578852981267347,0,.0008854592152483,0,.0630885409954917,0,.000965052125649,0
Switzerland,CHE,2010,.2854768371582031,.7124388885498046,.032279999256134,.0068800002336502,.4069900131225586,.4373101425170898,.9919999694824219,.4069900131225586,CHE,.0570945240068609,.0232369010747786,-.0533732972552566,-.0301363961804781,.01486607670784,-.0301363961804781,0,0,.0115799713134765,2012,.7084923553466796,2011,.697950439453125,1,1,.065946836598934,0,.0469830909699201,0,.060743593730177,0,.0009030189239027,0,.065946836598934,0,.0009803707315191,0
Switzerland,CHE,2011,.2850455856323242,.7084923553466796,.0147300004959106,.0022800000011921,.4123699951171875,.5267310333251953,.960999984741211,.4123699951171875,CHE,.0583743969504262,.024071849785416,-.0534814510124896,-.0294096012270736,.0122984504699707,-.0294096012270736,0,0,-.0001499938964844,2013,.7095062255859375,2012,.7124388885498046,1,1,.0652200416455295,0,.0462079009212497,0,.0600167987767725,0,.0007381136271223,0,.0652200416455295,0,.000802105451827,0
Switzerland,CHE,2012,.2847354316711426,.7095062255859375,.0119700002670288,-.0069300001859665,.4185699844360352,.8365225982666016,.955999984741211,.4185699844360352,CHE,.0598345800800949,.025044959252862,-.0535592346589454,-.0285142754060834,.0115782082080841,-.0285142754060834,0,0,-.0061299896240234,2014,.7170462799072266,2013,.7084923553466796,1,1,.0643247158245393,0,.0456387863365569,0,.0591214729557823,0,.0006845207234507,0,.0643247158245393,0,.0007447649527424,0
Switzerland,CHE,2013,.2834929656982422,.7170462799072266,.0184800004959106,-.0021600000560284,.4122200012207031,.8289730072021484,.9409999847412109,.4122200012207031,CHE,.0584623741378699,.0240993599384779,-.0538708332392158,-.0297714733007379,.0080205428600311,-.0297714733007379,0,0,.0021799850463867,2015,.7278459930419922,2014,.7095062255859375,1,1,.0655819137191938,0,.0470252672615446,0,.0603786708504368,0,.0004842697173876,0,.0655819137191938,0,.0005260025498277,0
Switzerland,CHE,2014,.2820540428161621,.7278459930419922,.0248200011253357,-.0001200000010431,.4124399948120117,.8233078765869141,.9490000152587891,.4124399948120117,CHE,.0586270397458758,.0241801359686326,-.0542317013329538,-.0300515653643211,.0074436140060425,-.0300515653643211,0,0,-.0094200134277344,2016,.7259014892578125,2015,.7170462799072266,1,1,.065862005782777,0,.0479373970027028,0,.06065876291402,0,.000451520417216,0,.065862005782777,0,.0004902513487107,0
Switzerland,CHE,2015,.282400074005127,.7259014892578125,.0139900004863739,-.0114199995994568,.4143999862670898,.8961750030517578,1,.4143999862670898,CHE,.0590535474120277,.0244717892365672,-.0541449200209802,-.029673130784413,.0070548367500305,-.029673130784413,0,0,-.003589973449707,2017,.7113080596923829,2016,.7278459930419922,1,1,.0654835712028689,0,.0475346218580825,0,.0602803283341119,0,.0004252678756354,0,.0654835712028689,0,.0004619759046452,0
Switzerland,CHE,2016,.2822961807250977,.7113080596923829,.019539999961853,-.0043399998545647,.4030199813842774,.9906375885009766,1.016999969482422,.4030199813842774,CHE,.056426602954172,.0227410484721684,-.0541709754617431,-.0314299269895747,.0053775137662888,-.0314299269895747,0,0,-.0133999633789063,2018,.7016857147216797,2017,.7259014892578125,1,1,.0672403674080306,0,.0478286152740092,0,.0620371245392736,0,.0003336054912309,0,.0672403674080306,0,.000361586001387,0
Switzerland,CHE,2017,.2583941650390625,.7016857147216797,.0146099996566772,.0053500002622604,.4108100128173828,1.166385040283203,1.015999984741211,.4108100128173828,CHE,.0601195361454987,.0246977074145074,-.0601653723432801,-.0354676649287727,.0042993822693825,-.0354676649287727,0,0,-.0225,2019,.6972866821289062,2018,.7113080596923829,1,1,.0712781053472286,0,.0500148282945773,0,.0660748624784716,0,.0002840810921918,0,.0712781053472286,0,.0003064518223251,0
Switzerland,CHE,2018,.2564836502075195,.6972866821289062,.0335599994659424,.0093500000238419,.3896200180053711,1.095106582641602,1.033000030517578,.3896200180053711,CHE,.0553637735784518,.0215708344584817,-.0606445111865796,-.0390736767280979,.0027205836772919,-.0390736767280979,0,0,.0342099761962891,2020,.6965987396240234,2019,.7016857147216797,1,1,.0748841171465538,0,.0522156975892728,0,.0696808742777968,0,.0001895726491796,0,.0748841171465538,0,.0002037285067973,0
Switzerland,CHE,2019,.2562388038635254,.6965987396240234,.0111000001430511,.0036199998855591,.3883100128173828,1.176536407470703,1.055,.3883100128173828,CHE,.0550797797803475,.0213880299924854,-.0607059163073934,-.039317886314908,.0015629789233208,-.039317886314908,0,0,.009109992980957,2021,.6917594909667969,2020,.6972866821289062,1,1,.0751283267333639,0,.0523342977125231,0,.0699250838646069,0,.0001092914322918,0,.0751283267333639,0,.0001174239912286,0
Switzerland,CHE,2020,.2553505516052246,.6917594909667969,-.0236500000953674,-.0072500002384186,.4238299942016602,1.527072296142578,1.076999969482422,.4238299942016602,CHE,.0633749939070143,.0268602233001401,-.0609286814765371,-.034068458176397,.0019496101140976,-.034068458176397,0,0,-.0648400115966797,2022,.6890492248535156,2021,.6965987396240234,1,1,.0698788985948529,0,.0483393913212959,0,.0646756557260959,0,.0001260923125395,0,.0698788985948529,0,.0001362366074625,0
Switzerland,CHE,2021,.2525270080566406,.6890492248535156,.0616699981689453,.0058300000429153,.3974200057983399,1.473442077636719,1.045999984741211,.3974200057983399,CHE,.0574826492062003,.0228447547808321,-.0616367991878147,-.0387920444069826,.0039271366596222,-.0387920444069826,0,0,-.0247100067138672,2023,.6895353698730469,2022,.6917594909667969,1,1,.0746024848254385,0,.0514047843411146,0,.0693992419566815,0,.0002725403072381,0,.0746024848254385,0,.0002929741530569,0
Switzerland,CHE,2022,.2510300636291504,.6895353698730469,.0359400010108948,.0283400011062622,.3589899826049805,1.183696212768555,.975,.3589899826049805,CHE,.0487020970648219,.0174835649781265,-.0620122185300932,-.0445286535519667,.0029106554389,-.0445286535519667,0,0,,,.6913300323486328,2023,.6890492248535156,0,1,,,,,.0751358511016656,0,.0002186945736654,0,.0803390939704226,0,.0002338394208213,0
Switzerland,CHE,2023,.2512584495544434,.6913300323486328,.00875,.0213499999046326,.3727099990844727,1.097536544799805,.9580000305175781,.3727099990844727,CHE,.051861055789069,.0193291340556637,-.0619549415248253,-.0426258074691616,.0034129694104195,-.0426258074691616,0,0,,,,,.6895353698730469,0,0,,,,,,,,,,,,
Chile,CHL,1995,.3596292495727539,.4421100997924804,.0893299961090088,.0823299980163574,.1725,.0001910987123847,.5827689361572266,.1725,CHL,-.0030645803139145,-.0005286401041502,-.0347765815817776,-.0353052216859278,.0424796009063721,-.0353052216859278,0,0,-.0447000026702881,1997,.4435077285766602,1996,,1,0,.0711156621043837,0,.0314409524697774,0,,,,,,,,
Chile,CHL,1996,.3609015655517578,.4435077285766602,.049850001335144,.0735900020599365,.1458399963378906,.0001918179728091,.5098055648803711,.1458399963378906,CHL,-.0093385308295117,-.0013619313019773,-.0344574969055289,-.0358194282075061,.0327226281166077,-.0358194282075061,0,0,-.024689998626709,1998,.4358071136474609,1997,.4421100997924804,1,1,.071629868625962,0,.031768400332545,0,.066426625757205,0,.0021736537716941,0,.071629868625962,0,.0023439175530888,0
Chile,CHL,1997,.3602078628540039,.4358071136474609,.0739200019836426,.0613399982452393,.1277999973297119,.0002065982669592,.5096063232421875,.1277999973297119,CHL,-.0134610494718692,-.00172032208656,-.0346314709059961,-.0363517929925561,.0287343621253967,-.0363517929925561,0,0,.004970006942749,1999,.4304037475585937,1998,.4435077285766602,1,1,.072162233411012,0,.0314488146572075,0,.066958990542255,0,.0019240238817922,0,.072162233411012,0,.0020735357466094,0
Chile,CHL,1998,.3616713714599609,.4304037475585937,.0418100023269653,.051100001335144,.1211499977111816,.0001775989308953,.4855144119262695,.1211499977111816,CHL,-.0151165913055927,-.0018313750020734,-.0342644369479029,-.0360958119499763,.0227395057678223,-.0360958119499763,0,0,.010310001373291,2000,.4410421371459961,1999,.4358071136474609,1,1,.0719062523684322,0,.0309487204922672,0,.0667030094996752,0,.001516793469249,0,.0719062523684322,0,.0016351126404744,0
Chile,CHL,1999,.3626505661010742,.4410421371459961,-.0027399998903275,.0333699989318848,.1327700042724609,.0001643585413694,.5127587509155274,.1327700042724609,CHL,-.0125032506103423,-.0016600566369548,-.0340188642991268,-.0356789209360816,.0249596309661865,-.0356789209360816,0,0,.0107099914550781,2001,.4530197525024414,2000,.4304037475585937,1,1,.0714893613545375,0,.0315298207150076,0,.0662861184857805,0,.001654477055586,0,.0714893613545375,0,.0017843480774176,0
Chile,CHL,2000,.3616279602050781,.4530197525024414,.0497200012207031,.0384299993515015,.1314599990844726,.0001574578136206,.538487434387207,.1314599990844726,CHL,-.012725774944115,-.0016729303625026,-.0342753240753448,-.0359482544378473,.0287685441970825,-.0359482544378473,0,0,.0189900016784668,2002,.4592436218261719,2001,.4410421371459961,1,1,.0717586948563032,0,.0325081061837007,0,.0665554519875463,0,.0019147034620605,0,.0717586948563032,0,.0020643931844985,0
Chile,CHL,2001,.3601812744140625,.4592436218261719,.0315400004386902,.0356900000572205,.1434799957275391,.000145995747298,.4994591903686523,.1434799957275391,CHL,-.0098280854045435,-.0014101336518538,-.0346381390323819,-.0360482726842357,.0201877737045288,-.0360482726842357,0,0,-.0177499961853027,2003,.4687358856201172,2002,.4530197525024414,1,1,.0718587131026916,0,.0330006556650479,0,.0666554702339346,0,.0013456255492516,0,.0718587131026916,0,.0014506674388158,0
Chile,CHL,2002,.3598496246337891,.4687358856201172,.0320300006866455,.0248900008201599,.1504500007629395,.0001507429871708,.5188845443725586,.1504500007629395,CHL,-.0081878984241975,-.0012318693241674,-.0347213136246316,-.035953182948799,.0223775577545166,-.035953182948799,0,0,-.0473099994659424,2004,.4586322402954102,2003,.4592436218261719,1,1,.0717636233672549,0,.0336381855543588,0,.0665603804984979,0,.0014894587587677,0,.0717636233672549,0,.0016058946265741,0
Chile,CHL,2003,.3598789215087891,.4586322402954102,.0472300004959106,.0280999994277954,.1257299995422363,.0001486259885132,.569137077331543,.1257299995422363,CHL,-.0139143808991758,-.0017494551040839,-.0347139662486427,-.0364634213527266,.0242168498039246,-.0364634213527266,0,0,-.055329999923706,2005,.4651131820678711,2004,.4687358856201172,1,1,.0722738617711824,0,.0331471231389182,0,.0670706189024255,0,.0016242391042163,0,.0722738617711824,0,.0017502452552623,0
Chile,CHL,2004,.3589109802246094,.4651131820678711,.0667399978637695,.0105499994754791,.1031400012969971,.0001406845543534,.6952000427246093,.1031400012969971,CHL,-.0190688238388582,-.001966758515472,-.0349567166631522,-.0369234751786242,.0217790603637695,-.0369234751786242,0,0,-.0529200029373169,2006,.4779682159423828,2005,.4586322402954102,1,1,.0727339155970801,0,.0338295029276139,0,.0675306727283231,0,.0014707545977561,0,.0727339155970801,0,.0015840763382821,0
Chile,CHL,2005,.3562316131591797,.4779682159423828,.0583699989318848,.0305200004577637,.0703999996185303,.0001407030597329,.795,.0703999996185303,CHL,-.0264383421679031,-.001861259278535,-.0356286762916821,-.0374899355702171,.0176491916179657,-.0374899355702171,0,0,-.0313899993896484,2007,.492902946472168,2006,.4651131820678711,1,1,.073300375988673,0,.0350352499392119,0,.068097133119916,0,.0012018593510675,0,.073300375988673,0,.001293692381493,0
Chile,CHL,2006,.3542997741699219,.492902946472168,.0605000019073486,.0339199995994568,.0502199983596802,.0001519797183573,1.033000030517578,.0502199983596802,CHL,-.0309585451491263,-.0015547380866072,-.0361131630297443,-.0376679011163515,.0065551280975342,-.0376679011163515,0,0,-.0010599994659424,2008,.5048554611206054,2007,.4779682159423828,1,1,.0734783415348074,0,.0362176910443949,0,.0682750986660504,0,.0004475520176277,0,.0734783415348074,0,.000481659941155,0
Chile,CHL,2007,.3557843780517578,.5048554611206054,.0516800022125244,.0440799999237061,.0390100002288818,.0001254863478243,1.069000015258789,.0390100002288818,CHL,-.0336716681362853,-.0013135317817033,-.0357408385782632,-.0370543703599666,-.0067862516641617,-.0370543703599666,0,0,.0194399976730347,2009,.5088427734375,2008,.492902946472168,1,1,.0728648107784225,0,.0367861976450061,0,.0676615679096655,0,-.0004591684278268,0,.0728648107784225,0,-.0004944789434039,0
Chile,CHL,2008,.3542024230957031,.5088427734375,.0378900003433228,.0871599960327148,.0491599988937378,.0001656666584313,.9130000305175782,.0491599988937378,CHL,-.0311963047305731,-.0015336103060437,-.0361375777478742,-.0376711880539179,-.0138791692256927,-.0376711880539179,0,0,.0369100046157837,2010,.5048184967041016,2009,.5048554611206054,1,1,.0734816284723738,0,.0373905956285867,0,.0682783856036168,0,-.0009476472682497,0,.0734816284723738,0,-.0010198639565476,0
Chile,CHL,2009,.3529984664916992,.5048184967041016,-.0111800003051758,.0148399996757507,.0584499979019165,.0001836036331952,.9480000305175781,.0584499979019165,CHL,-.0289499576980861,-.0016921249667137,-.0364395185468155,-.0381316435135292,-.009653907418251,-.0381316435135292,0,0,.0528200006484985,2011,.516252555847168,2010,.5088427734375,1,1,.0739420839319851,0,.0373273316537132,0,.0687388410632281,0,-.0006635984076623,0,.0739420839319851,0,-.0007138300325919,0
Chile,CHL,2010,.3521058273315429,.516252555847168,.0585200023651123,.014099999666214,.0860700035095215,.0001908413693309,1.154000015258789,.0860700035095215,CHL,-.022483716379879,-.0019351735477233,-.0366633839089784,-.0385985574567017,.0022074100375175,-.0385985574567017,0,0,.0333199977874756,2012,.5222876739501953,2011,.5048184967041016,1,1,.0744089978751576,0,.0384138353310766,0,.0692057550064006,0,.0001527654782551,0,.0744089978751576,0,.0001642511687912,0
Chile,CHL,2011,.3503188705444336,.5222876739501953,.0622399997711182,.0334100008010864,.111269998550415,.0002707980945706,1.171999969482422,.111269998550415,CHL,-.0165071715376888,-.0018367529530701,-.0371115355767203,-.0389482885297904,.0039896351099014,-.0389482885297904,0,0,.0165700054168701,2013,.5382090759277344,2012,.516252555847168,1,1,.0747587289482463,0,.0390455626498527,0,.0695554860794893,0,.000277501009349,0,.0747587289482463,0,.0002982600497835,0
Chile,CHL,2012,.3456612014770508,.5382090759277344,.0615500020980835,.0300600004196167,.1193900012969971,.0002533041313291,1.090999984741211,.1193900012969971,CHL,-.0142587882257727,-.0017023567447686,-.0382796344224199,-.0399819911671885,.0046272927522659,-.0399819911671885,0,0,.0308100032806396,2014,.5437157821655273,2013,.5222876739501953,1,1,.0757924315856444,0,.0407921745660257,0,.0705891887168874,0,.000326636841338,0,.0757924315856444,0,.0003507137693529,0
Chile,CHL,2013,.3440798568725586,.5437157821655273,.0330900001525879,.017940000295639,.1278400039672851,.0002419187128544,1.056999969482422,.1278400039672851,CHL,-.0121771243747182,-.0015567236283741,-.0386762205216978,-.0402329441500719,.003577264547348,-.0402329441500719,0,0,.0459099960327148,2015,.5618909454345703,2014,.5382090759277344,1,1,.0760433845685277,0,.041345988319191,0,.0708401416997708,0,.0002534139274317,0,.0760433845685277,0,.0002720273036773,0
Chile,CHL,2014,.3378392028808594,.5618909454345703,.0179299998283386,.0471500015258789,.1502000045776367,.0002339229919016,1.026999969482422,.1502000045776367,CHL,-.0065062154539404,-.0009772335909649,-.0402413168431954,-.0412185504341604,.0064412236213684,-.0412185504341604,0,0,.0608099937438965,2016,.5545716094970703,2015,.5437157821655273,1,1,.0770289908526163,0,.0432818924960474,0,.0718257479838593,0,.0004626457045361,0,.0770289908526163,0,.00049616095541,0
Chile,CHL,2015,.337793197631836,.5545716094970703,.0215199995040894,.0434899997711182,.17375,.0002187692373991,1,.17375,CHL,-.001049339159319,-.0001823226789317,-.0402528545195531,-.0404351771984847,.0095034658908844,-.0404351771984847,0,0,.062770004272461,2017,.5386377716064453,2016,.5618909454345703,1,1,.0762456176169406,0,.0422836548789249,0,.0710423747481836,0,.0006751487852268,0,.0762456176169406,0,.000724597626352,0
Chile,CHL,2016,.3392568206787109,.5386377716064453,.0175300002098083,.0378699994087219,.2110099983215332,.0002253054082394,1.038000030517578,.2110099983215332,CHL,.007462915377746,.0015747497613319,-.0398857918607724,-.0383110420994405,.0125077068805695,-.0383110420994405,0,0,.0469700050354004,2018,.5376282501220703,2017,.5545716094970703,1,1,.0741214825178964,0,.0399246301716058,0,.0689182396491394,0,.0008620091402563,0,.0741214825178964,0,.0009270897768871,0
Chile,CHL,2017,.339239616394043,.5376282501220703,.0135800004005432,.0218199992179871,.2365200042724609,.0002139886654913,1.143000030517578,.2365200042724609,CHL,.013371375735235,.0031625978460265,-.0398901065307867,-.0367275086847603,.015788322687149,-.0367275086847603,0,0,.0467799949645996,2019,.5384768676757813,2018,.5386377716064453,1,1,.0725379491032162,0,.0389984506438059,0,.0673347062344592,0,.001063102070074,0,.0725379491032162,0,.0011452525475056,0
Chile,CHL,2018,.3336594772338867,.5384768676757813,.0399000000953674,.0231900000572205,.2579800033569336,.0002104091271758,1.113000030517578,.2579800033569336,CHL,.0187816770310076,.0048452971035082,-.0412895520511797,-.0364442549476715,.0153317034244537,-.0364442549476715,0,0,.0658200073242187,2020,.5298571395874023,2019,.5376282501220703,1,1,.0722546953661274,0,.0389074820356201,0,.0670514524973704,0,.0010280129838685,0,.0722546953661274,0,.0011077875603777,0
Chile,CHL,2019,.3326260757446289,.5298571395874023,.0063400000333786,.0225399994850159,.2832999992370606,.0002132619172335,1.094000015258789,.2832999992370606,CHL,.024726452779913,.0070050040536846,-.0415487192589145,-.0345437152052299,.0147683763504028,-.0345437152052299,0,0,.0811800193786621,2021,.5295795822143554,2020,.5384768676757813,1,1,.0703541556236858,0,.0372776516568531,0,.0651509127549288,0,.000962173199137,0,.0703541556236858,0,.0010390166480654,0
Chile,CHL,2020,.3331570816040039,.5295795822143554,-.0614300012588501,.0304500007629395,.3238000106811523,.0002188969962299,1.218000030517578,.3238000106811523,CHL,.0340626737058082,.0110294941097693,-.041415548069115,-.0303860539593457,.0236438870429993,-.0303860539593457,0,0,.0552700042724609,2022,.5330508422851562,2021,.5298571395874023,1,1,.0661964943778016,0,.0350563118366511,0,.0609932515090446,0,.0014421175490651,0,.0661964943778016,0,.0015651424357113,0
Chile,CHL,2021,.3337310791015625,.5330508422851562,.113149995803833,.0452500009536743,.3644800186157227,.0002573286555707,1.368000030517578,.3644800186157227,CHL,.0434371768428219,.0158319830242861,-.0412715949877275,-.0254396119634414,.0238405513763428,-.0254396119634414,0,0,.0296699905395508,2023,.5325830841064453,2022,.5295795822143554,1,1,.0612500523818973,0,.0326493920121803,0,.0560468095131403,0,.0013361868416781,0,.0612500523818973,0,.0014602350206143,0
Chile,CHL,2022,.332513656616211,.5325830841064453,.0215400004386902,.1164400005340576,.3790700149536133,.0001921866834164,1.25,.3790700149536133,CHL,.0469118562792337,.0177828780612709,-.0415769129008928,-.023794034839622,.0170909738540649,-.023794034839622,0,0,,,.5308937454223632,2023,.5330508422851562,0,1,,,,,.0544012323893209,0,.0009297700403948,0,.0596044752580779,0,.0010186985282211,0
Chile,CHL,2023,.3322364807128906,.5308937454223632,.0052100002765656,.0758199977874756,.3941500091552734,.0002267608419061,1.296999969482422,.3941500091552734,CHL,.0504256882236145,.0198752854749986,-.0416464259659132,-.0217711404909145,.0143693029880524,-.0217711404909145,0,0,,,,,.5325830841064453,0,0,,,,,,,,,,,,
China,CHN,1995,.4068375015258789,.3626593399047852,.1101599979400635,.1679400062561035,.2142399978637695,.006910388469696,1.080962905883789,.2142399978637695,CHN,.0028696816230816,.0006148005847987,-.0229372035976035,-.0223224030128048,.0501381778717041,-.0223224030128048,0,0,-.0103000068664551,1997,.3636147689819336,1996,,1,0,.0581328434312607,0,.0210824186255692,0,,,,,,,,
China,CHN,1996,.4039718627929688,.3636147689819336,.099680004119873,.083120002746582,.2122100067138672,.0087447661161423,1.123365631103516,.2122100067138672,CHN,.0026260995316981,.0005572845992529,-.0236558783784173,-.0230985937791644,.0529446172714233,-.0230985937791644,0,0,-.0078300094604492,1998,.3603414154052734,1997,.3626593399047852,1,1,.0589090341976203,0,.0214201948607165,0,.0537057913288633,0,.0028434325671656,0,.0589090341976203,0,.0031189162694222,0
China,CHN,1997,.4012466430664062,.3603414154052734,.0931900024414063,.0278099989891052,.2039399909973144,.010485063791275,1.168574523925781,.2039399909973144,CHN,.0009264785788175,.0001889460330232,-.0243393374157216,-.0241503913826983,.068447413444519,-.0241503913826983,0,0,.0121500015258789,1999,.3571147155761719,1998,.3636147689819336,1,1,.0599608318011542,0,.0216063710001054,0,.0547575889323972,0,.0037480153288808,0,.0599608318011542,0,.0041041638447709,0
China,CHN,1998,.3993429565429688,.3571147155761719,.0793400001525879,-.0078100001811981,.204379997253418,.0101385319232941,1.173178787231445,.204379997253418,CHN,.0011788224901438,.0002409277372978,-.0248167637846694,-.0245758360473716,.0738715267181397,-.0245758360473716,0,0,.0227000045776367,2000,.3585369110107422,1999,.3603414154052734,1,1,.0603862764658274,0,.0215648279447981,0,.0551830335970705,0,.004076454940754,0,.0603862764658274,0,.0044608264353543,0
China,CHN,1999,.3982910537719727,.3585369110107422,.0775699996948242,-.0140100002288818,.2160899925231934,.009936301112175,1.104099884033203,.2160899925231934,CHN,.003973526778017,.0008586393717524,-.0250805709368764,-.024221931565124,.052090802192688,-.024221931565124,0,0,.0264300155639648,2001,.3629275894165039,2000,.3571147155761719,1,1,.0600323719835799,0,.0215238212116405,0,.0548291291148229,0,.0028560933191176,0,.0600323719835799,0,.0031271344141545,0
China,CHN,2000,.3979897689819336,.3629275894165039,.0857199954986572,.0035199999809265,.2270800018310547,.0097385334968567,1.060373153686524,.2270800018310547,CHN,.0065421866565211,.0014855997579419,-.0251561302800543,-.0236705305221124,.0545289993286133,-.0236705305221124,0,0,.0284499931335449,2002,.3579041671752929,2001,.3585369110107422,1,1,.0594809709405683,0,.0215872853996136,0,.0542777280718112,0,.0029597101975865,0,.0594809709405683,0,.0032434378244835,0
China,CHN,2001,.3964270782470703,.3579041671752929,.0831900024414062,.0072399997711182,.2425200080871582,.0115183961391449,1.033232269287109,.2425200080871582,CHN,.0102409824492946,.0024836431464234,-.0255480381672767,-.0230643950208533,.0487405300140381,-.0230643950208533,0,0,.021659984588623,2003,.355137939453125,2002,.3629275894165039,1,1,.0588748354393092,0,.0210715489454884,0,.0536715925705522,0,.0026159818685862,0,.0588748354393092,0,.0028695906838012,0
China,CHN,2002,.3953683090209961,.355137939453125,.0921399974822998,-.0076599997282028,.2555299949645996,.0142696726322174,.9767273712158203,.2555299949645996,CHN,.013337255663685,.003408068872583,-.0258135673607311,-.0224054984881481,.0358653903007507,-.0224054984881481,0,0,.0044700050354004,2004,.3642817306518555,2003,.3579041671752929,1,1,.058215938906604,0,.0206746885866203,0,.053012696037847,0,.0019013210342924,0,.058215938906604,0,.00208793737061,0
China,CHN,2003,.409591178894043,.3642817306518555,.1012100028991699,.0116199994087219,.2641799926757812,.0181137204170227,.9854136657714844,.2641799926757812,CHN,.0142161597849863,.0037556249878754,-.0222466076560183,-.0184909826681429,.0444003057479858,-.0184909826681429,0,0,-.0050799942016602,2005,.3680208206176758,2004,.355137939453125,1,1,.0543014230865988,0,.0197810163788448,0,.0490981802178418,0,.0021799742133419,0,.0543014230865988,0,.0024109997875957,0
China,CHN,2004,.4070658111572266,.3680208206176758,.1011499977111816,.0389299988746643,.26,.0246213150024414,.962476577758789,.26,CHN,.0134478300473038,.003496435812299,-.0228799457261272,-.0193835099138283,.0287309956550598,-.0193835099138283,0,0,-.0082600021362305,2006,.3969202041625977,2005,.3642817306518555,1,1,.0551939503322842,0,.0203125228944185,0,.0499907074635272,0,.001436282798928,0,.0551939503322842,0,.0015857771471824,0
China,CHN,2005,.4063915252685547,.3969202041625977,.114370002746582,.0180900001525879,.2590999984741211,.0294880032539368,.9380000305175781,.2590999984741211,CHN,.0132927170897056,.0034441429776596,-.0230490501766226,-.019604907198963,.0257707118988037,-.019604907198963,0,0,.0279800033569336,2007,.4757879638671875,2006,.3680208206176758,1,1,.0554153476174189,0,.0219954710900472,0,.0502121047486619,0,.0012940016853103,0,.0554153476174189,0,.0014280929582206,0
China,CHN,2006,.4039726257324219,.4757879638671875,.1266499996185303,.0146700000762939,.2517399978637695,.0340228509902954,.9490000152587891,.2517399978637695,CHN,.0117796096490343,.0029653989078839,-.0236556870405009,-.020690288132617,.0258121681213379,-.020690288132617,0,0,.0154100036621094,2008,.4907054901123047,2007,.3969202041625977,1,1,.0565007285510729,0,.0268823665943276,0,.0512974856823159,0,.0013240993246339,0,.0565007285510729,0,.0014584063043384,0
China,CHN,2007,.4016443252563476,.4907054901123047,.141540002822876,.0477400016784668,.2870800018310547,.0426447439193726,.9390000152587891,.2870800018310547,CHN,.0201469609795113,.0057837895948883,-.0242396025268092,-.0184558129319209,.0213668060302734,-.0184558129319209,0,0,.0527700042724609,2009,.5104647064208985,2008,.4757879638671875,1,1,.0542662533503769,0,.0266287484468552,0,.0490630104816198,0,.001048319828222,0,.0542662533503769,0,.0011594965093272,0
China,CHN,2008,.3991418075561524,.5104647064208985,.0963799953460693,.0584499979019165,.2671500015258789,.0494519662857056,.889000015258789,.2671500015258789,CHN,.0157297512878532,.0042022030805517,-.0248672100263226,-.0206650069457709,.0182081055641174,-.0206650069457709,0,0,.0662799835205078,2010,.5235139083862305,2009,.4907054901123047,1,1,.0564754473642268,0,.028828722658769,0,.0512722044954698,0,.0009335697119585,0,.0564754473642268,0,.0010283109073886,0
China,CHN,2009,.3966464233398437,.5235139083862305,.0944499969482422,-.0069199997186661,.3398500061035156,.0563735675811768,.965999984741211,.3398500061035156,CHN,.0327613950132715,.01113396029522,-.0254930285163179,-.0143590682210979,.0179141318798065,-.0143590682210979,0,0,-.0080100250244141,2011,.5593957901000977,2010,.5104647064208985,1,1,.0501695086395538,0,.0262644355497095,0,.0449662657707968,0,.0008055316151605,0,.0501695086395538,0,.0008987431941141,0
China,CHN,2010,.3933823394775391,.5593957901000977,.1058699989318848,.0332999992370605,.3334299850463867,.0605535173416138,.87,.3334299850463867,CHN,.0315327476879597,.0105139635900679,-.0263116295239603,-.0157976659338924,.0182648396492004,-.0157976659338924,0,0,.0048200225830078,2012,.5647366714477539,2011,.5235139083862305,1,1,.0516081063523483,0,.0288693574285418,0,.0464048634835913,0,.0008475773904708,0,.0516081063523483,0,.0009426137871245,0
China,CHN,2011,.3913857650756836,.5647366714477539,.0945100021362305,.0541599988937378,.3318399810791016,.0617989015579224,.8380000305175781,.3318399810791016,CHN,.0313223634435296,.0103940124924536,-.0268123512842273,-.0164183387917737,.0182290685176849,-.0164183387917737,0,0,.0325400161743164,2013,.5692396926879882,2012,.5593957901000977,1,1,.0522287792102296,0,.0294955069249647,0,.0470255363414726,0,.0008572317240496,0,.0522287792102296,0,.0009520819948183,0
China,CHN,2012,.3905459594726562,.5692396926879882,.0784800004959106,.0262100005149841,.3382500076293946,.0596408033370972,.860999984741211,.3382500076293946,CHN,.0328730433232997,.0111193071549075,-.027022966495681,-.0159036593407734,.0175566673278809,-.0159036593407734,0,0,.0548299789428711,2014,.5762224578857422,2013,.5647366714477539,1,1,.0517140997592293,0,.0294377182545797,0,.0465108568904723,0,.0008165756415607,0,.0517140997592293,0,.0009079272456336,0
China,CHN,2013,.3887555313110351,.5762224578857422,.0777099990844727,.02625,.364379997253418,.0633920812606811,.8719999694824219,.364379997253418,CHN,.0390652122011163,.0142345819145469,-.0274719887509424,-.0132374068363955,.0185110521316528,-.0132374068363955,0,0,.0434400177001953,2015,.4316226196289062,2014,.5692396926879882,1,1,.0490478472548514,0,.0282624710991949,0,.0438446043860944,0,.0008116097574827,0,.0490478472548514,0,.0009079272574799,0
China,CHN,2014,.3875256729125977,.4316226196289062,.0749100017547607,.0199500000476837,.3930799865722656,.059273099899292,.8959999847412109,.3930799865722656,CHN,.0458081864944372,.0180062813321332,-.0277804254721447,-.0097741441400115,.0196827685832977,-.0097741441400115,0,0,.1072500228881836,2016,.4439732360839844,2015,.5762224578857422,1,1,.0455845845584674,0,.0196753378018211,0,.0403813416897104,0,.0007948166035616,0,.0455845845584674,0,.0008972308288301,0
China,CHN,2015,.3863378143310547,.4439732360839844,.0701800012588501,.0144200003147125,.4078200149536133,.0483592557907105,1,.4078200149536133,CHN,.0493152708181543,.0201117544825012,-.0280783290410503,-.0079665745585491,.0176767671108246,-.0079665745585491,0,0,.131089973449707,2017,.4460137557983399,2016,.4316226196289062,1,1,.043777014977005,0,.019435823005438,0,.038573772108248,0,.0006818595861435,0,.043777014977005,0,.0007738360985556,0
China,CHN,2016,.3863130950927735,.4460137557983399,.0677600002288818,.0199600005149841,.5003300094604493,.0411994981765747,.9980000305175781,.5003300094604493,CHN,.0707388520640664,.0353927705224357,-.028084528389541,.0073082421328947,.0235140657424927,.0073082421328947,0,0,.0584199905395507,2018,.4565662002563476,2017,.4439732360839844,1,1,.0285021982855612,0,.0127123725058521,0,.0232989554168042,0,.0005478531694021,0,.0285021982855612,0,.0006702025642922,0
China,CHN,2017,.3855410766601562,.4565662002563476,.0689099979400635,.015789999961853,.5389099884033203,.0402608728408813,.9430000305175781,.5389099884033203,CHN,.0797334532373584,.0429691543595015,-.0282781432271244,.014691011132377,.0259110713005066,.014691011132377,0,0,.0594700241088868,2019,.4620459747314453,2018,.4460137557983399,1,1,.0211194292860789,0,.0096424175807277,0,.0159161864173219,0,.0004124054410914,0,.0211194292860789,0,.0005472270380576,0
China,CHN,2018,.3847931671142578,.4620459747314453,.0675899982452393,.0209200000762939,.55875,.0369257497787476,.915,.55875,CHN,.0843867194641933,.047151079500618,-.0284657117865504,.0186853677140677,.0278832626342773,.0186853677140677,0,0,.1425900268554687,2020,.52802490234375,2019,.4565662002563476,1,1,.0171250727043882,0,.0079125709100459,0,.0119218298356312,0,.0003324195123881,0,.0171250727043882,0,.0004775028998476,0
China,CHN,2019,.3839722442626953,.52802490234375,.0606500005722046,.0290499997138977,.5983800125122071,.0354151916503906,.9269999694824219,.5983800125122071,CHN,.0936283316741222,.0560253222786583,-.0286715913845737,.0273537308940846,.0303930449485779,.0273537308940846,0,0,.1229299545288085,2021,.5450856399536133,2020,.4620459747314453,1,1,.0084567095243713,0,.0044653532207556,0,.0032534666556143,0,.0000988827583028,0,.0084567095243713,0,.0002570251526913,0
China,CHN,2020,.3835903549194336,.5450856399536133,.0233699989318848,.0249000000953674,.7013400268554687,.0360491561889648,.985,.7013400268554687,CHN,.1174999496002732,.0824074178081718,-.028767365578617,.0536400522295548,.0372304654121399,.0536400522295548,0,0,.0715999603271484,2022,.5505420303344727,2021,.52802490234375,1,1,0,.0178296118110989,0,.0097186653641774,0,.0230328546798559,0,.0008575238995012,0,.0178296118110989,0,.000663804745845
China,CHN,2021,.3823302841186523,.5505420303344727,.0855599975585938,.009190000295639,.7213099670410156,.0339072108268738,.8919999694824219,.7213099670410156,CHN,.1222237802728535,.0881612309202403,-.0290833792813079,.0590778516389324,.0342573714256287,.0590778516389324,0,0,.1195300292968751,2023,.55301025390625,2022,.5450856399536133,1,1,0,.0232674112204765,0,.0128096878139482,0,.0284706540892335,0,.0009753297718655,0,.0232674112204765,0,.0007970803482927
China,CHN,2022,.3813139724731445,.55301025390625,.0311199998855591,.0197599995136261,.7729399871826171,.0317222142219543,.895,.7729399871826171,CHN,.1342595583310383,.1037745812955366,-.0293382605197158,.0744363207758208,.0363306093215942,.0744363207758208,0,0,,,.5556672286987304,2023,.5505420303344727,0,1,,,,,0,.0438291232261219,0,.0015923387528362,0,.0386258803573649,0,.0014033017689661
China,CHN,2023,.3815280151367187,.5556672286987304,.053769998550415,.0022800000011921,.8408399963378906,.0314027047157288,.9019999694824219,.8408399963378906,CHN,.1499655775291819,.126097055660447,-.0292845806672758,.0968124749931712,.035118727684021,.0968124749931712,0,0,,,,,.55301025390625,0,0,,,,,,,,,,,,
Côte d'Ivoire,CIV,1995,.4943402481079102,.3107380294799805,.0557200002670288,.1410000038146973,,,.7085581207275391,,CIV,,,-.0009923518274781,,,,,,,,.3097897148132324,1996,,0,0,,,,,,,,,,,,
Côte d'Ivoire,CIV,1996,.4927765655517578,.3097897148132324,.0813599967956543,.0270000004768372,,,.6883381652832031,,CIV,,,-.0013845084539918,,,,,,,,.3046832466125488,1997,.3107380294799805,0,0,,,,,,,,,,,,
Côte d'Ivoire,CIV,1997,.4937680435180664,.3046832466125488,.0572300004959106,.0630100011825561,.8418199920654297,,.6815338134765625,.8418199920654297,CIV,.1413217247828205,.1189674532353468,-.001135855264762,.1178315979705848,.2222838592529297,.1178315979705848,0,0,-.0616400146484375,1999,.2991402053833008,1998,.3097897148132324,0,0,,,,,,,,,,,,
Côte d'Ivoire,CIV,1998,.4963251495361328,.2991402053833008,.0493100023269653,.0450299978256226,.7516000366210938,,.6775828552246094,.7516000366210938,CIV,.1202282806018746,.0903635801032601,-.0004945575373318,.0898690225659284,.2007499313354492,.0898690225659284,0,0,-.0117300415039062,2000,.2839885711669922,1999,.3046832466125488,0,0,,,,,,,,,,,,
Côte d'Ivoire,CIV,1999,.5000315093994141,.2839885711669922,.0161800003051758,.0074400001764297,.7801799774169922,,.6863826751708985,.7801799774169922,CIV,.1265533272670165,.0987343720092262,.0004349620604354,.0991693340696615,.228629035949707,.0991693340696615,0,0,-.0684600067138672,2001,.2690404891967774,2000,.2991402053833008,0,0,,,,,,,,,,,,
Côte d'Ivoire,CIV,2000,.5010405349731445,.2690404891967774,-.0206800007820129,.0253399991989136,.7398699951171875,,.5807853317260743,.7398699951171875,CIV,.1171393946412397,.0866679233412443,.0006880160217418,.0873559393629861,.2425500106811523,.0873559393629861,0,0,-.1100500106811524,2002,.2644327163696289,2001,.2839885711669922,0,0,,,,,,,,,,,,
Côte d'Ivoire,CIV,2001,.5016775894165039,.2644327163696289,.0012099999934435,.0435500001907349,.711719970703125,,.6492989349365235,.711719970703125,CIV,.110570621979987,.0786953198362226,.000847783181918,.0795431030181406,.1886636924743652,.0795431030181406,0,0,-.1479099655151367,2003,.2598292922973633,2002,.2690404891967774,0,0,,,,,,,,,,,,
Côte d'Ivoire,CIV,2002,.5013982391357422,.2598292922973633,-.0166799998283386,.0307999992370605,.6298199844360352,,.8316654205322266,.6298199844360352,CIV,.0916279275991192,.0577090999343834,.000777724803836,.0584868247382194,.165235538482666,.0584868247382194,0,0,-.0626399993896485,2004,.2507492065429687,2003,.2644327163696289,0,0,,,,,,,,,,,,
Côte d'Ivoire,CIV,2003,.5012282180786133,.2507492065429687,-.0136000001430511,.0329699993133545,.5638100051879883,,.7966960906982422,.5638100051879883,CIV,.0763560847925997,.0430503245630501,.000735085149171,.0437854097122211,.1240581703186035,.0437854097122211,0,0,.0178300094604492,2005,.2355785942077637,2004,.2598292922973633,0,0,,,,,,,,,,,,
Côte d'Ivoire,CIV,2004,.4971598434448242,.2355785942077637,.0123199999332428,.0145899999141693,.5671799850463867,,.7551221466064453,.5671799850463867,CIV,.0774579778155161,.0439326146991278,-.0002852242899178,.04364739040921,.1203688812255859,.04364739040921,0,0,.0075300216674805,2006,.2171926307678223,2005,.2507492065429687,0,0,,,,,,,,,,,,
Côte d'Ivoire,CIV,2005,.4947231674194336,.2171926307678223,.0172099995613098,.038840000629425,.5816400146484375,,.8180000305175781,.5816400146484375,CIV,.080998924645159,.047112215717118,-.0008963193272477,.0462158963898703,.1133561325073242,.0462158963898703,0,0,-.0463100051879883,2007,.1793415451049805,2006,.2355785942077637,0,0,,,,,,,,,,,,
Côte d'Ivoire,CIV,2006,.4963334655761719,.1793415451049805,.0151600003242493,.0246600008010864,.5747100067138672,,.83,.5747100067138672,CIV,.0792669426772897,.0455555051582529,-.0004924719540433,.0450630332042096,.0937662887573242,.0450630332042096,0,0,-.0623099899291992,2008,.1965656852722168,2007,.2171926307678223,0,0,,,,,,,,,,,,
Côte d'Ivoire,CIV,2007,.5038493728637695,.1965656852722168,.0176499998569489,.0189600002765656,.5353300094604492,,.87,.5353300094604492,CIV,.06955409249974,.0372343929958988,.0013924456946812,.03862683869058,.08537428855896,.03862683869058,0,0,-.0705699920654296,2009,.1946445083618164,2008,.1793415451049805,0,0,,,,,,,,,,,,
Côte d'Ivoire,CIV,2008,.5030231857299805,.1946445083618164,.0254299998283386,.017059999704361,.512400016784668,,.8969999694824219,.512400016784668,CIV,.0643097170005788,.0329523000705138,.0011852458650349,.0341375459355487,.0872739887237549,.0341375459355487,0,0,-.0562800216674805,2010,.2005732154846191,2009,.1965656852722168,0,0,,,,,,,,,,,,
Côte d'Ivoire,CIV,2009,.4994078826904297,.2005732154846191,.0325099992752075,.0051800000667572,.4647600173950195,,.9430000305175781,.4647600173950195,CIV,.0535639238492023,.0248943701799008,.0002785624475875,.0251729326274883,.0794979095458984,.0251729326274883,0,0,.0355199813842773,2011,.1833553695678711,2010,.1946445083618164,0,0,,,,,,,,,,,,
Côte d'Ivoire,CIV,2010,.4938960647583008,.1833553695678711,.0201799988746643,.0175100004673004,.4561199951171875,,1.01,.4561199951171875,CIV,.0519988601835097,.0237177198530018,-.0011037487623937,.0226139710906081,.0869896411895752,.0226139710906081,0,0,-.2091899871826172,2012,.1843300628662109,2011,.2005732154846191,0,0,,,,,,,,,,,,
Côte d'Ivoire,CIV,2011,.4962693405151367,.1843300628662109,-.0485699987411499,.0489499998092651,.5002799987792969,,1,.5002799987792969,CIV,.0620369874351684,.0310358639983373,-.0005085539059149,.0305273100924224,.1270857620239258,.0305273100924224,0,0,-.2540399932861328,2013,.1978211784362793,2012,.1833553695678711,0,0,,,,,,,,,,,,
Côte d'Ivoire,CIV,2012,.4989559173583984,.1978211784362793,.1086400032043457,.0129999995231628,.2469300079345703,,.8869999694824219,.2469300079345703,CIV,.003158896279747,.0007800262834224,.0001652138659248,.0009452401493473,.0888568305969238,.0009452401493473,0,0,.0201699829101563,2014,.2096818542480469,2013,.1843300628662109,0,0,,,,,,,,,,,,
Côte d'Ivoire,CIV,2013,.4874742889404297,.2096818542480469,.0927200031280518,.0258400011062622,.246240005493164,,.8769999694824219,.246240005493164,CIV,.003906558470624,.0009619509792658,-.0027142687052397,-.0017523177259738,.0706659173965454,-.0017523177259738,0,0,.0454800033569336,2015,.2475912857055664,2014,.1978211784362793,0,0,,,,,,,,,,,,
Côte d'Ivoire,CIV,2014,.4910857772827149,.2475912857055664,.0879399967193604,.0051499998569489,.2670999908447266,,.9440000152587891,.2670999908447266,CIV,.0084514692244986,.0022573873524881,-.0018085419773742,.0004488453751139,.064858922958374,.0004488453751139,0,0,.0440800094604492,2016,.2684986114501953,2015,.2096818542480469,0,0,,,,,,,,,,,,
Côte d'Ivoire,CIV,2015,.4883872985839844,.2684986114501953,.088430004119873,.0105499994754791,.2917200088500976,,1,.2917200088500976,CIV,.0143657557426259,.0041907783923772,-.0024852946207094,.0017054837716677,.0759336090087891,.0017054837716677,0,0,.0342300033569336,2017,.2855529975891113,2016,.2475912857055664,0,0,,,,,,,,,,,,
Côte d'Ivoire,CIV,2016,.4908026123046875,.2855529975891113,.0717199993133545,.0076300001144409,.3111800003051758,,.9880000305175781,.3111800003051758,CIV,.0186810221986987,.005813160493492,-.0018795570450381,.0039336034484539,.0860156154632568,.0039336034484539,0,0,.0419900131225586,2018,.2819094085693359,2017,.2684986114501953,0,0,,,,,,,,,,,,
Côte d'Ivoire,CIV,2017,.4860490798950196,.2819094085693359,.0741200017929077,.0073699998855591,.3259500122070312,,.8540000152587891,.3259500122070312,CIV,.0224768590489418,.0073263324813783,-.0030716974999307,.0042546349814476,.0838557434082031,.0042546349814476,0,0,.0462099838256836,2019,.290921516418457,2018,.2855529975891113,0,0,,,,,,,,,,,,
Côte d'Ivoire,CIV,2018,.4848112869262695,.290921516418457,.0484200000762939,.0061599999666214,.3531700134277344,,.8630000305175781,.3531700134277344,CIV,.0288777541871592,.0101987568340418,-.0033821241354633,.0068166326985785,.0911572074890137,.0068166326985785,0,0,.1099799728393555,2020,.2973394012451172,2019,.2819094085693359,0,0,,,,,,,,,,,,
Côte d'Ivoire,CIV,2019,.4841799545288086,.2973394012451172,.0672100019454956,.0076999998092651,.3721599960327148,,.8730000305175781,.3721599960327148,CIV,.0333249740181305,.0124022221983778,-.0035404562612666,.0088617659371112,.098277473449707,.0088617659371112,0,0,.1294900131225586,2021,.2997094535827637,2020,.290921516418457,0,0,,,,,,,,,,,,
Côte d'Ivoire,CIV,2020,.4856181335449219,.2997094535827637,.0070099997520447,.0228800010681152,.4631499862670899,,.9119999694824219,.4631499862670899,CIV,.0542809641263457,.0251402277896814,-.0031797747219971,.0219604530676843,.1223998355865479,.0219604530676843,0,0,.0972000122070313,2022,.3093624877929688,2021,.2973394012451172,0,0,,,,,,,,,,,,
Côte d'Ivoire,CIV,2021,.4876534652709961,.3093624877929688,.0706199979782104,.0418200016021728,.5016500091552735,,.8590000152587891,.5016500091552735,CIV,.0630351744943271,.0316215958621835,-.0026693329955782,.0289522628666053,.1247672271728516,.0289522628666053,0,0,.065359992980957,2023,.3180010223388672,2022,.2997094535827637,0,0,,,,,,,,,,,,
Côte d'Ivoire,CIV,2022,.4900578689575195,.3180010223388672,.0640000009536743,.0523899984359741,.5603499984741211,,.8080000305175781,.5603499984741211,CIV,.0764377227428785,.0428318778223373,-.0020663315521111,.0407655462702262,.145135669708252,.0407655462702262,0,0,,,.3194132804870605,2023,.3093624877929688,0,0,,,,,,,,,,,,
Côte d'Ivoire,CIV,2023,.489171257019043,.3194132804870605,.0659999990463257,.0443699979782105,.5670100021362304,,.9180000305175782,.5670100021362304,CIV,.0780499866513564,.0442551230979184,-.0022886853447346,.0419664377531837,.1594476985931396,.0419664377531837,0,0,,,,,.3180010223388672,0,0,,,,,,,,,,,,
Colombia,COL,1995,.4428425979614258,.2883460998535156,.052020001411438,.2088400077819824,,.0000204746238887,.7847506713867187,,COL,,,-.0139074698451158,,.0909090900421143,,,,,,.2886794281005859,1996,,0,0,,,,,,,,,,,,
Colombia,COL,1996,.4431292343139648,.2886794281005859,.0205599999427795,.2080299949645996,.232859992980957,.0000235895463265,.8120779418945312,.232859992980957,COL,.0043130488097138,.0010043365155565,-.0138355841899324,-.0128312476743759,.101001148223877,-.0128312476743759,0,0,.0416699981689453,1998,.2888555908203125,1997,.2883460998535156,1,1,.0486416880928318,0,.0140418547004858,0,.0434384452240748,0,.0043873328446915,0,.0486416880928318,0,.0049128663489237,0
Colombia,COL,1997,.4422812271118164,.2888555908203125,.034300000667572,.1847599983215332,.2526300048828125,.0000227349158376,.8129228210449219,.2526300048828125,COL,.0089580170173942,.0022630638828446,-.0140482562839872,-.0117851924011425,.094204797744751,-.0117851924011425,0,0,.0871899795532227,1999,.2896854209899902,1998,.2886794281005859,1,1,.0475956328195985,0,.0137482646385718,0,.0423923899508414,0,.0039935665212356,0,.0475956328195985,0,.0044837369633037,0
Colombia,COL,1998,.4419013977050781,.2896854209899902,.0056999999284744,.1864999961853027,.2745299911499023,.000019975991454,.7461591339111329,.2745299911499023,COL,.014059200420871,.0038596721671164,-.0141435138656562,-.0102838416985398,.1242158603668213,-.0102838416985398,0,0,.1053499984741211,2000,.2902645111083985,1999,.2888555908203125,1,1,.0460942821169957,0,.0133528415202933,0,.0408910392482387,0,.0050793156215134,0,.0460942821169957,0,.0057256409111536,0
Colombia,COL,1999,.4423150634765625,.2902645111083985,-.042039999961853,.1087600040435791,.3398199844360352,.00001930213999,.8037059783935547,.3398199844360352,COL,.0291450669535374,.0099040761985383,-.0140397704473958,-.0041356942488575,.1377773857116699,-.0041356942488575,0,0,.0711300277709961,2001,.293348331451416,2000,.2896854209899902,1,1,.0399461346673134,0,.011594945249878,0,.0347428917985564,0,.0047867848040685,0,.0399461346673134,0,.0055036740037487,0
Colombia,COL,2000,.4415024566650391,.293348331451416,.0292499995231628,.0921800041198731,.3798799896240234,.0000208431109786,.9041692352294922,.3798799896240234,COL,.0384855910790117,.0146199059397694,-.0142435644621306,.0003763414776388,.1570510101318359,.0003763414776388,0,0,.0955699920654297,2002,.2965309524536133,2001,.2902645111083985,1,1,.0354340989408171,0,.0103945338007731,0,.0302308560720601,0,.0047477864832672,0,.0354340989408171,0,.0055649610317667,0
Colombia,COL,2001,.4391106796264648,.2965309524536133,.0167799997329712,.0795800018310547,.4109500122070313,.0000233175628819,.8752294158935547,.4109500122070313,COL,.0458692017161748,.0188499490051888,-.0148433992630816,.0040065497421072,.1699330520629883,.0040065497421072,0,0,.0394499969482422,2003,.2997043800354004,2002,.293348331451416,1,1,.0318038906763487,0,.0094308379939883,0,.0266006478075917,0,.0045203292687967,0,.0318038906763487,0,.0054045322101096,0
Colombia,COL,2002,.4398138427734375,.2997043800354004,.0250399994850159,.0634999990463257,.4754499816894531,.0000240811565891,.874423828125,.4754499816894531,COL,.0607492500821475,.028883229839205,-.0146670526724513,.0142161771667537,.1521809768676758,.0142161771667537,0,0,-.0606299972534179,2004,.2977456855773926,2003,.2965309524536133,1,1,.0215942632517022,0,.0064718952801726,0,.0163910203829452,0,.0024944014937346,0,.0215942632517022,0,.0032862360763818,0
Colombia,COL,2003,.4390556335449219,.2977456855773926,.0391799998283386,.0711999988555908,.4504000091552735,.0000233350577764,.8963549041748047,.4504000091552735,COL,.0550085991760173,.024775873572497,-.0148572042937483,.0099186692787486,.1576722526550293,.0099186692787486,0,0,-.0650799942016602,2005,.303772087097168,2004,.2997043800354004,1,1,.0258917711397073,0,.0077091631488051,0,.0206885282709503,0,.003262006856598,0,.0258917711397073,0,.0040824138808261,0
Colombia,COL,2004,.4368173599243164,.303772087097168,.0533300018310547,.059060001373291,.4148199844360352,.0000274620740674,1.005720977783203,.4148199844360352,COL,.0469465833163275,.019474380960604,-.015418541905924,.00405583905468,.1065560817718506,.00405583905468,0,0,-.0551299667358399,2006,.3148616981506348,2005,.2977456855773926,1,1,.0317546013637759,0,.0096461615312128,0,.0265513584950189,0,.002829208726949,0,.0317546013637759,0,.003383645899551,0
Colombia,COL,2005,.4340646362304688,.3148616981506348,.0444700002670288,.050479998588562,.3853200149536133,.0000290463189594,1.140999984741211,.3853200149536133,COL,.0403331249761808,.0155411603189479,-.0161088986751137,-.0005677383561658,.0805210876464844,-.0005677383561658,0,0,-.0586900329589844,2007,.2940325164794922,2006,.303772087097168,1,1,.0363781787746217,0,.0114540951446048,0,.0311749359058647,0,.0025102397464497,0,.0363781787746217,0,.0029292105215308,0
Colombia,COL,2006,.4333818817138672,.2940325164794922,.067170000076294,.0430299997329712,.3596900177001953,.0000280964397825,1.19,.3596900177001953,COL,.0344521999736996,.0123921124183507,-.0162801269764809,-.0038880145581302,.0978177738189697,-.0038880145581302,0,0,-.0358700180053711,2008,.3001873207092285,2007,.3148616981506348,1,1,.0396984549765861,0,.0116726366171134,0,.0344952121078291,0,.003374244855801,0,.0396984549765861,0,.0038832144898623,0
Colombia,COL,2007,.4324171447753906,.3001873207092285,.0673799991607666,.0554300022125244,.3266299819946289,.0000357254547998,1.25,.3266299819946289,COL,.0268730604069735,.0087775472368703,-.0165220737717416,-.0077445265348713,.0975056648254395,-.0077445265348713,0,0,.0272400283813476,2009,.3122482872009277,2008,.2940325164794922,1,1,.0435549669533272,0,.0130746488332983,0,.0383517240845702,0,.0037395103540678,0,.0435549669533272,0,.0042468560092342,0
Colombia,COL,2008,.4285430526733399,.3122482872009277,.0328299999237061,.0700099992752075,.3238199996948242,.0000390788912773,1.323999938964844,.3238199996948242,COL,.0265285655773333,.0085904800971562,-.0174936590104246,-.0089031789132684,.075796422958374,-.0089031789132684,0,0,.041150016784668,2010,.3258454132080078,2009,.3001873207092285,1,1,.0447136193317243,0,.0139617510508852,0,.0395103764629673,0,.0029947452056317,0,.0447136193317243,0,.0033891324028671,0
Colombia,COL,2009,.4256711578369141,.3258454132080078,.0113999998569489,.0419299983978271,.3538700103759765,.0000407881243154,1.25,.3538700103759765,COL,.03371392775218,.0119303479634788,-.0182139027621527,-.0062835547986738,.057436261177063,-.0062835547986738,0,0,.0039599990844727,2011,.3388956832885742,2010,.3122482872009277,1,1,.0420939952171297,0,.0137161352651015,0,.0368907523483727,0,.0021188668868995,0,.0420939952171297,0,.0024177217032771,0
Colombia,COL,2010,.4235089874267578,.3388956832885742,.0449499988555908,.0226799988746643,.3649700164794922,.0000438585784286,1.451000061035156,.3649700164794922,COL,.0364551317765889,.0133050300452637,-.0187561544171696,-.0054511243719059,.0758309602737427,-.0054511243719059,0,0,-.0253000259399414,2012,.3533711242675781,2011,.3258454132080078,1,1,.0412615647903618,0,.0139833661931854,0,.0360583219216048,0,.002734337177175,0,.0412615647903618,0,.0031289040804504,0
Colombia,COL,2011,.421407356262207,.3533711242675781,.0694799995422363,.0341499996185303,.3578300094604492,.000046588210389,1.665,.3578300094604492,COL,.0349678910884821,.0125125607990035,-.0192832234085218,-.0067706626095183,.0737252140045166,-.0067706626095183,0,0,.0180899810791015,2013,.352838363647461,2012,.3388956832885742,1,1,.0425811030279742,0,.0150469322495488,0,.0373778601592172,0,.0027556907392692,0,.0425811030279742,0,.0031393009332858,0
Colombia,COL,2012,.4195582580566406,.352838363647461,.0391300010681152,.0317400002479553,.3396699905395508,.0000520059280097,1.573000030517578,.3396699905395508,COL,.0309088961701185,.0104988244696921,-.0197469595495528,-.0092481350798606,.0569631052017212,-.0092481350798606,0,0,.0935200119018555,2014,.354767837524414,2013,.3533711242675781,1,1,.0450585754983165,0,.0158983940471116,0,.0398553326295595,0,.0022702835054272,0,.0450585754983165,0,.0025666763763503,0
Colombia,COL,2013,.4196330261230469,.354767837524414,.0513399982452393,.020220000743866,.3759199905395508,.0000577036291361,1.458999938964844,.3759199905395508,COL,.0392970421440285,.0147725437110155,-.0197282084337476,-.0049556647227321,.0679135894775391,-.0049556647227321,0,0,.1278300094604493,2015,.3777388763427734,2014,.352838363647461,1,1,.040766105141188,0,.0144625029652322,0,.035562862272431,0,.0024152016290161,0,.040766105141188,0,.0027685725291568,0
Colombia,COL,2014,.4196255874633789,.3777388763427734,.0449900007247925,.0290499997138977,.4331900024414063,.0000598900252953,1.328000030517578,.4331900024414063,COL,.0525590822142696,.0227680689527175,-.0197300739784323,.0030379949742852,.0536301136016846,.0030379949742852,0,0,.0658499908447265,2016,.3768716049194336,2015,.354767837524414,1,1,.0327724454441707,0,.0123794267170859,0,.0275692025754137,0,.0014785394660273,0,.0327724454441707,0,.0017575899721759,0
Colombia,COL,2015,.4182125091552734,.3768716049194336,.0295600008964539,.0499100017547607,.50375,.0000574417226017,1,.50375,COL,.069009646620412,.0347636094850325,-.0200844605002529,.0146791489847796,.0650286436080933,.0146791489847796,0,0,-.0092599868774415,2017,.3757465744018555,2016,.3777388763427734,1,1,.0211312914336763,0,.0079637837166299,0,.0159280485649193,0,.0010357793935005,0,.0211312914336763,0,.0013741392196193,0
Colombia,COL,2016,.4197605514526367,.3757465744018555,.0208699989318848,.0750699996948242,.4990399932861328,.0000562074128538,.9890000152587891,.4990399932861328,COL,.0677966487842079,.0338332391540934,-.019696226301025,.0141370128530685,.069372296333313,.0141370128530685,0,0,.0185700225830078,2018,.3741077041625976,2017,.3768716049194336,1,1,.0216734275653874,0,.0081437161632411,0,.0164701846966304,0,.001142574533439,0,.0216734275653874,0,.0015035354396247,0
Colombia,COL,2017,.4182515716552734,.3741077041625976,.0135899996757507,.0431099987030029,.4944900131225586,.0000566032668576,1.156999969482422,.4944900131225586,COL,.0668623154656476,.0330627472520127,-.0200746639989343,.0129880832530784,.0745200395584106,.0129880832530784,0,0,.0152199935913087,2019,.3709108734130859,2018,.3757465744018555,1,1,.0228223571653775,0,.0085380196427182,0,.0176191142966205,0,.0013129770943683,0,.0228223571653775,0,.0017007229587801,0
Colombia,COL,2018,.4169092559814453,.3709108734130859,.0256399989128113,.0324200010299683,.5176100158691406,.0000560739077628,1.265,.5176100158691406,COL,.0723220752192579,.0374346305019293,-.0204113039290108,.0170233265729184,.0725241756439209,.0170233265729184,0,0,.1351300048828126,2020,.3689555358886719,2019,.3741077041625976,1,1,.0187871138455375,0,.0069683448053594,0,.0135838709767805,0,.0009851590446444,0,.0187871138455375,0,.0013625199443761,0
Colombia,COL,2019,.4060861968994141,.3689555358886719,.0318700003623962,.0352300000190735,.5097100067138672,.0000597495166585,1.248000030517578,.5097100067138672,COL,.0713481378398846,.0363668598173895,-.0231256236107573,.0132412362066322,.0781712436676025,.0132412362066322,0,0,.134459991455078,2021,.3718426132202148,2020,.3709108734130859,1,1,.0225692042118237,0,.0083270328345543,0,.0173659613430667,0,.001357518795671,0,.0225692042118237,0,.0017642627618264,0
Colombia,COL,2020,.4064691925048828,.3718426132202148,-.0718599987030029,.0252500009536743,.6527400207519531,.0000715239997953,1.053000030517578,.6527400207519531,COL,.1044379187049186,.0681708092227394,-.0230295719767353,.0451412372460041,.0963592624664307,.0451412372460041,0,0,-.0397400283813477,2022,.3688395690917969,2021,.3689555358886719,1,1,0,.0093307968275482,0,.0034695878757824,0,.0145340396963052,0,.0014004893457938,0,.0093307968275482,0,.0008991087005267
Colombia,COL,2021,.4052450942993164,.3688395690917969,.1080099964141846,.0350500011444092,.6441699981689453,.0000640211068094,1.264000015258789,.6441699981689453,COL,.1025501884500734,.0660597547061088,-.0233365640966689,.0427231906094399,.1004853343963623,.0427231906094399,0,0,-.0905300140380859,2023,.3738554000854492,2022,.3718426132202148,1,1,0,.006912750190984,0,.0025496958016818,0,.012115993059741,0,.0012174796141521,0,.006912750190984,0,.0006946300145395
Colombia,COL,2022,.404659538269043,.3738554000854492,.0732800006866455,.1018000030517578,.6129999923706054,.000058298134245,1.541000061035156,.6129999923706054,COL,.095378736287865,.0584671646167792,-.0234834159474894,.0349837486692898,.1373029899597168,.0349837486692898,0,0,,,.3733372116088867,2023,.3688395690917969,0,1,,,,,0,.0043765511195909,0,.0006009135544314,.0008266917491661,0,.0001135072489355,0
Colombia,COL,2023,.4053877258300781,.3733372116088867,.0084200000762939,.1172999954223633,.5536399841308594,.0000601937621832,1.391000061035156,.5536399841308594,COL,.0815757726827114,.045163609493519,-.0233007934732019,.021862816020317,.1194243240356445,.021862816020317,0,0,,,,,.3738554000854492,0,0,,,,,,,,,,,,
Czech Republic,CZE,1995,.2666942024230957,.4623834991455078,,,.1347599983215332,.0043761664628983,,.1347599983215332,CZE,-.004458630094727,-.0006008449840817,-.0580838023675497,-.0586846473516314,.0063874912261963,-.0586846473516314,0,0,-.0135200023651123,1997,.4631130981445313,1996,,0,0,,,,,,,,,,,,
Czech Republic,CZE,1996,.2672964477539063,.4631130981445313,.0452500009536743,.0873799991607666,.1150599956512451,.0037489932775497,,.1150599956512451,CZE,-.0090679634059499,-.0010433598300542,-.0579327649998083,-.0589761248298626,.0119112634658813,-.0589761248298626,0,0,.0237100028991699,1998,.4580216979980469,1997,.4623834991455078,0,0,,,,,,,,,,,,
Czech Republic,CZE,1997,.2660869789123535,.4580216979980469,-.0059600001573563,.086269998550415,.1212399959564209,.002892652451992,,.1212399959564209,CZE,-.0075413324645128,-.0009143111175036,-.0582360882151954,-.0591503993326989,.0094507563114166,-.0591503993326989,0,0,.029640007019043,1999,.4557419204711914,1998,.4631130981445313,0,0,,,,,,,,,,,,
Czech Republic,CZE,1998,.2647707939147949,.4557419204711914,-.0039300000667572,.1064500045776367,.1387699985504151,.0036533057689667,,.1387699985504151,CZE,-.003378059159712,-.0004687732646965,-.0585661748216359,-.0590349480863323,.0118691992759705,-.0590349480863323,0,0,.0301800060272217,2000,.4455929565429688,1999,.4580216979980469,0,0,,,,,,,,,,,,
Czech Republic,CZE,1999,.2639292144775391,.4455929565429688,.0137800002098084,.0217799997329712,.1508800029754639,.0036922812461853,,.1508800029754639,CZE,-.0005073513931787,-.0000765491797124,-.0587772348937452,-.0588537840734576,.0133583748340607,-.0588537840734576,0,0,.0750899982452393,2001,.4369644927978515,2000,.4557419204711914,0,0,,,,,,,,,,,,
Czech Republic,CZE,2000,.2617506980895996,.4369644927978515,.0401100015640259,.0378099989891052,.1689500045776367,.0036064425110817,.9730184936523437,.1689500045776367,CZE,.0038491176760753,.0006503084489928,-.0593235859636205,-.0586732775146277,.0039410462975502,-.0586732775146277,0,0,.0880799865722656,2002,.4529880142211914,2001,.4455929565429688,1,1,.0944837179330836,0,.0412860298842851,0,.0892804750643266,0,.0003518584856958,0,.0944837179330836,0,.000372364706739,0
Czech Republic,CZE,2001,.2612405776977539,.4529880142211914,.0291700005531311,.0464400005340576,.2259700012207031,.0038568434119225,.9947328186035156,.2259700012207031,CZE,.0170929931354594,.0038625036796852,-.0594515192779591,-.0555890155982739,.008970410823822,-.0555890155982739,0,0,.0546500015258789,2003,.467193603515625,2002,.4369644927978515,1,1,.0913994560167298,0,.0414028580819156,0,.0861962131479728,0,.000773215443395,0,.0913994560167298,0,.0008198906695439,0
Czech Republic,CZE,2002,.2600387763977051,.467193603515625,.0151300001144409,.0194599997997284,.2570299911499023,.0062272745370865,1.021018295288086,.2570299911499023,CZE,.0243802320430251,.0062664508262513,-.0597529195472866,-.0534864687210352,.0086634635925293,-.0534864687210352,0,0,.0258600044250488,2004,.4746897125244141,2003,.4529880142211914,1,1,.0892969091394911,0,.0417189447636862,0,.0840936662707341,0,.0007285424160988,0,.0892969091394911,0,.0007736205212554,0
Czech Republic,CZE,2003,.2595188140869141,.4746897125244141,.0330100011825562,.0010000000149012,.2806200027465821,.0068541985750198,1.029459381103516,.2806200027465821,CZE,.029883833220814,.0083860013605032,-.0598833211207465,-.0514973197602433,.0099344044923782,-.0514973197602433,0,0,-.0038400077819825,2005,.4682633972167969,2004,.467193603515625,1,1,.0873077601786992,0,.0414440955803772,0,.0821045173099421,0,.0008156594856084,0,.0873077601786992,0,.0008673506049388,0
Czech Republic,CZE,2004,.2588666343688965,.4682633972167969,.0473600006103516,.0274300003051758,.2828899955749511,.0069074600934982,1.057977981567383,.2828899955749511,CZE,.0304610174706175,.0086171170974715,-.0600468815551148,-.0514297644576433,.0150243711471558,-.0514297644576433,0,0,-.007239990234375,2006,.4758239364624023,2005,.4746897125244141,1,1,.0872402048760992,0,.0408513947091716,0,.0820369620073422,0,.0012325537649834,0,.0872402048760992,0,.0013107292170124,0
Czech Republic,CZE,2005,.2593539619445801,.4758239364624023,.06375,.0185599994659424,.2767799949645996,.0067451030015945,1.078000030517578,.2767799949645996,CZE,.0290076693961137,.0080287425893911,-.059924664461028,-.0518959218716369,.0166280460357666,-.0518959218716369,0,0,-.0033199882507324,2007,.4845196533203125,2006,.4682633972167969,1,1,.0877063622900928,0,.0417327865576695,0,.0825031194213358,0,.0013718656678323,0,.0877063622900928,0,.0014583854297893,0
Czech Republic,CZE,2006,.2590017318725586,.4845196533203125,.066230001449585,.025090000629425,.2756500053405762,.0067335343360901,1.050999984741211,.2756500053405762,CZE,.0287738469955542,.0079315110779934,-.0600130003935721,-.0520814893155786,.0158851385116577,-.0520814893155786,0,0,.0059000015258789,2008,.4940967559814453,2007,.4758239364624023,1,1,.0878919297340345,0,.0425853673243877,0,.0826886868652775,0,.001313521244202,0,.0878919297340345,0,.001396175477882,0
Czech Republic,CZE,2007,.2581436538696289,.4940967559814453,.0548899984359741,.0290000009536743,.2734600067138672,.007083312869072,1.025999984741211,.2734600067138672,CZE,.0283345479541403,.0077483656737736,-.060228198148123,-.0524798324743494,.0156819379329681,-.0524798324743494,0,0,.0608399963378907,2009,.5029157257080078,2008,.4845196533203125,1,1,.0882902728928053,0,.0436239374210517,0,.0830870300240484,0,.0013029656478718,0,.0882902728928053,0,.0013845625795898,0
Czech Republic,CZE,2008,.2589046669006347,.5029157257080078,.0261199998855591,.0634800004959106,.2815500068664551,.0073211181163788,1.000999984741211,.2815500068664551,CZE,.0301477236293605,.0084880917948544,-.0600373433599833,-.0515492515651289,.0164941036701202,-.0515492515651289,0,0,.0854500007629395,2010,.5014282608032227,2009,.4940967559814453,1,1,.0873596919835848,0,.0439345628915526,0,.0821564491148278,0,.0013550969888689,0,.0873596919835848,0,.001440919816167,0
Czech Republic,CZE,2009,.2588890266418457,.5014282608032227,-.047979998588562,.0101199996471405,.3343000030517578,.0086427974700928,1.033000030517578,.3343000030517578,CZE,.0423637564178893,.0141622038997843,-.0600412657872691,-.0458790618874848,.0238205122947693,-.0458790618874848,0,0,.0597200012207031,2011,.5154093933105469,2010,.5029157257080078,1,1,.0816895023059407,0,.0409614250671487,0,.0764862594371837,0,.0018219418833043,0,.0816895023059407,0,.0019458857940322,0
Czech Republic,CZE,2010,.2567495727539063,.5154093933105469,.0271499991416931,.0146700000762939,.3670000076293946,.0085912525653839,1.006999969482422,.3670000076293946,CZE,.0501048638062677,.01838848539917,-.0605778203558258,-.0421893349566558,.0259653806686401,-.0421893349566558,0,0,.071349983215332,2012,.5259011459350585,2011,.5014282608032227,1,1,.0779997753751117,0,.0402018169044452,0,.0727965325063547,0,.0018901896778845,0,.0779997753751117,0,.0020252938596832,0
Czech Republic,CZE,2011,.2590544509887696,.5259011459350585,.0177199995517731,.01932000041008,.3940200042724609,.0080045479536057,.999000015258789,.3940200042724609,CZE,.0561794543075014,.0221358288262662,-.0599997789435503,-.0378639501172841,.026366286277771,-.0378639501172841,0,0,.0473899841308594,2013,.5299942016601562,2012,.5154093933105469,1,1,.07367439053574,0,.0387454464088127,0,.068471147666983,0,.0018053298811552,0,.07367439053574,0,.0019425200722056,0
Czech Republic,CZE,2012,.2594610595703125,.5299942016601562,-.0077100002765656,.0328699994087219,.4383499908447266,.0089882057905197,.9840000152587891,.4383499908447266,CZE,.0664123764399293,.0291118646044196,-.0598978054010163,-.0307859407965968,.028478901386261,-.0307859407965968,0,0,-.0228899765014648,2014,.5443291091918945,2013,.5259011459350585,1,1,.0665963812150527,0,.0352956958955273,0,.0613931383462957,0,.0017484091327572,0,.0665963812150527,0,.0018965917733053,0
Czech Republic,CZE,2013,.2592693138122559,.5443291091918945,-.0004199999943376,.0142599999904633,.4414099884033203,.0112623524665833,.9869999694824219,.4414099884033203,CZE,.0671361043512715,.0296345470431388,-.0599458934028502,-.0303113463597113,.0264336490631104,-.0303113463597113,0,0,-.046719970703125,2015,.5601258850097657,2014,.5299942016601562,1,1,.0661217867781672,0,.0359920132951362,0,.0609185439094102,0,.001610299411137,0,.0661217867781672,0,.0017478401071199,0
Czech Republic,CZE,2014,.2593325424194336,.5601258850097657,.0224499988555908,.0035100001096725,.4154600143432617,.010677524805069,.995999984741211,.4154600143432617,CZE,.0611221274281365,.0253937999379842,-.0599300362730303,-.0345362363350461,.0270794486999512,-.0345362363350461,0,0,-.0531400299072266,2016,.562873649597168,2015,.5443291091918945,1,1,.070346676753502,0,.0394029945740512,0,.065143433884745,0,.0017640482760206,0,.070346676753502,0,.0019049492243585,0
Czech Republic,CZE,2015,.2596512794494629,.562873649597168,.0495900011062622,.0033700001239777,.3946900177001953,.0120389628410339,1,.3946900177001953,CZE,.0562874329600811,.0222160879113129,-.0598501000750152,-.0376340121637023,.0222027254104614,-.0376340121637023,0,0,-.056870002746582,2017,.554018325805664,2016,.5601258850097657,1,1,.0734444525821582,0,.0413399470675855,0,.0682412097134012,0,.0015151408409444,0,.0734444525821582,0,.0016306670136033,0
Czech Republic,CZE,2016,.2589702224731446,.554018325805664,.0258100008964539,.0064600002765656,.3623199844360351,.0156004595756531,1.005,.3623199844360351,CZE,.0488456500896395,.0176977551802462,-.0600209026495185,-.0423231474692723,.0194213533401489,-.0423231474692723,0,0,-.0455399894714355,2018,.5617328262329102,2017,.562873649597168,1,1,.0781335878877282,0,.0432874395507489,0,.0729303450189712,0,.0014164059998324,0,.0781335878877282,0,.0015174600181011,0
Czech Republic,CZE,2017,.2592383766174317,.5617328262329102,.0517399978637695,.0244099998474121,.3378200149536133,.0256043720245361,.9940000152587891,.3378200149536133,CZE,.0431512403452058,.0145773526586844,-.0599536521553593,-.045376299496675,.0158034467697144,-.045376299496675,0,0,-.0423000144958496,2019,.5572649765014649,2018,.554018325805664,1,1,.0811867399151309,0,.0456052568651627,0,.0759834970463739,0,.0012008011509491,0,.0811867399151309,0,.0012830303226554,0
Czech Republic,CZE,2018,.2589142417907715,.5572649765014649,.0282999992370605,.0215700006484985,.3167799949645996,.0239801168441772,1.001999969482422,.3167799949645996,CZE,.0383048279799302,.0121342032146021,-.0600349420691328,-.0479007388545306,.0140010249614716,-.0479007388545306,0,0,.0520499992370606,2020,.557151107788086,2019,.5617328262329102,1,1,.0837111792729865,0,.0466493083504708,0,.0785079364042295,0,.0010991915772692,0,.0837111792729865,0,.0011720423105553,0
Czech Republic,CZE,2019,.2614746475219726,.557151107788086,.0356599998474121,.0284800004959106,.2955200004577637,.0243476724624634,1.004000015258789,.2955200004577637,CZE,.0331795014463693,.0098052062826194,-.0593928168052142,-.0495876105225947,.0119542491436005,-.0495876105225947,0,0,.1114000129699707,2021,.5507210922241211,2020,.5572649765014649,1,1,.0853980509410506,0,.0475796186847498,0,.0801948080722936,0,.0009586687157194,0,.0853980509410506,0,.0010208695773272,0
Czech Republic,CZE,2020,.2619303894042969,.5507210922241211,-.0530499982833862,.0316300010681152,.3688299942016602,.0285031723976135,1.010999984741211,.3688299942016602,CZE,.0501191549901357,.0184854476444039,-.0592785211008654,-.0407930734564616,.0142846584320068,-.0407930734564616,0,0,.0563700103759766,2022,.5526908874511719,2021,.557151107788086,1,1,.0766035138749175,0,.0421871708294002,0,.0714002710061605,0,.0010199284832757,0,.0766035138749175,0,.0010942550303947,0
Czech Republic,CZE,2021,.2632103157043457,.5526908874511719,.0402899980545044,.0385199999809265,.4069200134277344,.0286349177360535,.9830000305175781,.4069200134277344,CZE,.0588381275792458,.0239424116646095,-.0589575278289008,-.0350151161642913,.0147480845451355,-.0350151161642913,0,0,.0153099822998047,2023,.5534498596191406,2022,.5507210922241211,1,1,.0708255565827472,0,.0391446397219418,0,.0656223137139902,0,.0009678034307013,0,.0708255565827472,0,.0010445412964386,0
Czech Republic,CZE,2022,.2637766075134277,.5534498596191406,.0284699988365173,.1507199954986572,.4252000045776367,.0224481129646301,.9519999694824218,.4252000045776367,CZE,.0630262886311126,.0267987782144605,-.0588155072604688,-.0320167290460083,.012900801897049,-.0320167290460083,0,0,,,.5573221969604493,2023,.5526908874511719,0,1,,,,,.0626239265957072,0,.0008078988710266,0,.0678271694644642,0,.0008750248764986,0
Czech Republic,CZE,2023,.2638085556030274,.5573221969604493,.0004800000041723,.1069699954986572,.4222299957275391,.0237834858894348,.995,.4222299957275391,CZE,.062336027970201,.0263201408235297,-.0588074949852205,-.0324873541616907,.0136403453350067,-.0324873541616907,0,0,,,,,.5534498596191406,0,0,,,,,,,,,,,,
Germany,DEU,1995,.3098067855834961,.6176711654663086,.0151199996471405,.0173300004005432,.5489300155639648,.0475810623168945,,.5489300155639648,DEU,.0880392776716855,.0483274020625585,-.0472715789364228,.0010558231261357,.0674176931381226,.0010558231261357,0,0,.0393299865722656,1997,.6193177413940429,1996,,0,0,,,,,,,,,,,,
Germany,DEU,1996,.3104147720336914,.6193177413940429,.0103100001811981,.0127400004863739,.5772100067138672,.0457450103759766,,.5772100067138672,DEU,.0945397448614822,.0545692867662234,-.0471191017508607,.0074501850153627,.0664880895614624,.0074501850153627,0,0,.0171699905395507,1998,.6194701385498047,1997,.6176711654663086,0,0,,,,,,,,,,,,
Germany,DEU,1997,.3110072898864746,.6194701385498047,.0185399997234344,.0150899994373322,.5882600021362304,.03993408203125,,.5882600021362304,DEU,.097051654316913,.0570916063757919,-.0469705039415532,.0101211024342387,.0661767911911011,.0101211024342387,0,0,.0152299880981446,1999,.6199446105957032,1998,.6193177413940429,0,0,,,,,,,,,,,,
Germany,DEU,1998,.3104899978637695,.6199446105957032,.0210199999809265,.0062900000810623,.5943799972534179,.0402484560012817,,.5943799972534179,DEU,.0985096849315703,.0585521862590619,-.0471002358323058,.011451950426756,.0664972305297852,.011451950426756,0,0,-.0019900131225585,2000,.6250292205810547,1999,.6194701385498047,0,0,,,,,,,,,,,,
Germany,DEU,1999,.3101114082336426,.6250292205810547,.0212700009346008,.0061100000143051,.603489990234375,.0340017366409302,,.603489990234375,DEU,.1006491176723129,.0607407350411626,-.0471951824898608,.0135455525513018,.0598670101165771,.0135455525513018,0,0,-.022869987487793,2001,.6315662384033203,2000,.6199446105957032,0,0,,,,,,,,,,,,
Germany,DEU,2000,.3089195251464844,.6315662384033203,.0287899994850159,.0139800000190735,.5923899841308594,.0309589719772339,1.001980590820313,.5923899841308594,DEU,.0981729979805733,.0581567007157907,-.0474940953662753,.0106626053495154,.0598593091964722,.0106626053495154,0,0,.0058400344848633,2002,.6319706344604492,2001,.6250292205810547,1,1,.0251478350689405,0,.0158825235984778,0,.0199445922001835,0,.0011938695113083,0,.0251478350689405,0,.0015053320350136,0
Germany,DEU,2001,.3097686576843262,.6319706344604492,.0163999998569489,.0187999999523163,.580620002746582,.0285918784141541,1.001171798706055,.580620002746582,DEU,.0953804290461818,.0553797849747642,-.0472811410487939,.0080986439259704,.0584126853942871,.0080986439259704,0,0,.0528200149536133,2003,.6351309585571289,2002,.6315662384033203,1,1,.0277117964924855,0,.0175130416113949,0,.0225085536237285,0,.0013147850615033,0,.0277117964924855,0,.0016187204502261,0
Germany,DEU,2002,.3094747161865234,.6351309585571289,-.002339999973774,.0136699998378754,.5982300186157227,.0311053133010864,1.018779602050781,.5982300186157227,DEU,.0994814382227857,.0595127826399359,-.0473548587645266,.0121579238754093,.0595362091064453,.0121579238754093,0,0,.0514199447631836,2004,.629168586730957,2003,.6319706344604492,1,1,.0236525165430466,0,.0150224455042735,0,.0184492736742896,0,.0010983998153345,0,.0236525165430466,0,.0014081811708005,0
Germany,DEU,2003,.3087235641479492,.629168586730957,-.0052999997138977,.0106500005722046,.6334400177001953,.0339696359634399,1.025911560058594,.6334400177001953,DEU,.1076940372221193,.0682177128441847,-.0475432405100971,.0206744723340876,.0586115837097168,.0206744723340876,0,0,.037760009765625,2005,.6312030029296875,2004,.6351309585571289,1,1,.0151359680843683,0,.0095230756484469,0,.0099327252156113,0,.0005821727554404,0,.0151359680843683,0,.0008871430604046,0
Germany,DEU,2004,.3082428550720215,.6312030029296875,.0116499996185303,.017610000371933,.6496499633789062,.0336944127082825,1.00973258972168,.6496499633789062,DEU,.1114856069373779,.0724266204641427,-.0476637977477594,.0247628227163833,.0578861570358276,.0247628227163833,0,0,.014320068359375,2006,.6387506484985351,2005,.629168586730957,1,1,.0110476177020726,0,.0069732894687674,0,.0058443748333156,0,.0003383083993775,0,.0110476177020726,0,.000639504133174,0
Germany,DEU,2005,.3077650260925293,.6387506484985351,.0088899999856949,.019539999961853,.6712000274658203,.0349463033676147,.980999984741211,.6712000274658203,DEU,.116513507610904,.0782038695085778,-.0477836326847873,.0304202368237906,.0561430931091309,.0304202368237906,0,0,-.0343300247192383,2007,.6813484191894531,2006,.6312030029296875,1,1,.0053902035946653,0,.0034429960416316,0,.0001869607259083,0,.0000104965534424,0,.0053902035946653,0,.0003026227022925,0
Germany,DEU,2006,.3072537994384766,.6813484191894531,.0385700011253357,.0176199996471405,.6639700317382813,.036945116519928,.9569999694824218,.6639700317382813,DEU,.1148797330619688,.0762767000072407,-.0479118434391046,.0283648565681361,.0547136878967285,.0283648565681361,0,0,-.0122700500488282,2008,.6877029418945313,2007,.6387506484985351,1,1,.0074455838503198,0,.0050730367863579,0,.0022423409815628,0,.0001226867446233,0,.0074455838503198,0,.0004073753509953,0
Germany,DEU,2007,.3045349884033203,.6877029418945313,.0289199995994568,.0228800010681152,.636870002746582,.0437209272384644,.9580000305175781,.636870002746582,DEU,.1088193250320165,.0693037638320216,-.0485936952379113,.0207100685941102,.0549033069610596,.0207100685941102,0,0,.0867499923706055,2009,.6843889617919922,2008,.6813484191894531,1,1,.0151003718243457,0,.0103845701273038,0,.0098971289555887,0,.0005433851090819,0,.0151003718243457,0,.0008290603494982,0
Germany,DEU,2008,.3059392547607422,.6843889617919922,.0088800001144409,.0275500011444092,.6516999816894531,.0441750812530518,.9350000000000001,.6516999816894531,DEU,.1121423722652367,.0730831819518666,-.0482415186690249,.0248416632828417,.052828221321106,.0248416632828417,0,0,.1586399841308594,2010,.6789876556396485,2009,.6877029418945313,1,1,.0109687771356142,0,.0075069099959708,0,.0057655342668572,0,.000304582920284,0,.0109687771356142,0,.0005794609861421,0
Germany,DEU,2009,.3067694282531738,.6789876556396485,-.0555000019073486,.0022800000011921,.7236199951171876,.060433292388916,.9919999694824219,.7236199951171876,DEU,.1287305689322746,.0931520136622053,-.0480333190987655,.0451186945634398,.0519575500488281,.0451186945634398,0,0,.0612200164794922,2011,.6951142120361328,2010,.6843889617919922,1,1,0,.0093082541449839,0,.0063201896600006,0,.0145114970137409,0,.0007539818323749,0,.0093082541449839,0,.0004836340806052
Germany,DEU,2010,.3026280021667481,.6951142120361328,.0414400005340576,.0116400003433228,.8103399658203125,.070000433921814,.9640000152587891,.8103399658203125,DEU,.14913877132965,.120853106861752,-.0490719491433475,.0717811577184044,.0487782573699951,.0717811577184044,0,0,-.011989974975586,2012,.6930381774902343,2011,.6789876556396485,1,1,0,.0359707172999485,0,.0250037568123282,0,.0411739601687055,0,.002008394026051,0,.0359707172999485,0,.0017545889062402
Germany,DEU,2011,.3032228088378906,.6930381774902343,.0375799989700317,.0247900009155273,.7848400115966797,.0731273603439331,.9350000000000001,.7848400115966797,DEU,.143186988312754,.1123788775678755,-.0489227773202909,.0634561002475846,.0449043846130371,.0634561002475846,0,0,-.0102700042724609,2013,.6942972564697265,2012,.6951142120361328,1,1,0,.0276456598291287,0,.0191594977034943,0,.0328489026978857,0,.0014750597608621,0,.0276456598291287,0,.0012414113418484
Germany,DEU,2012,.3023759460449219,.6942972564697265,.0046599999070168,.0210599994659424,.7983499908447266,.0773749732971191,.9290000152587891,.7983499908447266,DEU,.1463822920147673,.1168643014898196,-.0491351624074711,.0677291390823485,.0407352304458618,.0677291390823485,0,0,-.052969970703125,2014,.7019533538818359,2013,.6930381774902343,1,1,0,.0319186986638926,0,.0221610649124245,0,.0371219415326496,0,.0015121708429303,0,.0319186986638926,0,.0013002155456057
Germany,DEU,2013,.3014185905456543,.7019533538818359,.0039500001072884,.0160899996757507,.7745700073242188,.0614863634109497,.9480000305175781,.7745700073242188,DEU,.140951459277072,.109176772844601,-.0493752580083908,.0598015148362101,.0316212511062622,.0598015148362101,0,0,-.0627300262451173,2015,.7220326232910156,2014,.6942972564697265,1,1,0,.0239910744177542,0,.0168406151507713,0,.0291943172865112,0,.0009231608377927,0,.0239910744177542,0,.0007586277884728
Germany,DEU,2014,.3016510581970215,.7220326232910156,.0217700004577637,.0078100001811981,.7453800201416015,.0586454296112061,.9719999694824218,.7453800201416015,DEU,.1341738488088899,.1000105061276465,-.0493169573452703,.0506935487823762,.0271441197395325,.0506935487823762,0,0,-.0623699951171874,2016,.7101522064208985,2015,.7019533538818359,1,1,0,.0148831083639203,0,.0107460897747258,0,.0200863512326773,0,.0005452263229901,0,.0148831083639203,0,.0004039888755267
Germany,DEU,2015,.3010747337341309,.7101522064208985,.0166299998760223,.0069700002670288,.7118399810791015,.0517965841293335,1,.7118399810791015,DEU,.1264528617965102,.090014202748626,-.0494614940073027,.0405527087413234,.0238100481033325,.0405527087413234,0,0,-.071959991455078,2017,.693687515258789,2016,.7220326232910156,1,1,0,.0047422683228675,0,.0033677323129243,0,.0099455111916245,0,.0002368030998848,0,.0047422683228675,0,.0001129136368864
Germany,DEU,2016,.2997107124328613,.693687515258789,.0221700000762939,.0034099999070168,.6830100250244141,.053677396774292,1.021999969482422,.6830100250244141,DEU,.1198847971284233,.0818825182867312,-.0498035775011001,.0320789407856311,.0203205060958862,.0320789407856311,0,0,-.0754300308227539,2018,.6910898590087891,2017,.7101522064208985,1,1,.0037314996328248,0,.0025884947084833,0,0,.0014717432359322,0,.0000299065673973,.0037314996328248,0,.0000758259610356,0
Germany,DEU,2017,.300362548828125,.6910898590087891,.0280599999427795,.0173099994659424,.6398799896240235,.0567382574081421,1.001999969482422,.6398799896240235,DEU,.1098460826993801,.070288310257919,-.0496401031687942,.0206482070891248,.0181572461128235,.0206482070891248,0,0,-.053040008544922,2019,.6910594940185547,2018,.693687515258789,1,1,.0151622333293311,0,.0104784656938258,0,.0099589904605741,0,.0001808278408279,0,.0151622333293311,0,.0002753044021807,0
Germany,DEU,2018,.3000530624389648,.6910594940185547,.0113300001621246,.0188399994373322,.6075799942016602,.0555537939071655,.99,.6075799942016602,DEU,.1023911510842409,.0622108149820644,-.0497177193945731,.0124930955874912,.0155585157871246,.0124930955874912,0,0,.0728400039672851,2020,.6880574798583985,2019,.6910898590087891,1,1,.0233173448309647,0,.0161136725207426,0,.0181141019622077,0,.0002818285413486,0,.0233173448309647,0,.0003627832776664,0
Germany,DEU,2019,.3007268142700195,.6880574798583985,.0097299998998642,.0139499998092651,.5868399810791015,.0622424364089966,1.004000015258789,.5868399810791015,DEU,.0975353413574497,.0572376378767495,-.0495487488806192,.0076888889961303,.0126120352745056,.0076888889961303,0,0,.0925400543212891,2021,.6832714080810547,2020,.6910594940185547,1,1,.0281215514223256,0,.0193492438013537,0,.0229183085535686,0,.0002890465159096,0,.0281215514223256,0,.0003546699985122,0
Germany,DEU,2020,.2994495391845703,.6832714080810547,-.041269998550415,.0036500000953674,.6804199981689453,.0777833604812622,1.014000015258789,.6804199981689453,DEU,.119305691710452,.0811779785351705,-.0498690772533244,.031308901281846,.0099285316467285,.031308901281846,0,0,-.036449966430664,2022,.6874803924560546,2021,.6880574798583985,1,1,.0045015391366099,0,.0030757729844034,0,0,.0007017037321471,0,6.96688771125e-06,.0045015391366099,0,.0000446936737768,0
Germany,DEU,2021,.2994306373596192,.6874803924560546,.0391300010681152,.0321900010108948,.6793800354003906,.0824758720397949,.9869999694824219,.6793800354003906,DEU,.1190663716699533,.080891315800129,-.0498738176502027,.0310174981499263,.0097680097818375,.0310174981499263,0,0,-.0559200286865235,2023,.6854823303222656,2022,.6832714080810547,1,1,.0047929422685296,0,.003295053831788,0,0,.0004103006002274,0,4.00782027651e-06,.0047929422685296,0,.0000468175069628,0
Germany,DEU,2022,.3013581466674805,.6854823303222656,.01807000041008,.0867300033569336,.6439700317382813,.0805128288269043,.9619999694824218,.6439700317382813,DEU,.110714487337493,.0712968119246129,-.0493904167548159,.021906395169797,.0120125901699066,.021906395169797,0,0,,,.6816112518310546,2023,.6874803924560546,0,1,,,,,.0087008023799019,0,.0001045191731391,0,.0139040452486589,0,.000167023597276,0
Germany,DEU,2023,.3014888381958008,.6816112518310546,-.0087199997901917,.0599900007247925,.6234600067138671,.0891759395599365,1.015999984741211,.6234600067138671,DEU,.1059548539267339,.0660586139405284,-.0493576405697403,.0167009733707881,.0139314818382263,.0167009733707881,0,0,,,,,.6854823303222656,0,0,,,,,,,,,,,,
Denmark,DNK,1995,.3447097396850586,.6499175262451172,.0303900003433228,.0203099989891052,.714540023803711,.0072043341398239,,.714540023803711,DNK,.1236294341244505,.0883381788021242,-.0385182519379356,.0498199268641886,.0659654951095581,.0498199268641886,0,0,-.0706600189208985,1997,.6521034240722656,1996,,0,0,,,,,,,,,,,,
Denmark,DNK,1996,.3422278213500977,.6521034240722656,.0290000009536743,.0209200000762939,.6831600189208984,.008865031003952,,.6831600189208984,DNK,.1165592316813012,.0796286069208031,-.0391406933137068,.0404879136070964,.0565699625015259,.0404879136070964,0,0,-.0799700164794921,1998,.6537172698974609,1997,.6499175262451172,0,0,,,,,,,,,,,,
Denmark,DNK,1997,.340119857788086,.6537172698974609,.0316599988937378,.0196399998664856,.6438800048828125,.0114232957363129,,.6438800048828125,DNK,.1076301468368782,.0693008994708669,-.039669350409765,.029631549061102,.0580079317092895,.029631549061102,0,0,-.075989990234375,1999,.6572795104980469,1998,.6521034240722656,0,0,,,,,,,,,,,,
Denmark,DNK,1998,.3374509048461914,.6572795104980469,.0232399988174438,.0131700003147125,.6031900024414063,.0090391397476196,,.6031900024414063,DNK,.0984189021218414,.0593652978111541,-.0403386982757363,.0190265995354177,.0540862989425659,.0190265995354177,0,0,-.0676599884033203,2000,.6632654571533203,1999,.6537172698974609,0,0,,,,,,,,,,,,
Denmark,DNK,1999,.3357280349731445,.6632654571533203,.0297099995613098,.0203800010681152,.5678900146484375,.0126629197597504,,.5678900146484375,DNK,.0903809972226089,.0513264658366877,-.0407707775585024,.0105556882781853,.0499371957778931,.0105556882781853,0,0,-.0669300079345703,2001,.6684507751464843,2000,.6572795104980469,0,0,,,,,,,,,,,,
Denmark,DNK,2000,.3352435684204101,.6684507751464843,.0372000002861023,.0276099991798401,.535530014038086,.0083649283647537,.990271224975586,.535530014038086,DNK,.0829260001833648,.0444093620423197,-.0408922771354028,.0035170849069169,.0441265249252319,.0035170849069169,0,0,-.0323300170898438,2002,.6720520782470704,2001,.6632654571533203,1,1,.032293355511539,0,.0215865185237693,0,.027090112642782,0,.0011953925307591,0,.032293355511539,0,.0014249935568993,0
Denmark,DNK,2001,.3351192855834961,.6720520782470704,.009539999961853,.0226999998092651,.5009600067138672,.0093449819087982,.9969557189941406,.5009600067138672,DNK,.0749307869055942,.0375373275113018,-.0409234460819809,-.0033861185706791,.0326854133605957,-.0033861185706791,0,0,-.0193400192260743,2003,.6790887451171875,2002,.6684507751464843,1,1,.039196558989135,0,.026342128928782,0,.033993316120378,0,.001111085588892,0,.039196558989135,0,.0012811557328728,0
Denmark,DNK,2002,.3349954986572266,.6790887451171875,.004539999961853,.0239800000190735,.5031999969482421,.0145667886734009,.9956609344482422,.5031999969482421,DNK,.0754592627437286,.0379711007823608,-.0409544906589133,-.0029833898765525,.0331402659416199,-.0029833898765525,0,0,-.0410499954223632,2004,.6818580627441406,2003,.6720520782470704,1,1,.0387938302950084,0,.0263444535333264,0,.0335905874262514,0,.0011132010004412,0,.0387938302950084,0,.0012856378528706,0
Denmark,DNK,2003,.3352778625488281,.6818580627441406,.0044100001454353,.0196800005435944,.4816199874877929,.019880565404892,.9937594604492187,.4816199874877929,DNK,.0704398763069674,.0339252523456033,-.0408836764960616,-.0069584241504583,.0281687521934509,-.0069584241504583,0,0,-.0880199813842773,2005,.6869667053222657,2004,.6790887451171875,1,1,.0427688645689142,0,.0291622951407263,0,.0375656217001572,0,.0010581766886647,0,.0427688645689142,0,.001204745547637,0
Denmark,DNK,2004,.3347406005859375,.6869667053222657,.0277800011634827,.0090399998426437,.4621500015258789,.0203730511665344,.9701839447021484,.4621500015258789,DNK,.0659738655404419,.0304898220601833,-.0410184166567754,-.010528594596592,.0215901851654053,-.010528594596592,0,0,-.1302399826049805,2006,.6916831970214844,2005,.6818580627441406,1,1,.0463390350150479,0,.0318333742121006,0,.0411357921462909,0,.000888129369364,0,.0463390350150479,0,.0010004683463611,0
Denmark,DNK,2005,.3342630004882812,.6916831970214844,.0235700011253357,.0170700001716614,.3936000061035156,.0169234657287598,.990999984741211,.3936000061035156,DNK,.0501381654327777,.0197343822203604,-.0411381941924284,-.021403811972068,.0152336597442627,-.021403811972068,0,0,-.0987700080871582,2007,.751721420288086,2006,.6869667053222657,1,1,.0572142523905239,0,.0395741370086717,0,.0520110095217669,0,.0007923180220102,0,.0572142523905239,0,.0008715824534396,0
Denmark,DNK,2006,.3339024353027344,.751721420288086,.038199999332428,.0189300000667572,.3319100189208984,.0148904597759247,.9890000152587891,.3319100189208984,DNK,.0358817200765451,.0119095023895205,-.0412286204917089,-.0293191181021885,.0105823957920074,-.0293191181021885,0,0,.0234799957275391,2008,.7582235717773438,2007,.6916831970214844,1,1,.0651295585206444,0,.0489592842338748,0,.0599263156518874,0,.000634163990585,0,.0651295585206444,0,.0006892267660242,0
Denmark,DNK,2007,.3338339996337891,.7582235717773438,.0098699998855591,.016710000038147,.2948299980163574,.016279274225235,1.003000030517578,.2948299980163574,DNK,.0273008738682032,.0080491165884072,-.0412457835028081,-.0331966669144009,.0056790167093277,-.0331966669144009,0,0,.1356599998474121,2009,.7559561920166016,2008,.751721420288086,1,1,.0690071073328568,0,.0523228153999412,0,.0638038644640998,0,.0003623432124113,0,.0690071073328568,0,.0003918925156057,0
Denmark,DNK,2008,.3334278869628906,.7559561920166016,-.0041699999570847,.0358500003814697,.3553900146484375,.020162296295166,1.006999969482422,.3553900146484375,DNK,.0413562567152017,.0146976006798201,-.0413476326756964,-.0266500319958763,-.000614010617137,-.0266500319958763,0,0,.1058399963378906,2010,.7524599456787109,2009,.7582235717773438,1,1,.0624604724143322,0,.0472173808778966,0,.0572572295455752,0,-.0000351565468488,0,.0624604724143322,0,-.0000383513932138,0
Denmark,DNK,2009,.3339855575561523,.7524599456787109,-.0497800016403198,.0105400002002716,.4304899978637695,.0384087181091309,.990999984741211,.4304899978637695,DNK,.058702344641664,.0252707722193882,-.0412077742257195,-.0159370020063313,.003993803858757,-.0159370020063313,0,0,.0693700027465821,2011,.7610186004638672,2010,.7559561920166016,1,1,.0517474424247872,0,.0389378777159676,0,.0465441995560302,0,.0001858884037896,0,.0517474424247872,0,.0002066691352369,0
Denmark,DNK,2010,.33300537109375,.7610186004638672,.0158399999141693,.0220600008964539,.4612300109863281,.0377566242218018,.9969999694824219,.4612300109863281,DNK,.065897974562421,.0303941235314022,-.0414535956137868,-.0110594720823846,.0070006483793259,-.0110594720823846,0,0,.0258799743652344,2012,.7709876251220703,2011,.7524599456787109,1,1,.0468699125008405,0,.0356688752152536,0,.0416666696320835,0,.0002916937032318,0,.0468699125008405,0,.0003281197769882,0
Denmark,DNK,2011,.3324021530151367,.7709876251220703,.0131299996376038,.0266400003433228,.4998600006103516,.0413810157775879,.9980000305175781,.4998600006103516,DNK,.0748908152455785,.0374349229543646,-.0416048769373716,-.004169953983007,.006602475643158,-.004169953983007,0,0,-.0221599960327148,2013,.7736762237548828,2012,.7610186004638672,1,1,.0399803944014629,0,.0308243893310276,0,.0347771515327059,0,.0002296152959331,0,.0399803944014629,0,.0002639695802395,0
Denmark,DNK,2012,.3308598709106445,.7736762237548828,-.0000499999988824,.0234299993515015,.4871099853515625,.0436932277679443,1.005,.4871099853515625,DNK,.0720603126404883,.0351012978347373,-.0419916665353309,-.0068903687005936,.0048991829156876,-.0068903687005936,0,0,.0000100326538086,2014,.7843194580078126,2013,.7709876251220703,1,1,.0427008091190495,0,.0330366007505043,0,.0374975662502925,0,.0001837074359533,0,.0427008091190495,0,.0002091990745221,0
Denmark,DNK,2013,.3394685745239258,.7843194580078126,.0139300000667572,.0051099997758865,.4777000045776367,.0426022481918335,1.009000015258789,.4777000045776367,DNK,.0692009556866341,.033057296848282,-.0398326860220815,-.0067753891737996,.0034592574834824,-.0067753891737996,0,0,-.0322000122070313,2015,.7924075317382813,2014,.7736762237548828,1,1,.0425858295922555,0,.0334008947846109,0,.0373825867234985,0,.0001293159928752,0,.0425858295922555,0,.0001473153497073,0
Denmark,DNK,2014,.3426954650878906,.7924075317382813,.0127799999713898,.003459999859333,.4871200180053711,.0357629561424255,.9940000152587891,.4871200180053711,DNK,.0711272212110978,.034647493277022,-.0390234127378625,-.0043759194608405,.0042809128761292,-.0043759194608405,0,0,-.0702000045776367,2016,.7914022064208984,2015,.7843194580078126,1,1,.0401863598792964,0,.0318439742414996,0,.0349831170105394,0,.0001497596760576,0,.0401863598792964,0,.000172034305452,0
Denmark,DNK,2015,.3417557144165039,.7914022064208984,.021010000705719,.0024300000071526,.4454999923706054,.0302848410606384,1,.4454999923706054,DNK,.0615639543845348,.0274267412086146,-.0392590932163618,-.0118323520077473,.0071744859218597,-.0118323520077473,0,0,-.0439699935913086,2017,.7684625244140625,2016,.7924075317382813,1,1,.0476427924262032,0,.03770461104615,0,.0424395495574462,0,.00030448195083,0,.0476427924262032,0,.0003418125435399,0
Denmark,DNK,2016,.3420613479614258,.7684625244140625,.0307599997520447,.0003999999910593,.4169200134277344,.0289442920684814,.9980000305175781,.4169200134277344,DNK,.0549218149170386,.0228980038126873,-.0391824432470606,-.0162844394343733,.0035894709825516,-.0162844394343733,0,0,-.0315299987792969,2018,.7672982025146484,2017,.7914022064208984,1,1,.0520948798528292,0,.0400329628807524,0,.0468916369840722,0,.0001683161702787,0,.0520948798528292,0,.0001869930595712,0
Denmark,DNK,2017,.3401040267944336,.7672982025146484,.0305599999427795,.0105099999904633,.4015299987792968,.0329095721244812,.9940000152587891,.4015299987792968,DNK,.0515127958807066,.0206839328670983,-.0396733206715298,-.0189893878044315,-.0032319754362106,-.0189893878044315,0,0,-.0181800079345703,2019,.7654069519042969,2018,.7684625244140625,1,1,.0547998282228874,0,.042047809693533,0,.0495965853541304,0,-.0001602949455845,0,.0547998282228874,0,-.0001771116987249,0
Denmark,DNK,2018,.3433446502685547,.7654069519042969,.0185899996757507,.0068999999761581,.3853900146484375,.0304616260528564,.9790000152587891,.3853900146484375,DNK,.0475192993405302,.0183134634689304,-.038860603304816,-.0205471398358856,-.0080674874782562,-.0205471398358856,0,0,.0665799713134766,2020,.7625881958007813,2019,.7672982025146484,1,1,.0563575802543415,0,.0431364837191773,0,.0511543373855845,0,-.0004126869763167,0,.0563575802543415,0,-.0004546640730067,0
Denmark,DNK,2019,.3478714752197266,.7625881958007813,.0171300005912781,.0071499997377396,.3833499908447265,.0282149386405945,1.028000030517578,.3833499908447265,DNK,.0466891379604708,.0178982806096946,-.0377253189117753,-.0198270383020807,-.0060824549198151,-.0198270383020807,0,0,.0129299926757813,2021,.7687430572509766,2020,.7654069519042969,1,1,.0556374787205366,0,.0424284845163984,0,.0504342358517796,0,-.0003067639659838,0,.0556374787205366,0,-.0003384124561698,0
Denmark,DNK,2020,.3487778472900391,.7687430572509766,-.0178100001811981,.0034499999880791,.4519699859619141,.0313003301620483,1.014000015258789,.4519699859619141,DNK,.062507159634648,.028251360062591,-.0374980094671176,-.0092466494045266,-.0058098393678665,-.0092466494045266,0,0,-.1188199996948242,2022,.7645217132568359,2021,.7625881958007813,1,1,.0450570898229825,0,.0346373249813514,0,.0398538469542255,0,-.0002315444489956,0,.0450570898229825,0,-.0002617744542551,0
Denmark,DNK,2021,.34497802734375,.7645217132568359,.0649900007247925,.0193599998950958,.3962799835205078,.0331890559196472,.98,.3962799835205078,DNK,.0499118897359815,.0197790828420522,-.0384509679596411,-.0186718851175889,-.0078090137243271,-.0186718851175889,0,0,-.0666399765014649,2023,.7658452606201172,2022,.7687430572509766,1,1,.0544823255360448,0,.0416529208610336,0,.0492790826672878,0,-.0003848210328711,0,.0544823255360448,0,-.0004254532278442,0
Denmark,DNK,2022,.3480608749389649,.7658452606201172,.0044400000572205,.0855200004577637,.3331499862670899,.0386019587516785,.9430000305175781,.3331499862670899,DNK,.03504984868529,.0116768566081679,-.0376778192740343,-.0260009626658664,-.007034118771553,-.0260009626658664,0,0,,,.7653203582763672,2023,.7645217132568359,0,1,,,,,.0566081602155653,0,-.0003981885223954,0,.0618114030843223,0,-.0004347887507315,0
Denmark,DNK,2023,.3474351119995117,.7653203582763672,.0060699999332428,.0335700011253357,.3296400070190429,.0436801958084106,.9569999694824218,.3296400070190429,DNK,.0342865339485638,.0113022132914632,-.037834754633048,-.0265325413415848,-.0168804597854614,-.0265325413415848,0,0,,,,,.7658452606201172,0,0,,,,,,,,,,,,
Egypt,EGY,1995,.4476431655883789,.3470380401611328,.0448400020599365,.0936100006103516,,.0075072002410889,.8743841552734375,,EGY,,,-.0127035334076785,,,,,,,,.3476050567626953,1996,,0,0,,,,,,,,,,,,
Egypt,EGY,1996,.4489567947387695,.3476050567626953,.0487900018692017,.0709499979019165,,.0076490700244904,.8355226135253906,,EGY,,,-.0123740877832579,,,,,,,,.3483146286010742,1997,.3470380401611328,0,0,,,,,,,,,,,,
Egypt,EGY,1997,.4491906356811524,.3483146286010742,.0591900014877319,.0616699981689453,,.0076455616950989,.8056825256347656,,EGY,,,-.0123154427118878,,,,,,,,.3490351867675781,1998,.3476050567626953,0,0,,,,,,,,,,,,
Egypt,EGY,1998,.4453693771362305,.3490351867675781,.0754300022125244,.0504099988937378,.7382399749755859,.0069086802005768,.7370798492431641,.7382399749755859,EGY,.1211618623701565,.0894465302441397,-.0132737777998616,.0761727524442781,,.0761727524442781,0,0,-.0213700103759765,2000,.3485087585449219,1999,.3483146286010742,1,0,0,.0403623120258222,0,.0140878671163041,,,,,,,,
Egypt,EGY,1999,.4455828094482422,.3485087585449219,.061100001335144,.0374499988555908,.7239800262451171,.0052539724111557,.7284712982177735,.7239800262451171,EGY,.1178429581848997,.0853159479595059,-.0132202510177547,.0720956969417512,.1582062244415283,.0720956969417512,0,0,.0674800109863282,2001,.3476829528808594,2000,.3490351867675781,1,1,0,.0362852565232953,0,.0126457297044177,0,.0414884993920523,0,.0065637388465612,0,.0362852565232953,0,.0057405534374429
Egypt,EGY,2000,.444984016418457,.3476829528808594,.0538299989700317,.0284899997711182,.7168699645996094,.0045244488120079,.7519703674316406,.7168699645996094,EGY,.1162438763119163,.0833317434966449,-.0133704225814244,.0699613209152204,.1669168472290039,.0699613209152204,0,0,.1408900451660157,2002,.3436898040771484,2001,.3485087585449219,1,1,0,.0341508804967645,0,.0118736789745964,0,.0393541233655215,0,.0065688661976341,0,.0341508804967645,0,.0057003573026144
Egypt,EGY,2001,.4443439865112305,.3436898040771484,.035239999294281,.0241700005531311,.7914600372314453,.0043112048506737,.7196539306640625,.7914600372314453,EGY,.1335665483564303,.1057125853350559,-.0135309359594744,.0921816493755815,.1396685600280762,.0921816493755815,0,0,.1794899749755859,2003,.3420115661621094,2002,.3476829528808594,1,1,0,.0563712089571256,0,.0193742097620665,0,.0615744518258826,0,.0086000150210392,0,.0563712089571256,0,.0078732855820835
Egypt,EGY,2002,.4442493057250976,.3420115661621094,.0318600010871887,.0225799989700317,.8577600097656251,.0043249228596687,.7029997253417969,.8577600097656251,EGY,.1489264625007354,.1277431639289908,-.013554680994897,.1141884829340938,.1658387184143066,.1141884829340938,0,0,.1073600006103516,2004,.3335447692871094,2003,.3436898040771484,1,1,0,.0783780425156379,0,.0268061970734937,0,.0835812853843949,0,.0138610132515685,0,.0783780425156379,0,.0129981141226154
Egypt,EGY,2003,.4429884338378906,.3335447692871094,.0319300007820129,.0341199994087219,.9709500122070313,.0043481504917145,.7303281402587891,.9709500122070313,EGY,.1752364074612452,.1701457919636123,-.0138708956024,.1562748963612123,.1729495429992676,.1562748963612123,0,0,.0116799926757812,2005,.3322449493408203,2004,.3420115661621094,1,1,0,.1204644559427563,0,.0401802891647238,0,.1256676988115134,0,.0217341710792208,0,.1204644559427563,0,.0208342726029551
Egypt,EGY,2004,.4415317153930664,.3322449493408203,.0409200000762939,.0815100002288818,.9651200103759766,.0043874371051788,.79466064453125,.9651200103759766,EGY,.174001541717125,.1679323697474676,-.0142362266530375,.1536961430944301,.1770405578613281,.1536961430944301,0,0,-.1058799743652344,2006,.3237167358398437,2005,.3335447692871094,1,1,0,.1178857026759742,0,.0391669293135861,0,.1230889455447312,0,.0217917355858019,0,.1178857026759742,0,.0208705505656291
Egypt,EGY,2005,.4383884048461914,.3237167358398437,.0447200012207031,.0870300006866455,.9826300048828125,.0059843236207962,1.105999984741211,.9826300048828125,EGY,.1783045870244104,.1752074372184242,-.0150245388685172,.160182898349907,.1858358383178711,.160182898349907,0,0,-.2199500274658203,2007,.2807262992858887,2006,.3322449493408203,1,1,0,.1243724579314511,0,.0402614461099476,0,.1295757008002081,0,.0240798089838323,0,.1243724579314511,0,.0231128599833454
Egypt,EGY,2006,.4319942855834961,.2807262992858887,.068439998626709,.0429199981689453,.8592400360107422,.0066644912958145,1.083000030517578,.8592400360107422,EGY,.1502377411025344,.1290902820751142,-.0166281228118944,.1124621592632197,.1755315208435059,.1124621592632197,0,0,-.1916300201416016,2008,.2941190719604492,2007,.3237167358398437,1,1,0,.0766517188447638,0,.021518153365193,0,.0818549617135208,0,.0143681259181613,0,.0766517188447638,0,.0134547927840902
Egypt,EGY,2007,.4337474822998047,.2941190719604492,.0708799982070923,.1088199996948242,.7626799774169922,.007708848118782,1.063000030517578,.7626799774169922,EGY,.1277397179119313,.0974245251723247,-.0161884378469523,.0812360873253724,.1634549713134766,.0812360873253724,0,0,-.0681800079345704,2009,.3211395645141601,2008,.2807262992858887,1,1,0,.0454256469069165,0,.0133605491114653,0,.0506288897756735,0,.0082755437259159,0,.0454256469069165,0,.0074250478120662
Egypt,EGY,2008,.4314750671386719,.3211395645141601,.071560001373291,.1174199962615967,.6676100158691406,.0076665812730789,1.181999969482422,.6676100158691406,EGY,.1059049020982267,.0707031733704169,-.0167583378308859,.053944835539531,.1378430080413818,.053944835539531,0,0,.0282899475097657,2010,.3333998870849609,2009,.2941190719604492,1,1,0,.0181343951210751,0,.0058236717519098,0,.0233376379898321,0,.0032169302210993,0,.0181343951210751,0,.0024996995724999
Egypt,EGY,2009,.4307448196411133,.3333998870849609,.0467399978637695,.161609992980957,.6944999694824219,.0074450647830963,1.019000015258789,.6944999694824219,EGY,.1121892580060269,.0779154362614412,-.0169414769175477,.0609739593438936,.1138961696624756,.0609739593438936,0,0,.033800048828125,2011,.3360760116577148,2010,.3211395645141601,1,1,0,.0251635189254377,0,.0083895143684012,0,.0303667617941947,0,.0034586578534116,0,.0251635189254377,0,.0028660284208366
Egypt,EGY,2010,.4274607849121094,.3360760116577148,.0514699983596802,.1165799999237061,.6958999633789063,.0075131618976593,1.013000030517578,.6958999633789063,EGY,.112772991261226,.0784787204888169,-.0177650814117034,.0607136390771134,.1793316841125488,.0607136390771134,0,0,.0027200317382813,2012,.3241982650756836,2011,.3333998870849609,1,1,0,.0249031986586575,0,.0083693676827214,0,.0301064415274145,0,.0053990388617472,0,.0249031986586575,0,.0044659325552464
Egypt,EGY,2011,.4251920318603515,.3241982650756836,.0176499998569489,.1105599975585937,.7283000183105469,.0037160241603851,1.048000030517578,.7283000183105469,EGY,.1204548612993497,.0877272776899107,-.0183340629736384,.0693932147162723,.2312392616271973,.0693932147162723,0,0,.0698199462890624,2013,.324908561706543,2012,.3360760116577148,1,1,0,.0335827742978164,0,.0108874771637803,0,.0387860171665734,0,.0089688499710582,0,.0335827742978164,0,.0077656559320199
Egypt,EGY,2012,.4205450439453125,.324908561706543,.022260000705719,.0869200038909912,.6986199951171875,.0030567863583565,1.056999969482422,.6986199951171875,EGY,.1139494210132753,.0796073439519007,-.0194994830885087,.060107860863392,.2429513168334961,.060107860863392,0,0,.1101200103759765,2014,.3184859848022461,2013,.3241982650756836,1,1,0,.0242974204449361,0,.0078944399299434,0,.0295006633136931,0,.0071672249995234,0,.0242974204449361,0,.0059030902927543
Egypt,EGY,2013,.4195640182495117,.3184859848022461,.0330200004577637,.0691599988937378,.7981199645996093,.0031221655011177,1.056999969482422,.7981199645996093,EGY,.1370671826103431,.1093960549327353,-.0197455149482841,.0896505399844512,.3233367156982422,.0896505399844512,0,0,.0394200134277344,2015,.3276622772216797,2014,.324908561706543,1,1,0,.0538400995659953,0,.017147317132127,0,.0590433424347523,0,.0190908804266995,0,.0538400995659953,0,.0174084809665353
Egypt,EGY,2014,.4251250457763672,.3276622772216797,.029300000667572,.100930004119873,.808740005493164,.0027380949258804,1.046999969482422,.808740005493164,EGY,.1390868504383231,.1124851001875163,-.0183508624426965,.0941342377448199,.2888342094421387,.0941342377448199,0,0,.1071199798583985,2016,.3280360412597656,2015,.3184859848022461,1,1,0,.058323797326364,0,.0191105082481721,0,.063527040195121,0,.0183487824329567,0,.058323797326364,0,.0168459078924239
Egypt,EGY,2015,.4240207290649414,.3280360412597656,.043600001335144,.1098799991607666,.8375399780273437,.0027874934673309,1,.8375399780273437,EGY,.1458430547950568,.1221493889084926,-.0186278145097586,.1035215743987339,.3092605972290039,.1035215743987339,0,0,.1404600524902344,2017,.3257295227050781,2016,.3276622772216797,1,1,0,.067711133980278,0,.0222116923401,0,.072914376849035,0,.0225495437309132,0,.067711133980278,0,.0209403857337939
Egypt,EGY,2016,.4275117492675781,.3257295227050781,.0434000015258789,.1021199989318848,.9158599853515625,.0039827990531921,1.000999984741211,.9158599853515625,EGY,.1637029375526277,.1499289699889574,-.0177523000388893,.1321766699500681,.402253303527832,.1321766699500681,0,0,-.0363700103759766,2018,.3310542297363281,2017,.3280360412597656,1,1,0,.0963662295316122,0,.03138932595022,0,.1015694724003692,0,.0408566558106275,0,.0963662295316122,0,.0387636341776123
Egypt,EGY,2017,.4203824996948242,.3310542297363281,.0419000005722046,.2353400039672852,.9780000305175781,.0058853405714035,1.001999969482422,.9780000305175781,EGY,.1786555485727037,.1747251319562388,-.0195402476315931,.1551848843246457,.3639312362670898,.1551848843246457,0,0,-.1770800018310547,2019,.3349087524414063,2018,.3257295227050781,1,1,0,.1193744439061898,0,.0395194145775662,0,.1245776867749468,0,.0453377115593007,0,.1193744439061898,0,.043444088949476
Egypt,EGY,2018,.4154796218872071,.3349087524414063,.053270001411438,.2085099983215332,.8794899749755859,.0064225780963898,1.019000015258789,.8794899749755859,EGY,.1562320401393072,.137404513072504,-.0207698424836168,.1166346705888872,.4362026977539062,.1166346705888872,0,0,-.0172699737548828,2020,.3386825180053711,2019,.3310542297363281,1,1,0,.0808242301704313,0,.0270687420934162,0,.0860274730391883,0,.0375254158206454,0,.0808242301704313,0,.0352557472442248
Egypt,EGY,2019,.4130159759521485,.3386825180053711,.0554899978637695,.13875,.8009200286865235,.0064818912744522,1.009000015258789,.8009200286865235,EGY,.1382330839603545,.1107136455709538,-.0213877013162907,.0893259442546631,.4602113723754883,.0893259442546631,0,0,.0981099700927734,2021,.3438549423217773,2020,.3349087524414063,1,1,0,.0535155038362072,0,.0181247655915727,0,.0587187467049642,0,.0270230350052602,0,.0535155038362072,0,.0246284434638266
Egypt,EGY,2020,.4116075134277344,.3438549423217773,.0357599997520447,.0569999980926514,.8622200012207031,.0054723262786865,.980999984741211,.8622200012207031,EGY,.152539030840895,.1315222033578413,-.0217409302437172,.1097812731141241,.474954719543457,.1097812731141241,0,0,.0231199645996094,2022,.349371337890625,2021,.3386825180053711,1,1,0,.0739708326956682,0,.0254352364100628,0,.0791740755644252,0,.0376041008548141,0,.0739708326956682,0,.0351327960973671
Egypt,EGY,2021,.412082748413086,.349371337890625,.0325200009346008,.045,.8990299987792969,.0054157787561417,1.033000030517578,.8990299987792969,EGY,.1610251994190651,.1447664848371581,-.021621745855605,.1231447389815531,.4317839431762696,.1231447389815531,0,0,.0602700042724609,2023,.3471986770629883,2022,.3438549423217773,1,1,0,.0873342985630972,0,.0305121007327286,0,.0925375414318542,0,.0399562245312834,0,.0873342985630972,0,.0377095478081077
Egypt,EGY,2022,.4117647552490235,.3471986770629883,.0665100002288818,.085,.8853399658203125,.0040986835956573,1.186999969482422,.8853399658203125,EGY,.1578802657034642,.1397777090416068,-.0217014954991516,.1180762135424553,.3233670043945313,.1180762135424553,0,0,,,.3509664916992187,2023,.349371337890625,0,1,,,,,0,.0874690159927564,0,.028284593678915,0,.0822657731239994,0,.0266020366193078
Egypt,EGY,2023,.411320686340332,.3509664916992187,.0375999999046326,.2439200019836426,.9593000030517578,.0040639737248421,1.101999969482422,.9593000030517578,EGY,.1750415590748125,.1679173681546521,-.0218128637333797,.1461045044212724,.4017557144165039,.1461045044212724,0,0,,,,,.3471986770629883,0,0,,,,,,,,,,,,
Spain,ESP,1995,.3112337875366211,.4773698043823242,.0412200021743774,.0467399978637695,.6158599853515625,.0533036422729492,,.6158599853515625,ESP,.1034248093655535,.0636952015808579,-.0469137004976283,.0167815010832296,.118110237121582,.0167815010832296,0,0,.0270000457763672,1997,.4826091384887695,1996,,0,0,,,,,,,,,,,,
Spain,ESP,1996,.3121235656738282,.4826091384887695,.024210000038147,.0359899997711182,.6544200134277344,.0817930126190186,,.6544200134277344,ESP,.1122834522492241,.0734805383286496,-.0466905526526518,.0267899856759978,.1219802188873291,.0267899856759978,0,0,-.030870018005371,1998,.4865697860717774,1997,.4773698043823242,0,0,,,,,,,,,,,,
Spain,ESP,1997,.3114181518554687,.4865697860717774,.0386500000953674,.0187699997425079,.6428600311279297,.0901666736602783,,.6428600311279297,ESP,.1096623727814205,.0704975563798266,-.0468674636901355,.0236300926896912,.1082768726348877,.0236300926896912,0,0,-.0343300247192383,1999,.4912995910644531,1998,.4826091384887695,0,0,,,,,,,,,,,,
Spain,ESP,1998,.3120497894287109,.4912995910644531,.044689998626709,.0176400005817413,.6235499954223633,.072046046257019,,.6235499954223633,ESP,.1051410172893435,.0655606808494728,-.0467090550291656,.0188516258203072,.0948345565795898,.0188516258203072,0,0,-.0451399993896485,2000,.5013858032226562,1999,.4865697860717774,0,0,,,,,,,,,,,,
Spain,ESP,1999,.3115881729125977,.5013858032226562,.0474499988555908,.0223499989509583,.6085300064086914,.0429313373565674,,.6085300064086914,ESP,.1016994698900719,.061887179063966,-.0468248240354705,.0150623550284955,.0799349164962769,.0150623550284955,0,0,-.068010025024414,2001,.5140356445312499,2000,.4912995910644531,0,0,,,,,,,,,,,,
Spain,ESP,2000,.3110647392272949,.5140356445312499,.0505299997329712,.0348399996757507,.5784099960327148,.0382936143875122,1.085458679199219,.5784099960327148,ESP,.0947662450396531,.054813743417421,-.0469560961964499,.0078576472209711,.0739423656463623,.0078576472209711,0,0,-.0660400009155273,2002,.5133191299438477,2001,.5013858032226562,1,1,.0279527931974848,0,.0143687320677178,0,.0227495503287278,0,.0016821555686971,0,.0279527931974848,0,.0020668956554456,0
Spain,ESP,2001,.3102242660522461,.5133191299438477,.0391899991035461,.028289999961853,.5405199813842774,.0354294586181641,1.080827178955078,.5405199813842774,ESP,.0860588537919377,.0465165300495704,-.0471668788285805,-.0006503487790101,.0655953645706177,-.0006503487790101,0,0,-.0636499786376953,2003,.516232681274414,2002,.5140356445312499,1,1,.036460789197466,0,.0187160205879093,0,.031257546328709,0,.0020503501470146,0,.036460789197466,0,.0023916587599402,0
Spain,ESP,2002,.3115459442138672,.516232681274414,.0275600004196167,.0359200000762939,.5123699951171875,.0405905675888062,1.087845230102539,.5123699951171875,ESP,.0794359813990595,.0407006134015651,-.046835414589142,-.0061348011875769,.0590691947937012,-.0061348011875769,0,0,-.0590399932861328,2004,.5149010848999024,2003,.5133191299438477,1,1,.0419452416060328,0,.0216535045409854,0,.0367419987372758,0,.0021703202805221,0,.0419452416060328,0,.0024776716470956,0
Spain,ESP,2003,.309179859161377,.5149010848999024,.0293899989128113,.0310199999809265,.476870002746582,.026229465007782,1.083523635864258,.476870002746582,ESP,.0714025992928083,.0340497577208746,-.047428806085759,-.0133790483648844,.0530015802383423,-.0133790483648844,0,0,-.0529199981689453,2005,.5145286560058594,2004,.516232681274414,1,1,.0491894887833403,0,.0253277211402135,0,.0439862459145833,0,.0023313405422252,0,.0491894887833403,0,.0026071206366332,0
Spain,ESP,2004,.3095322227478027,.5145286560058594,.0311500000953674,.0305100011825562,.4533300018310547,.0187472856044769,1.070723037719727,.4533300018310547,ESP,.0659238245965214,.0298852475250512,-.0473404366690796,-.0174551891440284,.0452524948120117,-.0174551891440284,0,0,-.0631399917602539,2006,.5234901428222656,2005,.5149010848999024,1,1,.0532656295624843,0,.027406692790091,0,.0480623866937273,0,.0021749429045108,0,.0532656295624843,0,.0024104026254349,0
Spain,ESP,2005,.312232666015625,.5234901428222656,.0355100011825562,.0338000011444092,.4239500045776367,.0157851123809814,1.060999984741211,.4239500045776367,ESP,.0589071613337948,.0249736913171179,-.0466631913306097,-.0216895000134918,.0374243950843811,-.0216895000134918,0,0,-.0669699859619141,2007,.5316193771362304,2006,.5145286560058594,1,1,.0574999404319477,0,.0301006520289921,0,.0522966975631907,0,.0019571722712132,0,.0574999404319477,0,.0021519004880536,0
Spain,ESP,2006,.3112380599975586,.5316193771362304,.0404300022125244,.0356699991226196,.3901900100708008,.0170320534706116,1.05,.3901900100708008,ESP,.0511682998801861,.0199653594455556,-.0469126290052966,-.026947269559741,.0309283447265625,-.026947269559741,0,0,.0059000015258789,2008,.5340420532226563,2007,.5234901428222656,1,1,.0627577099781969,0,.0333632146891052,0,.0575544671094399,0,.0017800643993144,0,.0627577099781969,0,.0019409920884553,0
Spain,ESP,2007,.3104860877990723,.5340420532226563,.0353399991989136,.0284200000762939,.3569800186157226,.0161862289905548,1.053000030517578,.3569800186157226,ESP,.0435376208858041,.0155420607142986,-.0471012164391272,-.0315591557248286,.0260806035995483,-.0315591557248286,0,0,.1738099670410156,2009,.5362537765502929,2008,.5316193771362304,1,1,.0673695961432846,0,.0359781974491408,0,.0621663532745275,0,.0016213360169824,0,.0673695961432846,0,.0017570397316747,0
Spain,ESP,2008,.3128080368041992,.5362537765502929,.0076700001955032,.0413000011444092,.3960900115966797,.0171261334419251,1.019000015258789,.3960900115966797,ESP,.0524104234999881,.0207592452518972,-.0465188938409728,-.0257596485890756,.0281169271469116,-.0257596485890756,0,0,.2065699768066407,2010,.5275150680541992,2009,.5340420532226563,1,1,.0615700890075315,0,.0330171927528264,0,.0563668461387745,0,.0015848625063851,0,.0615700890075315,0,.0017311617070536,0
Spain,ESP,2009,.3133440208435059,.5275150680541992,-.0376799988746643,-.0023999999463558,.5307899856567383,.0246063327789307,1.069000015258789,.5307899856567383,ESP,.0835592078229682,.0443523907218417,-.0463844741712689,-.0020320834494272,.0377206826210022,-.0020320834494272,0,0,.1644900131225586,2011,.5196490859985352,2010,.5362537765502929,1,1,.0378425238678831,0,.019962501553509,0,.0326392809991261,0,.0012311759595457,0,.0378425238678831,0,.0014274458323981,0
Spain,ESP,2010,.3096382522583008,.5196490859985352,.0009399999678135,.0204299998283386,.6026599884033204,.0279313135147095,1.033000030517578,.6026599884033204,ESP,.1004943177483979,.0605639043688491,-.0473138454821509,.0132500588866982,.0418076276779175,.0132500588866982,0,0,.2929399871826172,2012,.5259810256958007,2011,.5275150680541992,1,1,.0225603815317577,0,.0117234816427561,0,.0173571386630007,0,.0007256607907767,0,.0225603815317577,0,.0009431960313515,0
Spain,ESP,2011,.3086521530151367,.5259810256958007,-.0063999998569489,.0305299997329712,.6952799987792969,.0411940240859985,.990999984741211,.6952799987792969,ESP,.1220193560116922,.08483761769886,-.0475611497390702,.0372764679597898,.0539906740188599,.0372764679597898,0,0,.3047200012207031,2013,.5283224868774414,2012,.5196490859985352,1,1,0,.0014660275413339,0,.0007711026698891,0,.0066692704100909,0,.0003600784046548,0,.0014660275413339,0,.0000791518150868
Spain,ESP,2012,.3072739028930664,.5283224868774414,-.0286500000953674,.0243400001525879,.8955999755859375,.045935525894165,.9780000305175781,.8955999755859375,ESP,.1685144071961722,.1509214989707706,-.0479068016850081,.1030146972857625,.0671665525436401,.1030146972857625,0,0,.1485800170898438,2014,.5265901565551758,2013,.5259810256958007,1,1,0,.0672042568673066,0,.0355055201168858,0,.0724074997360636,0,.0048633621355759,0,.0672042568673066,0,.0045138782500342
Spain,ESP,2013,.3041412353515625,.5265901565551758,-.0142700004577637,.0152900004386902,1,.0426829147338867,.9830000305175781,1,ESP,.1929368791210287,.1929368791210287,-.0486924447365543,.1442444343844743,.0767241621017456,.1442444343844743,0,0,.0244200134277344,2015,.5326947021484375,2014,.5283224868774414,1,1,0,.1084339939660184,0,.0571002738584686,0,.1136372368347754,0,.0087187217797058,0,.1084339939660184,0,.0083195073303885
Spain,ESP,2014,.3035416030883789,.5326947021484375,.0151999998092651,-.0018899999558926,1.044179992675781,.0457424545288086,.98,1.044179992675781,ESP,.2032145959047832,.2121926152634684,-.0488428267719321,.1633497884915364,.0765205335617065,.1633497884915364,0,0,-.0245099639892579,2016,.5366313934326172,2015,.5265901565551758,1,1,0,.1275393480730805,0,.0679395350339955,0,.1327425909418375,0,.0101575338852328,0,.1275393480730805,0,.0097593789646643
Spain,ESP,2015,.3040961074829102,.5366313934326172,.0406099987030029,-.0063099998235703,1.024420013427734,.0470633840560913,1,1.024420013427734,ESP,.1985951475667534,.2034448437370164,-.0487037623743081,.1547410813627083,.0674163150787354,.1547410813627083,0,0,-.0129800415039063,2017,.5363711547851563,2016,.5326947021484375,1,1,0,.1189306409442523,0,.0638219155717484,0,.1241338838130094,0,.008368649023085,0,.1189306409442523,0,.0080178655624137
Spain,ESP,2016,.3044668769836426,.5363711547851563,.0291499996185303,-.0033500000834465,1.019670028686523,.0534116268157959,1.019000015258789,1.019670028686523,ESP,.1974659370150829,.2013500976607809,-.0486107769303961,.1527393207303848,.0628399419784546,.1527393207303848,0,0,-.022490005493164,2018,.5404562377929687,2017,.5366313934326172,1,1,0,.1169288803119289,0,.0627172785606446,0,.1221321231806859,0,.0076747755343798,0,.1169288803119289,0,.0073478040544073
Spain,ESP,2017,.3038949775695801,.5404562377929687,.0289599990844727,.0203500008583069,1.011439971923828,.0571455144882202,1.004000015258789,1.011439971923828,ESP,.1956053834016882,.1978431034959532,-.0487542038325134,.1490888996634397,.0587599802017212,.1490888996634397,0,0,-.0356499481201171,2019,.5352510452270508,2018,.5363711547851563,1,1,0,.1132784592449838,0,.0612220499065281,0,.1184817021137408,0,.0069619824704696,0,.1132784592449838,0,.0066562400225167
Spain,ESP,2018,.302901496887207,.5352510452270508,.0239499998092651,.0173599994182587,.9971800231933594,.0568001842498779,.9819999694824219,.9971800231933594,ESP,.192381866402701,.1918393540014272,-.0490033592837737,.1428359947176535,.0558964729309082,.1428359947176535,0,0,.1946099853515624,2020,.5332337951660157,2019,.5404562377929687,1,1,0,.1070255542991976,0,.05728553980465,0,.1122287971679546,0,.006273193922967,0,.1070255542991976,0,.0059823509988005
Spain,ESP,2019,.3032713890075683,.5332337951660157,.0196099996566772,.0077799999713898,.9757900238037109,.0589398956298828,.985999984741211,.9757900238037109,ESP,.1873995610173427,.1828626221059178,-.0489105938784655,.1339520282274524,.0523263263702393,.1339520282274524,0,0,.1801499938964843,2021,.5276475143432617,2020,.5352510452270508,1,1,0,.0981415878089965,0,.05233241133101,0,.1033448306777535,0,.0054076553387212,0,.0981415878089965,0,.005135388754187
Spain,ESP,2020,.299874210357666,.5276475143432617,-.109399995803833,-.0033899998664856,1.191790008544922,.0719860935211182,1.01,1.191790008544922,ESP,.2376850411247111,.2832706571930195,-.0497625737856202,.2335080834073993,.0489289236068726,.2335080834073993,0,0,-.0995300292968748,2022,.530667495727539,2021,.5332337951660157,1,1,0,.1976976429889434,0,.1043146699146376,0,.2029008858577004,0,.0099277219438982,0,.1976976429889434,0,.0096731328710648
Spain,ESP,2021,.3003033447265625,.530667495727539,.0668300008773804,.030090000629425,1.155940017700195,.0765358352661133,.965,1.155940017700195,ESP,.2293496958927471,.2651144915297965,-.0496549509911051,.2154595405386913,.0451743936538696,.2154595405386913,0,0,-.1052000427246094,2023,.5269222259521484,2022,.5276475143432617,1,1,0,.1796491001202354,0,.0953339380705113,0,.1848523429889924,0,.0083505925100249,0,.1796491001202354,0,.008115539168395
Spain,ESP,2022,.3059868240356445,.5269222259521484,.0636999988555908,.0832199954986572,1.092259979248047,.072501482963562,.93,1.092259979248047,ESP,.2141547488432189,.233912661527365,-.0482295887499387,.1856830727774263,.0502876329421997,.1856830727774263,0,0,,,.5249701309204101,2023,.530667495727539,0,1,,,,,0,.1550758752277274,0,.0077983986916423,0,.1498726323589704,0,.0075367399241491
Spain,ESP,2023,.3047359466552734,.5249701309204101,.0246099996566772,.0340199995040894,1.050739974975586,.0785164260864258,.955,1.050739974975586,ESP,.2046392325723226,.2150226221120653,-.0485432968307372,.1664793252813281,.0427559661865234,.1664793252813281,0,0,,,,,.5269222259521484,0,0,,,,,,,,,,,,
Finland,FIN,1995,.2914358520507813,.6680387878417968,.0423299980163574,.0039800000190735,.5520399856567383,.0774457216262817,,.5520399856567383,FIN,.0902113515283994,.0498002732038126,-.0518788333255901,-.0020785601217775,.0142999851703644,-.0020785601217775,0,0,-.0296899795532226,1997,.6688758850097656,1996,,0,0,,,,,,,,,,,,
Finland,FIN,1996,.2903268814086914,.6688758850097656,.0366199994087219,.0105200004577637,.5536299896240234,.0526273393630981,,.5536299896240234,FIN,.0906671794833154,.0501960696365874,-.0521569525539422,-.0019608829173548,.0245287466049194,-.0019608829173548,0,0,-.0852000045776367,1998,.6728508758544922,1997,.6680387878417968,0,0,,,,,,,,,,,,
Finland,FIN,1997,.2893052673339844,.6728508758544922,.0639799976348877,.0122000002861023,.5223500061035157,.0585148096084595,,.5223500061035157,FIN,.083504724284399,.0436186932396282,-.0524131635908689,-.0087944703512407,.0321153998374939,-.0087944703512407,0,0,-.082140007019043,1999,.6789908599853516,1998,.6688758850097656,0,0,,,,,,,,,,,,
Finland,FIN,1998,.2863220977783203,.6789908599853516,.054539999961853,.0135099995136261,.4684299850463867,.0641716051101685,,.4684299850463867,FIN,.0712547683650561,.033377870079727,-.0531613139777008,-.0197834438979738,.0288799786567688,-.0197834438979738,0,0,-.0439599990844727,2000,.684629135131836,1999,.6728508758544922,0,0,,,,,,,,,,,,
Finland,FIN,1999,.2837487411499023,.684629135131836,.0438899993896484,.0130400002002716,.4402099990844727,.0519368505477905,,.4402099990844727,FIN,.0649235270920302,.0285799858017434,-.0538066872027499,-.0252267014010066,.0265716886520386,-.0252267014010066,0,0,-.0312400054931641,2001,.6889539337158204,2000,.6789908599853516,0,0,,,,,,,,,,,,
Finland,FIN,2000,.2847705841064453,.6889539337158204,.0575400018692017,.0295300006866455,.424469985961914,.04759596824646,1.074904479980469,.424469985961914,FIN,.0611980070406356,.0259767171894357,-.0535504187644483,-.0275737015750126,.0165865290164948,-.0275737015750126,0,0,-.0231799697875976,2002,.6920528411865234,2001,.684629135131836,1,1,.0633841419934685,0,.0436687539616022,0,.0581808991247115,0,.0009650191715378,0,.0633841419934685,0,.0010513229103603,0
Finland,FIN,2001,.2827119827270508,.6920528411865234,.0264000010490417,.0266899991035461,.4089699935913086,.0464249038696289,1.066868209838867,.4089699935913086,FIN,.0577715261295754,.0236268206709726,-.0540666962973168,-.0304398756263442,.0090765047073364,-.0304398756263442,0,0,.0179999923706055,2003,.6968489837646484,2002,.6889539337158204,1,1,.0662503160448001,0,.045848719448309,0,.0610470731760431,0,.0005540940470515,0,.0662503160448001,0,.0006013213054432,0
Finland,FIN,2002,.2801124000549317,.6968489837646484,.0168700003623962,.0200399994850159,.4012900161743164,.0532791328430176,1.085785293579101,.4012900161743164,FIN,.0561986049283673,.0225519390806785,-.0547186467632414,-.0321667076825629,-.0001555482111871,-.0321667076825629,0,0,.02447998046875,2004,.6998246002197266,2003,.6920528411865234,1,1,.0679771481010188,0,.0473698065734139,0,.0627739052322618,0,-9.76436866811e-06,0,.0679771481010188,0,-.0000105737237887,0
Finland,FIN,2003,.2804440498352051,.6998246002197266,.0201200008392334,.0129100000858307,.426969985961914,.0593910789489746,1.052371444702148,.426969985961914,FIN,.0621188507969325,.0265228848527365,-.0546354721709916,-.0281125873182551,-.0014814814925194,-.0281125873182551,0,0,-.0282699966430664,2005,.7011412811279297,2004,.6968489837646484,1,1,.063923027736711,0,.0447349073306783,0,.058719784867954,0,-.0000869922745266,0,.063923027736711,0,-.0000947007825377,0
Finland,FIN,2004,.2869620323181152,.7011412811279297,.0400500011444092,.0014900000393391,.4257699966430664,.0660000514984131,1.006419372558594,.4257699966430664,FIN,.061325838737503,.0261107021533999,-.0530008245168904,-.0268901223634905,-.0014499086141586,-.0268901223634905,0,0,-.0457199859619141,2006,.7128740692138672,2005,.6998246002197266,1,1,.0627005627819464,0,.0439619529163761,0,.0574973199131894,0,-.0000833658594332,0,.0627005627819464,0,-.0000909100860901,0
Finland,FIN,2005,.2851665878295899,.7128740692138672,.0277800011634827,.0077200001478195,.3986999893188476,.0563496541976929,1.006999969482422,.3986999893188476,FIN,.0551994051586531,.0220080022471617,-.053451104818952,-.0314431025717902,-.0008497325330973,-.0314431025717902,0,0,-.059640007019043,2007,.7485933685302735,2006,.7011412811279297,1,1,.0672535429902461,0,.0479433068605065,0,.0620503001214891,0,-.0000527261587017,0,.0672535429902461,0,-.0000571475234449,0
Finland,FIN,2006,.2836599731445312,.7485933685302735,.0401900005340576,.0127799999713898,.3800500106811524,.035848126411438,.9890000152587891,.3800500106811524,FIN,.0509998872484938,.0193825076935276,-.0538289493693206,-.034446441675793,-.0037741631269455,-.034446441675793,0,0,-.0544200134277344,2008,.749539566040039,2007,.7128740692138672,1,1,.0702568820942489,0,.052593836029368,0,.0650536392254919,0,-.0002455230464385,0,.0702568820942489,0,-.0002651609338143,0
Finland,FIN,2007,.283147029876709,.749539566040039,.0531300020217896,.0158399999141693,.3390599822998047,.0380425715446472,1.013000030517578,.3390599822998047,FIN,.0415487703711559,.0140875253466228,-.0539575906339498,-.039870065287327,-.0065256005525589,-.039870065287327,0,0,.0762800216674805,2009,.7529609680175782,2008,.7485933685302735,1,1,.0756805057057829,0,.0567255334044032,0,.0704772628370259,0,-.0004599064653121,0,.0756805057057829,0,-.0004938607498516,0
Finland,FIN,2008,.282382583618164,.7529609680175782,.00783999979496,.0391400003433228,.325629997253418,.0376255083084106,.97,.325629997253418,FIN,.0384993383704577,.0125365394478306,-.0541493064427132,-.0416127669948827,-.0102007496356964,-.0416127669948827,0,0,.1754999923706055,2010,.7495432281494141,2009,.749539566040039,1,1,.0774232074133386,0,.0582966532009731,0,.0722199645445816,0,-.0007366977770181,0,.0774232074133386,0,-.0007897747548161,0
Finland,FIN,2009,.2817369270324707,.7495432281494141,-.0807600021362305,.0163199996948242,.4153400039672852,.0559992694854736,.9930000305175781,.4153400039672852,FIN,.0593236292167868,.024639476394254,-.0543112309378965,-.0296717545436425,-.0071306777000427,-.0296717545436425,0,0,.1048999786376953,2011,.7597169494628906,2010,.7529609680175782,1,1,.0654821949620984,0,.0490817357982006,0,.0602789520933414,0,-.0004298297794739,0,.0654821949620984,0,-.0004669324273661,0
Finland,FIN,2010,.2827755928039551,.7597169494628906,.0316799998283386,.0168799996376038,.5011299896240234,.0453443193435669,.980999984741211,.5011299896240234,FIN,.0791070806577616,.0396429305092109,-.0540507434985387,-.0144078129893278,.0012440954148769,-.0144078129893278,0,0,.0774300003051758,2012,.7599078369140625,2011,.7495432281494141,1,1,.0502182534077837,0,.0381516582863159,0,.0450150105390267,0,.0000560029682122,0,.0502182534077837,0,.0000624762988078,0
Finland,FIN,2011,.2847877883911133,.7599078369140625,.0238899993896484,.0332399988174438,.5202399826049805,.0476659202575684,.9509999847412109,.5202399826049805,FIN,.0833731614638175,.0433740520696586,-.0535461040944339,-.0101720520247753,.0004165167734027,-.0101720520247753,0,0,.0878800201416016,2013,.7685635375976563,2012,.7597169494628906,1,1,.0459824924432312,0,.034942456368453,0,.0407792495744742,0,.0000169852414545,0,.0459824924432312,0,.0000191524793855,0
Finland,FIN,2012,.2826542854309082,.7685635375976563,-.0152300000190735,.0316100001335144,.5785599899291992,.0522010946273804,.9390000152587891,.5785599899291992,FIN,.0970463700339194,.0561471468694898,-.0540811662272429,.0020659806422469,.004034216105938,.0020659806422469,0,0,.0695700454711914,2014,.7737702941894531,2013,.7599078369140625,1,1,.033744459776209,0,.025934761379925,0,.028541216907452,0,.0001151414369311,0,.033744459776209,0,.0001361324431154,0
Finland,FIN,2013,.2867770767211914,.7737702941894531,-.0098000001907349,.0221799993515015,.6081200027465821,.0536214590072632,.9509999847412109,.6081200027465821,FIN,.103565450066891,.0629802217791288,-.0530472096112684,.0099330121678603,.0018503251671791,.0099330121678603,0,0,.0795199966430664,2015,.7843850708007812,2014,.7685635375976563,1,1,.0258774282505956,0,.0200231852703298,0,.0206741853818386,0,.0000382539655229,0,.0258774282505956,0,.0000478816567539,0
Finland,FIN,2014,.2889871788024903,.7843850708007812,-.0047799998521805,.0120700001716614,.6481300354003906,.0510441398620606,.9590000152587891,.6481300354003906,FIN,.1126555057087647,.0730154169030706,-.052492937151655,.0205224797514156,.0028189638257027,.0205224797514156,0,0,.0383599853515625,2016,.7664422607421875,2015,.7737702941894531,1,1,.0152879606670403,0,.011991648110216,0,.0100847177982833,0,.0000284284546658,0,.0152879606670403,0,.0000430962080892,0
Finland,FIN,2015,.2872214317321777,.7664422607421875,.0046700000762939,-.0015500000119209,.6876399993896485,.0476529836654663,1,.6876399993896485,FIN,.1219439927221345,.0838535670810198,-.0529357696253216,.0309177974556982,.0026446095108986,.0309177974556982,0,0,-.0218299865722656,2017,.7463658142089844,2016,.7843850708007812,1,1,.0048926429627577,0,.0037499283333804,0,0,.0003105999059993,0,8.21415465490e-07,.0048926429627577,0,.0000129391301127,0
Finland,FIN,2016,.2849318885803223,.7463658142089844,.0257200002670288,.0038899999856949,.6864900207519531,.048541088104248,.9969999694824219,.6864900207519531,FIN,.1218586553042582,.0836547508086253,-.0535099651454779,.0301447856631473,.0053181529045105,.0301447856631473,0,0,-.0337100219726563,2018,.7470169067382813,2017,.7664422607421875,1,1,.0056656547553086,0,.0042286510244729,0,.0004624118865516,0,2.45917711754e-06,0,.0056656547553086,0,.0000301308182929,0
Finland,FIN,2017,.2844753456115723,.7470169067382813,.0330299997329712,.0083999997377396,.6658100128173828,.0471751356124878,.9819999694824219,.6658100128173828,FIN,.1171060721297095,.0779703953856753,-.0536244617546389,.0243459336310364,.0047299885749817,.0243459336310364,0,0,-.0125299835205078,2019,.7430153656005859,2018,.7463658142089844,1,1,.0114645067874195,0,.0085641803976182,0,.0062612639186625,0,.0000296157068002,0,.0114645067874195,0,.0000542269861223,0
Finland,FIN,2018,.2844987106323242,.7430153656005859,.01192999958992,.0116799998283386,.6527799987792968,.0457418632507324,.9669999694824218,.6527799987792968,FIN,.1140869935802591,.0744737075300552,-.0536186020309498,.0208551054991054,.0036683785915375,.0208551054991054,0,0,.1003900146484376,2020,.740298080444336,2019,.7470169067382813,1,1,.0149553349193505,0,.0111120436427804,0,.0097520920505935,0,.0000357743657011,0,.0149553349193505,0,.0000548618304474,0
Finland,FIN,2019,.2845317840576172,.740298080444336,.0135000002384186,.011360000371933,.653280029296875,.0500248289108276,.9640000152587891,.653280029296875,FIN,.1142001667927956,.0746046883081055,-.0536103075322748,.0209943807758308,.0026903051137924,.0209943807758308,0,0,.077979965209961,2021,.7456877136230469,2020,.7430153656005859,1,1,.0148160596426251,0,.0109683005131842,0,.0096128167738681,0,.0000258614101247,0,.0148160596426251,0,.0000398597210228,0
Finland,FIN,2020,.283522834777832,.7456877136230469,-.024909999370575,.0038199999928474,.7531700134277344,.0605218696594238,.9680000305175781,.7531700134277344,FIN,.1374104471508541,.1034934283257198,-.0538633423597896,.0496300859659302,.0013943713903427,.0496300859659302,0,0,-.0135300445556641,2022,.7496027374267578,2021,.740298080444336,1,1,0,.0138196455474743,0,.010305139891377,0,.0190228884162313,0,.0000265249713693,0,.0138196455474743,0,.0000192697183761
Finland,FIN,2021,.2810344314575196,.7496027374267578,.0267600011825562,.0206900000572205,.731259994506836,.0732174825668335,.9519999694824218,.731259994506836,FIN,.1325336285486049,.0969165404844239,-.05448741010785,.0424291303765739,-.0009149654209614,.0424291303765739,0,0,.0391300201416015,2023,.7483502960205078,2022,.7456877136230469,1,1,0,.006618689958118,0,.0049613881107842,0,.011821932826875,0,-.0000108166597455,0,.006618689958118,0,-6.05587244374e-06
Finland,FIN,2022,.2824525260925293,.7483502960205078,.0076300001144409,.071710000038147,.7396399688720703,.069591703414917,.965,.7396399688720703,FIN,.1343620188931374,.0993795194717087,-.0541317655392292,.0452477539324795,-.0009722063690424,.0452477539324795,0,0,,,.7455947113037109,2023,.7496027374267578,0,1,,,,,0,.0146405563827806,0,-.0000142336421617,0,.0094373135140236,0,-9.17501630498e-06
Finland,FIN,2023,.2802004051208496,.7455947113037109,-.0128900003433228,.0434000015258789,.7703900146484375,.0744242477416992,.9590000152587891,.7703900146484375,FIN,.1416604980746549,.1091338331868383,-.0546965759345871,.0544372572522512,-.0020355467498302,.0544372572522512,0,0,,,,,.7483502960205078,0,0,,,,,,,,,,,,
France,FRA,1995,.3090703010559082,.5821876144409179,.0245700001716614,.0176999998092651,.5780199813842773,.0347945761680603,,.5780199813842773,FRA,.094833561658977,.0548156935447266,-.047456282210551,.0073594113341756,.0566134023666382,.0073594113341756,0,0,.0418300247192382,1997,.583962287902832,1996,,0,0,,,,,,,,,,,,
France,FRA,1996,.3080360031127929,.583962287902832,.0134700000286102,.0208800005912781,.6059500122070313,.0334581446647644,,.6059500122070313,FRA,.1013827883235802,.0614329018222563,-.0477156742403375,.0137172275819187,.0597264051437378,.0137172275819187,0,0,.0150799942016602,1998,.5821446990966797,1997,.5821876144409179,0,0,,,,,,,,,,,,
France,FRA,1997,.30749755859375,.5821446990966797,.0251500010490417,.0127300000190735,.6198500061035156,.0313053798675537,,.6198500061035156,FRA,.1046440283373106,.0648636016035784,-.0478507109748217,.0170128906287567,.0582756423950195,.0170128906287567,0,0,-.0056500244140625,1999,.580182991027832,1998,.583962287902832,0,0,,,,,,,,,,,,
France,FRA,1998,.3079995346069336,.580182991027832,.0346600008010864,.0067500001192093,.6210300064086914,.0408119106292725,,.6210300064086914,FRA,.1048775961945896,.0651321342368541,-.0477248201927404,.0174073140441137,.0560218667984009,.0174073140441137,0,0,-.0238199996948243,2000,.5834856796264648,1999,.5821446990966797,0,0,,,,,,,,,,,,
France,FRA,1999,.307469482421875,.5834856796264648,.0326099991798401,.0057099997997284,.6141999816894531,.0363910555839539,,.6141999816894531,FRA,.1033379268470566,.0634701527772882,-.0478577522101444,.0156124005671438,.0512357997894287,.0156124005671438,0,0,-.0209599685668945,2001,.5862411117553711,2000,.580182991027832,0,0,,,,,,,,,,,,
France,FRA,2000,.3079886627197266,.5862411117553711,.0436700010299683,.01817999958992,.5972100067138671,.0327131080627441,1.098873748779297,.5972100067138671,FRA,.0993626929006917,.05934039449433,-.0477275467580488,.0116128477362812,.0503839683532715,.0116128477362812,0,0,.0153400039672852,2002,.5879372406005859,2001,.5834856796264648,1,1,.0241975926821747,0,.0141856236358017,0,.0189943498134177,0,.0009570107198902,0,.0241975926821747,0,.001219170743924,0
France,FRA,2001,.3072967147827149,.5879372406005859,.0184200000762939,.0178299999237061,.5932400131225586,.0295554995536804,1.106099319458008,.5932400131225586,FRA,.0984980880431676,.0584330070432757,-.0479010806813084,.0105319263619673,.0508899927139282,.0105319263619673,0,0,.0603899765014648,2003,.5872854614257812,2002,.5862411117553711,1,1,.0252785140564886,0,.014862179800855,0,.0200752711877316,0,.0010216304044738,0,.0252785140564886,0,.0012864233961536,0
France,FRA,2002,.3083748245239258,.5872854614257812,.0112300002574921,.0194000005722046,.6125500106811523,.0307521080970764,1.10732795715332,.6125500106811523,FRA,.1028843064977255,.0630217830441047,-.0476307010716738,.0153910819724309,.0520010232925415,.0153910819724309,0,0,.0562199783325196,2004,.5875760650634766,2003,.5879372406005859,1,1,.020419358446025,0,.0119919923469922,0,.015216115577268,0,.0007912535805555,0,.020419358446025,0,.0010618275341705,0
France,FRA,2003,.3086125946044922,.5875760650634766,.0099000000953674,.0216799998283386,.6536299896240234,.0349249672889709,1.096004791259766,.6536299896240234,FRA,.1123780003832867,.0734536312244962,-.0475710706100344,.0258825606144618,.0503521251678467,.0258825606144618,0,0,.0282500457763672,2005,.5939647293090821,2004,.5872854614257812,1,1,.0099278798039941,0,.005833384549654,0,.0047246369352371,0,.0002378955103357,0,.0099278798039941,0,.000499889846542,0
France,FRA,2004,.3080319023132324,.5939647293090821,.0252500009536743,.0233999991416931,.6687699890136719,.0372378420829773,1.088500518798828,.6687699890136719,FRA,.1159297152580059,.0775303143994547,-.0477167026816381,.0298136117178167,.0498364543914795,.0298136117178167,0,0,-.0147699737548829,2006,.5961409759521484,2005,.5875760650634766,1,1,.0059968287006392,0,.0035619047358881,0,.0007935858318822,0,.0000395495041163,0,.0059968287006392,0,.0002988606800329,0
France,FRA,2005,.3075947189331055,.5961409759521484,.0198399996757507,.0188300001621246,.6818800354003907,.0351003503799438,1.055999984741211,.6818800354003907,FRA,.1190000318382487,.0811437459225127,-.0478263440911709,.0333174018313418,.0480534315109253,.0333174018313418,0,0,-.0270900726318359,2007,.6149180603027343,2006,.5939647293090821,1,1,.0024930385871141,0,.0014862024564086,0,0,.0027102042816429,0,.0001302346158285,.0024930385871141,0,.000119799059,0
France,FRA,2006,.3074287796020508,.6149180603027343,.0293099999427795,.0189199995994568,.654000015258789,.0450518083572388,1.055,.654000015258789,FRA,.1125572452314016,.0736124400988239,-.0478679600879832,.0257444800108407,.0464652013778687,.0257444800108407,0,0,.0441899871826172,2008,.6333086013793945,2007,.5961409759521484,1,1,.0100659604076152,0,.0061897408489349,0,.0048627175388582,0,.0002259471496867,0,.0100659604076152,0,.0004677168774015,0
France,FRA,2007,.3066418838500977,.6333086013793945,.0248399996757507,.0160699999332428,.6547899627685547,.0516779470443726,1.055,.6547899627685547,FRA,.1128023571249115,.073861851222026,-.0480653060149361,.02579654520709,.0487549591064453,.02579654520709,0,0,.185780029296875,2009,.6368822097778321,2008,.6149180603027343,1,1,.0100138952113659,0,.00634188597067,0,.0048106523426089,0,.0002345431582392,0,.0100138952113659,0,.0004882270515264,0
France,FRA,2008,.3058962631225586,.6368822097778321,.0026300001144409,.0315899991989136,.6981900024414063,.0461062002182007,1.026999969482422,.6981900024414063,FRA,.1229110059348128,.0858152355337027,-.0482523005606129,.0375629349730898,.0518905067443848,.0375629349730898,0,0,.1645999908447265,2010,.6412472534179687,2009,.6333086013793945,1,1,0,.0017524945546339,0,.0011161326045789,0,.0069557374233909,0,.0003609367396806,0,.0017524945546339,0,.0000909378305067
France,FRA,2009,.3066732597351074,.6412472534179687,-.0273000001907349,.001059999987483,.8405699920654297,.0604678630828857,1.058000030517578,.8405699920654297,FRA,.1558191275697274,.1309768828249279,-.048057437243125,.0829194455818029,.0442780351638794,.0829194455818029,0,0,.0469100189208984,2011,.656031494140625,2010,.6368822097778321,1,1,0,.047109005163347,0,.0302085201722491,0,.052312248032104,0,.0023162835578671,0,.047109005163347,0,.0020858941871581
France,FRA,2010,.305052661895752,.656031494140625,.0183800005912781,.0173500001430511,.8627899932861328,.0747248411178589,1.020999984741211,.8627899932861328,FRA,.1610924765993894,.1389889768036337,-.0484638676782006,.0905251091254331,.045352954864502,.0905251091254331,0,0,.0546099853515625,2012,.6534062957763672,2011,.6412472534179687,1,1,0,.0547146687069772,0,.0358945458632476,0,.0599179115757342,0,.0027174543392695,0,.0547146687069772,0,.0024814719002937
France,FRA,2011,.3053451919555664,.6534062957763672,.0248399996757507,.0228900003433228,.8874800109863281,.0740737771987915,.9830000305175781,.8874800109863281,FRA,.1667865808095173,.1480197565692025,-.0483905039376131,.0996292526315894,.0480573987960815,.0996292526315894,0,0,.0581199645996093,2013,.6526150512695312,2012,.656031494140625,1,1,0,.0638188122131335,0,.0416996136890312,0,.0690220550818905,0,.0033170204267955,0,.0638188122131335,0,.0030669661092188
France,FRA,2012,.3046600151062012,.6526150512695312,.0022900000214577,.0221700000762939,.9173999786376953,.080936336517334,.9780000305175781,.9173999786376953,FRA,.1737690050876616,.1594156815553143,-.0485623397368648,.1108533418184495,.0467176246643066,.1108533418184495,0,0,.0442300415039063,2014,.6492581176757812,2013,.6534062957763672,1,1,0,.0750429013999936,0,.0489741269445712,0,.0802461442687506,0,.0037489092487053,0,.0750429013999936,0,.0035058261013255
France,FRA,2013,.3045439720153809,.6492581176757812,.0092599999904633,.0099000000953674,.9455999755859374,.0630872201919556,.9740000152587891,.9455999755859374,FRA,.1803081717742033,.1704994028276316,-.048591442233946,.1219079605936856,.0410593795776367,.1219079605936856,0,0,.0241899871826172,2015,.6587601470947265,2014,.6526150512695312,1,1,0,.0860975201752297,0,.0558995138855223,0,.0913007630439867,0,.0037487526855509,0,.0860975201752297,0,.003535110761568
France,FRA,2014,.303244857788086,.6587601470947265,.009990000128746,.0061100000143051,.9616300201416016,.0619536161422729,.975,.9616300201416016,FRA,.1841227654090912,.1770579786088717,-.0489172476545075,.1281407309543642,.0390746927261353,.1281407309543642,0,0,.0198600006103515,2016,.6580760955810547,2015,.6492581176757812,1,1,0,.0923302905359083,0,.0608235157747338,0,.0975335334046653,0,.0038110928482815,0,.0923302905359083,0,.0036077777320054
France,FRA,2015,.3037918281555176,.6580760955810547,.0099800002574921,.0008399999886751,.9697899627685547,.0588795375823975,1,.9697899627685547,FRA,.1859690536259468,.1803509215920102,-.0487800727188078,.1315708488732024,.0359909129142761,.1315708488732024,0,0,.0178300476074219,2017,.6454951477050781,2016,.6587601470947265,1,1,0,.0957604084547465,0,.0630176357071466,0,.1009636513235035,0,.0036337739822916,0,.0957604084547465,0,.0034465045213303
France,FRA,2016,.3029037666320801,.6454951477050781,.0073500001430511,.0031099998950958,.9814900207519531,.0616927671432495,.995,.9814900207519531,FRA,.1887485078018537,.1852547768393416,-.0490027900534725,.1362519867858691,.0342062067985535,.1362519867858691,0,0,.0037899780273437,2018,.6504249572753906,2017,.6580760955810547,1,1,0,.1004415463674132,0,.0648345308081599,0,.1056447892361702,0,.003613707507802,0,.1004415463674132,0,.0034357243062102
France,FRA,2017,.3026962471008301,.6504249572753906,.0226999998092651,.0115900003910065,.9876200103759766,.0646478986740112,.975999984741211,.9876200103759766,FRA,.1901843701805244,.1878298896510381,-.0490548339667275,.1387750556843106,.0318600368499756,.1387750556843106,0,0,-.0060400390625001,2019,.6467178344726563,2018,.6454951477050781,1,1,0,.1029646152658547,0,.0669707554851706,0,.1081678581346117,0,.0034462319461517,0,.1029646152658547,0,.0032804564366137
France,FRA,2018,.3010011100769043,.6467178344726563,.015900000333786,.021029999256134,.9852799987792968,.0677726602554321,.965999984741211,.9852799987792968,FRA,.1897764902540628,.1869829800858622,-.0494799581162332,.137503021969629,.0263839554786682,.137503021969629,0,0,.1638099670410156,2020,.6616500854492188,2019,.6504249572753906,1,1,0,.1016925815511731,0,.0657664061227087,0,.1068958244199301,0,.002820334672351,0,.1016925815511731,0,.002683052544157
France,FRA,2019,.3032950973510742,.6616500854492188,.0209299993515015,.0129799997806549,.9815799713134765,.0753637027740479,.970999984741211,.9815799713134765,FRA,.188738408326726,.1852618414310989,-.048904648052714,.1363571933783849,.0278360056877136,.1363571933783849,0,0,.1462800598144531,2021,.6438318634033203,2020,.6467178344726563,1,1,0,.100546752959929,0,.0665267676875785,0,.105749995828686,0,.002943657485363,0,.100546752959929,0,.0027988199872737
France,FRA,2020,.3023552703857422,.6438318634033203,-.0760300016403198,.0052600002288818,1.149089965820312,.0967684555053711,.9840000152587891,1.149089965820312,FRA,.2276013249633037,.2615343987227405,-.049140347665005,.2123940510577355,.0239737701416016,.2123940510577355,0,0,-.0354499816894531,2022,.6521505737304687,2021,.6616500854492188,1,1,0,.1765836106392796,0,.1136901550843738,0,.1817868535080366,0,.0043581162407667,0,.1765836106392796,0,.0042333748922402
France,FRA,2021,.3028849411010742,.6521505737304687,.0679500007629395,.0206800007820129,1.12786003112793,.0987107276916504,.9769999694824218,1.12786003112793,FRA,.2226434562374412,.2511106554823903,-.0490075113165591,.2021031441658312,.0258509826660156,.2021031441658312,0,0,-.0313999938964844,2023,.6514302062988281,2022,.6438318634033203,1,1,0,.1662927037473753,0,.1084478821560417,0,.1714959466161323,0,.0044333387432656,0,.1662927037473753,0,.0042988298020583
France,FRA,2022,.3056483840942383,.6514302062988281,.0279699993133545,.0590299987792969,1.113639984130859,.0952917385101318,.9480000305175781,1.113639984130859,FRA,.2191322541069876,.2440344399862651,-.0483144662496443,.1957199737366208,.0349406790733337,.1957199737366208,0,0,,,.6490313720703125,2023,.6521505737304687,0,1,,,,,0,.1651127761869219,0,.0057691525236544,0,.1599095333181649,0,.0055873476844366
France,FRA,2023,.3041662788391113,.6490313720703125,.0162000000476837,.0566099977493286,1.096460037231445,.093144416809082,.965,1.096460037231445,FRA,.215271199878021,.2360362678331127,-.0486861640694492,.1873501037636635,.0330777907371521,.1873501037636635,0,0,,,,,.6514302062988281,0,0,,,,,,,,,,,,
United Kingdom,GBR,1995,.2729748344421387,.6114163970947266,.0240599989891052,.0263000011444092,.4349499893188477,.030287754535675,,.4349499893188477,GBR,.0645570236398958,.0280790767426293,-.0565086799392338,-.0284296031966045,.062426929473877,-.0284296031966045,0,0,.004010009765625,1997,.6133454513549804,1996,,0,0,,,,,,,,,,,,
United Kingdom,GBR,1996,.2725679779052734,.6133454513549804,.0261500000953674,.0242499995231628,.4354100036621094,.0280479764938355,,.4354100036621094,GBR,.0646957001349952,.028169155032701,-.0566107156665905,-.0284415606338895,.0631578969955444,-.0284415606338895,0,0,-.0175199890136719,1998,.6166801071166992,1997,.6114163970947266,0,0,,,,,,,,,,,,
United Kingdom,GBR,1997,.2723768806457519,.6166801071166992,.0488000011444092,.0182500004768372,.4389599990844726,.0215674448013306,,.4389599990844726,GBR,.0655328407684444,.0287662957237193,-.0566586410311955,-.0278923453074762,.0647391748428345,-.0278923453074762,0,0,-.0362099838256836,1999,.6203476333618164,1998,.6133454513549804,0,0,,,,,,,,,,,,
United Kingdom,GBR,1998,.2729862594604492,.6203476333618164,.0324600005149841,.01557000041008,.4178900146484375,.0215368604660034,,.4178900146484375,GBR,.0606057104953088,.0253265212466636,-.056505814653936,-.0311792934072724,.0577939605712891,-.0311792934072724,0,0,-.042400016784668,2000,.6244911193847656,1999,.6166801071166992,0,0,,,,,,,,,,,,
United Kingdom,GBR,1999,.2720487403869629,.6244911193847656,.0294400000572205,.013289999961853,.4027500152587891,.0248854875564575,,.4027500152587891,GBR,.0571739859686258,.0230268237212698,-.0567409354690299,-.0337141117477601,.0491608428955078,-.0337141117477601,0,0,-.0545100021362305,2001,.6254107284545899,2000,.6203476333618164,0,0,,,,,,,,,,,,
United Kingdom,GBR,2000,.2717536926269531,.6254107284545899,.0452400016784668,.007960000038147,.3754899978637695,.0262573218345642,.8399179077148438,.3754899978637695,GBR,.0508849712448398,.0191067977440229,-.0568149306247414,-.0377081328807185,.0470230150222778,-.0377081328807185,0,0,-.0220999908447265,2002,.6233094787597656,2001,.6244911193847656,1,1,.0735185732991744,0,.0459793044819788,0,.0683153304304174,0,.0032123928090814,0,.0735185732991744,0,.0034570649766635,0
United Kingdom,GBR,2001,.2712710380554199,.6233094787597656,.0239100003242493,.0123399996757507,.3482400131225586,.0238711404800415,.8482459259033203,.3482400131225586,GBR,.0446131070043844,.0155360689686449,-.0569359757740904,-.0413999068054455,.042479248046875,-.0413999068054455,0,0,.0181799697875977,2003,.6269382095336914,2002,.6254107284545899,1,1,.0772103472239014,0,.0481259412829905,0,.0720071043551444,0,.0030588076470394,0,.0772103472239014,0,.0032798374915095,0
United Kingdom,GBR,2002,.2716448402404785,.6269382095336914,.0170899999141693,.0125899994373322,.353390007019043,.0272029733657837,.8640692138671875,.353390007019043,GBR,.0457760972395381,.0161768153247847,-.0568422297619607,-.040665414437176,.040435962677002,-.040665414437176,0,0,.0432699966430664,2004,.6235059356689453,2003,.6233094787597656,1,1,.0764758548556319,0,.0479456355157483,0,.0712726119868749,0,.0028819766781937,0,.0764758548556319,0,.0030923748126341,0
United Kingdom,GBR,2003,.2713936042785645,.6235059356689453,.0321900010108948,.0136199998855591,.3664199829101563,.0270214819908142,.8983499908447266,.3664199829101563,GBR,.0488131765122918,.0178861233034244,-.0569052373378242,-.0390191140343998,.0415532970428467,-.0390191140343998,0,0,.0422700119018555,2005,.6219916152954101,2004,.6269382095336914,1,1,.0748295544528557,0,.0466566713648181,0,.0696263115840987,0,.0028932028072518,0,.0748295544528557,0,.0031094147037634,0
United Kingdom,GBR,2004,.2724205780029297,.6219916152954101,.0232599997520447,.0134399998188019,.3966600036621094,.0291199254989624,.8954066467285157,.3966600036621094,GBR,.0557343941888294,.0221076050030465,-.0566476821520349,-.0345400771489883,.0421143579483032,-.0345400771489883,0,0,.0222000122070313,2006,.6183231735229492,2005,.6235059356689453,1,1,.0703505175674442,0,.0437574320586428,0,.0651472746986872,0,.002743635646017,0,.0703505175674442,0,.0029627668786837,0
United Kingdom,GBR,2005,.2746999931335449,.6183231735229492,.0279099988937378,.0205699992179871,.4086899948120117,.0269602179527283,.89,.4086899948120117,GBR,.0583399093214281,.0238429372379077,-.0560760266427185,-.0322330894048108,.0453561878204346,-.0322330894048108,0,0,.0210800170898438,2007,.6649250030517578,2006,.6219916152954101,1,1,.0680435298232667,0,.0420728912980257,0,.0628402869545097,0,.0028501958577987,0,.0680435298232667,0,.0030861951186294,0
United Kingdom,GBR,2006,.2790284729003906,.6649250030517578,.0219000005722046,.023289999961853,.4188600158691406,.0284741973876953,.855999984741211,.4188600158691406,GBR,.0603527836964552,.025279367936844,-.0549904853244884,-.0297111173876443,.0453045225143433,-.0297111173876443,0,0,.0866799926757812,2008,.6651148223876953,2007,.6183231735229492,1,1,.0655215578061002,0,.0435669220241771,0,.0603183149373432,0,.0027326924571061,0,.0655215578061002,0,.0029684228908013,0
United Kingdom,GBR,2007,.2784042358398438,.6651148223876953,.0293099999427795,.0232299995422363,.4297700119018555,.0336846470832825,.8619999694824219,.4297700119018555,GBR,.0629284399058491,.027044756367302,-.0551470380076693,-.0281022816403673,.0471022605895996,-.0281022816403673,0,0,.2149699783325195,2009,.6625773620605468,2008,.6649250030517578,1,1,.0639127220588232,0,.0425092987804684,0,.0587094791900662,0,.0027653491878902,0,.0639127220588232,0,.0030104336894053,0
United Kingdom,GBR,2008,.2803370475769043,.6625773620605468,-.000489999987185,.0360199999809265,.5055400085449219,.0280943155288696,.874000015258789,.5055400085449219,GBR,.0803209933043845,.0406054756414351,-.0546623073137637,-.0140568316723286,.0433841323852539,-.0140568316723286,0,0,.2496399688720703,2010,.6533074188232422,2009,.6651148223876953,1,1,.0498672720907845,0,.0330409255950675,0,.0446640292220275,0,.0019377101566273,0,.0498672720907845,0,.0021634483340781,0
United Kingdom,GBR,2009,.2816205596923828,.6533074188232422,-.0458699989318848,.0216499996185303,.644739990234375,.0361115789413452,.8640000152587891,.644739990234375,GBR,.1124527198896469,.0725027655234798,-.0543404147535922,.0181623507698877,.0427702760696411,.0181623507698877,0,0,.1659200286865234,2011,.6788086700439453,2010,.6625773620605468,1,1,.0176480896485682,0,.0115296278954673,0,.0124448467798112,0,.0005322695324169,0,.0176480896485682,0,.000754813666371,0
United Kingdom,GBR,2010,.2828922271728516,.6788086700439453,.0226099991798401,.0329800009727478,.7551799774169922,.0435676670074463,.895,.7551799774169922,GBR,.1379257141545868,.1041587377004834,-.0540214927145723,.0501372449859111,.0717043256759644,.0501372449859111,0,0,.0857199859619141,2012,.6757921600341796,2011,.6533074188232422,1,1,0,.0143268045674552,0,.0097251591544138,0,.0195300474362122,0,.0014003888818332,0,.0143268045674552,0,.0010272938606007
United Kingdom,GBR,2011,.2855194854736328,.6757921600341796,.0085100001096725,.0446400022506714,.8106600189208985,.0483597564697266,.919000015258789,.8106600189208985,GBR,.1505650377295376,.1220570563346528,-.0533626014657311,.0686944548689217,.0779133939743042,.0686944548689217,0,0,.0388199615478515,2013,.6789669036865235,2012,.6788086700439453,1,1,0,.0328840144504658,0,.0222227591560755,0,.0380872573192228,0,.0029675074849133,0,.0328840144504658,0,.0025621051733359
United Kingdom,GBR,2012,.2873898696899414,.6789669036865235,.0152799999713898,.0282800006866455,.8408999633789063,.0508539295196533,.8619999694824219,.8408999633789063,GBR,.1574195796173773,.1323741187353754,-.0528935269968332,.0794805917385423,.0662313413619995,.0794805917385423,0,0,.0242100524902343,2014,.6862324523925781,2013,.6757921600341796,1,1,0,.0436701513200864,0,.029650587425321,0,.0488733941888434,0,.0032369504540408,0,.0436701513200864,0,.0028923326994108
United Kingdom,GBR,2013,.2884744071960449,.6862324523925781,.0171800005435944,.0256500005722046,.84947998046875,.0506746625900269,1.086999969482422,.84947998046875,GBR,.1593206542448319,.1353397062561683,-.0526215353652531,.0827181708909152,.038329062461853,.0827181708909152,0,0,.0239199829101563,2015,.7119351959228516,2014,.6789669036865235,1,1,0,.0469077304724593,0,.0321896069182858,0,.0521109733412163,0,.0019973647521434,0,.0469077304724593,0,.0017979293312227
United Kingdom,GBR,2014,.2871982192993164,.7119351959228516,.0316000008583069,.0146099996566772,.8651100158691406,.0514955806732178,.995,.8651100158691406,GBR,.1630408097423229,.1410482375034985,-.0529415910814275,.088106646422071,.0514734983444214,.088106646422071,0,0,.0073999786376954,2016,.7173150634765625,2015,.6862324523925781,1,1,0,.0522962060036151,0,.0372315096672055,0,.0574994488723721,0,.0029596977863372,0,.0522962060036151,0,.0026918686731466
United Kingdom,GBR,2015,.2842039108276367,.7173150634765625,.0214000010490417,.0003999999910593,.8733999633789062,.0599831438064575,1,.8733999633789062,GBR,.1651970834126329,.1442831266028957,-.0536925350018385,.0905905916010572,.0423323583602905,.0905905916010572,0,0,-.012229995727539,2017,.7015824890136719,2016,.7119351959228516,1,1,0,.0547801511826013,0,.0392946276228034,0,.0599833940513583,0,.0025392385326486,0,.0547801511826013,0,.0023189729908928
United Kingdom,GBR,2016,.2836849403381347,.7015824890136719,.0220700001716614,.0066000002622604,.872509994506836,.053466625213623,.899000015258789,.872509994506836,GBR,.1650320184173555,.1439920854827789,-.0538226878360071,.0901693976467718,.0447541570663452,.0901693976467718,0,0,-.0166699981689453,2018,.6963835906982422,2017,.7173150634765625,1,1,0,.0543589572283159,0,.0381372925124296,0,.0595622000970729,0,.0026656560583615,0,.0543589572283159,0,.0024327893097588
United Kingdom,GBR,2017,.2846219253540039,.6963835906982422,.0302300000190735,.0268300008773804,.8611699676513672,.0580230522155762,.9169999694824219,.8611699676513672,GBR,.1623320664807252,.1397955004399857,-.0535877009574546,.086207799482531,.0496767997741699,.086207799482531,0,0,-.0118000030517579,2019,.6878870391845703,2018,.7015824890136719,1,1,0,.0503973590640751,0,.0350958938667492,0,.0556006019328321,0,.0027620599695406,0,.0503973590640751,0,.002503579515373
United Kingdom,GBR,2018,.2849215507507324,.6878870391845703,.0155099999904633,.024779999256134,.8558399963378907,.0653933572769165,.965,.8558399963378907,GBR,.1610741769598362,.1378537230194349,-.0535125577742449,.0843411652451901,.046065526008606,.0843411652451901,0,0,.1920300292968751,2020,.690621109008789,2019,.6963835906982422,1,1,0,.0485307248267342,0,.0333836566105433,0,.0537339676954912,0,.0024752834864222,0,.0485307248267342,0,.0022355933667224
United Kingdom,GBR,2019,.284539623260498,.690621109008789,.0125600004196167,.0179100000858307,.8493699645996093,.0649229383468628,.8859999847412109,.8493699645996093,GBR,.1596061607484036,.1355646791047511,-.053608341535184,.0819563375695672,.03972736120224,.0819563375695672,0,0,.1851000213623046,2021,.6819411468505859,2020,.6878870391845703,1,1,0,.0461458971511113,0,.031869330666706,0,.0513491400198683,0,.0020399658329937,0,.0461458971511113,0,.0018332547241236
United Kingdom,GBR,2020,.2837953186035156,.6819411468505859,-.1004800033569336,.0085100001096725,1.047870025634766,.0748716115951538,.8380000305175781,1.047870025634766,GBR,.2056296887171894,.2154731871873501,-.053795006022955,.1616781811643951,.0309700465202332,.1616781811643951,0,0,-.0727600097656251,2022,.6819626617431641,2021,.690621109008789,1,1,0,.1258677407459392,0,.085834391475778,0,.1310709836146962,0,.0040592744599999,0,.1258677407459392,0,.0038981297862984
United Kingdom,GBR,2021,.2867827415466309,.6819626617431641,.0854300022125244,.0258800005912781,1.034469985961914,.0743908500671387,.9490000152587891,1.034469985961914,GBR,.2022906655642998,.2092636219665274,-.0530457889272393,.1562178330392881,.0563866519927979,.1562178330392881,0,0,-.0457799530029296,2023,.6856621551513672,2022,.6819411468505859,1,1,0,.1204073926208322,0,.0821133459652569,0,.1256106354895892,0,.0070827631899457,0,.1204073926208322,0,.006789369745071
United Kingdom,GBR,2022,.2862685203552246,.6856621551513672,.0515000009536743,.0906700038909912,.9751100158691406,.0642727613449097,.9030000305175782,.9751100158691406,GBR,.1885859033512021,.1838920032094869,-.0531747506828785,.1307172525266084,.0920923233032227,.1307172525266084,0,0,,,.6813226318359376,2023,.6819626617431641,0,1,,,,,0,.1001100549769095,0,.0092193675488369,0,.0949068121081525,0,.0087401888243422
United Kingdom,GBR,2023,.2880555915832519,.6813226318359376,.0027200001478195,.0730299997329712,.9886900329589844,.0646456241607666,.9109999847412109,.9886900329589844,GBR,.1915892546306411,.1894223864753558,-.0527265703144491,.1366958161609067,.0618626976013184,.1366958161609067,0,0,,,,,.6856621551513672,0,0,,,,,,,,,,,,
Greece,GRC,1995,.3440598297119141,.4243271255493164,.0209999990463257,.0875699996948242,1.003870010375977,.1074642181396484,,1.003870010375977,GRC,.1906780922756009,.1914160184711789,-.0386812431420027,.1527347753291762,.2948613357543945,.1527347753291762,0,0,.0221199798583984,1997,.4279187774658203,1996,,0,0,,,,,,,,,,,,
Greece,GRC,1996,.3430464553833008,.4279187774658203,.0138199996948242,.0787400007247925,1.037239990234375,.1235165691375732,,1.037239990234375,GRC,.1984853406410924,.2058769327882332,-.0389353877294325,.1669415450588007,.2778145217895508,.1669415450588007,0,0,-.0293899536132811,1998,.4360560989379883,1997,.4243271255493164,0,0,,,,,,,,,,,,
Greece,GRC,1997,.3421226119995117,.4360560989379883,.036029999256134,.0543100023269653,1.025989990234375,.0866582012176514,,1.025989990234375,GRC,.1959533040857928,.2010461285453761,-.0391670788123754,.1618790497330007,.221235294342041,.1618790497330007,0,0,.0024400329589844,1999,.4419590759277344,1998,.4279187774658203,0,0,,,,,,,,,,,,
Greece,GRC,1998,.3422736358642578,.4419590759277344,.0343700003623962,.0452299976348877,1.007850036621094,.1135341453552246,,1.007850036621094,GRC,.1917408778043456,.1932460507168704,-.0391292034718282,.1541168472450422,.1980259513854981,.1541168472450422,0,0,.0806899261474607,2000,.4476836776733398,1999,.4360560989379883,0,0,,,,,,,,,,,,
Greece,GRC,1999,.3405928039550781,.4476836776733398,.0265899991989136,.0214199995994568,1.028430023193359,.1156806182861328,,1.028430023193359,GRC,.1966392253476993,.2022296830850586,-.0395507400354019,.1626789430496567,.1878619003295899,.1626789430496567,0,0,.0769200134277344,2001,.455231704711914,2000,.4419590759277344,0,0,,,,,,,,,,,,
Greece,GRC,2000,.3410280227661133,.455231704711914,.0413800001144409,.0289800000190735,1.088539962768555,.0837720108032227,1.109456329345703,1.088539962768555,GRC,.210523894477366,.2291636722562831,-.0394415913210037,.1897220809352793,.1617704010009766,.1897220809352793,0,0,-.0098299407958984,2002,.4619168090820313,2001,.4476836776733398,1,1,0,.1539116405168234,0,.0700654584874808,0,.1591148833855804,0,.025740078490509,0,.1539116405168234,0,.0248983478051247
Greece,GRC,2001,.3408675003051758,.4619168090820313,.0465000009536743,.0364299988746643,1.105350036621094,.0342497062683105,1.08072265625,1.105350036621094,GRC,.2144291243230832,.2370192404231491,-.0394818488186098,.1975373916045393,.1551151180267334,.1975373916045393,0,0,-.0627600097656251,2003,.4658292770385742,2002,.455231704711914,1,1,0,.1617269511860834,0,.0747043972344411,0,.1669301940548404,0,.0258933967530421,0,.1617269511860834,0,.0250862951213331
Greece,GRC,2002,.3408939743041992,.4658292770385742,.0468300008773804,.0391400003433228,1.078710021972656,.0494182968139648,1.080601577758789,1.078710021972656,GRC,.2082582663668692,.2246502790885928,-.0394752093929114,.1851750696956813,.1400254154205322,.1851750696956813,0,0,-.0237800598144531,2004,.4658651733398437,2003,.4619168090820313,1,1,0,.1493646292772254,0,.0695784172713446,0,.1545678721459824,0,.0216434305079089,0,.1493646292772254,0,.0209148442636773
Greece,GRC,2003,.3386288452148438,.4658651733398437,.0579699993133545,.0345199990272522,1.042590026855469,.0287319207191467,1.060383148193359,1.042590026855469,GRC,.200073337380116,.2085944661921984,-.0400432820997436,.1685511840924548,.1263556957244873,.1685511840924548,0,0,.0559999847412112,2005,.4715813827514648,2004,.4658292770385742,1,1,0,.1327407436739989,0,.0618392895609473,0,.1379439865427559,0,.0174300083906192,0,.1327407436739989,0,.016772549017914
Greece,GRC,2004,.3391714477539062,.4715813827514648,.0537799978256226,.0301900005340576,1.054929962158203,.0127261567115784,1.07123420715332,1.054929962158203,GRC,.2028878905070251,.2140325146549337,-.0399072025736152,.1741253120813185,.123372049331665,.1741253120813185,0,0,-.0015899658203125,2006,.466846923828125,2005,.4658651733398437,1,1,0,.1383148716628626,0,.0652267184338641,0,.1435181145316196,0,.0177061239059825,0,.1383148716628626,0,.0170641891700936
Greece,GRC,2005,.3375000381469727,.466846923828125,.0118299996852875,.0348900008201599,1.09859001159668,.0106228768825531,1.033000030517578,1.09859001159668,GRC,.213129916032734,.2341423969260006,-.0403263761139215,.193816020812079,.1192243671417236,.193816020812079,0,0,-.0522200012207032,2007,.4931889343261719,2006,.4715813827514648,1,1,0,.1580055803936231,0,.0737644191544405,0,.1632088232623801,0,.0194584686654027,0,.1580055803936231,0,.0188381153272905
Greece,GRC,2006,.3407730865478515,.4931889343261719,.0644299983978271,.0331200003623962,1.053339996337891,.0124363601207733,1.028000030517578,1.053339996337891,GRC,.202393133840643,.2131887828585171,-.0395055268857616,.1736832559727555,.1127768611907959,.1736832559727555,0,0,.0557299804687499,2008,.4918289566040039,2007,.466846923828125,1,1,0,.1378728155542996,0,.0679973469757739,0,.1430760584230566,0,.0161356687805033,0,.1378728155542996,0,.0155488633817514
Greece,GRC,2007,.3395849227905273,.4918289566040039,.0350699996948242,.0298900008201599,1.046370010375977,.0153778278827667,1.03,1.046370010375977,GRC,.2008730682511542,.2101875545102145,-.0398035069898338,.1703840475203807,.1114664459228516,.1703840475203807,0,0,.2384499359130861,2009,.4883242416381836,2008,.4931889343261719,1,1,0,.1345736071019248,0,.0661871967673768,0,.1397768499706818,0,.0155804286885235,0,.1345736071019248,0,.0150004416986698
Greece,GRC,2008,.3419147109985352,.4883242416381836,.0005799999833107,.0423400020599365,1.109069976806641,.0147035014629364,1.008000030517578,1.109069976806641,GRC,.2152077489341879,.2386804531190491,-.0392192183945885,.1994612347244606,.1184018993377686,.1994612347244606,0,0,.3693899536132814,2010,.4885861206054687,2009,.4918289566040039,1,1,0,.1636507943060047,0,.0799146500229661,0,.1688540371747617,0,.019992638712342,0,.1636507943060047,0,.0193765648739654
Greece,GRC,2009,.341734504699707,.4885861206054687,-.0411899995803833,.0134700000286102,1.284819946289063,.0241085720062256,.980999984741211,1.284819946289063,GRC,.2559186794816559,.3288094240259889,-.0392644124104372,.2895450116155517,.1296888446807861,.2895450116155517,0,0,.4659400939941405,2011,.486865348815918,2010,.4883242416381836,1,1,0,.2537345711970959,0,.1239711898046812,0,.2589378140658528,0,.0335813459503687,0,.2537345711970959,0,.032906543394126
Greece,GRC,2010,.3402146530151367,.486865348815918,-.0569399976730347,.047020001411438,1.478459930419922,.0296007323265076,.9940000152587891,1.478459930419922,GRC,.3008781019456422,.4448362176674323,-.0396455766736549,.4051906409937774,.1466189765930176,.4051906409937774,0,0,.1643200683593748,2012,.4772427368164063,2011,.4885861206054687,1,1,0,.3693802005753215,0,.1798384201987976,0,.3745834434440785,0,.0549210411264593,0,.3693802005753215,0,.0541581469820772
Greece,GRC,2011,.3396665954589844,.4772427368164063,-.098769998550415,.0311800003051758,1.750760040283203,.0348664569854736,.9980000305175781,1.750760040283203,GRC,.3639752695995906,.6372333576662689,-.0397830242658855,.5974503334003834,.1719983863830566,.5974503334003834,0,0,.0543399047851563,2013,.4696682739257813,2012,.486865348815918,1,1,0,.5616398929819275,0,.2680385596319686,0,.5668431358506846,0,.0974961046986295,0,.5616398929819275,0,.0966011553212442
Greece,GRC,2012,.3395395278930664,.4696682739257813,-.0833100032806396,.0103400003910065,1.642779998779297,.0409208679199219,.975999984741211,1.642779998779297,GRC,.3389814383754908,.556871926920693,-.0398148915958583,.5170570353248347,.1130721378326416,.5170570353248347,0,0,.1854600524902343,2014,.487433967590332,2013,.4772427368164063,1,1,0,.4812465949063788,0,.2260262575623386,0,.4864498377751358,0,.0550039231055763,0,.4812465949063788,0,.0544155813107435
Greece,GRC,2013,.336971549987793,.487433967590332,-.022720000743866,-.0085699999332428,1.805099945068359,.0332616019248962,.9790000152587891,1.805099945068359,GRC,.3767712260176717,.6801097193878375,-.040458915888597,.6396508034992405,.0851133441925049,.6396508034992405,0,0,-.005089874267578,2015,.501960105895996,2014,.4696682739257813,1,1,0,.6038403630807846,0,.2943323039676535,0,.6090436059495417,0,.0518377380614276,0,.6038403630807846,0,.0513948726602219
Greece,GRC,2014,.3389838409423828,.501960105895996,.0079199999570847,-.0139199995994568,1.828240051269531,.0357097816467285,.98,1.828240051269531,GRC,.3819705128812634,.6983337900534902,-.0399542525672527,.6583795374862376,.0850491428375244,.6583795374862376,0,0,.008509979248047,2016,.5060272979736328,2015,.487433967590332,1,1,0,.6225690970677816,0,.3125048498917183,0,.6277723399365387,0,.0533914994087096,0,.6225690970677816,0,.0529489680627464
Greece,GRC,2015,.3415303802490234,.5060272979736328,-.0022800000011921,-.0109700000286102,1.800010070800781,.0345939016342163,1,1.800010070800781,GRC,.3752323113188115,.6754219392637147,-.0393156048699642,.6361063343937505,.0733670616149902,.6361063343937505,0,0,.0262199401855467,2017,.4970607757568359,2016,.501960105895996,1,1,0,.6002958939752946,0,.3037661092129846,0,.6054991368440517,0,.0444236924806609,0,.6002958939752946,0,.0440419458405111
Greece,GRC,2016,.3395871353149414,.4970607757568359,-.0003200000151992,.0001700000092387,1.836750030517578,.039333393573761,.9930000305175781,1.836750030517578,GRC,.3838934041156888,.7051162217249883,-.0398029521098763,.6653132696151121,.0636110162734985,.6653132696151121,0,0,.0587799072265625,2018,.4960197067260742,2017,.5060272979736328,1,1,0,.6295028291966561,0,.3129011646216129,0,.6347060720654132,0,.0403742982790413,0,.6295028291966561,0,.0400433147122419
Greece,GRC,2017,.3392892456054687,.4960197067260742,.0147300004959106,.0113399994373322,1.826230010986328,.0441511869430542,.999000015258789,1.826230010986328,GRC,.3814809303068512,.6966719235453555,-.0398776599993263,.6567942635460291,.0632574462890625,.6567942635460291,0,0,.010679931640625,2019,.5044066238403321,2018,.4970607757568359,1,1,0,.6209838231275732,0,.3080202138293752,0,.6261870659963302,0,.0396109946941685,0,.6209838231275732,0,.0392818508378691
Greece,GRC,2018,.3389604187011719,.5044066238403321,.0206500005722046,.0077899998426437,1.895529937744141,.0420096588134766,.9919999694824219,1.895529937744141,GRC,.3975540197901778,.7535755463828087,-.0399601266412855,.7136154197415232,.0682094526290894,.7136154197415232,0,0,.2037400817871096,2020,.5098868560791016,2019,.4960197067260742,1,1,0,.6778049793230673,0,.3418893212425145,0,.6830082221918243,0,.0465876169768718,0,.6778049793230673,0,.0462327066288976
Greece,GRC,2019,.3394267272949218,.5098868560791016,.0227699995040894,.0051800000667572,1.836909942626953,.0461091041564941,.9830000305175781,1.836909942626953,GRC,.3839431110773851,.7052689181411733,-.0398431809067949,.6654257372343784,.0625513029098511,.6654257372343784,0,0,.1411500549316407,2021,.5174214553833008,2020,.5044066238403321,1,1,0,.6296152968159224,0,.321032564232781,0,.6348185396846795,0,.0397087267686057,0,.6296152968159224,0,.0393832571478086
Greece,GRC,2020,.3377011489868164,.5174214553833008,-.0919600009918213,-.0126499998569489,2.09927001953125,.0712139177322388,.9540000152587891,2.09927001953125,GRC,.4448316274740772,.9338216992956238,-.0402759394391641,.8935457598564596,.0604190063476562,.8935457598564596,0,0,-.3075700378417969,2022,.523160171508789,2021,.5098868560791016,1,1,0,.8577353194380036,0,.4438106573172722,0,.8629385623067607,0,.0521378904736495,0,.8577353194380036,0,.0518235157097337
Greece,GRC,2021,.3339638519287109,.523160171508789,.086540002822876,.0057599997520447,1.978059997558594,.0793634462356567,.9509999847412109,1.978059997558594,GRC,.4170595910281988,.824968893611027,-.0412132177894404,.7837556758215866,.0501194763183594,.7837556758215866,0,0,-.3227099609374999,2023,.5305290222167969,2022,.5174214553833008,1,1,0,.7479452354031306,0,.3912951576326834,0,.7531484782718877,0,.0377474073209563,0,.7479452354031306,0,.0374866235132169
Greece,GRC,2022,.3370560073852539,.5305290222167969,.0552199983596802,.0929699993133545,1.791699981689453,.0627901649475098,.9330000305175781,1.791699981689453,GRC,.3736616535696958,.6694895778588748,-.0404377347812539,.6290518430776209,.0494467449188232,.6290518430776209,0,0,,,.5344662857055664,2023,.523160171508789,0,1,,,,,0,.598444645527922,0,.0295911397354548,0,.5932414026591649,0,.0293338563125726
Greece,GRC,2023,.3369427108764648,.5344662857055664,.0213599991798401,.041560001373291,1.655350036621094,.0693630838394165,.9540000152587891,1.655350036621094,GRC,.3420973950286574,.5662909353886689,-.0404661484618361,.5258247869268329,.0704114246368408,.5258247869268329,0,0,,,,,.5305290222167969,0,0,,,,,,,,,,,,
Hong Kong SAR,HKG,1995,,,.0237400007247925,.0903400039672852,,.0386584424972534,1.023820648193359,,HKG,,,,,,,,,,,,,,0,0,,,,,,,,,,,,
Hong Kong SAR,HKG,1996,,,.0425799989700317,.0632399988174439,,.0427050542831421,1.033128128051758,,HKG,,,,,,,,,,,,,,0,0,,,,,,,,,,,,
Hong Kong SAR,HKG,1997,,,.0509999990463257,.0581799983978271,,.0590870094299316,1.042783584594727,,HKG,,,,,,,,,,,,,,0,0,,,,,,,,,,,,
Hong Kong SAR,HKG,1998,,,-.0588299989700317,.0282699990272522,,.0606469440460205,1.053385543823242,,HKG,,,,,,,,,,,,,,0,0,,,,,,,,,,,,
Hong Kong SAR,HKG,1999,,,.0250699996948242,-.0396700000762939,,.0635093355178833,1.043459396362305,,HKG,,,,,,,,,,,,,,0,0,,,,,,,,,,,,
Hong Kong SAR,HKG,2000,,,.0766300010681152,-.0372300004959106,,.0659168338775635,1.033128128051758,,HKG,,,,,,,,,,,,,,0,0,,,,,,,,,,,,
Hong Kong SAR,HKG,2001,,,.0056099998950958,-.0161000001430511,,.0677511024475098,1.047074813842773,,HKG,,,,,,,,,,,,,,0,0,,,,,,,,,,,,
Hong Kong SAR,HKG,2002,,,.0165699994564056,-.030460000038147,,.0670938396453857,1.060149688720703,,HKG,,,,,,,,,,,,,,0,0,,,,,,,,,,,,
Hong Kong SAR,HKG,2003,,,.0305599999427795,-.0258699989318848,,.068867130279541,1.048464660644531,,HKG,,,,,,,,,,,,,,0,0,,,,,,,,,,,,
Hong Kong SAR,HKG,2004,,,.0869999980926514,-.0036700001358986,.0192499995231628,.0661279106140137,1.030785217285156,.0192499995231628,HKG,,,,,,,,0,-.0050799989700317,2006,,,,0,0,,,,,,,,,,,,
Hong Kong SAR,HKG,2005,,,.0738800001144409,.0091399997472763,.0170899999141693,.0619317770004272,1.016999969482422,.0170899999141693,HKG,,,,,-.0402422666549683,,,0,-.0051899993419647,2007,,,,0,0,,,,,,,,,,,,
Hong Kong SAR,HKG,2006,,,.0703299999237061,.02,.0141700005531311,.0620212459564209,1.005,.0141700005531311,HKG,,,,,-.0992568969726562,,,0,-.0042600005865097,2008,,,,0,0,,,,,,,,,,,,
Hong Kong SAR,HKG,2007,,,.0646500015258789,.0203500008583069,.0119000005722046,.0667750597000122,1.005,.0119000005722046,HKG,,,,,-.0756535625457764,,,0,-.0052800005674362,2009,,,,0,0,,,,,,,,,,,,
Hong Kong SAR,HKG,2008,,,.0212800002098083,.0430299997329712,.0099099999666214,.0781589603424072,1,.0099099999666214,HKG,,,,,-.144726390838623,,,0,-.0037300002574921,2010,,,,0,0,,,,,,,,,,,,
Hong Kong SAR,HKG,2009,,,-.0245900011062622,.005789999961853,.0066200000047684,.1123140525817871,1.011999969482422,.0066200000047684,HKG,,,,,-.1036241912841797,,,0,-.0008899998664856,2011,,,,0,0,,,,,,,,,,,,
Hong Kong SAR,HKG,2010,,,.0676800012588501,.0229299998283386,.0061799997091293,,.9969999694824219,.0061799997091293,HKG,,,,,-.0886198043823242,,,0,-.0007499998807907,2012,,,,0,0,,,,,,,,,,,,
Hong Kong SAR,HKG,2011,,,.0481500005722046,.0530499982833862,.0057300001382828,.1119576835632324,.9940000152587891,.0057300001382828,HKG,,,,,-.0837687015533447,,,0,-.0005599999427795,2013,,,,0,0,,,,,,,,,,,,
Hong Kong SAR,HKG,2012,,,.0170000004768372,.0405399990081787,.0054299998283386,.1224151611328125,.9890000152587891,.0054299998283386,HKG,,,,,-.0846200466156006,,,0,-.0047799998521805,2014,,,,0,0,,,,,,,,,,,,
Hong Kong SAR,HKG,2013,,,.0310199999809265,.0433799982070923,.0051700001955032,.1164307689666748,.9880000305175781,.0051700001955032,HKG,,,,,-.0800266075134277,,,0,-.004550000205636,2015,,,,0,0,,,,,,,,,,,,
Hong Kong SAR,HKG,2014,,,.0276200008392334,.0442399978637695,.0006499999761581,.1196019268035889,.9930000305175781,.0006499999761581,HKG,,,,,.000239865668118,,,0,-.0000599999725819,2016,,,,0,0,,,,,,,,,,,,
Hong Kong SAR,HKG,2015,,,.0238800001144409,.029909999370575,.0006199999898672,.127570915222168,1,.0006199999898672,HKG,,,,,-.0002147074602544,,,0,-.0000699999928474,2017,,,,0,0,,,,,,,,,,,,
Hong Kong SAR,HKG,2016,,,.0217499995231628,.0240899991989136,.0005900000035763,.1344320964813232,1.005,.0005900000035763,HKG,,,,,-.0359998226165772,,,0,-.0000699999928474,2018,,,,0,0,,,,,,,,,,,,
Hong Kong SAR,HKG,2017,,,.037960000038147,.0149399995803833,.0005499999970198,.1446528339385986,1.001999969482422,.0005499999970198,HKG,,,,,-.0344812488555908,,,0,.0021199999004602,2019,,,,0,0,,,,,,,,,,,,
Hong Kong SAR,HKG,2018,,,.0284699988365173,.0240599989891052,.0005200000107288,.1384247303009033,1.000999984741211,.0005200000107288,HKG,,,,,-.0671551847457886,,,0,.0094499997794628,2020,,,,0,0,,,,,,,,,,,,
Hong Kong SAR,HKG,2019,,,-.0167200005054474,.0288299989700317,.00266999989748,.146325740814209,1,.00266999989748,HKG,,,,,-.0816476821899414,,,0,.0167099997401238,2021,,,,0,0,,,,,,,,,,,,
Hong Kong SAR,HKG,2020,,,-.0654500007629395,.002509999871254,.0099699997901917,.1744622993469238,1.006999969482422,.0099699997901917,HKG,,,,,-.0926149845123291,,,0,.0327900004386902,2022,,,,0,0,,,,,,,,,,,,
Hong Kong SAR,HKG,2021,,,.064539999961853,.0156900000572205,.0193799996376038,.1655812072753906,1.003000030517578,.0193799996376038,HKG,,,,,-.1152905464172363,,,0,.0439500021934509,2023,,,,0,0,,,,,,,,,,,,
Hong Kong SAR,HKG,2022,,,-.0368499994277954,.0188100004196167,.0427600002288818,.1467149925231934,.999000015258789,.0427600002288818,HKG,,,,,-.1482112407684326,,,0,,,,,,0,0,,,,,,,,,,,,
Hong Kong SAR,HKG,2023,,,.0315000009536743,.0209699988365173,.0633300018310547,.1427454280853271,1.003000030517578,.0633300018310547,HKG,,,,,-.1294820690155029,,,0,,,,,,0,0,,,,,,,,,,,,
Croatia,HRV,1995,.387678337097168,.3930322647094727,.0663399982452393,.0196300005912781,,.0578035068511963,,,HRV,,,-.0277421387550773,,.0337264108657837,,,,,,.3941999053955078,1996,,0,0,,,,,,,,,,,,
Croatia,HRV,1996,.3885136032104492,.3941999053955078,.0587400007247925,.0364400005340576,,.0666435861587524,,,HRV,,,-.027532662004226,,.0259083652496338,,,,,,.3988455200195313,1997,.3930322647094727,0,0,,,,,,,,,,,,
Croatia,HRV,1997,.3887414169311523,.3988455200195313,.0664499998092651,.0370900011062622,,.0685694932937622,,,HRV,,,-.0274755285023954,,.0383339405059814,,,,,,.4024647521972656,1998,.3941999053955078,0,0,,,,,,,,,,,,
Croatia,HRV,1998,.3874006652832031,.4024647521972656,.0186199998855591,.0670900011062622,.2332900047302246,.0746503782272339,,.2332900047302246,HRV,.0088170752559608,.0020569355281698,-.0278117761897433,-.0257548406615735,.0346365833282471,-.0257548406615735,0,0,.121049976348877,2000,.4149480819702148,1999,.3988455200195313,0,0,,,,,,,,,,,,
Croatia,HRV,1999,.3873919677734375,.4149480819702148,-.0093599998950958,.0401399993896484,.3000699996948242,.0809558486938477,,.3000699996948242,HRV,.0242813478590215,.0072861040446465,-.02781395744199,-.0205278533973435,.0396954870223999,-.0205278533973435,0,0,.0658100128173828,2001,.4316915893554688,2000,.4024647521972656,0,0,,,,,,,,,,,,
Croatia,HRV,2000,.3867393112182617,.4316915893554688,.0374900007247925,.0460500001907349,.3543399810791016,.0909110832214355,.9980510711669922,.3543399810791016,HRV,.0368996945970363,.0130750370853385,-.0279776374625561,-.0149026003772176,.0421755790710449,-.0149026003772176,0,0,.0101900100708008,2002,.4470046615600586,2001,.4149480819702148,1,1,.0507130407956735,0,.021892393182133,0,.0455097979269165,0,.0019194020809739,0,.0507130407956735,0,.0021388518620111,0
Croatia,HRV,2001,.3858180999755859,.4470046615600586,.0311299991607666,.042649998664856,.365880012512207,.117657356262207,.9858804321289063,.365880012512207,HRV,.0396447129576128,.0145052080729742,-.0282086684296874,-.0137034603567132,.0430342197418213,-.0137034603567132,0,0,.0125600051879883,2003,.4565271759033203,2002,.4316915893554688,1,1,.0495139007751691,0,.0221329444585228,0,.0443106579064121,0,.0019068745892492,0,.0495139007751691,0,.0021307920862334,0
Croatia,HRV,2002,.3874555587768554,.4565271759033203,.0579899978637695,.0253299999237061,.3645299911499024,.1391489696502685,.9725682067871094,.3645299911499024,HRV,.039202686865121,.014290555095995,-.0277980094266599,-.0135074543306649,.0308710289001465,-.0135074543306649,0,0,.0350600051879882,2004,.4705900573730469,2003,.4470046615600586,1,1,.0493178947491208,0,.0225149592113133,0,.0441146518803638,0,.0013618646931186,0,.0493178947491208,0,.0015224941540945,0
Croatia,HRV,2003,.3852948379516601,.4705900573730469,.0557100009918213,.023989999294281,.3784400177001953,.1834465789794922,.9674259948730469,.3784400177001953,HRV,.0425944650603476,.0161194501113683,-.0283398975396356,-.0122204474282673,.0298791837692261,-.0122204474282673,0,0,.0305699920654297,2005,.4786628341674805,2004,.4565271759033203,1,1,.0480308878467232,0,.0226028582674679,0,.0428276449779662,0,.0012796550746998,0,.0480308878467232,0,.0014351237245713,0
Croatia,HRV,2004,.3849354171752929,.4786628341674805,.0417000007629395,.0214299988746643,.3995899963378906,.1883073997497559,.9745556640625,.3995899963378906,HRV,.0475203636135722,.0189886619223226,-.0284300368320416,-.009441374909719,.0325534796714783,-.009441374909719,0,0,-.0157699966430664,2006,.466561050415039,2005,.4705900573730469,1,1,.0452518153281749,0,.0216603621762076,0,.0400485724594179,0,.0013037203894294,0,.0452518153281749,0,.0014731040503832,0
Croatia,HRV,2005,.3845632934570313,.466561050415039,.0432600021362305,.0299600005149841,.409010009765625,.1813675498962402,.9690000152587891,.409010009765625,HRV,.0497310737063874,.0203405069423045,-.0285233619007552,-.0081828549584507,.032173752784729,-.0081828549584507,0,0,-.0381600189208984,2007,.4476560592651367,2006,.4786628341674805,1,1,.0439932953769066,0,.0205255581022686,0,.0387900525081496,0,.0012480215599039,0,.0439932953769066,0,.0014154294096422,0
Croatia,HRV,2006,.3831431579589843,.4476560592651367,.0506799983978272,.0328699994087219,.3838199996948242,.2253357315063477,.985,.3838199996948242,HRV,.0440103103825263,.0168920373175903,-.0288795182983023,-.011987480980712,.0293116807937622,-.011987480980712,0,0,.0053799819946289,2008,.4582912063598633,2007,.466561050415039,1,1,.0477979213991679,0,.0213970291346162,0,.0425946785304109,0,.0012485216205963,0,.0477979213991679,0,.0014010374146577,0
Croatia,HRV,2007,.3836336135864258,.4582912063598633,.0505100011825561,.0265899991989136,.3708499908447266,.2553312301635742,1.005,.3708499908447266,HRV,.0409682105944483,.015193060523876,-.0287565167187584,-.0135634561948824,.028255889415741,-.0135634561948824,0,0,.108370018005371,2009,.4583417510986328,2008,.4476560592651367,1,1,.0493738966133383,0,.022627622641614,0,.0441706537445813,0,.0012480811076279,0,.0493738966133383,0,.0013951033627307,0
Croatia,HRV,2008,.3843395233154297,.4583417510986328,.0197200000286102,.0580299997329712,.3891999816894531,.237260799407959,.990999984741211,.3891999816894531,HRV,.0451615462201427,.0175768729619469,-.0285794813116291,-.0110026083496821,.0323145484924316,-.0110026083496821,0,0,.1788899993896484,2010,.4530875396728515,2009,.4582912063598633,1,1,.046813048768138,0,.0214563747466541,0,.041609805899381,0,.0013446020904962,0,.046813048768138,0,.0015127425344966,0
Croatia,HRV,2009,.3826176452636719,.4530875396728515,-.0681199979782104,.0222099995613098,.4792200088500976,.2926690673828125,.9940000152587891,.4792200088500976,HRV,.0661426835549036,.0316968973985501,-.0290113118551039,.0026855855434462,.0426824903488159,.0026855855434462,0,0,.1522800064086914,2011,.4665782928466797,2010,.4583417510986328,1,1,.0331248548750097,0,.0150084589973384,0,.0279216120062527,0,.0011917639349803,0,.0331248548750097,0,.0014138512985085,0
Croatia,HRV,2010,.3822463989257813,.4665782928466797,-.0133599996566772,.0108899998664856,.5680899810791016,.2814567565917969,1.001999969482422,.5680899810791016,HRV,.0867507681504025,.0492822422371597,-.0291044168852137,.020177825351946,.047720627784729,.020177825351946,0,0,.1204299926757813,2012,.4639862823486328,2011,.4530875396728515,1,1,.0156326150665099,0,.0072938388504615,0,.0104293721977529,0,.0004976961886774,0,.0156326150665099,0,.0007459982048909,0
Croatia,HRV,2011,.3794745254516602,.4639862823486328,-.001140000000596,.0220799994468689,.6315000152587891,.2887808799743652,1.004000015258789,.6315000152587891,HRV,.1016530770568282,.0641939197124899,-.0297995762361045,.0343943434763854,.0562458944320679,.0343943434763854,0,0,.1633999633789063,2013,.4626228713989258,2012,.4665782928466797,1,1,.0014160969420705,0,.0006570495555966,0,0,.0037871459266865,0,.0002130114099912,.0014160969420705,0,.0000796496391093,0
Croatia,HRV,2012,.3760169982910156,.4626228713989258,-.0223300004005432,.0335400009155273,.6885199737548828,.3019707298278809,.9890000152587891,.6885199737548828,HRV,.1151298890897092,.0792692282144491,-.0306666909724448,.0486025372420043,.0638226699829102,.0486025372420043,0,0,.143790054321289,2014,.4720571517944336,2013,.4639862823486328,1,1,0,.0127920968235484,0,.0059179165637231,0,.0179953396923054,0,.0011485106264124,0,.0127920968235484,0,.0008164257739588
Croatia,HRV,2013,.3771192932128906,.4720571517944336,-.0013500000536442,.0232800006866455,.7948999786376953,.3628167343139648,.9819999694824219,.7948999786376953,HRV,.1396761394657496,.1110285602775201,-.030390245950861,.080638314326659,.0632097244262695,.080638314326659,0,0,.0328900146484374,2015,.478909912109375,2014,.4626228713989258,1,1,0,.0448278739082031,0,.0211613184781064,0,.0500311167769601,0,.0031624531042102,0,.0448278739082031,0,.0028335575563531
Croatia,HRV,2014,.3771276092529297,.478909912109375,-.0055699998140335,.0021899999678135,.8323100280761718,.3167328071594238,.990999984741211,.8323100280761718,HRV,.1483381586246841,.1234633369696785,-.0303881603675725,.093075176602106,.0663069677352905,.093075176602106,0,0,-.0397000122070312,2016,.4835516357421875,2015,.4720571517944336,1,1,0,.0572647361836501,0,.0274246497726784,0,.0624679790524071,0,.0041420622715168,0,.0572647361836501,0,.0037970510144992
Croatia,HRV,2015,.3778824234008789,.4835516357421875,.0232100009918213,-.0025900000333786,.8277899932861328,.3003832244873047,1,.8277899932861328,HRV,.1472318427241613,.1218770461001385,-.0301988602000034,.0916781859001351,.0700608062744141,.0916781859001351,0,0,-.0660499572753906,2017,.4874068450927734,2016,.478909912109375,1,1,0,.0558677454816792,0,.0270149397128942,0,.0610709883504362,0,.0042786826838069,0,.0558677454816792,0,.0039141392931802
Croatia,HRV,2016,.372841911315918,.4874068450927734,.0346399998664856,-.0062900000810623,.7926100158691406,.2763102340698242,.99,.7926100158691406,HRV,.1394839340471827,.1105563631786276,-.0314629724121417,.0790933907664859,.0629679155349731,.0790933907664859,0,0,-.0641400146484374,2018,.4839044952392578,2017,.4835516357421875,1,1,0,.04328295034803,0,.0210964062754405,0,.048486193216787,0,.003053074519087,0,.04328295034803,0,.0027254371616192
Croatia,HRV,2017,.3743611907958984,.4839044952392578,.0328600001335144,.0130299997329712,.7617400360107421,.3534202575683594,.9790000152587891,.7617400360107421,HRV,.1322156023218784,.1007139176738496,-.0310819516523612,.0696319660214884,.0534366464614868,.0696319660214884,0,0,-.0529300689697265,2019,.4868414688110352,2018,.4874068450927734,1,1,0,.0338215256030325,0,.0163663882751571,0,.0390247684717895,0,.0020853527560684,0,.0338215256030325,0,.0018073089064374
Croatia,HRV,2018,.373900375366211,.4868414688110352,.0291100001335144,.0155799996852875,.7284700012207032,.3648314666748047,.9590000152587891,.7284700012207032,HRV,.1245480083942313,.0907294878269818,-.0311975197538539,.0595319680731279,.0453600025177002,.0595319680731279,0,0,.1362899780273438,2020,.4934126281738281,2019,.4839044952392578,1,1,0,.023721527654672,0,.0115486233658421,0,.028924770523429,0,.0013120276637666,0,.023721527654672,0,.0010760085541396
Croatia,HRV,2019,.3752993774414062,.4934126281738281,.031010000705719,.0079100000858307,.7088099670410156,.3676544189453125,.9630000305175781,.7088099670410156,HRV,.1198849593035968,.0849756540526959,-.0308466634165905,.0541289906361054,.0432826232910156,.0541289906361054,0,0,.0732400512695313,2021,.4855481719970703,2020,.4868414688110352,1,1,0,.0183185502176495,0,.0090386040072247,0,.0235217930864065,0,.0010180849092882,0,.0183185502176495,0,.0007928749083081
Croatia,HRV,2020,.3741308212280273,.4855481719970703,-.083100004196167,-.0004800000041723,.8647599792480469,.4489153671264648,.9440000152587891,.8647599792480469,HRV,.1560891221742966,.1349796260522906,-.0311397261362117,.1038398999160789,.0384193658828735,.1038398999160789,0,0,-.1792900085449219,2022,.4842948150634765,2021,.4934126281738281,1,1,0,.068029459497623,0,.0330315797010196,0,.07323270236638,0,.0028135539868055,0,.068029459497623,0,.0026136486952533
Croatia,HRV,2021,.3779929351806641,.4842948150634765,.1262899971008301,.0274499988555908,.7820500183105469,.4852221298217774,.9309999847412109,.7820500183105469,HRV,.1366315533737944,.1068527088177744,-.0301711449028159,.0766815639149585,.0306232047080994,.0766815639149585,0,0,-.1725600051879883,2023,.4905846786499024,2022,.4855481719970703,1,1,0,.0408711234965026,0,.0197936731951752,0,.0460743663652596,0,.0014109447529993,0,.0408711234965026,0,.0012516047814834
Croatia,HRV,2022,.3800320816040039,.4905846786499024,.0729699993133545,.1066399955749512,.685469970703125,.4748685836791992,.8980000305175782,.685469970703125,HRV,.1141063017693302,.0782164433308647,-.0296597464868151,.0485566968440497,.0270192456245422,.0485566968440497,0,0,,,.4928057479858399,2023,.4842948150634765,0,1,,,,,0,.0179494992943508,0,.0004849819302716,0,.0127462564255938,0,.0003443942331565
Croatia,HRV,2023,.3798278045654297,.4928057479858399,.0375999999046326,.0839599990844727,.6094900131225586,.0489012813568115,.875999984741211,.6094900131225586,HRV,.0965285167393246,.0588331669341521,-.0297109772139254,.0291221897202266,.0281123614311218,.0291221897202266,0,0,,,,,.4905846786499024,0,0,,,,,,,,,,,,
Hungary,HUN,1995,.3694104766845703,.4947483825683594,.0254099988937378,.2830299949645996,.8386799621582032,.0004132583737373,,.8386799621582032,HUN,.1504230974867204,.1261568377078824,-.0323235433917418,.0938332943161406,.1734331703186035,.0938332943161406,0,0,-.2167199707031251,1997,.4853301239013672,1996,,0,0,,,,,,,,,,,,
Hungary,HUN,1996,.3698920822143555,.4853301239013672,.0010100000351667,.2345499992370605,.7116799926757813,.0003352094814181,,.7116799926757813,HUN,.1209769031323806,.0860968415351913,-.0322027613320278,.0538940802031635,.1596286487579346,.0538940802031635,0,0,-.1074599838256837,1998,.4869182968139649,1997,.4947483825683594,0,0,,,,,,,,,,,,
Hungary,HUN,1997,.3702778244018555,.4869182968139649,.029779999256134,.1829500007629395,.6219599914550781,.0002814704366028,,.6219599914550781,HUN,.1001708400364762,.0623022548131348,-.0321060208815068,.0301962339316279,.1626626586914063,.0301962339316279,0,0,-.0189899826049804,1999,.4906520462036133,1998,.4853301239013672,0,0,,,,,,,,,,,,
Hungary,HUN,1998,.370211296081543,.4906520462036133,.0384800004959106,.1422700023651123,.6042200088500976,.0003002936579287,,.6042200088500976,HUN,.09606822512287,.0580463438339537,-.0321227055478151,.0259236382861386,.1417288303375244,.0259236382861386,0,0,-.0478400039672852,2000,.4926340866088867,1999,.4869182968139649,0,0,,,,,,,,,,,,
Hungary,HUN,1999,.3694508743286133,.4926340866088867,.0308599996566772,.0997299957275391,.6029700088500977,.0003422719612718,,.6029700088500977,HUN,.0958388741321044,.0577879667836184,-.0323134120490696,.0254745547345488,.1394645881652832,.0254745547345488,0,0,-.0809199905395508,2001,.4997203063964843,2000,.4906520462036133,0,0,,,,,,,,,,,,
Hungary,HUN,2000,.3697051239013672,.4997203063964843,.0440899991989136,.0978800010681152,.5563800048828125,.0003348008915782,.9751222991943359,.5563800048828125,HUN,.0850303917709386,.0473092097887023,-.0322496486884364,.0150595611002659,.1073849773406982,.0150595611002659,0,0,-.0008100128173828,2002,.5115696334838867,2001,.4926340866088867,1,1,.0207508793181901,0,.0103696357708824,0,.015547636449433,0,.0016695825878238,0,.0207508793181901,0,.0022283327053834,0
Hungary,HUN,2001,.3680893707275391,.5115696334838867,.0406199979782104,.0915100002288818,.5220500183105469,.0003084746934474,.9723207855224609,.5220500183105469,HUN,.0772086346299822,.0403067691223145,-.032654864127743,.0076519049945716,.0918936443328857,.0076519049945716,0,0,.0596899795532226,2003,.5166256713867188,2002,.4997203063964843,1,1,.0281585354238843,0,.0144050516462396,0,.0229552925551273,0,.0021094454896182,0,.0281585354238843,0,.0025875904391774,0
Hungary,HUN,2002,.3677865600585937,.5166256713867188,.0473000001907349,.0526100015640259,.5555699920654297,.000284354891628,.9715838623046875,.5555699920654297,HUN,.0849944569008352,.0472203697460025,-.0327308061467536,.0144895635992489,.0844713115692139,.0144895635992489,0,0,.0335000228881837,2004,.506342887878418,2003,.5115696334838867,1,1,.021320876819207,0,.0110149123012764,0,.01611763395045,0,.001361477679187,0,.021320876819207,0,.0018010024287241,0
Hungary,HUN,2003,.3689807891845703,.506342887878418,.0393899989128113,.0466499996185303,.5817399978637695,.0003370911255479,.9831185150146484,.5817399978637695,HUN,.0909600024646315,.0529150716394632,-.0324313049062462,.020483766733217,.0876265335083008,.020483766733217,0,0,.0240499877929687,2005,.5098855590820313,2004,.5166256713867188,1,1,.0153266736852389,0,.007760552215354,0,.0101234308164819,0,.0008870811496594,0,.0153266736852389,0,.0013430232852504,0
Hungary,HUN,2004,.3683239364624024,.5098855590820313,.0496299982070923,.0675,.5890700149536133,.0004007736593485,.9761046600341797,.5890700149536133,HUN,.0927092559838533,.0546122428087469,-.0325960372853524,.0220162055233945,.0932327938079834,.0220162055233945,0,0,.0558199691772461,2006,.5090519714355469,2005,.506342887878418,1,1,.0137942348950614,0,.0070334811715773,0,.0085909920263044,0,.0008009621881945,0,.0137942348950614,0,.0012860750577102,0
Hungary,HUN,2005,.3684250259399414,.5090519714355469,.0430000019073486,.0356200003623962,.6057899856567383,.0004477269947529,.9630000305175781,.6057899856567383,HUN,.0965729452880866,.058502923140899,-.0325706850114322,.0259322381294667,.0900651741027832,.0259322381294667,0,0,.0500100326538087,2007,.5285115814208985,2006,.5098855590820313,1,1,.0098782022889892,0,.0050285183494491,0,.0046749594202322,0,.0004210510341067,0,.0098782022889892,0,.0008896820089803,0
Hungary,HUN,2006,.3666153717041016,.5285115814208985,.0393400001525879,.0390400004386902,.6448899841308594,.0004999511316419,.9290000152587891,.6448899841308594,HUN,.1057699707878391,.068209994782891,-.0330245289821864,.0351854658007046,.0854573059082031,.0351854658007046,0,0,.0731200408935546,2008,.5263805389404297,2007,.5090519714355469,1,1,.0006249746177513,0,.0003303063235756,0,0,.0045782682510057,0,.000391246470456,.0006249746177513,0,.000053408647094,0
Hungary,HUN,2007,.3659932708740234,.5263805389404297,.0033199998736382,.079520001411438,.6558000183105469,.000555125027895,.9280000305175782,.6558000183105469,HUN,.1083454669956689,.0710529592396244,-.0331805459192015,.0378724133204229,.083329610824585,.0378724133204229,0,0,.1260800170898437,2009,.5280493927001954,2008,.5285115814208985,1,1,0,.002061972901967,0,.001085382407418,0,.007265215770724,0,.0006054076027311,0,.002061972901967,0,.0001718233994518
Hungary,HUN,2008,.3659491348266601,.5280493927001954,.0099299997091293,.0605600023269653,.718010025024414,.0007741191983223,.9209999847412109,.718010025024414,HUN,.1227543133145936,.0881388275748661,-.033191614817664,.0549472127572021,.0800400066375732,.0549472127572021,0,0,.0837300109863282,2010,.5343012237548828,2009,.5263805389404297,1,1,0,.0191367723387462,0,.0101051610117169,0,.0243400152075032,0,.0019481749787672,0,.0191367723387462,0,.001531707385015
Hungary,HUN,2009,.3676801300048828,.5343012237548828,-.0673999977111816,.0419799995422363,.7818800354003906,.0010826458781958,.9480000305175781,.7818800354003906,HUN,.1374072545618332,.1074359890610767,-.0327574977860884,.0746784912749882,.0864033508300781,.0746784912749882,0,0,.0227999877929688,2011,.5220717239379883,2010,.5280493927001954,1,1,0,.0388680508565323,0,.0207672471376122,0,.0440712937252893,0,.0038079074532816,0,.0388680508565323,0,.0033583298342383
Hungary,HUN,2010,.3627191543579101,.5220717239379883,.01067999958992,.0487200021743774,.8017400360107422,.0010907696187496,.9690000152587891,.8017400360107422,HUN,.1423981249998931,.1141662778652765,-.0340016630204443,.0801646148448321,.0843094539642334,.0801646148448321,0,0,-.0181000518798828,2012,.5295536804199219,2011,.5343012237548828,1,1,0,.0443541744263762,0,.0231560603066245,0,.0495574172951332,0,.0041781587920303,0,.0443541744263762,0,.0037394762269221
Hungary,HUN,2011,.3596535873413086,.5295536804199219,.0191700005531311,.0392899990081787,.8046800231933594,.0011616972088814,.9740000152587891,.8046800231933594,HUN,.1433211929394697,.1153277008586324,-.0347704779022451,.0805572229563873,.0848588371276855,.0805572229563873,0,0,-.0324800109863281,2013,.5277416229248046,2012,.5220717239379883,1,1,0,.0447467825379314,0,.0236958233799115,0,.0499500254066884,0,.0042387010705099,0,.0447467825379314,0,.0037971599313743
Hungary,HUN,2012,.3579891967773438,.5277416229248046,-.0133899998664856,.0566099977493286,.7836399841308593,.0010771291702986,.9680000305175781,.7836399841308593,HUN,.1385807019568741,.1085973790823282,-.0351878911337208,.0734094879486074,.0894345378875732,.0734094879486074,0,0,-.0187300109863281,2014,.5260812377929688,2013,.5295536804199219,1,1,0,.0375990475301515,0,.019842582363989,0,.0428022903989085,0,.0038280030623561,0,.0375990475301515,0,.003362653440872
Hungary,HUN,2013,.3582917785644531,.5260812377929688,.0203200006484985,.0171300005912781,.7722000122070313,.0010990981012583,.9880000305175781,.7722000122070313,HUN,.135907746163642,.1049479632465945,-.0351120065160851,.0698359567305094,.0895937347412109,.0698359567305094,0,0,-.0149600219726562,2015,.5178754425048828,2014,.5277416229248046,1,1,0,.0340255163120535,0,.01790018573799,0,.0392287591808105,0,.0035146510442724,0,.0340255163120535,0,.0030484730828949
Hungary,HUN,2014,.3544210433959961,.5178754425048828,.0433400011062622,-.0022900000214577,.7649099731445312,.0009517791122198,.9940000152587891,.7649099731445312,HUN,.1345255834360602,.1028999604133292,-.0360827498679359,.0668172105453933,.0791440010070801,.0668172105453933,0,0,-.018449935913086,2016,.5119051742553711,2015,.5260812377929688,1,1,0,.0310067701269374,0,.0160576448001349,0,.0362100129956944,0,.0028658053049976,0,.0310067701269374,0,.0024539998461526
Hungary,HUN,2015,.3512308120727539,.5119051742553711,.0366000008583069,-.0006599999964237,.757239990234375,.0007237981259823,1,.757239990234375,HUN,.133001657901854,.1007141741307556,-.036882829365273,.0638313447654826,.0686025094985962,.0638313447654826,0,0,-.0372200012207031,2017,.5001173782348632,2016,.5178754425048828,1,1,0,.0280209043470267,0,.0143440459225578,0,.0332241472157837,0,.0022792598749536,0,.0280209043470267,0,.0019223043566262
Hungary,HUN,2016,.3492664337158203,.5001173782348632,.0243899989128113,.0039700001478195,.7464600372314453,.0005508519336581,1.011999969482422,.7464600372314453,HUN,.1306607031588938,.0975329933446747,-.0373754766654687,.0601575166792059,.0665894079208374,.0601575166792059,0,0,-.0583000183105469,2018,.4989916229248047,2017,.5119051742553711,1,1,0,.02434707626075,0,.0121763959472106,0,.029550319129507,0,.0019677382547057,0,.02434707626075,0,.0016212573928068
Hungary,HUN,2017,.354543571472168,.4989916229248047,.0412400007247925,.0235400009155273,.7200199890136719,.0005736606940627,1.02,.7200199890136719,HUN,.1241211683912917,.089369722301462,-.0360520209985655,.0533177013028964,.0582910919189453,.0533177013028964,0,0,-.0701399993896484,2019,.4927258682250977,2018,.5001173782348632,1,1,0,.0175072608844405,0,.0087359765216949,0,.0227105037531975,0,.0013238200618032,0,.0175072608844405,0,.0010205173534639
Hungary,HUN,2018,.3543564987182617,.4927258682250977,.0560599994659424,.0283899998664856,.6881600189208984,.0006084620952606,1.010999984741211,.6881600189208984,HUN,.1167584542627789,.0803485000946488,-.0360989370556616,.0442495630389872,.0514632129669189,.0442495630389872,0,0,.0987099456787109,2020,.4958934402465821,2019,.4989916229248047,1,1,0,.0084391226205313,0,.0041581740202594,0,.0136423654892883,0,.0007020799605478,0,.0084391226205313,0,.0004343043646743
Hungary,HUN,2019,.3567925643920898,.4958934402465821,.050770001411438,.0337299990653992,.6498799896240235,.0005876357853413,1.018000030517578,.6498799896240235,HUN,.1077017931288203,.0699932402010464,-.0354879950886648,.0345052451123817,.0491533946990967,.0345052451123817,0,0,.1122699737548828,2021,.4958007431030274,2020,.4927258682250977,1,1,.0013051953060742,0,.0006472377905228,0,0,.0038980475626828,0,.0001916022704044,.0013051953060742,0,.0000641547800389,0
Hungary,HUN,2020,.3535626602172852,.4958007431030274,-.0433900022506714,.033050000667572,.7868699645996093,.0007979783415794,1.040999984741211,.7868699645996093,HUN,.1396784836780632,.1099088035070847,-.0362980241576535,.0736107793494312,.0498116827011108,.0736107793494312,0,0,-.0460599517822265,2022,.4971049118041992,2021,.4958934402465821,1,1,0,.0378003389309753,0,.0187414361315238,0,.0430035817997323,0,.0021420807716195,0,.0378003389309753,0,.0018828984888242
Hungary,HUN,2021,.3499228286743164,.4971049118041992,.0722300004959106,.0510500001907349,.7621499633789063,.0007826315611601,1,.7621499633789063,HUN,.1342419871734739,.1023125256081747,-.0372108590891124,.0651016665190623,.0507113742828369,.0651016665190623,0,0,-.0298099517822266,2023,.4918498992919922,2022,.4958007431030274,1,1,0,.0292912261006064,0,.0145608123673788,0,.0344944689693634,0,.0017492619265931,0,.0292912261006064,0,.0014853983299911
Hungary,HUN,2022,.353454475402832,.4918498992919922,.0415199995040894,.1461999988555908,.7408100128173828,.0007122936099768,.9380000305175781,.7408100128173828,HUN,.1290213849235959,.0955803338189656,-.036325155874196,.0592551779447696,.0532939624786377,.0592551779447696,0,0,,,.4936179733276367,2023,.4971049118041992,0,1,,,,,0,.0286479803950707,0,.0015267643922636,0,.0234447375263137,0,.0012494629620489
Hungary,HUN,2023,.3532215118408203,.4936179733276367,-.0081699997186661,.1713999938964844,.7323400115966797,.0007965651154518,1.021999969482422,.7323400115966797,HUN,.1270784822740604,.0930646571822738,-.0363835809069622,.0566810762753116,.0847489452362061,.0566810762753116,0,0,,,,,.4918498992919922,0,0,,,,,,,,,,,,
Indonesia,IDN,1995,.4921515655517578,.3445194625854492,.0822000026702881,.0941499996185303,,3.81167861633e-06,,,IDN,,,-.0015412524750892,,.0959515476226807,,,,,,.3446493530273437,1996,,0,0,,,,,,,,,,,,
Indonesia,IDN,1996,.4947244644165039,.3446493530273437,.0781799983978271,.0798099994659424,,4.59974748082e-06,,,IDN,,,-.0008959940527898,,.08203688621521,,,,,,.3352079391479492,1997,.3445194625854492,0,0,,,,,,,,,,,,
Indonesia,IDN,1997,.4876379013061524,.3352079391479492,.0469999980926514,.0623699998855591,,3.96079674829e-06,,,IDN,,,-.0026732362890723,,.1044597625732422,,,,,,.3247400665283203,1998,.3446493530273437,0,0,,,,,,,,,,,,
Indonesia,IDN,1998,.4891926956176758,.3247400665283203,-.131269998550415,.584469985961914,,6.15468306933e-06,,,IDN,,,-.0022833087492844,,.2113007164001465,,,,,,.3286137771606445,1999,.3352079391479492,0,0,,,,,,,,,,,,
Indonesia,IDN,1999,.4896134948730469,.3286137771606445,.0079100000858307,.2046999931335449,,7.07364408299e-06,,,IDN,,,-.0021777763215058,,.2272054100036621,,,,,,.3303868865966797,2000,.3247400665283203,0,0,,,,,,,,,,,,
Indonesia,IDN,2000,.4819274520874023,.3303868865966797,.0497900009155273,.0368799996376038,.8743699645996094,7.23292876501e-06,,.8743699645996094,IDN,.1497948106325752,.13097608327001,-.0041053623255827,.1268707209444273,.2467058753967285,.1268707209444273,0,0,-.2509799575805663,2002,.3253396224975586,2001,.3286137771606445,0,0,,,,,,,,,,,,
Indonesia,IDN,2001,.4801353454589844,.3253396224975586,.0364299988746643,.1146599960327148,.7370200347900391,6.68164342642e-06,,.7370200347900391,IDN,.1181316785948719,.0870654138677982,-.0045548055242601,.0825106083435381,.2742180824279785,.0825106083435381,0,0,-.1805900192260742,2003,.3207527542114258,2002,.3303868865966797,0,0,,,,,,,,,,,,
Indonesia,IDN,2002,.4786673355102539,.3207527542114258,.0449900007247925,.119079999923706,.623390007019043,7.28806480765e-06,,.623390007019043,IDN,.0919355158087891,.0573116818453404,-.00492296837606,.0523887134692804,.2705314064025879,.0523887134692804,0,0,-.1101100158691407,2004,.3135696220397949,2003,.3253396224975586,0,0,,,,,,,,,,,,
Indonesia,IDN,2003,.4795352554321289,.3135696220397949,.0478000020980835,.0679099988937378,.5564300155639649,7.87243538070e-06,.8885066986083985,.5564300155639649,IDN,.0763616553909162,.0424899170976576,-.0047053023623877,.0377846147352699,.1745131301879883,.0377846147352699,0,0,-.1303100204467774,2005,.3189251899719238,2004,.3207527542114258,1,1,0,.001974174316814,0,.000619041094364,0,.007177417185571,0,.0012525535397191,0,.001974174316814,0,.000344519339564
Indonesia,IDN,2004,.4817497253417969,.3189251899719238,.050310001373291,.0606199979782105,.5132799911499023,7.50662700739e-06,.9070171356201172,.5132799911499023,IDN,.0661948110938824,.0339764720524374,-.0041499344932031,.0298265375592343,.1423775100708008,.0298265375592343,0,0,-.1547999954223632,2006,.3454778671264648,2005,.3135696220397949,1,1,.0059839028592216,0,.0019084173561508,0,.0007806599904646,0,.0001111484256542,0,.0059839028592216,0,.0008519731896015,0
Indonesia,IDN,2005,.4797148132324219,.3454778671264648,.0569299983978271,.1046399974822998,.4261199951171875,6.79328921251e-06,1.015,.4261199951171875,IDN,.0461728572073511,.0196751776877431,-.004660270983768,.0150149067039751,.1209966373443603,.0150149067039751,0,0,-.0449100112915039,2007,.4232883071899414,2006,.3189251899719238,1,1,.0207955337144808,0,.0071843966334353,0,.0155922908457238,0,.0018866147608278,0,.0207955337144808,0,.0025161896512335,0
Indonesia,IDN,2006,.4780470657348633,.4232883071899414,.0550099992752075,.1309899997711182,.3584799957275391,7.89747689851e-06,1.021999969482422,.3584799957275391,IDN,.0306419380453617,.0109845218195848,-.0050785261020758,.005905995717509,.1153805351257324,.005905995717509,0,0,-.0559599876403809,2008,.4351648712158203,2007,.3454778671264648,1,1,.0299044447009469,0,.012658201774919,0,.0247012018321899,0,.0028500378856468,0,.0299044447009469,0,.0034503908322331,0
Indonesia,IDN,2007,.4774769592285156,.4351648712158203,.0634499979019165,.0631899976730347,.3812099838256836,9.92605695501e-06,1.045,.3812099838256836,IDN,.0359503551559609,.0137046343075314,-.0052215033600897,.0084831309474418,.1044876861572266,.0084831309474418,0,0,-.1163799858093262,2009,.4439851379394531,2008,.4232883071899414,1,1,.0273273094710141,0,.0118918851066287,0,.0221240666022571,0,.0023116925276582,0,.0273273094710141,0,.0028553673355287,0
Indonesia,IDN,2008,.4756337738037109,.4439851379394531,.0744199991226196,.0987100028991699,.3025200080871582,8.37934552692e-06,1.068000030517578,.3025200080871582,IDN,.0178745674518391,.0054074142900848,-.0056837566322687,-.0002763423421838,.0839675045013428,-.0002763423421838,0,0,-.0388899993896484,2010,.4455274963378906,2009,.4351648712158203,1,1,.0360867827606397,0,.0160219952217737,0,.0308835398918827,0,.0025932137748891,0,.0360867827606397,0,.003030117093893,0
Indonesia,IDN,2009,.4759529876708984,.4455274963378906,.047020001411438,.0480399990081787,.2648299980163574,.0000102468486875,.9790000152587891,.2648299980163574,IDN,.0091218345633808,.0024157354293257,-.0056037008480559,-.0031879654187302,.101417236328125,-.0031879654187302,0,0,-.0337699890136719,2011,.4670098495483399,2010,.4439851379394531,1,1,.0389984058371861,0,.0173748621138105,0,.0337951629684291,0,.0034274120295167,0,.0389984058371861,0,.00395511054121,0
Indonesia,IDN,2010,.4732212066650391,.4670098495483399,.0637799978256226,.0513700008392334,.2636300086975097,.0000140164792538,1.083000030517578,.2636300086975097,IDN,.0090598685006036,.0023884532116124,-.006288805391441,-.0039003521798286,.0822679615020752,-.0039003521798286,0,0,-.0340800094604492,2012,.4722347640991211,2011,.4455274963378906,1,1,.0397107925982845,0,.0185453312767702,0,.0345075497295275,0,.0028388657726797,0,.0397107925982845,0,.0032669259566926,0
Indonesia,IDN,2011,.4736959457397461,.4722347640991211,.0617000007629395,.0534499979019165,.2310600090026856,.0000151128030848,1.116999969482422,.2310600090026856,IDN,.0014804341660982,.0003420691317465,-.0061697453729744,-.0058276762412279,.0700176382064819,-.0058276762412279,0,0,.0177799987792969,2013,.4819465637207031,2012,.4670098495483399,1,1,.0416381166596838,0,.0196629661983175,0,.0364348737909268,0,.0025510838111919,0,.0416381166596838,0,.002915402587877,0
Indonesia,IDN,2012,.4726967620849609,.4819465637207031,.0603000020980835,.0397900009155273,.2295499992370605,.000014597697882,1.028000030517578,.2295499992370605,IDN,.0012097455897757,.0002776970992101,-.0064203310751596,-.0061426339759496,.067598123550415,-.0061426339759496,0,0,.0169000053405762,2014,.489600830078125,2013,.4722347640991211,1,1,.0419530743944055,0,.0202191400419027,0,.0367498315256485,0,.0024842196519277,0,.0419530743944055,0,.0028359491062328,0
Indonesia,IDN,2013,.4717289352416992,.489600830078125,.0555700016021729,.0640999984741211,.2488400077819824,.0000121849880088,1,.2488400077819824,IDN,.0057530339793029,.0014315850201797,-.0066630527889817,-.0052314677688019,.0702680253982544,-.0052314677688019,0,0,.0212899971008301,2015,.3474621963500977,2014,.4819465637207031,1,1,.0410419081872578,0,.0200941523164716,0,.0358386653185008,0,.00251831224484,0,.0410419081872578,0,.0028839338468951,0
Indonesia,IDN,2014,.4700746917724609,.3474621963500977,.0500699996948242,.0639900016784668,.2464500045776367,.0000130606349558,1.008000030517578,.2464500045776367,IDN,.005330346006969,.0013136637978179,-.0070779212261695,-.0057642574283517,.0762681150436401,-.0057642574283517,0,0,.0330999946594238,2016,.3446750259399414,2015,.489600830078125,1,1,.0415746978468075,0,.0144456358264434,0,.0363714549780505,0,.0027739823125705,0,.0415746978468075,0,.0031708238382849,0
Indonesia,IDN,2015,.4676631546020508,.3446750259399414,.0487599992752075,.063600001335144,.2701300048828125,.000011792780133,1,.2701300048828125,IDN,.0110042837491152,.0029725872228803,-.0076827116791548,-.0047101244562744,.0910068511962891,-.0047101244562744,0,0,.0238299942016602,2017,.3506935119628906,2016,.3474621963500977,1,1,.0405205648747303,0,.0139664267492988,0,.0353173220059733,0,.003214118268449,0,.0405205648747303,0,.0036876490179442,0
Indonesia,IDN,2016,.468394889831543,.3506935119628906,.0503299999237061,.0352999997138977,.2795499992370605,.0000123343267478,1.050999984741211,.2795499992370605,IDN,.0131277470146296,.003669861667924,-.0074991994835561,-.0038293378156321,.1026462364196777,-.0038293378156321,0,0,.0246800041198731,2018,.3703780746459961,2017,.3446750259399414,1,1,.039639778234088,0,.0139014130423425,0,.034436535365331,0,.0035347807505844,0,.039639778234088,0,.0040688740482398,0
Indonesia,IDN,2017,.4652663421630859,.3703780746459961,.0507000017166138,.0380699992179871,.2939599990844727,.000013135910267,1.080999984741211,.2939599990844727,IDN,.0167117903447,.0049125978744279,-.0082838093103539,-.003371211435926,.1124118518829346,-.003371211435926,0,0,.0116699981689453,2019,.3792924499511719,2018,.3506935119628906,1,1,.0391816518543819,0,.0145120247752757,0,.0339784089856249,0,.0038195758781098,0,.0391816518543819,0,.0044044820447835,0
Indonesia,IDN,2018,.4613368606567383,.3792924499511719,.0517399978637695,.0329099988937378,.3042300033569336,.0000115732487757,1.036999969482422,.3042300033569336,IDN,.0194004767274699,.0059022070999243,-.0092692856817659,-.0033670785818417,.116480131149292,-.0033670785818417,0,0,.0932400131225586,2020,.3777894592285156,2019,.3703780746459961,1,1,.0391775190002976,0,.0148597371646315,0,.0339742761315406,0,.0039573281395041,0,.0391775190002976,0,.0045634025512585,0
Indonesia,IDN,2019,.4354150772094726,.3777894592285156,.0501900005340576,.0282200002670288,.305629997253418,.000011798760388,.985,.305629997253418,IDN,.0217733622776222,.0066545926531073,-.0157702209962278,-.0091156283431205,.1220213031768799,-.0091156283431205,0,0,.1057699966430664,2021,.3861754226684571,2020,.3792924499511719,1,1,.0449260687615764,0,.0169725952226991,0,.0397228258928194,0,.0048470309813101,0,.0449260687615764,0,.0054819374569017,0
Indonesia,IDN,2020,.4338899612426758,.3861754226684571,-.0206599998474121,.0203099989891052,.3974700164794922,.0000126751768403,1.021999969482422,.3974700164794922,IDN,.0431603863372226,.0171549594687171,-.0161527054910686,.0010022539776485,.1646696853637695,.0010022539776485,0,0,.0039399719238281,2022,.3914960861206055,2021,.3777894592285156,1,1,.0348081864408074,0,.0134420661111012,0,.0296049435720504,0,.0048750367432217,0,.0348081864408074,0,.0057318531092912,0
Indonesia,IDN,2021,.4304996490478515,.3914960861206055,.0370300006866455,.0156099998950958,.4113999938964844,.0000130312074907,1.15,.4113999938964844,IDN,.0466539639074433,.019193440466769,-.0170029633569759,.0021904771097931,.1474597263336182,.0021904771097931,0,0,-.0153899765014648,2023,.3929931259155273,2022,.3861754226684571,1,1,.0336199633086628,0,.0131620840508599,0,.0284167204399058,0,.0041903218193674,0,.0336199633086628,0,.0049575905888417,0
Indonesia,IDN,2022,.4289767837524414,.3929931259155273,.0530700016021729,.0413899993896484,.4014099884033203,.0000117181672249,1.249000015258789,.4014099884033203,IDN,.044461034970718,.0178471035319955,-.0173848834049634,.0004622201270322,.1319063568115234,.0004622201270322,0,0,,,.3981292724609375,2023,.3914960861206055,0,1,,,,,.0301449774226667,0,.0039763141479896,0,.0353482202914237,0,.0046626549584129,0
Indonesia,IDN,2023,.4304823684692383,.3981292724609375,.0504899978637695,.0371300005912781,.3960100173950195,.0000118976994418,1.083000030517578,.3960100173950195,IDN,.0430916244969101,.017064714966601,-.0170072971607819,.0000574178058191,.1404468154907227,.0000574178058191,0,0,,,,,.3929931259155273,0,0,,,,,,,,,,,,
India,IND,1995,.5488783645629883,.354976806640625,.0757399988174439,.0996000003814697,.7087599945068359,.0004392735660076,1.036186828613281,.7087599945068359,IND,.1061547424400042,.075238234668652,.0126852860545115,.0879235207231635,.1851811027526855,.0879235207231635,0,0,-.0186799621582031,1997,.3554083251953125,1996,,1,0,0,.0521130803047076,0,.0184989348307715,,,,,,,,
India,IND,1996,.54739501953125,.3554083251953125,.0755000019073486,.0943299961090088,.6713300323486329,.0004446059837937,.9502069854736328,.6713300323486329,IND,.0976046897603182,.0655249595341727,.0123132773105925,.0778382368447652,.1940087127685547,.0778382368447652,0,0,.0215099334716796,1998,.3563098526000977,1997,.354976806640625,1,1,0,.0420277964263093,0,.0149370287395241,0,.0472310392950663,0,.0091632331363568,0,.0420277964263093,0,.0081537586851671
India,IND,1997,.5461264801025391,.3563098526000977,.0405000019073486,.0684499979019165,.6900800323486328,.0004873203486204,1.089840545654297,.6900800323486328,IND,.1020467002184229,.0704203901878005,.0119951397570298,.0824155299448303,.2008257102966308,.0824155299448303,0,0,.0225899505615235,1999,.3576129913330078,1998,.3554083251953125,1,1,0,.0466050895263744,0,.0166058525795568,0,.0518083323951314,0,.0104044451525362,0,.0466050895263744,0,.0093595002075722
India,IND,1998,.5457500839233398,.3576129913330078,.0618400001525879,.1312600040435791,.6928399658203125,.0004954976215959,1.12812370300293,.6928399658203125,IND,.1027155389119578,.0711654304689758,.0119007431959844,.0830661736649602,.2162410926818848,.0830661736649602,0,0,.0565700531005859,2000,.3606731033325195,1999,.3563098526000977,1,1,0,.0472557332465043,0,.0168992641239171,0,.0524589761152613,0,.011343786316137,0,.0472557332465043,0,.0102186313927078
India,IND,1999,.5459473037719726,.3606731033325195,.088459997177124,.0342499995231628,.7126699829101563,.0005348289012909,1.009402694702148,.7126699829101563,IND,.1072917934334701,.0764636405926312,.0119502040473683,.0884138446399995,.2231616973876953,.0884138446399995,0,0,.0884300231933594,2001,.3637935256958008,2000,.3576129913330078,1,1,0,.0526034042215436,0,.0189726330464391,0,.0578066470903006,0,.012900229484963,0,.0526034042215436,0,.0117390649744507
India,IND,2000,.5440484619140625,.3637935256958008,.0384100008010864,.0381699991226196,.7494100189208984,.0005873376876116,.9594322967529297,.7494100189208984,IND,.1159493945433545,.086893637958602,.0114739926741895,.0983676306327914,.2412174034118652,.0983676306327914,0,0,.0936299896240235,2002,.3565397262573242,2001,.3606731033325195,1,1,0,.0625571902143355,0,.022757900785696,0,.0677604330830925,0,.016344995722367,0,.0625571902143355,0,.0150898829882442
India,IND,2001,.541985092163086,.3565397262573242,.0482399988174438,.0444099998474121,.8011000061035156,.0006693677604198,.9385317993164063,.8011000061035156,IND,.1280818117898617,.1026063402066075,.0109565192793436,.1135628594859511,.2659630012512207,.1135628594859511,0,0,.0577300262451172,2003,.3493124771118164,2002,.3637935256958008,1,1,0,.0777524190674952,0,.0277218262101695,0,.0829556619362522,0,.0220631368193473,0,.0777524190674952,0,.0206792667297337
India,IND,2002,.5406966781616211,.3493124771118164,.0380399990081787,.0499300003051758,.8430400085449219,.000941381752491,.8503534698486328,.8430400085449219,IND,.1378952733039263,.1162512323844463,.0106333973730593,.1268846297575056,.2684143447875977,.1268846297575056,0,0,.0058599853515625,2004,.3498622131347656,2003,.3565397262573242,1,1,0,.0910741893390497,0,.031813350678974,0,.0962774322078067,0,.0258422438838908,0,.0910741893390497,0,.0244456188585026
India,IND,2003,.5373229217529297,.3498622131347656,.078600001335144,.0410699987411499,.8588300323486329,.001264378875494,.9229843902587891,.8588300323486329,IND,.1418182550116695,.1217977765392988,.0097872915399374,.1315850680792361,.2662849807739258,.1315850680792361,0,0,-.035050048828125,2005,.3528639602661133,2004,.3493124771118164,1,1,0,.0957746276607802,0,.0335079231955587,0,.1009778705295372,0,.0268888903125498,0,.0957746276607802,0,.0255033448852808
India,IND,2004,.5352529144287109,.3528639602661133,.079229998588562,.0399600005149841,.8488999938964844,.0014865778386593,.8795743560791016,.8488999938964844,IND,.1396824548858446,.1185764351000395,.009268153505219,.1278445886052585,.2603879547119141,.1278445886052585,0,0,-.0699700164794922,2006,.3818387985229492,2005,.3498622131347656,1,1,0,.0920341481868026,0,.0324755340089135,0,.0972373910555596,0,.0253194453784797,0,.0920341481868026,0,.0239645836100147
India,IND,2005,.5314875793457031,.3818387985229492,.079229998588562,.0367400002479553,.8237799835205079,.0014422515034676,.8590000152587891,.8237799835205079,IND,.1341632512532859,.1105210009064896,.0083238434865158,.1188448443930054,.258254222869873,.1188448443930054,0,0,-.0696399688720704,2007,.4539554595947266,2006,.3528639602661133,1,1,0,.0830344039745495,0,.0317057570497112,0,.0882376468433065,0,.0227877449133844,0,.0830344039745495,0,.0214439854699104
India,IND,2006,.531068344116211,.4539554595947266,.0806099987030029,.0673799991607666,.7789299774169922,.0017241954803467,.8390000152587891,.7789299774169922,IND,.1238109112584326,.0964400303105081,.0082187033014658,.1046587336119739,.2383944702148438,.1046587336119739,0,0,-.0355199432373047,2008,.45267333984375,2007,.3818387985229492,1,1,0,.068848293193518,0,.0312540585789759,0,.074051536062275,0,.0176534767081614,0,.068848293193518,0,.016413052381065
India,IND,2007,.528745002746582,.45267333984375,.0766099977493286,.0591800022125244,.7541400146484375,.0024877415597439,.7990000152587891,.7541400146484375,IND,.1182541669365259,.0891801991857504,.0076360315116139,.0968162306973643,.2169693183898926,.0968162306973643,0,0,-.0267900085449219,2009,.4564712142944336,2008,.4539554595947266,1,1,0,.0610057902789084,0,.0276156948353608,0,.0662090331476654,0,.0143653287933028,0,.0610057902789084,0,.0132363847346515
India,IND,2008,.5269731140136719,.4564712142944336,.0308699989318848,.0921100044250488,.7434100341796875,.0022461155056953,.7990000152587891,.7434100341796875,IND,.1159095706118617,.086168337850317,.0071916587677205,.0933599966180375,.2366066932678223,.0933599966180375,0,0,-.0666600036621094,2010,.4533467102050781,2009,.45267333984375,1,1,0,.0575495561995816,0,.0262697158005288,0,.0627527990683386,0,.0148477322808597,0,.0575495561995816,0,.0136166101914137
India,IND,2009,.5244264221191406,.4533467102050781,.0786199998855591,.1060499954223633,.7273500061035156,.0023029169440269,.93,.7273500061035156,IND,.1123919835083154,.0817483098907595,.0065529728028488,.0883012826936082,.2467890930175781,.0883012826936082,0,0,-.0403600311279297,2011,.4789550018310547,2010,.4564712142944336,1,1,0,.0524908422751523,0,.0237965506613339,0,.0576940851439093,0,.0142382709451443,0,.0524908422751523,0,.0129541673568136
India,IND,2010,.5221103286743164,.4789550018310547,.084980001449585,.0936999988555908,.6767500305175781,.0022403326630592,.915,.6767500305175781,IND,.1008580960870799,.0682557196048761,.0059721187232025,.0742278383280786,.2239708137512207,.0742278383280786,0,0,.0047100067138672,2012,.4797678756713867,2011,.4533467102050781,1,1,0,.0384173979096227,0,.0184002048861477,0,.0436206407783797,0,.0097697504114834,0,.0384173979096227,0,.0086043758720226
India,IND,2011,.5195646667480469,.4797678756713867,.0524100017547607,.0811600017547607,.6869899749755859,.0021164268255234,.8809999847412109,.6869899749755859,IND,.1034304529899277,.0710556843112639,.0053336910645179,.0763893753757819,.2252864074707031,.0763893753757819,0,0,-.0068099975585937,2013,.4818261337280274,2012,.4789550018310547,1,1,0,.040578934957326,0,.0194684694214837,0,.045782177826083,0,.0103141023686231,0,.040578934957326,0,.0091418824755233
India,IND,2012,.5185179138183593,.4818261337280274,.0545599985122681,.1003699970245361,.6814600372314453,.0020182479918003,.8809999847412109,.6814600372314453,IND,.1022326689058703,.0696674783588644,.0050711754432465,.0747386538021109,.2199738311767578,.0747386538021109,0,0,-.0050400543212891,2014,.4864834976196289,2013,.4797678756713867,1,1,0,.038928213383655,0,.0187566305475861,0,.044131456252412,0,.0097077655072525,0,.038928213383655,0,.0085631882388689
India,IND,2013,.515670166015625,.4864834976196289,.0638600015640259,.098100004196167,.6801799774169922,.0018823651969433,.905,.6801799774169922,IND,.1021613270298509,.0694880891120539,.0043569875365718,.0738450766486258,.2327056884765625,.0738450766486258,0,0,.0173699951171875,2015,.2864907646179199,2014,.4818261337280274,1,1,0,.0380346362301699,0,.0185032228639433,0,.0432378790989269,0,.0100617004239821,0,.0380346362301699,0,.0088508762098973
India,IND,2014,.514307975769043,.2864907646179199,.0740999984741211,.0593599987030029,.6764199829101563,.0019111682474613,.9180000305175782,.6764199829101563,IND,.1013983215348166,.0685878509196992,.0040153632537737,.0726032141734729,.2348583030700684,.0726032141734729,0,0,.0217300415039062,2016,.2900757217407227,2015,.4864834976196289,1,1,0,.036792773755017,0,.0105407898854889,0,.041996016623774,0,.0098631131999619,0,.036792773755017,0,.0086410884093442
India,IND,2015,.5180575942993164,.2900757217407227,.0799599981307983,.0488500022888184,.6975499725341797,.0019233827292919,1,.6975499725341797,IND,.105994837532614,.0739366960096397,.0049557317113995,.0788924277210392,.2277212905883789,.0788924277210392,0,0,.0102100372314453,2017,.3183631324768066,2016,.2864907646179199,1,1,0,.0430819873025833,0,.0124970385608215,0,.0482852301713403,0,.0109955749309746,0,.0430819873025833,0,.0098106857496564
India,IND,2016,.5074076843261719,.3183631324768066,.0825599956512451,.0451800012588501,.6981500244140625,.0018188087642193,1.050999984741211,.6981500244140625,IND,.1069754908344298,.0746849415377635,.0022848361697751,.0769697777075386,.2287648963928223,.0769697777075386,0,0,.0186799621582031,2018,.3337811660766601,2017,.2900757217407227,1,1,0,.0411593372890827,0,.0131036155500218,0,.0463625801578397,0,.0106061308463121,0,.0411593372890827,0,.0094158115305342
India,IND,2017,.4978567123413086,.3337811660766601,.0679500007629395,.0360599994659424,.707760009765625,.0019428381323814,1.004000015258789,.707760009765625,IND,.1099556321346843,.0778221992734296,-.0001104562370976,.077711743036332,.2324951934814453,.077711743036332,0,0,.0588899993896485,2019,.343001823425293,2018,.3183631324768066,1,1,0,.0419013026178761,0,.0139858656479257,0,.0471045454866331,0,.0109515804167703,0,.0419013026178761,0,.0097418514592677
India,IND,2018,.4912886047363281,.343001823425293,.064539999961853,.0338700008392334,.7168299865722656,.0017655752599239,.955999984741211,.7168299865722656,IND,.1125749812145165,.0806971222723749,-.001757674792305,.0789394474800699,.233959846496582,.0789394474800699,0,0,.1887899780273438,2020,.3589312744140625,2019,.3337811660766601,1,1,0,.043129007061614,0,.0147933280646559,0,.048332249930371,0,.011307805774544,0,.043129007061614,0,.0100904558716852
India,IND,2019,.4891550445556641,.3589312744140625,.0387100005149841,.0480600023269653,.7666500091552735,.0019735898077488,.9790000152587891,.7666500091552735,IND,.124279936622218,.0952792145492402,-.0022927512754577,.0929864632737826,.2450283813476563,.0929864632737826,0,0,.0904799652099609,2021,.3828433990478516,2020,.343001823425293,1,1,0,.0571760228553267,0,.02052226274939,0,.0623792657240837,0,.0152846905100276,0,.0571760228553267,0,.0140097483321373
India,IND,2020,.4886933135986328,.3828433990478516,-.0577799987792969,.0615399980545044,.9056199645996094,.0026674798130989,1.030999984741211,.9056199645996094,IND,.1564963318738657,.141726202531579,-.00240854898245,.139317653549129,.3088962936401367,.139317653549129,0,0,-.0596399688720703,2022,.3874897766113281,2021,.3589312744140625,1,1,0,.1035072131306731,0,.0396270533009173,0,.1087104559994301,0,.0335802569381531,0,.1035072131306731,0,.0319729945010846
India,IND,2021,.4858105850219727,.3874897766113281,.096899995803833,.0551200008392334,.8571299743652344,.0026306730508804,.91,.8571299743652344,IND,.1454958164156014,.1247088253945533,-.0031315097325906,.1215773156619627,.2536808586120605,.1215773156619627,0,0,-.0070299530029297,2023,.3948036575317383,2022,.3828433990478516,1,1,0,.0857668752435068,0,.0332337873287581,0,.0909701181122638,0,.0230773776707596,0,.0857668752435068,0,.0217574145522463
India,IND,2022,.4848225021362305,.3948036575317383,.0760900020599365,.0663399982452393,.845979995727539,.0021720889210701,.8140000152587891,.845979995727539,IND,.1429920179274012,.120968386715295,-.0033793114680925,.1175890752472025,.2526534080505371,.1175890752472025,0,0,,,.3937143707275391,2023,.3874897766113281,0,1,,,,,0,.0869818776975036,0,.0219762678389093,0,.0817786348287466,0,.0206616507952032
India,IND,2023,.4845973205566406,.3937143707275391,.0721000003814697,.0536999988555908,.8501000213623047,.0022420552372932,.875,.8501000213623047,IND,.1439638486593713,.1223836708207311,-.0034357848541117,.1189478859666195,.2485581588745117,.1189478859666195,0,0,,,,,.3948036575317383,0,0,,,,,,,,,,,,
Ireland,IRL,1995,.3371673583984375,.5144368743896485,.095930004119873,.0251799988746643,.7852200317382813,.0814004230499268,,.7852200317382813,IRL,.1405922116073494,.110395820860478,-.0404098090123584,.0699860118481196,.1241005802154541,.0699860118481196,0,0,-.1694400405883789,1997,.5179631423950195,1996,,0,0,,,,,,,,,,,,
Ireland,IRL,1996,.3377870941162109,.5179631423950195,.0909200000762939,.0216100001335144,.6983300018310546,.0709461688995361,,.6983300018310546,IRL,.1204229636248873,.0840949684086686,-.0402543852228841,.0438405831857845,.1042134380340576,.0438405831857845,0,0,-.1841899871826171,1998,.5222994995117187,1997,.5144368743896485,0,0,,,,,,,,,,,,
Ireland,IRL,1997,.3358826446533203,.5222994995117187,.1074699974060059,.0125300002098083,.6157799911499023,.0509410381317139,,.6157799911499023,IRL,.1014581876195278,.0624759218744379,-.0407320029297483,.0217439189446896,.0898147678375244,.0217439189446896,0,0,-.1500799942016601,1999,.5282943344116211,1998,.5179631423950195,0,0,,,,,,,,,,,,
Ireland,IRL,1998,.33496337890625,.5282943344116211,.0876500034332275,.021470000743866,.5141400146484375,.0672963857650757,,.5141400146484375,IRL,.0779950733631981,.0401003881614606,-.0409625459851929,-.0008621578237322,.0838666915893555,-.0008621578237322,0,0,-.1500200271606446,2000,.5324316787719726,1999,.5222994995117187,0,0,,,,,,,,,,,,
Ireland,IRL,1999,.3363545989990234,.5324316787719726,.1052999973297119,.0244799995422363,.4656999969482422,.0343567109107971,,.4656999969482422,IRL,.066668342205603,.0310474467616937,-.0406136412946765,-.0095661945329828,.0580385637283325,-.0095661945329828,0,0,-.1299200057983398,2001,.5370883941650391,2000,.5282943344116211,0,0,,,,,,,,,,,,
Ireland,IRL,2000,.3354246139526367,.5370883941650391,.0940499973297119,.052810001373291,.364119987487793,.0315897393226624,1.101933135986328,.364119987487793,IRL,.0432199611152057,.0157372517004916,-.0408468726478462,-.0251096209473546,.0454224634170532,-.0251096209473546,0,0,-.0552199935913086,2002,.5379903411865234,2001,.5324316787719726,1,1,.0609200613658105,0,.0327194579313988,0,.0557168184970535,0,.002530795149897,0,.0609200613658105,0,.0027671392587532,0
Ireland,IRL,2001,.3343279266357422,.5379903411865234,.0530600023269653,.0398900008201599,.3357799911499024,.0312585687637329,1.099345169067383,.3357799911499024,IRL,.0367442231097681,.012337974910608,-.0411219113357446,-.0287839364251366,.0323856091499329,-.0287839364251366,0,0,-.0374599838256836,2003,.5394630432128906,2002,.5370883941650391,1,1,.0645943768435925,0,.0347511508368152,0,.0593911339748355,0,.0019234180518803,0,.0645943768435925,0,.0020919282417401,0
Ireland,IRL,2002,.3322480773925781,.5394630432128906,.0590000009536743,.0469000005722046,.3088999938964844,.0286787867546082,1.092666854858398,.3088999938964844,IRL,.030684265941334,.0094783695619962,-.0416435176295842,-.032165148067588,.0347960448265076,-.032165148067588,0,0,-.027869987487793,2004,.5370474624633789,2003,.5379903411865234,1,1,.0679755884860439,0,.0366703178288684,0,.0627723456172869,0,.0021842293519641,0,.0679755884860439,0,.0023652816240686,0
Ireland,IRL,2003,.3324530792236328,.5370474624633789,.0301300001144409,.0402299976348877,.2983200073242188,.0211117267608643,1.082338180541992,.2983200073242188,IRL,.0282181606155913,.0084180418815192,-.0415921051314533,-.0331740632499341,.0330798816680908,-.0331740632499341,0,0,-.0377200126647949,2005,.5349951934814453,2004,.5394630432128906,1,1,.06898450366839,0,.0370479526444045,0,.063781260799633,0,.0021098765598935,0,.06898450366839,0,.0022819992182823,0
Ireland,IRL,2004,.3332094192504883,.5349951934814453,.0678800010681152,.0229299998283386,.2810300064086914,.0138465070724487,1.047800903320312,.2810300064086914,IRL,.0241547089327084,.0067881980061591,-.0414024222880514,-.0346142242818923,.0281946063041687,-.0346142242818923,0,0,-.0445000076293945,2006,.5454580688476562,2005,.5370474624633789,1,1,.0704246647003482,0,.0376768571172287,0,.0652214218315912,0,.0018388923111398,0,.0704246647003482,0,.0019855956953294,0
Ireland,IRL,2005,.3306401443481445,.5454580688476562,.0573999977111816,.021800000667572,.2605999946594239,.0039130809903145,1.13,.2605999946594239,IRL,.0196269926094816,.0051147941692115,-.0420467718552479,-.0369319776860364,.0248323321342468,-.0369319776860364,0,0,-.0211199951171875,2007,.5997607421875,2006,.5349951934814453,1,1,.0727424181044923,0,.0396779389025852,0,.0675391752357353,0,.0016771552315269,0,.0727424181044923,0,.001806363886619,0
Ireland,IRL,2006,.3279124450683594,.5997607421875,.0498799991607666,.0268899989128113,.2365299987792969,.0035681492090225,1.129000015258789,.2365299987792969,IRL,.0142689219547709,.0033750280925439,-.0427308527407804,-.0393558246482366,.020309317111969,-.0393558246482366,0,0,.1886100006103515,2008,.6106244277954102,2007,.5454580688476562,1,1,.0751662650666925,0,.0450817749238618,0,.0699630221979355,0,.0014209012039296,0,.0751662650666925,0,.0015265755133618,0
Ireland,IRL,2007,.3229889297485352,.6106244277954102,.0530999994277954,.0288100004196167,.2394799995422363,.0037693503499031,1.106999969482422,.2394799995422363,IRL,.0153411497646185,.0036738985386082,-.0439656232834421,-.0402917247448339,.0172941958904266,-.0402917247448339,0,0,.378169994354248,2009,.6097007369995118,2008,.5997607421875,1,1,.0761021651632898,0,.0464698410568256,0,.0708989222945328,0,.0012261398505818,0,.0761021651632898,0,.0013161257520195,0
Ireland,IRL,2008,.3236654281616211,.6097007369995118,-.0448400020599365,.0312899994850159,.4251399993896484,.004430225789547,1.09,.4251399993896484,IRL,.0582791395458444,.0247767933509495,-.0437959639529892,-.0190191706020397,.0201581382751465,-.0190191706020397,0,0,.4371800231933594,2010,.6045339965820312,2009,.6106244277954102,1,1,.0548296110204956,0,.0334296542485927,0,.0496263681517386,0,.0010003751912961,0,.0548296110204956,0,.0011052628805236,0
Ireland,IRL,2009,.3236386108398437,.6045339965820312,-.0509600019454956,-.0169200003147125,.6176499938964843,.0096631366014481,1.13,.6176499938964843,IRL,.1028589009422098,.063530799539155,-.0438026894807499,.019728110058405,.0437259483337402,.019728110058405,0,0,.4782499694824218,2011,.5989726257324218,2010,.6097007369995118,1,1,.0160823303600509,0,.0097223154469141,0,.0108790874912939,0,.0004756984175626,0,.0160823303600509,0,.0007032151464097,0
Ireland,IRL,2010,.3201751327514649,.5989726257324218,.0168299996852875,-.0160199999809265,.8623200225830078,.0093404561281204,1.121999969482422,.8623200225830078,IRL,.1597884604452853,.1377887888196825,-.0446712966528379,.0931174921668445,.0668556785583496,.0931174921668445,0,0,.3267900085449219,2012,.594577522277832,2011,.6045339965820312,1,1,0,.0573070517483886,0,.0343253552587161,0,.0625102946171456,0,.0041791681635116,0,.0573070517483886,0,.003831301830817
Ireland,IRL,2011,.3182571792602539,.594577522277832,.0160899996757507,.0118499994277954,1.095899963378906,.0073701953887939,1.043000030517578,1.095899963378906,IRL,.2140278485845392,.2345531114258626,-.045152301040822,.1894008103850405,.0726717185974121,.1894008103850405,0,0,.080850067138672,2013,.5856418609619141,2012,.5989726257324218,1,1,0,.1535903699665846,0,.0913213816204674,0,.1587936128353416,0,.0115398047470364,0,.1535903699665846,0,.0111616761454841
Ireland,IRL,2012,.3222147750854492,.5856418609619141,-.0040500000119209,.0190400004386902,1.18911003112793,.0074557548761368,1.019000015258789,1.18911003112793,IRL,.2352988005206041,.27979616401142,-.0441597738671914,.2356363901442285,.095100269317627,.2356363901442285,0,0,-.1752400207519531,2014,.6016986846923829,2013,.594577522277832,1,1,0,.1998259497257726,0,.1170264410658834,0,.2050291925945296,0,.0194983314337154,0,.1998259497257726,0,.0190035016355716
Ireland,IRL,2013,.3215867233276367,.6016986846923829,.0219300007820129,.0053600001335144,1.176750030517578,.0069899243116379,.9769999694824218,1.176750030517578,IRL,.2324863544634891,.2735783247098313,-.0443172832399543,.2292610414698771,.1035571670532227,.2292610414698771,0,0,-.4364400482177735,2015,.6238945388793945,2014,.5856418609619141,1,1,0,.1934506010514211,0,.116398972205591,0,.1986538439201782,0,.0205720293006067,0,.1934506010514211,0,.0200331962096283
Ireland,IRL,2014,.3173736763000488,.6238945388793945,.0938599967956543,.0030099999904633,1.013870010375977,.0068332624435425,.9640000152587891,1.013870010375977,IRL,.1951028077029125,.1978088856701341,-.0453738751314364,.1524350105386977,.0987134838104248,.1524350105386977,0,0,-.287040023803711,2016,.6322943878173828,2015,.6016986846923829,1,1,0,.1166245701202418,0,.0727614323971759,0,.1218278129889988,0,.012026047845149,0,.1166245701202418,0,.0115124176144622
Ireland,IRL,2015,.3172701644897461,.6322943878173828,.246240005493164,-.000379999987781,.7403099822998047,.0069053333997726,1,.7403099822998047,IRL,.1317653893536624,.0975472330601367,-.045399834903241,.0521473981568957,.0880177783966064,.0521473981568957,0,0,-.0880899810791016,2017,.6098842620849609,2016,.6238945388793945,1,1,0,.0163369577384398,0,.0103297666920252,0,.0215402006071968,0,.0018959206036627,0,.0163369577384398,0,.0014379427258967
Ireland,IRL,2016,.3137601089477539,.6098842620849609,.0122300004959106,-.0021299999952316,.7268299865722656,.0111141359806061,1.015,.7268299865722656,IRL,.1289213734127028,.0937039201064328,-.0462801232551239,.0474237968513088,.0815578937530518,.0474237968513088,0,0,-.1134499740600585,2018,.6052163696289062,2017,.6322943878173828,1,1,0,.0116133564328529,0,.0070828033183802,0,.0168165993016099,0,.0013715264191283,0,.0116133564328529,0,.0009471608900669
Ireland,IRL,2017,.3128697204589844,.6052163696289062,.1010900020599365,.0025600001215935,.6522200012207031,.0124086511135101,.975,.6522200012207031,IRL,.1117150454947489,.072862787108956,-.0465034241704336,.0263593629385225,.0748538970947266,.0263593629385225,0,0,-.0943199920654296,2019,.606895980834961,2018,.6098842620849609,1,1,.0094510774799334,0,.0057199468014868,0,.0042478346111764,0,.0003179669748604,0,.0094510774799334,0,.0007074499811172,0
Ireland,IRL,2018,.3175332260131836,.606895980834961,.0768800020217895,.0074000000953674,.6133800125122071,.0136383819580078,.9230000305175782,.6133800125122071,IRL,.1023526765501525,.0627810860229904,-.0453338615896737,.0174472244333167,.0617626905441284,.0174472244333167,0,0,-.0444100189208985,2020,.591507568359375,2019,.6052163696289062,1,1,.0183632159851392,0,.0111445619765853,0,.0131599731163822,0,.0008127953471562,0,.0183632159851392,0,.0011341616262851,0
Ireland,IRL,2019,.3135784721374512,.591507568359375,.0497300004959106,.008759999871254,.5579000091552735,.0142606568336487,.9030000305175782,.5579000091552735,IRL,.0898182791209271,.0501096187438761,-.0463256760295658,.0037839427143103,.0510422658920288,.0037839427143103,0,0,-.0334600067138673,2021,.5920038986206054,2020,.606895980834961,1,1,.0320264977041456,0,.0189439157800463,0,.0268232548353886,0,.0013691197053976,0,.0320264977041456,0,.0016347050114054,0
Ireland,IRL,2020,.3101036262512207,.5920038986206054,.0715399980545044,-.0047600001096725,.5689699935913086,.017326101064682,.8580000305175781,.5689699935913086,IRL,.0926562773441213,.0527186415266792,-.0471971341366078,.0055215073900714,.0453858470916748,.0055215073900714,0,0,-.1395399856567383,2022,.5962212371826172,2021,.591507568359375,1,1,.0302889330283845,0,.0179311664378621,0,.0250856901596275,0,.001138535297774,0,.0302889330283845,0,.0013746888829962,0
Ireland,IRL,2021,.3146815490722656,.5962212371826172,.1625799942016602,.0242400002479553,.5244400024414062,.0264532017707825,.7759999847412109,.5244400024414062,IRL,.0819830945662697,.0429952143144885,-.0460490348866177,-.0030538205721292,.0329358839988708,-.0030538205721292,0,0,-.1069300079345702,2023,.5986680603027343,2022,.5920038986206054,1,1,.0388642609905851,0,.0231716977699948,0,.0336610181218281,0,.0011086553881444,0,.0388642609905851,0,.0012800287916878,0
Ireland,IRL,2022,.3153812980651856,.5986680603027343,.0751100015640259,.0806999969482422,.4294300079345703,.0242191696166992,.710999984741211,.4294300079345703,IRL,.0599272626466687,.025734564873856,-.0458735445331632,-.0201389796593072,.0271059966087341,-.0201389796593072,0,0,,,.6005150985717773,2023,.5962212371826172,0,1,,,,,.0507461772090061,0,.0013755257073335,0,.0559494200777631,0,.0015165647908885,0
Ireland,IRL,2023,.3155772590637207,.6005150985717773,-.0253600001335144,.0519000005722046,.417509994506836,.0245932555198669,.675,.417509994506836,IRL,.0571515750435835,.0238613537825036,-.0458243993893414,-.0219630456068378,.0182712280750275,-.0219630456068378,0,0,,,,,.5986680603027343,0,0,,,,,,,,,,,,
Iceland,ISL,1995,.3483221054077149,.564562759399414,.001169999986887,.0165499997138977,.5610900115966797,.0002188007906079,,.5610900115966797,ISL,.0878110275213008,.049269890450243,-.0376123051714663,.0116575852787767,.0648500680923462,.0116575852787767,0,0,-.0505400085449219,1997,.561669921875,1996,,0,0,,,,,,,,,,,,
Iceland,ISL,1996,.3474803161621094,.561669921875,.044980001449585,.0225200009346008,.5369100189208984,.0003020614571869,,.5369100189208984,ISL,.0822784349406328,.0441761160607571,-.0378234178615026,.0063526981992545,.0564577007293701,.0063526981992545,0,0,-.1042000198364257,1998,.5777142715454101,1997,.564562759399414,0,0,,,,,,,,,,,,
Iceland,ISL,1997,.3460844802856445,.5777142715454101,.0414099979400635,.017960000038147,.5105500030517578,.0002445998415351,,.5105500030517578,ISL,.0762848244096518,.0389472173351505,-.038173480146413,.0007737371887375,.0535890960693359,.0007737371887375,0,0,.2448200225830078,1999,.6122592926025391,1998,.561669921875,0,0,,,,,,,,,,,,
Iceland,ISL,1998,.344682502746582,.6122592926025391,.0701000022888184,.0170299994945526,.4327099990844727,.0002542106062174,,.4327099990844727,ISL,.0583709858576226,.0252577092370117,-.0385250827015503,-.0132673734645387,.0631679534912109,-.0132673734645387,0,0,.3157600021362305,2000,.6147689819335938,1999,.5777142715454101,0,0,,,,,,,,,,,,
Iceland,ISL,1999,.3430157852172852,.6147689819335938,.0389800000190735,.0322000002861023,.7553700256347656,.0002735115773976,,.7553700256347656,ISL,.1332179152316178,.1006288200435172,-.038943079513671,.0616857405298462,.0412205791473389,.0616857405298462,0,0,.0695899963378906,2001,.6477059173583984,2000,.6122592926025391,0,0,,,,,,,,,,,,
Iceland,ISL,2000,.3411940002441406,.6477059173583984,.0490500020980835,.0511999988555908,.7484700012207032,.0002135000377893,1.135475616455078,.7484700012207032,ISL,.1317641275802988,.0986214967308711,-.0393999657572955,.0592215309735756,.0318081450462341,.0592215309735756,0,0,.0645999908447266,2002,.64675048828125,2001,.6147689819335938,1,1,0,.0234110905551197,0,.0151635018843643,0,.0286143334238767,0,.000910168867948,0,.0234110905551197,0,.0007446633640678
Iceland,ISL,2001,.3403375625610351,.64675048828125,.0384100008010864,.0639599990844727,.8249600219726563,.0001803777553141,1.163352813720703,.8249600219726563,ISL,.1495438554603613,.1233677022864554,-.0396147521353263,.083752950151129,.0215687108039856,.083752950151129,0,0,.0157599639892578,2003,.6721984100341797,2002,.6477059173583984,1,1,0,.0479425097326731,0,.0310068415790349,0,.0531457526014301,0,.0011462853683204,0,.0479425097326731,0,.0010340581276413
Iceland,ISL,2002,.3402469635009766,.6721984100341797,.0054199999570847,.0517700004577637,.8130699920654297,.0002329958043993,1.174973602294922,.8130699920654297,ISL,.1467977588391103,.1193568526145382,-.0396374735128963,.079719379101642,.0215008521080017,.079719379101642,0,0,-.0124800109863282,2004,.6761859130859375,2003,.64675048828125,1,1,0,.0439089386831861,0,.029515518769126,0,.0491121815519431,0,.0010559537522497,0,.0439089386831861,0,.0009440795968465
Iceland,ISL,2003,.3379075241088867,.6761859130859375,.0228099989891052,.0206200003623962,.8407199859619141,.0004040589556098,1.091196823120117,.8407199859619141,ISL,.1533852906888934,.1289540794347306,-.0402241825327837,.0887298969019468,.024383749961853,.0887298969019468,0,0,-.1632099914550782,2005,.6834093475341797,2004,.6721984100341797,1,1,0,.0529194564834909,0,.0357833910023008,0,.0581226993522479,0,.0014172493681132,0,.0529194564834909,0,.0012903747950106
Iceland,ISL,2004,.3381053924560547,.6834093475341797,.076230001449585,.0315199995040894,.8005899810791015,.0004926431924105,1.062773895263672,.8005899810791015,ISL,.1440771426764124,.11534671692924,-.040174559044171,.0751721578850691,.021842315196991,.0751721578850691,0,0,-.1023300170898437,2006,.6877738189697266,2005,.6761859130859375,1,1,0,.0393617174666132,0,.0269001656516828,0,.0445649603353702,0,.0009734019103866,0,.0393617174666132,0,.0008597510396007
Iceland,ISL,2005,.3354410171508789,.6877738189697266,.0702899980545044,.04,.6775099945068359,.0004578880593181,1.055,.6775099945068359,ISL,.1157872996401202,.0784470527431392,-.040842758882644,.0376042938604952,.008761231303215,.0376042938604952,0,0,-.0030500030517577,2007,.7097726440429688,2006,.6834093475341797,1,1,0,.0017938534420393,0,.0012337654325033,0,.0069970963107963,0,.0000613031792298,0,.0017938534420393,0,.0000157163649298
Iceland,ISL,2006,.3324003219604492,.7097726440429688,.0567199993133545,.0667399978637695,.6982599639892578,.0009497589617968,1.125999984741211,.6982599639892578,ISL,.1208324839128773,.0843724858657383,-.0416053361483709,.0427671497173674,-.0138897097110748,.0427671497173674,0,0,.3948300170898437,2008,.7375817108154297,2007,.6877738189697266,1,1,0,.0069567092989115,0,.0049376819529267,0,.0121599521676685,0,-.0001688982057095,0,.0069567092989115,0,-.0000966266727062
Iceland,ISL,2007,.3305578231811523,.7375817108154297,.0874100017547607,.0506599998474121,.6744599914550782,.0009814351052046,1.114000015258789,.6744599914550782,ISL,.1154669789483993,.0778778576348811,-.0420674172164251,.0358104404184559,-.0150696218013763,.0358104404184559,0,0,.6076100158691407,2009,.7222234344482422,2008,.7097726440429688,1,1,0,3.46944695195e-17,0,2.55900061841e-17,0,.005203242868757,0,-.0000784109021729,0,3.46944695195e-17,0,-5.22832534259e-19
Iceland,ISL,2008,.3290128326416016,.7222234344482422,.0170000004768372,.1268000030517578,1.093089981079101,.0013092535734177,.9980000305175781,1.093089981079101,ISL,.2125271061513072,.2323112504417286,-.0424548860639876,.189856364377741,-.0257923626899719,.189856364377741,0,0,.2219200897216798,2010,.7279548645019531,2009,.7375817108154297,1,1,0,.1540459239592851,0,.1112555762646276,0,.1592491668280421,0,-.0041074122689047,0,.1540459239592851,0,-.0039732083416697
Iceland,ISL,2009,.3296015167236328,.7279548645019531,-.0832100009918213,.1200599956512451,1.282070007324219,.0015528455376625,.9159999847412109,1.282070007324219,ISL,.2562408220405972,.3285186725903523,-.0423072497277099,.2862114228626424,.0546723461151123,.2862114228626424,0,0,.0842199707031248,2011,.7283107757568359,2010,.7222234344482422,1,1,0,.2504009824441865,0,.1822806132463137,0,.2556042253129435,0,.0139744826747944,0,.2504009824441865,0,.0136900091797527
Iceland,ISL,2010,.3268597412109375,.7283107757568359,-.0222199988365173,.0539400005340576,1.315010070800781,.0023677282035351,.990999984741211,1.315010070800781,ISL,.2640851214016158,.3472745941917718,-.0429948607977996,.3042797333939722,.0558727550506592,.3042797333939722,0,0,.0070098876953124,2012,.7260957336425782,2011,.7279548645019531,1,1,0,.2684692929755163,0,.1955290790338875,0,.2736725358442733,0,.0152908385593198,0,.2684692929755163,0,.0150001190450447
Iceland,ISL,2011,.3254936599731446,.7260957336425782,.0137999999523163,.0399000000953674,1.366289978027344,.003448857665062,.9640000152587891,1.366289978027344,ISL,.2760674709601278,.3771882188321774,-.0433374609039712,.3338507579282062,.0504554510116577,.3338507579282062,0,0,-.1556399536132811,2013,.7090245056152343,2012,.7283107757568359,1,1,0,.2980403175097503,0,.2164058029973091,0,.3032435603785073,0,.0153002906052784,0,.2980403175097503,0,.0150377586396121
Iceland,ISL,2012,.325069694519043,.7090245056152343,.011690000295639,.0519500017166138,1.322019958496094,.0016715912520885,.909000015258789,1.322019958496094,ISL,.2658498065877317,.3514587502713075,-.0434437873841028,.3080149628872047,.0636261749267578,.3080149628872047,0,0,-.1808099365234375,2014,.7098062133789063,2013,.7260957336425782,1,1,0,.2722045224687488,0,.1929996769696356,0,.2774077653375058,0,.0176503950034051,0,.2722045224687488,0,.0173193325624512
Iceland,ISL,2013,.3245235443115234,.7098062133789063,.0359699988365173,.0388499999046326,1.210650024414063,.0016313174366951,.865999984741211,1.210650024414063,ISL,.2401041331385165,.2906820746460624,-.0435807566315424,.24710131801452,.0684919261932373,.24710131801452,0,0,-.2475000000000001,2015,.750337142944336,2014,.7090245056152343,1,1,0,.211290877596064,0,.1499755777479682,0,.2164941204648211,0,.0148280993201464,0,.211290877596064,0,.014471719193614
Iceland,ISL,2014,.3247174453735351,.750337142944336,.0191400003433228,.0203500008583069,1.141210021972656,.0015777981281281,.9030000305175782,1.141210021972656,ISL,.2240092714416006,.2556416255839477,-.0435321281000948,.2121094974838529,.0741264820098877,.2121094974838529,0,0,-.3278600311279296,2016,.7288085174560547,2015,.7098062133789063,1,1,0,.176299057065397,0,.1322837307822304,0,.181502299934154,0,.0134541269708223,0,.176299057065397,0,.0130684288819183
Iceland,ISL,2015,.3265207290649414,.7288085174560547,.0376900005340576,.0163100004196167,.9631500244140625,.0018348225951195,1,.9631500244140625,ISL,.1826351521299528,.17590505123283,-.0430798818009424,.1328251694318876,.08198899269104,.1328251694318876,0,0,-.2552300262451171,2017,.7116827392578124,2016,.750337142944336,1,1,0,.0970147290134317,0,.0707051608236801,0,.1022179718821887,0,.0083807485495417,0,.0970147290134317,0,.0079541399080055
Iceland,ISL,2016,.3291247177124024,.7116827392578124,.0621799993515015,.01692999958992,.8133499908447266,.0024762289226055,.980999984741211,.8133499908447266,ISL,.1477416311975812,.1201656543819376,-.0424268263585507,.0777388280233869,.0475531625747681,.0777388280233869,0,0,-.1907600021362305,2018,.7108174896240235,2017,.7288085174560547,1,1,0,.041928387604931,0,.0298397097433406,0,.047131630473688,0,.0022412580863292,0,.041928387604931,0,.0019938274322752
Iceland,ISL,2017,.3275776672363281,.7108174896240235,.0348499989509582,.0176800000667572,.7079199981689454,.0021744550764561,.970999984741211,.7079199981689454,ISL,.1234505166039044,.0873930894881914,-.0428148118184873,.044578277669704,.0659155416488647,.044578277669704,0,0,-.050739974975586,2019,.7299321746826172,2018,.7116827392578124,1,1,0,.0087678372512481,0,.0062323320643642,0,.0139710801200051,0,.0009209113135298,0,.0087678372512481,0,.0005779367415051
Iceland,ISL,2018,.3266650390625,.7299321746826172,.0466099977493286,.0267700004577637,.6225899887084961,.0020001123845577,.9390000152587891,.6225899887084961,ISL,.1037636160587894,.0646021885503945,-.0430436902340594,.0215584983163351,.0484212446212769,.0215584983163351,0,0,.1382899856567382,2020,.7172198486328125,2019,.7108174896240235,1,1,.0142519421021208,0,.0104029510920518,0,.0090486992333638,0,.0004381492790831,0,.0142519421021208,0,.0006900967748551,0
Iceland,ISL,2019,.3247609329223633,.7172198486328125,.0113800001144409,.0300600004196167,.6571800231933593,.0021218830347061,.9480000305175781,.6571800231933593,ISL,.1119237785646248,.0735540713929886,-.0435212218388612,.0300328495541273,.0507915878295898,.0300328495541273,0,0,.078709945678711,2021,.7086127471923828,2020,.7299321746826172,1,1,.0057775908643286,0,.0041438028451761,0,.0005743479955716,0,.0000291720466618,0,.0057775908643286,0,.000293453013829,0
Iceland,ISL,2020,.322874526977539,.7086127471923828,-.0664599990844727,.0284800004959106,.7608799743652344,.0021512642502785,.9319999694824219,.7608799743652344,ISL,.1360856443646888,.1035448415956808,-.0439943144040031,.0595505271916777,.0513325786590576,.0595505271916777,0,0,-.0965699768066406,2022,.7053463745117188,2021,.7172198486328125,1,1,0,.0237400867732218,0,.0168225281069583,0,.0289433296419788,0,.0014857357455019,0,.0237400867732218,0,.0012186398716593
Iceland,ISL,2021,.3226933670043945,.7053463745117188,.0518100023269653,.0445800018310547,.7358899688720704,.0022554455697536,.99,.7358899688720704,ISL,.1303132729125249,.0958962303472156,-.0440397475922472,.0518564827549684,.0530571126937866,.0518564827549684,0,0,-.1206999588012696,2023,.6947447204589844,2022,.7086127471923828,1,1,0,.0160460423365125,0,.0113180177873206,0,.0212492852052695,0,.0011274257197984,0,.0160460423365125,0,.0008513566765376
Iceland,ISL,2022,.3219317626953125,.6947447204589844,.0885700035095215,.0830700016021729,.6643099975585938,.0017232039570808,1,.6643099975585938,ISL,.1137983971479558,.0755974129315304,-.0442307506672721,.0313666622642583,.0778515243530273,.0313666622642583,0,0,,,.6934994506835938,2023,.7053463745117188,0,1,,,,,0,.0007594647145594,0,.0000591254857208,.0044437781541976,0,.000345954903191,0
Iceland,ISL,2023,.322260856628418,.6934994506835938,.0503200006484985,.0873999977111816,.6151900100708008,.0016187104582787,.9240000152587891,.6151900100708008,ISL,.1023981561895165,.0629943227374601,-.0441482170570422,.0188461056804179,.0734460639953613,.0188461056804179,0,0,,,,,.6947447204589844,0,0,,,,,,,,,,,,
Israel,ISR,1995,.3285745239257812,.5160477066040039,.096540002822876,.1004300022125244,,.0138972783088684,,,ISR,,,-.0425648096969471,,,,,,,,.5187273025512695,1996,,0,0,,,,,,,,,,,,
Israel,ISR,1996,.3277987289428711,.5187273025512695,.0584100008010864,.1127700042724609,,.0184570646286011,,,ISR,,,-.0427593716572166,,,,,,,,.5174017333984375,1997,.5160477066040039,0,0,,,,,,,,,,,,
Israel,ISR,1997,.3301698684692383,.5174017333984375,.0360999989509583,.0900100040435791,,.0317257952690125,,,ISR,,,-.0421647125469036,,,,,,,,.5159259033203125,1998,.5187273025512695,0,0,,,,,,,,,,,,
Israel,ISR,1998,.3298926544189453,.5159259033203125,.0410200023651123,.0543499994277954,,.0339823722839355,,,ISR,,,-.0422342351788198,,,,,,,,.5176985931396484,1999,.5174017333984375,0,0,,,,,,,,,,,,
Israel,ISR,1999,.3277177047729492,.5176985931396484,.0328800010681152,.0519399976730347,,.0327999424934387,,,ISR,,,-.042779691743936,,,,,,,,.5199066543579102,2000,.5159259033203125,0,0,,,,,,,,,,,,
Israel,ISR,2000,.3257609558105469,.5199066543579102,.0859099960327148,.01125,.7720600128173828,.0311086368560791,.8932519531250001,.7720600128173828,ISR,.1384463695954299,.1068889058843678,-.043270425664968,.0636184802193998,.0984580039978027,.0636184802193998,0,0,.1000699615478516,2002,.511535758972168,2001,.5176985931396484,1,1,0,.0278080398009439,0,.0144575849371603,0,.0330112826697009,0,.003250225001066,0,.0278080398009439,0,.0027379240938924
Israel,ISR,2001,.3241885375976563,.511535758972168,.0027099999785423,.0111600005626678,.8110700225830079,.0311543726921082,.8824628448486328,.8110700225830079,ISR,.14760380758026,.1197170235474594,-.0436647731106242,.0760522504368352,.1094441032409668,.0760522504368352,0,0,.0861699676513671,2003,.5075563812255859,2002,.5199066543579102,1,1,0,.0402418100183793,0,.0205851248301654,0,.0454450528871363,0,.0049736930599709,0,.0402418100183793,0,.0044042288102549
Israel,ISR,2002,.3236014938354492,.5075563812255859,-.0015299999713898,.0568699979782104,.8721299743652344,.0321420454978943,.8734526824951172,.8721299743652344,ISR,.1617892551938385,.1411012589847728,-.0438119980703817,.0972892609143911,.1784328842163086,.0972892609143911,0,0,.0111900329589844,2004,.5079414367675781,2003,.511535758972168,1,1,0,.0614788204959352,0,.0312039676529342,0,.0666820633646922,0,.0118982728916567,0,.0614788204959352,0,.0109698432593064
Israel,ISR,2003,.3216900253295898,.5079414367675781,.0143499994277954,.006700000166893,.897239990234375,.0346245360374451,.8609380340576172,.897239990234375,ISR,.1677548051078481,.1505163196967351,-.0442913760860766,.1062249436106585,.0987938690185547,.1062249436106585,0,0,-.044939956665039,2005,.5096517944335938,2004,.5075563812255859,1,1,0,.0704145031922025,0,.0357664439207226,0,.0756177460609596,0,.0074705696998248,0,.0704145031922025,0,.0069565212053771
Israel,ISR,2004,.3202936553955078,.5096517944335938,.0465000009536743,-.0041400000452995,.8833200073242188,.034065728187561,.8438539123535156,.8833200073242188,ISR,.1646418526002865,.145431442444758,-.0446415723075285,.1007898701372295,.1159449577331543,.1007898701372295,0,0,-.106780014038086,2006,.4993715667724609,2005,.5079414367675781,1,1,0,.0649794297187736,0,.0331168829574445,0,.0701826725875306,0,.008137327006761,0,.0649794297187736,0,.0075340372322677
Israel,ISR,2005,.3195873641967774,.4993715667724609,.0435300016403198,.013289999961853,.8523000335693359,.0338075423240662,.85,.8523000335693359,ISR,.1575146840653331,.1342497705165468,-.044818703383616,.0894310671329308,.119520206451416,.0894310671329308,0,0,-.1444499969482421,2007,.5217909622192383,2006,.5096517944335938,1,1,0,.0536206267144749,0,.0267766163737286,0,.0588238695832319,0,.007030641036859,0,.0536206267144749,0,.0064087483749683
Israel,ISR,2006,.3174155616760254,.5217909622192383,.0559100008010864,.0210700011253357,.7765399932861328,.0332655215263367,.835999984741211,.7765399932861328,ISR,.1401433245653982,.1088268963171106,-.0453633706798272,.0634635256372835,.1004448413848877,.0634635256372835,0,0,-.0741500091552734,2008,.5360212326049805,2007,.4993715667724609,1,1,0,.0276530852188276,0,.0144291299446626,0,.0328563280875846,0,.0033002486632473,0,.0276530852188276,0,.0027776097586079
Israel,ISR,2007,.317925796508789,.5360212326049805,.0631300020217895,.0051599997282028,.7078500366210938,.0306089425086975,.8190000152587891,.7078500366210938,ISR,.124197142446239,.0879129518288055,-.0452354086648011,.0426775431640044,.1017324161529541,.0426775431640044,0,0,.0178099822998047,2009,.5404439926147461,2008,.5217909622192383,1,1,0,.0068671027455485,0,.003680912878094,0,.0120703456143055,0,.0012279454231445,0,.0068671027455485,0,.0006986069542752
Israel,ISR,2008,.3139380836486816,.5404439926147461,.0321600008010864,.045939998626709,.7023899841308594,.0442078161239624,.830999984741211,.7023899841308594,ISR,.12324797688885,.0865681445311199,-.0462354889026807,.0403326556284391,.123150749206543,.0403326556284391,0,0,-.0121099853515625,2010,.5231700515747071,2009,.5360212326049805,1,1,0,.0045222152099832,0,.0024440040435465,0,.0097254580787402,0,.0011976974487737,0,.0045222152099832,0,.0005569141911827
Israel,ISR,2009,.3168291854858398,.5231700515747071,.0122000002861023,.0331699991226196,.7256600189208985,.0622675466537476,.909000015258789,.7256600189208985,ISR,.128407894077842,.0931804748461195,-.0455104282189078,.0476700466272117,.1251758480072022,.0476700466272117,0,0,-.0538000488281251,2011,.5333978652954101,2010,.5404439926147461,1,1,0,.0118596062087558,0,.0062045907918905,0,.0170628490775128,0,.0021358566026966,0,.0118596062087558,0,.0014845362642125
Israel,ISR,2010,.3160124015808106,.5333978652954101,.0554500007629395,.0269400000572205,.6902799987792969,.0690179443359375,.8780000305175781,.6902799987792969,ISR,.1202798452595728,.0830267714389519,-.0457152698087348,.0373115016302171,.0961329936981201,.0373115016302171,0,0,-.0213400268554688,2012,.5328213119506836,2011,.5231700515747071,1,1,0,.0015010612117612,0,.0008006628460312,0,.0067043040805182,0,.0006445048219227,0,.0015010612117612,0,.0001443015080107
Israel,ISR,2011,.3102099990844727,.5328213119506836,.0551300001144409,.0345000004768372,.6718599700927734,.0690709733963013,.8169999694824219,.6718599700927734,ISR,.1164730879747496,.0782536054033282,-.0471704568476168,.0310831485557115,.0961099052429199,.0310831485557115,0,0,-.0115999603271484,2013,.5307975387573243,2012,.5333978652954101,1,1,.0047272918627444,0,.0025188018522813,0,0,.0004759510060126,0,.0000457436060881,.0047272918627444,0,.000454339572984,0
Israel,ISR,2012,.3159162521362305,.5307975387573243,.0241000008583069,.0170799994468689,.6689399719238281,.0683762502670288,.8730000305175781,.6689399719238281,ISR,.1153459446599607,.0771595129823616,-.0457393831696464,.0314201298127151,.0865590000152588,.0314201298127151,0,0,-.011259994506836,2014,.5272047042846679,2013,.5328213119506836,1,1,.0043903106057408,0,.0023303660639074,0,0,.0008129322630162,0,.0000703666037668,.0043903106057408,0,.0003800208957893,0
Israel,ISR,2013,.3121557998657227,.5272047042846679,.0409000015258789,.0152600002288818,.660260009765625,.0707762718200684,.899000015258789,.660260009765625,ISR,.1136332150403444,.0750274676722372,-.0466824686256848,.0283449990465523,.0841097927093506,.0283449990465523,0,0,-.0317800140380859,2015,.5386479949951172,2014,.5307975387573243,1,1,.0074654413719036,0,.0039358158108289,0,.0022621985031466,0,.0001902730471671,0,.0074654413719036,0,.0006279167262746,0
Israel,ISR,2014,.3092030906677246,.5386479949951172,.0371799993515015,.0047600001096725,.6576799774169921,.0718399477005005,.9059999847412109,.6576799774169921,ISR,.1132691468590769,.0744948499483197,-.0474229798462053,.0270718701021144,.0572349405288696,.0270718701021144,0,0,-.0403899765014648,2016,.5423826599121093,2015,.5272047042846679,1,1,.0087385703163415,0,.0047070133800212,0,.0035353274475845,0,.0002023442562126,0,.0087385703163415,0,.0005001515523632,0
Israel,ISR,2015,.3082981491088867,.5423826599121093,.0223600006103516,-.0063200002908707,.6284799957275391,.0739198446273804,1,.6284799957275391,ISR,.1065791160842296,.0669828424212615,-.0476499305322698,.0193329118889917,.0478822898864746,.0193329118889917,0,0,-.0302299880981446,2017,.5296027374267578,2016,.5386479949951172,1,1,.0164775285294642,0,.0089371257525885,0,.0112742856607072,0,.0005398386142689,0,.0164775285294642,0,.0007889817976605,0
Israel,ISR,2016,.3041062927246094,.5296027374267578,.0453599977493286,-.005450000166893,.6172900009155273,.0745154857635498,1.016999969482422,.6172900009155273,ISR,.1043192585451439,.064395235202839,-.0487012080131245,.0156940271897145,.05143394947052,.0156940271897145,0,0,-.0165299987792968,2018,.5263799667358399,2017,.5423826599121093,1,1,.0201164132287414,0,.0106537075131493,0,.0149131703599844,0,.0007670432507407,0,.0201164132287414,0,.0010346665815352,0
Israel,ISR,2017,.3084563255310059,.5263799667358399,.043439998626709,.002419999986887,.5982500076293945,.0845541095733643,.9359999847412109,.5982500076293945,ISR,.0995665543895419,.059565691923176,-.0476102613987566,.0119554305244193,.0516194868087769,.0119554305244193,0,0,-.0052199935913085,2019,.524105453491211,2018,.5296027374267578,1,1,.0238550098940366,0,.0125567993145061,0,.0186517670252796,0,.0009627946419218,0,.0238550098940366,0,.0012313833685485,0
Israel,ISR,2018,.3063933372497559,.524105453491211,.0405299997329712,.0080699998140335,.6007600021362305,.082882833480835,.905,.6007600021362305,ISR,.1003108153352304,.06026272563508,-.0481276391246443,.0121350865104357,.0608715200424194,.0121350865104357,0,0,.1099599838256836,2020,.522508659362793,2019,.5263799667358399,1,1,.0236753539080202,0,.0124083820965278,0,.0184721110392632,0,.0011244254773523,0,.0236753539080202,0,.0014411547799234,0
Israel,ISR,2019,.3092901039123535,.522508659362793,.035789999961853,.0084200000762939,.593030014038086,.0874762153625488,.9259999847412109,.593030014038086,ISR,.0982919150678531,.0582900557725193,-.0474011577568423,.010888898015677,.0534399271011353,.010888898015677,0,0,.0838299560546875,2021,.5348668670654297,2020,.524105453491211,1,1,.0249215424027789,0,.013021721710129,0,.0197182995340219,0,.0010537444896565,0,.0249215424027789,0,.0013318054092524,0
Israel,ISR,2020,.3018079376220703,.5348668670654297,-.0180200004577637,-.0058700001239777,.7107199859619141,.1225097465515137,.905,.7107199859619141,ISR,.1261355675156062,.0896470687739897,-.0492776134862149,.0403694552877748,.0528367137908936,.0403694552877748,0,0,-.1075199890136719,2022,.5342451477050781,2021,.522508659362793,1,1,0,.0045590148693189,0,.0024384660000573,0,.0097622577380759,0,.0005158056180597,0,.0045590148693189,0,.0002408833638186
Israel,ISR,2021,.2934412956237793,.5342451477050781,.0933500003814697,.0149199998378754,.6768599700927734,.1376814937591553,.9490000152587891,.6768599700927734,ISR,.1189561867433668,.0805166810014656,-.0513758872620453,.0291407937394203,.0713760137557983,.0291407937394203,0,0,-.0635699844360351,2023,.5319857788085938,2022,.5348668670654297,1,1,.0066696466790356,0,.003563226375182,0,.0014664038102786,0,.000104666058534,0,.0066696466790356,0,.0004760527931092,0
Israel,ISR,2022,.2930272102355957,.5319857788085938,.0636399984359741,.0439499998092651,.6031999969482422,.1180743980407715,.9130000305175782,.6031999969482422,ISR,.1019321996392262,.0614855025113089,-.0514797359161597,.0100057665951491,.0863166332244873,.0100057665951491,0,0,,,.5238528442382813,2023,.5342451477050781,0,1,,,,,.0206014309545498,0,.0017782461596035,0,.0258046738233068,0,.0022273725658839,0
Israel,ISR,2023,.2893659019470215,.5238528442382813,.0206299996376038,.0420800018310547,.6132899856567383,.1219000816345215,.9259999847412109,.6132899856567383,ISR,.1045580067846319,.064124378481244,-.0523979570099647,.0117264214712793,.0737355470657349,.0117264214712793,0,0,,,,,.5319857788085938,0,0,,,,,,,,,,,,
Italy,ITA,1995,.3462801742553711,.4733828735351562,.0288700008392334,.0541900014877319,1.190879974365234,.0381465816497803,,1.190879974365234,ITA,.2338066635803424,.2784356735309791,-.0381244019708619,.2403112715601172,.2323042869567871,.2403112715601172,0,0,-.0259799957275391,1997,.4738335800170899,1996,,0,0,,,,,,,,,,,,
Italy,ITA,1996,.3477889251708984,.4738335800170899,.0152499997615814,.0394600009918213,1.188960037231445,.0436882209777832,,1.188960037231445,ITA,.2332428400118068,.2773164157444059,-.0377460216743275,.2395703940700784,.2311302757263184,.2395703940700784,0,0,-.0500900268554687,1998,.473086929321289,1997,.4733828735351562,0,0,,,,,,,,,,,,
Italy,ITA,1997,.3465506744384765,.473086929321289,.0192599999904633,.0189100003242493,1.164899978637695,.0456083488464355,,1.164899978637695,ITA,.2277693533296145,.2653285148279896,-.0380565631126099,.2272719517153797,.1861729621887207,.2272719517153797,0,0,-.0343099975585937,1999,.4715354537963867,1998,.4738335800170899,0,0,,,,,,,,,,,,
Italy,ITA,1998,.3469474029541015,.4715354537963867,.0180400002002716,.0201900005340576,1.138870010375977,.0321470427513123,,1.138870010375977,ITA,.221710495099098,.2524994338539727,-.0379570673960931,.2145423664578796,.1659336280822754,.2145423664578796,0,0,-.0514400482177735,2000,.4761290740966797,1999,.473086929321289,0,0,,,,,,,,,,,,
Italy,ITA,1999,.34693115234375,.4761290740966797,.0167799997329712,.0162999999523163,1.130589981079102,.026583104133606,,1.130589981079102,ITA,.2197944546796165,.248497408357519,-.0379611428937119,.2105362654638071,.1346960353851318,.2105362654638071,0,0,-.0454599761962891,2001,.4928834915161133,2000,.4715354537963867,0,0,,,,,,,,,,,,
Italy,ITA,2000,.3486611938476563,.4928834915161133,.0388199996948242,.0257699990272522,1.087429962158203,.0266625094413757,.9647081756591797,1.087429962158203,ITA,.2096635823776709,.227994461450904,-.0375272650345318,.1904671964163721,.132656774520874,.1904671964163721,0,0,-.0279499816894531,2002,.4946991729736328,2001,.4761290740966797,1,1,0,.1546567559979162,0,.0762277618828085,0,.1598599988666732,0,.0212065118245634,0,.1546567559979162,0,.0205162664085454
Italy,ITA,2001,.3482980346679688,.4946991729736328,.0200600004196167,.0234500002861023,1.085130004882813,.0255923199653625,.9826908874511718,1.085130004882813,ITA,.2091597058714176,.226965472653539,-.037618341882728,.1893471307708109,.1306227397918701,.1893471307708109,0,0,-.0339900207519532,2003,.495698471069336,2002,.4928834915161133,1,1,0,.153536690352355,0,.0759544737384188,0,.158739933221112,0,.0207350449917202,0,.153536690352355,0,.0200553831524006
Italy,ITA,2002,.3455797576904297,.495698471069336,.0027000001072884,.0260500001907349,1.05947998046875,.0307181191444397,1.003874435424805,1.05947998046875,ITA,.2034350189005349,.2155353298513985,-.0383000597449933,.1772352701064052,.1187031364440918,.1772352701064052,0,0,-.0120600128173829,2004,.4946247100830078,2003,.4946991729736328,1,1,0,.1414248296879493,0,.0701040718475577,0,.1466280725567063,0,.0174052121032329,0,.1414248296879493,0,.0167875708550311
Italy,ITA,2003,.3454304122924804,.4946247100830078,.0006700000166893,.0281800007820129,1.051139984130859,.0349152541160584,1.015680694580078,1.051139984130859,ITA,.2015156115206058,.21182111669589,-.0383375141421244,.1734836025537657,.1079283046722412,.1734836025537657,0,0,.0106300354003908,2005,.4940696334838867,2004,.495698471069336,1,1,0,.1376731621353098,0,.0680965479073885,0,.1428764050040668,0,.0154204081697534,0,.1376731621353098,0,.0148588309881306
Italy,ITA,2004,.3455680084228516,.4940696334838867,.0147399997711182,.0226200008392334,1.047419967651367,.0339308309555054,1.003772735595703,1.047419967651367,ITA,.200643329196138,.2101578293760814,-.0383030063489055,.1718548230271759,.1023700428009033,.1718548230271759,0,0,.0151500701904297,2006,.5068902206420899,2005,.4946247100830078,1,1,0,.13604438260872,0,.067215398253032,0,.141247625477477,0,.0144595254656553,0,.13604438260872,0,.0139268692704771
Italy,ITA,2005,.345366325378418,.5068902206420899,.007620000243187,.0221199989318848,1.06177001953125,.0355998969078064,1.005,1.06177001953125,ITA,.2039821690877314,.2165821516563073,-.0383535865271002,.1782285651292071,.1000349235534668,.1782285651292071,0,0,-.0271300506591798,2007,.5146903228759766,2006,.4940696334838867,1,1,0,.1424181247107512,0,.0721903546580653,0,.1476213675795082,0,.0147672922206743,0,.1424181247107512,0,.0142467862180681
Italy,ITA,2006,.3461726760864258,.5146903228759766,.0179900002479553,.0220099997520447,1.062570037841797,.0401770973205566,.975,1.062570037841797,ITA,.2041036923040282,.2168744680551417,-.0381513614832797,.178723106571862,.0955771923065186,.178723106571862,0,0,-.004540023803711,2008,.516163215637207,2007,.5068902206420899,1,1,0,.1429126661534061,0,.0735557662855632,0,.1481159090221631,0,.0141565027202661,0,.1429126661534061,0,.0136591913759814
Italy,ITA,2007,.3438197708129883,.516163215637207,.0146200001239777,.0203299999237061,1.03463996887207,.0491797733306885,.990999984741211,1.03463996887207,ITA,.1978221610943638,.2046747145968782,-.0387414476173912,.165933266979487,.0992843532562256,.165933266979487,0,0,.12677001953125,2009,.5100082397460938,2008,.5146903228759766,1,1,0,.1301228265610311,0,.0671646165855444,0,.1353260694297881,0,.0134357612820436,0,.1301228265610311,0,.012919160678984
Italy,ITA,2008,.3486319351196289,.5100082397460938,-.0102300000190735,.0350999999046326,1.058030014038086,.0557813549041748,.96,1.058030014038086,ITA,.2028580386127321,.2146298934411675,-.037534602843625,.1770952905975425,.1031505298614502,.1770952905975425,0,0,.1295500183105469,2010,.5057828903198243,2009,.516163215637207,1,1,0,.1412848501790866,0,.0720564377426265,0,.1464880930478436,0,.0151103244162785,0,.1412848501790866,0,.0145736071573684
Italy,ITA,2009,.3476377487182617,.5057828903198243,-.0530499982833862,.0076800000667572,1.16140998840332,.0733184003829956,.9869999694824219,1.16140998840332,ITA,.2268752948399601,.2634952335490779,-.0377839352824579,.2257112982666201,.0909644317626953,.2257112982666201,0,0,.0298799896240236,2011,.5069440078735351,2010,.5100082397460938,1,1,0,.1899008578481642,0,.0960486047566586,0,.1951041007169212,0,.0177475336562864,0,.1899008578481642,0,.0172742236254066
Italy,ITA,2010,.3474744415283203,.5069440078735351,.0152900004386902,.0161500000953674,1.187580032348633,.0870314693450928,.9430000305175781,1.187580032348633,ITA,.2329481407900175,.2766445605749628,-.0378248911634587,.2388196694115041,.0896421718597412,.2388196694115041,0,0,.0714299774169922,2012,.5023506927490234,2011,.5057828903198243,1,1,0,.2030092289930482,0,.1029143121810521,0,.2082124718618052,0,.0186646181859775,0,.2030092289930482,0,.0181981881945084
Italy,ITA,2011,.3463905334472656,.5023506927490234,.0069599997997284,.0292000007629395,1.191289978027344,.0926443767547607,.915,1.191289978027344,ITA,.2338928819564679,.2786342462066727,-.0380967249412578,.2405375212654149,.097006721496582,.2405375212654149,0,0,.1272500610351561,2013,.4922236633300781,2012,.5069440078735351,1,1,0,.204727080846959,0,.1028447908879552,0,.209930323715716,0,.0203646524463778,0,.204727080846959,0,.0198599029145292
Italy,ITA,2012,.3469150924682617,.4922236633300781,-.03125,.0331599998474121,1.259010009765625,.1022750854492187,.915,1.259010009765625,ITA,.2495326842020011,.314164147174004,-.0379651705568517,.2761989766171523,.1042425537109375,.2761989766171523,0,0,.0889599609375,2014,.4924020767211914,2013,.5023506927490234,1,1,0,.2403885361986964,0,.1183249259102774,0,.2455917790674534,0,.0256011142204037,0,.2403885361986964,0,.0250587148961863
Italy,ITA,2013,.346716423034668,.4924020767211914,-.01817999958992,.0125199997425079,1.3185400390625,.0835577774047851,.9419999694824219,1.3185400390625,ITA,.2633331679609998,.3472153255697485,-.0380149949502767,.3092003306194718,.0962187194824219,.3092003306194718,0,0,.0293598937988282,2015,.5077885055541992,2014,.4922236633300781,1,1,0,.273389890201016,0,.1346177496895588,0,.278593133069773,0,.0268058745205695,0,.273389890201016,0,.0263052251545817
Italy,ITA,2014,.3458668899536133,.5077885055541992,-.000010000000475,.0019699999690056,1.347969970703125,.0818570995330811,.9719999694824218,1.347969970703125,ITA,.2702151091640471,.3642418527834023,-.0382280497201642,.3260138030632381,.0914044761657715,.3260138030632381,0,0,-.0055599975585938,2016,.5118346405029297,2015,.4924020767211914,1,1,0,.2902033626447822,0,.1473619318241973,0,.2954066055135393,0,.0270014860328738,0,.2902033626447822,0,.0265258863440917
Italy,ITA,2015,.3456160736083984,.5118346405029297,.0088599997758865,.0015600000321865,1.347899932861328,.0742247915267944,1,1.347899932861328,ITA,.2702187142155187,.364227786748972,-.0382909520601737,.3259368346887984,.0824108028411865,.3259368346887984,0,0,-.0104798889160156,2017,.5060182189941407,2016,.5077885055541992,1,1,0,.2901263942703425,0,.148496738711772,0,.2953296371390994,0,.0243383524994295,0,.2901263942703425,0,.0239095490772375
Italy,ITA,2016,.346082878112793,.5060182189941407,.0123599994182587,-.0006199999898672,1.342409973144531,.0758677482604981,1.025999984741211,1.342409973144531,ITA,.2689105649200171,.3609882242325608,-.0381738819560374,.3228143422765234,.0803649997711182,.3228143422765234,0,0,-.0004100036621093,2018,.5018450927734375,2017,.5118346405029297,1,1,0,.2870039018580675,0,.1452292032625885,0,.2922071447268245,0,.0234832271190903,0,.2870039018580675,0,.0230650685071336
Italy,ITA,2017,.3463835525512695,.5018450927734375,.0160399997234344,.0132599997520447,1.337420043945313,.0835042285919189,.9969999694824219,1.337420043945313,ITA,.2677313326898484,.3580692507315941,-.0380984756831926,.3199707750484015,.0779055213928223,.3199707750484015,0,0,.0015798950195312,2019,.5156321334838867,2018,.5060182189941407,1,1,0,.2841603346299456,0,.1426044694948961,0,.2893635774987026,0,.0225430203771288,0,.2841603346299456,0,.0221376590285048
Italy,ITA,2018,.3462861251831055,.5156321334838867,.0082700002193451,.0123699998855591,1.341999969482422,.0835000419616699,.99,1.341999969482422,ITA,.2687995609801538,.3607290026322548,-.0381229095351142,.3226060930971406,.0754839706420898,.3226060930971406,0,0,.2018000793457031,2020,.5182364273071289,2019,.5018450927734375,1,1,0,.2867956526786847,0,.147881054264614,0,.2919988955474417,0,.0220412360590257,0,.2867956526786847,0,.0216484746270768
Italy,ITA,2019,.347572021484375,.5182364273071289,.0042899999022484,.0065700000524521,1.338999938964844,.0957139205932617,1.025,1.338999938964844,ITA,.2680032439290242,.3588563272633435,-.0378004190439539,.3210559082193896,.0678673315048218,.3210559082193896,0,0,.1191900634765626,2021,.5191949081420898,2020,.5156321334838867,1,1,0,.2852454678009337,0,.1478245921387066,0,.2904487106696907,0,.019711978932168,0,.2852454678009337,0,.0193588487234939
Italy,ITA,2020,.3459822845458984,.5191949081420898,-.0886800003051758,-.001710000038147,1.543800048828125,.1261591720581055,1.071999969482422,1.543800048828125,ITA,.3155524300194954,.4871498568719305,-.038199109860312,.4489507470116185,.0691488218307495,.4489507470116185,0,0,-.160240020751953,2022,.5271593856811524,2021,.5182364273071289,1,1,0,.4131403065931626,0,.2145003435314319,0,.4183435494619197,0,.0289279635657856,0,.4131403065931626,0,.0285681654517118
Italy,ITA,2021,.3462299728393555,.5271593856811524,.0893099975585938,.0195000004768372,1.458190002441406,.1250456714630127,1.005,1.458190002441406,ITA,.2957089796082086,.4311998776968394,-.0381369920057596,.3930628856910798,.0696293783187866,.3930628856910798,0,0,-.1188099670410157,2023,.5302057647705078,2022,.5191949081420898,1,1,0,.3572524452726239,0,.1883289795830059,0,.3624556881413808,0,.0252375642333924,0,.3572524452726239,0,.0248752656671991
Italy,ITA,2022,.3421871566772461,.5302057647705078,.0482100009918213,.0874699974060059,1.383560028076172,.1177747631072998,.899000015258789,1.383560028076172,ITA,.2787471720645601,.3856634452077963,-.0391508916246497,.3465125535831466,.0840219497680664,.3465125535831466,0,0,,,.5373608016967774,2023,.5271593856811524,0,1,,,,,0,.3159053560334477,0,.0265429839561055,0,.3107021131646907,0,.0261057973451557
Italy,ITA,2023,.3418868637084961,.5373608016967774,.0092299997806549,.0591200017929077,1.339380035400391,.1285535335540771,1.006999969482422,1.339380035400391,ITA,.2685405799899822,.3596778915334237,-.0392262022285363,.3204516893048874,.0729787302017212,.3204516893048874,0,0,,,,,.5302057647705078,0,0,,,,,,,,,,,,
Japan,JPN,1995,.3694622039794922,.5756723785400391,.0234200000762939,-.0008799999952316,.8068699645996094,.0004053949192166,,.8068699645996094,JPN,.143053081677443,.1154252349489435,-.0323105706810114,.0831146642679321,.040211009979248,.0831146642679321,0,0,.106300048828125,1997,.5784343338012695,1996,,0,0,,,,,,,,,,,,
Japan,JPN,1996,.369591064453125,.5784343338012695,.0307500004768372,.0013799999654293,.8526000213623047,.0004606273770332,,.8526000213623047,JPN,.1536321558134419,.1309867793284775,-.032278253706935,.0987085256215425,.0413773679733276,.0987085256215425,0,0,.163419952392578,1998,.5789483261108398,1997,.5756723785400391,0,0,,,,,,,,,,,,
Japan,JPN,1997,.3689593887329102,.5789483261108398,.0136300003528595,.0169900000095367,.9131700134277344,.0004566194862127,,.9131700134277344,JPN,.167707675727867,.1531456204963504,-.0324366719348007,.1207089485615497,.040422158241272,.1207089485615497,0,0,.2223200225830079,1999,.5787238311767579,1998,.5784343338012695,0,0,,,,,,,,,,,,
Japan,JPN,1998,.3689472198486328,.5787238311767579,-.0177300000190735,.0065200001001358,1.016019973754883,.0004561731591821,,1.016019973754883,JPN,.1915245890359624,.1945928079257332,-.0324397237745669,.1621530841511664,.0459729385375977,.1621530841511664,0,0,.1689600372314455,2000,.5846377182006836,1999,.5789483261108398,0,0,,,,,,,,,,,,
Japan,JPN,1999,.3689280319213867,.5846377182006836,-.0034799998998642,-.0034700000286102,1.135490036010742,.0006049137189984,,1.135490036010742,JPN,.219190610271596,.2488887539505111,-.0324445359231638,.2164442180273473,.046087965965271,.2164442180273473,0,0,.1329399871826171,2001,.5906225967407227,2000,.5787238311767579,0,0,,,,,,,,,,,,
Japan,JPN,2000,.3679869461059571,.5906225967407227,.029779999256134,-.0068699997663498,1.184980010986328,.0007226905226707,1.498591003417969,1.184980010986328,JPN,.2307248937646673,.2734043871480749,-.0326805512430168,.2407238359050581,.0463700389862061,.2407238359050581,0,0,.1612899780273436,2002,.5876575469970703,2001,.5846377182006836,1,1,0,.2049133954866022,0,.1210264817492557,0,.2101166383553592,0,.0097431167121886,0,.2049133954866022,0,.0095018421375096
Japan,JPN,2001,.3676542282104492,.5876575469970703,.0028499999642372,-.0069400000572205,1.268430023193359,.0008009825646877,1.5084326171875,1.268430023193359,JPN,.2500748865830691,.3172024941886391,-.0327639937083495,.2844385004802896,.0447197151184082,.2844385004802896,0,0,.1339900207519531,2003,.5848158264160156,2002,.5906225967407227,1,1,0,.2486280600618337,0,.1461081558905774,0,.2538313029305906,0,.0113512635551904,0,.2486280600618337,0,.0111185760164077
Japan,JPN,2002,.3685089492797852,.5848158264160156,.0008500000089407,-.0089700001478195,1.346269989013672,.0009350150078535,1.513512725830078,1.346269989013672,JPN,.268031968180795,.3608433948580717,-.0325496378406306,.3282937570174411,.0461861181259155,.3282937570174411,0,0,.1421200561523439,2004,.599219627380371,2003,.5876575469970703,1,1,0,.2924833165989852,0,.1710488725097327,0,.2976865594677423,0,.0137489866000745,0,.2924833165989852,0,.0135086690103003
Japan,JPN,2003,.3684321212768555,.599219627380371,.0137999999523163,-.0026300001144409,1.402420043945313,.0013227985799313,1.463468627929688,1.402420043945313,JPN,.2810401549732917,.3941363464880412,-.0325689055688099,.3615674409192313,.0452679443359375,.3615674409192313,0,0,.1319299316406251,2005,.6069109725952149,2004,.5848158264160156,1,1,0,.3257570005007754,0,.195199988456622,0,.3309602433695324,0,.0149818898742603,0,.3257570005007754,0,.0147463497657111
Japan,JPN,2004,.3679052352905273,.6069109725952149,.0211299991607666,-.0000999999977648,1.488390045166016,.0016245226562023,1.388709259033203,1.488390045166016,JPN,.3009890226936849,.4479890650815286,-.0327010435338609,.4152880215476676,.0386655759811401,.4152880215476676,0,0,.0326300048828125,2006,.6315904998779297,2005,.599219627380371,1,1,0,.3794775811292118,0,.2303091078412095,0,.3846808239979688,0,.0148739056287811,0,.3794775811292118,0,.0146727192462908
Japan,JPN,2005,.3675706100463867,.6315904998779297,.0184800004959106,-.0028799998760223,1.534349975585938,.0015992502868176,1.250999984741211,1.534349975585938,JPN,.311657957546386,.4781923795524606,-.0327849643439846,.445407415208476,.0283781433105469,.445407415208476,0,0,-.0298699951171875,2007,.7079298400878906,2006,.6069109725952149,1,1,0,.4095969747900201,0,.2586975580561166,0,.4148002176587771,0,.0117712600219668,0,.4095969747900201,0,.0116236016501576
Japan,JPN,2006,.3670805740356445,.7079298400878906,.015460000038147,.0025600001215935,1.521020050048828,.0016649498045444,1.130999984741211,1.521020050048828,JPN,.308610007594861,.4694020091975047,-.0329078606876745,.4364941485098301,.0211213135719299,.4364941485098301,0,0,.0151599121093748,2008,.7060286712646484,2007,.6315904998779297,1,1,0,.4006837080913743,0,.2836559533949496,0,.4058869509601313,0,.0085728655659835,0,.4006837080913743,0,.0084629662417616
Japan,JPN,2007,.3673125457763672,.7060286712646484,.0172800004482269,.0004600000008941,1.50447998046875,.0017792032659054,1.075999984741211,1.50447998046875,JPN,.3047616530533286,.4585078058332958,-.0328496843941996,.4256581214390961,.0232426118850708,.4256581214390961,0,0,.2241000366210937,2009,.7088939666748046,2008,.7079298400878906,1,1,0,.3898476810206402,0,.2752436402266071,0,.3950509238893972,0,.0091820152987999,0,.3898476810206402,0,.0090610783442576
Japan,JPN,2008,.3693387222290039,.7088939666748046,-.0116700005531311,.0138199996948242,1.536179962158203,.00190649330616,.93,1.536179962158203,JPN,.3119419684849215,.4791990013427221,-.0323415387227772,.4468574626199449,.028029510974884,.4468574626199449,0,0,.2496099853515625,2010,.7140155029296875,2009,.7060286712646484,1,1,0,.411047022201489,0,.29138875405828,0,.416250265070246,0,.0116672913730848,0,.411047022201489,0,.01152144701999
Japan,JPN,2009,.3694464874267578,.7140155029296875,-.0593599987030029,-.013309999704361,1.728580017089844,.002067883759737,1.115999984741211,1.728580017089844,JPN,.3564856356599,.6162139461812738,-.0323145122420888,.583899433939185,.0347926020622253,.583899433939185,0,0,.1770599365234375,2011,.7392306518554688,2010,.7088939666748046,1,1,0,.548088993520729,0,.3913440383589296,0,.5532922363894861,0,.0192504766048181,0,.548088993520729,0,.0190694422462523
Japan,JPN,2010,.3675056457519531,.7392306518554688,.0413600015640259,-.0074199998378754,1.785789947509766,.002085647135973,1.016999969482422,1.785789947509766,JPN,.369886567866995,.6605397146157684,-.0328012567675642,.6277384578482043,.0372613930702209,.6277384578482043,0,0,.1856500244140624,2012,.7426338195800781,2011,.7140155029296875,1,1,0,.5919280174297483,0,.4375713341761081,0,.5971312602985054,0,.022249942604499,0,.5919280174297483,0,.0220560625267264
Japan,JPN,2011,.3710005950927734,.7426338195800781,-.0020000000298023,-.0027700001001358,1.905639953613281,.0024517264962196,.925,1.905639953613281,JPN,.3973628325577603,.7572304898030123,-.0319247569064256,.7253057328965867,.0402502059936523,.7253057328965867,0,0,.106020050048828,2013,.747374038696289,2012,.7392306518554688,1,1,0,.6894952924781308,0,.5120425226355174,0,.6946985353468879,0,.0279617591512008,0,.6894952924781308,0,.0277523275538983
Japan,JPN,2012,.3719667053222656,.747374038696289,.0164900004863739,-.000489999987185,1.971439971923828,.0023602977395058,.9069999694824219,1.971439971923828,JPN,.4125231386515819,.8132646048812041,-.0316824657029154,.7815821391782887,.0399548673629761,.7815821391782887,0,0,.0650100708007815,2014,.7557361602783204,2013,.7426338195800781,1,1,0,.7457716987598327,0,.5573704064475284,0,.7509749416285898,0,.030005104185689,0,.7457716987598327,0,.0297972093070105
Japan,JPN,2013,.3726387786865235,.7557361602783204,.0199699997901917,.0033199998736382,2.011660003662109,.0023118275403976,.8859999847412109,2.011660003662109,JPN,.4217833783046125,.8484847523448737,-.0315139161323775,.8169708362124962,.0360807991027832,.8169708362124962,0,0,-.0102099609374999,2015,.7076094055175781,2014,.747374038696289,1,1,0,.7811603957940403,0,.5903511580788809,0,.7863636386627973,0,.028372628468326,0,.7811603957940403,0,.0281848913076954
Japan,JPN,2014,.3712348937988281,.7076094055175781,.0090600001811981,.0275799989700317,2.036450042724609,.0022799116373062,.875999984741211,2.036450042724609,JPN,.4276347179693684,.8708567396792466,-.0318659970323057,.8389907426469408,.0336781930923462,.8389907426469408,0,0,-.0150000000000001,2016,.7005277252197266,2015,.7557361602783204,1,1,0,.8031803022284849,0,.568337936183327,0,.808383545097242,0,.0272248971244603,0,.8031803022284849,0,.0270496613064199
Japan,JPN,2015,.3729849624633789,.7005277252197266,.0179999995231628,.0079900002479553,2.001450042724609,.0021905985474586,1,2.001450042724609,JPN,.4193917979910922,.8393917320076222,-.0314270965528207,.8079646354548015,.0310232830047607,.8079646354548015,0,0,.029659881591797,2017,.6848694610595704,2016,.7076094055175781,1,1,0,.7721541950363455,0,.5409154217676803,0,.7773574379051026,0,.0241161797919857,0,.7721541950363455,0,.0239547581159258
Japan,JPN,2016,.3726848220825195,.6848694610595704,.007049999833107,-.0012399999797344,2.021450042724609,.0021460175514221,1.085,2.021450042724609,JPN,.4240467221581842,.8571892646238921,-.0315023688891241,.8256868957347681,.0317267370223999,.8256868957347681,0,0,.0157598876953124,2018,.690897216796875,2017,.7005277252197266,1,1,0,.7898764553163121,0,.5409622622561265,0,.7950796981850692,0,.0252252844961668,0,.7898764553163121,0,.025060202578006
Japan,JPN,2017,.3717338180541992,.690897216796875,.0162300002574921,.0048600000143051,2.031109924316406,.0021944008767605,1.03,2.031109924316406,JPN,.4263587273957025,.8659814425323246,-.03174087160189,.8342405709304346,.0277938437461853,.8342405709304346,0,0,.0321501159667967,2019,.6859477233886718,2018,.6848694610595704,1,1,0,.7984301305119786,0,.5516331549774917,0,.8036333733807357,0,.022336060408964,0,.7984301305119786,0,.0221914422896963
Japan,JPN,2018,.3703459930419922,.6859477233886718,.0083399999141693,.0098900002241135,2.037209930419922,.0021871381998062,.970999984741211,2.037209930419922,JPN,.4278809310735769,.8716832818204129,-.0320889248386784,.8395943569817345,.0232460975646973,.8395943569817345,0,0,.250500030517578,2020,.6847286224365234,2019,.690897216796875,1,1,0,.8037839165632785,0,.551353747663011,0,.8089871594320356,0,.0188057944367444,0,.8037839165632785,0,.0186848393453645
Japan,JPN,2019,.370751838684082,.6847286224365234,-.0030799999833107,.0046799999475479,2.063260040283203,.0022836615145206,.9869999694824219,2.063260040283203,JPN,.4338810226338508,.8952093762376364,-.0319871426340608,.8632222336035755,.0198633825778961,.8632222336035755,0,0,.1635800170898438,2021,.6826679992675782,2020,.6859477233886718,1,1,0,.8274117931851196,0,.5665525373353806,0,.8326150360538767,0,.0165385510012469,0,.8274117931851196,0,.0164351969974991
Japan,JPN,2020,.370642204284668,.6826679992675782,-.0428299999237061,-.0002700000070035,2.2877099609375,.0025091946125031,1.065,2.2877099609375,JPN,.4858633432726736,1.111514410059291,-.0320146378926444,1.079499772166647,.0179574811458588,1.079499772166647,0,0,-.0094000244140622,2022,.6847428131103516,2021,.6847286224365234,1,1,0,1.043689331748191,0,.712493307961453,0,1.048892574616948,0,.0188354686327151,0,1.043689331748191,0,.0187420314970021
Japan,JPN,2021,.3699422073364258,.6847428131103516,.0356399989128113,-.0023499999940395,2.226840057373047,.0024488659203053,.9480000305175781,2.226840057373047,JPN,.4718236232534564,1.050675744275686,-.0321901904309218,1.018485553844764,.0167304289340973,1.018485553844764,0,0,-.023820037841797,2023,.6878783416748047,2022,.6826679992675782,1,1,0,.982675113426308,0,.6728797215410639,0,.987878356295065,0,.0165276286355274,0,.982675113426308,0,.0164405761504848
Japan,JPN,2022,.3693905258178711,.6878783416748047,.0133200001716614,.0249600005149841,2.278309936523438,.0021103742718697,.7930000305175782,2.278309936523438,JPN,.4837855974538161,1.102213533825957,-.0323285468782551,1.069884986947702,.011116977930069,1.069884986947702,0,0,,,.6850581359863281,2023,.6847428131103516,0,1,,,,,0,1.039277789398003,0,.0115536282479485,0,1.034074546529246,0,.0114957839118117
Japan,JPN,2023,.3689566802978516,.6850581359863281,.0072100001573563,.0326799988746643,2.20302001953125,.0022097373008728,.865,2.20302001953125,JPN,.4663857420413969,1.027457126541135,-.0324373511844038,.9950197753567309,.0063593453168869,.9950197753567309,0,0,,,,,.6878783416748047,0,0,,,,,,,,,,,,
Kazakhstan,KAZ,1995,.3464847946166992,.3573158645629883,-.0819999980926514,1.763789978027344,,.000404911711812,,,KAZ,,,-.0380730851416892,,,,,,,,.3555428314208984,1996,,0,0,,,,,,,,,,,,
Kazakhstan,KAZ,1996,.3449177169799805,.3555428314208984,.005,.3918000030517578,,.0004757583513856,,,KAZ,,,-.0384660932219308,,,,,,,,.3640460586547852,1997,.3573158645629883,0,0,,,,,,,,,,,,
Kazakhstan,KAZ,1997,.3439942169189453,.3640460586547852,.0170000004768372,.1740099906921387,,.0005305084586143,,,KAZ,,,-.0386976982028112,,,,,,,,.3709264373779297,1998,.3555428314208984,0,0,,,,,,,,,,,,
Kazakhstan,KAZ,1998,.3390388107299805,.3709264373779297,-.0189999997615814,.0713199996948242,,.0004781732708216,,,KAZ,,,-.0399404666703776,,,,,,,,.3705423736572266,1999,.3640460586547852,0,0,,,,,,,,,,,,
Kazakhstan,KAZ,1999,.3374191284179687,.3705423736572266,.0270000004768372,.0832299995422363,,.0004740076884627,,,KAZ,,,-.0403466674999535,,,,,,,,.372837028503418,2000,.3709264373779297,0,0,,,,,,,,,,,,
Kazakhstan,KAZ,2000,.3320959091186523,.372837028503418,.0980000019073486,.131540002822876,,.0004528521746397,.6847057342529297,,KAZ,,,-.0416816799770059,,,,,,,,.3821952056884765,2001,.3705423736572266,0,0,,,,,,,,,,,,
Kazakhstan,KAZ,2001,.3339408111572266,.3821952056884765,.1349899959564209,.083730001449585,,.0004763403907418,.6304384994506836,,KAZ,,,-.0412189961945151,,,,,,,,.3884569931030273,2002,.372837028503418,0,0,,,,,,,,,,,,
Kazakhstan,KAZ,2002,.3327907180786133,.3884569931030273,.0979899978637695,.0595900011062622,.1759199905395508,.0005437562987208,.6377799987792969,.1759199905395508,KAZ,-.0001514897677419,-.000026650078508,-.04150742853656,-.041534078615068,.0126497709751129,-.041534078615068,0,0,-.0619999885559082,2004,.4025790405273437,2003,.3821952056884765,1,1,.0773445190335239,0,.0300450192967625,0,.0721412761647669,0,.0009125706213367,0,.0773445190335239,0,.0009783904519543,0
Kazakhstan,KAZ,2003,.3315936660766601,.4025790405273437,.0930000019073486,.0637900018692017,.1496199989318848,.0007859660685062,.6869338226318359,.1496199989318848,KAZ,-.0061469117609358,-.0009197009311056,-.0418076377273579,-.0427273386584636,-.0122677612304688,-.0427273386584636,0,0,-.0685799980163574,2005,.4027102661132813,2004,.3884569931030273,1,1,.0785377790769194,0,.0316176637459347,0,.0733345362081625,0,-.0008996505801489,0,.0785377790769194,0,-.000963482721287,0
Kazakhstan,KAZ,2004,.3307301330566406,.4027102661132813,.0959899997711182,.0699499988555908,.1139200019836426,.0013406747579575,.8004144287109375,.1139200019836426,KAZ,-.0143453596838951,-.0016342234036454,-.042024203548011,-.0436584269516564,-.022281060218811,-.0436584269516564,0,0,-.0471500015258789,2006,.4156493759155274,2005,.4025790405273437,1,1,.0794688673701123,0,.032002928726339,0,.0742656245013553,0,-.0016547168517023,0,.0794688673701123,0,-.0017706506193942,0
Kazakhstan,KAZ,2005,.3310528182983398,.4156493759155274,.0969999980926514,.0741200017929077,.0810400009155273,.0009313773363829,1.03,.0810400009155273,KAZ,-.0219845605550783,-.001781628807511,-.0419432771762787,-.0437249059837897,-.0170559751987457,-.0437249059837897,0,0,-.0401200008392334,2007,.3890807342529297,2006,.4027102661132813,1,1,.0795353464022456,0,.0330588170953187,0,.0743321035334886,0,-.0012678065143378,0,.0795353464022456,0,-.0013565528956604,0
Kazakhstan,KAZ,2006,.3284153747558594,.3890807342529297,.1070199966430664,.0861200046539307,.0667700004577637,.0022762437164783,1.200999984741211,.0667700004577637,KAZ,-.0250804761391873,-.0016746234032945,-.0426047227863037,-.0442793461895981,-.0166836655139923,-.0442793461895981,0,0,.0008899974822998,2008,.4037719345092773,2007,.4156493759155274,1,1,.080089786608054,0,.0311613929796221,0,.074886543739297,0,-.0012493820472454,0,.080089786608054,0,-.0013361912108558,0
Kazakhstan,KAZ,2007,.3278841018676758,.4037719345092773,.0889999961853027,.1079500007629395,.0409200000762939,.0019278199970722,1.264000015258789,.0409200000762939,KAZ,-.0310243172996446,-.0012695150662684,-.0427379609443739,-.0440074760106423,-.0329761791229248,-.0440074760106423,0,0,.0613500022888184,2009,.4050313186645508,2008,.3890807342529297,1,1,.0798179164290982,0,.0322282345250768,0,.0746146735603412,0,-.0024605068405244,0,.0798179164290982,0,-.0026320899093846,0
Kazakhstan,KAZ,2008,.3247569274902344,.4050313186645508,.0329999995231628,.171560001373291,.0676599979400635,.0021034227311611,1.426999969482422,.0676599979400635,KAZ,-.0245852463986688,-.0016634377206899,-.0435222263629222,-.0451856640836121,.0110620248317719,-.0451856640836121,0,0,.0391699981689453,2010,.4229457092285156,2009,.4037719345092773,1,1,.080996104502068,0,.0328059590131644,0,.075792861633311,0,.0008384225174587,0,.080996104502068,0,.0008959809192787,0
Kazakhstan,KAZ,2009,.3220245742797851,.4229457092285156,.0120000004768372,.0730200004577637,.1022700023651123,.0024234443902969,1.126999969482422,.1022700023651123,KAZ,-.0163549999547364,-.0016726258840523,-.0442074744097446,-.0458801002937969,-.004019510447979,-.0458801002937969,0,0,-.0006599998474121,2011,.4250195693969727,2010,.4050313186645508,1,1,.0816905407122528,0,.0345506636788047,0,.0764872978434958,0,-.0003074414928196,0,.0816905407122528,0,-.000328355981894,0
Kazakhstan,KAZ,2010,.3195723915100098,.4250195693969727,.0730000019073486,.0710200023651123,.1068299961090088,.0027536368370056,1.346999969482422,.1068299961090088,KAZ,-.0151052812867775,-.0016136971410919,-.0448224583902249,-.0464361555313169,.0144509875774384,-.0464361555313169,0,0,.0144200038909912,2012,.4215563201904297,2011,.4229457092285156,1,1,.0822465959497728,0,.0349564127949392,0,.0770433530810158,0,.001113352538298,0,.0822465959497728,0,.0011885445363568,0
Kazakhstan,KAZ,2011,.3178253555297851,.4215563201904297,.075,.0838000011444092,.1016100025177002,.0026476687192917,1.57,.1016100025177002,KAZ,-.0161759484734576,-.0016436381651142,-.0452605983014923,-.0469042364666065,-.0038084673881531,-.0469042364666065,0,0,.024419994354248,2013,.4312305068969727,2012,.4250195693969727,1,1,.0827146768850624,0,.0348688948134073,0,.0775114340163054,0,-.0002951997686601,0,.0827146768850624,0,-.0003150161494384,0
Kazakhstan,KAZ,2012,.3156438446044922,.4312305068969727,.05,.0512799978256226,.12125,.0024425366520882,1.551999969482422,.12125,KAZ,-.0114556942628871,-.0013890029293751,-.0458077003726894,-.0471967033020645,-.0245985651016235,-.0471967033020645,0,0,.0237100028991699,2014,.4466127014160156,2013,.4215563201904297,1,1,.0830071437205204,0,.0357952126626699,0,.0778039008517634,0,-.0019138643202624,0,.0830071437205204,0,-.002041856628709,0
Kazakhstan,KAZ,2013,.3166203498840332,.4466127014160156,.0590000009536743,.0582000017166138,.1260299968719482,.0020124191045761,1.543999938964844,.1260299968719482,KAZ,-.0104260146404469,-.0013139905925224,-.0455628021900686,-.046876792782591,-.0213298869132996,-.046876792782591,0,0,.092790002822876,2015,.470833740234375,2014,.4312305068969727,1,1,.0826872332010469,0,.0369291685925356,0,.0774839903322899,0,-.0016527247513789,0,.0826872332010469,0,-.001763709333352,0
Kazakhstan,KAZ,2014,.3177046775817871,.470833740234375,.0430000019073486,.065770001411438,.1449600028991699,.0022856755554676,1.455,.1449600028991699,KAZ,-.0061282785094527,-.0008883552704972,-.0452908631764155,-.0461792184469127,-.0197119033336639,-.0461792184469127,0,0,.0518099975585938,2016,.4637092208862305,2015,.4466127014160156,1,1,.0819896588653686,0,.038603497744122,0,.0767864159966116,0,-.0015136064094637,0,.0819896588653686,0,-.0016161722299142,0
Kazakhstan,KAZ,2015,.3150807952880859,.4637092208862305,.01,.0675,.2188199996948242,.0021550764143467,1,.2188199996948242,KAZ,.0111821288998776,.0024468734424587,-.0459489077549768,-.0435020343125181,.0223947978019714,-.0435020343125181,0,0,-.0201300048828125,2017,.4845711135864258,2016,.470833740234375,1,1,.079312474730974,0,.0367779258640588,0,.074109231862217,0,.0016596612628138,0,.079312474730974,0,.0017761868347741,0
Kazakhstan,KAZ,2016,.3129648780822754,.4845711135864258,.0089999997615814,.145649995803833,.1967700004577637,.0022699072957039,.8909999847412109,.1967700004577637,KAZ,.0062434573603702,.0012285251076581,-.0464795595488132,-.0452510344411552,.0131702733039856,-.0452510344411552,0,0,.0058200073242188,2018,.504296646118164,2017,.4637092208862305,1,1,.0810614748596111,0,.0392800491416798,0,.0758582319908541,0,.0009990736476767,0,.0810614748596111,0,.0010676017783252,0
Kazakhstan,KAZ,2017,.3139732170104981,.504296646118164,.0390000009536743,.0745800018310547,.1986899948120117,.0022691097855568,1.018000030517578,.1986899948120117,KAZ,.006608358448719,.0013130147058919,-.0462266777916315,-.0449136630857396,-.0485823822021484,-.0449136630857396,0,0,.0007500076293945,2019,.4995474243164063,2018,.4845711135864258,1,1,.0807241035041955,0,.0407088946580613,0,.0755208606354385,0,-.0036689833156261,0,.0807241035041955,0,-.0039217692493666,0
Kazakhstan,KAZ,2018,.315794734954834,.4995474243164063,.0409999990463257,.0600799989700317,.2025900077819824,.0021960346400738,1.149000015258789,.2025900077819824,KAZ,.0073674841244884,.0014925786661137,-.0457698585162776,-.0442772798501639,-.0370577812194824,-.0442772798501639,0,0,.0609799957275391,2020,.5059078979492188,2019,.504296646118164,1,1,.0800877202686198,0,.0400076143795619,0,.0748844773998628,0,-.0027750525802194,0,.0800877202686198,0,-.0029678732160816,0
Kazakhstan,KAZ,2019,.316895580291748,.5059078979492188,.045,.0528000020980835,.1994400024414063,.0019644916057587,1.065,.1994400024414063,KAZ,.0065510642035529,.0013065442607504,-.045493777036735,-.0441872327759846,-.0099090403318405,-.0441872327759846,0,0,.051560001373291,2021,.5074007415771484,2020,.4995474243164063,1,1,.0799976731944405,0,.040471454686628,0,.0747944303256835,0,-.0007411410266942,0,.0799976731944405,0,-.0007927001701371,0
Kazakhstan,KAZ,2020,.3231137084960938,.5074007415771484,-.0259999990463257,.0676100015640259,.2635700035095215,.0024822442233562,.8590000152587891,.2635700035095215,KAZ,.0209095727694108,.0055111361682162,-.0439343299672184,-.0384231937990022,-.0367810845375061,-.0384231937990022,0,0,-.0283300018310547,2022,.5081684112548828,2021,.5059078979492188,1,1,.0742336342174581,0,.037666201051905,0,.0690303913487011,0,-.0025390126598537,0,.0742336342174581,0,-.0027303935756786,0
Kazakhstan,KAZ,2021,.3212435531616211,.5081684112548828,.0409999990463257,.080019998550415,.2510000038146973,.0023001697659492,1.209000015258789,.2510000038146973,KAZ,.01814666773367,.0045548136703752,-.0444033470347414,-.0398485333643662,.0353718423843384,-.0398485333643662,0,0,-.0211800003051758,2023,.5045264434814453,2022,.5074007415771484,1,1,.0756589737828221,0,.0384475005043915,0,.0704557309140651,0,.0024921490089657,0,.0756589737828221,0,.0026761972956068,0
Kazakhstan,KAZ,2022,.3198880386352539,.5045264434814453,.0320000004768372,.1498600006103516,.2352400016784668,.0022741040587425,1.443999938964844,.2352400016784668,KAZ,.0146044111433065,.0034355417018644,-.0447432971107712,-.0413077554089068,.0327635979652405,-.0413077554089068,0,0,,,.5073229217529297,2023,.5081684112548828,0,1,,,,,.0719149529586057,0,.0023561926064249,0,.0771181958273627,0,.0025266695638924,0
Kazakhstan,KAZ,2023,.3158403968811035,.5073229217529297,.0509999990463257,.1452200031280518,.2298200035095215,.0022185641527176,1.245999984741211,.2298200035095215,KAZ,.013669256991732,.0031414686898124,-.0457584069419824,-.04261693825217,.0387625122070313,-.04261693825217,0,0,,,,,.5045264434814453,0,0,,,,,,,,,,,,
Kenya,KEN,1995,.5337838745117187,.2909749031066894,.0428700017929077,.0155400002002716,,.0001106002088636,1.04325309753418,,KEN,,,.008899732347232,,.2178489875793457,,,,,,.2909780693054199,1996,,0,0,,,,,,,,,,,,
Kenya,KEN,1996,.5337625503540039,.2909780693054199,.0447900009155273,.0681400012969971,,.0002137558348477,1.087077941894531,,KEN,,,.0088943844524693,,.2003666496276856,,,,,,.2896230316162109,1997,.2909749031066894,0,0,,,,,,,,,,,,
Kenya,KEN,1997,.5350999450683593,.2896230316162109,.0041100001335144,.1132199954986572,,.0002225287258625,1.145036087036133,,KEN,,,.0092297902529851,,.1653806686401367,,,,,,.2877709579467773,1998,.2909780693054199,0,0,,,,,,,,,,,,
Kenya,KEN,1998,.532681999206543,.2877709579467773,.0298300004005432,.0541599988937378,.3849800109863281,.0002086132578552,1.103773498535156,.3849800109863281,KEN,.0324602669274344,.0124965539183429,.0086233925615023,.0211199464798452,.1281096935272217,.0211199464798452,0,0,.0462400054931641,2000,.2860694313049316,1999,.2896230316162109,1,1,.0146904939386107,0,.0042274975134253,0,.0094872510698537,0,.0012154088269748,0,.0146904939386107,0,.0018819946762389,0
Kenya,KEN,1999,.5309724426269531,.2860694313049316,.0219899988174438,.0577899980545044,.3840900039672852,.0002063497528434,.9849404144287109,.3840900039672852,KEN,.0323892899042201,.0124404024878095,.008194652125377,.0206350546131864,.1374870872497559,.0206350546131864,0,0,.0286700057983398,2001,.2844439125061035,2000,.2877709579467773,1,1,.0151753858052695,0,.0043412139871464,0,.0099721429365125,0,.0013710408859793,0,.0151753858052695,0,.0020864195922578,0
Kenya,KEN,2000,.5307399368286133,.2844439125061035,.0034700000286102,.0997500038146973,.4312200164794922,.0002332443930209,1.0042529296875,.4312200164794922,KEN,.0433210982235223,.018680924689857,.0081363418953606,.0268172665852176,.1435578536987305,.0268172665852176,0,0,-.0111200332641602,2002,.2861143684387207,2001,.2860694313049316,1,1,.0089931738332383,0,.0025580535509738,0,.0037899309644813,0,.0005440743549273,0,.0089931738332383,0,.0012910407334393,0
Kenya,KEN,2001,.5269361114501954,.2861143684387207,.0397900009155273,.0573199987411499,.412760009765625,.0002660719677806,.9580663299560547,.412760009765625,KEN,.0393471280361663,.0162409209524573,.0071823788787761,.0234232998312334,.1374549007415772,.0234232998312334,0,0,.0251599884033203,2003,.2878318405151367,2002,.2844439125061035,1,1,.0123871405872225,0,.0035441389058748,0,.0071838977184655,0,.0009874619478293,0,.0123871405872225,0,.0017026731798886,0
Kenya,KEN,2002,.5237925338745117,.2878318405151367,.0048100000619888,.0196599996089935,.420099983215332,.000265581086278,.923831787109375,.420099983215332,KEN,.0412952229144105,.0173481224532172,.0063939996950256,.0237421221482429,.1496935081481933,.0237421221482429,0,0,-.0125499725341797,2004,.2857027435302734,2003,.2861143684387207,1,1,.012068318270213,0,.0034736462596379,0,.006865075401456,0,.0010276572205458,0,.012068318270213,0,.0018065488993171,0
Kenya,KEN,2003,.523238639831543,.2857027435302734,.0294899988174438,.0980500030517578,.4379199981689453,.0003579557314515,.9156047821044921,.4379199981689453,KEN,.0454654046038773,.0199102099008803,.0062550883677348,.0261652982686151,.1231846141815185,.0261652982686151,0,0,-.0638000106811524,2005,.2912653350830078,2004,.2878318405151367,1,1,.0096451421498408,0,.002755643573949,0,.0044418992810838,0,.0005471736491735,0,.0096451421498408,0,.001188133114454,0
Kenya,KEN,2004,.5237166976928711,.2912653350830078,.0463500022888184,.1179500007629394,.4075500106811523,.0003507368639112,.9151764678955078,.4075500106811523,KEN,.0383951431142546,.0156479409863188,.0063749807061376,.0220229216924565,.0929153633117676,.0220229216924565,0,0,-.0368899917602539,2006,.2798891067504883,2005,.2857027435302734,1,1,.0137875187259994,0,.0040158262616915,0,.0085842758572424,0,.0007976111100441,0,.0137875187259994,0,.001281072311594,0
Kenya,KEN,2005,.5199403762817383,.2798891067504883,.0566499996185303,.0991199970245361,.374119987487793,.0003929996490479,.8680000305175781,.374119987487793,KEN,.0309525400165197,.0115799638836958,.0054279154214386,.0170078793051343,.1033881378173828,.0170078793051343,0,0,-.0321699905395508,2007,.264889144897461,2006,.2912653350830078,1,1,.0188025611133216,0,.005262632034629,0,.0135993182445646,0,.0014060081888915,0,.0188025611133216,0,.0019439617797039,0
Kenya,KEN,2006,.5285877609252929,.264889144897461,.0585400009155273,.0603200006484985,.3706600189208984,.0004985874891281,.8919999694824219,.3706600189208984,KEN,.0294679116246536,.0109225766803535,.0075965967670483,.0185191734474017,.1036260223388672,.0185191734474017,0,0,-.0281200027465821,2008,.2603400993347168,2007,.2798891067504883,1,1,.0172912669710542,0,.0045802689221562,0,.0120880241022972,0,.0012526338556574,0,.0172912669710542,0,.0017918252174098,0
Kenya,KEN,2007,.5285835647583008,.2603400993347168,.0685099983215332,.0427099990844727,.3419499969482422,.0006480380147696,.8569999694824219,.3419499969482422,KEN,.0228201464623293,.007803349013152,.0075955444085082,.0153988934216602,.0953743743896484,.0153988934216602,0,0,.0176599884033203,2009,.2616329956054688,2008,.264889144897461,1,1,.0204115469967957,0,.005313944172721,0,.0152083041280387,0,.0014504824917392,0,.0204115469967957,0,.0019467385251443,0
Kenya,KEN,2008,.5284622955322266,.2616329956054688,.0023199999332428,.1511400032043457,.3425400161743164,.0005547285452485,.8519999694824218,.3425400161743164,KEN,.0229663557933642,.0078668958849241,.0075651312466998,.0154320271316239,.093315258026123,.0154320271316239,0,0,.0244099807739258,2010,.2653853225708008,2009,.2603400993347168,1,1,.020378413286832,0,.0053316653139201,0,.015175170418075,0,.0014160749431531,0,.020378413286832,0,.0019016168940237,0
Kenya,KEN,2009,.5327435302734375,.2653853225708008,.0330699992179871,.1053699970245361,.3596099853515625,.0007179946452379,.9690000152587891,.3596099853515625,KEN,.0265807171082031,.009558691289915,.0086388239644582,.0181975152543732,.0903790092468262,.0181975152543732,0,0,-.0027399826049805,2011,.2576479721069336,2010,.2616329956054688,1,1,.0176129251640827,0,.0046742118260855,0,.0124096822953257,0,.0011215747909194,0,.0176129251640827,0,.0015918387262683,0
Kenya,KEN,2010,.5306078338623047,.2576479721069336,.0805799961090088,.0408400011062622,.3669499969482422,.0007458095997572,.9280000305175782,.3669499969482422,KEN,.0284491639192038,.0104394206133319,.0081032117351397,.0185426323484716,.0945159530639648,.0185426323484716,0,0,.0092100143432617,2012,.2487065315246582,2011,.2653853225708008,1,1,.0172678080699843,0,.0044490157319632,0,.0120645652012273,0,.0011402938782963,0,.0172678080699843,0,.0016320833370602,0
Kenya,KEN,2011,.5241162490844726,.2487065315246582,.0512099981307983,.1402200031280517,.356870002746582,.0007003286480904,.9,.356870002746582,KEN,.0266280950613861,.0095027683576931,.0064751843729451,.0159779527306382,.103640775680542,.0159779527306382,0,0,.0406900024414062,2013,.241506290435791,2012,.2576479721069336,1,1,.0198324876878177,0,.0049324692243426,0,.0146292448190607,0,.001516186280668,0,.0198324876878177,0,.0020554544076402,0
Kenya,KEN,2012,.5197709655761719,.241506290435791,.0456899976730347,.0937800025939941,.3761600112915039,.0008968953043222,.904000015258789,.3761600112915039,KEN,.0314383174300189,.0118258378394618,.0053854288371067,.0172112666765685,.1046400928497314,.0172112666765685,0,0,.0366499710083008,2014,.2491294479370117,2013,.2487065315246582,1,1,.0185991737418874,0,.004491817455574,0,.0133959308731304,0,.0014017514503729,0,.0185991737418874,0,.0019462192672794,0
Kenya,KEN,2013,.5158582687377929,.2491294479370117,.0379800009727478,.0571700000762939,.3975600051879883,.0009982708841562,.8869999694824219,.3975600051879883,KEN,.0367029392453172,.0145916207167827,.004404161899855,.0189957826166377,.1123158168792725,.0189957826166377,0,0,.0607600021362305,2015,.2596232414245606,2014,.241506290435791,1,1,.0168146578018182,0,.0041890264154167,0,.0116114149330612,0,.001304145553331,0,.0168146578018182,0,.0018885520265566,0
Kenya,KEN,2014,.5123193740844727,.2596232414245606,.0501999998092651,.0687799978256226,.4128099822998047,.0011342892795801,.875999984741211,.4128099822998047,KEN,.0405139192030957,.0167245502691257,.0035166409747329,.0202411912438586,.1316772270202637,.0202411912438586,0,0,.0911800003051758,2016,.2549768829345703,2015,.2491294479370117,1,1,.0155692491745973,0,.0040421389372556,0,.0103660063058403,0,.0013649669656276,0,.0155692491745973,0,.0020501155580985,0
Kenya,KEN,2015,.5071034240722656,.2549768829345703,.0496799993515015,.0658199977874756,.4583200073242187,.0010312666743994,1,.4583200073242187,KEN,.0514644646194414,.0235871938013194,.0022085306087233,.0257957244100427,.1438903427124023,.0257957244100427,0,0,.0803400039672851,2017,.2738996696472168,2016,.2596232414245606,1,1,.0100147160084132,0,.0025535210713001,0,.0048114731396562,0,.0006923245190166,0,.0100147160084132,0,.001441020918618,0
Kenya,KEN,2016,.5020100402832032,.2738996696472168,.0421400022506714,.0631799983978271,.5039899826049805,.0009947091341019,.9740000152587891,.5039899826049805,KEN,.0624423612386832,.0314703245544978,.0009311586789799,.0324014832334778,.1569504261016846,.0324014832334778,0,0,.0605000305175781,2018,.2875128555297852,2017,.2549768829345703,1,1,.0034089571849781,0,.000933712246807,0,0,.0017942856837789,0,.0002816139026172,.0034089571849781,0,.0005350372827447,0
Kenya,KEN,2017,.5105216979980469,.2875128555297852,.0381599998474121,.079850001335144,.5386600112915039,.0009291718900204,1.006999969482422,.5386600112915039,KEN,.0697978475198881,.0375973093331856,.0030658010092659,.0406631103424515,.1795303916931152,.0406631103424515,0,0,.0521899795532227,2019,.2931634140014648,2018,.2738996696472168,1,1,0,.0048526699239956,0,.0013952049867915,0,.0100559127927526,0,.0018053419625147,0,.0048526699239956,0,.0008712017322123
Kenya,KEN,2018,.5093405532836914,.2931634140014648,.056710000038147,.0469000005722046,.5644900131225586,.0009800129383802,.9580000305175781,.5644900131225586,KEN,.0758723970609492,.0428292104125752,.0027695812140244,.0455987916265996,.1980277061462402,.0455987916265996,0,0,.115099983215332,2020,.2960740089416504,2019,.2875128555297852,1,1,0,.0097883512081437,0,.0028695864576248,0,.0149915940769007,0,.0029687509865242,0,.0097883512081437,0,.0019383647367025
Kenya,KEN,2019,.5030609512329102,.2960740089416504,.0511399984359741,.0523999977111816,.5908499908447266,.0010409800708294,.9419999694824219,.5908499908447266,KEN,.0824726194766527,.0487289464627209,.0011947170918956,.0499236635546165,.2126470565795898,.0499236635546165,0,0,.0914700317382813,2021,.2954496955871582,2020,.2931634140014648,1,1,0,.0141132231361606,0,.0041785585530111,0,.0193164660049176,0,.0041075896394654,0,.0141132231361606,0,.0030011353587555
Kenya,KEN,2020,.5010275650024414,.2954496955871582,-.0027300000190735,.0528999996185303,.6795899963378906,.0009500979632139,.9840000152587891,.6795899963378906,KEN,.1031819745544226,.0701214377095764,.0006847632771634,.0708062009867398,.2354811668395996,.0708062009867398,0,0,-.0015899658203125,2022,.3005969429016113,2021,.2960740089416504,1,1,0,.0349957605682839,0,.0103394868067406,0,.0401990034370409,0,.0094661082351435,0,.0349957605682839,0,.0082408425330587
Kenya,KEN,2021,.5006044006347656,.3005969429016113,.0759000015258789,.0610900020599365,.6823200225830078,.001010105907917,.9169999694824219,.6823200225830078,KEN,.1038475842042529,.0708572859994366,.000578637701844,.0714359237012807,.2432368087768555,.0714359237012807,0,0,.0517299652099609,2023,.3051381492614746,2022,.2954496955871582,1,1,0,.0356254832828248,0,.0107089113642096,0,.0408287261515818,0,.0099310490555349,0,.0356254832828248,0,.0086654288648475
Kenya,KEN,2022,.4998439025878906,.3051381492614746,.048600001335144,.0764799976348877,.6780000305175782,.0008088729530573,.865,.6780000305175782,KEN,.102907351440689,.0697711874172703,.0003879120667979,.0701590994840682,.2557296562194824,.0701590994840682,0,0,,,.3055568504333496,2023,.3005969429016113,0,1,,,,,0,.0395519019343693,0,.0101145942845029,0,.0343486590656123,0,.0087839707744492
Kenya,KEN,2023,.5004829025268555,.3055568504333496,.0571999979019165,.0767500019073486,.7340499877929687,.0007048454880714,.919000015258789,.7340499877929687,KEN,.1158357848453676,.085029256451731,.0005481671386607,.0855774235903918,.2816951179504394,.0855774235903918,0,0,,,,,.3051381492614746,0,0,,,,,,,,,,,,
Korea,KOR,1995,.3807489013671875,.5356593704223633,.0973600006103516,.0448099994659424,.0848499965667725,.0000437002629042,2.345741729736328,.0848499965667725,KOR,-.0250299986612211,-.0021237953004709,-.0294799749474816,-.0316037702479525,.0274392199516296,-.0316037702479525,0,0,.0120900058746338,1997,.5404385375976563,1996,,1,0,.0674142106664084,0,.0361110536430889,0,,,,,,,,
Korea,KOR,1996,.3813215255737304,.5404385375976563,.0798999977111816,.0492500019073486,.0781099987030029,.0000421366468072,2.132809906005859,.0781099987030029,KOR,-.0266359703256749,-.0020805356075917,-.0293363662743436,-.0314169018819353,.0236230111122131,-.0314169018819353,0,0,.0600600051879883,1998,.5507943344116211,1997,.5356593704223633,1,1,.0672273423003912,0,.0363322465594005,0,.0620240994316342,0,.0014651959900985,0,.0672273423003912,0,.0015881122542067,0
Korea,KOR,1997,.3783153533935547,.5507943344116211,.0628200006484985,.0443900012969971,.0969400024414063,.0000237531913444,2.065245666503906,.0969400024414063,KOR,-.0220381020880411,-.0021363736702187,-.0300902854993543,-.032226659169573,.0248934459686279,-.032226659169573,0,0,.060649995803833,1999,.5490679550170898,1998,.5404385375976563,1,1,.0680370995880289,0,.0374744489828856,0,.0628338567192719,0,.0015641512172417,0,.0680370995880289,0,.0016936778624568,0
Korea,KOR,1998,.3754692459106445,.5490679550170898,-.0493900012969971,.0751399993896484,.1381700038909912,.0000636120419949,1.986241149902344,.1381700038909912,KOR,-.0122659377269348,-.0016947846634572,-.0308040620295088,-.032498846692966,.0356204390525818,-.032498846692966,0,0,.0226999950408936,2000,.5621649551391602,1999,.5507943344116211,1,1,.068309287111422,0,.0375064405829437,0,.0631060442426649,0,.0022478650027954,0,.068309287111422,0,.0024332067982777,0
Korea,KOR,1999,.3737557983398437,.5621649551391602,.1161699962615967,.0081300002336502,.1575899982452393,.000081072775647,1.947295227050781,.1575899982452393,KOR,-.0076336204009504,-.0012029822255906,-.0312337782890076,-.0324367605145982,.0555202150344849,-.0324367605145982,0,0,.0086600017547608,2001,.5761408233642578,2000,.5490679550170898,1,1,.0682472009330541,0,.0383661846509036,0,.0630439580642971,0,.0035002141083548,0,.0682472009330541,0,.0037890992713049,0
Korea,KOR,2000,.3724760437011719,.5761408233642578,.0920199966430664,.022590000629425,.1608699989318848,.0000964159239084,1.694146881103516,.1608699989318848,KOR,-.0067729588176378,-.0010895658777591,-.0315547285099411,-.0326442943877002,-.0690053176879883,-.0326442943877002,0,0,.0035700035095215,2002,.5884614562988282,2001,.5621649551391602,1,1,.068454734806156,0,.0394395672744007,0,.0632514919373991,0,-.0043646892953795,0,.068454734806156,0,-.0047237407225458,0
Korea,KOR,2001,.3711313629150391,.5884614562988282,.0472599983215332,.0406699991226196,.16625,.0000984013173729,1.574002075195313,.16625,KOR,-.0054208894705863,-.000901222874485,-.0318919615875583,-.0327931844620433,-.0509787702560425,-.0327931844620433,0,0,.0247699928283691,2003,.5970889663696289,2002,.5761408233642578,1,1,.0686036248804992,0,.0403705890045571,0,.0634003820117422,0,-.0032320735087219,0,.0686036248804992,0,-.0034973284315147,0
Korea,KOR,2002,.3705017852783203,.5970889663696289,.0774399995803833,.0276200008392334,.1644400024414062,.0001078608818352,1.559839172363281,.1644400024414062,KOR,-.0057902547128256,-.0009521494991134,-.0320498536361539,-.0330020031352673,-.0623594045639038,-.0330020031352673,0,0,.0515900039672852,2004,.600373649597168,2003,.5884614562988282,1,1,.0688124435537232,0,.041087150794861,0,.0636092006849662,0,-.0039666318795004,0,.0688124435537232,0,-.0042911030065974,0
Korea,KOR,2003,.3704393768310547,.600373649597168,.0307500004768372,.0351500010490417,.1910199928283692,.000133904600516,1.499651641845703,.1910199928283692,KOR,.0003695440607165,.0000705903038278,-.0320655050777137,-.0319949147738858,-.0526397275924683,-.0319949147738858,0,0,.0581500053405762,2005,.608535270690918,2004,.5970889663696289,1,1,.0678053551923417,0,.0407085485590585,0,.0626021123235847,0,-.0032953581394266,0,.0678053551923417,0,-.0035692554266354,0
Korea,KOR,2004,.3701050186157226,.608535270690918,.0518400001525879,.0359100008010864,.2160300064086914,.0001631080545485,1.445282135009766,.2160300064086914,KOR,.0061872920634562,.0013366407441209,-.0321493589195666,-.0308127181754457,-.0399203753471375,-.0308127181754457,0,0,.0543999862670899,2006,.6194781112670898,2005,.600373649597168,1,1,.0666231585939016,0,.0405425418492239,0,.0614199157251446,0,-.0024519060895373,0,.0666231585939016,0,-.0026596214978804,0
Korea,KOR,2005,.3677494430541992,.6194781112670898,.0435799980163574,.0275399994850159,.2491699981689453,.0001652070693672,1.311999969482422,.2491699981689453,KOR,.0140473639116616,.0035001816401472,-.0327401147363855,-.0292399330962382,-.0264273381233215,-.0292399330962382,0,0,.0142900085449219,2007,.6458428955078125,2006,.608535270690918,1,1,.0650503735146941,0,.0402972825221014,0,.0598471306459371,0,-.0015816003572908,0,.0650503735146941,0,-.0017191082159212,0
Korea,KOR,2006,.3681682968139648,.6458428955078125,.0524499988555908,.0224200010299683,.2704299926757813,.0001782931387424,1.193000030517578,.2704299926757813,KOR,.0189372275897123,.0051211943183855,-.0326350702202936,-.0275138759019081,-.0309547734260559,-.0275138759019081,0,0,-.0118699836730957,2008,.6663948822021485,2007,.6194781112670898,1,1,.063324316320364,0,.0408975598083965,0,.058121073451607,0,-.0017991246599736,0,.063324316320364,0,-.0019601898640568,0
Korea,KOR,2007,.3672691345214844,.6663948822021485,.0584200000762939,.0253500008583069,.2634600067138672,.0001849239692092,1.116999969482422,.2634600067138672,KOR,.0173943210525434,.0045827079412862,-.0328605715216416,-.0282778635803554,-.0345491242408752,-.0282778635803554,0,0,.0244499969482422,2009,.6624706268310547,2008,.6458428955078125,1,1,.0640883039988113,0,.0427081177938233,0,.0588850611300542,0,-.0020344272929138,0,.0640883039988113,0,-.0022141947772419,0
Korea,KOR,2008,.366517105102539,.6624706268310547,.0300399994850159,.0467399978637695,.2585600090026856,.0001378243323416,.995999984741211,.2585600090026856,KOR,.0163191127888187,.0042194699495928,-.033049173305816,-.0288297033562232,-.0215636038780212,-.0288297033562232,0,0,.0241899871826172,2010,.6681448364257813,2009,.6663948822021485,1,1,.0646401437746791,0,.0428221965648611,0,.0594369009059221,0,-.0012816737868725,0,.0646401437746791,0,-.0013938744549755,0
Korea,KOR,2009,.3660447692871094,.6681448364257813,.0081999999284744,.0275600004196167,.2879100036621094,.0001834316365421,1.039000015258789,.2879100036621094,KOR,.0231527323566418,.0066659032575886,-.0331676306098459,-.0265017273522574,-.033673779964447,-.0265017273522574,0,0,.0290900039672851,2011,.6980223083496093,2010,.6624706268310547,1,1,.0623121677707133,0,.0416335531424991,0,.0571089249019563,0,-.0019230733711546,0,.0623121677707133,0,-.0020982862266187,0
Korea,KOR,2010,.3653825378417969,.6980223083496093,.0698199987411499,.0293899989128113,.2827499961853027,.0001852229610085,.9630000305175781,.2827499961853027,KOR,.0220102190994446,.0062233893664056,-.0333337119212625,-.0271103225548569,-.0364206099510193,-.0271103225548569,0,0,.0526099967956543,2012,.7013922882080078,2011,.6681448364257813,1,1,.0629207629733128,0,.0439200962137504,0,.0577175201045558,0,-.0021021072870681,0,.0629207629733128,0,-.0022916125660716,0
Korea,KOR,2011,.3641575622558594,.7013922882080078,.0368799996376038,.0402600002288818,.3170000076293945,.0001876790076494,.865,.3170000076293945,KOR,.0300379714031288,.0095220371639634,-.0336409240798,-.0241188869158366,-.0348895335197449,-.0241188869158366,0,0,.0430699920654297,2013,.7022859191894532,2012,.6980223083496093,1,1,.0599293273342925,0,.0420339680297661,0,.0547260844655355,0,-.0019093675583647,0,.0599293273342925,0,-.0020909062748456,0
Korea,KOR,2012,.3643527603149414,.7022859191894532,.0254800009727478,.0218700003623962,.335359992980957,.0001954128034413,.85,.335359992980957,KOR,.0342739849548189,.0114941233538775,-.0335919702738945,-.022097846920017,-.021219379901886,-.022097846920017,0,0,.0433900070190429,2014,.7139290618896484,2013,.7013922882080078,1,1,.0579082873384729,0,.0406681748021864,0,.0527050444697159,0,-.0011183683613487,0,.0579082873384729,0,-.0012287779485026,0
Korea,KOR,2013,.3633062744140625,.7139290618896484,.0329099988937378,.0130099999904633,.3600699996948242,.0001995593123138,.8780000305175781,.3600699996948242,KOR,.0400785456386264,.0144310819158692,-.0338544189268952,-.019423337011026,-.0213571643829346,-.019423337011026,0,0,.0283599853515625,2015,.7283368682861329,2014,.7022859191894532,1,1,.0552337774294819,0,.0394329989048516,0,.0500305345607249,0,-.0010685103507795,0,.0552337774294819,0,-.0011796368640519,0
Korea,KOR,2014,.3621115112304688,.7283368682861329,.0321499991416931,.0127499997615814,.37875,.0002029305323958,.8930000305175781,.37875,KOR,.0444985161241016,.0168538129820035,-.0341540541039441,-.0173002411219406,-.0211133432388306,-.0173002411219406,0,0,.0126900100708008,2016,.722231216430664,2015,.7139290618896484,1,1,.0531106815403965,0,.0386824674656745,0,.0479074386716395,0,-.0010114861963675,0,.0531106815403965,0,-.0011213440490106,0
Korea,KOR,2015,.3621993255615235,.722231216430664,.0292000007629395,.007059999704361,.3884299850463867,.0001992769539356,1,.3884299850463867,KOR,.0467330745289955,.0181525274404694,-.0341320311097689,-.0159795036692995,-.0163756024837494,-.0159795036692995,0,0,-.0083199691772461,2017,.7065058898925781,2016,.7283368682861329,1,1,.0517899440877554,0,.0374043143173756,0,.0465867012189984,0,-.0007628853001915,0,.0517899440877554,0,-.0008480915370367,0
Korea,KOR,2016,.3617984771728516,.7065058898925781,.0317199993133545,.0097200000286102,.3914400100708008,.0001949666813016,1.01,.3914400100708008,KOR,.0474617570147442,.0185784306438294,-.0342325600510342,-.0156541294072048,-.0136023914813995,-.0156541294072048,0,0,-.0129000091552734,2018,.7110513305664062,2017,.722231216430664,1,1,.0514645698256607,0,.0363600217026172,0,.0462613269569037,0,-.0006292646797168,0,.0514645698256607,0,-.0007000412261905,0
Korea,KOR,2017,.3620629501342774,.7110513305664062,.0343300008773804,.0194400000572205,.3801100158691406,.0001979928463697,1.005999984741211,.3801100158691406,KOR,.0448172795723257,.0170354968494484,-.0341662327623215,-.0171307359128731,-.0157864248752594,-.0171307359128731,0,0,.0171899795532227,2019,.7165592193603516,2018,.7065058898925781,1,1,.052941176331329,0,.0376438938721422,0,.047737933462572,0,-.000753611300307,0,.052941176331329,0,-.0008357519029624,0
Korea,KOR,2018,.3622951889038086,.7165592193603516,.0317600011825562,.0147599995136261,.3785400009155274,.000198944658041,.9540000152587891,.3785400009155274,KOR,.0444353719210178,.0168205657276639,-.0341079895005759,-.017287423772912,-.0180628514289856,-.017287423772912,0,0,.0806100082397461,2020,.7140791320800781,2019,.7110513305664062,1,1,.0530978641913679,0,.0380477641146686,0,.0478946213226109,0,-.0008651134291978,0,.0530978641913679,0,-.0009590988320851,0
Korea,KOR,2019,.3601791381835938,.7140791320800781,.0231399989128113,.0038299998641014,.3972999954223633,.000197213049978,.915,.3972999954223633,KOR,.048946678933295,.019446515316138,-.0346386747785477,-.0151921594624097,-.0225264811515808,-.0151921594624097,0,0,.0825799942016602,2021,.7143379974365235,2020,.7165592193603516,1,1,.0510025998808656,0,.036419892256756,0,.0457993570121086,0,-.0010316983524878,0,.0510025998808656,0,-.0011489091048979,0
Korea,KOR,2020,.3582615661621094,.7143379974365235,-.0069999998807907,.0053700000047684,.4591500091552734,.0002154336497188,.9490000152587891,.4591500091552734,KOR,.0634202304030355,.0291193993701833,-.0351195834975736,-.0060001841273903,-.0210160064697266,-.0060001841273903,0,0,.0388299942016602,2022,.7185292053222656,2021,.7140791320800781,1,1,.0418106245458462,0,.0298669178096502,0,.0366073816770892,0,-.0007693409701655,0,.0418106245458462,0,-.0008786923559588,0
Korea,KOR,2021,.3575287628173828,.7185292053222656,.0461299991607666,.0249799990653992,.4798799896240235,.0002151371538639,.9230000305175782,.4798799896240235,KOR,.0682783840456117,.0327654302273532,-.0353033635662553,-.002537933338902,-.0157820415496826,-.002537933338902,0,0,.025510025024414,2023,.7222982025146485,2022,.7143379974365235,1,1,.0383483737573579,0,.0275544265212756,0,.0331451308886009,0,-.0005230978328536,0,.0383483737573579,0,-.0006052156280014,0
Korea,KOR,2022,.3567074584960938,.7222982025146485,.027279999256134,.0509000015258789,.4979800033569336,.0001913813501596,.855,.4979800033569336,KOR,.0725345368019407,.0361207488801241,-.0355093388332368,.0006114100468873,-.009409242272377,.0006114100468873,0,0,,,.7269998168945313,2023,.7185292053222656,0,1,,,,,.0299957875028116,0,-.0002822376317647,0,.0351990303715686,0,-.0003311962045188,0
Korea,KOR,2023,.3568861770629883,.7269998168945313,.0158299994468689,.0359699988365173,.5053900146484375,.0001873149722815,.8540000152587891,.5053900146484375,KOR,.0742362752316222,.037518272226755,-.0354645179263251,.0020537543004299,-.003256893157959,.0020537543004299,0,0,,,,,.7222982025146485,0,0,,,,,,,,,,,,
Sri Lanka,LKA,1995,.481387710571289,.3544400787353515,.0605100011825562,.0767500019073486,.7780699920654297,.000554880425334,.8992788696289062,.7780699920654297,LKA,.1275382331343307,.0992336720428676,-.0042407243345247,.0949929477083429,.2650390815734863,.0949929477083429,0,0,-.0765999603271484,1997,.3528108596801758,1996,,1,0,0,.059182507289887,0,.0209766525435831,,,,,,,,
Sri Lanka,LKA,1996,.4804489135742188,.3528108596801758,.1216199970245361,.159370002746582,.7622699737548828,.0004649002477527,.9083625030517578,.7622699737548828,LKA,.1239537755311791,.0944862412209706,-.0044761656406285,.090010075580342,.3211971664428711,.090010075580342,0,0,-.0198400115966797,1998,.3543094635009766,1997,.3544400787353515,1,1,0,.0541996351618861,0,.0191222198758169,0,.0594028780306431,0,.0190800361019941,0,.0541996351618861,0,.0174087692362352
Sri Lanka,LKA,1997,.4788906097412109,.3543094635009766,.1029100036621094,.095649995803833,.7014700317382813,.0004337629675865,.9537805938720703,.7014700317382813,LKA,.1099980912618841,.0771603645686242,-.0048669733348318,.0722933912337924,.3231602478027344,.0722933912337924,0,0,.0754799652099609,1999,.3546077346801758,1998,.3528108596801758,1,1,0,.0364829508153365,0,.0129262547303144,0,.0416861936840935,0,.0134713206809044,0,.0364829508153365,0,.0117898394260591
Sri Lanka,LKA,1998,.4767531967163086,.3546077346801758,-.0164600002765656,.0937100028991699,.7424299621582031,.0004314065724611,,.7424299621582031,LKA,.119651706964378,.0888330122737276,-.0054030160744622,.0834299961992654,.3021661567687988,.0834299961992654,0,0,.0495900726318359,2000,.3516964340209961,1999,.3543094635009766,0,0,,,,,,,,,,,,
Sri Lanka,LKA,1999,.4743131256103515,.3516964340209961,.0287899994850159,.0469199991226196,.7769499969482422,.0003471142053604,,.7769499969482422,LKA,.1278380197969133,.0993237490910811,-.00601496256552,.0933087865255611,.3075840759277344,.0933087865255611,0,0,.0666899871826172,2001,.3464695358276367,2000,.3546077346801758,0,0,,,,,,,,,,,,
Sri Lanka,LKA,2000,.4732791900634766,.3464695358276367,.0841800022125244,.0617600011825562,.792020034790039,.0002190317958593,.9083625030517578,.792020034790039,LKA,.1314093560023156,.1040788427126906,-.0062742637097962,.0978045790028944,.3315895080566406,.0978045790028944,0,0,.170989990234375,2002,.3556459426879883,2001,.3516964340209961,1,1,0,.0619941385844385,0,.0214790804193846,0,.0671973814531955,0,.0222819466587595,0,.0619941385844385,0,.0205566059156092
Sri Lanka,LKA,2001,.4743634033203125,.3556459426879883,-.0194799995422363,.1415799999237061,.8436399841308594,.000268025342375,.92625732421875,.8436399841308594,LKA,.1432767891363582,.1208740281133177,-.0060023533968306,.1148716747164871,.393221321105957,.1148716747164871,0,0,.0208599853515625,2003,.3639169311523437,2002,.3464695358276367,1,1,0,.0790612342980312,0,.0281178072019992,0,.0842644771667882,0,.0331345890338272,0,.0790612342980312,0,.0310885629989394
Sri Lanka,LKA,2002,.4667110443115234,.3639169311523437,.0372699999809265,.0955099964141846,.963010025024414,.0003245826438069,.9198123931884765,.963010025024414,LKA,.1715229296102965,.1651783007362725,-.0079214918318994,.157256808904373,.4331870269775391,.157256808904373,0,0,-.0980200195312499,2004,.3589512252807617,2003,.3556459426879883,1,1,0,.1214463684859171,0,.0441963897189917,0,.1266496113546741,0,.0548629686105921,0,.1214463684859171,0,.0526089913016331
Sri Lanka,LKA,2003,.4705816268920898,.3589512252807617,.0594000005722046,.089689998626709,.8644999694824219,.0004193340614438,1.109533004760742,.8644999694824219,LKA,.148406019329236,.1282969991811322,-.0069507867476318,.1213462124335004,.439887809753418,.1213462124335004,0,0,-.0986100006103516,2005,.3569894790649414,2004,.3639169311523437,1,1,0,.0855357720150445,0,.0307031701701361,0,.0907390148838015,0,.0399149865164182,0,.0855357720150445,0,.0376261434072656
Sri Lanka,LKA,2004,.4694029998779297,.3569894790649414,.0544500017166138,.0901399993896484,.8649900054931641,.0003757132217288,1.081873550415039,.8649900054931641,LKA,.1486126437696382,.1285484515506529,-.0072463751277492,.1213020764229037,.3741501998901367,.1213020764229037,0,0,-.1220899963378906,2006,.3386230087280274,2005,.3589512252807617,1,1,0,.0854916360044478,0,.0305196146016374,0,.0906948788732048,0,.0339335070594213,0,.0854916360044478,0,.0319867126999989
Sri Lanka,LKA,2005,.4722208404541016,.3386230087280274,.0624200010299683,.1100899982452393,.7658899688720703,.0004386624321342,1.039000015258789,.7658899688720703,LKA,.1254423198184489,.0960750144209921,-.0065396876673966,.0895353267535955,.2913734817504883,.0895353267535955,0,0,-.0473999786376953,2007,.3360476684570313,2006,.3569894790649414,1,1,0,.0537248863351396,0,.0181924826543763,0,.0589281292038966,0,.017170094179182,0,.0537248863351396,0,.0156540071881189
Sri Lanka,LKA,2006,.4751982879638672,.3360476684570313,.0766800022125244,.0993900012969971,.7429000091552734,.0004218895360827,.98,.7429000091552734,LKA,.1198834418045051,.0890614100141325,-.0057929723149376,.0832684376991949,.2968514633178711,.0832684376991949,0,0,-.0550800323486328,2008,.3351395797729492,2007,.3386230087280274,1,1,0,.047457997280739,0,.0159481493358325,0,.052661240149496,0,.0156325661985117,0,.047457997280739,0,.0140879759389229
Sri Lanka,LKA,2007,.4766225051879883,.3351395797729492,.0679699993133545,.1589500045776367,.718489990234375,.0004907720163465,.9780000305175781,.718489990234375,LKA,.1141184927119045,.0819929947141379,-.0054357922595378,.0765572024546,.3067462921142578,.0765572024546,0,0,.009010009765625,2009,.3364783859252929,2008,.3360476684570313,1,1,0,.0407467620361441,0,.0136558527059017,0,.0459500049049011,0,.0140949936272104,0,.0407467620361441,0,.0124989181702492
Sri Lanka,LKA,2008,.4768507385253906,.3364783859252929,.0594999980926514,.2235600090026856,.6878199768066406,.0003444781154394,.87,.6878199768066406,LKA,.1069985018091647,.0735957070327249,-.0053785535218532,.0682171535108718,.3095165634155274,.0682171535108718,0,0,-.0005099487304687,2010,.3341410446166992,2009,.3351395797729492,1,1,0,.0324067130924158,0,.0109041585144801,0,.0376099559611729,0,.0116409043193115,0,.0324067130924158,0,.0100304144679575
Sri Lanka,LKA,2009,.4788369369506836,.3341410446166992,.0353900003433228,.0350300002098083,.7275,.0006807290762663,1.016999969482422,.7275,LKA,.1160298364192106,.0844117059949757,-.004880433957249,.0795312720377267,.4268369674682617,.0795312720377267,0,0,-.0332199859619141,2011,.3285117721557617,2010,.3364783859252929,1,1,0,.0437208316192708,0,.014608924348774,0,.0489240744880278,0,.0208826035906611,0,.0437208316192708,0,.01866166718356
Sri Lanka,LKA,2010,.4859460830688477,.3285117721557617,.0801599979400635,.0621400022506714,.6873100280761719,.0008470165729523,.9980000305175781,.6873100280761719,LKA,.1061615763614874,.0729659160296245,-.0030975281186418,.0698683879109828,.4227132034301758,.0698683879109828,0,0,-.0122700500488282,2012,.3315810394287109,2011,.3341410446166992,1,1,0,.0340579474925269,0,.0111884366867579,0,.0392611903612839,0,.0165962235481002,0,.0340579474925269,0,.0143967440868228
Sri Lanka,LKA,2011,.4866070938110352,.3315810394287109,.0866899967193604,.0673000001907349,.6942800140380859,.0007300288230181,.9069999694824219,.6942800140380859,LKA,.1077233049731503,.0747901376889878,-.0029317529478914,.0718583847410964,.3628257751464844,.0718583847410964,0,0,.0002899932861328,2013,.336944465637207,2012,.3285117721557617,1,1,0,.0360479443226405,0,.0119528148477695,0,.0412511871913975,0,.0149669939684315,0,.0360479443226405,0,.0130791233412994
Sri Lanka,LKA,2012,.4905566024780273,.336944465637207,.0863199996948242,.0754699993133545,.6750399780273437,.0007086417078972,.894000015258789,.6750399780273437,LKA,.1029559339285918,.0694993713769412,-.0019412539561744,.0675581174207668,.3826203918457031,.0675581174207668,0,0,.0205699920654298,2014,.3518498229980469,2013,.3315810394287109,1,1,0,.0317476770023109,0,.0106972040627663,0,.0369509198710679,0,.0141381754401272,0,.0317476770023109,0,.012147308614815
Sri Lanka,LKA,2013,.4906317138671875,.3518498229980469,.0405200004577637,.0688399982452393,.6945700073242187,.0007187623530626,.9359999847412109,.6945700073242187,LKA,.1074723739562566,.0746470875659483,-.0019224167383069,.0727246708276414,.3850064468383789,.0727246708276414,0,0,.0687699890136719,2015,.3684761810302735,2014,.336944465637207,1,1,0,.0369142304091855,0,.012988265435581,0,.0421174732779425,0,.016215498736551,0,.0369142304091855,0,.0142122166876138
Sri Lanka,LKA,2014,.4861583328247071,.3684761810302735,.0637799978256226,.0278399991989136,.6956099700927735,.0007396991550922,.975,.6956099700927735,LKA,.1080667371727297,.0751722998127461,-.0030442979103053,.0721280019024409,.3622864151000977,.0721280019024409,0,0,.0543900299072265,2016,.3852066040039063,2015,.3518498229980469,1,1,0,.036317561483985,0,.0133821563599509,0,.041520804352742,0,.0150424233610274,0,.036317561483985,0,.0131573591552103
Sri Lanka,LKA,2015,.4862101364135742,.3852066040039063,.0420599985122681,.0222399997711182,.7633399963378906,.0006312876939774,1,.7633399963378906,LKA,.123746217510185,.0944604372210524,-.0030313060657831,.0914291311552693,.3608867645263672,.0914291311552693,0,0,-.0407399749755859,2017,.3862142181396485,2016,.3684761810302735,1,1,0,.0556186907368134,0,.0214246869778714,0,.0608219336055704,0,.0219498308311518,0,.0556186907368134,0,.0200720493472012
Sri Lanka,LKA,2016,.4870208358764648,.3862142181396485,.0505399990081787,.0398499989509583,.75,.0004944392666221,1.04,.75,LKA,.1205931332085754,.0904448499064316,-.0028279903958393,.0876168595105923,.3606445693969726,.0876168595105923,0,0,.0858499908447266,2018,.3826420211791992,2017,.3852066040039063,1,1,0,.0518064190921364,0,.0200083756442844,0,.0570096619608934,0,.0205602249893534,0,.0518064190921364,0,.0186837037054826
Sri Lanka,LKA,2017,.4846091842651367,.3826420211791992,.0646099996566772,.0657999992370605,.7226000213623047,.0006152342632413,1.053000030517578,.7226000213623047,LKA,.1144389927514304,.0826936186068643,-.003432809549512,.0792608090573523,.3998122787475586,.0792608090573523,0,0,.1033399963378906,2019,.3837472534179687,2018,.3862142181396485,1,1,0,.0434503686388964,0,.0166259368769686,0,.0486536115076534,0,.0194523112861733,0,.0434503686388964,0,.0173719908979386
Sri Lanka,LKA,2018,.474161491394043,.3837472534179687,.0230999994277954,.0427299976348877,.8358499908447266,.0005229003727436,1.055999984741211,.8358499908447266,LKA,.1414888950859861,.1182634916622519,-.0060529909764002,.1122105006858517,.4410549545288086,.1122105006858517,0,0,.1329599761962891,2020,.3947871017456055,2019,.3826420211791992,1,1,0,.0764000602673958,0,.0293183132885804,0,.0816033031361528,0,.0359915411541165,0,.0764000602673958,0,.0336966251072345
Sri Lanka,LKA,2019,.4622436141967773,.3947871017456055,-.0021999999880791,.0430399990081787,.8259400177001953,.0005791417136788,1.036999969482422,.8259400177001953,LKA,.1401360580345221,.1157439782534688,-.00904188056815,.1067020976853188,.4746941375732422,.1067020976853188,0,0,.2007499694824219,2021,.3949221420288086,2020,.3837472534179687,1,1,0,.0708916572668629,0,.0279871119103276,0,.0760949001356199,0,.0361218029936001,0,.0708916572668629,0,.0336518541074314
Sri Lanka,LKA,2020,.4492264175415039,.3949221420288086,-.04625,.0456899976730347,.9688099670410156,.0004496821388602,1.061999969482422,.9688099670410156,LKA,.1742478453643775,.1688130493244305,-.0123064689636097,.1565065803608209,.7137974548339844,.1565065803608209,0,0,.1906100463867187,2022,.3893318176269531,2021,.3947871017456055,1,1,0,.1206961399423649,0,.0476655781206476,0,.125899382811122,0,.0898666590157483,0,.1206961399423649,0,.0861525974991465
Sri Lanka,LKA,2021,.4572139358520508,.3893318176269531,.0420699977874756,.059539999961853,1.026689987182617,.0002389996871352,.9730000305175781,1.026689987182617,LKA,.1870192654374168,.192010807234844,-.0103032757818758,.1817075314529682,.7161592864990234,.1817075314529682,0,0,.0770700073242188,2023,.3782544326782227,2022,.3949221420288086,1,1,0,.1458970910345123,0,.0568023796389517,0,.1511003339032693,0,.1082119073179295,0,.1458970910345123,0,.1044855566175594
Sri Lanka,LKA,2022,.4741091156005859,.3782544326782227,-.0734899997711182,.4521400070190429,1.159420013427734,.0001559287495911,.8859999847412109,1.159420013427734,LKA,.2164189553539732,.2509204681225198,-.0060661263243596,.2448543417981602,.7777379608154297,.2448543417981602,0,0,,,.3842419815063476,2023,.3893318176269531,0,1,,,,,0,.2142471442484613,0,.1666281370783275,0,.2090439013797043,0,.162581377579953
Sri Lanka,LKA,2023,.474665412902832,.3842419815063476,-.0232999992370605,.1736499977111816,1.103759994506836,.0003708774223924,.855999984741211,1.103759994506836,LKA,.2034863469839451,.2246000892292153,-.0059266122826322,.2186734769465832,.7986978149414062,.2186734769465832,0,0,,,,,.3782544326782227,0,0,,,,,,,,,,,,
Lithuania,LTU,1995,.3956436157226563,.4447187805175781,,,,.0428371572494507,,,LTU,,,-.0257445230736058,,,,,,,,.4456064605712891,1996,,0,0,,,,,,,,,,,,
Lithuania,LTU,1996,.3914973068237305,.4456064605712891,.0523899984359741,.2233099937438965,,.0412961387634277,,,LTU,,,-.0267843776808527,,,,,,,,.448662109375,1997,.4447187805175781,0,0,,,,,,,,,,,,
Lithuania,LTU,1997,.3910124588012696,.448662109375,.0836400032043457,.0872999954223633,,.0482119750976562,,,LTU,,,-.0269059729267113,,,,,,,,.4508704376220703,1998,.4456064605712891,0,0,,,,,,,,,,,,
Lithuania,LTU,1998,.3881405639648438,.4508704376220703,.0766800022125244,.0537099981307983,.2169499969482422,.061555905342102,,.2169499969482422,LTU,.004974903544834,.0010793053088695,-.0276262166784394,-.0265469113695698,,-.0265469113695698,0,0,.0179000091552734,2000,.4450762557983399,1999,.448662109375,0,0,,,,,,,,,,,,
Lithuania,LTU,1999,.3894263076782227,.4450762557983399,-.0108800005912781,.0144000005722046,.2800200080871582,.0531435060501099,,.2800200080871582,LTU,.0194777868674703,.005454170036149,-.0273037644548623,-.0218495944187134,,-.0218495944187134,0,0,-.051200008392334,2001,.4450077438354492,2000,.4508704376220703,0,0,,,,,,,,,,,,
Lithuania,LTU,2000,.3904580307006836,.4450077438354492,.0334400010108948,.0110000002384186,.2348500061035156,.0561004209518433,.9919983673095704,.2348500061035156,LTU,.0089366735166128,.0020987778299217,-.0270450181905436,-.024946240360622,.0330799555778503,-.024946240360622,0,0,-.0135799980163574,2002,.4555531311035156,2001,.4450762557983399,1,1,.0607566807790779,0,.027037193436428,0,.0555534379103209,0,.0018377052582703,0,.0607566807790779,0,.0020098283012295,0
Lithuania,LTU,2001,.3852834701538086,.4555531311035156,.0664200019836426,.015460000038147,.2288199996948242,.0644395399093628,.9811476135253906,.2288199996948242,LTU,.007949330692526,.0018189658466379,-.0283427484745897,-.0265237826279518,.0191689419746399,-.0265237826279518,0,0,-.0251399993896484,2003,.4701134872436523,2002,.4450077438354492,1,1,.0623342230464077,0,.028396550483696,0,.0571309801776507,0,.0010951404439797,0,.0623342230464077,0,.0011948811046109,0
Lithuania,LTU,2002,.3823907089233398,.4701134872436523,.0654400014877319,.0033399999141693,.2212700080871582,.0874389743804932,.9847234344482422,.2212700080871582,LTU,.0064296801041267,.001422695368638,-.0290682253183307,-.0276455299496927,.0245826172828674,-.0276455299496927,0,0,-.0351200103759766,2004,.4761689376831055,2003,.4555531311035156,1,1,.0634559703681487,0,.0298315075162002,0,.0582527274993916,0,.0014320045058007,0,.0634559703681487,0,.0015599138338732,0
Lithuania,LTU,2003,.3819135665893555,.4761689376831055,.105319995880127,-.0107000005245209,.2036800003051758,.1130853176116943,1.025598220825195,.2036800003051758,LTU,.0023942458583761,.0004876599971647,-.0291878880512338,-.0287002280540691,.0262941145896912,-.0287002280540691,0,0,-.0272500038146972,2005,.479157829284668,2004,.4701134872436523,1,1,.064510668472525,0,.0307179764757893,0,.059307425603768,0,.0015594362448451,0,.064510668472525,0,.0016962509090742,0
Lithuania,LTU,2004,.3811241912841797,.479157829284668,.0630900001525879,.0115299999713898,.1861499977111817,.1108255767822266,1.038482131958008,.1861499977111817,LTU,-.0016026165504171,-.000298327067192,-.029385855826415,-.029684182893607,.0189235687255859,-.029684182893607,0,0,-.0131699943542481,2006,.5006911087036133,2005,.4761689376831055,1,1,.0654946233120629,0,.0313822615360251,0,.0602913804433059,0,.0011409280813793,0,.0654946233120629,0,.0012393920054022,0
Lithuania,LTU,2005,.3824203872680664,.5006911087036133,.0817899990081787,.0267499995231628,.1764299964904785,.108764181137085,1.001999969482422,.1764299964904785,LTU,-.0039558250058928,-.0006979261919066,-.0290607822733836,-.0297587084652902,.0151918971538544,-.0297587084652902,0,0,-.0175399971008301,2007,.5412668228149414,2006,.479157829284668,1,1,.0655691488837461,0,.0328298898513551,0,.0603659060149891,0,.000917072635779,0,.0655691488837461,0,.0009961197663076,0
Lithuania,LTU,2006,.3830506515502929,.5412668228149414,.0730800008773804,.0375200009346008,.1729800033569336,.1533410930633545,.9769999694824218,.1729800033569336,LTU,-.0048045182304622,-.0008310855796338,-.0289027180206632,-.029733803600297,.0132365000247955,-.029733803600297,0,0,-.0271000003814697,2008,.5492793655395508,2007,.5006911087036133,1,1,.0655442440187529,0,.0354769247138376,0,.0603410011499959,0,.0007987036632181,0,.0655442440187529,0,.0008675763875794,0
Lithuania,LTU,2007,.3808843231201172,.5492793655395508,.110959997177124,.0581899976730347,.1588899993896484,.1843994140625,.9930000305175781,.1588899993896484,LTU,-.0078959879228579,-.0012545935162436,-.0294460124673244,-.030700605983568,.0101522839069366,-.030700605983568,0,0,.1201399993896484,2009,.5556310272216797,2008,.5412668228149414,1,1,.0665110464020238,0,.0365331453690753,0,.0613078035332669,0,.0006224142271804,0,.0665110464020238,0,.0006752390260208,0
Lithuania,LTU,2008,.3780974578857422,.5556310272216797,.0219000005722046,.110930004119873,.1458800029754639,.1507521629333496,.965,.1458800029754639,LTU,-.0106883273930195,-.0015592132318964,-.0301449316082721,-.0317041448401685,.0106659066677094,-.0317041448401685,0,0,.221170015335083,2010,.5565301513671875,2009,.5492793655395508,1,1,.0675145852586244,0,.0375131983596951,0,.0623113423898674,0,.00066460696227,0,.0675145852586244,0,.0007201042650776,0
Lithuania,LTU,2009,.3750642395019531,.5565301513671875,-.1450699996948242,.0416099977493286,.2790299987792969,.181268482208252,.980999984741211,.2790299987792969,LTU,.0203836321600972,.0056876448567495,-.0309056337624184,-.0252179889056688,.029365656375885,-.0252179889056688,0,0,.0956800079345703,2011,.5582549285888672,2010,.5556310272216797,1,1,.0610284293241247,0,.0339641610094568,0,.0558251864553677,0,.001639343242568,0,.0610284293241247,0,.0017921398846922,0
Lithuania,LTU,2010,.3782148361206055,.5582549285888672,.0028299999237061,.0119000005722046,.3670500183105469,.1800811576843262,.96,.3670500183105469,LTU,.040516556178882,.0148716026873389,-.0301154942698372,-.0152438915824983,.0450615215301514,-.0152438915824983,0,0,.0320299911499023,2012,.5567469787597656,2011,.5565301513671875,1,1,.0510543320009542,0,.028501332465345,0,.0458510891321972,0,.0020661198401114,0,.0510543320009542,0,.0023005858806685,0
Lithuania,LTU,2011,.3789196395874023,.5567469787597656,.0633400011062622,.04125,.3747100067138672,.210504207611084,.9530000305175781,.3747100067138672,LTU,.0422346007396657,.0158257275267176,-.0299387363026867,-.0141130087759691,.0484422969818115,-.0141130087759691,0,0,.0138800048828125,2013,.568297004699707,2012,.5582549285888672,1,1,.049923449194425,0,.0277947295082628,0,.044720206325668,0,.0021663495159159,0,.049923449194425,0,.0024184065522327,0
Lithuania,LTU,2012,.3779197692871094,.568297004699707,.0437599992752075,.0316700005531311,.3990800094604492,.2097361755371094,.9519999694824218,.3990800094604492,LTU,.0479567458377548,.0191385785826235,-.0301894942089966,-.0110509156263731,.0567312288284302,-.0110509156263731,0,0,.0081599807739258,2014,.5759629058837891,2013,.5567469787597656,1,1,.046861356044829,0,.0266311682764428,0,.041658113176072,0,.0023633159511524,0,.046861356044829,0,.0026585023129897,0
Lithuania,LTU,2013,.3751171875,.5759629058837891,.040789999961853,.0115900003910065,.3885900115966797,.1907226371765137,.9580000305175781,.3885900115966797,LTU,.0457491797354053,.0177776742839197,-.0308923549110217,-.013114680627102,.0520278453826904,-.013114680627102,0,0,.0355799865722656,2015,.5983777999877929,2014,.568297004699707,1,1,.0489251210455579,0,.0281790548881156,0,.0437218781768009,0,.0022747551176234,0,.0489251210455579,0,.0025454686330877,0
Lithuania,LTU,2014,.3712904739379883,.5983777999877929,.0376799988746643,.0024300000071526,.407239990234375,.1987536811828613,.9790000152587891,.407239990234375,LTU,.0503702120192659,.0205127646508293,-.0318520580650975,-.0113392934142683,.0499488162994385,-.0113392934142683,0,0,-.0092300033569336,2016,.5890998077392579,2015,.5759629058837891,1,1,.0471497338327242,0,.0282133540008355,0,.0419464909639672,0,.0020951775715653,0,.0471497338327242,0,.0023550733937782,0
Lithuania,LTU,2015,.3690551376342773,.5890998077392579,.0284500002861023,-.0067799997329712,.4241699981689453,.0375725078582764,1,.4241699981689453,LTU,.0544671946978679,.0231033498752622,-.0324126590262952,-.0093093091510329,.0450162649154663,-.0093093091510329,0,0,-.0329199981689453,2017,.5759356307983399,2016,.5983777999877929,1,1,.0451197495694888,0,.0265800357966293,0,.0399165067007318,0,.0017968920401401,0,.0451197495694888,0,.0020311225995396,0
Lithuania,LTU,2016,.3660577011108399,.5759356307983399,.0261400008201599,.0067900002002716,.3980099868774414,.0560908031463623,1.009000015258789,.3980099868774414,LTU,.0486464781938183,.0193617841475554,-.0331643874321633,-.013802603284608,.0397322201728821,-.013802603284608,0,0,-.0645800018310547,2018,.5715707397460937,2017,.5890998077392579,1,1,.0496130437030639,0,.0285739196209497,0,.0444098008343069,0,.0017644999845825,0,.0496130437030639,0,.001971236375857,0
Lithuania,LTU,2017,.3676458740234375,.5715707397460937,.047039999961853,.0372000002861023,.39125,.0916873550415039,1.001999969482422,.39125,LTU,.0469556149733002,.0183713843583037,-.0327660888585338,-.0143947045002301,.0342465758323669,-.0143947045002301,0,0,-.0353400039672851,2019,.5777058792114258,2018,.5759356307983399,1,1,.050205144918686,0,.0286957918202332,0,.045001902049929,0,.0015411610511536,0,.050205144918686,0,.0017193543026328,0
Lithuania,LTU,2018,.3713079452514648,.5777058792114258,.0483199977874756,.0253200006484985,.3334299850463867,.1134295654296875,1.014000015258789,.3334299850463867,LTU,.0332773758124614,.011095674919532,-.0318476764268125,-.0207520015072805,.0270790219306946,-.0207520015072805,0,0,.1255000305175781,2020,.5848808670043946,2019,.5715707397460937,1,1,.0565624419257364,0,.0326764552430528,0,.0513591990569794,0,.0013907568776069,0,.0565624419257364,0,.0015316556053607,0
Lithuania,LTU,2019,.3706695175170898,.5848808670043946,.0472300004959106,.0224000000953674,.3559099960327148,.0954418277740478,1.015,.3559099960327148,LTU,.038533307888558,.0137143894577441,-.0320077879952381,-.018293398537494,.0254479050636292,-.018293398537494,0,0,.0774399948120117,2021,.5889252853393555,2020,.5777058792114258,1,1,.0541038389559499,0,.0316443002368221,0,.0489005960871929,0,.0012444177267818,0,.0541038389559499,0,.0013768293573289,0
Lithuania,LTU,2020,.369678955078125,.5889252853393555,.0004800000041723,.0106299996376038,.4589300155639648,.0909205341339111,1.038000030517578,.4589300155639648,LTU,.0624669265065267,.0286679475538734,-.0322562115789682,-.0035882640250948,.0191157233715057,-.0035882640250948,0,0,-.0757300186157226,2022,.5928899383544922,2021,.5848808670043946,1,1,.0393987044435507,0,.0232028932564191,0,.0341954615747937,0,.0006536709840247,0,.0393987044435507,0,.0007531347353386,0
Lithuania,LTU,2021,.3651355743408203,.5928899383544922,.0637599992752075,.0462799978256226,.4333499908447266,.0984047412872315,.9840000152587891,.4333499908447266,LTU,.0569026939628664,.0246587819078484,-.0333956480047943,-.0087368660969459,.012569408416748,-.0087368660969459,0,0,-.0622900009155274,2023,.5925260543823242,2022,.5889252853393555,1,1,.0445473065154018,0,.0264116498137752,0,.0393440636466448,0,.0004945316047492,0,.0445473065154018,0,.0005599332894581,0
Lithuania,LTU,2022,.3599204635620117,.5925260543823242,.0244400000572205,.1885400009155273,.3831999969482422,.0923626518249512,.9769999694824218,.3831999969482422,LTU,.04570212536136,.0175130542990013,-.0347035478990959,-.0171904936000945,.0074231177568436,-.0171904936000945,0,0,,,.5983865356445313,2023,.5928899383544922,0,1,,,,,.0477976911497934,0,.0003548078899102,0,.0530009340185504,0,.0003934321744424,0
Lithuania,LTU,2023,.3596426391601563,.5983865356445313,.0082599997520447,.086870002746582,.3710599899291992,.1053175163269043,1.025,.3710599899291992,LTU,.0429129411757647,.0159232755205116,-.0347732236013451,-.0188499480808336,.0059412986040115,-.0188499480808336,0,0,,,,,.5925260543823242,0,0,,,,,,,,,,,,
Morocco,MAR,1995,.4360785293579101,.3553836059570312,-.0632800006866455,.0628700017929077,.7222000122070312,.0089255052804947,.7571509552001953,.7222000122070312,MAR,.1181819393460989,.0853509980384032,-.015603833544145,.0697471644942582,.2483450698852539,.0697471644942582,0,0,-.0426399993896485,1997,.3554626846313477,1996,,1,0,0,.0339367240758023,0,.0120605553764274,,,,,,,,
Morocco,MAR,1996,.4323079681396484,.3554626846313477,.1346000003814697,.0281699991226196,.6533499908447266,.0082334047555923,.7781999206542969,.6533499908447266,MAR,.1025370211453063,.0669925618265314,-.0165494542275754,.050443107598956,.2300065040588379,.050443107598956,0,0,-.0081500244140625,1998,.361606674194336,1997,.3553836059570312,1,1,0,.0146326671805001,0,.0052013671592976,0,.0198359100492571,0,.0045623883252552,0,.0146326671805001,0,.0033656086232433
Morocco,MAR,1997,.4317449951171875,.361606674194336,-.0201200008392334,.0109599995613098,.6795600128173828,.0086989164352417,.8057794952392578,.6795600128173828,MAR,.1086507116106817,.0738346789747726,-.0166906424760712,.0571440364987014,.2117231369018555,.0571440364987014,0,0,-.0459300231933594,1999,.3664862060546875,1998,.3554626846313477,1,1,0,.0213335960802455,0,.0077143707271829,0,.0265368389490025,0,.0056184627857422,0,.0213335960802455,0,.0045168158835067
Morocco,MAR,1998,.4315542984008789,.3664862060546875,.0797900009155273,.0271000003814697,.645199966430664,.0089017623662949,.9001422882080078,.645199966430664,MAR,.1007093658735887,.0649776794808929,-.01673846738827,.0482392120926229,.2031257820129395,.0482392120926229,0,0,.0034000396728516,2000,.3603073501586914,1999,.361606674194336,1,1,0,.012428771674167,0,.0045549733767854,0,.017632014542924,0,.003581516742495,0,.012428771674167,0,.0025246039657754
Morocco,MAR,1999,.4304217147827148,.3603073501586914,.0052899998426437,.0079199999570847,.6336299896240234,.0112532079219818,.8831492614746094,.6336299896240234,MAR,.0981197330230397,.0621716054173006,-.017022508525134,.0451490968921666,.183981876373291,.0451490968921666,0,0,-.0292799758911132,2001,.3548196029663086,2000,.3664862060546875,1,1,0,.0093386564737107,0,.003364786568085,0,.0145418993424677,0,.0026754459270587,0,.0093386564737107,0,.0017181435408389
Morocco,MAR,2000,.4321427154541015,.3548196029663086,.0159300005435944,.0183200001716614,.6486000061035156,.0094288045167923,.8501343536376953,.6486000061035156,MAR,.1014501745820635,.0658005838531291,-.016590898020263,.0492096858328661,.201578369140625,.0492096858328661,0,0,-.0548799896240234,2002,.3526630401611328,2001,.3603073501586914,1,1,0,.0133992454144102,0,.0047543149379892,0,.0186024882831672,0,.0037498592500784,0,.0133992454144102,0,.0027009980383518
Morocco,MAR,2001,.433743782043457,.3526630401611328,.0755200004577637,.0064300000667572,.6043500137329102,.0151490795612335,.8235999298095703,.6043500137329102,MAR,.0910771012779385,.0550424474080758,-.0161893658358467,.038853081572229,.195108470916748,.038853081572229,0,0,-.0350600051879884,2003,.3501792144775391,2002,.3548196029663086,1,1,0,.0030426411537731,0,.001073027079409,0,.0082458840225301,0,.0016088418229927,0,.0030426411537731,0,.000593645063061
Morocco,MAR,2002,.4320481491088867,.3501792144775391,.0331599998474121,.0280999994277954,.5937200164794922,.0175482213497162,.8587002563476562,.5937200164794922,MAR,.0887496302786199,.052692431951571,-.0166146143549981,.0360778175965729,.1564933586120605,.0360778175965729,0,0,-.0494100189208985,2004,.3428762817382813,2003,.3526630401611328,1,1,0,.000267377178117,0,.0000936299302022,0,.005470620046874,0,.0008561157048258,0,.000267377178117,0,.0000418427526197
Morocco,MAR,2003,.4308837509155273,.3428762817382813,.0631699991226196,.0111800003051758,.5692900085449218,.0225050973892212,.8963356018066406,.5692900085449218,MAR,.0831846412109698,.0473561851057993,-.0169066342829751,.0304495508228241,.1551952838897705,.0304495508228241,0,0,-.0216200256347656,2005,.3498526763916016,2004,.3501792144775391,1,1,.0053608895956318,0,.0018381218913597,0,.0001576467268748,0,.0000244660285316,0,.0053608895956318,0,.0008319847826958,0
Morocco,MAR,2004,.4244273376464844,.3498526763916016,.0480200004577637,.0147399997711182,.5443099975585938,.0252690768241882,.8898881530761719,.5443099975585938,MAR,.077910542585506,.0424074872445055,-.0185258409672247,.0238816462772808,.1425939083099365,.0238816462772808,0,0,-.0378900146484376,2006,.3396831893920899,2005,.3428762817382813,1,1,.0119287941411751,0,.0041733205564146,0,.0067255512724181,0,.000959022641473,0,.0119287941411751,0,.0017009733780148,0
Morocco,MAR,2005,.4201832199096679,.3396831893920899,.029779999256134,.010900000333786,.5476699829101562,.0243965792655945,.845,.5476699829101562,MAR,.0790240109629843,.0432790787335896,-.0195902250953512,.0236888536382384,.1243690967559814,.0236888536382384,0,0,-.0770099639892578,2007,.3526963806152344,2006,.3498526763916016,1,1,.0121215867802175,0,.0041174992579973,0,.0069183439114605,0,.0008604281833156,0,.0121215867802175,0,.0015075507991049,0
Morocco,MAR,2006,.4117731857299805,.3526963806152344,.0776000022888184,.0323399996757507,.5064199829101562,.0284398674964905,.8530000305175781,.5064199829101562,MAR,.0701368338649344,.0355186942072525,-.0216993812151756,.013819312992077,.116919641494751,.013819312992077,0,0,-.0865099716186523,2008,.3567083358764648,2007,.3396831893920899,1,1,.0219911274263789,0,.0077561910489323,0,.0167878845576219,0,.0019628334439324,0,.0219911274263789,0,.0025711947347576,0
Morocco,MAR,2007,.4165604019165039,.3567083358764648,.0270600008964539,.0197200000286102,.4706600189208984,.0329152631759644,.835999984741211,.4706600189208984,MAR,.0614778985370631,.0289351888886712,-.0204987931912749,.0084363956973963,.1038610649108887,.0084363956973963,0,0,-.0444400024414062,2009,.3600707626342773,2008,.3526963806152344,1,1,.0273740447210596,0,.0097645499386571,0,.0221708018523026,0,.0023026830903085,0,.0273740447210596,0,.0028430974356475,0
Morocco,MAR,2008,.4099971389770508,.3600707626342773,.059229998588562,.0375399994850159,.4199100112915039,.0285673880577087,.985999984741211,.4199100112915039,MAR,.0502449405550022,.0210983535557919,-.0221447967507133,-.0010464431949214,.0811260032653809,-.0010464431949214,0,0,.0328499984741211,2010,.3679217147827148,2009,.3567083358764648,1,1,.0368568836133773,0,.0132710861909916,0,.0316536407446203,0,.0025679333624093,0,.0368568836133773,0,.0029900516603706,0
Morocco,MAR,2009,.404205436706543,.3679217147827148,.0424399995803833,-.0021899999678135,.4262200164794922,.0284282875061035,.905,.4262200164794922,MAR,.0521638277762263,.0222332675344166,-.023597300275318,-.0013640327409014,.081315860748291,-.0013640327409014,0,0,.0593299865722656,2011,.3694432830810547,2010,.3600707626342773,1,1,.0371744731593573,0,.0136772959109348,0,.0319712302906003,0,.002599768110262,0,.0371744731593573,0,.0030228742828174,0
Morocco,MAR,2010,.3965149307250976,.3694432830810547,.0381599998474121,.0098900002241135,.452760009765625,.027547333240509,.8919999694824219,.452760009765625,MAR,.058917244031816,.0266753719832087,-.0255260056062057,.001149366377003,.0833837795257568,.001149366377003,0,0,.0700600051879883,2012,.3585211563110351,2011,.3679217147827148,1,1,.0346610740414529,0,.0128053009889899,0,.0294578311726959,0,.002456305299811,0,.0346610740414529,0,.0028901713559984,0
Morocco,MAR,2011,.3930888748168945,.3585211563110351,.0524599981307983,.0097899997234344,.4855500030517578,.0222639894485474,.8919999694824219,.4855500030517578,MAR,.0667808745487994,.0324254538409686,-.0263852276534953,.0060402261874733,.0816934967041016,.0060402261874733,0,0,.0852099990844726,2013,.3679338073730469,2012,.3694432830810547,1,1,.0297702142309826,0,.0106732516297191,0,.0245669713622256,0,.0020069617940097,0,.0297702142309826,0,.0024320328981592,0
Morocco,MAR,2012,.3920806503295898,.3679338073730469,.0300999999046326,.0129299998283386,.5228200149536133,.0183670389652252,1.053000030517578,.5228200149536133,MAR,.0754908078805039,.0394681053049454,-.0266380807099896,.0128300245949558,.0872283744812012,.0128300245949558,0,0,.0628199768066406,2014,.3752790451049804,2013,.3585211563110351,1,1,.0229804158235002,0,.0084552718889562,0,.0177771729547431,0,.0015506738997134,0,.0229804158235002,0,.002004544317186,0
Morocco,MAR,2013,.3901324081420898,.3752790451049804,.0453499984741211,.0180900001525879,.5707600021362305,.0192715668678284,1.044000015258789,.5707600021362305,MAR,.0867457755954129,.0495110190641468,-.027126681213254,.0223843378508929,.0926969528198242,.0223843378508929,0,0,.0131800079345703,2015,.4052666473388672,2014,.3679338073730469,1,1,.013426102567563,0,.0050385349510366,0,.008222859698806,0,.0007622340375443,0,.013426102567563,0,.0012445587962595,0
Morocco,MAR,2014,.3899006271362305,.4052666473388672,.0266899991035461,.0052200001478195,.5856399917602539,.020242612361908,1.03,.5856399917602539,MAR,.0902097067098807,.0528304118942695,-.0271848096722498,.0256456022220197,.0988531494140625,.0256456022220197,0,0,.0152000045776367,2016,.4091756057739258,2015,.3752790451049804,1,1,.0101648381964362,0,.0041194698966118,0,.0049615953276792,0,.0004904693242592,0,.0101648381964362,0,.0010048262690021,0
Morocco,MAR,2015,.3879294586181641,.4091756057739258,.0434499979019165,.0155900001525879,.5839400100708008,.0217706918716431,1,.5839400100708008,MAR,.0899718480792063,.0525381618734603,-.0276791598799013,.024859001993559,.1092095947265625,.024859001993559,0,0,.0186700057983399,2017,.4076196670532227,2016,.4052666473388672,1,1,.0109514384248969,0,.004481061451603,0,.0057481955561399,0,.0006277581070951,0,.0109514384248969,0,.0011960021520559,0
Morocco,MAR,2016,.3882118225097656,.4076196670532227,.0052100002765656,.015349999666214,.6008399963378906,.0238918972015381,1.004000015258789,.6008399963378906,MAR,.0938628949674818,.0563965814685256,-.0276083457170496,.028788235751476,.1043730545043945,.028788235751476,0,0,.003740005493164,2018,.4083772277832031,2017,.4091756057739258,1,1,.0070222046669799,0,.0028623887283339,0,.0018189617982229,0,.0001898505989073,0,.0070222046669799,0,.0007329289504477,0
Morocco,MAR,2017,.3859732055664062,.4083772277832031,.0505800008773804,.0080599999427795,.6026100158691406,.0237323832511902,.955,.6026100158691406,MAR,.094449687841053,.0569163278887323,-.0281697694312876,.0287465584574447,.0987468433380127,.0287465584574447,0,0,.0000899887084961,2019,.4106909561157226,2018,.4076196670532227,1,1,.0070638819610112,0,.0028847285326255,0,.0018606390922542,0,.0001837322369514,0,.0070638819610112,0,.0006975360453622,0
Morocco,MAR,2018,.370643310546875,.4106909561157226,.0306599998474121,.0160000002384186,.6045800018310546,.0215066719055176,.9290000152587891,.6045800018310546,MAR,.0961174413090449,.0581106828426187,-.0320143604526657,.026096322389953,.096687707901001,.026096322389953,0,0,.1178700256347657,2020,.4170556640625,2019,.4083772277832031,1,1,.0097141180285029,0,.0039895004209468,0,.0045108751597459,0,.0004361461798234,0,.0097141180285029,0,.0009392358064557,0
Morocco,MAR,2019,.3663515472412109,.4170556640625,.0289100003242493,.0019699999690056,.6027000045776367,.022570207118988,.9350000000000001,.6027000045776367,MAR,.0960213041844617,.0578720404715257,-.0330906936336701,.0247813468378556,.1023500061035156,.0247813468378556,0,0,.0908099746704102,2021,.4268464279174805,2020,.4106909561157226,1,1,.0110290935806003,0,.0045997459472647,0,.0058258507118433,0,.0005962758559153,0,.0110290935806003,0,.0011288277952907,0
Morocco,MAR,2020,.3678908920288086,.4268464279174805,-.0717799997329712,.0068800002336502,.7224500274658203,.0331394910812378,.98,.7224500274658203,MAR,.1236289760377919,.089315757134074,-.0327046406866889,.0566111164473851,.0926076984405518,.0566111164473851,0,0,-.0087300109863281,2022,.4261339569091797,2021,.4170556640625,1,1,0,.0208006760289292,0,.0088786942612172,0,.0260039188976862,0,.0024081630795495,0,.0208006760289292,0,.0019263027330467
Morocco,MAR,2021,.3678104400634766,.4261339569091797,.0815499973297119,.0136600005626678,.6935099792480469,.0303434205055237,.9390000152587891,.6935099792480469,MAR,.1169339727675093,.081094877027387,-.032724817269971,.0483700597574161,.0878761577606201,.0483700597574161,0,0,-.0064599609375,2023,.430895881652832,2022,.4268464279174805,1,1,0,.0125596193389602,0,.0053520802861842,0,.0177628622077172,0,.0015609320816455,0,.0125596193389602,0,.0011036910904438
Morocco,MAR,2022,.3680765151977539,.430895881652832,.0181299996376038,.0664099979400635,.7137200164794922,.0270158219337463,.8809999847412109,.7137200164794922,MAR,.1215927828974164,.0867832030133314,-.032658088171634,.0541251148416974,.0807676315307617,.0541251148416974,0,0,,,.4306853103637696,2023,.4261339569091797,0,1,,,,,0,.0235179172919985,0,.0018994864782111,0,.0183146744232415,0,.0014792328754222
Morocco,MAR,2023,.3682608413696289,.4306853103637696,.0365599989891052,.0613700008392334,.6870500183105469,.0293001008033752,.9080000305175782,.6870500183105469,MAR,.115402506261041,.0792872940397312,-.0326118609310369,.0466754331086943,.0816531848907471,.0466754331086943,0,0,,,,,.430895881652832,0,0,,,,,,,,,,,,
Mexico,MEX,1995,.4039889526367187,.3511345672607422,-.0590999984741211,.3506100082397461,,.0012487303465605,.98822998046875,,MEX,,,-.0236515924090904,,.2333353424072266,,,,,,.3515017700195313,1996,,0,0,,,,,,,,,,,,
Mexico,MEX,1996,.4045524215698242,.3515017700195313,.0621799993515015,.343499984741211,.425369987487793,.0013467645645142,1.027391052246094,.425369987487793,MEX,.0519395713323176,.0220935348077493,-.023510279790949,-.0014167449831997,.2232200050354004,-.0014167449831997,0,0,-.0282899856567383,1998,.3577840042114258,1997,.3511345672607422,1,1,.0372271854016556,0,.0130854215615272,0,.0320239425328986,0,.007148384613447,0,.0372271854016556,0,.0083098525128114,0
Mexico,MEX,1997,.4042144393920898,.3577840042114258,.0719899988174438,.2059700012207031,.3911999893188476,.001856312006712,1.037463531494141,.3911999893188476,MEX,.0440538737499361,.0172338749404289,-.0235950424879047,-.0063611675474758,.1990614700317383,-.0063611675474758,0,0,.0254700088500976,1999,.3643913269042969,1998,.3515017700195313,1,1,.0421716079659317,0,.0150883267620855,0,.0369683650971747,0,.0073589771009136,0,.0421716079659317,0,.0083947422753005,0
Mexico,MEX,1998,.402436408996582,.3643913269042969,.0618499994277954,.1591699981689453,.3970800018310547,.0019306053221226,1.004767684936523,.3970800018310547,MEX,.0455559751805213,.0180893667080969,-.024040955502025,-.0059515887939281,.1694802093505859,-.0059515887939281,0,0,-.0125299835205078,2000,.3712958526611328,1999,.3577840042114258,1,1,.041762029212384,0,.0152177212389166,0,.036558786343627,0,.0061959907631213,0,.041762029212384,0,.0070778374538201,0
Mexico,MEX,1999,.4022658157348633,.3712958526611328,.0275500011444092,.1656599998474121,.4166699981689453,.0018767918646336,1.015456771850586,.4166699981689453,MEX,.0501057202111975,.0208775503486534,-.0240837386601272,-.0032061883114739,.1902479553222656,-.0032061883114739,0,0,-.0435200119018554,2001,.3789767074584961,2000,.3643913269042969,1,1,.0390166287299298,0,.0144867124322421,0,.0338133858611728,0,.0064329275226109,0,.0390166287299298,0,.0074228338394371,0
Mexico,MEX,2000,.4005976486206055,.3789767074584961,.0502899980545044,.0948600006103516,.3845500183105469,.0019973933696747,1.068901824951172,.3845500183105469,MEX,.0427998550260481,.0164586850339556,-.024502099014289,-.0080434139803334,.1803484725952148,-.0080434139803334,0,0,.0141099929809571,2002,.3840565490722656,2001,.3712958526611328,1,1,.0438538543987893,0,.0166195893494175,0,.0386506115300324,0,.0069705787543123,0,.0438538543987893,0,.0079089756582346,0
Mexico,MEX,2001,.4018668365478515,.3840565490722656,-.0045100000500679,.0636600017547607,.3731499862670898,.0025268331170082,1.039466781616211,.3731499862670898,MEX,.0400597529477997,.0149482962623345,-.0241837988234974,-.009235502561163,.2180393600463867,-.009235502561163,0,0,.0481800079345703,2003,.3889926910400391,2002,.3789767074584961,1,1,.0450459429796189,0,.0173001894104585,0,.0398427001108619,0,.0086872768346924,0,.0450459429796189,0,.0098217885799621,0
Mexico,MEX,2002,.3998594284057617,.3889926910400391,-.0023700000345707,.0503700017929077,.3986600112915039,.0028644770383835,1.068468246459961,.3986600112915039,MEX,.0461255115342986,.0183883969490899,-.0246872375821769,-.006298840633087,.1699078750610352,-.006298840633087,0,0,-.0096000289916992,2004,.3876393508911133,2003,.3840565490722656,1,1,.0421092810515429,0,.016380202554001,0,.0369060381827859,0,.0062706265245586,0,.0421092810515429,0,.0071546984638156,0
Mexico,MEX,2003,.3992446899414063,.3876393508911133,.0118599998950958,.0455000019073486,.4213299942016602,.0032977065443993,1.095146713256836,.4213299942016602,MEX,.0514235612780498,.0216662887751094,-.024841408108299,-.0031751193331895,.1482789039611817,-.0031751193331895,0,0,-.0529199981689453,2005,.3867420959472656,2004,.3889926910400391,1,1,.0389855597516454,0,.0151123370762545,0,.0337823168828884,0,.005009204920664,0,.0389855597516454,0,.0057807360702871,0
Mexico,MEX,2004,.3982107543945312,.3867420959472656,.0356500005722046,.0469399976730347,.3890599822998047,.0034633404016495,1.158463745117188,.3890599822998047,MEX,.0440328287807559,.0171314115860512,-.0251007092525752,-.007969297666524,.1418929481506348,-.007969297666524,0,0,-.0312899780273438,2006,.3974153137207031,2005,.3876393508911133,1,1,.0437797380849799,0,.0169314676670075,0,.0385764952162229,0,.0054737326355487,0,.0437797380849799,0,.0062120361061404,0
Mexico,MEX,2005,.3956916046142578,.3974153137207031,.0211299991607666,.0399000000953674,.3684099960327148,.003915089070797,.9240000152587891,.3684099960327148,MEX,.0394502135367364,.0145338530125588,-.0257324879186656,-.0111986349061069,.1370550632476807,-.0111986349061069,0,0,-.013120002746582,2007,.4741845703125,2006,.3867420959472656,1,1,.0470090753245627,0,.0186821264178313,0,.0418058324558058,0,.0057297010113524,0,.0470090753245627,0,.0064428317918229,0
Mexico,MEX,2006,.3946849060058594,.4741845703125,.0480499982833862,.0363299989700317,.3577700042724609,.0038474783301353,.999000015258789,.3577700042724609,MEX,.0370659789583649,.0132610954502972,-.0259849582993272,-.01272386284903,.1272173404693603,-.01272386284903,0,0,.0482799911499024,2008,.4759138870239258,2007,.3974153137207031,1,1,.0485343032674859,0,.0230142177403094,0,.0433310603987289,0,.0055124622636435,0,.0485343032674859,0,.0061744049832229,0
Mexico,MEX,2007,.393447380065918,.4759138870239258,.0207800006866455,.0396900010108948,.3552899932861328,.0043063580989838,1.021999969482422,.3552899932861328,MEX,.0365895139094078,.0129998881512164,-.0262953179665891,-.0132954298153727,.1177420139312744,-.0132954298153727,0,0,.0613800048828125,2009,.4752594375610352,2008,.4741845703125,1,1,.0491058702338286,0,.0233701655786739,0,.0439026273650716,0,.0051691837628378,0,.0491058702338286,0,.0057818240571788,0
Mexico,MEX,2008,.391776351928711,.4752594375610352,.0094300001859665,.0513000011444092,.4060499954223633,.0046619483828545,1.004000015258789,.4060499954223633,MEX,.0484755753501796,.0196835071490369,-.0267143958379372,-.0070308886889004,.1026683712005615,-.0070308886889004,0,0,-.0045000076293946,2010,.4790494537353516,2009,.4759138870239258,1,1,.0428413291073563,0,.0203607459759293,0,.0376380862385993,0,.0038642410092233,0,.0428413291073563,0,.0043984494795195,0
Mexico,MEX,2009,.389751091003418,.4790494537353516,-.0629500007629395,.052960000038147,.4166699981689453,.0052147150039673,1.06,.4166699981689453,MEX,.0510948092214448,.021289674064742,-.02722231190386,-.005932637839118,.1303750896453857,-.005932637839118,0,0,-.0049999999999999,2011,.5026663208007812,2010,.4752594375610352,1,1,.0417430782575739,0,.0199969988365228,0,.0365398353888169,0,.0047638843144446,0,.0417430782575739,0,.0054422575699055,0
Mexico,MEX,2010,.3875227355957031,.5026663208007812,.0497100019454956,.0415500020980835,.4015499877929687,.0059969818592072,1.050999984741211,.4015499877929687,MEX,.0477697333388584,.019181935839092,-.0277811621231227,-.0085992262840308,.1164564800262451,-.0085992262840308,0,0,.0065999984741211,2012,.5055548095703125,2011,.4790494537353516,1,1,.0444096667024867,0,.0223232437693279,0,.0392064238337297,0,.0045658421140932,0,.0444096667024867,0,.0051717934633103,0
Mexico,MEX,2011,.3864129638671875,.5055548095703125,.0344400000572205,.0340400004386902,.4116699981689453,.0071734803915024,1.009000015258789,.4116699981689453,MEX,.0502008341132427,.0206661772874781,-.028059482256287,-.0073933049688089,.1075668334960938,-.0073933049688089,0,0,.0289900207519531,2013,.513492202758789,2012,.5026663208007812,1,1,.0432037453872648,0,.0218418612719829,0,.0380005025185078,0,.0040875937271762,0,.0432037453872648,0,.0046472900864795,0
Mexico,MEX,2012,.385167236328125,.513492202758789,.0355299997329712,.0411100006103516,.4081499862670899,.0077568864822388,1.001999969482422,.4081499862670899,MEX,.0494841945086015,.0201969733091237,-.02837189880615,-.0081749254970262,.1147051334381104,-.0081749254970262,0,0,.0627799987792969,2014,.5143038177490235,2013,.5055548095703125,1,1,.0439853659154821,0,.0225861424330923,0,.0387821230467251,0,.0044485085990878,0,.0439853659154821,0,.0050453472666595,0
Mexico,MEX,2013,.3840207672119141,.5143038177490235,.0085199999809265,.0380399990081787,.4406600189208985,.0082955241203308,.9769999694824218,.4406600189208985,MEX,.0571028323923273,.0251629352024398,-.028659422293092,-.0034964870906522,.1145441150665283,-.0034964870906522,0,0,.0690699768066406,2015,.3734231948852539,2014,.513492202758789,1,1,.0393069275091081,0,.0202157028819184,0,.0341036846403511,0,.003906376377637,0,.0393069275091081,0,.004502377227515,0
Mexico,MEX,2014,.3831837463378907,.3734231948852539,.0250399994850159,.0401900005340576,.4709299850463867,.0087881851196289,.9769999694824218,.4709299850463867,MEX,.0641783032110443,.0302234873714796,-.028869339121151,.0013541482503286,.1190096569061279,.0013541482503286,0,0,.0790999984741211,2016,.3707757949829101,2015,.5143038177490235,1,1,.0344562921681273,0,.0128667787053219,0,.0292530492993703,0,.0034813953605761,0,.0344562921681273,0,.0041006315091861,0
Mexico,MEX,2015,.3824138259887696,.3707757949829101,.0270199990272522,.0271900010108948,.5097299957275391,.0077661114931107,1,.5097299957275391,MEX,.0732236891452104,.0373243107551427,-.0290624277794644,.0082618829756783,.1186395835876465,.0082618829756783,0,0,.0154800033569336,2017,.3684158706665039,2016,.3734231948852539,1,1,.0275485574427776,0,.0102143382864782,0,.0223453145740206,0,.0026510388161968,0,.0275485574427776,0,.0032683493834515,0
Mexico,MEX,2016,.3835898208618164,.3684158706665039,.0177199995517731,.028199999332428,.5500299835205078,.0076470535993576,1.031999969482422,.5500299835205078,MEX,.0824626164908959,.0453569115895454,-.0287674995151585,.0165894120743869,.1267564296722412,.0165894120743869,0,0,-.0280099868774414,2018,.3682134246826172,2017,.3707757949829101,1,1,.019221028344069,0,.0070813318924857,0,.014017785475312,0,.0017768444387619,0,.019221028344069,0,.0024363889275231,0
Mexico,MEX,2017,.3843729400634766,.3682134246826172,.0187199997901916,.0604199981689453,.5252099990844726,.0074009394645691,1.026999969482422,.5252099990844726,MEX,.0766534042790726,.0402591343912334,-.0285711007108917,.0116880336803417,.1492661762237549,.0116880336803417,0,0,-.0065200042724609,2019,.3679214477539062,2018,.3684158706665039,1,1,.0241224067381142,0,.0088821939966281,0,.0189191638693572,0,.0028239912481296,0,.0241224067381142,0,.0036006594151124,0
Mexico,MEX,2018,.3842617797851562,.3679214477539062,.0197200000286102,.0489699983596802,.5220199966430664,.0072958880662918,1.02,.5220199966430664,MEX,.075923512300307,.0396335916361361,-.028598978645308,.011034612990828,.1609653472900391,.011034612990828,0,0,.0625400161743164,2020,.3636758041381836,2019,.3682134246826172,1,1,.0247758274276279,0,.0091155582964738,0,.0195725845588709,0,.0031505078708823,0,.0247758274276279,0,.0039880496662862,0
Mexico,MEX,2019,.3859542846679688,.3636758041381836,-.0039300000667572,.0363499999046326,.5186899948120117,.0076014506816864,1.051999969482422,.5186899948120117,MEX,.0750186511335968,.0389114237672895,-.0281745146116138,.0107369091556757,.1915467262268066,.0107369091556757,0,0,.0482600021362305,2021,.3626288223266602,2020,.3679214477539062,1,1,.0250735312627802,0,.0091186366445755,0,.0198702883940232,0,.0038060886910577,0,.0250735312627802,0,.004802752828331,0
Mexico,MEX,2020,.3836818313598633,.3626288223266602,-.0835400009155273,.033970000743866,.5845600128173828,.0090199261903763,1.079000015258789,.5845600128173828,MEX,.0904511230636155,.0528741096574137,-.0287444241624432,.0241296854949705,.1866513442993164,.0241296854949705,0,0,-.0465299987792969,2022,.3571400451660156,2021,.3636758041381836,1,1,.0116807549234854,0,.0042357784017898,0,.0064775120547284,0,.0012090363327301,0,.0116807549234854,0,.0021802286088994,0
Mexico,MEX,2021,.3844180297851563,.3571400451660156,.060479998588562,.0569099998474121,.5669499969482422,.0088784873485565,1.035,.5669499969482422,MEX,.0863151605439638,.0489363800069873,-.0285597926400337,.0203765873669536,.1889523506164551,.0203765873669536,0,0,-.0394200134277344,2023,.3594685745239258,2022,.3626288223266602,1,1,.0154338530515023,0,.0055120469758992,0,.0102306101827453,0,.0019330978422704,0,.0154338530515023,0,.0029162628131503,0
Mexico,MEX,2022,.3872418975830078,.3594685745239258,.0371000003814697,.0789599990844727,.5380300140380859,.0082856637239456,.9890000152587891,.5380300140380859,MEX,.0793952635316558,.0427170347524943,-.0278515936101417,.0148654411423526,.208707160949707,.0148654411423526,0,0,,,.3612793731689453,2023,.3571400451660156,0,1,,,,,.0157417564073463,0,.0032854172881391,0,.0209449992761033,0,.0043713713350092,0
Mexico,MEX,2023,.3865097045898437,.3612793731689453,.0310700011253357,.0552600002288818,.5275299835205078,.0085633528232574,1.01,.5275299835205078,MEX,.0770217431162897,.0406312788768571,-.0280352206084902,.0125960582683669,.2386756706237793,.0125960582683669,0,0,,,,,.3594685745239258,0,0,,,,,,,,,,,,
Mauritius,MUS,1995,.4432851409912109,.4288152694702149,.0428800010681152,.0602600002288818,,.0046350732445717,.74351318359375,,MUS,,,-.0137964842867204,,,,,,,,.4295539855957031,1996,,0,0,,,,,,,,,,,,
Mauritius,MUS,1996,.4446693420410156,.4295539855957031,.0558799982070923,.0655299997329712,,.0045470049977303,.7618489837646485,,MUS,,,-.0134493399050348,,,,,,,,.4339414978027344,1997,.4288152694702149,0,0,,,,,,,,,,,,
Mauritius,MUS,1997,.4424765014648437,.4339414978027344,.0568699979782104,.0683099985122681,,.0033302190899849,.7677414703369141,,MUS,,,-.0139992833442901,,,,,,,,.4393647384643555,1998,.4295539855957031,0,0,,,,,,,,,,,,
Mauritius,MUS,1998,.4476301956176758,.4393647384643555,.0607200002670288,.0680800008773804,,.0025456735491753,.7912279510498047,,MUS,,,-.0127067861522569,,,,,,,,.44060546875,1999,.4339414978027344,0,0,,,,,,,,,,,,
Mauritius,MUS,1999,.4494406509399414,.44060546875,.0261100006103516,.0688199996948242,,.0032212841510773,.814450454711914,,MUS,,,-.0122527412766906,,,,,,,,.4421469497680664,2000,.4393647384643555,0,0,,,,,,,,,,,,
Mauritius,MUS,2000,.4492236709594726,.4421469497680664,.0819200038909912,.0421700000762939,.5694400024414062,.0036352747678757,.8401699066162109,.5694400024414062,MUS,.0817698962034823,.0465630498937445,-.0123071577801087,.0342558921136358,.2030818176269531,.0342558921136358,0,0,.0601100158691407,2002,.4500152206420898,2001,.44060546875,1,1,.0015545483048201,0,.0006873387912433,0,0,.0036486945639369,0,.0007409835240099,.0015545483048201,0,.0003157004953318,0
Mauritius,MUS,2001,.4513231658935547,.4500152206420898,.0321399998664856,.0539099979400635,.5818399810791015,.0032844594120979,.8275432586669922,.5818399810791015,MUS,.0844753055082659,.0491511101585807,-.0117806245349222,.0373704856236585,.209874267578125,.0373704856236585,0,0,.0876300048828126,2003,.4539955139160156,2002,.4421469497680664,1,1,0,.0015600452052026,0,.0007020440872309,0,.0067632880739596,0,.0014194401309421,0,.0015600452052026,0,.0003274133448307
Mauritius,MUS,2002,.4472288131713867,.4539955139160156,.0162699997425079,.0641400003433227,.6295500183105469,.0047322028875351,.8758967590332031,.6295500183105469,MUS,.0958466417233957,.0603402550519682,-.0128074490300637,.0475328060219045,.1967222785949707,.0475328060219045,0,0,-.0353400039672852,2004,.452516975402832,2003,.4500152206420898,1,1,0,.0117223656034486,0,.0053219013964491,0,.0169256084722056,0,.0033296442652586,0,.0117223656034486,0,.0023060504720337
Mauritius,MUS,2003,.4433771133422851,.452516975402832,.0598400020599365,.0268600010871887,.6694699859619141,.005732826590538,1.211975708007812,.6694699859619141,MUS,.1053949304764975,.0705587426265577,-.013773418500901,.0567853241256567,.2028384971618652,.0567853241256567,0,0,-.0865499877929687,2005,.4519124984741211,2004,.4539955139160156,1,1,0,.0209748837072008,0,.0094914909346087,0,.0261781265759578,0,.0053099318531804,0,.0209748837072008,0,.0042545138893135
Mauritius,MUS,2004,.4419686508178711,.4519124984741211,.0429899978637695,.0471000003814697,.5942100143432617,.0055990904569626,1.170249786376953,.5942100143432617,MUS,.0880790371193136,.052337445910008,-.0141266474283275,.0382107984816806,.1975364494323731,.0382107984816806,0,0,-.041140022277832,2006,.429140510559082,2005,.452516975402832,1,1,0,.0024003580632247,0,.0010847518095844,0,.0076036009319817,0,.0015019883310043,0,.0024003580632247,0,.0004741582091758
Mauritius,MUS,2005,.4396316909790039,.429140510559082,.0145299994945526,.0493699979782104,.5829199981689454,.0046354985237122,1.066999969482422,.5829199981689454,MUS,.0856494186877519,.0499267589846356,-.0147127345999867,.0352140243846489,.1931701850891113,.0352140243846489,0,0,-.0948400115966797,2007,.4533131408691407,2006,.4519124984741211,1,1,.000596416033807,0,.0002559462812536,0,0,.00460682683495,0,.0008899015923808,.000596416033807,0,.0001152097956406,0
Mauritius,MUS,2006,.440155029296875,.4533131408691407,.0451399993896484,.0891399955749512,.5530699920654297,.0042325434088707,1.008000030517578,.5530699920654297,MUS,.0786959854654604,.0435243880569633,-.0145814863562468,.0289429017007165,.1995475578308105,.0289429017007165,0,0,-.0654800033569337,2008,.4596643447875977,2007,.429140510559082,1,1,.0068675387177394,0,.0031131455461789,0,.0016642958489824,0,.0003321061721724,0,.0068675387177394,0,.0013704005794334,0
Mauritius,MUS,2007,.4426349639892578,.4596643447875977,.0572700023651123,.0882499980926514,.4880799865722656,.0056025826931,1.003000030517578,.4880799865722656,MUS,.0634508912709122,.0309691101595051,-.0139595424590582,.0170095677004469,.2050209236145019,.0170095677004469,0,0,.0802900314331055,2009,.4813502883911133,2008,.4533131408691407,1,1,.018800872718009,0,.0086420908393586,0,.013597629849252,0,.0027877986306618,0,.018800872718009,0,.0038545722894049,0
Mauritius,MUS,2008,.44618896484375,.4813502883911133,.0538700008392334,.0972299957275391,.4875899887084961,.0052128410339355,.889000015258789,.4875899887084961,MUS,.0630565403191749,.0307457377822233,-.0130682330431919,.0176775047390314,.1850821685791016,.0176775047390314,0,0,.0563299942016601,2010,.485603141784668,2009,.4596643447875977,1,1,.0181329356794245,0,.0087282938186685,0,.0129296928106675,0,.00239305558446,0,.0181329356794245,0,.0033560830582533,0
Mauritius,MUS,2009,.4458448028564453,.485603141784668,.0331500005722046,.025239999294281,.5683700180053711,.0065047347545624,.9399999999999999,.5683700180053711,MUS,.0817891759848645,.0464865154271619,-.0131545455772703,.0333319698498916,.1659576416015625,.0333319698498916,0,0,-.0197200012207032,2011,.503109359741211,2010,.4813502883911133,1,1,.0024784705685643,0,.0012035530949156,0,0,.0027247723001927,0,.0004521967848413,.0024784705685643,0,.0004113211303378,0
Mauritius,MUS,2010,.4484414672851563,.503109359741211,.043769998550415,.0292400002479553,.5439199829101562,.0070476013422012,.8490000152587891,.5439199829101562,MUS,.0759222975248704,.0412956547722273,-.0125033269788758,.0287923277933515,.1505806732177734,.0287923277933515,0,0,-.0020800018310546,2012,.5105936813354492,2011,.485603141784668,1,1,.0070181126251044,0,.003530878149408,0,.0018148697563474,0,.0002732843097134,0,.0070181126251044,0,.0010567921238064,0
Mauritius,MUS,2011,.4442551422119141,.5105936813354492,.0407800006866455,.0653200006484985,.548650016784668,.0071764993667603,.8290000152587891,.548650016784668,MUS,.0773484469481031,.0424372267163447,-.0135532172598367,.0288840094565081,.1336591720581055,.0288840094565081,0,0,.0161100006103516,2013,.5159324264526367,2012,.503109359741211,1,1,.0069264309619478,0,.0035365918833768,0,.0017231880931908,0,.0002303198938363,0,.0069264309619478,0,.0009257810276916,0
Mauritius,MUS,2012,.4392531585693359,.5159324264526367,.0349600005149841,.0385999989509583,.5418399810791016,.0076280754804611,.835999984741211,.5418399810791016,MUS,.0761668409816679,.0412702396763619,-.0148076669071979,.026462572769164,.132108268737793,.026462572769164,0,0,.0494500350952148,2014,.5230028533935547,2013,.5105936813354492,1,1,.0093478676492919,0,.0048228680384573,0,.0041446247805349,0,.0005475392043242,0,.0093478676492919,0,.001234930611538,0
Mauritius,MUS,2013,.4407406616210938,.5230028533935547,.0335999989509582,.0353500008583069,.5647600173950196,.0084382879734039,.8869999694824219,.5647600173950196,MUS,.0813566445289332,.0459469799793608,-.0144346153716346,.0315123646077262,.1179219532012939,.0315123646077262,0,0,.065449981689453,2015,.5364657211303711,2014,.5159324264526367,1,1,.0042980758107297,0,.0022479059131135,0,0,.0009051670580273,0,.000106739067456,.0042980758107297,0,.0005068374946085,0
Mauritius,MUS,2014,.4379972457885742,.5364657211303711,.0382699990272522,.0322399997711182,.5912900161743164,.0091286444664001,.8809999847412109,.5912900161743164,MUS,.0877167580311306,.0518660432749858,-.0151226378182445,.0367434054567413,.1210184478759766,.0367434054567413,0,0,.0346699905395508,2016,.5374793243408204,2015,.5230028533935547,1,1,0,.0009329650382854,0,.0005005037620532,0,.0061362079070424,0,.0007425943567546,0,.0009329650382854,0,.0001129059808559
Mauritius,MUS,2015,.4433532333374023,.5374793243408204,.0369099998474121,.0127499997615814,.6302099990844726,.0095644956827164,1,.6302099990844726,MUS,.0963057696218069,.0606928589851884,-.0137794073776836,.0469134516075047,.1098873996734619,.0469134516075047,0,0,-.0168399810791016,2017,.521214485168457,2016,.5364657211303711,1,1,0,.0111030111890488,0,.0059676389520385,0,.0163062540578058,0,.0017918518568271,0,.0111030111890488,0,.0012200810281099
Mauritius,MUS,2016,.4372383880615234,.521214485168457,.0386199998855591,.009990000128746,.6259600067138672,.0107272458076477,1.066999969482422,.6259600067138672,MUS,.0958049215859569,.0599700493591671,-.0153129520767705,.0446570972823966,.1103119850158691,.0446570972823966,0,0,.0055199813842773,2018,.5207292175292969,2017,.5374793243408204,1,1,0,.0088466568639407,0,.0046110057028009,0,.0140498997326977,0,.0015498723287878,0,.0088466568639407,0,.0009758922794156
Mauritius,MUS,2017,.4374774169921875,.5207292175292969,.0393799996376038,.0367499995231628,.6133700180053711,.0124470674991608,.999000015258789,.6133700180053711,MUS,.0928706905790195,.0569640971526245,-.0152530059075691,.0417110912450554,.1055911922454834,.0417110912450554,0,0,.1973099899291992,2019,.5460079193115235,2018,.521214485168457,1,1,0,.0059006508265995,0,.0030726412878488,0,.0111038936953565,0,.0011724733738598,0,.0059006508265995,0,.0006230567558049
Mauritius,MUS,2018,.4374496078491211,.5460079193115235,.0400699996948242,.0323099994659424,.6314799880981445,.012704998254776,.9430000305175781,.6314799880981445,MUS,.0970664357173293,.0612955116715084,-.0152599801746211,.0460355314968873,.1140222072601318,.0460355314968873,0,0,.2874800491333007,2020,.5476521682739258,2019,.5207292175292969,1,1,0,.0102250910784314,0,.0055829807045052,0,.0154283339471884,0,.0017591726910048,0,.0102250910784314,0,.0011658874541986
Mauritius,MUS,2019,.4357984161376953,.5476521682739258,.0289100003242493,.004539999961853,.8106800079345703,.0143098163604736,.9730000305175781,.8106800079345703,MUS,.1386925183103477,.1124352518442982,-.0156740832601434,.0967611685841548,.1266322135925293,.0967611685841548,0,0,.0506600189208984,2021,.5646342849731445,2020,.5460079193115235,1,1,0,.0609507281656989,0,.0333797984378197,0,.0661539710344559,0,.0083772237900292,0,.0609507281656989,0,.007718325627699
Mauritius,MUS,2020,.409486312866211,.5646342849731445,-.1454699993133545,.0251999998092651,.9189600372314453,.0165833425521851,1.015999984741211,.9189600372314453,MUS,.1658454087192019,.152405302971262,-.0222729070526246,.1301323959186375,.1236651134490967,.1301323959186375,0,0,-.1009200286865234,2022,.5646249008178711,2021,.5476521682739258,1,1,0,.0943219555001816,0,.0532574099011138,0,.0995251983689386,0,.0123077949473386,0,.0943219555001816,0,.0116643353276706
Mauritius,MUS,2021,.4096512222290039,.5646249008178711,.0340400004386902,.0403900003433228,.8613400268554687,.0188344645500183,.9359999847412109,.8613400268554687,MUS,.1524898774093671,.1313456351029714,-.0222315493619993,.1091140857409721,.1035038471221924,.1091140857409721,0,0,-.0468300628662109,2023,.5645662689208985,2022,.5646342849731445,1,1,0,.0733036453225162,0,.0413890634698141,0,.0785068881912732,0,.0081257649533886,0,.0733036453225162,0,.0075872092989611
Mauritius,MUS,2022,.4112102508544922,.5645662689208985,.0869299983978272,.1078499984741211,.8180400085449219,.0157701885700226,.7469999694824219,.8180400085449219,MUS,.1423401026640207,.1164398987995605,-.0218405598967755,.094599338902785,.1039199638366699,.094599338902785,0,0,,,.5639752578735352,2023,.5646249008178711,0,1,,,,,0,.0639921413530861,0,.0066500610152438,0,.0587888984843291,0,.0061093402044891
Mauritius,MUS,2023,.4118613815307617,.5639752578735352,.0500799989700317,.0704500007629394,.8145099639892578,.0139679324626923,.8819999694824219,.8145099639892578,MUS,.1414712235656603,.1152297212119822,-.0216772625520422,.09355245865994,.1101578426361084,.09355245865994,0,0,,,,,.5645662689208985,0,0,,,,,,,,,,,,
Malaysia,MYS,1995,.400976676940918,.3946110916137695,.0982999992370606,.0346799993515015,.3816600036621094,.0536297464370728,1.000634155273437,.3816600036621094,MYS,.0421006866878874,.0160681482354764,-.0244070423374321,-.0083388941019557,.0854085636138916,-.0083388941019557,0,0,-.0854599952697754,1997,.3982036972045899,1996,,1,0,.0441493345204116,0,.0174218170891211,0,,,,,,,,
Malaysia,MYS,1996,.4015283966064453,.3982036972045899,.100019998550415,.0347900009155273,.3276900100708008,.055056414604187,1.033101119995117,.3276900100708008,MYS,.0295597826144019,.009686445462604,-.024268676323203,-.0145822308605989,.0733437252044678,-.0145822308605989,0,0,.0086700057983398,1998,.3923848342895508,1997,.3946110916137695,1,1,.0503926712790548,0,.0200665480153352,0,.0451894284102978,0,.0033143610194719,0,.0503926712790548,0,.0036959862346101,0
Malaysia,MYS,1997,.400427360534668,.3923848342895508,.073270001411438,.0265499997138977,.296200008392334,.0394870781898499,1.025228424072266,.296200008392334,MYS,.0223549726204718,.0066215430777942,-.0245448056372247,-.0179232625594306,.0602808237075806,-.0179232625594306,0,0,.0474299812316895,1999,.3901296234130859,1998,.3982036972045899,1,1,.0537337029778865,0,.0210842901387419,0,.0485304601091295,0,.0029254561102862,0,.0537337029778865,0,.0032391118763655,0
Malaysia,MYS,1998,.4006696701049804,.3901296234130859,-.0735900020599365,.0529300022125244,.3363600158691406,.0520844125747681,.9863731384277343,.3363600158691406,MYS,.0316352790073894,.0106408429489502,-.0244840367149829,-.0138431937660327,.074802098274231,-.0138431937660327,0,0,-.0111800003051757,2000,.392354850769043,1999,.3923848342895508,1,1,.0496536341844886,0,.0193713536054857,0,.0444503913157316,0,.0033249825395274,0,.0496536341844886,0,.0037141960239408,0
Malaysia,MYS,1999,.4000547027587891,.392354850769043,.0613100004196167,.0273099994659424,.3436299896240234,.0578577661514282,.9688768768310547,.3436299896240234,MYS,.0333673185137021,.0114660113146449,-.0246382646424798,-.0131722533278349,.0714879846572876,-.0131722533278349,0,0,.0370199966430664,2001,.3963176727294922,2000,.3901296234130859,1,1,.0489826937462908,0,.0192185974950917,0,.0437794508775338,0,.0031297047126376,0,.0489826937462908,0,.0035016740590075,0
Malaysia,MYS,2000,.3990157318115234,.3963176727294922,.0867099952697754,.0155099999904633,.3251800155639649,.0493173027038574,.9218440246582031,.3251800155639649,MYS,.0291771539274697,.0094878273682468,-.0248988286170042,-.0154110012487574,.0765066385269165,-.0154110012487574,0,0,.0701399993896484,2002,.4052272415161133,2001,.392354850769043,1,1,.0512214416672133,0,.0202999625553994,0,.0460181987984563,0,.0035206977011333,0,.0512214416672133,0,.003918780322461,0
Malaysia,MYS,2001,.3977687454223633,.4052272415161133,.0051800000667572,.0142700004577637,.3806499862670898,.051109504699707,.9205823516845704,.3806499862670898,MYS,.0421203426403694,.0160331078476217,-.0252115608744291,-.0091784530268074,.0602187490463257,-.0091784530268074,0,0,.033280029296875,2003,.4150580978393555,2002,.3963176727294922,1,1,.0449888934452633,0,.0182307251896864,0,.0397856505765063,0,.0023958421077114,0,.0449888934452633,0,.0027091748842522,0
Malaysia,MYS,2002,.396713752746582,.4150580978393555,.0539099979400635,.0179299998283386,.3953200149536133,.0548577976226807,.9219166564941407,.3953200149536133,MYS,.0456007168980097,.0180268760860167,-.0254761429451974,-.0074492668591807,.0693150424957275,-.0074492668591807,0,0,.0242799758911132,2004,.4232469940185547,2003,.4052272415161133,1,1,.0432597072776366,0,.0179552918157432,0,.0380564644088796,0,.0026378854477386,0,.0432597072776366,0,.0029985484483021,0
Malaysia,MYS,2003,.3955908966064453,.4232469940185547,.0578900003433228,.0107400000095367,.4139300155639649,.0680574464797974,.9352469635009766,.4139300155639649,MYS,.0499987951413777,.02069600205105,-.0257577445236276,-.0050617424725777,.0041751873493195,-.0050617424725777,0,0,-.006150016784668,2005,.4253926086425781,2004,.4150580978393555,1,1,.0408721828910336,0,.0172990285476066,0,.0356689400222766,0,.0001489245071446,0,.0408721828910336,0,.0001706490209457,0
Malaysia,MYS,2004,.3947999954223633,.4253926086425781,.0678299999237061,.0141999995708466,.4195999908447265,.0954992294311523,.9320204162597656,.4195999908447265,MYS,.0513742435302756,.0215566321149584,-.0259560949746415,-.0043994628596831,.0192623496055603,-.0043994628596831,0,0,-.0229800033569336,2006,.4150728607177734,2005,.4232469940185547,1,1,.040209903278139,0,.0171049956487533,0,.035006660409382,0,.0006743105313286,0,.040209903278139,0,.0007745372145493,0
Malaysia,MYS,2005,.3929300308227539,.4150728607177734,.0497599983215332,.0303900003433228,.4077799987792969,.0965418720245361,.9419999694824219,.4077799987792969,MYS,.048784995294134,.01989354532149,-.0264250642076854,-.0065315188861954,.0641787624359131,-.0065315188861954,0,0,-.0143000030517578,2007,.4234747695922851,2006,.4253926086425781,1,1,.0423419593046513,0,.0175749981769772,0,.0371387164358943,0,.002383516859314,0,.0423419593046513,0,.0027174545472843,0
Malaysia,MYS,2006,.391827392578125,.4234747695922851,.0558400011062622,.0362100005149841,.396619987487793,.1075508308410645,1.009000015258789,.396619987487793,MYS,.046287927413756,.0183587171916798,-.0267015953313315,-.0083428781396517,.0417464733123779,-.0083428781396517,0,0,-.0030099868774414,2008,.4189785385131836,2007,.4150728607177734,1,1,.0441533185581076,0,.0186978164031294,0,.0389500756893506,0,.0016260282952806,0,.0441533185581076,0,.001843245334839,0
Malaysia,MYS,2007,.3938674163818359,.4189785385131836,.0629899978637695,.0202699995040894,.3934799957275391,.1245182514190674,1.046999969482422,.3934799957275391,MYS,.0453995991887717,.0178638340948299,-.0261899768767268,-.008326142781897,.0299339556694031,-.008326142781897,0,0,.1106000137329101,2009,.4122716903686524,2008,.4234747695922851,1,1,.0441365832003529,0,.0184922811242494,0,.0389333403315959,0,.0011654288835478,0,.0441365832003529,0,.0013211825249183,0
Malaysia,MYS,2008,.3888687133789063,.4122716903686524,.0483199977874756,.0542899990081787,.3936100006103516,.1073330497741699,1.121999969482422,.3936100006103516,MYS,.0458247707333816,.0180370880363356,-.0274436037710476,-.0094065157347121,.0579204750061035,-.0094065157347121,0,0,.1185100173950195,2010,.4248360443115234,2009,.4189785385131836,1,1,.045216956153168,0,.0186416709465918,0,.040013713284411,0,.0023176132801911,0,.045216956153168,0,.0026189875787216,0
Malaysia,MYS,2009,.3869346618652344,.4248360443115234,-.0151400005817413,.0059700000286102,.5040800094604492,.1143483448028564,.9840000152587891,.5040800094604492,MYS,.0715580776804588,.0360709964741372,-.0279286453890673,.0081423510850699,.0395057773590088,.0081423510850699,0,0,.0148999786376953,2011,.4504008102416992,2010,.4122716903686524,1,1,.027668089333386,0,.0117544016260536,0,.022464846464629,0,.0008874912228359,0,.027668089333386,0,.0010930493771539,0
Malaysia,MYS,2010,.384271240234375,.4504008102416992,.0752799987792969,.0172000002861023,.5121200180053711,.1171461296081543,1.003000030517578,.5121200180053711,MYS,.0736303241309109,.0377075629196634,-.028596606055145,.0091109568645184,.0570787525177002,.0091109568645184,0,0,.0257599639892578,2012,.4508672714233398,2011,.4248360443115234,1,1,.0266994835539375,0,.0120254690257284,0,.0214962406851805,0,.0012269786021303,0,.0266994835539375,0,.0015239732141256,0
Malaysia,MYS,2011,.3834723663330078,.4508672714233398,.0529300022125244,.0318300008773804,.5189799880981445,.1395007419586182,1.058000030517578,.5189799880981445,MYS,.0752819580049111,.0390698296693938,-.028796955987385,.0102728736820088,.0673044204711914,.0102728736820088,0,0,.0375799942016601,2013,.4789917755126953,2012,.4504008102416992,1,1,.0255375667364471,0,.0115140530332533,0,.0203343238676901,0,.0013685898835884,0,.0255375667364471,0,.0017187911294409,0
Malaysia,MYS,2012,.3819133377075195,.4789917755126953,.0547399997711182,.0165499997138977,.5378799819946289,.1383599090576172,1.055,.5378799819946289,MYS,.0797816596002968,.0429129576293093,-.0291879454526088,.0137250121767005,.0306263041496277,.0137250121767005,0,0,.0158500289916992,2014,.4942948532104492,2013,.4508672714233398,1,1,.0220854282417554,0,.0105787384864767,0,.0168821853729984,0,.0005170389439438,0,.0220854282417554,0,.0006763950426068,0
Malaysia,MYS,2013,.3804294586181641,.4942948532104492,.0469399976730347,.0210500001907349,.5565599822998046,.1275441455841065,1.033000030517578,.5565599822998046,MYS,.084224480078178,.046875975141521,-.0295600881330693,.0173158870084517,.0550571966171265,.0173158870084517,0,0,.0131500244140625,2015,.5249768829345703,2014,.4789917755126953,1,1,.0184945534100042,0,.0091417625629908,0,.0132913105412472,0,.0007317822977687,0,.0184945534100042,0,.0010182582634405,0
Malaysia,MYS,2014,.3799626922607422,.5249768829345703,.0600699996948242,.0314299988746643,.5537300109863281,.1034590530395508,1.035,.5537300109863281,MYS,.0836060619371149,.0462951855949623,-.0296771486703097,.0166180369246526,.0738137102127075,.0166180369246526,0,0,.0041399765014648,2016,.5256266021728515,2015,.4942948532104492,1,1,.0191924034938033,0,.0100755681621994,0,.0139891606250463,0,.0010325918484962,0,.0191924034938033,0,.001416662509777,0
Malaysia,MYS,2015,.3796980667114258,.5256266021728515,.0500699996948242,.0210400009155273,.5697100067138672,.0809576225280762,1,.5697100067138672,MYS,.0873273064588679,.0497512403489856,-.0297435142266056,.0200077261223799,.0727822399139404,.0200077261223799,0,0,-.0257600021362304,2017,.500595703125,2016,.5249768829345703,1,1,.015802714296076,0,.0083063270205547,0,.010599471427319,0,.0007714532723841,0,.015802714296076,0,.0011501569431885,0
Malaysia,MYS,2016,.3830064773559571,.500595703125,.0444999980926514,.0207599997520447,.5578699874877929,.0768570280075073,.9669999694824218,.5578699874877929,MYS,.0843241529156372,.0470419141319653,-.0289137964860215,.0181281176459437,.0910392475128174,.0181281176459437,0,0,-.0014099884033203,2018,.4867232131958008,2017,.5256266021728515,1,1,.0176823227725122,0,.0088516948011889,0,.0124790799037552,0,.0011360860440902,0,.0176823227725122,0,.0016097853594883,0
Malaysia,MYS,2017,.3810471725463867,.4867232131958008,.0581300020217895,.0379900002479553,.5439500045776368,.078758487701416,.9769999694824218,.5439500045776368,MYS,.0812556914145323,.0441990337168939,-.0294051713890734,.0147938623278205,.0914879512786865,.0147938623278205,0,0,.0268799972534179,2019,.4937052154541016,2018,.500595703125,1,1,.0210165780906354,0,.0102292564186545,0,.0158133352218784,0,.0014467296423327,0,.0210165780906354,0,.0019227636724008,0
Malaysia,MYS,2018,.3806064224243164,.4937052154541016,.0484299993515015,.0096899998188019,.5564599990844726,.074391450881958,.9740000152587891,.5564599990844726,MYS,.0841873417894347,.046846888135073,-.0295157073033653,.0173311808317078,.0936244106292725,.0173311808317078,0,0,.1204700088500977,2020,.5026324081420899,2019,.4867232131958008,1,1,.0184792595867481,0,.0091233068357078,0,.0132760167179911,0,.0012429592407263,0,.0184792595867481,0,.0017301097876746,0
Malaysia,MYS,2019,.3740896987915039,.5026324081420899,.0441300010681152,.0066299998760223,.5708300018310547,.0727761316299438,.985,.5708300018310547,MYS,.0880299045535322,.0502501105774803,-.0311500392499045,.0191000713275758,.0913432598114014,.0191000713275758,0,0,.120790023803711,2021,.5028362274169922,2020,.4937052154541016,1,1,.0167103690908801,0,.0083991730570922,0,.0115071262221231,0,.00105109842019,0,.0167103690908801,0,.0015263795854127,0
Malaysia,MYS,2020,.3690156173706055,.5028362274169922,-.0545699977874756,-.0113900005817413,.6769300079345704,.0799583625793457,.99,.6769300079345704,MYS,.1129994622262438,.0764927268614134,-.0324225703303636,.0440701565310498,.0895774364471436,.0440701565310498,0,0,-.0222900390625,2022,.500369644165039,2021,.5026324081420899,1,1,0,.0082597161125939,0,.0041532844895921,0,.0134629589813509,0,.0012059773525425,0,.0082597161125939,0,.0007398841951473
Malaysia,MYS,2021,.3664508056640625,.500369644165039,.0331500005722046,.0247699999809265,.6916200256347657,.0840587997436523,1.049000015258789,.6916200256347657,MYS,.116603792210895,.0806455177580101,-.0330658005707492,.0475797171872608,.1107612133026123,.0475797171872608,0,0,.0054999542236328,2023,.5034051132202149,2022,.5028362274169922,1,1,0,.0117692767688049,0,.0058889888288868,0,.0169725196375619,0,.0018798968678588,0,.0117692767688049,0,.0013035793746071
Malaysia,MYS,2022,.3670724105834961,.5034051132202149,.090319995880127,.0337899994850159,.6546399688720703,.0756073760986328,1.119000015258789,.6546399688720703,MYS,.1079915570315967,.0706955895336109,-.0329099080033798,.0377856815302311,.1017776203155518,.0377856815302311,0,0,,,.5056172561645508,2023,.500369644165039,0,1,,,,,0,.0071784839805322,0,.0007306090170119,0,.0019752411117752,0,.0002010353399059
Malaysia,MYS,2023,.3669266891479492,.5056172561645508,.0353699994087219,.0248900008201599,.6971199798583985,.0722626543045044,1.116999969482422,.6971199798583985,MYS,.1178397514140958,.0821484451323132,-.0329464535454081,.0492019915869051,.0903432750701904,.0492019915869051,0,0,,,,,.5034051132202149,0,0,,,,,,,,,,,,
Namibia,NAM,1995,.501346206665039,.3794836044311524,.0411499977111816,.111230001449585,.1799099922180176,.0034424814581871,.6587622833251953,.1799099922180176,NAM,-.01254918233779,-.0022577232967343,.0007646755579389,-.0014930477387954,.0346076607704163,-.0014930477387954,0,0,-.0027400016784668,1997,.3790921783447266,1996,,1,0,.0373034881572513,0,.0141560621437685,0,,,,,,,,
Namibia,NAM,1996,.5009653472900391,.3790921783447266,.0319600009918213,.0870400047302246,.1872500038146973,.0029264616966248,.7208939361572265,.1872500038146973,NAM,-.0108194273529749,-.0020259378131174,.0006691596700827,-.0013567781430347,.0493453025817871,-.0013567781430347,0,0,.008489990234375,1998,.3758369445800781,1997,.3794836044311524,1,1,.0371672185614906,0,.01408980184749,0,.0319639756927335,0,.0015772720522748,0,.0371672185614906,0,.0018340276460402,0
Namibia,NAM,1997,.4996109008789063,.3758369445800781,.0421600008010864,.0967899990081787,.1771699905395508,.0036288410425186,.7331386566162109,.1771699905395508,NAM,-.0130465093261374,-.0023114499338859,.0003294774671359,-.0019819724667501,.060196213722229,-.0019819724667501,0,0,.0408000183105469,1999,.3736218643188476,1998,.3790921783447266,1,1,.037792412885206,0,.0142037849870846,0,.032589170016449,0,.0019617446433402,0,.037792412885206,0,.0022749601631166,0
Namibia,NAM,1998,.4977413177490234,.3736218643188476,.0329099988937378,.0661700010299683,.1957399940490723,.0036495524644852,.7608688354492188,.1957399940490723,NAM,-.0085986759809975,-.0016831047853503,-.0001393960969499,-.0018225008823002,.0751850700378418,-.0018225008823002,0,0,.0128499984741211,2000,.3670946502685547,1999,.3758369445800781,1,1,.0376329413007561,0,.0140604896885903,0,.0324296984319991,0,.0024382291479159,0,.0376329413007561,0,.0028294353274273,0
Namibia,NAM,1999,.4966552734375,.3670946502685547,.0336599993705749,.0938199996948242,.2179700088500977,.0041443666815758,.7518804931640625,.2179700088500977,NAM,-.0033652561196868,-.000733524906191,-.0004117656209148,-.0011452905271057,.0701836395263672,-.0011452905271057,0,0,.0259599876403809,2001,.3610402297973633,2000,.3736218643188476,1,1,.0369557309455616,0,.0135662511268798,0,.0317524880768046,0,.0022285051772477,0,.0369557309455616,0,.0025936876991167,0
Namibia,NAM,2000,.4942678451538086,.3610402297973633,.0349699997901916,.1021500015258789,.2085899925231934,.0034059026837349,.7974490356445313,.2085899925231934,NAM,-.0053486059887697,-.001115665683207,-.0010105097957424,-.0021261754789494,.0618054151535034,-.0021261754789494,0,0,.0132800102233887,2002,.3615087127685547,2001,.3670946502685547,1,1,.0379366158974053,0,.0136966445213335,0,.0327333730286483,0,.0020230997094101,0,.0379366158974053,0,.0023446882950581,0
Namibia,NAM,2001,.4938627624511719,.3615087127685547,.0239299988746643,.1021199989318848,.2439299964904785,.0029987972974777,.8039278411865234,.2439299964904785,NAM,.0028667457088876,.000699285270708,-.0011121006624436,-.0004128153917356,.0595569801330566,-.0004128153917356,0,0,.0275300025939941,2003,.3611085891723633,2002,.3610402297973633,1,1,.0362232558101915,0,.0130950225802284,0,.0310200129414345,0,.0018474582944802,0,.0362232558101915,0,.0021573477266422,0
Namibia,NAM,2002,.4914752960205078,.3611085891723633,.0667999982833862,.1271599960327149,.221870002746582,.0038776168227196,.8052568817138672,.221870002746582,NAM,-.002052778533067,-.0004554499787697,-.0017108544041671,-.0021663043829368,.069250226020813,-.0021663043829368,0,0,.0699200057983398,2004,.3622102355957031,2003,.3615087127685547,1,1,.0379767448013927,0,.0137137287365898,0,.0327735019326357,0,.0022695724163286,0,.0379767448013927,0,.0026298981610312,0
Namibia,NAM,2003,.4927393341064453,.3622102355957031,.0347699999809265,.0721500015258789,.2714599990844727,.0037714716792107,.7879477691650391,.2714599990844727,NAM,.0093303861134961,.0025328266058274,-.0013938457443111,.0011389808615163,.0817177677154541,.0011389808615163,0,0,-.0024900054931641,2005,.3590307998657227,2004,.3611085891723633,1,1,.0346714595569396,0,.012558357534566,0,.0294682166881826,0,.0024080768863136,0,.0346714595569396,0,.0028332742784297,0
Namibia,NAM,2004,.5013563919067383,.3590307998657227,.0663199996948242,.0413700008392334,.2917900085449219,.00375269562006,.8040589904785156,.2917900085449219,NAM,.0133569652952098,.0038974290176235,.0007672299191226,.0046646589367461,.084600133895874,.0046646589367461,0,0,-.0304300117492676,2006,.3521735000610351,2005,.3622102355957031,1,1,.0311457814817098,0,.0111822948378213,0,.0259425386129528,0,.0021947422402547,0,.0311457814817098,0,.0026349372836443,0
Namibia,NAM,2005,.5076644897460938,.3521735000610351,.0467000007629395,.0228200006484985,.2689699935913086,.0032428169250488,.99,.2689699935913086,NAM,.0075742050287497,.0020372338780421,.0023492405124281,.0043864743904702,.0847055339813232,.0043864743904702,0,0,-.0753299903869629,2007,.3617294311523437,2006,.3590307998657227,1,1,.0314239660279857,0,.0110666881018748,0,.0262207231592287,0,.0022210403565789,0,.0314239660279857,0,.0026617838222115,0
Namibia,NAM,2006,.509520034790039,.3617294311523437,.0394799995422363,.0496099996566772,.2613599967956543,.0044938111305237,1.05,.2613599967956543,NAM,.0056653818952654,.0014807041939927,.0028145934588525,.0042952976528452,.073542308807373,.0042952976528452,0,0,-.0703899955749512,2008,.3662649154663086,2007,.3521735000610351,1,1,.0315151427656107,0,.0113999546652893,0,.0263118998968537,0,.0019350378675231,0,.0315151427656107,0,.002317696361377,0
Namibia,NAM,2007,.5026679611206055,.3662649154663086,.0364599990844727,.065479998588562,.1936400032043457,.0086411875486374,1.075,.1936400032043457,NAM,-.0094743225948797,-.0018346078576315,.001096158931169,-.0007384489264625,.0538535833358765,-.0007384489264625,0,0,-.0351300048828125,2009,.3840426254272461,2008,.3617294311523437,1,1,.0365488893449184,0,.013386575866304,0,.0313456464761614,0,.0016880753847209,0,.0365488893449184,0,.0019682886581703,0
Namibia,NAM,2008,.504906005859375,.3840426254272461,.0265000009536743,.0909500026702881,.1909700012207031,.0121473169326782,.9230000305175782,.1909700012207031,NAM,-.0102694703104694,-.0019611607577263,.0016574391419697,-.0003037216157566,.0372090101242065,-.0003037216157566,0,0,-.0276900100708008,2010,.3662116241455078,2009,.3662649154663086,1,1,.0361141620342125,0,.0138693776027239,0,.0309109191654555,0,.001150164704176,0,.0361141620342125,0,.0013437722207582,0
Namibia,NAM,2009,.5029055786132812,.3662116241455078,.002960000038147,.0945199966430664,.1585099983215332,.0192117154598236,.9,.1585099983215332,NAM,-.0176278114256152,-.0027941843594866,.0011557511252251,-.0016384332342615,.0397693061828613,-.0016384332342615,0,0,.1159900093078613,2011,.3631441116333008,2010,.3840426254272461,1,1,.0374488736527174,0,.0137142128427815,0,.0322456307839604,0,.0012823863637068,0,.0374488736527174,0,.0014893157224982,0
Namibia,NAM,2010,.4982063293457031,.3631441116333008,.0603900003433228,.04875,.1632799911499024,.0149793386459351,.914000015258789,.1632799911499024,NAM,-.0161518706400408,-.0026372772951602,-.0000227756369171,-.0026600529320773,.039630720615387,-.0026600529320773,0,0,.0830000114440918,2012,.3617620849609375,2011,.3662116241455078,1,1,.0384704933505332,0,.0139703331318742,0,.0332672504817762,0,.0013184051094854,0,.0384704933505332,0,.0015246133739111,0
Namibia,NAM,2011,.4904329681396484,.3617620849609375,.0509100008010864,.0500600004196167,.2745000076293945,.015018618106842,.9590000152587891,.2745000076293945,NAM,.0102166123027718,.0028044601550574,-.0019722602655235,.0008321998895339,.0371833682060242,.0008321998895339,0,0,-.0133699989318848,2013,.3664508056640625,2012,.3631441116333008,1,1,.034978240528922,0,.012653801222008,0,.029774997660165,0,.0011071347013314,0,.034978240528922,0,.0013006087967858,0
Namibia,NAM,2012,.4809697723388672,.3664508056640625,.0506199979782105,.0672200012207031,.2462800025939941,.0139683830738068,.9619999694824218,.2462800025939941,NAM,.0044298983030753,.0010909953655725,-.0043455392451169,-.0032545438795444,.0446775197982788,-.0032545438795444,0,0,.0294400024414063,2014,.3694589996337891,2013,.3617620849609375,1,1,.0390649842980003,0,.0143153949692561,0,.0338617414292433,0,.0015128586231092,0,.0390649842980003,0,.0017453266093934,0
Namibia,NAM,2013,.4815423965454101,.3694589996337891,.0561499977111816,.0560099983215332,.2611300086975097,.0114478480815887,.9130000305175782,.2611300086975097,NAM,.0078233110512371,.0020429012828529,-.0042019305719789,-.0021590292891261,.0438753032684326,-.0021590292891261,0,0,.1597699928283692,2015,.3725780487060547,2014,.3664508056640625,1,1,.037969469707582,0,.0140281622947887,0,.032766226838825,0,.0014376281395157,0,.037969469707582,0,.0016659219983617,0
Namibia,NAM,2014,.4798312759399414,.3725780487060547,.0609299993515015,.0534800004959106,.2757200050354004,.0084057611227036,.970999984741211,.2757200050354004,NAM,.0113370094349663,.0031258402984953,-.0046310632508328,-.0015052229523375,.041331901550293,-.0015052229523375,0,0,.1826099967956543,2016,.3724930953979492,2015,.3694589996337891,1,1,.0373156633707934,0,.0139029970448622,0,.0321124205020364,0,.0013272674027318,0,.0373156633707934,0,.0015423273247255,0
Namibia,NAM,2015,.4782293319702148,.3724930953979492,.0426399993896484,.0339599990844727,.4209000015258789,.0115613770484924,1,.4209000015258789,NAM,.0450815182997407,.0189748111211498,-.0050328154738529,.0139419956472969,.047551736831665,.0139419956472969,0,0,.0173899841308593,2017,.385601806640625,2016,.3725780487060547,1,1,.021868444771159,0,.0081458446843481,0,.016665201902402,0,.0007924592951096,0,.021868444771159,0,.001039882530676,0
Namibia,NAM,2016,.4727442169189453,.385601806640625,.0003400000184774,.0672700023651123,.4583300018310547,.012553563117981,1.036999969482422,.4583300018310547,NAM,.0541823252293927,.0248333852215984,-.0064084298567609,.0184249553648375,.0756954908370972,.0184249553648375,0,0,.029109992980957,2018,.3774854278564453,2017,.3724930953979492,1,1,.0173854850536184,0,.0067038744459988,0,.0121822421848614,0,.0009221408016795,0,.0173854850536184,0,.0013160028245747,0
Namibia,NAM,2017,.4572127914428711,.3774854278564453,-.0102699995040894,.0614699983596802,.4382899856567383,.0168240630626678,1.053000030517578,.4382899856567383,NAM,.0507693672108024,.0222517052266243,-.0103035627887504,.0119481424378739,.090214204788208,.0119481424378739,0,0,.137390022277832,2019,.3842934417724609,2018,.385601806640625,1,1,.023862297980582,0,.009007669762838,0,.018659055111825,0,.0016833118190126,0,.023862297980582,0,.0021527182367375,0
Namibia,NAM,2018,.471991081237793,.3842934417724609,.0105999994277954,.0429400014877319,.4874399948120117,.014714674949646,1.035,.4874399948120117,NAM,.0609825627164842,.0297253400541462,-.006597309080914,.0231280309732322,.1033102798461914,.0231280309732322,0,0,.1555299758911133,2020,.3812322616577148,2019,.3774854278564453,1,1,.0126824094452237,0,.0048737667756726,0,.0074791665764667,0,.0007726747920311,0,.0126824094452237,0,.00131022326891,0
Namibia,NAM,2019,.4711136245727539,.3812322616577148,-.0083899998664856,.0372099995613098,.5756800079345703,.0141442561149597,1.025,.5756800079345703,NAM,.0814847817283621,.0469091597919302,-.006817366818541,.0400917929733892,.115246057510376,.0400917929733892,0,0,.1203599548339844,2021,.3800989151000976,2020,.3842934417724609,1,1,0,.0042813525549333,0,.0016321897174713,0,.0094845954236903,0,.0010930622296613,0,.0042813525549333,0,.000493409002768
Namibia,NAM,2020,.4602570343017578,.3800989151000976,-.0810099983215332,.0220900011062622,.642969970703125,.016306928396225,1.059000015258789,.642969970703125,NAM,.0979244951274279,.0629625097632006,-.0095400958017124,.0534224139614882,.1234771156311035,.0534224139614882,0,0,.0575600433349609,2022,.379327163696289,2021,.3812322616577148,1,1,0,.0176119735430323,0,.0066942920364782,0,.0228152164117893,0,.0028171571150272,0,.0176119735430323,0,.0021746756936649
Namibia,NAM,2021,.459202880859375,.379327163696289,.0360400009155273,.0361999988555908,.6960399627685547,.020037841796875,.9980000305175781,.6960399627685547,NAM,.110296704079997,.0767709138013354,-.0098044674007727,.0669664464005627,.139147777557373,.0669664464005627,0,0,-.0174399566650391,2023,.3815325164794922,2022,.3800989151000976,1,1,0,.0311560059821068,0,.0118183193812972,0,.0363592488508638,0,.0050593086712532,0,.0311560059821068,0,.0043352889899744
Namibia,NAM,2022,.4544716262817383,.3815325164794922,.0539900016784668,.060770001411438,.7005300140380859,.01928342461586,.999000015258789,.7005300140380859,NAM,.1117103510664193,.0782564538007582,-.010991020788507,.0672654330122513,.1462599658966064,.0672654330122513,0,0,,,.3797610092163086,2023,.379327163696289,0,1,,,,,0,.0366582354625524,0,.0053616322685827,0,.0314549925937954,0,.0046006061440465
Namibia,NAM,2023,.4540561294555664,.3797610092163086,.0444299983978272,.0588000011444092,.6786000061035157,.0194696068763733,1.045,.6786000061035157,NAM,.1066650736710681,.0723829196442188,-.0110952234177667,.061287696226452,.144970760345459,.061287696226452,0,0,,,,,.3815325164794922,0,0,,,,,,,,,,,,
Nigeria,NGA,1995,.5342177200317383,.293480224609375,.0187199997901916,,.2417200088500976,.0000295183784328,.4035992050170898,.2417200088500976,NGA,-.0008344138881673,-.0002016945324324,.0090085366533807,.0088068421209483,.1562088680267334,.0088068421209483,0,0,-.0703200149536133,1997,.2934799385070801,1996,,0,0,,,,,,,,,,,,
Nigeria,NGA,1996,.5335832214355469,.2934799385070801,.0405200004577637,.2929100036621094,.1789999961853027,.0000718617718667,.6313444900512696,.1789999961853027,NGA,-.015307722033884,-.0027400821856709,.0088494104752245,.0061093282895536,.1087382125854492,.0061093282895536,0,0,-.0208899974822998,1998,.2987821388244629,1997,.293480224609375,1,1,.0297011121289023,0,.0087166805611821,0,.0244978692601453,0,.0026638545155002,0,.0297011121289023,0,.0032296458446968,0
Nigeria,NGA,1997,.5330527114868164,.2987821388244629,.0288599991798401,.1067300033569336,.1713999938964844,.0001255349069834,.4728964233398438,.1713999938964844,NGA,-.017025651318867,-.0029181965321375,.0087163636550707,.0057981671229332,.1143675994873047,.0057981671229332,0,0,.289739990234375,1999,.3040886497497559,1998,.2934799385070801,1,1,.0300122732955227,0,.0089671312062206,0,.0248090304267657,0,.0028373492555167,0,.0300122732955227,0,.0034324316519659,0
Nigeria,NGA,1998,.5327037811279297,.3040886497497559,.0249600005149841,.0786199998855591,.1581099987030029,.0001148804742843,.3187610054016113,.1581099987030029,NGA,-.0200755071412726,-.0031741384080687,.0086288552590149,.0054547168509462,.1780465507507324,.0054547168509462,0,0,.2509200000762939,2000,.2973914909362793,1999,.2987821388244629,1,1,.0303557235675097,0,.0092308309918209,0,.0251524806987527,0,.0044783124312373,0,.0303557235675097,0,.0054047318767378,0
Nigeria,NGA,1999,.5340721893310547,.2973914909362793,.0052200001478195,.0661800003051758,.4611399841308594,.0000884660799056,.432951889038086,.4611399841308594,NGA,.0499860089081528,.0230505473546706,.0089720389458315,.0320225863005021,.2702742576599121,.0320225863005021,0,0,-.0840899658203125,2001,.2911482810974121,2000,.3040886497497559,1,1,.0037878541179538,0,.0011264755835874,0,0,.0014153887508032,0,.0003825431439235,.0037878541179538,0,.001023759459854,0
Nigeria,NGA,2000,.531076545715332,.2911482810974121,.0551900005340576,.0693699979782104,.4090299987792969,.0001498712971807,.7264785766601563,.4090299987792969,NGA,.0381561709912954,.0156070185739922,.0082207601840668,.023827778758059,.1408388710021973,.023827778758059,0,0,-.1017899894714355,2002,.2839161109924316,2001,.2973914909362793,1,1,.0119826616603969,0,.0034887313453964,0,.0067794187916399,0,.0009548056886656,0,.0119826616603969,0,.0016876245398516,0
Nigeria,NGA,2001,.5194048309326171,.2839161109924316,.0666699981689453,.1886899948120117,.3770500183105469,.0001481160894036,.656892318725586,.3770500183105469,NGA,.0316733446757939,.0119424351899644,.0052936057710366,.017236040961001,.1453322505950928,.017236040961001,0,0,-.0781900215148926,2003,.2768074226379394,2002,.2911482810974121,1,1,.0185743994574549,0,.0052735712579805,0,.0133711565886979,0,.0019432602800949,0,.0185743994574549,0,.0026994592766042,0
Nigeria,NGA,2002,.5156558609008789,.2768074226379394,.1460400009155274,.1288300037384033,.3072400093078613,.0000918549858034,.669046630859375,.3072400093078613,NGA,.0158044251611469,.0048557517336162,.0043533999506397,.0092091516842559,.0907175827026367,.0092091516842559,0,0,-.0552300071716308,2004,.2782587623596192,2003,.2839161109924316,1,1,.0266012887342,0,.0073634341733616,0,.021398045865443,0,.0019411789954731,0,.0266012887342,0,.0024132046107415,0
Nigeria,NGA,2003,.5067173767089844,.2782587623596192,.0950300025939941,.1403400039672852,.2988599967956543,.0000822019204497,.7413424682617188,.2988599967956543,NGA,.0145703926052643,.0043545074873207,.0021117136230358,.0064662211103565,.1952412796020508,.0064662211103565,0,0,-.1643599987030029,2005,.278531379699707,2004,.2768074226379394,1,1,.0293442193080994,0,.008165286147081,0,.0241409764393424,0,.0047133151308602,0,.0293442193080994,0,.0057292029266365,0
Nigeria,NGA,2004,.5063811874389649,.278531379699707,.1044200038909912,.1500100040435791,.2520100021362305,.0001732148975134,.865812759399414,.2520100021362305,NGA,.0037483715177383,.0009446271141926,.0020274005701835,.0029720276843762,.0579161977767944,.0029720276843762,0,0,-.1852300024032593,2006,.3149100303649902,2005,.2782587623596192,1,1,.0328384127340797,0,.0091465284059717,0,.0276351698653227,0,.0016005239635153,0,.0328384127340797,0,.001901876006583,0
Nigeria,NGA,2005,.5025938034057618,.3149100303649902,.0700799989700317,.1785600090026855,.1344999980926514,.0002685751207173,1.205,.1344999980926514,NGA,-.0231629296712389,-.0031154139966019,.001077560885697,-.0020378531109048,.0821866893768311,-.0020378531109048,0,0,-.0768599987030029,2007,.3827704620361328,2006,.278531379699707,1,1,.0378482935293607,0,.0119188072645941,0,.0326450506606037,0,.002682988638334,0,.0378482935293607,0,.0031106259437407,0
Nigeria,NGA,2006,.5019169235229493,.3827704620361328,.0672599983215332,.0822700023651123,.0667799997329712,.0003756014630198,1.318999938964844,.0667799997329712,NGA,-.038790685657512,-.0025904419778504,.0009078058862859,-.0016826360915645,.03213951587677,-.0016826360915645,0,0,-.0151100015640259,2008,.3882621383666992,2007,.3149100303649902,1,1,.0374930765100204,0,.0143512422188966,0,.0322898336412634,0,.0010377796209716,0,.0374930765100204,0,.0012050093277628,0
Nigeria,NGA,2007,.5019131851196289,.3882621383666992,.0731799983978271,.0538600015640259,.0576399993896484,.0004250981658697,1.355,.0576399993896484,NGA,-.0409068499857732,-.0023578708082124,.0009068683304957,-.0014510024777167,.036905255317688,-.0014510024777167,0,0,.0035500001907349,2009,.3984303665161133,2008,.3827704620361328,1,1,.0372614428961726,0,.0144672074974966,0,.0320582000274156,0,.0011831160570373,0,.0372614428961726,0,.0013751430635887,0
Nigeria,NGA,2008,.4961210250854492,.3984303665161133,.0719899988174438,.1158300018310547,.0516699981689453,.0004094753041863,1.548999938964844,.0516699981689453,NGA,-.0418314866294261,-.0021614328375467,-.0005457499968589,-.0027071828344056,.0315634417533875,-.0027071828344056,0,0,.0150300025939941,2010,.3940056610107422,2009,.3882621383666992,1,1,.0385176232528615,0,.0153465907499672,0,.0333143803841045,0,.0010515165048039,0,.0385176232528615,0,.0012157487580206,0
Nigeria,NGA,2009,.496339340209961,.3940056610107422,.0835299968719482,.1253800010681152,.0611899995803833,.0003040981665254,1.13,.0611899995803833,NGA,-.0396442880603451,-.0024258339697771,-.0004909986520871,-.0029168326218642,.0643812704086304,-.0029168326218642,0,0,.0625900030136108,2011,.4147311401367187,2010,.3984303665161133,1,1,.0387272730403201,0,.0152587648133948,0,.0335240301715631,0,.0021583196516625,0,.0387272730403201,0,.0024933110377977,0
Nigeria,NGA,2010,.4937741088867187,.4147311401367187,.1125899982452393,.1373999977111816,.0667000007629395,.0002110626362264,1.326000061035156,.0667000007629395,NGA,-.038165650852064,-.0025456489409507,-.0011343341283268,-.0036799830692776,.0505668926239014,-.0036799830692776,0,0,.058120002746582,2012,.4171068572998047,2011,.3940056610107422,1,1,.0394904234877335,0,.0163779083575496,0,.0342871806189765,0,.0017337961807361,0,.0394904234877335,0,.0019969080041766,0
Nigeria,NGA,2011,.5017184448242188,.4171068572998047,.0488700008392334,.1082600021362305,.1237800025939941,.0002035644836724,1.521000061035156,.1237800025939941,NGA,-.0255760702571072,-.0031658060427689,.00085802932734,-.0023077767154289,.0474980163574219,-.0023077767154289,0,0,.0060999965667724,2013,.4187504577636719,2012,.4147311401367187,1,1,.0381182171338848,0,.0158993697545862,0,.0329149742651278,0,.0015633959860492,0,.0381182171338848,0,.001810539700941,0
Nigeria,NGA,2012,.4983879089355469,.4187504577636719,.0427899980545044,.1222399997711182,.1248200035095215,.0002605791389942,1.531000061035156,.1248200035095215,NGA,-.0250720218545635,-.0031294898558774,.000022762787181,-.0031067270686964,.0661370611190796,-.0031067270686964,0,0,.0328299999237061,2014,.4221242141723633,2013,.4171068572998047,1,1,.0389171674871523,0,.0162965817001105,0,.0337139246183953,0,.0022297398930509,0,.0389171674871523,0,.0025738670846793,0
Nigeria,NGA,2013,.4968010330200195,.4221242141723633,.0539400005340576,.0849600028991699,.1298799991607666,.0002401018701494,1.541999969482422,.1298799991607666,NGA,-.0237749113528933,-.0030878854665611,-.0003752105119906,-.0034630959785517,.0859700775146484,-.0034630959785517,0,0,.0194200038909912,2015,.2021304512023926,2014,.4187504577636719,1,1,.0392735363970076,0,.0165783106893565,0,.0340702935282506,0,.0029290257755705,0,.0392735363970076,0,.0033763489683251,0
Nigeria,NGA,2014,.4930948638916016,.2021304512023926,.0630999994277954,.0804699993133545,.1576500034332275,.0001813545264304,1.461999969482422,.1576500034332275,NGA,-.0170515717373318,-.0026881803429323,-.0013046822752787,-.003992862618211,.0887086391448975,-.003992862618211,0,0,.0161099910736084,2016,.2100400161743164,2015,.4221242141723633,1,1,.0398033030366669,0,.008045459602147,0,.0346000601679099,0,.0030693242518269,0,.0398033030366669,0,.0035308968458547,0
Nigeria,NGA,2015,.4904983520507812,.2100400161743164,.0265300011634827,.0900899982452393,.1493000030517578,.0001461465284228,1,.1493000030517578,NGA,-.0187798862523555,-.0028038370747883,-.0019558626060899,-.0047596996808782,.1555641841888428,-.0047596996808782,0,0,.0307499885559082,2017,.2288111686706543,2016,.2021304512023926,1,1,.0405701400993341,0,.0085213528826584,0,.0353668972305771,0,.0055018225149654,0,.0405701400993341,0,.00631126074698,0
Nigeria,NGA,2016,.4898532485961914,.2288111686706543,-.0161699998378754,.1569699954986572,.1737599945068359,.0001434728130698,.8880000305175781,.1737599945068359,NGA,-.0130649420061665,-.0022701642512236,-.0021176483812838,-.0043878126325074,.250412769317627,-.0043878126325074,0,0,.0300100135803223,2018,.2280594062805176,2017,.2100400161743164,1,1,.0401982530509633,0,.0091978092591096,0,.0349950101822063,0,.0087631974120248,0,.0401982530509633,0,.0100661558682225,0
Nigeria,NGA,2017,.4868595123291016,.2280594062805176,.0080599999427795,.1650200080871582,.180049991607666,.0002057117968798,1.003000030517578,.180049991607666,NGA,-.0113718223627813,-.0020474965209826,-.0028684487982575,-.0049159453192402,.2059957122802734,-.0049159453192402,0,0,.0343500137329102,2019,.2302962684631348,2018,.2288111686706543,1,1,.0407263857376961,0,.0092880353512903,0,.0355231428689391,0,.007317615117721,0,.0407263857376961,0,.0083894608386379,0
Nigeria,NGA,2018,.4804053497314453,.2302962684631348,.0192299997806549,.1209500026702881,.2037700080871582,.0002134908922017,1.149000015258789,.2037700080871582,NGA,-.0053691135289209,-.0010940643072091,-.0044870910356537,-.0055811553428628,.2414307022094727,-.0055811553428628,0,0,.0534599876403809,2020,.2354277038574219,2019,.2280594062805176,1,1,.0413915957613187,0,.0095323300495662,0,.0361883528925617,0,.0087369794506554,0,.0413915957613187,0,.0099932020302258,0
Nigeria,NGA,2019,.4832374572753906,.2354277038574219,.0220799994468689,.1139599990844727,.2144000053405762,.0001920235715806,1.054000015258789,.2144000053405762,NGA,-.0031314626871111,-.0006713856168404,-.0037768255562648,-.0044482111731053,.2411003303527832,-.0044482111731053,0,0,.0518400001525879,2021,.2470685768127441,2020,.2302962684631348,1,1,.0402586515915612,0,.0094780019045972,0,.0350554087228042,0,.0084518706237199,0,.0402586515915612,0,.009706374198283,0
Nigeria,NGA,2020,.4825348281860352,.2470685768127441,-.0636899995803833,.1324600028991699,.2572299957275391,.0001980371214449,.7880000305175782,.2572299957275391,NGA,.006841787626448,.0017599130019199,-.0039530382103537,-.0021931252084337,.3644284057617188,-.0021931252084337,0,0,.0411499977111816,2022,.2505012512207031,2021,.2354277038574219,1,1,.0380035656268896,0,.0093894868732453,0,.0328003227581326,0,.0119533693312161,0,.0380035656268896,0,.0138495788346682,0
Nigeria,NGA,2021,.4848041152954102,.2505012512207031,.0110899996757507,.1695299911499023,.2662400054931641,.0002149146609008,1.21,.2662400054931641,NGA,.0087487958951633,.0023292794671868,-.0033839227118772,-.0010546432446904,.352791862487793,-.0010546432446904,0,0,.0971199798583984,2023,.2463403129577637,2022,.2470685768127441,1,1,.0368650836631463,0,.009234749583974,0,.0316618407943893,0,.0111700397836446,0,.0368650836631463,0,.0130057015262897,0
Nigeria,NGA,2022,.4819580459594727,.2463403129577637,.0431899976730347,.1884700012207031,.2983799934387207,.0001817372441292,1.471999969482422,.2983799934387207,NGA,.0164160724117257,.0048982275785003,-.0040976896751359,.0008005379033644,.2497352981567383,.0008005379033644,0,0,,,.2525531959533691,2023,.2505012512207031,0,1,,,,,.0298066596463345,0,.0074437750338338,0,.0350099025150915,0,.0087432084430447,0
Nigeria,NGA,2023,.481084976196289,.2525531959533691,.0331599998474121,.2465999984741211,.3633599853515625,.0001598609052598,1.276999969482422,.3633599853515625,NGA,.0315318508645181,.0114574128682389,-.0043166472197437,.0071407656484952,.3897653961181641,.0071407656484952,0,0,,,,,.2463403129577637,0,0,,,,,,,,,,,,
Netherlands,NLD,1995,.3272440719604492,.6023240661621094,.0313199996948242,.0134899997711182,.7302999877929688,.0880555057525635,,.7302999877929688,NLD,.1286591955842561,.0939598089646354,-.0428984743224239,.0510613346422116,.0942690944671631,.0510613346422116,0,0,-.0733399963378907,1997,.60945068359375,1996,,0,0,,,,,,,,,,,,
Netherlands,NLD,1996,.3269719314575195,.60945068359375,.0341599988937378,.0144599997997284,.7124600219726562,.0715066766738892,,.7124600219726562,NLD,.1245496789004235,.088736666966083,-.0429667245571961,.0457699424088869,.0929920291900635,.0457699424088869,0,0,-.0856600189208985,1998,.612319450378418,1997,.6023240661621094,0,0,,,,,,,,,,,,
Netherlands,NLD,1997,.3306908798217774,.612319450378418,.0424599981307983,.0186199998855591,.6569599914550781,.0566677379608154,,.6569599914550781,NLD,.1114041604393103,.0731880762902695,-.0420340478838087,.0311540284064608,.0897837066650391,.0311540284064608,0,0,-.0709499740600585,1999,.6174482727050781,1998,.60945068359375,0,0,,,,,,,,,,,,
Netherlands,NLD,1998,.3306172561645508,.6174482727050781,.0465399980545044,.0178600001335144,.6268000030517578,.0515581607818604,,.6268000030517578,NLD,.1044261279761968,.0654542973341634,-.0420525119927392,.0234017853414242,.0854898357391357,.0234017853414242,0,0,-.105250015258789,2000,.6286544036865235,1999,.612319450378418,0,0,,,,,,,,,,,,
Netherlands,NLD,1999,.334512825012207,.6286544036865235,.0503800010681152,.0203399991989136,.5860100173950196,.0300125598907471,,.5860100173950196,NLD,.0946729105841844,.055479273978275,-.0410755405917102,.0144037333865648,.0736327123641968,.0144037333865648,0,0,-.0918700027465821,2001,.6315097808837891,2000,.6174482727050781,0,0,,,,,,,,,,,,
Netherlands,NLD,2000,.334830551147461,.6315097808837891,.0422800016403198,.0233999991416931,.5215499877929688,.0267371392250061,1.057039108276367,.5215499877929688,NLD,.0797214257182338,.0415787086101829,-.0409958579164344,.0005828506937485,.0589681148529053,.0005828506937485,0,0,-.0346199798583985,2002,.615878677368164,2001,.6286544036865235,1,1,.0352275897247074,0,.022246567468114,0,.0300243468559504,0,.0017704791337851,0,.0352275897247074,0,.0020773045568776,0
Netherlands,NLD,2001,.3364707183837891,.615878677368164,.0232800006866455,.0511999988555908,.4941400146484375,.0249610066413879,1.071620254516602,.4941400146484375,NLD,.0732447393980218,.0361931565990595,-.0405845196638037,-.0043913630647442,.0518712139129639,-.0043913630647442,0,0,.0038999938964844,2003,.6128458786010742,2002,.6315097808837891,1,1,.0402018034832001,0,.0247594335570481,0,.0349985606144431,0,.0018154178242776,0,.0402018034832001,0,.002085316348164,0
Netherlands,NLD,2002,.3379430770874023,.6128458786010742,.0024600000679493,.0384899997711182,.4869300079345703,.0279220175743103,1.047585144042969,.4869300079345703,NLD,.0714588227822513,.0347954451443567,-.0402152661858805,-.0054198210415238,.0480834770202637,-.0054198210415238,0,0,.014020004272461,2004,.612671012878418,2003,.615878677368164,1,1,.0412302614599797,0,.0252677958093933,0,.0360270185912227,0,.0017323043205397,0,.0412302614599797,0,.0019824943294504,0
Netherlands,NLD,2003,.3412821578979492,.612671012878418,.00097999997437,.0222399997711182,.4980400085449219,.0317931318283081,1.051833419799805,.4980400085449219,NLD,.0737675551346634,.0367391937896058,-.039377856661058,-.0026386628714522,.0437030076980591,-.0026386628714522,0,0,-.002239990234375,2005,.6114955520629883,2004,.6128458786010742,1,1,.0384491032899081,0,.0235566510568949,0,.0332458604211511,0,.0014529440939142,0,.0384491032899081,0,.0016803414570623,0
Netherlands,NLD,2004,.3392498779296875,.6114955520629883,.0201300001144409,.0138900005817413,.5009500122070313,.0311749410629272,1.048369293212891,.5009500122070313,NLD,.0746020152562338,.0373718804532795,-.0398875330358114,-.002515652582532,.0415188550949097,-.002515652582532,0,0,-.0513500213623047,2006,.6217212677001953,2005,.612671012878418,1,1,.0383260930009879,0,.0234362353980565,0,.0331228501322309,0,.0013752228149705,0,.0383260930009879,0,.001591255501662,0
Netherlands,NLD,2005,.3421001052856446,.6217212677001953,.0202900004386902,.0149199998378754,.4958000183105469,.0289211511611938,1.011999969482422,.4958000183105469,NLD,.0731842170044309,.0362847361308399,-.0391727232809085,-.0028879871500687,.0386193084716797,-.0028879871500687,0,0,-.068390007019043,2007,.6468895721435547,2006,.6114955520629883,1,1,.0386984275685246,0,.0240596354459073,0,.0334951846997676,0,.0012935608702362,0,.0386984275685246,0,.0014945065116378,0
Netherlands,NLD,2006,.3414055633544922,.6468895721435547,.0353900003433228,.0164699995517731,.4495999908447266,.0326514458656311,1.009000015258789,.4495999908447266,NLD,.0625410244649445,.0281184440268588,-.0393469077530838,-.0112284637262249,.0337476992607117,-.0112284637262249,0,0,.0939200210571289,2008,.6567256927490235,2007,.6217212677001953,1,1,.0470389041446808,0,.0304289765762543,0,.0418356612759238,0,.0014118573151129,0,.0470389041446808,0,.0015874547906281,0
Netherlands,NLD,2007,.3394007110595703,.6567256927490235,.0388199996948242,.0158700001239777,.4274100112915039,.0354100847244263,1.013000030517578,.4274100112915039,NLD,.0575611611569292,.0246022165400352,-.0398497055297434,-.0152474889897082,.0333364272117615,-.0152474889897082,0,0,.1354899978637695,2009,.673092041015625,2008,.6468895721435547,1,1,.0510579294081641,0,.0335310540609073,0,.0458546865394071,0,.0015286314201391,0,.0510579294081641,0,.0017020889472985,0
Netherlands,NLD,2008,.3399601745605469,.673092041015625,.0212700009346008,.0221300005912781,.5435200119018555,.0368288922309876,.990999984741211,.5435200119018555,NLD,.0844033928876093,.0458749331068304,-.039709397435663,.0061655356711674,.0328039455413818,.0061655356711674,0,0,.0454499816894531,2010,.6749482727050782,2009,.6567256927490235,1,1,.0296449047472885,0,.0199537494420662,0,.0244416618785315,0,.0008017829452042,0,.0296449047472885,0,.0009724698409095,0
Netherlands,NLD,2009,.343362922668457,.6749482727050782,-.0367000007629395,.0097699999809265,.5629000091552734,.052510142326355,1.001999969482422,.5629000091552734,NLD,.0886220949653387,.0498853780673486,-.0388560207617187,.0110293573056299,.0297691798210144,.0110293573056299,0,0,.0487699890136719,2011,.6757108306884766,2010,.673092041015625,1,1,.024781083112826,0,.0167259492427629,0,.019577840244069,0,.0005828162467328,0,.024781083112826,0,.0007377125193452,0
Netherlands,NLD,2010,.33940185546875,.6757108306884766,.0131700003147125,.0092900002002716,.5889699935913086,.0608811616897583,.9740000152587891,.5889699935913086,NLD,.0949719233633333,.0559356130946567,-.0398494185228688,.0160861945717879,.0286717772483826,.0160861945717879,0,0,.0679300308227538,2012,.6861534881591796,2011,.6749482727050782,1,1,.019724245846668,0,.0133278865457558,0,.014521002977911,0,.0004163429628058,0,.019724245846668,0,.000565529183308,0
Netherlands,NLD,2011,.3368201065063476,.6861534881591796,.0177699995040894,.0247199988365173,.6116699981689453,.0653457498550415,.9740000152587891,.6116699981689453,NLD,.1004323856766202,.0614314771629211,-.0404968964649981,.0209345806979229,.0307238078117371,.0209345806979229,0,0,.0599400329589844,2013,.6826576232910156,2012,.6757108306884766,1,1,.014875859720533,0,.0102071230366103,0,.009672616851776,0,.0002971796211905,0,.014875859720533,0,.000457043055088,0
Netherlands,NLD,2012,.3377871704101563,.6826576232910156,-.0097699999809265,.0281699991226196,.6569000244140625,.0717572164535522,.9690000152587891,.6569000244140625,NLD,.110829426087277,.0728038527025288,-.0402543660890925,.0325494866134364,.0274601101875305,.0325494866134364,0,0,.014759979248047,2014,.6911416625976563,2013,.6861534881591796,1,1,.0032609538050195,0,.0022261149741964,0,0,.0019422890637375,0,.0000533354717063,.0032609538050195,0,.0000895461508023,0
Netherlands,NLD,2013,.339662094116211,.6911416625976563,-.0003200000151992,.0255699992179871,.6716100311279297,.0606405830383301,.9719999694824218,.6716100311279297,NLD,.1140874945914436,.076622305793867,-.0397841531595921,.0368381526342749,.0281396913528442,.0368381526342749,0,0,-.0336200332641602,2015,.7130088043212891,2014,.6826576232910156,1,1,0,.001027712215819,0,.0007102947295131,0,.006230955084576,0,.0001753371529134,0,.001027712215819,0,.0000289195045527
Netherlands,NLD,2014,.3410384368896484,.7130088043212891,.0161199998855591,.0031999999284744,.6716600036621094,.0554839658737183,.9890000152587891,.6716600036621094,NLD,.1139902883357289,.0765627174810206,-.0394389795584452,.0371237379225755,.025871741771698,.0371237379225755,0,0,-.0628300094604493,2016,.704316635131836,2015,.6911416625976563,1,1,0,.0013132975041196,0,.0009363926831304,0,.0065165403728766,0,.0001685942497719,0,.0013132975041196,0,.000033977293896
Netherlands,NLD,2015,.3421689224243164,.704316635131836,.0212100005149841,.0021400000154972,.6379899978637695,.0482230186462402,1,.6379899978637695,NLD,.1061043101511362,.0676934886066601,-.0391554646008512,.0285380240058089,.0235622000694275,.0285380240058089,0,0,-.078129997253418,2017,.6901184844970704,2016,.7130088043212891,1,1,.007272416412647,0,.0051220838570331,0,.00206917354389,0,.0000487542810195,0,.007272416412647,0,.000171354130503,0
Netherlands,NLD,2016,.3402299880981445,.6901184844970704,.0242499995231628,.0011200000345707,.6088299942016602,.0442378377914429,1.006999969482422,.6088299942016602,NLD,.0995052572995396,.0605817852247134,-.0396417307815357,.0209400544431777,.0212496042251587,.0209400544431777,0,0,-.0932899856567383,2018,.6877080535888672,2017,.704316635131836,1,1,.0148703859752782,0,.0102623282331455,0,.0096671431065212,0,.0002054229650015,0,.0148703859752782,0,.00031598981665,0
Netherlands,NLD,2017,.3416667556762695,.6877080535888672,.0278299999237061,.0129799997806549,.5598600006103516,.0460562229156494,.999000015258789,.5598600006103516,NLD,.0880522050477619,.0492969075717828,-.0392814032174116,.0100155043543712,.0183165955543518,.0100155043543712,0,0,-.0833399963378906,2019,.6832685852050782,2018,.6901184844970704,1,1,.0257949360640847,0,.017739385273081,0,.0205916931953277,0,.0003771697160381,0,.0257949360640847,0,.0004724754112362,0
Netherlands,NLD,2018,.3456911087036133,.6832685852050782,.0225999999046326,.0159700000286102,.5155400085449219,.0450496006011963,.9980000305175781,.5155400085449219,NLD,.077471400534396,.0399396064934896,-.0382721339760978,.0016674725173918,.0161363744735718,.0016674725173918,0,0,.0185799789428711,2020,.6799057769775391,2019,.6877080535888672,1,1,.0341429679010642,0,.0233288173724625,0,.0289397250323071,0,.0004669822402835,0,.0341429679010642,0,.0005509437156907,0
Netherlands,NLD,2019,.3494038391113281,.6799057769775391,.0229999995231628,.0267000007629395,.4765200042724609,.0496380853652954,.9969999694824219,.4765200042724609,NLD,.0681424907423735,.0324712599796919,-.0373410167067289,-.004869756727037,.0131342744827271,-.004869756727037,0,0,.028489990234375,2021,.6766975402832032,2020,.6832685852050782,1,1,.0406801971454929,0,.0276587010478058,0,.0354769542767359,0,.0004659640552818,0,.0406801971454929,0,.0005343048753204,0
Netherlands,NLD,2020,.3495384979248047,.6766975402832032,-.0387700009346008,.0111000001430511,.534119987487793,.0643369960784912,.9869999694824219,.534119987487793,NLD,.0814697084826524,.0435145996753885,-.0373072455644881,.0062073541109003,.011951197385788,.0062073541109003,0,0,-.0499799728393555,2022,.6767704772949219,2021,.6799057769775391,1,1,.0296030863075556,0,.0200323356891142,0,.0243998434387986,0,.0002916073451194,0,.0296030863075556,0,.0003537923276901,0
Netherlands,NLD,2021,.3465525054931641,.6767704772949219,.0627799987792969,.0282100009918213,.5050099945068359,.0723116302490234,.9680000305175781,.5050099945068359,NLD,.0749649893232616,.0378580688463453,-.0380561039016106,-.0001980350552653,.00944196164608,-.0001980350552653,0,0,-.046510009765625,2023,.6715728759765625,2022,.6766975402832032,1,1,.0360084754737212,0,.0243694731330128,0,.0308052326049642,0,.0002908618247546,0,.0360084754737212,0,.0003399906443567,0
Netherlands,NLD,2022,.3565837860107422,.6715728759765625,.0500699996948242,.116269998550415,.4841400146484375,.067670578956604,.93,.4841400146484375,NLD,.069339521367,.033570036890335,-.0355403547094818,-.0019703178191468,.009822501540184,-.0019703178191468,0,0,,,.6713249969482422,2023,.6767704772949219,0,1,,,,,.0325775153688457,0,.0003199926948859,0,.0377807582376027,0,.0003711015559782,0
Netherlands,NLD,2023,.3538795852661133,.6713249969482422,-.0060100001096725,.0411499977111816,.458499984741211,.0750397777557373,.9569999694824218,.458499984741211,NLD,.0636160362242729,.0291679516381254,-.0362185423871898,-.0070505907490644,.0096495449542999,-.0070505907490644,0,0,,,,,.6715728759765625,0,0,,,,,,,,,,,,
Norway,NOR,1995,.262314395904541,.6471352386474609,.0415299987792969,.024449999332428,.3294300079345703,.0078368252515793,,.3294300079345703,NOR,.0409653389463315,.0134952119341323,-.0591822159441042,-.0456870040099718,-.028046441078186,-.0456870040099718,0,0,-.0697000122070313,1997,.6535163116455078,1996,,0,0,,,,,,,,,,,,
Norway,NOR,1996,.2628322982788086,.6535163116455078,.049689998626709,.0126199996471405,.2863699913024902,.0087584906816483,,.2863699913024902,NOR,.0309534234174656,.0088641315948419,-.0590523309830185,-.0501881993881766,-.0244372868537903,-.0501881993881766,0,0,-.0486699867248535,1998,.6579538726806641,1997,.6471352386474609,0,0,,,,,,,,,,,,
Norway,NOR,1997,.2626600646972656,.6579538726806641,.0509200000762939,.0254200005531311,.2597299957275391,.0073415958881378,,.2597299957275391,NOR,.0247982745368952,.0064408557395181,-.059095525517641,-.0526546697781228,-.0215983939170837,-.0526546697781228,0,0,-.0084700012207031,1999,.6592972564697266,1998,.6535163116455078,0,0,,,,,,,,,,,,
Norway,NOR,1998,.2624499320983887,.6592972564697266,.027260000705719,.0228200006484985,.2377000045776367,.0058359277248383,,.2377000045776367,NOR,.0197136142533356,.0046859261982596,-.0591482247632595,-.0544622985649999,-.0200608253479004,-.0544622985649999,0,0,.0503899955749512,2000,.6634002685546875,1999,.6579538726806641,0,0,,,,,,,,,,,,
Norway,NOR,1999,.2624713897705078,.6634002685546875,.0218300008773804,.0234299993515015,.2512599945068359,.0071140086650848,,.2512599945068359,NOR,.0228518715784557,.0057417611272737,-.0591428433843614,-.0534010822570877,-.0273322916030884,-.0534010822570877,0,0,.0220899963378906,2001,.664675521850586,2000,.6592972564697266,0,0,,,,,,,,,,,,
Norway,NOR,2000,.2626135444641113,.664675521850586,.0344300007820129,.0310500001907349,.2880900001525879,.00795106112957,.811712875366211,.2880900001525879,NOR,.0313689979067422,.0090370946117399,-.0591071923470921,-.0500700977353523,-.0284029722213745,-.0500700977353523,0,0,.0523200035095215,2002,.667966079711914,2001,.6634002685546875,1,1,.0858805381538082,0,.0570826915141916,0,.0806772952850512,0,-.0022914749768769,0,.0858805381538082,0,-.0024392625395393,0
Norway,NOR,2001,.2618350410461426,.667966079711914,.0216300010681152,.0298099994659424,.2733499908447266,.006579298377037,.7772765350341797,.2733499908447266,NOR,.0280173274941495,.0076585362140195,-.0593024335569648,-.0516438973429454,-.0327248954772949,-.0516438973429454,0,0,.1577899932861328,2003,.6722102355957031,2002,.664675521850586,1,1,.0874543377614013,0,.0584165311482848,0,.0822510948926443,0,-.0026916584832548,0,.0874543377614013,0,-.0028619340622779,0
Norway,NOR,2002,.2614480209350586,.6722102355957031,.0145700001716614,.0129999995231628,.3404100036621094,.00890245616436,.732306137084961,.3404100036621094,NOR,.0435763414275347,.0148338225449284,-.0593994944984958,-.0445656719535674,-.0368496203422546,-.0445656719535674,0,0,.097229995727539,2004,.6704180908203125,2003,.667966079711914,1,1,.0803761123720233,0,.0540296454338645,0,.0751728695032663,0,-.0027700917012332,0,.0803761123720233,0,-.0029618292254955,0
Norway,NOR,2003,.2607072257995606,.6704180908203125,.0109599995613098,.0250799989700317,.4311399841308594,.0102481651306152,.7412821960449218,.4311399841308594,NOR,.0646443367248016,.0278707583096809,-.0595852788318515,-.0317145205221706,-.0330090713500977,-.0317145205221706,0,0,-.0098299789428711,2005,.6728800201416015,2004,.6722102355957031,1,1,.0675249609406265,0,.045269955396531,0,.0623217180718695,0,-.002057182038495,0,.0675249609406265,0,-.0022289362536017,0
Norway,NOR,2004,.259262580871582,.6728800201416015,.0432999992370605,.0045500001311302,.4376399993896484,.0115406501293182,.8235503387451172,.4376399993896484,NOR,.066263657286379,.0289996269343668,-.0599475819599622,-.0309479550255955,-.0339453339576721,-.0309479550255955,0,0,.0839300155639649,2006,.6927264404296875,2005,.6704180908203125,1,1,.0667583954440513,0,.0449203904710143,0,.0615551525752944,0,-.0020895102109838,0,.0667583954440513,0,-.0022661360278267,0
Norway,NOR,2005,.2584381866455078,.6927264404296875,.0297000002861023,.0151499998569489,.4213100051879883,.0118853175640106,.9980000305175781,.4213100051879883,NOR,.0625474366789917,.0263518608717213,-.0601543321455051,-.0338024712737837,-.0332136130332947,-.0338024712737837,0,0,.0675600051879883,2007,.7383066558837891,2006,.6728800201416015,1,1,.0696129116922397,0,.0482227045245113,0,.0644096688234826,0,-.0021392778159058,0,.0696129116922397,0,-.002312096311067,0
Norway,NOR,2006,.2573013687133789,.7383066558837891,.0284699988365173,.0230200004577637,.5215700149536133,.0139803004264832,1.141999969482422,.5215700149536133,NOR,.0858535061997461,.0447786145124217,-.060439435207805,-.0156608206953833,-.0362621784210205,-.0156608206953833,0,0,-.0533200073242188,2008,.7421577453613282,2007,.6927264404296875,1,1,.0514712611138392,0,.0380015746670799,0,.0462680182450822,0,-.0016777791327902,0,.0514712611138392,0,-.001866460054065,0
Norway,NOR,2007,.2567357444763184,.7421577453613282,.0342000007629395,.0076399999856949,.4888700103759765,.0144687592983246,1.101999969482422,.4888700103759765,NOR,.0783261920111953,.0382913263012238,-.0605812883555602,-.0222899620543364,-.0486199617385864,-.0222899620543364,0,0,-.0717000198364258,2009,.744255599975586,2008,.7383066558837891,1,1,.0581004024727923,0,.0431196637037933,0,.0528971596040353,0,-.0025718578760281,0,.0581004024727923,0,-.0028248393452236,0
Norway,NOR,2008,.2551927375793457,.744255599975586,.0082300001382828,.0374799990653992,.4682500076293945,.0120179009437561,1.264000015258789,.4682500076293945,NOR,.0736733712588886,.0344975566540578,-.06096825972454,-.0264707030704822,-.0527810192108154,-.0264707030704822,0,0,-.0476000213623047,2010,.7415934753417969,2009,.7421577453613282,1,1,.0622811434889381,0,.0463530898145252,0,.0570779006201811,0,-.0030126297691468,0,.0622811434889381,0,-.0032872622309612,0
Norway,NOR,2009,.2545503616333008,.7415934753417969,-.0161300003528595,.0216499996185303,.4171699905395508,.0117137682437897,1.01,.4171699905395508,NOR,.061896044735204,.0258211723966207,-.0611293614666829,-.0353081890700622,-.0419888496398926,-.0353081890700622,0,0,-.1277099990844727,2011,.7566138458251953,2010,.744255599975586,1,1,.0711186294885181,0,.0527411116039357,0,.0659153866197611,0,-.0027677112577325,0,.0711186294885181,0,-.0029861894401886,0
Norway,NOR,2010,.2527145004272461,.7566138458251953,.0100499999523163,.0241300010681152,.4206499862670898,.0126311135292053,1.125,.4206499862670898,NOR,.0628469685366605,.0264365764518745,-.0615897778948647,-.0351532014429902,-.037064368724823,-.0351532014429902,0,0,-.1189899826049804,2012,.7558816528320312,2011,.7415934753417969,1,1,.0709636418614461,0,.0536920739825505,0,.0657603989926891,0,-.0024373676757565,0,.0709636418614461,0,-.0026302225880089,0
Norway,NOR,2011,.2536568641662598,.7558816528320312,.0138499999046326,.0130900001525879,.2894599914550781,.0115646994113922,1.278000030517578,.2894599914550781,NOR,.0323941157428233,.0093768004661124,-.0613534420840017,-.0519766416178893,-.0361859965324402,-.0519766416178893,0,0,.0162800025939941,2013,.7578472137451172,2012,.7566138458251953,1,1,.0877870820363452,0,.0663566446669337,0,.0825838391675882,0,-.0029883785177539,0,.0877870820363452,0,-.0031766630461602,0
Norway,NOR,2012,.2550545692443847,.7578472137451172,.0282399988174438,.0068900001049042,.3016600036621094,.0118070363998413,1.311999969482422,.3016600036621094,NOR,.0351086860660877,.0105908863672679,-.0610029110211962,-.0504120246539283,-.0323375821113586,-.0504120246539283,0,0,-.0136600112915039,2014,.7812308502197266,2013,.7558816528320312,1,1,.0862224650723842,0,.0653434549173421,0,.0810192222036272,0,-.0026199657506082,0,.0862224650723842,0,-.002788226044122,0
Norway,NOR,2013,.2551852989196777,.7812308502197266,.0127300000190735,.0212599992752075,.3057399940490723,.0131035304069519,1.296999969482422,.3057399940490723,NOR,.0360431171329456,.0110198224177368,-.0609701252692247,-.0499503028514879,-.0351187086105347,-.0499503028514879,0,0,.0262600135803223,2015,.7946703338623047,2014,.7578472137451172,1,1,.0857607432699438,0,.0669989383802539,0,.0805575004011868,0,-.0028290753829823,0,.0857607432699438,0,-.00301180655312,0
Norway,NOR,2014,.254184341430664,.7946703338623047,.0209500002861023,.0205800008773804,.2879999923706055,.0142698669433594,1.191999969482422,.2879999923706055,NOR,.0320143494967005,.0092201324107996,-.0612211558320655,-.0520010234212659,-.0421380519866943,-.0520010234212659,0,0,.0785599899291992,2016,.7945465087890625,2015,.7812308502197266,1,1,.0878114638397218,0,.0697811652864494,0,.0826082209709648,0,-.0034809495098028,0,.0878114638397218,0,-.0037002040283059,0
Norway,NOR,2015,.2548277664184571,.7945465087890625,.0204399991035461,.0215700006484985,.3320000076293945,.0123989868164063,1,.3320000076293945,NOR,.0421521468718008,.0139945130830332,-.0610597910002876,-.0470652779172544,-.0470866107940674,-.0470652779172544,0,0,.0371199798583984,2017,.7852954864501953,2016,.7946703338623047,1,1,.0828757183357103,0,.0658486126670243,0,.0776724754669533,0,-.0036573336217242,0,.0828757183357103,0,-.0039023366935523,0
Norway,NOR,2016,.2558373260498047,.7852954864501953,.0129200005531311,.035460000038147,.3665599822998047,.0128777360916138,.89,.3665599822998047,NOR,.05007507000255,.0183555167737962,-.0608066031024397,-.0424510863286435,-.0459290170669556,-.0424510863286435,0,0,.0141200256347656,2018,.7867526245117188,2017,.7945465087890625,1,1,.0782615267470994,0,.0614584237171984,0,.0730582838783424,0,-.0033554951671309,0,.0782615267470994,0,-.0035944749976535,0
Norway,NOR,2017,.2560346031188965,.7867526245117188,.0267000007629395,.0190600001811981,.369119987487793,.0136797606945038,.965999984741211,.369119987487793,NOR,.0506522735708303,.0186967665866931,-.0607571279007121,-.0420603613140189,-.0440943384170532,-.0420603613140189,0,0,.0209400177001953,2019,.780148696899414,2018,.7852954864501953,1,1,.0778708017324748,0,.0612650576358563,0,.0726675588637178,0,-.0032042279324779,0,.0778708017324748,0,-.003433661484399,0
Norway,NOR,2018,.2568723678588867,.780148696899414,.0111000001430511,.027409999370575,.3806800079345703,.0129593205451965,1.073000030517578,.3806800079345703,NOR,.0532629016465067,.0202761218214104,-.0605470245181847,-.0402709026967743,-.0385281467437744,-.0402709026967743,0,0,.06197998046875,2020,.7686985778808594,2019,.7867526245117188,1,1,.0760813431152302,0,.059354760689704,0,.0708781002464732,0,-.0027308018472161,0,.0760813431152302,0,-.002931273152007,0
Norway,NOR,2019,.2567050933837891,.7686985778808594,.0147000002861023,.0217000007629395,.3900600051879883,.0135403037071228,.9350000000000001,.3900600051879883,NOR,.0554481555289909,.0216281078333026,-.0605889753563507,-.0389608675230481,-.0364847302436829,-.0389608675230481,0,0,.0111499786376953,2021,.7610594177246094,2020,.780148696899414,1,1,.074771307941504,0,.0574765980809259,0,.069568065072747,0,-.0025381720877541,0,.074771307941504,0,-.0027280110002131,0
Norway,NOR,2020,.2569635963439941,.7610594177246094,-.0136099994182587,.0129499995708466,.4426599884033203,.0154315805435181,.725,.4426599884033203,NOR,.0676077846519218,.0299272611699939,-.0605241452868337,-.0305968841168398,-.0371351766586304,-.0305968841168398,0,0,-.094370002746582,2022,.7672899627685547,2021,.7686985778808594,1,1,.0664073245352957,0,.0505399197434813,0,.0612040816665387,0,-.0022728243849162,0,.0664073245352957,0,-.0024660477280452,0
Norway,NOR,2021,.2563955307006836,.7672899627685547,.0414300012588501,.0346799993515015,.4012099838256836,.0165920543670654,1.22,.4012099838256836,NOR,.0580545121636056,.0232920498861681,-.0606666107159213,-.0373745608297531,-.021730375289917,-.0373745608297531,0,0,.0231700134277344,2023,.7609076690673828,2022,.7610594177246094,1,1,.073185001248209,0,.0561541168829549,0,.067981758379452,0,-.001477269122454,0,.073185001248209,0,-.0015903375427166,0
Norway,NOR,2022,.255191478729248,.7609076690673828,.0407999992370605,.0577400016784668,.3482899856567383,.013634911775589,1.856999969482422,.3482899856567383,NOR,.0458955108720385,.015984946823331,-.060968575432102,-.0449836286087711,-.020010507106781,-.0449836286087711,0,0,,,.7647808074951172,2023,.7672899627685547,0,1,,,,,.07559082615847,0,-.0015126107640515,0,.080794069027227,0,-.0016167302924551,0
Norway,NOR,2023,.2556147193908692,.7647808074951172,.0035299998521805,.0549599981307983,.424379997253418,.0151669931411743,1.234000015258789,.424379997253418,NOR,.0634814744503267,.0269402679528726,-.060862430722991,-.0339221627701184,-.0389165258407593,-.0339221627701184,0,0,,,,,.7609076690673828,0,0,,,,,,,,,,,,
New Zealand,NZL,1995,.3173364067077637,.641978759765625,.0491300010681152,.0375500011444092,.4348199844360351,.0338131284713745,,.4348199844360351,NZL,.0610208462813341,.0265330834303234,-.0453832219886514,-.018850138558328,.136442985534668,-.018850138558328,0,0,-.0883899688720703,1997,.6436399841308593,1996,,0,0,,,,,,,,,,,,
New Zealand,NZL,1996,.3169519805908203,.6436399841308593,.0405600023269653,.0228600001335144,.3725799942016602,.0438697004318237,,.3725799942016602,NZL,.0466389279649582,.0173767315107558,-.0454796323812667,-.0281029008705109,.1248083782196045,-.0281029008705109,0,0,-.0278199768066406,1998,.6472903442382812,1997,.641978759765625,0,0,,,,,,,,,,,,
New Zealand,NZL,1997,.3176652908325195,.6472903442382812,.0244300007820129,.0118700003623962,.3464300155639649,.0320183324813843,,.3464300155639649,NZL,.0405272593879724,.0140398591005401,-.0453007409963486,-.0312608818958084,.1095647048950195,-.0312608818958084,0,0,-.0264700126647949,1999,.6543087005615235,1998,.6436399841308593,0,0,,,,,,,,,,,,
New Zealand,NZL,1998,.3182502365112305,.6543087005615235,.0040000000596046,.0126499998569489,.3447600173950195,.0301168417930603,,.3447600173950195,NZL,.0400943237639242,.013822919758292,-.0451540422158611,-.0313311224575691,.0996743202209473,-.0313311224575691,0,0,-.0445100212097168,2000,.6577723693847656,1999,.6472903442382812,0,0,,,,,,,,,,,,
New Zealand,NZL,1999,.3171207046508789,.6577723693847656,.0449300003051758,-.001140000000596,.3199600028991699,.0305469799041748,,.3199600028991699,NZL,.0344409002974449,.0110197105590205,-.0454373180010596,-.0344176074420391,.090660924911499,-.0344176074420391,0,0,-.0383600044250488,2001,.6585250854492187,2000,.6543087005615235,0,0,,,,,,,,,,,,
New Zealand,NZL,2000,.3158811569213867,.6585250854492187,.0421199989318848,.0261500000953674,.3002499961853027,.0260012173652649,.7415621185302734,.3002499961853027,NZL,.0299748147588345,.0089999380169952,-.0457481847137999,-.0367482466968046,.0837974262237549,-.0367482466968046,0,0,-.0362899971008301,2002,.6629252624511719,2001,.6577723693847656,1,1,.0725586871152605,0,.0477817156326601,0,.0673554442465035,0,.0056442128700146,0,.0725586871152605,0,.0060802312304336,0
New Zealand,NZL,2001,.3135745620727539,.6629252624511719,.0252500009536743,.0262599992752075,.2815999984741211,.0228746867179871,.7952326202392578,.2815999984741211,NZL,.0258385180806168,.0072761266520752,-.0463266566363872,-.039050529984312,.0614636945724487,-.039050529984312,0,0,-.0344199943542481,2003,.6650823211669922,2002,.6585250854492187,1,1,.0748609704027679,0,.0496272284516043,0,.0696577275340109,0,.0042814212897613,0,.0748609704027679,0,.0046012318202328,0
New Zealand,NZL,2002,.3136716651916504,.6650823211669922,.0470599985122681,.0267700004577637,.2639599990844727,.0304153800010681,.7597438812255859,.2639599990844727,NZL,.0217461228441695,.0057401065660378,-.0463023041030801,-.0405621975370423,.0526355981826782,-.0405621975370423,0,0,-.0389100074768066,2004,.6678267669677734,2003,.6629252624511719,1,1,.0763726379554982,0,.0507940913250891,0,.0711693950867412,0,.00374604368269,0,.0763726379554982,0,.0040199194835768,0
New Zealand,NZL,2003,.3123562049865722,.6678267669677734,.0442500019073486,.0175399994850159,.247180004119873,.0357151341438293,.7666204071044922,.247180004119873,NZL,.0179645109142515,.0044404678817962,-.0466322089385001,-.0421917410567039,.0484223079681396,-.0421917410567039,0,0,-.039370002746582,2005,.6774507141113282,2004,.6650823211669922,1,1,.0780021814751598,0,.0520919446709895,0,.0727989386064028,0,.0035250926249529,0,.0780021814751598,0,.0037770456535769,0
New Zealand,NZL,2004,.3116603660583496,.6774507141113282,.048439998626709,.0228999996185303,.225049991607666,.0388898181915283,.8145985412597656,.225049991607666,NZL,.0128950769936653,.0029020369692046,-.0468067186851332,-.0439046817159286,.0428120994567871,-.0439046817159286,0,0,-.0410499954223633,2006,.6875228881835938,2005,.6678267669677734,1,1,.0797151221343845,0,.0540030664154105,0,.0745118792656275,0,.0031900099858322,0,.0797151221343845,0,.0034127717370272,0
New Zealand,NZL,2005,.3098370552062988,.6875228881835938,.0321499991416931,.0303699994087219,.207810001373291,.0482291269302368,.8230000305175781,.207810001373291,NZL,.0090470859715727,.0018800749481768,-.0472639876045905,-.0453839126564137,.0303892278671265,-.0453839126564137,0,0,-.0446999931335449,2007,.7412919616699218,2006,.6774507141113282,1,1,.0811943530748696,0,.0558229761302328,0,.0759911102061126,0,.0023093111639295,0,.0811943530748696,0,.0024674336971161,0
New Zealand,NZL,2006,.3097690773010254,.7412919616699218,.0281500005722046,.0336500000953674,.1839999961853027,.0742102146148682,.8230000305175781,.1839999961853027,NZL,.0035390103253093,.0006511778863567,-.0472810358129398,-.0466298579265832,.0193110275268555,-.0466298579265832,0,0,.0056900024414062,2008,.7515080261230469,2007,.6875228881835938,1,1,.0824402983450391,0,.0611123304808476,0,.0772370554762821,0,.0014915269043957,0,.0824402983450391,0,.0015920068706632,0
New Zealand,NZL,2007,.3081350326538086,.7515080261230469,.0348799991607666,.0237599992752075,.1631100082397461,.0879114723205566,.8719999694824219,.1631100082397461,NZL,-.0011691331589485,-.0001906973191894,-.0476908385787916,-.047881535897981,.0142023777961731,-.047881535897981,0,0,.0796399879455567,2009,.7561148071289062,2008,.7412919616699218,1,1,.0836919763164369,0,.0628951919239023,0,.0784887334476799,0,.0011147266451671,0,.0836919763164369,0,.0011886250661544,0
New Zealand,NZL,2008,.3048049163818359,.7561148071289062,-.0015899999439716,.0395900011062622,.189689998626709,.0564242458343506,.9359999847412109,.189689998626709,NZL,.005248925701609,.0009956687091299,-.0485259998830966,-.0475303311739667,.0092444133758545,-.0475303311739667,0,0,.1063100051879883,2010,.7625045013427735,2009,.7515080261230469,1,1,.0833407715924226,0,.0630151914385788,0,.0781375287236656,0,.0007223356156893,0,.0833407715924226,0,.000770436543663,0
New Zealand,NZL,2009,.3065029907226562,.7625045013427735,-.01057000041008,.021159999370575,.2427499961853027,.0804619216918945,.8419999694824218,.2427499961853027,NZL,.017401300697865,.004224165678026,-.0481001390826128,-.0438759734045868,.0093550229072571,-.0438759734045868,0,0,.104060001373291,2011,.7683887481689453,2010,.7561148071289062,1,1,.0796864138230427,0,.060761249235933,0,.0744831709542857,0,.0006967917704825,0,.0796864138230427,0,.0007454682267117,0
New Zealand,NZL,2010,.3045090293884277,.7683887481689453,.0174100005626678,.0230200004577637,.2960000038146973,.0848086547851563,.9290000152587891,.2960000038146973,NZL,.0298894708763583,.0088472834934213,-.0486002055105161,-.0397529220170948,.0169155824184418,-.0397529220170948,0,0,.0607100105285645,2012,.7725283813476562,2011,.7625045013427735,1,1,.0755633624355507,0,.0580620374692891,0,.0703601195667937,0,.0011901824015035,0,.0755633624355507,0,.0012781982850931,0
New Zealand,NZL,2011,.3032609367370606,.7725283813476562,.0170000004768372,.0402799987792969,.3468099975585938,.0848336410522461,.970999984741211,.3468099975585938,NZL,.0417536820891319,.0144805943833941,-.0489132152079199,-.0344326208245257,.0216023778915405,-.0344326208245257,0,0,-.0012200164794922,2013,.7746029663085937,2012,.7683887481689453,1,1,.0702430612429816,0,.0542647584029449,0,.0650398183742246,0,.0014050147345172,0,.0702430612429816,0,.0015174171532295,0
New Zealand,NZL,2012,.3043255805969238,.7746029663085937,.0253500008583069,.0105999994277954,.3567100143432617,.085513162612915,.9059999847412109,.3567100143432617,NZL,.0439619883099259,.015681681480592,-.0486462127125094,-.0329645312319174,.0242028021812439,-.0329645312319174,0,0,-.0150600051879883,2014,.7780162811279296,2013,.7725283813476562,1,1,.0687749716503733,0,.0532732970481686,0,.0635717287816163,0,.0015386139760211,0,.0687749716503733,0,.0016645470338746,0
New Zealand,NZL,2013,.3050873756408691,.7780162811279296,.0213100004196167,.0113399994373322,.3455899810791015,.0777040147781372,.9869999694824219,.3455899810791015,NZL,.0413268240886474,.014282136354855,-.0484551618030054,-.0341730254481503,.0210077261924744,-.0341730254481503,0,0,-.0037699890136719,2015,.7973065948486329,2014,.7746029663085937,1,1,.0699834658666063,0,.0544482758539804,0,.0647802229978492,0,.0013608851874262,0,.0699834658666063,0,.001470193488926,0
New Zealand,NZL,2014,.3036321640014649,.7973065948486329,.0378800010681152,.0122800004482269,.3416500091552734,.0727728891372681,1.043000030517578,.3416500091552734,NZL,.0405294948518045,.0138469022871776,-.0488201149612579,-.0349732126740803,.0171942055225372,-.0349732126740803,0,0,-.0080500030517578,2016,.7961727905273438,2015,.7780162811279296,1,1,.0707836530925362,0,.0564362734181569,0,.0655804102237792,0,.00112760305164,0,.0707836530925362,0,.001217068678909,0
New Zealand,NZL,2015,.3029079818725586,.7961727905273438,.036470000743866,.0029300001263618,.3418199920654297,.0650715732574463,1,.3418199920654297,NZL,.0406260911440192,.0138868101524981,-.0490017329114845,-.0351149227589864,.0170548415184021,-.0351149227589864,0,0,-.0305999946594238,2017,.784777603149414,2016,.7973065948486329,1,1,.0709253631774423,0,.0564688443201496,0,.0657221203086853,0,.001120880346118,0,.0709253631774423,0,.0012096208286264,0
New Zealand,NZL,2016,.3061292839050293,.784777603149414,.0395099997520447,.0064600002765656,.3336000061035156,.0758358669281006,1.003000030517578,.3336000061035156,NZL,.0384680775660318,.0128329509108187,-.0481938611775029,-.0353609102666842,.0171573877334595,-.0353609102666842,0,0,-.052450008392334,2018,.7849910736083985,2017,.7961727905273438,1,1,.0711713506851401,0,.0558536820035907,0,.0659681078163831,0,.0011318404038483,0,.0711713506851401,0,.001221114459219,0
New Zealand,NZL,2017,.3039175796508789,.7849910736083985,.0328999996185303,.0185099995136261,.3112199974060059,.0852747917175293,1.095,.3112199974060059,NZL,.0334605594241075,.0104135952171742,-.0487485354467407,-.0383349402295665,.0167596256732941,-.0383349402295665,0,0,.0069700050354004,2019,.7778031921386719,2018,.784777603149414,1,1,.0741453806480224,0,.0582034619579945,0,.0689421377792654,0,.0011554444222972,0,.0741453806480224,0,.0012426488250648,0
New Zealand,NZL,2018,.3036961555480957,.7778031921386719,.0333500003814697,.0159800004959106,.2811499977111817,.0704451847076416,1.088000030517578,.2811499977111817,NZL,.0265150460226645,.007454705128584,-.0488040664935217,-.0413493613649377,.0164816057682037,-.0413493613649377,0,0,.1506500053405762,2020,.6941881561279297,2019,.7849910736083985,1,1,.0771598017833936,0,.0600151401319107,0,.0719565589146366,0,.0011859596364676,0,.0771598017833936,0,.0012717174341466,0
New Zealand,NZL,2019,.3043692970275879,.6941881561279297,.029760000705719,.0162000000476837,.3181900024414063,.0690170288085938,1.101999969482422,.3181900024414063,NZL,.0350388337485552,.0111490065959968,-.0486352490499009,-.0374862424539041,.0171335697174072,-.0374862424539041,0,0,.1571500015258789,2021,.6937869262695312,2020,.7778031921386719,1,1,.07329668287236,0,.0508816891334572,0,.068093440003603,0,.0011666837015998,0,.07329668287236,0,.0012558338260483,0
New Zealand,NZL,2020,.3040902328491211,.6937869262695312,-.0122000002861023,.017150000333786,.4318000030517578,.0538655376434326,1.128000030517578,.4318000030517578,NZL,.0613684373347313,.0264988914284186,-.0487052356762643,-.0222063442478457,.0179434096813202,-.0222063442478457,0,0,.0371099853515625,2022,.6926780700683594,2021,.6941881561279297,1,1,.0580167846663016,0,.0402512867056746,0,.0528135417975446,0,.0009476550171949,0,.0580167846663016,0,.0010410189356604,0
New Zealand,NZL,2021,.3037101554870605,.6926780700683594,.0551100015640259,.0394099998474121,.4753400039672852,.0599010801315308,1.148000030517578,.4753400039672852,NZL,.0714806052282242,.033977591172768,-.0488005554427561,-.0148229642699881,.0195813286304474,-.0148229642699881,0,0,-.002390022277832,2023,.6901536560058594,2022,.6937869262695312,1,1,.050633404688444,0,.0350726490405816,0,.045430161819687,0,.0008895829283257,0,.050633404688444,0,.0009914693368829,0
New Zealand,NZL,2022,.3033776092529297,.6901536560058594,.026159999370575,.0717199993133545,.4689099884033203,.0521641731262207,1.119000015258789,.4689099884033203,NZL,.0700179523686465,.0328321172332063,-.0488839548570577,-.0160518376238514,.0195444059371948,-.0160518376238514,0,0,,,.6896719360351562,2023,.6926780700683594,0,1,,,,,.0466590351735503,0,.0009119231240697,0,.0518622780423073,0,.0010136174148865,0
New Zealand,NZL,2023,.3042622184753418,.6896719360351562,.0218099999427795,.0573299980163574,.4729499816894531,.0549073266983032,1.050999984741211,.4729499816894531,NZL,.0708835395695668,.0335243687415102,-.0486621033264646,-.0151377345849544,.0180957162380219,-.0151377345849544,0,0,,,,,.6901536560058594,0,0,,,,,,,,,,,,
Pakistan,PAK,1995,.5530517578125,.3412777709960937,.0506199979782105,.130290002822876,.5232899856567382,.0001942181028426,2.392445983886719,.5232899856567382,PAK,.0628774405645412,.0329031349711512,.0137319331577898,.046635068128941,.3136787796020508,.046635068128941,0,0,.0044600296020508,1997,.341279296875,1996,,1,0,0,.0108246277104851,0,.0036942048168969,,,,,,,,
Pakistan,PAK,1996,.5526684188842773,.341279296875,.0659899997711182,.1077400016784668,.5253400039672852,.0000942468922585,2.408665924072265,.5253400039672852,PAK,.0633824399149982,.0332973312364013,.0136357954217054,.0469331266581067,.3535136032104492,.0469331266581067,0,0,.0128200149536133,1998,.3361233520507813,1997,.3412777709960937,1,1,0,.0111226862396508,0,.0037959425392293,0,.0163259291084078,0,.0057714380248716,0,.0111226862396508,0,.0039320208899582
Pakistan,PAK,1997,.5540726470947266,.3361233520507813,.0170299994945526,.1181599998474121,.5277500152587891,.0001271896529943,2.379695739746094,.5277500152587891,PAK,.0638295206739355,.0336860305096307,.013987962423696,.0476739929333266,.4027580642700195,.0476739929333266,0,0,.0796199798583984,1999,.3309781265258789,1998,.341279296875,1,1,0,.0118635525148707,0,.0039876170385288,0,.0170667953836277,0,.0068737894720024,0,.0118635525148707,0,.0047781414462551
Pakistan,PAK,1998,.5520518112182617,.3309781265258789,.0349399995803833,.0780800008773804,.5381600189208985,.0001113330759108,2.730755004882813,.5381600189208985,PAK,.0663997773977068,.0357337054606934,.0134811561176882,.0492148615783816,.463919677734375,.0492148615783816,0,0,.0785699844360351,2000,.3316862106323242,1999,.3361233520507813,1,1,0,.0134044211599257,0,.004436570202676,0,.0186076640286827,0,.008632461499576,0,.0134044211599257,0,.0062185747447286
Pakistan,PAK,1999,.5495954895019531,.3316862106323242,.0418200016021728,.0573199987411499,.6073699951171875,.0001391918957233,2.352550048828125,.6073699951171875,PAK,.0826201823845789,.0501810197715028,.0128651341290116,.0630461539005144,.4365102767944336,.0630461539005144,0,0,.0441100311279297,2001,.3325261306762695,2000,.3309781265258789,1,1,0,.0272357134820585,0,.0090337105987317,0,.0324389563508155,0,.014159937815617,0,.0272357134820585,0,.0118886688307472
Pakistan,PAK,2000,.5470594787597656,.3325261306762695,.0390799999237061,.0359599995613098,.6167300033569336,.0001320400740951,2.0072216796875,.6167300033569336,PAK,.084988018358747,.0524146608476892,.0122291268949691,.0646437877426583,.4488122177124023,.0646437877426583,0,0,-.0114200210571289,2002,.3294136428833008,2001,.3316862106323242,1,1,0,.0288333473242024,0,.009587841420162,0,.0340365901929594,0,.0152760375278703,0,.0288333473242024,0,.0129407585566473
Pakistan,PAK,2001,.5439801406860352,.3294136428833008,.0363800001144409,.0439799976348877,.6514800262451171,.0002574839815497,1.637185211181641,.6514800262451171,PAK,.0932781111068458,.0607688262719828,.0114568583637778,.0722256846357606,.395082893371582,.0722256846357606,0,0,-.0882200241088866,2003,.3245716857910156,2002,.3325261306762695,1,1,0,.0364152442173047,0,.0119956782541074,0,.0416184870860617,0,.0164427522957091,0,.0364152442173047,0,.0143870400482055
Pakistan,PAK,2002,.5444207000732422,.3245716857910156,.0262299990653992,.0353999996185303,.6053099822998047,.0005231904238462,1.553908081054687,.6053099822998047,PAK,.0825521499348663,.0499696404158848,.0115673464435906,.0615369868594753,.3467769622802734,.0615369868594753,0,0,-.099219970703125,2004,.3299110794067383,2003,.3294136428833008,1,1,0,.0257265464410194,0,.0083501085479425,0,.0309297893097764,0,.0107257383808131,0,.0257265464410194,0,.0089213736247791
Pakistan,PAK,2003,.5432988739013672,.3299110794067383,.0516699981689453,.0310199999809265,.5632600021362305,.0006682824343443,1.453776092529297,.5632600021362305,PAK,.0729037129348254,.0410637455034089,.0112860031713475,.0523497486747564,.2471733665466309,.0523497486747564,0,0,-.0844800186157227,2005,.3177078819274902,2004,.3245716857910156,1,1,0,.0165393082563005,0,.0054565010394769,0,.0217425511250575,0,.0053741795588927,0,.0165393082563005,0,.0040880765020623
Pakistan,PAK,2004,.5361820220947265,.3177078819274902,.0769099998474121,.0456899976730347,.5060900115966797,.0005629191920161,1.386049957275391,.5060900115966797,PAK,.0602278951439199,.03048073615183,.0095011648197848,.0399819009716149,.2379545783996582,.0399819009716149,0,0,-.0442000198364257,2006,.3464382171630859,2005,.3299110794067383,1,1,0,.004171460553159,0,.0013253058968882,0,.009374703421916,0,.0022307536003838,0,.004171460553159,0,.0009926181372377
Pakistan,PAK,2005,.5344698333740234,.3464382171630859,.0799700021743774,.0927499961853027,.4787799835205078,.0005402574315667,1.231999969482422,.4787799835205078,PAK,.0540393022872957,.0258729362585712,.009071764267848,.0349447005264192,.2285553550720215,.0349447005264192,0,0,-.0366899871826172,2007,.4223971939086914,2006,.3177078819274902,1,1,.0008657398920367,0,.0002999253847241,0,0,.0043375029767203,0,.0009913595329703,.0008657398920367,0,.0001978694884245,0
Pakistan,PAK,2006,.5322892379760742,.4223971939086914,.0566400003433228,.0791800022125244,.4618899917602539,.0005926991999149,1.148000030517578,.4618899917602539,PAK,.0503005945961312,.0232333412235429,.0085248918021506,.0317582330256935,.2094675636291504,.0317582330256935,0,0,.032859992980957,2008,.4212874603271484,2007,.3464382171630859,1,1,.0040522073927624,0,.0017116410318389,0,0,.0011510354759946,0,.0002411045968073,.0040522073927624,0,.000848806009882,0
Pakistan,PAK,2007,.531623649597168,.4212874603271484,.0511100006103516,.0777699995040894,.4420899963378906,.0006917392462492,1.074000015258789,.4420899963378906,PAK,.0457683089442387,.0202337115335499,.0083579686039019,.0285916801374519,.2778665733337402,.0285916801374519,0,0,.1036000061035156,2009,.4184928512573242,2008,.4223971939086914,1,1,.007218760281004,0,.0030411731854947,0,.002015517412247,0,.0005600449168356,0,.007218760281004,0,.0020058521830003,0
Pakistan,PAK,2008,.5363521957397461,.4184928512573242,.0444500017166138,.1199600028991699,.494749984741211,.0003783126920462,.945,.494749984741211,PAK,.0575885473928482,.0284919329438802,.0095438427420331,.0380357756859133,.3200529098510742,.0380357756859133,0,0,.0724100112915039,2010,.418088493347168,2009,.4212874603271484,1,1,0,.0022253352674574,0,.0009312869010817,0,.0074285781362144,0,.0023775380485515,0,.0022253352674574,0,.0007122250277439
Pakistan,PAK,2009,.5325307083129883,.418088493347168,.0106299996376038,.1956100082397461,.5456900024414062,.000564407594502,1.063000030517578,.5456900024414062,PAK,.0696862527068582,.0380270914097379,.0085854502526844,.0466125416624223,.3396241378784179,.0466125416624223,0,0,.0158200073242188,2011,.4421265029907226,2010,.4184928512573242,1,1,0,.0108021012439664,0,.0045162342340735,0,.0160053441127234,0,.0054358011957311,0,.0108021012439664,0,.0036686543222575
Pakistan,PAK,2010,.5311602020263672,.4421265029907226,.0226500010490417,.1010799980163574,.5671599960327148,.0006999431550503,1.06,.5671599960327148,PAK,.0747661641214869,.0424043773465238,.0082417403865978,.0506461177331216,.3015270042419433,.0506461177331216,0,0,.0164799880981445,2012,.4376135635375977,2011,.418088493347168,1,1,0,.0148356773146657,0,.0065592461306319,0,.0200389201834227,0,.0060422755711509,0,.0148356773146657,0,.0044733573365913
Pakistan,PAK,2011,.530950927734375,.4376135635375977,.032039999961853,.1365799999237061,.561510009765625,.0006955967098475,1.013000030517578,.561510009765625,PAK,.0734743922804807,.0412566067269361,.0081892563961351,.0494458631230712,.3026777267456054,.0494458631230712,0,0,.0307999801635742,2013,.4415795135498047,2012,.4421265029907226,1,1,0,.0136354227046153,0,.0059670459201082,0,.0188386655733723,0,.005702044470669,0,.0136354227046153,0,.0041271387474484
Pakistan,PAK,2012,.5211800384521484,.4415795135498047,.0319600009918213,.1100399971008301,.5836399841308594,.0005213461816311,.9730000305175781,.5836399841308594,PAK,.0793710449790909,.0463241154320463,.0057388108348663,.0520629262669126,.3405220413208008,.0520629262669126,0,0,.0041900253295898,2014,.4492587280273437,2013,.4376135635375977,1,1,0,.0162524858484567,0,.0071767647949366,0,.0214557287172137,0,.0073061485408109,0,.0162524858484567,0,.0055343296576539
Pakistan,PAK,2013,.5202812194824219,.4492587280273437,.0385599994659424,.0736100006103516,.5923099899291993,.0002805891819298,.9290000152587891,.5923099899291993,PAK,.0814497100410346,.0482434769341414,.0055133956355807,.0537568725697221,.3290644454956055,.0537568725697221,0,0,-.0016799926757813,2015,.2803915023803711,2014,.4415795135498047,1,1,0,.0179464321512662,0,.0080625912809069,0,.0231496750200232,0,.0076177349738674,0,.0179464321512662,0,.0059055327444809
Pakistan,PAK,2014,.5204064559936523,.2803915023803711,.0355599999427795,.0862100028991699,.5878300094604492,.000506645552814,.9640000152587891,.5878300094604492,PAK,.0804024271766995,.0472629595279224,.0055448037545542,.0528077632824766,.2991621208190918,.0528077632824766,0,0,.0328199768066407,2016,.277767505645752,2015,.4492587280273437,1,1,0,.0169973228640207,0,.004765904894287,0,.0222005657327777,0,.0066415683280014,0,.0169973228640207,0,.0050849551562473
Pakistan,PAK,2015,.5157242584228515,.277767505645752,.0381200003623962,.0452600002288818,.5906299972534179,.0006832037866116,1,.5906299972534179,PAK,.0814208456498138,.0480895938425205,.0043705533948431,.0524601472373635,.3272491073608398,.0524601472373635,0,0,.0307899856567383,2017,.2754273796081543,2016,.2803915023803711,1,1,0,.0166497068189076,0,.004624747532821,0,.0218529496876646,0,.0071513582784896,0,.0166497068189076,0,.0054486016943072
Pakistan,PAK,2016,.5175778961181641,.2754273796081543,.0407200002670288,.0286400008201599,.6206499862670899,.0007220223546028,1.063000030517578,.6206499862670899,PAK,.0882257781683251,.0547573280085743,.0048354279964765,.0595927560050508,.2799332809448242,.0595927560050508,0,0,.0425600051879882,2018,.2793051147460938,2017,.277767505645752,1,1,0,.0237823155865949,0,.00655030086303,0,.0289855584553519,0,.0081140224784246,0,.0237823155865949,0,.0066574616306207
Pakistan,PAK,2017,.5180077362060547,.2793051147460938,.0460900020599365,.0477500009536743,.6214199829101562,.000578296110034,1.055,.6214199829101562,PAK,.0883701067110448,.0549149502021461,.0049432277785642,.0598581779807103,.2716916275024414,.0598581779807103,0,0,.1656999969482422,2019,.2803611183166504,2018,.2754273796081543,1,1,0,.0240477375622544,0,.0067166560992094,0,.0292509804310114,0,.0079472464793435,0,.0240477375622544,0,.0065335689560405
Pakistan,PAK,2018,.5176303100585937,.2803611183166504,.0609600019454956,.0469999980926514,.6632099914550781,.000349595695734,1.045999984741211,.6632099914550781,PAK,.0980768365842691,.0650455379529942,.0048485729113317,.0698941108643259,.2848530006408692,.0698941108643259,0,0,.1448400115966797,2020,.2822504997253418,2019,.2793051147460938,1,1,0,.03408367044587,0,.0095557359625403,0,.039286913314627,0,.0111909951435892,0,.03408367044587,0,.0097088357993606
Pakistan,PAK,2019,.5069512557983399,.2822504997253418,.0311999988555908,.0680200004577637,.7871199798583984,.0004750265553594,1.085999984741211,.7871199798583984,PAK,.1276134598485401,.1004471039456434,.0021703682613016,.102617472206945,.4237905120849609,.102617472206945,0,0,-.0396299743652344,2021,.3071712875366211,2020,.2803611183166504,1,1,0,.0668070317884891,0,.0188563181074678,0,.0720102746572461,0,.030517271172373,0,.0668070317884891,0,.0283121862125201
Pakistan,PAK,2020,.5084625625610352,.3071712875366211,-.0094300001859665,.1073900032043457,.8080500030517578,.0005355166271329,1.135999984741211,.8080500030517578,PAK,.1323405743689905,.1069378015227341,.0025493895398559,.1094871910625901,.4155295944213867,.1094871910625901,0,0,-.0348699951171875,2022,.3111766052246094,2021,.2822504997253418,1,1,0,.0736767506441342,0,.0226313823568733,0,.0788799935128912,0,.0327769717123733,0,.0736767506441342,0,.0306148703134427
Pakistan,PAK,2021,.5116473007202148,.3111766052246094,.0576999998092651,.0889599990844727,.747490005493164,.0006235641241074,1.075999984741211,.747490005493164,PAK,.1180655899950105,.0882528485139241,.003348091404195,.0916009399181191,.3965531158447266,.0916009399181191,0,0,.0375900268554688,2023,.3068241119384766,2022,.3071712875366211,1,1,0,.0557904994996632,0,.0173606982380905,0,.0609937423684202,0,.0241872585832275,0,.0557904994996632,0,.0221238964111251
Pakistan,PAK,2022,.5141323852539063,.3068241119384766,.0617999982833862,.1215299987792969,.7731800079345703,.0002555549517274,.9459999847412109,.7731800079345703,PAK,.1238179644200079,.0957335747127041,.0039713268323192,.0997049015450232,.3957576751708984,.0997049015450232,0,0,,,.299420223236084,2023,.3111766052246094,0,1,,,,,0,.0690977039953243,0,.0273459466928365,0,.0638944611265674,0,.0252867233917476
Pakistan,PAK,2023,.5151334762573242,.299420223236084,-.002119999974966,.2918099975585938,.7850800323486328,.0003542332351208,1.160999984741211,.7850800323486328,PAK,.1264944155318306,.099308239837651,.0042223908792953,.1035306307169463,.5930292892456055,.1035306307169463,0,0,,,,,.3068241119384766,0,0,,,,,,,,,,,,
Philippines,PHL,1995,.4993591690063476,.3264891052246094,.04625,.0690799999237061,.608489990234375,.0013311164081097,.9760482788085938,.608489990234375,PHL,.086849906995381,.0528472990594758,.0002663455216267,.0531136445811025,.2209881019592285,.0531136445811025,0,0,-.0395800018310547,1997,.3272608947753906,1996,,1,0,0,.0173032041626466,0,.0056493076445812,,,,,,,,
Philippines,PHL,1996,.4991164779663086,.3272608947753906,.058600001335144,.0829399967193604,.5307400131225586,.0019029949605465,.9874161529541016,.5307400131225586,PHL,.0688652920020439,.0365495659808536,.0002054809304267,.0367550469112803,.1972913932800293,.0367550469112803,0,0,-.0230100250244141,1998,.3295999526977539,1997,.3264891052246094,1,1,0,.0009446064928244,0,.0003091327660524,0,.0061478493615814,0,.0012129177662221,0,.0009446064928244,0,.0001863627310707
Philippines,PHL,1997,.498989143371582,.3295999526977539,.0518599987030029,.0559800004959106,.5689099884033203,.0013435514271259,1.002937622070313,.5689099884033203,PHL,.07771400071296,.0442122712443857,.0001735466321831,.0443858178765688,.1773506355285644,.0443858178765688,0,0,-.0267300033569335,1999,.3325466918945312,1998,.3272608947753906,1,1,0,.0085753774581129,0,.0028264440045594,0,.0137786203268699,0,.0024436470716772,0,.0085753774581129,0,.0015208486420937
Philippines,PHL,1998,.4985102844238281,.3325466918945312,-.0051399999856949,.0936900043487549,.5077299880981445,.0016736367344856,1.063546295166016,.5077299880981445,PHL,.0635849972227717,.0322840098831384,.0000534533889681,.0323374632721065,.2048034477233887,.0323374632721065,0,0,.0843000030517578,2000,.3186040687561035,1999,.3295999526977539,1,1,.0034729771463494,0,.0011549270610438,0,0,.0017302657224076,0,.0003543643854267,.0034729771463494,0,.0007112776934369,0
Philippines,PHL,1999,.4966782379150391,.3186040687561035,.0334599995613098,.0619999980926514,.5421799850463868,.0022517567873001,1.252154998779297,.5421799850463868,PHL,.0717070374541822,.0388781204946292,-.0004060063496318,.0384721141449974,.1977033996582031,.0384721141449974,0,0,.0525300216674804,2001,.3049747276306152,2000,.3325466918945312,1,1,0,.0026616737265415,0,.0008480200789773,0,.0078649165952985,0,.0015549207489187,0,.0026616737265415,0,.0005262219445182
Philippines,PHL,2000,.4950190734863281,.3049747276306152,.0438299989700317,.0654500007629395,.5920299911499023,.0021579444408417,1.217047882080078,.5920299911499023,PHL,.0833814424466319,.0493643146337456,-.0008221089163803,.0485422057173653,.2354148864746094,.0485422057173653,0,0,.0598099899291993,2002,.308372802734375,2001,.3186040687561035,1,1,0,.0127317652989094,0,.0038828666542918,0,.0179350081676664,0,.0042221679117124,0,.0127317652989094,0,.0029972470824641
Philippines,PHL,2001,.4946674346923828,.308372802734375,.0304900002479553,.0539599990844727,.5947100067138672,.0021786680817604,1.200678558349609,.5947100067138672,PHL,.0840298186623115,.0499733740208283,-.0009102965620391,.0490630774587891,.2658942985534668,.0490630774587891,0,0,.119219970703125,2003,.3114665222167969,2002,.3049747276306152,1,1,0,.0132526370403332,0,.004086752827749,0,.0184558799090902,0,.0049073132426146,0,.0132526370403332,0,.0035238006298231
Philippines,PHL,2002,.4891717910766601,.3114665222167969,.0371600008010864,.0275699996948242,.6518399810791016,.0021860805153847,1.11954345703125,.6518399810791016,PHL,.0976931865231896,.063680324854833,-.0022885514081932,.0613917734466399,.256661319732666,.0613917734466399,0,0,.0589800262451172,2004,.2981106376647949,2003,.308372802734375,1,1,0,.025581333028184,0,.0079677288319582,0,.030784575896941,0,.0079012098771193,0,.025581333028184,0,.0065657386955345
Philippines,PHL,2003,.4872957992553711,.2981106376647949,.0508699989318848,.0222300004959106,.7139299774169922,.0021774551272392,1.157552871704101,.7139299774169922,PHL,.1122190221489378,.0801165239485481,-.0027590322107764,.0773574917377717,.284929084777832,.0773574917377717,0,0,-.06718994140625,2005,.2904800033569336,2004,.3114665222167969,1,1,0,.0415470513193158,0,.0123856179618932,0,.0467502941880728,0,.013320518536102,0,.0415470513193158,0,.0118379633076303
Philippines,PHL,2004,.4844118118286133,.2904800033569336,.0656899976730347,.0479899978637695,.7108200073242188,.0019416642189026,1.119939651489258,.7108200073242188,PHL,.1117268101498216,.0794176520090078,-.0034823086684791,.0759353433405287,.297530632019043,.0759353433405287,0,0,-.1389300155639649,2006,.3020431137084961,2005,.2981106376647949,1,1,0,.0401249029220728,0,.0116554819355003,0,.0453281457908298,0,.0134865118653969,0,.0401249029220728,0,.0119383877261071
Philippines,PHL,2005,.4844439697265625,.3020431137084961,.0494199991226196,.066399998664856,.6467400360107421,.002105517834425,1.14,.6467400360107421,PHL,.096885901241542,.0626599912578881,-.0034742437753037,.0591857474825844,.2949871444702148,.0591857474825844,0,0,-.1450600433349609,2007,.2889389991760254,2006,.2904800033569336,1,1,0,.0233753070641285,0,.0070603505295416,0,.0285785499328855,0,.0084303048378013,0,.0233753070641285,0,.0068954150819617
Philippines,PHL,2006,.4835751724243164,.2889389991760254,.0531599998474121,.0544799995422363,.5718899917602539,.0024849590659142,1.119000015258789,.5718899917602539,PHL,.0796222788122743,.0455351843738842,-.0036921298275799,.0418430545463043,.2527418327331543,.0418430545463043,0,0,-.0717900085449219,2008,.289698371887207,2007,.3020431137084961,1,1,0,.0060326141278484,0,.0017430574885157,0,.0112358569966054,0,.0028397710896497,0,.0060326141278484,0,.0015246939508443
Philippines,PHL,2007,.4803219604492188,.289698371887207,.0651900005340576,.0291400003433228,.5016799926757812,.0034277540445328,1.093000030517578,.5016799926757812,PHL,.0636215557845855,.0319176616400327,-.0045080042699139,.0274096573701187,.1986703109741211,.0274096573701187,0,0,-.0036299896240234,2009,.2833067321777344,2008,.2889389991760254,1,1,.0084007830483372,0,.0024336931716809,0,.0031975401795802,0,.0006352563018294,0,.0084007830483372,0,.0016689861806393,0
Philippines,PHL,2008,.4793186187744141,.2833067321777344,.043439998626709,.0821100044250488,.500099983215332,.0036508676409721,.960999984741211,.500099983215332,PHL,.0633349866939374,.0316738257825814,-.0047596327637434,.026914193018838,.1818892860412598,.026914193018838,0,0,-.0242299652099609,2010,.2827887535095215,2009,.289698371887207,1,1,.0088962473996179,0,.0025203667794304,0,.0036930045308609,0,.0006717179574654,0,.0088962473996179,0,.0016181320879629,0
Philippines,PHL,2009,.4768854522705078,.2827887535095215,.0144799995422363,.0423999977111816,.4980500030517578,.0042425665259361,1.026999969482422,.4980500030517578,PHL,.063052595924696,.0314033455927161,-.005369847646658,.0260334979460581,.1903846168518066,.0260334979460581,0,0,-.0437100219726563,2011,.2891422843933105,2010,.2833067321777344,1,1,.0097769424723978,0,.0027648093749037,0,.0045736996036408,0,.0008707620466344,0,.0097769424723978,0,.0018613794465896,0
Philippines,PHL,2010,.4765534210205078,.2891422843933105,.0733500003814697,.0373799991607666,.4758700180053711,.0055728781223297,1.001999969482422,.4758700180053711,PHL,.0579428371734563,.0275732589690149,-.0054531179078659,.022120141061149,.1806151008605957,.022120141061149,0,0,-.0189599990844727,2012,.3009836769104004,2011,.2827887535095215,1,1,.0136902993573069,0,.0039584444302,0,.0084870564885499,0,.001532890563689,0,.0136902993573069,0,.0024726747992317,0
Philippines,PHL,2011,.473255615234375,.3009836769104004,.0385800004005432,.0474499988555908,.4543399810791016,.006467564702034,.9269999694824219,.4543399810791016,PHL,.0532179775873658,.0241790549301118,-.0062801760514123,.0178988788786995,.1469295597076416,.0178988788786995,0,0,-.0157099914550781,2013,.3157873153686523,2012,.2891422843933105,1,1,.0179115615397564,0,.0053910876514428,0,.0127083186709994,0,.0018672276669543,0,.0179115615397564,0,.0026317378507127,0
Philippines,PHL,2012,.4735695648193359,.3157873153686523,.0689699983596802,.0315799999237061,.4569100189208984,.006748183965683,.9259999847412109,.4569100189208984,PHL,.0537882832203956,.0245764055039536,-.0062014404988225,.018374965005131,.1436005973815918,.018374965005131,0,0,-.0539200210571289,2014,.3271852111816406,2013,.3009836769104004,1,1,.0174354754133249,0,.00550590197295,0,.0122322325445679,0,.0017565559007105,0,.0174354754133249,0,.0025037446849855,0
Philippines,PHL,2013,.4743488693237305,.3271852111816406,.0675099992752075,.0259200000762939,.4386299896240234,.0062757152318954,.9080000305175782,.4386299896240234,PHL,.0494937654486648,.0217094498252017,-.0060059983841376,.015703451441064,.1338871955871582,.015703451441064,0,0,-.0417499923706054,2015,.3449702453613281,2014,.3157873153686523,1,1,.0201069889773919,0,.0065787094347949,0,.0149037461086349,0,.0019954207702281,0,.0201069889773919,0,.0026920683658849,0
Philippines,PHL,2014,.473055419921875,.3449702453613281,.0634800004959106,.0359400010108948,.4029899978637695,.0056490612030029,.9480000305175781,.4029899978637695,PHL,.0413431903557453,.0166608921931432,-.0063303831206701,.0103305090724731,.1186580753326416,.0103305090724731,0,0,-.0292300033569336,2016,.3388898086547851,2015,.3271852111816406,1,1,.0254799313459828,0,.0087898181682135,0,.0202766884772258,0,.0024059928288272,0,.0254799313459828,0,.0030233996131222,0
Philippines,PHL,2015,.4732173538208008,.3388898086547851,.0634800004959106,.0068999999761581,.396879997253418,.0053792881965637,1,.396879997253418,PHL,.039915559451742,.015841687125576,-.0062897716479187,.0095519154776573,.109481315612793,.0095519154776573,0,0,-.0155799865722657,2017,.3262438201904297,2016,.3449702453613281,1,1,.0262585249407986,0,.0088987464927441,0,.0210552820720416,0,.0023051599818456,0,.0262585249407986,0,.00287481785657,0
Philippines,PHL,2016,.4719219970703125,.3262438201904297,.0714900016784668,.0123399996757507,.3737599945068359,.0050219666957855,1.039000015258789,.3737599945068359,PHL,.0346642655544337,.0129561157032086,-.0066146347292421,.0063414809739665,.0974982166290283,.0063414809739665,0,0,-.0022900009155273,2018,.3288453674316406,2017,.3388898086547851,1,1,.0294689594444894,0,.0096140659062071,0,.0242657165757324,0,.0023658640913594,0,.0294689594444894,0,.0028731709917509,0
Philippines,PHL,2017,.4702457046508789,.3288453674316406,.0693100023269653,.028529999256134,.3813000106811523,.0047399628162384,1.010999984741211,.3813000106811523,PHL,.0365427169096226,.0139337383479574,-.0070350328322133,.0068987055157441,.0870308971405029,.0068987055157441,0,0,-.0115700149536133,2019,.3230777359008789,2018,.3262438201904297,1,1,.0289117349027118,0,.0095074900871684,0,.0237084920339548,0,.0020633713315636,0,.0289117349027118,0,.0025162142264714,0
Philippines,PHL,2018,.4675912857055664,.3230777359008789,.0634100008010864,.0530999994277954,.3714699935913086,.0043358755111694,.98,.3714699935913086,PHL,.0344762661447945,.0128068983638591,-.0077007357108776,.0051061626529814,.0850790023803711,.0051061626529814,0,0,.1449700164794921,2020,.3262870788574219,2019,.3288453674316406,1,1,.0307042777654745,0,.0099198685429412,0,.0255010348967175,0,.0021696026086798,0,.0307042777654745,0,.0026122893210964,0
Philippines,PHL,2019,.4586562728881836,.3262870788574219,.0611899995803833,.0239199995994568,.3697299957275391,.0046182969212532,.9930000305175781,.3697299957275391,PHL,.0347795219757659,.0128590325115058,-.0099415514509621,.0029174810605437,.0776574182510376,.0029174810605437,0,0,.2003200149536133,2021,.3364234161376953,2020,.3230777359008789,1,1,.0328929593579122,0,.0107325476238691,0,.0276897164891552,0,.002150311894651,0,.0328929593579122,0,.0025543823023718,0
Philippines,PHL,2020,.4541759872436523,.3364234161376953,-.0951799964904785,.0239299988746643,.5164400100708008,.0062715965509415,1.015999984741211,.5164400100708008,PHL,.0691058089085543,.0356890046486846,-.0110651642311037,.024623840417581,.0892804527282715,.024623840417581,0,0,.0574499893188477,2022,.3362596893310547,2021,.3262870788574219,1,1,.0111866000008749,0,.0037634341872603,0,.0059833571321179,0,.0005341968335904,0,.0111866000008749,0,.0009987447125682,0
Philippines,PHL,2021,.448997688293457,.3362596893310547,.0571500015258789,.0392700004577637,.5700500106811524,.0058659321069717,.955,.5700500106811524,PHL,.0819290101175403,.0467036330926001,-.01236383207094,.0343398010216601,.0860399723052978,.0343398010216601,0,0,-.0052099990844726,2023,.3470394515991211,2022,.3364234161376953,1,1,.0014706393967958,0,.0004945167466846,0,0,.0037326034719612,0,.0003211530993542,.0014706393967958,0,.0001265337729714,0
Philippines,PHL,2022,.4452905654907227,.3470394515991211,.0758099985122681,.0582100009918213,.5738899993896485,.0048151054978371,.8809999847412109,.5738899993896485,PHL,.0831111872725397,.0476966792131107,-.0132935430066235,.0344031362064872,.0971773052215576,.0344031362064872,0,0,,,.3559347915649414,2023,.3362596893310547,0,1,,,,,0,.0037959386567883,0,.000368879089453,.0014073042119687,0,.0001367580309461,0
Philippines,PHL,2023,.4438312911987305,.3559347915649414,.0551900005340576,.0597800016403198,.5648400115966797,.004929216504097,.9419999694824219,.5648400115966797,PHL,.0811309031165166,.0458259802571823,-.0136595150392808,.0321664652179015,.1119712066650391,.0321664652179015,0,0,,,,,.3470394515991211,0,0,,,,,,,,,,,,
Poland,POL,1995,.31268310546875,.4498744201660156,.0672800016403198,.27875,.4857600021362305,.0163924264907837,,.4857600021362305,POL,.0731842931851856,.0355500024139743,-.0465502254247798,-.0110002230108055,.1325926971435547,-.0110002230108055,0,0,-.0601200103759766,1997,.4503432464599609,1996,,0,0,,,,,,,,,,,,
Poland,POL,1996,.3133087921142578,.4503432464599609,.0623899984359741,.1989999961853027,.4302399826049805,.018588171005249,,.4302399826049805,POL,.0602786189751133,.025934271979305,-.0463933091995577,-.0204590372202527,.0989027786254883,-.0204590372202527,0,0,-.0446199798583984,1998,.4532849884033203,1997,.4498744201660156,0,0,,,,,,,,,,,,
Poland,POL,1997,.3125918769836426,.4532849884033203,.0708599996566772,.1489999961853027,.4256399917602539,.0199117374420166,,.4256399917602539,POL,.0592701051209957,.02522772705533,-.0465731046561307,-.0213453776008007,.1087581920623779,-.0213453776008007,0,0,-.0333099746704101,1999,.4544185256958008,1998,.4503432464599609,0,0,,,,,,,,,,,,
Poland,POL,1998,.3124608421325684,.4544185256958008,.0498199987411499,.1180000019073486,.385620002746582,.0259471035003662,,.385620002746582,POL,.050013426941032,.0192861778343667,-.0466059669432688,-.027319789108902,.1004387760162354,-.027319789108902,0,0,-.022869987487793,2000,.4508002471923828,1999,.4532849884033203,0,0,,,,,,,,,,,,
Poland,POL,1999,.3124385643005371,.4508002471923828,.0452400016784668,.0730000019073486,.3923300170898438,.0239793705940247,,.3923300170898438,POL,.051568959530567,.0202320507739328,-.046611554010427,-.0263795032364942,.073154296875,-.0263795032364942,0,0,-.0219600296020508,2001,.4504239273071289,2000,.4544185256958008,0,0,,,,,,,,,,,,
Poland,POL,2000,.3117633819580078,.4504239273071289,.0426000022888184,.1010000038146973,.3627500152587891,.0231302785873413,.9955248260498046,.3627500152587891,POL,.0447727724426733,.016241323886758,-.0467808832829742,-.0305395593962161,.0770199108123779,-.0305395593962161,0,0,.0515099716186523,2002,.4521090698242187,2001,.4508002471923828,1,1,.066349999814672,0,.0298856274933518,0,.061146756945915,0,.0047095177664405,0,.066349999814672,0,.0051102710681273,0
Poland,POL,2001,.311094970703125,.4521090698242187,.0120500004291534,.055,.370369987487793,.0221007657051086,1.019250717163086,.370369987487793,POL,.0465900815327819,.0172555679143517,-.0469485144315134,-.0296929465171617,.0776681995391846,-.0296929465171617,0,0,.0920000076293945,2003,.4571311569213867,2002,.4504239273071289,1,1,.0655033869356176,0,.029614675337798,0,.0603001440668606,0,.0046834036216265,0,.0655033869356176,0,.005087530127008,0
Poland,POL,2002,.3097258567810058,.4571311569213867,.01442999958992,.0189999997615814,.4142599868774414,.0244278788566589,1.039457473754883,.4142599868774414,POL,.0568614626588039,.0235554287748682,-.0472918751059027,-.0237364463310345,.0712202405929565,-.0237364463310345,0,0,.0358600234985351,2004,.4536128234863281,2003,.4521090698242187,1,1,.0595468867494904,0,.0272207372308613,0,.0543436438807334,0,.0038703673918838,0,.0595468867494904,0,.0042409436008602,0
Poland,POL,2003,.309635181427002,.4536128234863281,.0352300000190735,.0080000001192093,.4623699951171875,.0269042205810547,1.028279113769531,.4623699951171875,POL,.0680089894989762,.0314453161425665,-.0473146156172643,-.0158692994746978,.0747772979736328,-.0158692994746978,0,0,.0023699951171875,2005,.4452340316772461,2004,.4571311569213867,1,1,.0516797398931537,0,.0234425927299725,0,.0464764970243967,0,.003475386866764,0,.0516797398931537,0,.0038644713091902,0
Poland,POL,2004,.3089535140991211,.4452340316772461,.0509100008010864,.035,.4501200103759765,.0277221894264221,1.052233352661133,.4501200103759765,POL,.065226256186346,.0293596431113842,-.0474855712621006,-.0181259281507165,.0704342842102051,-.0181259281507165,0,0,.0208599853515625,2006,.4498053741455078,2005,.4536128234863281,1,1,.0539363685691724,0,.0240143068320825,0,.0487331257004154,0,.0034324828260347,0,.0539363685691724,0,.0037989695130675,0
Poland,POL,2005,.3084182929992676,.4498053741455078,.0326099991798401,.0209999990463257,.464739990234375,.0310723638534546,1.035,.464739990234375,POL,.0686539614928166,.0319062413937228,-.0476197995938881,-.0157135582001654,.0611127710342407,-.0157135582001654,0,0,-.0204599761962891,2007,.447453727722168,2006,.4452340316772461,1,1,.0515239986186213,0,.0231757714761216,0,.0463207557498643,0,.0028307897402744,0,.0515239986186213,0,.0031487743303483,0
Poland,POL,2006,.3083276176452637,.447453727722168,.062020001411438,.01,.4709799957275391,.0333227562904358,1.021999969482422,.4709799957275391,POL,.0701060644968183,.0330185539571861,-.0476425401052497,-.0146239861480637,.05789137840271,-.0146239861480637,0,0,-.0053900146484375,2008,.4606021118164063,2007,.4498053741455078,1,1,.0504344265665196,0,.0225670721727191,0,.0452311836977626,0,.0026184955710497,0,.0504344265665196,0,.0029197184728861,0
Poland,POL,2007,.3091904449462891,.4606021118164063,.0676000022888184,.025,.4442800140380859,.0423206090927124,1.026999969482422,.4442800140380859,POL,.0638552202000263,.0283695981268727,-.0474261512721693,-.0190565531452965,.0530839490890503,-.0190565531452965,0,0,.0527299880981446,2009,.4759922790527344,2008,.447453727722168,1,1,.0548669935637524,0,.0252718531044815,0,.0496637506949954,0,.0026363480134644,0,.0548669935637524,0,.0029125566930075,0
Poland,POL,2008,.3090815544128418,.4759922790527344,.0438399982452393,.0419999980926514,.4655899810791015,.0383588004112244,1.008000030517578,.4655899810791015,POL,.0687983652785106,.0320318295882949,-.0474534599762844,-.0154216303879895,.0521147680282593,-.0154216303879895,0,0,.0718900299072266,2010,.4838948822021484,2009,.4606021118164063,1,1,.0512320708064454,0,.024386070143751,0,.0460288279376884,0,.0023987816905853,0,.0512320708064454,0,.0026699474856853,0
Poland,POL,2009,.3086333656311035,.4838948822021484,.0261500000953674,.035,.4970100021362305,.0478038454055786,1.041999969482422,.4970100021362305,POL,.0761094120184767,.0378271390298903,-.047565861435261,-.0097387224053707,.0649374771118164,-.0097387224053707,0,0,.0507899856567383,2011,.4943119049072265,2010,.4759922790527344,1,1,.0455491628238266,0,.022041006779042,0,.0403459199550696,0,.0026199622536375,0,.0455491628238266,0,.0029578477183346,0
Poland,POL,2010,.3075935363769531,.4943119049072265,.0316899991035461,.0259999990463257,.5374800109863281,.0544644260406494,1.018000030517578,.5374800109863281,POL,.0855628349538799,.0459883134710328,-.0478266406649413,-.0018383271939085,.0648188972473144,-.0018383271939085,0,0,.0072399902343749,2012,.509012451171875,2011,.4838948822021484,1,1,.0376487676123644,0,.0186102340358773,0,.0324455247436074,0,.0021030831344911,0,.0376487676123644,0,.0024403515993539,0
Poland,POL,2011,.3079442405700684,.509012451171875,.0525500011444092,.0430000019073486,.5477999877929688,.0540921497344971,.9940000152587891,.5477999877929688,POL,.0879248126997601,.0481652113236277,-.0477386874082299,.0004265239153977,.0649397087097168,.0004265239153977,0,0,.0207900238037109,2013,.5193345260620117,2012,.4943119049072265,1,1,.0353839165030582,0,.0180108540712826,0,.0301806736343012,0,.0019599241544745,0,.0353839165030582,0,.0022978212307175,0
Poland,POL,2012,.3067110633850098,.5193345260620117,.0151199996471405,.0370000004768372,.5447200012207031,.0593887758255005,.975,.5447200012207031,POL,.0873090735185616,.0475589986336093,-.0480479564493685,-.0004889578157591,.0680634927749634,-.0004889578157591,0,0,-.0334199905395507,2014,.538548469543457,2013,.509012451171875,1,1,.036299398234215,0,.0188515307783023,0,.031096155365458,0,.002116512946046,0,.036299398234215,0,.00247066382945,0
Poland,POL,2013,.3056587219238281,.538548469543457,.0068400001525879,.0089999997615814,.5685900115966797,.0575332069396973,.9819999694824219,.5685900115966797,POL,.0929195873184643,.0528331492309643,-.0483118736208773,.004521275610087,.0652670478820801,.004521275610087,0,0,-.0580300140380859,2015,.5649582290649414,2014,.5193345260620117,1,1,.0312891648083689,0,.0168507318208401,0,.0260859219396119,0,.0017025511162809,0,.0312891648083689,0,.0020421514177381,0
Poland,POL,2014,.3055751800537109,.5649582290649414,.0392000007629395,,.5113000106811524,.0523558902740478,.9830000305175781,.5113000106811524,POL,.0796601091464037,.040730214657418,-.0483328251227208,-.0076026104653028,.0504356718063355,-.0076026104653028,0,0,.029990005493164,2016,.5713275146484375,2015,.538548469543457,0,0,,,,,,,,,,,,
Poland,POL,2015,.304872055053711,.5713275146484375,.0443200016021729,-.0089999997615814,.5105599975585937,.0473642349243164,1,.5105599975585937,POL,.0795443223973196,.0406121490489755,-.0485091621464553,-.0078970130974798,.0450105381011963,-.0078970130974798,0,0,-.0061199951171874,2017,.5571708679199219,2016,.5649582290649414,1,1,.0437074535159357,0,.0249712707888717,0,.0385042106471787,0,.0017330952403913,0,.0437074535159357,0,.0019672960017853,0
Poland,POL,2016,.3042870140075684,.5571708679199219,.0303099989891052,-.0060000002384186,.5412900161743164,.0553806781768799,1.003000030517578,.5412900161743164,POL,.0867064080577354,.0469333130199885,-.0486558848441823,-.0017225718241938,.0440663051605225,-.0017225718241938,0,0,-.0589500045776367,2018,.5531123733520508,2017,.5713275146484375,1,1,.0375330122426497,0,.0209123010068862,0,.0323297693738927,0,.0014246534829993,0,.0375330122426497,0,.0016539411710782,0
Poland,POL,2017,.3062696266174316,.5531123733520508,.0515199995040894,.02,.5044400024414063,.0521781873703003,.99,.5044400024414063,POL,.0780167197514232,.0393547543018785,-.0481586645677851,-.0088039102659067,.0393744492530823,-.0088039102659067,0,0,-.0523300170898438,2019,.5538360977172851,2018,.5571708679199219,1,1,.0446143506843626,0,.0246767493925885,0,.0394111078156056,0,.0015517906646933,0,.0446143506843626,0,.0017566654869807,0
Poland,POL,2018,.3061453247070313,.5538360977172851,.0624599981307983,.0160000002384186,.4823400115966797,.0507104206085205,.9740000152587891,.4823400115966797,POL,.0729090667841112,.0351669601181513,-.0481898382978111,-.0130228781796598,.0349053835868835,-.0130228781796598,0,0,.0835099792480469,2020,.542298812866211,2019,.5531123733520508,1,1,.0488333185981157,0,.0270456546109653,0,.0436300757293587,0,.001522924529258,0,.0488333185981157,0,.0017045457174877,0
Poland,POL,2019,.3050868797302246,.542298812866211,.0458099985122681,.0229999995231628,.4521099853515625,.0532304239273071,.980999984741211,.4521099853515625,POL,.0659926507366176,.029835936357843,-.048455286172651,-.018619349814808,.0333996891975403,-.018619349814808,0,0,.0780300140380859,2021,.5405447006225585,2020,.5538360977172851,1,1,.0544297902332639,0,.0295172106280559,0,.0492265473645069,0,.0016441513822425,0,.0544297902332639,0,.0018179380768783,0
Poland,POL,2020,.3046816635131836,.5405447006225585,-.0203600001335144,.0340000009536743,.5658499908447265,.0652666664123535,1.005,.5658499908447265,POL,.0923623285748835,.0522632227784955,-.0485569105234876,.0037063122550079,.031554229259491,.0037063122550079,0,0,-.0779800033569336,2022,.5326996994018555,2021,.542298812866211,1,1,.032104128163448,0,.0173537163468592,0,.026900885294691,0,.0008488367018719,0,.032104128163448,0,.0010130210202455,0
Poland,POL,2021,.3028897285461426,.5326996994018555,.0692700004577637,.0509999990463257,.5301399993896484,.065713095664978,.9830000305175781,.5301399993896484,POL,.084234941660948,.0446563119207221,-.0490063106711338,-.0043499987504118,.0261147713661194,-.0043499987504118,0,0,-.0349300003051757,2023,.5324391174316406,2022,.5405447006225585,1,1,.0401604391688677,0,.0213934538731023,0,.0349571963001107,0,.0009128991889779,0,.0401604391688677,0,.0010487806868579,0
Poland,POL,2022,.3044610595703125,.5324391174316406,.0525500011444092,.1439999961853027,.487869987487793,.0626703119277954,.965,.487869987487793,POL,.0743227030391742,.0362598162017809,-.0486122358820084,-.0123524196802276,.0382908296585083,-.0123524196802276,0,0,,,.5364661407470703,2023,.5326996994018555,0,1,,,,,.0429596172299265,0,.0016449593855458,0,.0481628600986835,0,.0018441958719053,0
Poland,POL,2023,.305653133392334,.5364661407470703,.0025,.1139999961853027,.4952099990844727,.0726864910125732,1.009000015258789,.4952099990844727,POL,.0759281427895425,.037600375521295,-.0483132751711148,-.0107128996498198,.0497323751449585,-.0107128996498198,0,0,,,,,.5324391174316406,0,0,,,,,,,,,,,,
Portugal,PRT,1995,.3631355667114258,.4458826446533203,.0230699992179871,.0396900010108948,.622150001525879,.1382035350799561,,.622150001525879,PRT,.1007793201360056,.0626998541763929,-.0338972307856849,.028802623390708,.1218157577514648,.028802623390708,0,0,-.0349900054931641,1997,.4488371658325195,1996,,0,0,,,,,,,,,,,,
Portugal,PRT,1996,.3596525955200195,.4488371658325195,.0350399994850159,.0293600010871887,.633120002746582,.1322355270385742,,.633120002746582,PRT,.1035948084070648,.0655879453832125,-.0347707266415364,.0308172187416761,.1085337924957275,.0308172187416761,0,0,-.076959991455078,1998,.4496427154541016,1997,.4458826446533203,0,0,,,,,,,,,,,,
Portugal,PRT,1997,.359395637512207,.4496427154541016,.0440100002288818,.0189100003242493,.5871599960327148,.1178058433532715,,.5871599960327148,PRT,.0929726110905546,.0545897979590812,-.0348351692517727,.0197546287073085,.0864168834686279,.0197546287073085,0,0,-.0331000137329102,1999,.4541463470458985,1998,.4488371658325195,0,0,,,,,,,,,,,,
Portugal,PRT,1998,.3570200347900391,.4541463470458985,.0480800008773804,.0221900010108948,.5561600112915039,.1194994926452637,,.5561600112915039,PRT,.0859820036155386,.0478197521016841,-.0354309476888965,.0123888044127876,.0708451843261719,.0123888044127876,0,0,-.0142300033569336,2000,.4553369140625,1999,.4496427154541016,0,0,,,,,,,,,,,,
Portugal,PRT,1999,.3576802062988281,.4553369140625,.0390700006484985,.0216799998283386,.5540599822998047,.0749912214279175,,.5540599822998047,PRT,.0854435445927558,.0473408488046948,-.0352653829898541,.0120754658148407,.0649278450012207,.0120754658148407,0,0,.0197400283813477,2001,.4559088897705078,2000,.4541463470458985,0,0,,,,,,,,,,,,
Portugal,PRT,2000,.3571561431884765,.4559088897705078,.0381599998474121,.0280399990081787,.5419300079345704,.0731247901916504,1.041496810913086,.5419300079345704,PRT,.0826761448050349,.0448046838101923,-.0353968130046146,.0094078708055777,.0637258625030518,.0094078708055777,0,0,.0585099792480468,2002,.4632950592041016,2001,.4553369140625,1,1,.0264025696128782,0,.0120371661992958,0,.0211993267441212,0,.0013509453812531,0,.0264025696128782,0,.0016825265208775,0
Portugal,PRT,2001,.3568575668334961,.4632950592041016,.0194400000572205,.0440799999237061,.5738000106811524,.0757452726364136,1.036762008666992,.5738000106811524,PRT,.0900795648979005,.0516876553005689,-.0354716930981893,.0162159622023796,.0633071994781494,.0162159622023796,0,0,.0651699829101562,2003,.4706330108642578,2002,.4559088897705078,1,1,.0195944782160763,0,.0090780249451906,0,.0143912353473193,0,.0009110688068697,0,.0195944782160763,0,.0012404715410954,0
Portugal,PRT,2002,.352787094116211,.4706330108642578,.0077100002765656,.0370199990272522,.6004399871826172,.0883453178405762,1.046135559082031,.6004399871826172,PRT,.0965700274981613,.057984506073221,-.0364925287165481,.0214919773566728,.0622884368896484,.0214919773566728,0,0,.0705500030517578,2004,.4698686218261719,2003,.4632950592041016,1,1,.0143184630617831,0,.0067387413817156,0,.0091152201930261,0,.0005677728177286,0,.0143184630617831,0,.0008918746827806,0
Portugal,PRT,2003,.3530283737182617,.4698686218261719,-.0093099999427795,.0323600006103516,.6389699935913086,.0645524215698242,1.023473434448242,.6389699935913086,PRT,.1054729720066919,.0673940642471722,-.0364320181004934,.0309620461466788,.0592542266845703,.0309620461466788,0,0,.0835200119018555,2005,.4666020584106445,2004,.4706330108642578,1,1,.0048483942717771,0,.0022781083345498,0,0,.0003548485969799,0,.0000210262792041,.0048483942717771,0,.0002872878532361,0
Portugal,PRT,2004,.350803451538086,.4666020584106445,.0178900003433228,.0251200008392334,.670989990234375,.0578284502029419,1.014887161254883,.670989990234375,PRT,.1130633715630485,.0758643905809554,-.0369900072991324,.038874383281823,.0567059183120728,.038874383281823,0,0,.0658000183105468,2006,.4662328338623047,2005,.4698686218261719,1,1,0,.0030639428633671,0,.0014296420468997,0,.0082671857321241,0,.0004687983587966,0,.0030639428633671,0,.000173743693723
Portugal,PRT,2005,.3516692733764649,.4662328338623047,.0078200000524521,.0213000011444092,.7224900054931641,.0508978176116943,.985,.7224900054931641,PRT,.1249202930956995,.0902536632449196,-.0367728674647302,.0534807957801894,.0562344789505005,.0534807957801894,0,0,.0047899627685546,2007,.473437614440918,2006,.4666020584106445,1,1,0,.0176703553617335,0,.008238499855655,0,.0228735982304905,0,.0012862848782147,0,.0176703553617335,0,.0009936832266373
Portugal,PRT,2006,.3493082427978516,.473437614440918,.01625,.0304500007629395,.7367900085449218,.0477575063705444,.9769999694824218,.7367900085449218,PRT,.128418205590637,.094617250794449,-.0373649913476512,.0572522594467978,.0607011651992798,.0572522594467978,0,0,.0196399688720703,2008,.492310562133789,2007,.4662328338623047,1,1,0,.0214418190283419,0,.0101513636500521,0,.0266450618970989,0,.0016173863039608,0,.0214418190283419,0,.0013015433990124
Portugal,PRT,2007,.3463293838500976,.492310562133789,.0250699996948242,.0242199993133545,.7272799682617187,.0542707204818726,.9730000305175781,.7272799682617187,PRT,.1264514904987939,.0919656359966098,-.0381120606752555,.0538535753213543,.0621863651275635,.0538535753213543,0,0,.1507100677490235,2009,.5100751113891602,2008,.473437614440918,1,1,0,.0180431349028984,0,.0088828258867017,0,.0232463777716554,0,.0014456077360014,0,.0180431349028984,0,.0011220369751175
Portugal,PRT,2008,.3467596054077148,.5100751113891602,.0031900000572205,.026489999294281,.7564299774169921,.0564212942123413,.9399999999999999,.7564299774169921,PRT,.1331674686567459,.1007318653087003,-.0380041652242096,.0627277000844906,.0653869247436523,.0627277000844906,0,0,.2443199920654296,2010,.515518798828125,2009,.492310562133789,1,1,0,.0269172596660347,0,.0137298242224436,0,.0321205025347917,0,.0021002608819707,0,.0269172596660347,0,.0017600368320884
Portugal,PRT,2009,.3465468597412109,.515518798828125,-.0312199997901916,-.0090299999713898,.8779900360107422,.0765529680252075,.98,.8779900360107422,PRT,.161332747390209,.1416485446908416,-.0380575198021918,.1035910248886498,.0672312593460083,.1035910248886498,0,0,.262249984741211,2011,.5174380493164062,2010,.5100751113891602,1,1,0,.0677805844701939,0,.0349421654899426,0,.0729838273389509,0,.0049067946238893,0,.0677805844701939,0,.0045569740531396
Portugal,PRT,2010,.3423915863037109,.5174380493164062,.0173800003528595,.0138900005817413,1.000749969482422,.0998229122161865,.9640000152587891,1.000749969482422,PRT,.1900874631427982,.1902300229391463,-.0390996226299561,.1511304003091902,.0670389699935913,.1511304003091902,0,0,.2852900695800782,2012,.527106704711914,2011,.515518798828125,1,1,0,.1153199598907343,0,.0596709350931077,0,.1205232027594913,0,.0080797513733251,0,.1153199598907343,0,.0077309313307771
Portugal,PRT,2011,.3421306228637696,.527106704711914,-.0171399998664856,.0355900001525879,1.140240020751953,.1009061813354492,.9469999694824218,1.140240020751953,PRT,.2224084243942107,.253598986446664,-.0391650697642534,.2144339166824106,.0905179500579834,.2144339166824106,0,0,.1681700134277344,2013,.5480199813842773,2012,.5174380493164062,1,1,0,.1786234762639547,0,.0941536319576799,0,.1838267191327117,0,.0166396177817777,0,.1786234762639547,0,.016168630903644
Portugal,PRT,2012,.3403611373901367,.5480199813842773,-.0405100011825562,.0277500009536743,1.2860400390625,.1145547008514404,.9440000152587891,1.2860400390625,PRT,.2563097470791367,.3296245971457524,-.0396088397937102,.2900157573520422,.1003940677642822,.2900157573520422,0,0,.0384899902343749,2014,.5582817840576172,2013,.527106704711914,1,1,0,.2542053169335863,0,.1393095930537283,0,.2594085598023433,0,.0260430805314313,0,.2542053169335863,0,.0255207058142713
Portugal,PRT,2013,.3392646408081055,.5582817840576172,-.0098400002717972,.004379999935627,1.308410034179688,.0898107433319092,.9590000152587891,1.308410034179688,PRT,.2615764068874787,.3422491954762459,-.0398838306471295,.3023653648291164,.0935118389129639,.3023653648291164,0,0,.0018199157714842,2015,.5792049026489258,2014,.5480199813842773,1,1,0,.2665549244106605,0,.1488127587493269,0,.2717581672794175,0,.0254126059619152,0,.2665549244106605,0,.0249260411529469
Portugal,PRT,2014,.334827766418457,.5792049026489258,.0074099999666214,-.0015800000727177,1.324530029296875,.0998516845703125,.970999984741211,1.324530029296875,PRT,.2656598192880959,.3518744082246641,-.0409965562998292,.310877851924835,.0983447551727295,.310877851924835,0,0,-.0127301025390625,2016,.5927437973022461,2015,.5582817840576172,1,1,0,.2750674115063791,0,.1593203933034443,0,.2802706543751361,0,.0275631488866234,0,.2750674115063791,0,.0270514372405913
Portugal,PRT,2015,.3390792083740234,.5927437973022461,.015900000333786,.0050599998235703,1.310229949951172,.0968020915985107,1,1.310229949951172,PRT,.262012482315112,.3432966015903116,-.0399303353277053,.3033662662626062,.0981000423431397,.3033662662626062,0,0,-.0499399566650389,2017,.571536865234375,2016,.5792049026489258,1,1,0,.2675558258441503,0,.1585920562012001,0,.2727590687129073,0,.0267576761902115,0,.2675558258441503,0,.0262472378444648
Portugal,PRT,2016,.3315742874145508,.571536865234375,.0200399994850159,.006370000243187,1.311799926757812,.1222274780273438,1.009000015258789,1.311799926757812,PRT,.2629691704459673,.3449629385305826,-.041812497710434,.3031504408201486,.0908624935150146,.3031504408201486,0,0,-.1006799316406248,2018,.5770374298095703,2017,.5927437973022461,1,1,0,.2673400004016928,0,.15279466578134,0,.2725432432704498,0,.0247639586742223,0,.2673400004016928,0,.0242911790528028
Portugal,PRT,2017,.3235364913940429,.5770374298095703,.0331500005722046,.0155900001525879,1.260289993286133,.1235463809967041,.995999984741211,1.260289993286133,PRT,.2516767822046358,.317185730154956,-.0438283000608572,.2733574300940988,.0854439353942871,.2733574300940988,0,0,-.0991899871826172,2019,.5762065505981445,2018,.571536865234375,1,1,0,.2375469896756429,0,.1370735043814335,0,.2427502325443999,0,.0207415351864719,0,.2375469896756429,0,.020296949638953
Portugal,PRT,2018,.3214698028564453,.5762065505981445,.0294600009918213,.0116700005531311,1.211119995117188,.1146005058288574,.985,1.211119995117188,PRT,.2404543090864655,.2912190216467068,-.0443466057756393,.2468724158710675,.0755320119857788,.2468724158710675,0,0,.1298399353027342,2020,.5742462158203125,2019,.5770374298095703,1,1,0,.2110619754526116,0,.1216152928379796,0,.2162652183213686,0,.0163349470623567,0,.2110619754526116,0,.0159419356596288
Portugal,PRT,2019,.3195359420776367,.5742462158203125,.0274600005149841,.0029800000786781,1.161100006103516,.1119076824188232,.9819999694824219,1.161100006103516,PRT,.2290245140546793,.2659203646667428,-.0448315995591799,.2210887651075629,.066295747756958,.2210887651075629,0,0,.0776799774169921,2021,.5712026977539062,2020,.5762065505981445,1,1,0,.185278324689107,0,.1063953768262469,0,.190481567557864,0,.0126281179551661,0,.185278324689107,0,.0122831650784208
Portugal,PRT,2020,.3163402366638184,.5712026977539062,-.0820499992370606,-.0011999999731779,1.340959930419922,.1436412334442139,.9769999694824218,1.340959930419922,PRT,.2709254733511768,.3633002038939785,-.045633051906067,.3176671519879115,.0633833646774292,.3176671519879115,0,0,-.2286399078369139,2022,.5732994079589844,2021,.5742462158203125,1,1,0,.2818567115694556,0,.1609973140285177,0,.2870599544382126,0,.0181948257764434,0,.2818567115694556,0,.0178650267361878
Portugal,PRT,2021,.3164085960388184,.5732994079589844,.0555900001525879,.0094300001859665,1.238779983520508,.1502818298339844,.9640000152587891,1.238779983520508,PRT,.2472592674880313,.3062998313041162,-.0456159080287594,.2606839232753568,.0512826251983643,.2606839232753568,0,0,-.2701799774169922,2023,.5756239318847656,2022,.5712026977539062,1,1,0,.2248734828569009,0,.1289198345875361,0,.2300767257256579,0,.0117989384922558,0,.2248734828569009,0,.0115321025384012
Portugal,PRT,2022,.3186706733703613,.5756239318847656,.0698600006103516,.0810000038146973,1.112320022583008,.1391583251953125,.9340000152587891,1.112320022583008,PRT,.2177973997449634,.2422604086028381,-.0450486006735928,.1972118079292453,.0414792013168335,.1972118079292453,0,0,,,.5739291763305664,2023,.5732994079589844,0,1,,,,,0,.1666046103795464,0,.0069106261742458,0,.1614013675107894,0,.0066947998157923
Portugal,PRT,2023,.318490161895752,.5739291763305664,.0309999990463257,.052649998664856,.9686000061035156,.1475852203369141,.9630000305175781,.9686000061035156,PRT,.1845318386807792,.1787375400724957,-.0450938712246079,.1336436688478878,.0413161849975586,.1336436688478878,0,0,,,,,.5756239318847656,0,0,,,,,,,,,,,,
Romania,ROU,1995,.438380126953125,.3800525665283203,.0713800001144409,.3227199935913086,,.0047576668858528,,,ROU,,,-.0150266148849099,,.0436713552474976,,,,,,.384078254699707,1996,,0,0,,,,,,,,,,,,
Romania,ROU,1996,.436526985168457,.384078254699707,.0394799995422363,.3880899810791016,,.0054820448160172,,,ROU,,,-.0154913651168977,,.0582213258743286,,,,,,.3819166946411133,1997,.3800525665283203,0,0,,,,,,,,,,,,
Romania,ROU,1997,.4354035949707031,.3819166946411133,-.0605299997329712,1.547630004882812,,.0086869370937347,,,ROU,,,-.0157731006318693,,.1334180450439453,,,,,,.3722493743896484,1998,.384078254699707,0,0,,,,,,,,,,,,
Romania,ROU,1998,.4352717208862305,.3722493743896484,-.0481799983978271,.5909700012207031,,.0074021100997925,,,ROU,,,-.0158061733907154,,.157192907333374,,,,,,.3669465255737305,1999,.3819166946411133,0,0,,,,,,,,,,,,
Romania,ROU,1999,.4329134750366211,.3669465255737305,-.0114999997615814,.4580400085449219,,.0049144342541695,,,ROU,,,-.0163975988902415,,.1656572151184082,,,,,,.3671036911010742,2000,.3722493743896484,0,0,,,,,,,,,,,,
Romania,ROU,2000,.4338245773315429,.3671036911010742,.029210000038147,.4566699981689453,.2955800056457519,.0065097212791443,.9134134674072265,.2955800056457519,ROU,.0195718883806038,.0057850588780369,-.0161691031505022,-.0103840442724653,.1552112865447998,-.0103840442724653,0,0,-.0217500114440918,2002,.3753232574462891,2001,.3669465255737305,1,1,.0461944846909212,0,.0169581658385492,0,.0409912418221642,0,.0063623033802871,0,.0461944846909212,0,.0071699054001519,0
Romania,ROU,2001,.434395523071289,.3753232574462891,.0521799993515015,.3445399856567383,.2740900039672852,.0088505578041077,.9127391815185547,.2740900039672852,ROU,.0145505363750516,.003988156572764,-.0160259154207803,-.0120377588480163,.1268230819702149,-.0120377588480163,0,0,-.0252900123596191,2003,.3894945526123047,2002,.3671036911010742,1,1,.0478481992664722,0,.0179585420116315,0,.0426449563977152,0,.0054083648008437,0,.0478481992664722,0,.006068256097699,0
Romania,ROU,2002,.4320571899414062,.3894945526123047,.0570300006866455,.2249799919128418,.2738299942016602,.0125585126876831,.931983642578125,.2738299942016602,ROU,.0146751363448495,.0040184925002187,-.016612347000689,-.0125938545004703,.1009902286529541,-.0125938545004703,0,0,-.0605399894714355,2004,.3815691757202149,2003,.3753232574462891,1,1,.0484042949189262,0,.0188532091939612,0,.0432010520501692,0,.0043628841245948,0,.0484042949189262,0,.0048883608116474,0
Romania,ROU,2003,.4323723602294922,.3815691757202149,.0234100008010864,.1536999988555908,.248799991607666,.0159152841567993,.9434906005859375,.248799991607666,ROU,.0088542761822737,.0022029438398417,-.016533305307433,-.0143303614675914,.0709786653518677,-.0143303614675914,0,0,-.0711299896240234,2005,.3884183502197265,2004,.3894945526123047,1,1,.0501408018860473,0,.0191321844456097,0,.0449375590172903,0,.0031896079632181,0,.0501408018860473,0,.003558927197544,0
Romania,ROU,2004,.4316165161132812,.3884183502197265,.1042800045013428,.1185499954223633,.2132900047302246,.0245489263534546,.9750672912597657,.2132900047302246,ROU,.0006913159315134,.0001474507783026,-.0167228637811893,-.0165754130028867,.0364165091514587,-.0165754130028867,0,0,-.0863800048828125,2006,.3974773025512695,2005,.3815691757202149,1,1,.0523858534213426,0,.0203476267607703,0,.0471826105525856,0,.0017182259689779,0,.0523858534213426,0,.0019077099105253,0
Romania,ROU,2005,.4293094253540039,.3974773025512695,.0466800022125244,.0899499988555908,.1776700019836426,.0314768505096436,.975,.1776700019836426,ROU,-.0073745183507727,-.0013102306900102,-.0173014600734223,-.0186116907634325,.0348929166793823,-.0186116907634325,0,0,-.0533600044250488,2007,.3865457916259766,2006,.3884183502197265,1,1,.0544221311818884,0,.0216315619012683,0,.0492188883131314,0,.0017173905689619,0,.0544221311818884,0,.001898946888844,0
Romania,ROU,2006,.4280023956298828,.3865457916259766,.080290002822876,.0659100008010864,.1269099998474121,.0407443714141846,.9880000305175781,.1269099998474121,ROU,-.0190252119056557,-.0024144896400437,-.0176292506248663,-.02004374026491,.0196633529663086,-.02004374026491,0,0,.003129997253418,2008,.4214885330200195,2007,.3974773025512695,1,1,.0558541806833659,0,.021590198487872,0,.0506509378146089,0,.0009959672683232,0,.0558541806833659,0,.001098280469421,0
Romania,ROU,2007,.4288288497924805,.4214885330200195,.0723400020599365,.0483400011062622,.1243099975585937,.050283145904541,.9819999694824219,.1243099975585937,ROU,-.0196925868034281,-.0024479854174565,-.0174219838269492,-.0198699692444057,.0172594308853149,-.0198699692444057,0,0,.1002000045776367,2009,.4438111877441406,2008,.3865457916259766,1,1,.0556804096628616,0,.0234686541867533,0,.0504771667941046,0,.0008712071715694,0,.0556804096628616,0,.0009610121822422,0
Romania,ROU,2008,.427945671081543,.4438111877441406,.0930700016021729,.0784600019454956,.1300399971008301,.0457646942138672,.975,.1300399971008301,ROU,-.0182959461239976,-.0023792047809216,-.017643476598949,-.0200226813798706,.0195323967933655,-.0200226813798706,0,0,.1715999984741211,2010,.4545847320556641,2009,.4214885330200195,1,1,.0558331217983265,0,.0247793641007786,0,.0506298789295695,0,.0009889228848524,0,.0558331217983265,0,.0010905546891772,0
Romania,ROU,2009,.4266185760498047,.4545847320556641,-.0551700019836426,.0558400011062622,.2245100021362305,.0540573787689209,.9840000152587891,.2245100021362305,ROU,.0036844274358707,.0008271908114981,-.0179762993375937,-.0171491085260956,.0332733511924744,-.0171491085260956,0,0,.1014599990844727,2011,.4308813095092773,2010,.4438111877441406,1,1,.0529595489445515,0,.0240746023667478,0,.0477563060757945,0,.0015890123437152,0,.0529595489445515,0,.0017621416710271,0
Romania,ROU,2010,.4257500839233399,.4308813095092773,-.0390599989891052,.0611299991607666,.3016399955749512,.0608995962142944,.990999984741211,.3016399955749512,ROU,.0216133001941151,.006519435774913,-.0181941088547033,-.0116746730797903,.0396103072166443,-.0116746730797903,0,0,.0600300025939941,2012,.4176311111450196,2011,.4545847320556641,1,1,.0474851134982462,0,.020460447886321,0,.0422818706294892,0,.0016747978853285,0,.0474851134982462,0,.0018808999338828,0
Romania,ROU,2011,.4237348556518555,.4176311111450196,.0449599981307983,.0579500007629395,.3259700012207031,.0582753658294678,.9980000305175781,.3259700012207031,ROU,.0274064313804551,.008933674470542,-.0186995088270257,-.0097658343564836,.0449649000167847,-.0097658343564836,0,0,.0666500091552734,2013,.3927638244628906,2012,.4308813095092773,1,1,.0455762747749395,0,.0190340702761087,0,.0403730319061825,0,.001815369343036,0,.0455762747749395,0,.0020493326383927,0
Romania,ROU,2012,.4225981140136719,.3927638244628906,.0190400004386902,.0333899998664856,.3616699981689453,.0555998706817627,.9930000305175781,.3616699981689453,ROU,.0357629690516398,.0129343929514226,-.0189845927555339,-.0060501998041113,.0540131902694702,-.0060501998041113,0,0,.0430699920654297,2014,.402225112915039,2013,.4176311111450196,1,1,.0418606402225672,0,.0164413451482806,0,.0366573973538102,0,.0019799829780549,0,.0418606402225672,0,.0022610267251434,0
Romania,ROU,2013,.4186022567749024,.402225112915039,.002790000140667,.040019998550415,.3926200103759765,.0579575157165527,.985999984741211,.3926200103759765,ROU,.0432455669762761,.0169790749549405,-.0199867155256709,-.0030076405707304,.0521695375442505,-.0030076405707304,0,0,.0009199905395508,2015,.4202704238891601,2014,.3927638244628906,1,1,.0388180809891863,0,.0156136070090206,0,.0336148381204293,0,.0017536705593676,0,.0388180809891863,0,.0020251213335611,0
Romania,ROU,2014,.4148988342285156,.4202704238891601,.0411600017547607,.0107599997520447,.404739990234375,.0492348909378052,.9819999694824219,.404739990234375,ROU,.0463447676223734,.0187575807948938,-.02091549847246,-.0021579176775662,.0462514448165894,-.0021579176775662,0,0,-.0092599868774414,2016,.4338056564331055,2015,.402225112915039,1,1,.0379683580960221,0,.0159569779513906,0,.0327651152272651,0,.001515433918843,0,.0379683580960221,0,.0017560914192547,0
Romania,ROU,2015,.4133141326904297,.4338056564331055,.0315700006484985,-.0059600001573563,.3935400009155273,.0427710342407227,1,.3935400009155273,ROU,.043876541824444,.0172671743097619,-.0213129264585699,-.0040457521488081,.039585554599762,-.0040457521488081,0,0,-.0224700164794921,2017,.4275064468383789,2016,.4202704238891601,1,1,.039856192567264,0,.0172898417795662,0,.034652949698507,0,.0013717562323331,0,.039856192567264,0,.0015777294870101,0
Romania,ROU,2016,.413232421875,.4275064468383789,.0285999989509583,-.0155499994754791,.3954800033569336,.0429275417327881,1.001999969482422,.3954800033569336,ROU,.0443322270020446,.017532509283589,-.0213334187494141,-.0038009094658251,.0439009428024292,-.0038009094658251,0,0,-.0313000106811523,2018,.4302777481079101,2017,.4338056564331055,1,1,.039611349884281,0,.0169341074435008,0,.034408107015524,0,.0015105483380284,0,.039611349884281,0,.0017389756055968,0
Romania,ROU,2017,.4125241470336914,.4302777481079101,.0819499969482422,.0134399998188019,.3710699844360352,.0441206312179565,.98,.3710699844360352,ROU,.038735817330935,.0143736991341072,-.0215110473040842,-.007137348169977,.0406221151351929,-.007137348169977,0,0,-.0034000015258789,2019,.4365155410766601,2018,.4275064468383789,1,1,.0429477885884329,0,.0184794777600455,0,.0377445457196759,0,.0015332632819502,0,.0429477885884329,0,.0017446300128412,0
Romania,ROU,2018,.4115235900878906,.4365155410766601,.0539499998092651,.0463100004196167,.3641799926757813,.039695041179657,.9669999694824218,.3641799926757813,ROU,.0372194478896693,.0135545782598564,-.0217619774145188,-.0082073991546625,.0450416469573975,-.0082073991546625,0,0,.1311899948120117,2020,.4206284332275391,2019,.4302777481079101,1,1,.0440178395731184,0,.0192144710582854,0,.0388145967043614,0,.0017482733615516,0,.0440178395731184,0,.0019826359898798,0
Romania,ROU,2019,.4131889724731445,.4206284332275391,.0396000003814697,.0382500004768372,.3676699829101562,.0380718421936035,.960999984741211,.3676699829101562,ROU,.0378959686629941,.0139332101506868,-.0213443154437519,-.007411105293065,.0381803703308105,-.007411105293065,0,0,.1503800201416016,2021,.4331756210327148,2020,.4365155410766601,1,1,.0432215457115209,0,.0181802110543095,0,.0380183028427639,0,.0014515528818856,0,.0432215457115209,0,.0016502146215359,0
Romania,ROU,2020,.412755126953125,.4331756210327148,-.0359800004959106,.0264599990844727,.495369987487793,.0490673732757568,.9690000152587891,.495369987487793,ROU,.0675004885787121,.0334377161826565,-.0214531197499005,.011984596432756,.0459914302825928,.011984596432756,0,0,.023650016784668,2022,.4357350158691407,2021,.4206284332275391,1,1,.0238258439856999,0,.0103207747651341,0,.0186226011169429,0,.0008564800609504,0,.0238258439856999,0,.0010957846425922,0
Romania,ROU,2021,.4153900909423828,.4357350158691407,.0558699989318848,.050460000038147,.5180500030517579,.0461993265151978,.9540000152587891,.5180500030517579,ROU,.0725440244350686,.0375814320799741,-.0207922959881038,.0167891360918703,.0482216024398804,.0167891360918703,0,0,.0079000091552734,2023,.4390110015869141,2022,.4331756210327148,1,1,.0190213043265856,0,.0082882483425965,0,.0138180614578286,0,.0006663290661092,0,.0190213043265856,0,.0009172377751246,0
Romania,ROU,2022,.4127184677124023,.4390110015869141,.0418800020217895,.1380000019073486,.519020004272461,.0476963806152344,.9480000305175781,.519020004272461,ROU,.0729797871817112,.0378779694548551,-.0214623135367825,.0164156559180725,.0649748754501343,.0164156559180725,0,0,,,.4406818008422851,2023,.4357350158691407,0,1,,,,,.0141915416316264,0,.0009220936499603,0,.0193947845003834,0,.0012601737072946,0
Romania,ROU,2023,.4117794799804688,.4406818008422851,.0225799989700317,.1039700031280518,.5259500122070313,.0610094594955444,.9509999847412109,.5259500122070313,ROU,.0746587127877438,.0392667509020751,-.0216978026773655,.0175689482247097,.0600466299057007,.0175689482247097,0,0,,,,,.4390110015869141,0,0,,,,,,,,,,,,
Russia,RUS,1995,.3500722885131836,.3868587112426758,-.0409999990463257,1.973000030517578,,.0002790480665863,,,RUS,,,-.0371733759912938,,,,,,,,.3888249969482422,1996,,0,0,,,,,,,,,,,,
Russia,RUS,1996,.3492433166503906,.3888249969482422,-.0358100008964539,.4775199890136719,,.0002610550262034,,,RUS,,,-.037381274204335,,,,,,,,.3865034866333008,1997,.3868587112426758,0,0,,,,,,,,,,,,
Russia,RUS,1997,.3498102951049805,.3865034866333008,.0137600004673004,.1476099967956543,.5151900100708008,.0002791561931372,,.5151900100708008,RUS,.0770647989753232,.039703014560201,-.0372390814317783,.0024639331284228,,.0024639331284228,0,0,.408599967956543,1999,.3958363723754883,1998,.3888249969482422,0,0,,,,,,,,,,,,
Russia,RUS,1998,.3519458770751953,.3958363723754883,-.0531899976730347,.2768600082397461,1.351929931640625,.000201470348984,,1.351929931640625,RUS,.2706516314937841,.3659020416638151,-.0367034979031471,.329198543760668,.1324281597137451,.329198543760668,0,0,-.7932499313354493,2000,.4072805786132813,1999,.3865034866333008,0,0,,,,,,,,,,,,
Russia,RUS,1999,.3496178436279297,.4072805786132813,.0634700012207031,.8574600219726563,.9237899780273438,.0001938834227622,,.9237899780273438,RUS,.1716954763236454,.1586105603004147,-.0372873464211847,.12132321387923,.1783387565612793,.12132321387923,0,0,-.4794099807739258,2001,.4145116424560547,2000,.3958363723754883,0,0,,,,,,,,,,,,
Russia,RUS,2000,.3498551940917969,.4145116424560547,.1005399990081787,.2079899978637695,.5586800003051757,.0003953084722161,.7220232391357422,.5586800003051757,RUS,.0871317987988773,.0486787933795473,-.0372278211953994,.0114509721841479,.118460807800293,.0114509721841479,0,0,-.1829100036621093,2002,.4299521255493164,2001,.4072805786132813,1,1,.024359468234308,0,.0100972831871591,0,.019156225365551,0,.0022692619312076,0,.024359468234308,0,.0028856422846217,0
Russia,RUS,2001,.3464617538452148,.4299521255493164,.0508199977874756,.2147699928283691,.444379997253418,.0004938015341759,.6933137512207032,.444379997253418,RUS,.06093267093829,.0270772601442007,-.0380788635467638,-.0110016034025631,.0716275835037231,-.0110016034025631,0,0,-.1610400009155273,2003,.4432312393188477,2002,.4145116424560547,1,1,.046812043821019,0,.0201269377421549,0,.041608800952262,0,.0029803378646979,0,.046812043821019,0,.00335303357777,0
Russia,RUS,2002,.3441510391235352,.4432312393188477,.0474599981307983,.1578899955749512,.3757699966430664,.0006275597214699,.6739405822753907,.3757699966430664,RUS,.0452279544393633,.0169953082878523,-.0386583686940996,-.0216630604062473,.0555797147750854,-.0216630604062473,0,0,-.1674900054931641,2004,.4460307693481445,2003,.4299521255493164,1,1,.0574735008247032,0,.025474050998526,0,.0522702579559462,0,.0029051660284116,0,.0574735008247032,0,.0031943607829626,0
Russia,RUS,2003,.3392435073852539,.4460307693481445,.0735599994659424,.1366300010681152,.2833399963378906,.0009484624117613,.728114013671875,.2833399963378906,RUS,.0242127122867563,.0068604298106599,-.0398891307074132,-.0330287008967533,.0425933027267456,-.0330287008967533,0,0,-.1348299980163574,2005,.4372385406494141,2004,.4432312393188477,1,1,.0688391413152092,0,.0307043751620884,0,.0636358984464522,0,.0027104630868182,0,.0688391413152092,0,.0029320863854879,0
Russia,RUS,2004,.3351455688476562,.4372385406494141,.0714499998092651,.1088899993896484,.2082799911499023,.001425401866436,.827844009399414,.2082799911499023,RUS,.0071556832871166,.0014903856517121,-.0409168544907617,-.0394264688390495,.0309914326667786,-.0394264688390495,0,0,-.1102399921417236,2006,.4682213592529297,2005,.4460307693481445,1,1,.0752369092575054,0,.0328964764067241,0,.0700336663887484,0,.0021704436562945,0,.0752369092575054,0,.0023316996073105,0
Russia,RUS,2005,.3335582733154297,.4682213592529297,.0639699983596802,.126850004196167,.1485099983215332,.0019340649247169,.9980000305175781,.1485099983215332,RUS,-.006559214470006,-.0009741089299312,-.0413149330257873,-.0422890419557184,.0201052498817444,-.0422890419557184,0,0,-.0681799983978271,2007,.5484737396240235,2006,.4372385406494141,1,1,.0780994823741744,0,.0365678457941861,0,.0728962395054173,0,.0014655971106959,0,.0780994823741744,0,.0015702096087677,0
Russia,RUS,2006,.332251205444336,.5484737396240235,.0816499996185303,.0966899967193603,.0980399990081787,.0029799750447273,1.135999984741211,.0980399990081787,RUS,-.0181427519147565,-.0017787153797284,-.0416427331441271,-.0434214485238554,.0139782321453094,-.0434214485238554,0,0,-.0235799980163574,2008,.5556924057006836,2007,.4682213592529297,1,1,.0792318889423113,0,.0434566104256648,0,.0740286460735543,0,.0010347896002191,0,.0792318889423113,0,.001107521736947,0
Russia,RUS,2007,.3311605453491211,.5556924057006836,.0855000019073486,.0900699996948242,.0803299999237061,.0043271949887276,1.188000030517578,.0803299999237061,RUS,-.0221574825884246,-.0017799105746377,-.0419162602624861,-.0436961708371237,-.000026647481136,-.0436961708371237,0,0,.0188500022888184,2009,.5705654907226563,2008,.5484737396240235,1,1,.0795066112555796,0,.0441812200777221,0,.0743033683868226,0,-1.97999760743e-06,0,.0795066112555796,0,-2.11865092362e-06,0
Russia,RUS,2008,.3308308029174805,.5705654907226563,.0524700021743774,.1411100006103516,.0744600009918213,.0036602920293808,1.428999938964844,.0744600009918213,RUS,-.023490679512208,-.0017491160197776,-.0419989565099449,-.0437480725297224,.0051422321796417,-.0437480725297224,0,0,.026589994430542,2010,.5587865447998047,2009,.5556924057006836,1,1,.0795585129481783,0,.0453933419814422,0,.0743552700794213,0,.0003823520625284,0,.0795585129481783,0,.0004091083454466,0
Russia,RUS,2009,.3318941116333008,.5587865447998047,-.0782100009918213,.1164700031280518,.0991800022125244,.0040925332903862,.9519999694824218,.0991800022125244,RUS,-.0178505500498293,-.0017704175934368,-.0417322888558881,-.0435027064493249,-.0094169443845749,-.0435027064493249,0,0,.0042199993133545,2011,.5942123031616211,2010,.5705654907226563,1,1,.0793131468677808,0,.0443191192954467,0,.0741099039990238,0,-.000697888844305,0,.0793131468677808,0,-.0007468874930195,0
Russia,RUS,2010,.329666748046875,.5942123031616211,.0451200008392334,.0684899997711182,.1010499954223633,.0042712911963463,1.153000030517578,.1010499954223633,RUS,-.0172414966549594,-.0017422531580583,-.0422908903358595,-.0440331434939178,.0035591593384743,-.0440331434939178,0,0,.010620002746582,2012,.5909518814086914,2011,.5587865447998047,1,1,.0798435839123737,0,.0474440398892498,0,.0746403410436167,0,.0002656568668523,0,.0798435839123737,0,.000284176037299,0
Russia,RUS,2011,.3277363967895508,.5909518814086914,.0399499988555908,.084399995803833,.1034000015258789,.0042631009221077,1.403999938964844,.1034000015258789,RUS,-.0165447654841311,-.0017107287763045,-.0427750039649848,-.0444857327412892,.0079843193292618,-.0444857327412892,0,0,.0200799942016602,2013,.6015786743164062,2012,.5942123031616211,1,1,.0802961731597451,0,.0474511745986695,0,.0750929302909881,0,.0005995659348132,0,.0802961731597451,0,.0006411102874251,0
Russia,RUS,2012,.3279268646240234,.6015786743164062,.0402400016784668,.0507499980926514,.1116699981689453,.0044310945272446,1.466000061035156,.1116699981689453,RUS,-.0146448173150557,-.0016353867227568,-.0427272364541608,-.0443626231769177,.007933509349823,-.0443626231769177,0,0,.039689998626709,2014,.609037094116211,2013,.5909518814086914,1,1,.0801730635953736,0,.0482304053135898,0,.0749698207266166,0,.0005947737736892,0,.0801730635953736,0,.0006360537496378,0
Russia,RUS,2013,.3278189086914062,.609037094116211,.0175499999523163,.0675400018692017,.1234799957275391,.0041269320249557,1.368999938964844,.1234799957275391,RUS,-.0119015603965732,-.0014696046269199,-.0427543107693284,-.0442239153962483,.0100627052783966,-.0442239153962483,0,0,.0293800067901611,2015,.4829636001586914,2014,.6015786743164062,1,1,.0800343558147042,0,.0487438914948503,0,.0748311129459472,0,.0007530034352295,0,.0800343558147042,0,.0008053621347097,0
Russia,RUS,2014,.3270623779296875,.4829636001586914,.0073600000143051,.0782299995422363,.1513599967956543,.0031043037772179,1.315,.1513599967956543,RUS,-.0053858716862162,-.0008152055211675,-.0429440414472094,-.0437592469683769,.0116038739681244,-.0437592469683769,0,0,-.0028699970245361,2016,.5069926452636718,2015,.609037094116211,1,1,.0795696873868328,0,.0384292626838464,0,.0743664445180758,0,.0008629388496453,0,.0795696873868328,0,.0009233166241199,0
Russia,RUS,2015,.3289238739013672,.5069926452636718,-.0197300004959106,.1553400039672851,.1528600025177002,.0030177628993988,1,.1528600025177002,RUS,-.0051856516569391,-.0007926787253356,-.0424771960650373,-.043269874790373,.0078401857614517,-.043269874790373,0,0,-.0097500038146973,2017,.5261577224731445,2016,.4829636001586914,1,1,.0790803152088289,0,.0400931381960091,0,.0738770723400719,0,.0005792099706584,0,.0790803152088289,0,.0006200043613114,0
Russia,RUS,2016,.3268360137939453,.5261577224731445,.0019400000572205,.0704199981689453,.1484899997711182,.0030856582522392,.8149999999999999,.1484899997711182,RUS,-.0060325581407706,-.0008957745569423,-.0430008114069989,-.0438965859639412,.013215457201004,-.0438965859639412,0,0,-.0122900009155273,2018,.5230866622924805,2017,.5069926452636718,1,1,.0797070263823971,0,.0419384674664689,0,.0745037835136401,0,.0009846015623374,0,.0797070263823971,0,.0010533647957759,0
Russia,RUS,2017,.3243952941894531,.5230866622924805,.0182700002193451,.0368300008773804,.1431099987030029,.003477780520916,.9219999694824219,.1431099987030029,RUS,-.0070854520759694,-.0010139990374022,-.0436129205352857,-.0446269195726878,.0152573359012604,-.0446269195726878,0,0,-.005629997253418,2019,.5328293228149414,2018,.5261577224731445,1,1,.0804373599911437,0,.0420757101613861,0,.0752341171223867,0,.001147872196171,0,.0804373599911437,0,.0012272598203955,0
Russia,RUS,2018,.3228499984741211,.5328293228149414,.0280599999427795,.0287800002098084,.1361999988555908,.0036636075377464,1.080999984741211,.1361999988555908,RUS,-.0085634016977183,-.0011663353014292,-.0440004659180146,-.0451668012194438,.0141233396530151,-.0451668012194438,0,0,.0554200077056885,2020,.5399998092651367,2019,.5230866622924805,1,1,.0809772416378997,0,.043147048825344,0,.0757739987691427,0,.0010701819214838,0,.0809772416378997,0,.0011436690878163,0
Russia,RUS,2019,.3226577377319336,.5399998092651367,.0219799995422363,.0446999979019165,.137480001449585,.0042467376589775,1.093000030517578,.137480001449585,RUS,-.0082518089741943,-.0011344587097339,-.0440486830729421,-.045183141782676,.0075668406486511,-.045183141782676,0,0,.0278099918365478,2021,.5295283508300781,2020,.5328293228149414,1,1,.0809935822011319,0,.0437365189403114,0,.0757903393323749,0,.0005734934204353,0,.0809935822011319,0,.0006128655300794,0
Russia,RUS,2020,.3266536712646484,.5295283508300781,-.0265400004386902,.0338199996948242,.1916200065612793,.0046893134713173,.8919999694824219,.1916200065612793,RUS,.0039690436754836,.0007605481751382,-.0430465411690134,-.0422859929938752,.004237288236618,-.0422859929938752,0,0,-.0402800083160401,2022,.5151074981689453,2021,.5399998092651367,1,1,.0780964334123311,0,.0413542755905427,0,.0728931905435742,0,.0003088694588198,0,.0780964334123311,0,.0003309170986199,0
Russia,RUS,2021,.3257976913452149,.5151074981689453,.0586600017547607,.0669399976730347,.1652899932861328,.0046927464008331,1.151999969482422,.1652899932861328,RUS,-.0020602864372762,-.0003405447313849,-.0432612127442944,-.0436017574756793,.0092398154735565,-.0436017574756793,0,0,-.0133899974822998,2023,.4948211288452148,2022,.5295283508300781,1,1,.0794121978941352,0,.0409058185813451,0,.0742089550253782,0,.0006856770509199,0,.0794121978941352,0,.0007337540548914,0
Russia,RUS,2022,.3234914779663086,.4948211288452148,-.0143499994277954,.1375,.1513399982452392,.004380556344986,1.355,.1513399982452392,RUS,-.0051082799727153,-.0007730870821069,-.0438395889979235,-.0446126760800305,.0105309867858887,-.0446126760800305,0,0,,,.491439094543457,2023,.5151074981689453,0,1,,,,,.0752198736297293,0,.0007921394952309,0,.0804231164984864,0,.0008469347771255,0
Russia,RUS,2023,.3237411499023438,.491439094543457,.0406699991226196,.0585900020599365,.151899995803833,.0043215897679329,1.145999984741211,.151899995803833,RUS,-.0049983394346933,-.000759247739156,-.0437769736647886,-.0445362214039447,.0078470706939697,-.0445362214039447,0,0,,,,,.4948211288452148,0,0,,,,,,,,,,,,
Singapore,SGP,1995,.3947890853881836,.5620775604248047,.0717500019073486,.0172500002384186,.69822998046875,.4674752807617187,1.190878982543945,.69822998046875,SGP,.1158947061204918,.0809211583909425,-.0259588311068457,.0549623272840968,,.0549623272840968,0,0,.0096400451660157,1997,.5748887634277344,1996,,1,0,0,.0191518868656409,0,.0107648458469713,,,,,,,,
Singapore,SGP,1996,.3944869232177735,.5748887634277344,.0747100019454956,.0137899994850159,.7127200317382812,.4864764022827148,1.191314239501953,.7127200317382812,SGP,.1192739055601112,.0850089017563512,-.0260346104886274,.0589742912677238,,.0589742912677238,0,0,.1337400054931641,1998,.5838109970092773,1997,.5620775604248047,1,0,0,.0231638508492679,0,.0133166375709601,,,,,,,,
Singapore,SGP,1997,.3933993148803711,.5838109970092773,.0831599998474121,.0202300000190735,.7078700256347656,.4165990447998047,1.194588851928711,.7078700256347656,SGP,.1182367955113228,.0836962834695726,-.0263073722553209,.0573889112142517,,.0573889112142517,0,0,.1453299713134766,1999,.5861548233032227,1998,.5748887634277344,1,0,0,.0215784707957958,0,.0125977485492291,,,,,,,,
Singapore,SGP,1998,.3929432678222656,.5861548233032227,-.0219099998474121,-.0027099999785423,.8464600372314454,.4479305648803711,1.190345458984375,.8464600372314454,SGP,.1503647616897756,.1272777617782248,-.0264217444948362,.1008560172833886,,.1008560172833886,0,0,-.0239000701904297,2000,.5995134735107421,1999,.5838109970092773,1,0,0,.0650455768649327,0,.0381267786139208,,,,,,,,
Singapore,SGP,1999,.3965696716308594,.5995134735107421,.0571799993515015,.0002400000020862,.8531999969482422,.4348204421997071,1.178073806762695,.8531999969482422,SGP,.1516388584549273,.1293782735709789,-.0255122771107055,.1038659964602734,,.1038659964602734,0,0,.091510009765625,2001,.6254761505126953,2000,.5861548233032227,1,0,0,.0680555560418175,0,.040800222794335,,,,,,,,
Singapore,SGP,2000,.3998944854736328,.6254761505126953,.0903800010681152,.0134800004959106,.8225599670410156,.4196749496459961,1.141259002685547,.8225599670410156,SGP,.1442810753335322,.1186798365709925,-.0246784456049193,.0940013909660732,,.0940013909660732,0,0,.1405400085449219,2002,.6283778762817382,2001,.5995134735107421,1,0,0,.0581909505476173,0,.0363970517431983,,,,,,,,
Singapore,SGP,2001,.4034708404541016,.6283778762817382,-.0107099997997284,.0101499998569489,.9447100067138672,.4007527542114258,1.106411743164063,.9447100067138672,SGP,.1722835023122307,.162757948626076,-.0237815299881031,.1389764186379729,,.1389764186379729,0,0,.0465999603271484,2003,.6444806671142578,2002,.6254761505126953,1,0,0,.103165978219517,0,.0648272182981082,,,,,,,,
Singapore,SGP,2002,.4071836090087891,.6444806671142578,.0392300009727478,-.00391999989748,.9630999755859375,.4199245071411133,1.083889236450195,.9630999755859375,SGP,.1762484511137715,.1697448789647326,-.0228504031518384,.1468944758128943,,.1468944758128943,0,0,-.0061899566650391,2004,.6429927825927735,2003,.6283778762817382,1,0,0,.1110840353944384,0,.0715915132367515,,,,,,,,
Singapore,SGP,2003,.4057671737670898,.6429927825927735,.045479998588562,.0048699998855591,.9913099670410156,.4706572723388672,1.001492691040039,.9913099670410156,SGP,.1828927073495832,.1813033636947574,-.023205631560491,.1580977321342663,,.1580977321342663,0,0,-.064679946899414,2005,.6542408752441407,2004,.6444806671142578,1,0,0,.1222872917158104,0,.0786298459760832,,,,,,,,
Singapore,SGP,2004,.4046827697753906,.6542408752441407,.099399995803833,.0167200005054474,.9569100189208984,.5000144577026367,1.000492553710937,.9569100189208984,SGP,.1750127552404584,.1674714589285456,-.0234775897079357,.1439938692206099,,.1439938692206099,0,0,-.0916699981689453,2006,.6528996276855469,2005,.6429927825927735,1,0,0,.108183428802154,0,.0707780211464334,,,,,,,,
Singapore,SGP,2005,.4032405090332031,.6528996276855469,.0736600017547607,.0047299998998642,.9266300201416016,.4816175842285156,.9780000305175781,.9266300201416016,SGP,.1681151020488358,.1557805003976201,-.0238392949050578,.1319412054925623,,.1319412054925623,0,0,-.048740005493164,2007,.7114139556884765,2006,.6542408752441407,1,0,0,.0961307650741064,0,.0627637407260108,,,,,,,,
Singapore,SGP,2006,.4044255828857422,.7114139556884765,.0900699996948242,.00966000020504,.8652400207519532,.5188842391967774,.9669999694824218,.8652400207519532,SGP,.1538059638416012,.1330790753460812,-.0235420897195469,.1095369856265342,,.1095369856265342,0,0,.1132899475097656,2008,.7267100524902343,2007,.6528996276855469,1,0,0,.0737265452080783,0,.0524500931657243,,,,,,,,
Singapore,SGP,2007,.4030198669433594,.7267100524902343,.0902200031280518,.0210999989509583,.8778900146484375,.5703713989257813,.9580000305175781,.8778900146484375,SGP,.1568462976236013,.1376937985183366,-.0238946298304745,.1137991686878621,,.1137991686878621,0,0,.139000015258789,2009,.736235122680664,2008,.7114139556884765,1,0,0,.0779887282694062,0,.0566751928143068,,,,,,,,
Singapore,SGP,2008,.4033753585815429,.736235122680664,.0186300003528595,.0663500022888184,.9785299682617188,.5982950973510742,.9530000305175781,.9785299682617188,SGP,.1801224037710814,.1762551700453408,-.0238054759283379,.1524496941170029,,.1524496941170029,0,0,.0082100677490234,2010,.7194818115234375,2009,.7267100524902343,1,0,0,.116639253698547,0,.0858739152561308,,,,,,,,
Singapore,SGP,2009,.4008405303955078,.7194818115234375,.0012800000607967,.0058899998664856,1.016890029907227,.6463410949707031,.9640000152587891,1.016890029907227,SGP,.1892054028055672,.192401087717562,-.0244411865886099,.1679599011289521,,.1679599011289521,0,0,.0144099426269531,2011,.7499860382080078,2010,.736235122680664,1,0,0,.1321494607104962,0,.0950791333838332,,,,,,,,
Singapore,SGP,2010,.4010114288330078,.7499860382080078,.1452000045776367,.028289999961853,.9867400360107422,.679634017944336,.9580000305175781,.9867400360107422,SGP,.1822103591076558,.1797942563074185,-.0243983268953411,.1553959294120775,,.1553959294120775,0,0,.0805099487304687,2012,.7644010162353516,2011,.7194818115234375,1,0,0,.1195854889936216,0,.0896874471174936,,,,,,,,
Singapore,SGP,2011,.4020252609252929,.7644010162353516,.0621500015258789,.0525099992752075,1.03129997253418,.6745603942871093,.9330000305175781,1.03129997253418,SGP,.1924485371683693,.1984721710959823,-.0241440675051614,.1743281035908209,,.1743281035908209,0,0,-.0494499969482421,2013,.7728155517578125,2012,.7499860382080078,1,0,0,.138517663172365,0,.1058830424955019,,,,,,,,
Singapore,SGP,2012,.4013299942016602,.7728155517578125,.0443499994277954,.0458099985122681,1.067249984741211,.7044930267333984,.925,1.067249984741211,SGP,.2008280768712866,.2143337619764873,-.0243184337483572,.1900153282281301,,.1900153282281301,0,0,-.0897599792480468,2014,.7848036193847656,2013,.7644010162353516,1,0,0,.1542048878096742,0,.119171935456385,,,,,,,,
Singapore,SGP,2013,.3975454330444336,.7848036193847656,.0481799983978271,.0236400008201599,.9818499755859375,.7021601104736328,.9409999847412109,.9818499755859375,SGP,.1813519475969239,.178060405320502,-.0252675654825532,.1527928398379488,,.1527928398379488,0,0,.0391600036621095,2015,.8072019958496094,2014,.7728155517578125,1,0,0,.1169823994194929,0,.0918082104687324,,,,,,,,
Singapore,SGP,2014,.3947853088378906,.8072019958496094,.0393600010871887,.0103299999237061,.9774900054931641,.636140251159668,.9309999847412109,.9774900054931641,SGP,.1805604960103983,.1764960802370526,-.0259597782295318,.1505363020075209,,.1505363020075209,0,0,.0815999603271484,2016,.804161376953125,2015,.7848036193847656,1,0,0,.114725861589065,0,.0926069444502593,,,,,,,,
Singapore,SGP,2015,.3891069412231445,.804161376953125,.0297699999809265,-.0052200001478195,1.021009979248047,.59482666015625,1,1.021009979248047,SGP,.1910867715918391,.1951015006975599,-.0273838585066584,.1677176421909015,,.1677176421909015,0,0,.0518400573730469,2017,.7845143127441406,2016,.8072019958496094,1,0,0,.1319072017724456,0,.1060746770073635,,,,,,,,
Singapore,SGP,2016,.3895102310180664,.7845143127441406,.0391100001335144,-.0052999997138977,1.059089965820313,.5705805587768554,.9840000152587891,1.059089965820313,SGP,.1998727051256617,.2116831764399505,-.0272827172840607,.1844004591558898,,.1844004591558898,0,0,.032790069580078,2018,.7902337646484375,2017,.804161376953125,1,0,0,.1485900187374339,0,.1165709964304369,,,,,,,,
Singapore,SGP,2017,.3888970947265625,.7902337646484375,.043270001411438,.0057700002193451,1.072850036621094,.6208574676513672,.9619999694824218,1.072850036621094,SGP,.203107447718371,.2179038327226712,-.0274364860005584,.1904673467221129,,.1904673467221129,0,0,.2039699554443359,2019,.7939757537841797,2018,.7845143127441406,1,0,0,.1546569063036569,0,.1222151092972195,,,,,,,,
Singapore,SGP,2018,.3892274856567383,.7939757537841797,.0318700003623962,.0043900001049042,1.091880035400391,.6179724502563476,.95,1.091880035400391,SGP,.2074879248392657,.226551922718651,-.0273536271158706,.1991982956027804,,.1991982956027804,0,0,.3792700195312499,2020,.7951992797851563,2019,.7902337646484375,1,0,0,.1633878551843245,0,.1297259954791545,,,,,,,,
Singapore,SGP,2019,.3902054214477539,.7951992797851563,.0115900003910065,.0056800001859665,1.27681999206543,.5957881164550781,.945,1.27681999206543,SGP,.2502353575101066,.3195055071905443,-.0271083701746566,.2923971370158878,,.2923971370158878,0,0,.1225200653076171,2021,.7975067901611328,2020,.7939757537841797,1,0,0,.2565866965974319,0,.2040375563367302,,,,,,,,
Singapore,SGP,2020,.3881437683105469,.7975067901611328,-.0361100006103516,-.0017200000584126,1.471150054931641,.8007530212402344,.91,1.471150054931641,SGP,.2953973954520255,.4345738945459109,-.0276254130591906,.4069484814867203,,.4069484814867203,0,0,.0622299194335938,2022,.802470703125,2021,.7951992797851563,1,0,0,.3711380410682644,0,.2959851078390422,,,,,,,,
Singapore,SGP,2021,.3877573013305664,.802470703125,.1014099979400635,.0231599998474121,1.399340057373047,.8356634521484375,.9350000000000001,1.399340057373047,SGP,.2787996061658365,.3901354568876846,-.0277223352807321,.3624131216069524,,.3624131216069524,0,0,.3049899291992189,2023,.8012519073486328,2022,.7975067901611328,1,0,0,.3266026811884966,0,.2620890832158431,,,,,,,,
Singapore,SGP,2022,.3883990097045898,.8012519073486328,.0401000022888184,.0613100004196167,1.533379974365234,.5606341934204102,.9409999847412109,1.533379974365234,SGP,.3097871917603598,.4750214761601785,-.0275614009592661,.4474600752009124,,.4474600752009124,0,0,,,.8001235961914063,2023,.802470703125,0,0,,,,,,,,,,,,
Singapore,SGP,2023,.3886924743652344,.8001235961914063,.0145000004768372,.0483400011062622,1.704329986572266,.6703717041015625,.9330000305175781,1.704329986572266,SGP,.3493492073929879,.5954063299451227,-.0274878028297311,.5679185271153916,,.5679185271153916,0,0,,,,,.8012519073486328,0,0,,,,,,,,,,,,
Serbia,SRB,1995,.4199296951293945,.3279016494750976,,,,,,,SRB,,,-.0196538066849638,,,,,,,,.3279016494750976,1996,,0,0,,,,,,,,,,,,
Serbia,SRB,1996,.4249179840087891,.3279016494750976,,,,,,,SRB,,,-.0184027915532016,,,,,,,,.3185452079772949,1997,.3279016494750976,0,0,,,,,,,,,,,,
Serbia,SRB,1997,.4257170486450195,.3185452079772949,,,,,,,SRB,,,-.0182023937864825,,,,,,,,.3091887474060059,1998,.3279016494750976,0,0,,,,,,,,,,,,
Serbia,SRB,1998,.4238893890380859,.3091887474060059,.0534299993515015,.3,,,,,SRB,,,-.0186607533320632,,,,,,,,.3127372360229492,1999,.3185452079772949,0,0,,,,,,,,,,,,
Serbia,SRB,1999,.419879035949707,.3127372360229492,-.1032600021362305,.4109999847412109,,,,,SRB,,,-.0196665115226114,,,,,,,,.3162857055664062,2000,.3091887474060059,0,0,,,,,,,,,,,,
Serbia,SRB,2000,.4194429779052735,.3162857055664062,.0605499982833862,.7,2.006349945068359,,,2.006349945068359,SRB,.4168546563378749,.836356316844985,-.0197758707087175,.8165804461362675,.0170185267925262,.8165804461362675,0,0,-1.322149963378906,2002,.3317605209350586,2001,.3127372360229492,0,0,,,,,,,,,,,,
Serbia,SRB,2001,.4245020294189453,.3317605209350586,.0677899980545044,.8074400329589844,.9589099884033203,,,.9589099884033203,SRB,.1739094726886052,.1667635304390579,-.0185071089852112,.1482564214538468,.0200499629974365,.1482564214538468,0,0,-.3144499969482422,2003,.3461603164672852,2002,.3162857055664062,0,0,,,,,,,,,,,,
Serbia,SRB,2002,.4248269653320312,.3461603164672852,.0654099988937378,.0886800003051758,.6841999816894532,,,.6841999816894532,SRB,.1102719031750844,.0754480341332539,-.0184256181666256,.0570224159666283,.0070651870965958,.0570224159666283,0,0,-.1083699798583985,2004,.3540043640136719,2003,.3317605209350586,0,0,,,,,,,,,,,,
Serbia,SRB,2003,.4249612426757812,.3540043640136719,.0455999994277954,.0290100002288818,.6444599914550782,,,.6444599914550782,SRB,.1010590928631507,.065128542123044,-.0183919426933429,.0467365994297011,.0235210657119751,.0467365994297011,0,0,-.143129997253418,2005,.3609380340576172,2004,.3461603164672852,0,0,,,,,,,,,,,,
Serbia,SRB,2004,.4257276153564453,.3609380340576172,.0668699979782104,.1060200023651123,.5758300018310547,,,.5758300018310547,SRB,.0851065531166958,.0490069066370217,-.0181997437563406,.030807162880681,.0298389220237732,.030807162880681,0,0,-.2054199981689454,2006,.3395778656005859,2005,.3540043640136719,0,0,,,,,,,,,,,,
Serbia,SRB,2005,.4257875061035156,.3395778656005859,.0590299987792969,.1625300025939941,.5013299942016601,,,.5013299942016601,SRB,.0678505872672968,.0340155345212931,-.0181847237299049,.0158308107913882,.0330143785476685,.0158308107913882,0,0,-.2012199974060058,2007,.354998893737793,2006,.3609380340576172,0,0,,,,,,,,,,,,
Serbia,SRB,2006,.4257928085327148,.354998893737793,.0390100002288818,.1073200035095215,.3704100036621094,.002481075078249,,.3704100036621094,SRB,.0375343164241985,.0139030862841421,-.0181833939313861,-.0042803076472439,.0334529256820679,-.0042803076472439,0,0,-.0762700080871582,2008,.3672428131103516,2007,.3395778656005859,0,0,,,,,,,,,,,,
Serbia,SRB,2007,.4245127487182617,.3672428131103516,.0783199977874756,.0586199998855591,.3001099967956543,.0027508997917175,,.3001099967956543,SRB,.0213568050334164,.006409390690144,-.0185044206874861,-.0120950299973421,.0171689999103546,-.0120950299973421,0,0,.0532600212097168,2009,.3719557571411133,2008,.354998893737793,0,0,,,,,,,,,,,,
Serbia,SRB,2008,.4263165283203125,.3719557571411133,.0516099977493286,.1242700004577637,.2941399955749512,.0021123285591602,.9580000305175781,.2941399955749512,SRB,.0198318307412797,.0058333346064832,-.018052050018688,-.0122187154122048,.0144559979438782,-.0122187154122048,0,0,.1303500175476074,2010,.3713608169555664,2009,.3672428131103516,1,1,.0480291558306607,0,.0178647210218419,0,.0428259129619037,0,.000619091309722,0,.0480291558306607,0,.0006943093779342,0
Serbia,SRB,2009,.424078598022461,.3713608169555664,-.0314299988746643,.0808100032806396,.3533700180053711,.0028933703899384,.985999984741211,.3533700180053711,SRB,.0337240158521214,.0119170560888776,-.0186133015288013,-.0066962454399237,.0186300933361053,-.0066962454399237,0,0,.1063899993896484,2011,.3758866500854492,2010,.3719557571411133,1,1,.0425066858583796,0,.0157853175864415,0,.0373034429896226,0,.0006949666246548,0,.0425066858583796,0,.0007919035249501,0
Serbia,SRB,2010,.4227404022216797,.3758866500854492,.0161099994182587,.0614699983596802,.4244900131225586,.0024883937835693,.9740000152587891,.4244900131225586,SRB,.0502983351075674,.0213511409298541,-.0189489082341293,.0024022326957248,.0267061519622803,.0024022326957248,0,0,.1550499725341797,2012,.3772220611572266,2011,.3713608169555664,1,1,.0334082077227311,0,.0125576992862562,0,.0282049648539741,0,.000753246077481,0,.0334082077227311,0,.0008922046722307,0
Serbia,SRB,2011,.4211677932739258,.3772220611572266,.0005400000140071,.1111299991607666,.4597600173950195,.0029123198986053,.9690000152587891,.4597600173950195,SRB,.0585897519589827,.0269372253798318,-.0193433035142647,.0075939218655671,.0328700637817383,.0075939218655671,0,0,.1518999862670898,2013,.376732292175293,2012,.3758866500854492,1,1,.0282165185528888,0,.0106438932872018,0,.0230132756841318,0,.0007564478395641,0,.0282165185528888,0,.0009274787645321,0
Serbia,SRB,2012,.4142023468017578,.376732292175293,-.0044400000572205,.0734100008010864,.5795399856567383,.0027037754654884,.98,.5795399856567383,SRB,.0868765258135768,.0503484205239075,-.021090170856322,.0292582496675855,.0461736822128296,.0292582496675855,0,0,.0552000045776367,2014,.3961839294433594,2013,.3772220611572266,1,1,.0065521907508704,0,.0024684218403452,0,.0013489478821134,0,.0000622858908304,0,.0065521907508704,0,.0003025387735285,0
Serbia,SRB,2013,.4106507110595703,.3961839294433594,.0045199999213219,.0765500020980835,.6116600036621094,.0028838869929314,.9669999694824218,.6116600036621094,SRB,.0945949418377025,.0578599424708662,-.0219808871246476,.0358790553462186,.0614907503128052,.0358790553462186,0,0,.0591200256347656,2015,.4169202804565429,2014,.376732292175293,1,1,0,.0000686149277627,0,.0000271841316995,0,.0052718577965197,0,.0003241704914504,0,.0000686149277627,0,4.21918339079e-06
Serbia,SRB,2014,.4043852996826172,.4169202804565429,-.0180400002002716,.0215400004386902,.634739990234375,.0022936509549618,.9640000152587891,.634739990234375,SRB,.1004345274866908,.0637498109960962,-.0235521923615317,.0401976186345645,.0710477685928345,.0401976186345645,0,0,.0150399780273438,2016,.4086103820800781,2015,.3961839294433594,1,1,0,.0043871782161086,0,.0018291035722728,0,.0095904210848656,0,.0006813780179454,0,.0043871782161086,0,.0003116992226736
Serbia,SRB,2015,.4050666427612304,.4086103820800781,.012960000038147,.0137899994850159,.670780029296875,.0021314802765846,1,.670780029296875,SRB,.1087261148139107,.0729313064802104,-.0233813180353099,.0495499884449006,.0766253042221069,.0495499884449006,0,0,-.1182100296020507,2017,.4122407150268554,2016,.4169202804565429,1,1,0,.0137395480264447,0,.0056141219686931,0,.0189427908952017,0,.0014514971151606,0,.0137395480264447,0,.0010527970474006
Serbia,SRB,2016,.4044039154052734,.4122407150268554,.0297499990463257,.01125,.6497799682617188,.0019611497223377,1.014000015258789,.6497799682617188,SRB,.1039157156785986,.0675223504355336,-.0235475237163721,.0439748267191615,.0713994264602661,.0439748267191615,0,0,-.1384099578857423,2018,.4415505981445312,2017,.4086103820800781,1,1,0,.0081643863007056,0,.0033656924463583,0,.0133676291694626,0,.0009544410558332,0,.0081643863007056,0,.0005829324992704
Serbia,SRB,2017,.4055341339111328,.4415505981445312,.0236299991607666,.0316899991035461,.5525699996948242,.0021221627295017,.9969999694824219,.5525699996948242,SRB,.0813164357140984,.0449330228577235,-.0232640757270489,.0216689471306746,.061429934501648,.0216689471306746,0,0,-.0580300140380859,2019,.4458179092407227,2018,.4122407150268554,1,1,.0141414932877813,0,.0062441848198767,0,.0089382504190243,0,.0005490761378,0,.0141414932877813,0,.0008687110064239,0
Serbia,SRB,2018,.4283037185668945,.4458179092407227,.0464900016784668,.019559999704361,.5113700103759765,.0021927586197853,.9830000305175781,.5113700103759765,SRB,.0699765884641376,.0357839287689815,-.0175536817147926,.0182302470541889,.051617603302002,.0182302470541889,0,0,.0318799972534181,2020,.4464113998413086,2019,.4415505981445312,1,1,.017580193364267,0,.0078375650497051,0,.01237695049551,0,.0006388685207658,0,.017580193364267,0,.0009074474470492,0
Serbia,SRB,2019,.4281839752197266,.4464113998413086,.0475,.0186899995803833,.4945399856567383,.0024380798637867,.995,.4945399856567383,SRB,.0660888893264754,.0326835983795849,-.0175837122007682,.0150998861788167,.0477967691421509,.0150998861788167,0,0,.0418300247192382,2021,.4392853927612305,2020,.4458179092407227,1,1,.0207105542396392,0,.0092454275096067,0,.0155073113708822,0,.0007411993816095,0,.0207105542396392,0,.000989897579798,0
Serbia,SRB,2020,.4227359390258789,.4392853927612305,-.0094999998807907,.0154499995708466,.5432500076293946,.0027228018641472,1.029000015258789,.5432500076293946,SRB,.077798769198755,.0422641819607811,-.0189500275609401,.023314154399841,.0489008188247681,.023314154399841,0,0,-.034280014038086,2022,.4411976623535157,2021,.4464113998413086,1,1,.0124962860186149,0,.0054894359117439,0,.0072930431498579,0,.0003566357817524,0,.0124962860186149,0,.0006110786185788,0
Serbia,SRB,2021,.4208566284179687,.4411976623535157,.0794899988174438,.0408900022506714,.5363700103759765,.0028309905529022,.990999984741211,.5363700103759765,SRB,.0763541655218188,.040954084553187,-.0194213406834597,.0215327438697273,.040106692314148,.0215327438697273,0,0,-.0797100067138672,2023,.4445756530761719,2022,.4392853927612305,1,1,.0142776965487286,0,.0062992863410919,0,.0090744536799716,0,.0003639463216616,0,.0142776965487286,0,.0005726311824346,0
Serbia,SRB,2022,.4229484176635742,.4445756530761719,.0270300006866455,.119680004119873,.5089699935913086,.0030619257688522,.9519999694824218,.5089699935913086,SRB,.0698440911946104,.0355485466477116,-.0188967399512287,.0166518066964829,.0348055982589722,.0166518066964829,0,0,,,.4489032745361328,2023,.4411976623535157,0,1,,,,,.013955390853216,0,.000485725727584,0,.019158633721973,0,.0006668277085178,0
Serbia,SRB,2023,.4215162658691406,.4489032745361328,.0374799990653992,.1236100006103516,.4566600036621093,.0039345896244049,1.016999969482422,.4566600036621093,SRB,.0578443711445296,.0264152107386933,-.0192559099209588,.0071593008177346,.0429815435409546,.0071593008177346,0,0,,,,,.4445756530761719,0,0,,,,,,,,,,,,
Slovak Republic,SVK,1995,.3735416793823242,.4259846496582032,.0787200021743774,.1094999980926514,.213120002746582,.0952853679656982,,.213120002746582,SVK,.0052418380811619,.0011171405462544,-.0312874772752393,-.0301703367289849,.0283475565910339,-.0301703367289849,0,0,.1151300048828125,1997,.4215727615356445,1996,,0,0,,,,,,,,,,,,
Slovak Republic,SVK,1996,.3760960006713867,.4215727615356445,.0694099998474121,.0475299978256226,.303390007019043,.0898482799530029,,.303390007019043,SVK,.0259428949256427,.007870815073585,-.0306468779312038,-.0227760628576188,.0358691358566284,-.0227760628576188,0,0,.0351300048828125,1998,.4249410629272461,1997,.4259846496582032,0,0,,,,,,,,,,,,
Slovak Republic,SVK,1997,.3757307815551758,.4249410629272461,.0444500017166138,.0604400014877319,.3282500076293945,.0796087837219238,,.3282500076293945,SVK,.0317283449646293,.0104148294767076,-.0307384713917742,-.0203236419150666,.0425084495544434,-.0203236419150666,0,0,.1430099868774414,1999,.4260124969482422,1998,.4215727615356445,0,0,,,,,,,,,,,,
Slovak Republic,SVK,1998,.3734323501586914,.4260124969482422,.0382599997520447,.0669600009918213,.3385200119018555,.0689194917678833,,.3385200119018555,SVK,.0342881228996748,.0116072157720902,-.0313148959986563,-.0197076802265661,.0489931917190552,-.0197076802265661,0,0,.1674599838256836,2000,.4281444549560547,1999,.4249410629272461,0,0,,,,,,,,,,,,
Slovak Republic,SVK,1999,.3721483993530273,.4281444549560547,-.0047299998998642,.1046100044250488,.4712599945068359,.0800405788421631,,.4712599945068359,SVK,.0651268880881808,.0306916969226834,-.0316368985781298,-.0009452016554464,.0677212429046631,-.0009452016554464,0,0,.0422500228881836,2001,.4332023239135742,2000,.4260124969482422,0,0,,,,,,,,,,,,
Slovak Republic,SVK,2000,.3718824768066406,.4332023239135742,.0078899997472763,.1216100025177002,.505979995727539,.0927994346618652,1.058760147094727,.505979995727539,SVK,.0731876734743564,.0370314987118634,-.0317035894088836,.0053279093029798,.0763274049758911,.0053279093029798,0,0,-.0495000076293945,2002,.4392784881591797,2001,.4281444549560547,1,1,.0304825311154761,0,.0132051033179921,0,.0252792882467191,0,.0019295024715096,0,.0304825311154761,0,.0023266524971411,0
Slovak Republic,SVK,2001,.3701478576660156,.4392784881591797,.0292499995231628,.0714300012588501,.5135100173950196,.0917452716827393,1.036585159301758,.5135100173950196,SVK,.0750684202953851,.0385483858116999,-.0321386152955619,.0064097705161379,.0810214042663574,.0064097705161379,0,0,-.0771200180053711,2003,.4503391647338867,2002,.4332023239135742,1,1,.029400669902318,0,.0129150818255573,0,.024197427033561,0,.0019605095178918,0,.029400669902318,0,.0023820835618574,0
Slovak Republic,SVK,2002,.369660873413086,.4503391647338867,.0441699981689453,.0348600006103516,.4564799880981446,.1814375495910645,1.04438102722168,.4564799880981446,SVK,.061901026862125,.0282565800052858,-.0322607462875864,-.0040041662823006,.0789564561843872,-.0040041662823006,0,0,-.0365099716186524,2004,.4564052963256836,2003,.4392784881591797,1,1,.0398146067007565,0,.0179300767258269,0,.0346113638319995,0,.0027327906318832,0,.0398146067007565,0,.0031436202494669,0
Slovak Republic,SVK,2003,.3690170288085938,.4564052963256836,.0485699987411499,.0841699981689453,.4363899993896485,.2286082649230957,1.074296722412109,.4363899993896485,SVK,.0572998718254267,.0250050910309249,-.0324222163552183,-.0074171253242933,.044270281791687,-.0074171253242933,0,0,-.0865399932861328,2005,.4615274429321289,2004,.4503391647338867,1,1,.0432275657427492,0,.0197292899522574,0,.0380243228739923,0,.0016833474885697,0,.0432275657427492,0,.0019136965166002,0
Slovak Republic,SVK,2004,.3695372009277344,.4615274429321289,.053899998664856,.0745599985122681,.4199700164794922,.2662470626831055,1.092851638793945,.4199700164794922,SVK,.0534565469357913,.022450146897561,-.0322917621638313,-.0098416152662703,.0402796268463135,-.0098416152662703,0,0,-.1046500205993652,2006,.4758550262451172,2005,.4564052963256836,1,1,.0456520556847262,0,.0210696765247668,0,.0404488128159692,0,.0016292630866036,0,.0456520556847262,0,.0018388477677479,0
Slovak Republic,SVK,2005,.3691953659057617,.4758550262451172,.064850001335144,.0277800011634827,.3498500061035156,.2595550537109375,1.095,.3498500061035156,SVK,.0372465638807109,.0130307106010017,-.0323774911172648,-.0193467805162631,.0313688731193542,-.0193467805162631,0,0,-.0461200141906739,2007,.4992994689941406,2006,.4615274429321289,1,1,.055157220934719,0,.0262468408154984,0,.049953978065962,0,.0015669999997582,0,.055157220934719,0,.0017302198651174,0
Slovak Republic,SVK,2006,.367265510559082,.4992994689941406,.0892599964141846,.0426800012588501,.3153199958801269,.2057186698913574,1.064000015258789,.3153199958801269,SVK,.0294033139919861,.0092714528468151,-.0328614803767444,-.0235900275299293,.0257714080810547,-.0235900275299293,0,0,-.0289900016784668,2008,.5118392181396484,2007,.4758550262451172,1,1,.0594004679483852,0,.0296586221046322,0,.0541972250796282,0,.0013967388043879,0,.0594004679483852,0,.0015308336997034,0
Slovak Republic,SVK,2007,.3680568695068359,.5118392181396484,.1081900024414063,.0189999997615814,.3037299919128418,.2635484313964844,1.051999969482422,.3037299919128418,SVK,.0266569867331649,.0080965263648849,-.0326630151229807,-.0245664887580958,.0284246158599854,-.0245664887580958,0,0,.0603400230407715,2009,.5110643768310547,2008,.4992994689941406,1,1,.0603769291765517,0,.0309032802233992,0,.0551736863077947,0,.0015682908388784,0,.0603769291765517,0,.001716191018649,0
Slovak Republic,SVK,2008,.3659664535522461,.5110643768310547,.0536299991607666,.0394799995422363,.2863299942016602,.2483242225646973,1.014000015258789,.2863299942016602,SVK,.0227930547469473,.0065263352335315,-.0331872714469622,-.0266609362134306,.0273391461372375,-.0266609362134306,0,0,.1202099990844727,2010,.5109186553955078,2009,.5118392181396484,1,1,.0624713766318865,0,.0319268951681532,0,.0572681337631295,0,.0015656618779571,0,.0624713766318865,0,.0017079140951336,0
Slovak Republic,SVK,2009,.362891845703125,.5109186553955078,-.0550500011444092,.0093199998140335,.3640700149536133,.0251635408401489,1.045999984741211,.3640700149536133,SVK,.0410375437123848,.0149405391530275,-.033958353683072,-.0190178145300446,.0317822599411011,-.0190178145300446,0,0,.0686299896240234,2011,.5054455184936524,2010,.5110643768310547,1,1,.0548282549485005,0,.0280127782959699,0,.0496250120797435,0,.0015771950334987,0,.0548282549485005,0,.0017425658508902,0
Slovak Republic,SVK,2010,.3589194107055664,.5054455184936524,.0679099988937378,.0070300000905991,.4065399932861328,.0281633281707764,1.008000030517578,.4065399932861328,SVK,.0511858554900148,.0208090973472556,-.0349546023791762,-.0141455050319206,.0331518030166626,-.0141455050319206,0,0,.1103400039672851,2012,.5060379028320312,2011,.5109186553955078,1,1,.0499559454503765,0,.0252500087500062,0,.0447527025816195,0,.0014836327804491,0,.0499559454503765,0,.001656129663082,0
Slovak Republic,SVK,2011,.3600713348388672,.5060379028320312,.0256200003623962,.0407000017166138,.4327000045776367,.0308000111579895,.9930000305175781,.4327000045776367,SVK,.0571524302580319,.0247298568342735,-.034665710826132,-.0099358539918585,.0371956419944763,-.0099358539918585,0,0,.1134099960327148,2013,.49944091796875,2012,.5054455184936524,1,1,.0457462944103144,0,.0231493588857322,0,.0405430515415574,0,.0015080248305034,0,.0457462944103144,0,.00170156278946,0
Slovak Republic,SVK,2012,.3590230178833008,.49944091796875,.0156900000572205,.0373499989509583,.5168799972534179,.0315915417671204,.9819999694824219,.5168799972534179,SVK,.0767280141291278,.0396591757323238,-.034928618690132,.0047305570421918,.0444861793518066,.0047305570421918,0,0,.0170399856567384,2014,.5047605514526368,2013,.5060379028320312,1,1,.0310798833762641,0,.015522565483803,0,.0258766405075071,0,.0011511528706392,0,.0310798833762641,0,.0013826252661097,0
Slovak Republic,SVK,2013,.3582279968261719,.5047605514526368,.0070300000905991,.0145700001716614,.5461100006103515,.026811580657959,.9780000305175781,.5461100006103515,SVK,.0835593516057397,.0456325975564111,-.0351280023658943,.0105045951905168,.0442741680145264,.0105045951905168,0,0,-.0301200103759766,2015,.510489501953125,2014,.49944091796875,1,1,.0253058452279391,0,.0127733923922296,0,.0201026023591821,0,.0008900259943796,0,.0253058452279391,0,.0011203952433714,0
Slovak Republic,SVK,2014,.3578515625,.510489501953125,.0270799994468689,-.0008900000154972,.5339199829101563,.0317770886421204,1.009000015258789,.5339199829101563,SVK,.0807663804784241,.0431227844847554,-.0352224084938355,.0079003759909199,.04335364818573,.0079003759909199,0,0,-.0125599670410157,2016,.4987996292114258,2015,.5047605514526368,1,1,.027910064427536,0,.0142477948890925,0,.022706821558779,0,.0009844235532755,0,.027910064427536,0,.0012100031140325,0
Slovak Republic,SVK,2015,.3570287704467773,.4987996292114258,.0517700004577637,-.0033700001239777,.515989990234375,.0333405900001526,1,.515989990234375,SVK,.07667953736892,.0395658737381654,-.035428756869754,.0041371168684114,.0356762766838074,.0041371168684114,0,0,-.0021799850463867,2017,.5008121490478515,2016,.510489501953125,1,1,.0316733235500445,0,.0157986420426557,0,.0264700806812875,0,.0009443539222283,0,.0316733235500445,0,.0011299862544671,0
Slovak Republic,SVK,2016,.3568172454833984,.5008121490478515,.0194799995422363,-.0047299998998642,.5213600158691406,.0325661468505859,1.01,.5213600158691406,SVK,.0779397389427363,.0406346635320217,-.0354818053070699,.0051528582249518,.0368088555335999,.0051528582249518,0,0,-.0286600112915039,2018,.4985674667358398,2017,.4987996292114258,1,1,.0306575821935041,0,.01535368962294,0,.0254543393247471,0,.0009369450989078,0,.0306575821935041,0,.0011284705139702,0
Slovak Republic,SVK,2017,.3594636917114258,.4985674667358398,.02875,.0139600002765656,.5138100051879883,.0398012447357178,1.026999969482422,.5138100051879883,SVK,.0759822981021722,.0390404649820724,-.0348181019096317,.0042223630724406,.0311863708496094,.0042223630724406,0,0,-.0337100219726562,2019,.5056591415405274,2018,.5008121490478515,1,1,.0315880773460153,0,.0157487877014586,0,.0263848344772583,0,.0008228472328133,0,.0315880773460153,0,.000985117494539,0
Slovak Republic,SVK,2018,.3601117324829102,.5056591415405274,.0406199979782104,.0253399991989136,.4927000045776367,.0552376937866211,1.024000015258789,.4927000045776367,SVK,.0710428460680944,.0350028105829585,-.0346555794834598,.0003472310994987,.0297329473495483,.0003472310994987,0,0,.0913800048828125,2020,.5056532669067383,2019,.4985674667358398,1,1,.0354632093189572,0,.0179322959804959,0,.0302599664502002,0,.0008997179892629,0,.0354632093189572,0,.0010544257355266,0
Slovak Republic,SVK,2019,.3632460021972656,.5056532669067383,.0227600002288818,.0276999998092651,.480099983215332,.0740391874313354,1.009000015258789,.480099983215332,SVK,.0678774693791215,.0325879719096154,-.0338695346222891,-.0012815627126737,.0268735432624817,-.0012815627126737,0,0,.1220700073242187,2021,.5099141311645508,2020,.5056591415405274,1,1,.0370920031311296,0,.0187556925593706,0,.0318887602623726,0,.0008569639784978,0,.0370920031311296,0,.0009967935508365,0
Slovak Republic,SVK,2020,.3590505599975586,.5099141311645508,-.0258500003814697,.0201300001144409,.5840800094604492,.0990629196166992,1.028000030517578,.5840800094604492,SVK,.0922866818218506,.05390280599158,-.0349217113913507,.0189810946002292,.0254820942878723,.0189810946002292,0,0,-.0065200042724609,2022,.5046075057983398,2021,.5056532669067383,1,1,.0168293458182267,0,.0085815212509688,0,.0116261029494697,0,.0002962574515589,0,.0168293458182267,0,.0004288469769433,0
Slovak Republic,SVK,2021,.3579375076293945,.5046075057983398,.056560001373291,.0282699990272522,.6021699905395508,.0964280128479004,.9869999694824219,.6021699905395508,SVK,.0965635694365265,.0581476836940584,-.0352008542775554,.022946829416503,.0221618485450745,.022946829416503,0,0,-.0445899963378906,2023,.502275390625,2022,.5099141311645508,1,1,.0128636110019529,0,.0064910746632555,0,.0076603681331959,0,.0001697679183674,0,.0128636110019529,0,.000285081398768,0
Slovak Republic,SVK,2022,.3633775329589844,.502275390625,.005450000166893,.1213199996948242,.5775600051879883,.1025994491577149,.9399999999999999,.5775600051879883,SVK,.0904349306286877,.0522315990030802,-.0338365479655054,.0183950510375748,.0186906886100769,.0183950510375748,0,0,,,.5004878616333008,2023,.5046075057983398,0,1,,,,,.0122121465121241,0,.0002282534277187,0,.0174153893808811,0,.0003255056199413,0
Slovak Republic,SVK,2023,.3602170944213867,.5004878616333008,.0211299991607666,.1096300029754639,.5575799942016602,.1103261470794678,.9680000305175781,.5575799942016602,SVK,.0860581385854474,.0479842964134794,-.0346291557172079,.0133551406962716,.0140645015239716,.0133551406962716,0,0,,,,,.502275390625,0,0,,,,,,,,,,,,
Slovenia,SVN,1995,.3417208862304688,.5318071746826172,.0409999990463257,.1357199954986572,.1822800064086914,.0803616905212402,,.1822800064086914,SVN,.0006154493260755,.0001121841071013,-.0392678277922445,-.0391556436851432,.0358521294593811,-.0391556436851432,0,0,.0386899948120117,1997,.528826675415039,1996,,0,0,,,,,,,,,,,,
Slovenia,SVN,1996,.3427532958984375,.528826675415039,.0330100011825562,.0991899967193604,.2159799957275391,.0981533432006836,,.2159799957275391,SVN,.0083374281953154,.0018007177060029,-.039008909323801,-.0372081916177981,.0377958488464355,-.0372081916177981,0,0,.0122299957275391,1998,.5277686309814453,1997,.5318071746826172,0,0,,,,,,,,,,,,
Slovenia,SVN,1997,.3396283721923828,.5277686309814453,.051710000038147,.0833199977874756,.2209700012207031,.134647798538208,,.2209700012207031,SVN,.0097398898664672,.0021522234756828,-.039792610295496,-.0376403868198133,.0455168581008911,-.0376403868198133,0,0,.0171999931335449,1999,.5384497451782226,1998,.528826675415039,0,0,,,,,,,,,,,,
Slovenia,SVN,1998,.3330610275268555,.5384497451782226,.0306299996376038,.0791800022125244,.2282099914550781,.1434103775024414,,.2282099914550781,SVN,.0119354266952074,.002723783624126,-.041439637512787,-.038715853888661,.0400782442092895,-.038715853888661,0,0,.0326399993896484,2000,.5281156921386718,1999,.5277686309814453,0,0,,,,,,,,,,,,
Slovenia,SVN,1999,.3331854248046875,.5281156921386718,.0526800012588501,.0611700010299683,.238169994354248,.1186198043823242,,.238169994354248,SVN,.0142319347768562,.0033896198254539,-.0414084398655215,-.0380188200400676,.042362322807312,-.0380188200400676,0,0,.0250699996948242,2001,.5309728240966797,2000,.5384497451782226,0,0,,,,,,,,,,,,
Slovenia,SVN,2000,.3297482299804688,.5309728240966797,.0349900007247925,.0895600032806396,.2608499908447265,.1156205558776855,1.024345550537109,.2608499908447265,SVN,.0197553733403431,.0051531889549626,-.0422704554463903,-.0371172664914276,.0408283758163452,-.0371172664914276,0,0,.0159700012207031,2002,.5382979202270508,2001,.5281156921386718,1,1,.0729277069098835,0,.0387226304928358,0,.0677244640411265,0,.0027650798698317,0,.0729277069098835,0,.002977519825141,0
Slovenia,SVN,2001,.3284334182739258,.5382979202270508,.0282800006866455,.0861800003051758,.2632399940490723,.1546952629089355,1.040756301879883,.2632399940490723,SVN,.0204127176801322,.0053734436806434,-.0426001976445813,-.0372267539639379,.0407572746276855,-.0372267539639379,0,0,.0070400047302246,2003,.5439741897583008,2002,.5309728240966797,1,1,.0730371943823938,0,.0393157698352614,0,.0678339515136368,0,.0027647269909224,0,.0730371943823938,0,.0029767969894789,0
Slovenia,SVN,2002,.329102554321289,.5439741897583008,.0328299999237061,.0749300003051758,.2768199920654297,.2405982208251953,1.058712310791016,.2768199920654297,SVN,.0235044194548331,.0065064932069894,-.0424323847250215,-.035925891518032,.0391023230552673,-.035925891518032,0,0,-.0058199882507324,2004,.5452268981933593,2003,.5382979202270508,1,1,.0717363319364879,0,.0390227130413835,0,.0665330890677309,0,.0026015983425913,0,.0717363319364879,0,.0028050572261804,0
Slovenia,SVN,2003,.327791633605957,.5452268981933593,.031949999332428,.0564599990844727,.2702799987792969,.2838078880310059,1.062636871337891,.2702799987792969,SVN,.0220936250068968,.0059714649398943,-.042761151099839,-.0367896861599446,.0328628039360046,-.0367896861599446,0,0,-.0044000053405762,2005,.5590663146972656,2004,.5439741897583008,1,1,.0726001265784005,0,.0395835418227866,0,.0673968837096435,0,.0022148505752477,0,.0726001265784005,0,.0023858437254751,0
Slovenia,SVN,2004,.3256789398193359,.5590663146972656,.045460000038147,.0366199994087219,.2710000038146972,.280988826751709,1.049455871582031,.2710000038146972,SVN,.0224273241599931,.0060778049329116,-.0432909944909787,-.0372131895580671,.0319141840934753,-.0372131895580671,0,0,-.0089299964904785,2006,.5661184310913085,2005,.5452268981933593,1,1,.073023629976523,0,.0408250516967915,0,.067820387107766,0,.002164432319448,0,.073023629976523,0,.0023304895702446,0
Slovenia,SVN,2005,.3259871673583984,.5661184310913085,.0385400009155273,.0242899990081787,.2658799934387207,.248061351776123,1.02,.2658799934387207,SVN,.021217373361987,.005641275090272,-.0432136939727617,-.0375724188824897,.0292889809608459,-.0375724188824897,0,0,-.0364499855041504,2007,.5635503387451172,2006,.5590663146972656,1,1,.0733828593009457,0,.0415433891764456,0,.0681796164321886,0,.0019969114876002,0,.0733828593009457,0,.0021493091689178,0
Slovenia,SVN,2006,.3258932876586914,.5635503387451172,.0590899991989136,.0254800009727478,.2620700073242188,.2049382209777832,1.019000015258789,.2620700073242188,SVN,.0203425521214294,.0053311727834563,-.0432372381033721,-.0379060653199158,.0266384673118591,-.0379060653199158,0,0,-.0431300163269043,2008,.5738846969604492,2007,.5661184310913085,1,1,.0737165057383717,0,.0415429617799658,0,.0685132628696147,0,.001825088313381,0,.0737165057383717,0,.0019636947284561,0
Slovenia,SVN,2007,.3257986068725586,.5738846969604492,.0713899993896484,.0380699992179871,.2294300079345703,.028542058467865,1.009000015258789,.2294300079345703,SVN,.0127919121884807,.0029348485149015,-.0432609831387947,-.0403261346238933,.0240036869049072,-.0403261346238933,0,0,.1199800109863282,2009,.5688685989379882,2008,.5635503387451172,1,1,.0761365750423492,0,.043693615295785,0,.0709333321735922,0,.0017026614966167,0,.0761365750423492,0,.0018275585093285,0
Slovenia,SVN,2008,.3284741592407227,.5688685989379882,.0337199997901916,.0551900005340576,.2189399909973145,.0248204708099365,.9930000305175781,.2189399909973145,SVN,.0101513827026617,.002222543637531,-.0425899801998467,-.0403674365623156,.0160501170158386,-.0403674365623156,0,0,.1671299934387207,2010,.5937899398803711,2009,.5738846969604492,1,1,.0761778769807715,0,.0433352021481219,0,.0709746341120145,0,.0011391511826542,0,.0761778769807715,0,.0012226638395595,0
Slovenia,SVN,2009,.3286716079711914,.5937899398803711,-.0759000015258789,.0085299998521805,.3494100189208985,.0302395701408386,1.031999969482422,.3494100189208985,SVN,.0403474358986271,.014097798340749,-.0425404619470879,-.0284426636063389,.0204858589172363,-.0284426636063389,0,0,.1187399673461914,2011,.6155966186523437,2010,.5688685989379882,1,1,.0642531040247948,0,.0381528467760101,0,.0590498611560378,0,.001209687124725,0,.0642531040247948,0,.0013162800240465,0
Slovenia,SVN,2010,.3274052047729492,.6155966186523437,.0111199998855591,.0205299997329712,.3860699844360351,.0297012805938721,.999000015258789,.3860699844360351,SVN,.0489365117031182,.0188929183115767,-.0428580637544847,-.023965145442908,.0244642233848572,-.023965145442908,0,0,.1546700286865235,2012,.6232684707641601,2011,.5937899398803711,1,1,.0597755858613639,0,.0367976485342185,0,.0545723429926069,0,.0013350699896062,0,.0597755858613639,0,.0014623632854731,0
Slovenia,SVN,2011,.3242749786376953,.6232684707641601,.0065499997138977,.0207800006866455,.4681499862670899,.0271968793869019,.985,.4681499862670899,SVN,.0681903630459357,.0319233175235027,-.0436430945246985,-.0117197770011959,.0317942976951599,-.0117197770011959,0,0,.2402099990844727,2013,.6243949890136719,2012,.6155966186523437,1,1,.0475302174196518,0,.0296240859262344,0,.0423269745508948,0,.0013457564294066,0,.0475302174196518,0,.0015111898821561,0
Slovenia,SVN,2012,.3232883834838867,.6243949890136719,-.0291499996185303,.0281100010871887,.5407400131225586,.0270207834243774,.975,.5407400131225586,SVN,.0850772946486406,.0460046974247377,-.0438905231512635,.0021141742734742,.0317834544181824,.0021141742734742,0,0,.2705900192260742,2014,.6233887100219726,2013,.6232684707641601,1,1,.0336962661449817,0,.0210397797293976,0,.0284930232762247,0,.0009056067065361,0,.0336962661449817,0,.001070983739082,0
Slovenia,SVN,2013,.3215428161621094,.6233887100219726,-.0082400000095367,.0192900002002716,.7083599853515625,.0263932943344116,.9830000305175781,.7083599853515625,SVN,.1240293586421259,.0878574346709,-.0443282947370419,.0435291399338581,.0435717678070068,.0435291399338581,0,0,.1258200073242187,2015,.6312612533569336,2014,.6243949890136719,1,1,0,.0077186995154022,0,.0048117501339538,0,.0129219423841592,0,.0005630318731781,0,.0077186995154022,0,.0003363173830572
Slovenia,SVN,2014,.316883373260498,.6312612533569336,.0276300001144409,.0036800000071526,.8113300323486328,.028307957649231,.9880000305175781,.8113300323486328,SVN,.1482413719864017,.120272677129133,-.0454968384433971,.0747758386857359,.0617871332168579,.0747758386857359,0,0,-.0170300292968749,2016,.6220000076293946,2015,.6233887100219726,1,1,0,.03896539826728,0,.0245973461477553,0,.044168641136037,0,.0027290537138799,0,.03896539826728,0,.0024075602535884
Slovenia,SVN,2015,.3177601623535156,.6220000076293946,.0239400005340576,-.0076399999856949,.8341799926757812,.0232894659042358,1,.8341799926757812,SVN,.1534632159071644,.1280159443214402,-.0452769481264469,.0827389961949934,.0618128061294556,.0827389961949934,0,0,-.0852799987792968,2017,.6166718673706054,2016,.6312612533569336,1,1,0,.0469285557765374,0,.0291895620510428,0,.0521317986452944,0,.0032224127628414,0,.0469285557765374,0,.0029007857201505
Slovenia,SVN,2016,.3158639907836914,.6166718673706054,.0303500008583069,-.0015500000119209,.7943000030517579,.0195902788639069,1.001999969482422,.7943000030517579,SVN,.1443784618574423,.1146798126939745,-.0457524898169184,.0689273228770562,.0595413064956665,.0689273228770562,0,0,-.084229965209961,2018,.607322883605957,2017,.6220000076293946,1,1,0,.0331168824586003,0,.0204222497472379,0,.0383201253273573,0,.0022816303270685,0,.0331168824586003,0,.0019718224486485
Slovenia,SVN,2017,.3162064933776855,.607322883605957,.0517399978637695,.0155900001525879,.7488999938964844,.0223346042633057,.99,.7488999938964844,SVN,.1338385598743932,.1002316966730473,-.0456665934428081,.0545651032302392,.0491223335266113,.0545651032302392,0,0,-.0886899566650391,2019,.6017206954956055,2018,.6166718673706054,1,1,0,.0187546628117833,0,.0113901358999097,0,.0239579056805403,0,.0011768682334386,0,.0187546628117833,0,.0009212728018196
Slovenia,SVN,2018,.3154573249816894,.6017206954956055,.0437900018692017,.0193299996852875,.7100700378417969,.0224387383460999,.975,.7100700378417969,SVN,.1249062994761744,.088692220795726,-.0458544777097961,.0428377430859299,.0402624845504761,.0428377430859299,0,0,.0916299438476562,2020,.601453857421875,2019,.607322883605957,1,1,0,.007027302667474,0,.0042284734485306,0,.012230545536231,0,.0004924321506964,0,.007027302667474,0,.0002829366650807
Slovenia,SVN,2019,.3153888511657715,.601453857421875,.0350500011444092,.0169099998474121,.6602100372314453,.0235920691490173,.98,.6602100372314453,SVN,.1133661223506313,.0748454518578949,-.0458716502877911,.0289738015701038,.031914176940918,.0289738015701038,0,0,.087969970703125,2021,.5922871017456055,2020,.6017206954956055,1,1,.0068366388483521,0,.0041119228071416,0,.0016333959795951,0,.0000521284883074,0,.0068366388483521,0,.0002181857018875,0
Slovenia,SVN,2020,.3126926422119141,.5922871017456055,-.0408500003814697,-.0027399998903275,.8016999816894531,.0317590951919556,1.025999984741211,.8016999816894531,SVN,.1463426463990891,.1173228969385358,-.046547833700825,.0707750632377108,.031436276435852,.0707750632377108,0,0,-.0739699554443359,2022,.5911657333374023,2021,.601453857421875,1,1,0,.0349646228192549,0,.0207090951132447,0,.0401678656880119,0,.0012627281296065,0,.0349646228192549,0,.0010991575484214
Slovenia,SVN,2021,.3134997177124024,.5911657333374023,.0841699981689453,.0204800009727478,.7481800079345703,.0506498765945435,.9619999694824218,.7481800079345703,SVN,.133885767185136,.1001706543549011,-.0463454268859839,.0538252274689172,.024540011882782,.0538252274689172,0,0,-.0652899932861328,2023,.5894222640991211,2022,.5922871017456055,1,1,0,.0180147870504613,0,.0106497247976031,0,.0232180299192183,0,.0005697707301124,0,.0180147870504613,0,.0004420830882841
Slovenia,SVN,2022,.3151845741271972,.5894222640991211,.0266899991035461,.0932199954986572,.7277300262451172,.049354681968689,.97,.7277300262451172,SVN,.1290172055182177,.0938896943578442,-.0459228810149014,.0479668133429428,.0205562281608582,.0479668133429428,0,0,,,.5931171035766601,2023,.5911657333374023,0,1,,,,,0,.0173596157932439,0,.0003568482230308,0,.0121563729244869,0,.0002498891754442
Slovenia,SVN,2023,.3143255996704102,.5931171035766601,.0237599992752075,.0721600008010864,.6828900146484375,.0503782081604004,1.044000015258789,.6828900146484375,SVN,.1187019342118785,.0810603655927476,-.0461383035915041,.0349220620012434,.0159445011615753,.0349220620012434,0,0,,,,,.5894222640991211,0,0,,,,,,,,,,,,
Sweden,SWE,1995,.3159645652770996,.6197736358642578,.040939998626709,.0246399998664856,.6869599914550781,.0075075745582581,,.6869599914550781,SWE,.1195148445832091,.0821019166136363,-.0457272666960918,.0363746499175445,.0432053995132446,.0363746499175445,0,0,-.0099099731445312,1997,.6230169296264648,1996,,0,0,,,,,,,,,,,,
Sweden,SWE,1996,.3171429061889648,.6230169296264648,.0170500004291534,.0101699995994568,.6893699645996094,.0059474951028824,,.6893699645996094,SWE,.1199797692902018,.0827104493082557,-.045431750067693,.0372786992405628,.0479134464263916,.0372786992405628,0,0,-.0353399658203125,1998,.6268763732910156,1997,.6197736358642578,0,0,,,,,,,,,,,,
Sweden,SWE,1997,.3171773719787598,.6268763732910156,.0306500005722046,.0182099997997284,.6770500183105469,.0033764064311981,,.6770500183105469,SWE,.1171242367920639,.0792989666646757,-.0454231063773206,.0338758602873552,.0532473993301392,.0338758602873552,0,0,-.0742300033569336,1999,.6291747665405274,1998,.6230169296264648,0,0,,,,,,,,,,,,
Sweden,SWE,1998,.3164166259765625,.6291747665405274,.0424599981307983,.0100699996948242,.6540299987792969,.0041051414608955,,.6540299987792969,SWE,.1118538425856172,.0731557685297309,-.0456138941971896,.0275418743325413,.0457130718231201,.0275418743325413,0,0,-.1496199798583985,2000,.6398246383666992,1999,.6268763732910156,0,0,,,,,,,,,,,,
Sweden,SWE,1999,.3155722045898438,.6398246383666992,.0420100021362305,.0056599998474121,.6028200149536133,.0042689543962479,,.6028200149536133,SWE,.1000623894094451,.0603196110800959,-.0458256670030374,.0144939440770586,.0443123006820679,.0144939440770586,0,0,-.083010025024414,2001,.6446125030517578,2000,.6291747665405274,0,0,,,,,,,,,,,,
Sweden,SWE,2000,.3158687782287598,.6446125030517578,.0463100004196167,.0129999995231628,.5044100189208984,.0040189573168755,1.083194274902344,.5044100189208984,SWE,.077251117218445,.0389662374978164,-.0457512891714931,-.0067850516736767,.0376881241798401,-.0067850516736767,0,0,-.0058400344848633,2002,.6513703918457031,2001,.6398246383666992,1,1,.0425954920921326,0,.027457586776231,0,.0373922492233756,0,.0014092437320941,0,.0425954920921326,0,.0016053441954697,0
Sweden,SWE,2001,.315097484588623,.6513703918457031,.0136099994182587,.0267799997329712,.5198099899291992,.003755074441433,1.083857727050781,.5198099899291992,SWE,.0808780951493379,.0420412418250701,-.045944722238056,-.0039034804129859,.0319707775115967,-.0039034804129859,0,0,-.0252499771118164,2003,.6616294860839844,2002,.6446125030517578,1,1,.0397139208314418,0,.0258684721737055,0,.0345106779626848,0,.0011033332069194,0,.0397139208314418,0,.0012696849270152,0
Sweden,SWE,2002,.3146883392333985,.6616294860839844,.0227800011634827,.0193499994277954,.4985699844360352,.0045045378804207,1.082205429077148,.4985699844360352,SWE,.0759920928359147,.0378873765424637,-.0460473319791619,-.0081599554366982,.0382820892333984,-.0081599554366982,0,0,-.0120100021362305,2004,.6657400512695313,2003,.6513703918457031,1,1,.0439703958551541,0,.029092110412555,0,.0387671529863971,0,.0014840876099501,0,.0439703958551541,0,.0016832786177549,0
Sweden,SWE,2003,.315882511138916,.6657400512695313,.0188100004196167,.0232100009918213,.4945600128173828,.005112761259079,1.073545074462891,.4945600128173828,SWE,.0749691630264598,.0370767502272744,-.0457478450889983,-.0086710948617239,.0237455272674561,-.0086710948617239,0,0,-.0056800079345703,2005,.6702742767333985,2004,.6616294860839844,1,1,.0444815352801798,0,.0296131395779743,0,.0392782924114228,0,.0009326837634746,0,.0444815352801798,0,.0010562375088938,0
Sweden,SWE,2004,.3142013359069824,.6702742767333985,.0417999982833862,.0102499997615814,.4865599822998047,.0054832851886749,1.0620458984375,.4865599822998047,SWE,.0732495448510134,.0356402972461778,-.0461694677546343,-.0105291705084565,.0208325290679932,-.0105291705084565,0,0,-.0480699920654297,2006,.6772872924804687,2005,.6657400512695313,1,1,.0463396109269124,0,.0310602491981433,0,.0411363680581554,0,.0008569745833232,0,.0463396109269124,0,.0009653712916344,0
Sweden,SWE,2005,.3131439781188965,.6772872924804687,.0279299998283386,.0083600002527237,.4888800048828125,.0053555619716644,1.036999969482422,.4888800048828125,SWE,.0738703368498428,.0361137306398462,-.0464346429729434,-.0103209123330972,.0187017667293549,-.0103209123330972,0,0,-.0969900131225586,2007,.719052963256836,2006,.6702742767333985,1,1,.0461313527515531,0,.0312441790035608,0,.0409281098827961,0,.0007654279637015,0,.0461313527515531,0,.0008627377980691,0
Sweden,SWE,2006,.3127083587646484,.719052963256836,.0467600011825562,.0149500000476837,.438489990234375,.0057643336057663,1.016999969482422,.438489990234375,SWE,.0622364465856685,.027290058855572,-.0465438921397476,-.0192538332841757,.0179448473453522,-.0192538332841757,0,0,-.0590499877929688,2008,.72274658203125,2007,.6772872924804687,1,1,.0550642737026316,0,.0395941291754627,0,.0498610308338746,0,.0008947485867958,0,.0550642737026316,0,.0009881199857764,0
Sweden,SWE,2007,.3121964263916016,.72274658203125,.0322499990463257,.01682000041008,.3918899917602539,.0061853456497192,1.030999984741211,.3918899917602539,SWE,.051486204334634,.0201769281924665,-.0466722798816377,-.0264953516891712,.0132736527919769,-.0264953516891712,0,0,.0199499893188477,2009,.7231240844726563,2008,.719052963256836,1,1,.0623057921076271,0,.0450312982865371,0,.0571025492388701,0,.0007579594121335,0,.0623057921076271,0,.0008270254513657,0
Sweden,SWE,2008,.315431137084961,.7231240844726563,-.0092299997806549,.0334500002861023,.3794400024414062,.0059803074598312,1.011999969482422,.3794400024414062,SWE,.0483476308327565,.0183450251612173,-.0458610453837758,-.0275160202225584,.0100466239452362,-.0275160202225584,0,0,.0065900039672852,2010,.7219890594482422,2009,.72274658203125,1,1,.0633264606410143,0,.0457928888739272,0,.0581232177722573,0,.0005839421114449,0,.0633264606410143,0,.0006362171358431,0
Sweden,SWE,2009,.3167992401123047,.7219890594482422,-.0425600004196167,.0193700003623962,.4118399810791016,.0099290037155151,1.029000015258789,.4118399810791016,SWE,.0557420478465441,.0229568039304311,-.0455179382321257,-.0225611343016946,.0090966367721558,-.0225611343016946,0,0,-.0350299835205078,2011,.7391997528076172,2010,.7231240844726563,1,1,.0583715747201505,0,.0421436383307143,0,.0531683318513935,0,.0004836530026336,0,.0583715747201505,0,.000530985013048,0
Sweden,SWE,2010,.3165528678894043,.7391997528076172,.0575099992752075,.0190199995040894,.3860300064086914,.009585907459259,1.025,.3860300064086914,SWE,.0497849582004718,.0192184877331846,-.0455797260287722,-.0263612382955877,.0072780787944794,-.0263612382955877,0,0,-.0061100006103516,2012,.7463265228271484,2011,.7219890594482422,1,1,.0621716787140436,0,.0459572895370556,0,.0569684358452866,0,.0004146207648802,0,.0621716787140436,0,.0004524903764659,0
Sweden,SWE,2011,.316409683227539,.7463265228271484,.0316400003433228,.0136199998855591,.3768099975585937,.0096708977222443,1.000999984741211,.3768099975585937,SWE,.0476612880893645,.0179592498485929,-.0456156353722286,-.0276563855236357,.0096935844421387,-.0276563855236357,0,0,.0310800170898438,2013,.7447148132324218,2012,.7391997528076172,1,1,.0634668259420916,0,.0473669755202371,0,.0582635830733346,0,.0005647829624229,0,.0634668259420916,0,.0006152210365442,0
Sweden,SWE,2012,.3147002792358398,.7447148132324218,-.0041400000452995,.0093500000238419,.3799200057983398,.0101040077209473,.9940000152587891,.3799200057983398,SWE,.0485165431130623,.01843240534083,-.0460443375407706,-.0276119321999406,.005300281047821,-.0276119321999406,0,0,.07697998046875,2014,.7454795074462891,2013,.7463265228271484,1,1,.0634223726183965,0,.0472315803792662,0,.0582191297496395,0,.0003085777500326,0,.0634223726183965,0,.0003361563995971,0
Sweden,SWE,2013,.316558895111084,.7454795074462891,.0113800001144409,.0044600000977516,.4078900146484375,.0124987876415253,.990999984741211,.4078900146484375,SWE,.0548463884855499,.0223712942027848,-.0455782144592329,-.023206920256448,.0047252327203751,-.023206920256448,0,0,.0366899871826172,2015,.7527564239501953,2014,.7447148132324218,1,1,.0590173606749039,0,.0439962329667074,0,.0538141178061469,0,.0002542842302757,0,.0590173606749039,0,.0002788707637312,0
Sweden,SWE,2014,.3170206260681152,.7527564239501953,.022960000038147,.0020600000023842,.4568999862670898,.0116978371143341,.9930000305175781,.4568999862670898,SWE,.0661586520830323,.0302278872281866,-.0454624167522406,-.0152345295240539,.002803413271904,-.0152345295240539,0,0,-.0280199813842773,2016,.7553082275390625,2015,.7454795074462891,1,1,.0510449699425098,0,.0384244290345689,0,.0458417270737528,0,.0001285133060856,0,.0510449699425098,0,.0001431001462008,0
Sweden,SWE,2015,.3165660858154297,.7553082275390625,.0438800001144409,.007049999833107,.4445800018310547,.0104037392139435,1,.4445800018310547,SWE,.0633417588651335,.0281604792722433,-.045576411099371,-.0174159318271277,.0026891577243805,-.0174159318271277,0,0,-.0281999969482422,2017,.7404000854492188,2016,.7527564239501953,1,1,.0532263722455836,0,.0402023168791461,0,.0480231293768266,0,.0001291417693126,0,.0532263722455836,0,.000143134110065,0
Sweden,SWE,2016,.3172397041320801,.7404000854492188,.0213100004196167,.0113699996471405,.4288800048828125,.0104081058502197,.995999984741211,.4288800048828125,SWE,.0596530265581057,.0255839903215149,-.0454074740695524,-.0198234837480375,.0012108700722456,-.0198234837480375,0,0,-.029540023803711,2018,.736031494140625,2017,.7553082275390625,1,1,.0556339241664934,0,.0411913622067471,0,.0504306812977364,0,.0000610650027064,0,.0556339241664934,0,.0000673654537748,0
Sweden,SWE,2017,.3155719757080078,.736031494140625,.0188300001621246,.0186600005626678,.4163800048828125,.0107027578353882,.9790000152587891,.4163800048828125,SWE,.0568903320491551,.023687996736412,-.0458257244044123,-.0221377276680003,.0006925618648529,-.0221377276680003,0,0,-.0585100173950195,2019,.7273410797119141,2018,.7404000854492188,1,1,.0579481680864562,0,.0426516767393864,0,.0527449252176991,0,.0000365291237703,0,.0579481680864562,0,.0000401326913548,0
Sweden,SWE,2018,.3165762901306152,.7273410797119141,.0176999998092651,.0203600001335144,.3993399810791016,.0102417433261871,.975999984741211,.3993399810791016,SWE,.0528651666886445,.0211111746651868,-.0455738519547394,-.0244626772895526,.0007930056750774,-.0244626772895526,0,0,.0050200271606445,2020,.7238177490234375,2019,.736031494140625,1,1,.0602731177080085,0,.0438391145113462,0,.0550698748392515,0,.0000436707232733,0,.0602731177080085,0,.0000477969243971,0
Sweden,SWE,2019,.3173178291320801,.7238177490234375,.0260800004005432,.0172200000286102,.357869987487793,.0091480821371078,1,.357869987487793,SWE,.0432037622211921,.0154613298455236,-.0453878810669153,-.0299265512213917,-.0001625157520175,-.0299265512213917,0,0,.0153499984741211,2021,.718274154663086,2020,.7273410797119141,1,1,.0657369916398476,0,.047581601316327,0,.0605337487710906,0,-9.83768770397e-06,0,.0657369916398476,0,-.0000106832966317,0
Sweden,SWE,2020,.3186023139953613,.718274154663086,-.0193400001525879,.0066100001335144,.4043600082397461,.0097907364368439,1,.4043600082397461,SWE,.0538674800858156,.0217818546913547,-.0450657445509003,-.0232838898595456,-.0007984113693237,-.0232838898595456,0,0,-.0622200012207031,2022,.7218173980712891,2021,.7238177490234375,1,1,.0590943302780015,0,.0424459301258127,0,.0538910874092445,0,-.0000430272568928,0,.0590943302780015,0,-.0000471815851565,0
Sweden,SWE,2021,.3158256912231445,.7218173980712891,.0522599983215332,.0265799999237061,.3732199859619141,.0099102306365967,1.005999984741211,.3732199859619141,SWE,.0468761397255846,.0174951122103314,-.0457620949803206,-.0282669827699892,-.0001016921550035,-.0282669827699892,0,0,-.0527000045776367,2023,.7171813201904297,2022,.718274154663086,1,1,.0640774231884451,0,.0462521988809963,0,.0588741803196881,0,-5.98704227078e-06,0,.0640774231884451,0,-6.51617125111e-06,0
Sweden,SWE,2022,.316822566986084,.7171813201904297,.0125499999523163,.0805700016021729,.342140007019043,.010139969587326,.9740000152587891,.342140007019043,SWE,.0396004682482374,.0135489044844093,-.0455120880753324,-.0319631835909231,.003852626979351,-.0319631835909231,0,0,,,.7135448455810547,2023,.7218173980712891,0,1,,,,,.062570381140622,0,.0002410603384906,0,.067773624009379,0,.0002611064923469,0
Sweden,SWE,2023,.3170483589172363,.7135448455810547,-.002039999961853,.059060001373291,.3205199813842773,.0096192282438278,.9690000152587891,.3205199813842773,SWE,.0345762867698955,.0110823907918244,-.0454554616189802,-.0343730708271558,.0041841870546341,-.0343730708271558,0,0,,,,,.7171813201904297,0,0,,,,,,,,,,,,
Thailand,THA,1995,.4440206146240234,.3907660675048828,.0811999988555908,.057960000038147,,.0072873824834824,1.153268966674805,,THA,,,-.0136120345353315,,,,,,,,.392032699584961,1996,,0,0,,,,,,,,,,,,
Thailand,THA,1996,.4453992462158203,.392032699584961,.0565199995040894,.0582499980926514,.1519299983978271,.0072160750627518,1.137505111694336,.1519299983978271,THA,-.014606520500666,-.002219168636264,-.0132662869204354,-.0154854555566994,,-.0154854555566994,0,0,.3468800067901612,1998,.3981690216064453,1997,.3907660675048828,1,0,.0512958959751553,0,.0201096685767695,0,,,,,,,,
Thailand,THA,1997,.4453218460083008,.3981690216064453,-.0275399994850159,.0562799978256226,.4045500183105469,.0051647329330444,1.144264907836914,.4045500183105469,THA,.0438963247615663,.0177582589860573,-.013285698152052,.0044725608340054,,.0044725608340054,0,0,.1612999725341797,1999,.406239013671875,1998,.392032699584961,1,0,.0313378795844505,0,.0124777728533613,0,,,,,,,,
Thailand,THA,1998,.4449367523193359,.406239013671875,-.0763399982452393,.0796000003814697,.4988100051879883,.0061403465270996,1.075356369018555,.4988100051879883,THA,.0657536163333001,.0327985617043424,-.0133822759653441,.0194162857389984,,.0194162857389984,0,0,.0794499969482422,2000,.410887451171875,1999,.3981690216064453,1,0,.0163941546794575,0,.006659945226967,0,,,,,,,,
Thailand,THA,1999,.4451564025878906,.410887451171875,.0457200002670288,.0023899999260902,.5658499908447265,.006914324760437,1.067453994750976,.5658499908447265,THA,.0812600451753107,.0459809958184916,-.0133271897792187,.032653806039273,,.032653806039273,0,0,.0094700241088868,2001,.4111701965332031,2000,.406239013671875,1,0,.0031566343791829,0,.001297021454344,0,,,,,,,,
Thailand,THA,2000,.4453799438476562,.4111701965332031,.0445499992370605,.0169700002670288,.5782600021362305,.0062168097496033,.9941973876953125,.5782600021362305,THA,.0841160418038916,.0486409425132096,-.0132711277697198,.0353698147434899,.0684174537658691,.0353698147434899,0,0,-.0292499923706055,2002,.4091533279418945,2001,.410887451171875,1,1,.000440625674966,0,.0001811721453734,0,0,.004762617193791,0,.0003258461416607,.000440625674966,0,.000030146486745,0
Thailand,THA,2001,.4413857650756836,.4091533279418945,.0344400000572205,.0161199998855591,.5753200149536133,.0060788118839264,.9148157501220703,.5753200149536133,THA,.0837509339572824,.0481835885766828,-.0142728295964407,.0339107589802421,.0655436611175537,.0339107589802421,0,0,-.1003200149536133,2003,.4073674011230469,2002,.4111701965332031,1,1,.0018996814382138,0,.0007772609824746,0,0,.0033035614305432,0,.0002165275108845,.0018996814382138,0,.0001245120764176,0
Thailand,THA,2002,.4387086868286133,.4073674011230469,.0614900016784668,.00658999979496,.549010009765625,.0067428350448608,.9152760314941406,.549010009765625,THA,.077870165642505,.0427515003998425,-.0149442152112215,.027807285188621,.0705107975006103,.027807285188621,0,0,-.0863400268554687,2004,.4028432846069336,2003,.4091533279418945,1,1,.0080031552298349,0,.0032602245467622,0,.0027999123610779,0,.0001974240535114,0,.0080031552298349,0,.0005643088577768,0
Thailand,THA,2003,.4370697784423828,.4028432846069336,.0718900012969971,.01817999958992,.475,.0068174773454666,.9362677764892579,.475,THA,.0608619266940871,.0289094151796914,-.0153552377562901,.0135541774234012,.0540860652923584,.0135541774234012,0,0,-.0203799819946289,2005,.3913139343261719,2004,.4073674011230469,1,1,.0222562629950547,0,.0089657860880036,0,.0170530201262977,0,.0009223307599828,0,.0222562629950547,0,.0012037536935144,0
Thailand,THA,2004,.4353895950317383,.3913139343261719,.0628900003433228,.0280900001525879,.4626699829101563,.007583167552948,.9530323791503906,.4626699829101563,THA,.058139577819835,.0268994374763068,-.0157766116826349,.0111228257936719,.0616039514541626,.0111228257936719,0,0,-.0709000015258789,2006,.3985113143920899,2005,.4028432846069336,1,1,.024687614624784,0,.0096606076079526,0,.019484371756027,0,.0012003142917731,0,.024687614624784,0,.0015208546128643,0
Thailand,THA,2005,.4342502212524414,.3985113143920899,.0418800020217895,.0446700000762939,.4546200180053711,.0076038694381714,.9619999694824218,.4546200180053711,THA,.0563655760834481,.0256249192139403,-.0160623557269546,.0095625634869857,.0559922790527344,.0095625634869857,0,0,-.0947700119018555,2007,.3892528915405273,2006,.3913139343261719,1,1,.0262478769314702,0,.010460075935962,0,.0210446340627132,0,.0011783370230021,0,.0262478769314702,0,.0014696784496887,0
Thailand,THA,2006,.4324590682983399,.3892528915405273,.0496799993515015,.0471400022506714,.3917699813842773,.0093211197853088,.9509999847412109,.3917699813842773,THA,.0419535746159448,.0164361511462926,-.0165115597532366,-.000075408606944,.0662913703918457,-.000075408606944,0,0,-.0423099899291992,2008,.389540901184082,2007,.3985113143920899,1,1,.0358858490253999,0,.0139686704985237,0,.0306826061566429,0,.0020339920093171,0,.0358858490253999,0,.0023789221095686,0
Thailand,THA,2007,.4330138397216797,.389540901184082,.0543499994277954,.0216300010681152,.3598500061035156,.011540607213974,.9540000152587891,.3598500061035156,THA,.0345183347496335,.0124214229703388,-.0163724283873419,-.0039510054170031,.0521786451339722,-.0039510054170031,0,0,.0637899780273437,2009,.3942560195922852,2008,.3892528915405273,1,1,.039761445835459,0,.0154887094431268,0,.034558202966702,0,.0018032002090673,0,.039761445835459,0,.0020746983722621,0
Thailand,THA,2008,.4335249710083008,.3942560195922852,.0172599995136261,.0548600006103516,.3494599914550781,.0143974506855011,.9359999847412109,.3494599914550781,THA,.0320720247081472,.0112078894804562,-.0162442415502641,-.0050363520698079,.0554751062393188,-.0050363520698079,0,0,.0488500213623047,2010,.4077548217773437,2009,.389540901184082,1,1,.0408467924882638,0,.016104093819535,0,.0356435496195068,0,.0019773297018886,0,.0408467924882638,0,.0022659801528218,0
Thailand,THA,2009,.433233642578125,.4077548217773437,-.0069099998474121,-.0086900001764297,.4236399841308593,.0180772507190704,.9819999694824219,.4236399841308593,THA,.0492721792996054,.0208736652565777,-.0163173039336333,.0045563613229444,.0529526329040527,.0045563613229444,0,0,-.0324799728393554,2011,.4154971694946289,2010,.3942560195922852,1,1,.0312540790955115,0,.0127440014514053,0,.0260508362267545,0,.0013794603675589,0,.0312540790955115,0,.0016549857770988,0
Thailand,THA,2010,.4326437759399414,.4154971694946289,.0751300001144409,.0329999995231628,.3983100128173828,.0208964610099792,.985,.3983100128173828,THA,.0434533870442905,.0173079191505701,-.0164652368436814,.0008426823068887,.0526290655136108,.0008426823068887,0,0,.0209799957275391,2012,.4174465560913086,2011,.4077548217773437,1,1,.0349677581115672,0,.014529004518929,0,.0297645152428102,0,.0015664786226947,0,.0349677581115672,0,.0018403204325178,0
Thailand,THA,2011,.4331577682495117,.4174465560913086,.0083999997377396,.0381100010871887,.3911600112915039,.0210672497749329,.9369999694824219,.3911600112915039,THA,.0417571087876271,.0163337111448688,-.0163363324894171,-2.62134454836e-06,.0561580514907837,-2.62134454836e-06,0,0,.0307500076293945,2013,.4244981002807617,2012,.4154971694946289,1,1,.0358130617630043,0,.0149500392960515,0,.0306098188942473,0,.0017189877855867,0,.0358130617630043,0,.0020111917665294,0
Thailand,THA,2012,.4348219680786133,.4244981002807617,.0724300003051758,.030090000629425,.4192900085449219,.0203846859931946,.9240000152587891,.4192900085449219,THA,.0481393665794797,.0201843554244572,-.0159189670924205,.0042653883320366,.0565190982818604,.0042653883320366,0,0,.0140499877929687,2014,.4350851440429688,2013,.4174465560913086,1,1,.0315450520864193,0,.0133908146839427,0,.0263418092176623,0,.0014888153040951,0,.0315450520864193,0,.0017828978991787,0
Thailand,THA,2013,.436810417175293,.4350851440429688,.0268700003623962,.0218600010871887,.4219100189208984,.0182923460006714,.9390000152587891,.4219100189208984,THA,.0485889014310466,.0205001443221185,-.015420283080963,.0050798612411555,.050371036529541,.0050798612411555,0,0,.0036799621582032,2015,.4511713027954102,2014,.4244981002807617,1,1,.0307305791773004,0,.0133704184678796,0,.0255273363085434,0,.0012858383896995,0,.0307305791773004,0,.0015479311263138,0
Thailand,THA,2014,.4346228790283203,.4511713027954102,.0098400002717972,.0189499998092651,.4333399963378906,.0170235311985016,.9380000305175781,.4333399963378906,THA,.0514085185743207,.0222773672507325,-.0159688967216995,.006308470529033,.0523107004165649,.006308470529033,0,0,-.015890007019043,2016,.4489005661010742,2015,.4350851440429688,1,1,.0295019698894229,0,.0133104421900419,0,.0242987270206659,0,.0012710834296819,0,.0295019698894229,0,.0015432687085841,0
Thailand,THA,2015,.4357462692260742,.4489005661010742,.031340000629425,-.0089800000190735,.4255899810791016,.0164324080944061,1,.4255899810791016,THA,.0495251378865279,.0210774024960673,-.0156871612067279,.0053902412893394,.0451813936233521,.0053902412893394,0,0,-.0078199768066406,2017,.4412323760986328,2016,.4511713027954102,1,1,.0304201991291165,0,.0136556446099678,0,.0252169562603595,0,.0011393372267822,0,.0304201991291165,0,.0013744269909534,0
Thailand,THA,2016,.4351737976074219,.4412323760986328,.0343499994277954,.0018600000441074,.4174499893188476,.0174414420127869,1.025,.4174499893188476,THA,.0476854849616345,.0199063051878984,-.0158307316122825,.0040755735756158,.0391382241249084,.0040755735756158,0,0,.0019600296020508,2018,.4447659301757813,2017,.4489005661010742,1,1,.0317348668428401,0,.01400245070224,0,.0265316239740831,0,.0010384006454955,0,.0317348668428401,0,.0012420463310692,0
Thailand,THA,2017,.4363251876831055,.4447659301757813,.0417799997329712,.0066399997472763,.4177700042724609,.0197406876087189,1.006999969482422,.4177700042724609,THA,.0476685886833749,.0199145064979157,-.0155419739957798,.0043725325021359,.0488602447509766,.0043725325021359,0,0,-.0071400070190429,2019,.4556360626220703,2018,.4412323760986328,1,1,.03143790791632,0,.0139825103571826,0,.026234665047563,0,.0012818321551838,0,.03143790791632,0,.0015360638752501,0
Thailand,THA,2018,.4380952453613281,.4556360626220703,.0422300004959106,.0106700003147125,.4194100189208985,.0192309629917145,.985,.4194100189208985,THA,.0479084559356654,.0200932864104485,-.0150980604628857,.0049952259475628,.047795147895813,.0049952259475628,0,0,.0749299621582031,2020,.4660649108886719,2019,.4447659301757813,1,1,.0308152144708931,0,.0140405229903724,0,.0256119716021361,0,.0012241279706275,0,.0308152144708931,0,.0014728177330775,0
Thailand,THA,2019,.4373676300048828,.4660649108886719,.0211500000953674,.007059999704361,.410629997253418,.020546658039093,.985999984741211,.410629997253418,THA,.0459328592270795,.0188614098582573,-.0152805394337359,.0035808704245213,.0484270715713501,.0035808704245213,0,0,.1730400085449219,2021,.477107925415039,2020,.4556360626220703,1,1,.0322295699939346,0,.0150210716672033,0,.0270263271251776,0,.0013088058780017,0,.0322295699939346,0,.0015607836928101,0
Thailand,THA,2020,.4350719833374023,.477107925415039,-.0609299993515015,-.0084600001573563,.4943399810791015,.0251711010932922,1.015,.4943399810791015,THA,.0654981892634412,.0323783736412049,-.0158562656572233,.0165221079839817,.0474184370040894,.0165221079839817,0,0,.1111400222778321,2022,.4798174667358399,2021,.4660649108886719,1,1,.0192883324344742,0,.0092026162725276,0,.0140850895657172,0,.0006678929322689,0,.0192883324344742,0,.000914622576458,0
Thailand,THA,2021,.4343109130859375,.4798174667358399,.0155299997329712,.0123099994659424,.5836700057983398,.0236262631416321,.9680000305175781,.5836700057983398,THA,.0862436130306606,.0503378101176754,-.0160471347957067,.0342906753219687,.0629457807540894,.0342906753219687,0,0,.0386899948120117,2023,.4842511749267578,2022,.477107925415039,1,1,.0015197650964872,0,.00072920983863,0,0,.0036834777722698,0,.0002318593842659,.0015197650964872,0,.0000956628005612,0
Thailand,THA,2022,.4344584274291992,.4842511749267578,.0268499994277954,.0607600021362305,.6054800033569336,.0202473592758179,.895,.6054800033569336,THA,.091282280539185,.0552695955272943,-.0160101396095749,.0392594559177193,.0658452653884888,.0392594559177193,0,0,,,.4888680267333985,2023,.4798174667358399,0,1,,,,,0,.0086522583680204,0,.0005697102484521,0,.0034490154992634,0,.000227101340878
Thailand,THA,2023,.4348605346679688,.4888680267333985,.0224000000953674,.0122899997234344,.6223600006103516,.0205327534675598,.9,.6223600006103516,THA,.0951592349704423,.059223301534285,-.0159092949607476,.0433140065735374,.0558143997192383,.0433140065735374,0,0,,,,,.4842511749267578,0,0,,,,,,,,,,,,
Turkey,TUR,1995,.4152306747436523,.3364922332763672,.0719000005722046,.8956400299072266,,.0232599687576294,1.082157821655273,,TUR,,,-.0208322760457311,,,,,,,,.3377627182006836,1996,,0,0,,,,,,,,,,,,
Turkey,TUR,1996,.4142000579833984,.3377627182006836,.0700699996948242,.8023400115966797,,.027884304523468,1.094631652832031,,TUR,,,-.0210907448700711,,,,,,,,.3398028945922851,1997,.3364922332763672,0,0,,,,,,,,,,,,
Turkey,TUR,1997,.4118671417236328,.3398028945922851,.0752799987792969,.8565599822998047,,.0287359809875488,1.140400238037109,,TUR,,,-.0216758179507736,,,,,,,,.3406545639038086,1998,.3377627182006836,0,0,,,,,,,,,,,,
Turkey,TUR,1998,.4100723266601563,.3406545639038086,.0309200000762939,.8472100067138671,,.0290337228775024,1.134899444580078,,TUR,,,-.0221259403990542,,,,,,,,.3458487319946289,1999,.3398028945922851,0,0,,,,,,,,,,,,
Turkey,TUR,1999,.4080127334594726,.3458487319946289,-.0305299997329712,.6486900329589844,,.0355757808685303,1.119383239746094,,TUR,,,-.022642466671214,,,,,,,,.3510353469848633,2000,.3406545639038086,0,0,,,,,,,,,,,,
Turkey,TUR,2000,.4072862243652344,.3510353469848633,.069850001335144,.5503499984741211,.5123400115966796,.0320033979415894,1.023436126708984,.5123400115966796,TUR,.0718622991521767,.0368179311809903,-.0228246682020855,.0139932629789048,.3889353942871094,.0139932629789048,0,0,.199550018310547,2002,.347929458618164,2001,.3458487319946289,1,1,.0218171774395511,0,.0076586004527231,0,.0166139345707941,0,.006461747192952,0,.0218171774395511,0,.0084854725096836,0
Turkey,TUR,2001,.4047909164428711,.347929458618164,-.0545900011062622,.5424599838256836,.7557099914550781,.0286643290519714,1.00001838684082,.7557099914550781,TUR,.1284143007816164,.0970439701463852,-.0234504675582891,.0735935025880961,.5022602081298828,.0735935025880961,0,0,-.1195899963378906,2003,.3458984756469727,2002,.3510353469848633,1,1,0,.0377830621696402,0,.0131458403656194,0,.0429863050383972,0,.02159031051532,0,.0377830621696402,0,.0189769286691078
Turkey,TUR,2002,.4031177520751953,.3458984756469727,.0643599987030029,.4513399887084961,.7118900299072266,.0383422422409058,.994209976196289,.7118900299072266,TUR,.1183995811128226,.0842874813394104,-.0238700811758031,.0604174001636073,.4583065795898438,.0604174001636073,0,0,-.1414400482177735,2004,.3570013046264648,2003,.347929458618164,1,1,0,.0246069597451514,0,.0085115098661543,0,.0298102026139084,0,.0136622119968606,0,.0246069597451514,0,.0112775315549053
Turkey,TUR,2003,.4010135269165039,.3570013046264648,.0579899978637695,.2533699989318848,.6361199951171875,.0454458427429199,1.005860137939453,.6361199951171875,TUR,.101020566372838,.0642612021878252,-.0243978007160711,.0398634014717542,.3797192764282227,.0398634014717542,0,0,-.1345800018310547,2005,.3588621902465821,2004,.3458984756469727,1,1,0,.0040529610532983,0,.0014469123836277,0,.0092562039220553,0,.0035147590557549,0,.0040529610532983,0,.0015389874385502
Turkey,TUR,2004,.3981032943725586,.3588621902465821,.0992500019073486,.0859899997711182,.5704499816894532,.0433841991424561,1.011585998535156,.5704499816894532,TUR,.0860440160310524,.0490838073694009,-.0251276591980971,.0239561481713037,.2869290161132813,.0239561481713037,0,0,-.1284299850463868,2006,.3820089340209961,2005,.3570013046264648,1,1,.0118542922471522,0,.0042540572796361,0,.0066510493783952,0,.0019083790542638,0,.0118542922471522,0,.0034013404111947,0
Turkey,TUR,2005,.3950494003295899,.3820089340209961,.0911200046539307,.0810900020599365,.5015399932861329,.0559516429901123,1.001999969482422,.5015399932861329,TUR,.0703285707654667,.0352725909095355,-.0258935466097773,.0093790442997582,.1620358467102051,.0093790442997582,0,0,-.1302299880981446,2007,.383846206665039,2006,.3588621902465821,1,1,.0264313961186977,0,.0100970294559904,0,.0212281532499407,0,.0034397217859481,0,.0264313961186977,0,.004282833649826,0
Turkey,TUR,2006,.393131332397461,.383846206665039,.0706799983978272,.0957100009918213,.4420199966430664,.0629807996749878,.955,.4420199966430664,TUR,.0566977044334539,.0250615191233449,-.0263745796984489,-.001313060575104,.1440279579162598,-.001313060575104,0,0,-.0717800140380859,2008,.3934523391723633,2007,.3820089340209961,1,1,.0371235009935599,0,.0142497150345038,0,.0319202581248029,0,.0045974095938753,0,.0371235009935599,0,.0053468220388047,0
Turkey,TUR,2007,.3899667358398438,.3934523391723633,.0510799980163574,.0877600002288818,.3713100051879883,.0724517250061035,.980999984741211,.3713100051879883,TUR,.0405741994680598,.0150656062149837,-.0271682302417956,-.0121026240268118,.1447124862670899,-.0121026240268118,0,0,.0524499893188476,2009,.4042265701293946,2008,.383846206665039,1,1,.0479130644452677,0,.0188515072829068,0,.0427098215765107,0,.0061806444683607,0,.0479130644452677,0,.00693361868055,0
Turkey,TUR,2008,.3879465103149414,.4042265701293946,.009200000166893,.1041699981689453,.3702399826049805,.0691432428359985,.9440000152587891,.3702399826049805,TUR,.0404860914308311,.0149895697870946,-.0276748834774702,-.0126853136903757,.1301795864105225,-.0126853136903757,0,0,.0159600067138672,2010,.4060968399047852,2009,.3934523391723633,1,1,.0484957541088316,0,.0196032723492515,0,.0432925112400746,0,.0056358012079058,0,.0484957541088316,0,.0063131572125541,0
Turkey,TUR,2009,.3865817260742188,.4060968399047852,-.0488299989700317,.0624399995803833,.4237599945068359,.0739342498779297,.9840000152587891,.4237599945068359,TUR,.0529870574420788,.0224537951705887,-.0280171583091841,-.0055633631385954,.1342383098602295,-.0055633631385954,0,0,-.0760300064086914,2011,.4141064071655273,2010,.4042265701293946,1,1,.0413738035570513,0,.0168017708793599,0,.0361705606882943,0,.0048554749334935,0,.0413738035570513,0,.0055539494619877,0
Turkey,TUR,2010,.3834772872924805,.4141064071655273,.0854199981689453,.0857299995422363,.3861999893188476,.0781388568878174,.9390000152587891,.3861999893188476,TUR,.0445350135363553,.0171994217520552,-.0287957218578243,-.0115963001057692,.1065744113922119,-.0115963001057692,0,0,-.0780399894714355,2012,.4174502182006836,2011,.4060968399047852,1,1,.0474067405242251,0,.0196314349939152,0,.0422034976554681,0,.0044978129213241,0,.0474067405242251,0,.0050523454673926,0
Turkey,TUR,2011,.3811531448364258,.4174502182006836,.1097999954223633,.0646799993515015,.3477299880981445,.07202805519104,.9109999847412109,.3477299880981445,TUR,.035810580863135,.0124524128573256,-.0293785945524884,-.0169261816951628,.0766201543807983,-.0169261816951628,0,0,-.052249984741211,2013,.4240926742553711,2012,.4141064071655273,1,1,.0527366221136187,0,.0220149144084971,0,.0475333792448617,0,.0036420148559823,0,.0527366221136187,0,.0040406881278673,0
Turkey,TUR,2012,.3796377944946289,.4240926742553711,.0480800008773804,.0889700031280518,.3081599998474121,.0931429862976074,.91,.3081599998474121,TUR,.0267675129431163,.0082486767844663,-.0297586299219995,-.0215099531375332,.0766792011260986,-.0215099531375332,0,0,-.0344899940490723,2014,.4384267044067383,2013,.4174502182006836,1,1,.0573203935559891,0,.0243091589925298,0,.0521171506872321,0,.0039963014796655,0,.0573203935559891,0,.0043952819861068,0
Turkey,TUR,2013,.3802392578125,.4384267044067383,.0848799991607666,.0747700023651123,.2954800033569336,.094406681060791,.9259999847412109,.2954800033569336,TUR,.0237837950745173,.007027635848459,-.0296077886756225,-.0225801528271635,.0699378538131714,-.0225801528271635,0,0,-.030930004119873,2015,.4557336044311524,2014,.4240926742553711,1,1,.0583905932456194,0,.0255999953650313,0,.0531873503768624,0,.0037198091353669,0,.0583905932456194,0,.0040837127744765,0
Turkey,TUR,2014,.3806315231323242,.4557336044311524,.0460099983215332,.0887800025939941,.2736700057983398,.0877530574798584,.9390000152587891,.2736700057983398,TUR,.0187024666090666,.0051183041453465,-.0295094122859164,-.0243911081405699,.0618618822097778,-.0243911081405699,0,0,-.0034900093078613,2016,.4544841384887695,2015,.4384267044067383,1,1,.0602015485590258,0,.0274358687171419,0,.0549983056902688,0,.0034022987083488,0,.0602015485590258,0,.0037241811058047,0
Turkey,TUR,2015,.3807826614379883,.4544841384887695,.0580600023269653,.0766099977493286,.2645499992370606,.0719169187545776,1,.2645499992370606,TUR,.0165786915148567,.0043858928276068,-.0294715082446818,-.025085615417075,.0576290321350098,-.025085615417075,0,0,.0047200012207031,2017,.4352152633666992,2016,.4557336044311524,1,1,.0608960558355309,0,.0276762914737753,0,.0556928129667739,0,.0032095229081513,0,.0608960558355309,0,.0035093807586412,0
Turkey,TUR,2016,.3793810272216797,.4352152633666992,.0332399988174438,.0777799987792969,.2701799964904785,.0660259580612183,1.04,.2701799964904785,TUR,.0179931512729673,.004861389547783,-.0298230246977567,-.0249616351499738,.0433603477478027,-.0249616351499738,0,0,.018080005645752,2018,.4507453155517578,2017,.4544841384887695,1,1,.0607720755684297,0,.0264489348738551,0,.0555688326996727,0,.0024094839097973,0,.0607720755684297,0,.0026350983300029,0
Turkey,TUR,2017,.3799147415161133,.4507453155517578,.0782600021362305,.1116499996185303,.2692700004577637,.0628968906402588,.985999984741211,.2692700004577637,TUR,.0177402508747688,.0047769173611698,-.0296891742583541,-.0249122568971843,.043162407875061,-.0249122568971843,0,0,.0426799964904785,2019,.4529528427124023,2018,.4352152633666992,1,1,.0607226973156402,0,.0273704713626921,0,.0555194544468832,0,.0023963533378372,0,.0607226973156402,0,.0026209378288115,0
Turkey,TUR,2018,.3792866897583008,.4529528427124023,.0346799993515015,.1631399917602539,.2882600021362305,.0525109910964966,.95,.2882600021362305,TUR,.0221872158402582,.0063956868855098,-.0298466836311169,-.0234509967456071,.0458930158615112,-.0234509967456071,0,0,.0947100067138671,2020,.4685233306884766,2019,.4507453155517578,1,1,.059261437164063,0,.0268426364266847,0,.054058194295306,0,.0024808935682391,0,.059261437164063,0,.0027196860757463,0
Turkey,TUR,2019,.3784927368164063,.4685233306884766,.0130200004577637,.1518000030517578,.3119499969482422,.0588719701766968,.9469999694824218,.3119499969482422,TUR,.0277356237268569,.0086521277369506,-.0300457994337963,-.0213936716968457,.0592138004302978,-.0213936716968457,0,0,.0771500015258789,2021,.4784150695800781,2020,.4529528427124023,1,1,.0572041121153016,0,.0268014611373381,0,.0520008692465446,0,.0030791690937669,0,.0572041121153016,0,.0033872728785879,0
Turkey,TUR,2020,.3771310424804687,.4784150695800781,.0180299997329712,.1227200031280518,.3829700088500976,.0512397718429565,.995999984741211,.3829700088500976,TUR,.0442886480383405,.0169612239312021,-.0303872993469488,-.0134260754157467,.0604556274414062,-.0134260754157467,0,0,-.0886400032043457,2022,.4819499588012695,2021,.4685233306884766,1,1,.0492365158342026,0,.0235554911487007,0,.0440332729654456,0,.0026620591454247,0,.0492365158342026,0,.0029766244577855,0
Turkey,TUR,2021,.3756297302246094,.4819499588012695,.1181099987030029,.1960799980163574,.3890999984741211,.0544457054138184,.8859999847412109,.3890999984741211,TUR,.0458267640576552,.0178311938249075,-.0307638140987986,-.012932620273891,.0642960834503174,-.012932620273891,0,0,-.1066900062561035,2023,.4809844970703125,2022,.4784150695800781,1,1,.0487430606923469,0,.0234917160925244,0,.0435398178235899,0,.0027994397601972,0,.0487430606923469,0,.003133987897899,0
Turkey,TUR,2022,.3748694992065429,.4809844970703125,.0544099998474121,.7230000305175781,.294330005645752,.0597866487503052,.76,.294330005645752,TUR,.0239418950511461,.0070468181055738,-.030954472765574,-.0239076546600002,.044477334022522,-.0239076546600002,0,0,,,.4806129074096679,2023,.4819499588012695,0,1,,,,,.0545148522096991,0,.0024246752909192,0,.0597180950784561,0,.0026561016619932,0
Turkey,TUR,2023,.3746493530273438,.4806129074096679,.0504500007629395,.5385800170898437,.2824099922180176,.0622795438766479,.8669999694824219,.2824099922180176,TUR,.0211990940712519,.0059868359916913,-.031009683321345,-.0250228473296538,.0614886713027954,-.0250228473296538,0,0,,,,,.4809844970703125,0,0,,,,,,,,,,,,
Taiwan Province of China,TWN,1995,,,.0649900007247925,.0366599988937378,,,,,TWN,,,,,,,,,,,,,,0,0,,,,,,,,,,,,
Taiwan Province of China,TWN,1996,,,.0617700004577637,.0307699990272522,,,,,TWN,,,,,,,,,,,,,,0,0,,,,,,,,,,,,
Taiwan Province of China,TWN,1997,,,.0605100011825562,.0090499997138977,.2498200035095215,,,.2498200035095215,TWN,,,,,,,,0,-.0129199981689453,1999,,,,0,0,,,,,,,,,,,,
Taiwan Province of China,TWN,1998,,,.0420499992370605,.0168400001525879,.236870002746582,,,.236870002746582,TWN,,,,,,,,0,.0253999900817871,2000,,,,0,0,,,,,,,,,,,,
Taiwan Province of China,TWN,1999,,,.0673199987411499,.0017499999701977,.2369000053405762,,,.2369000053405762,TWN,,,,,,,,0,.0643599891662598,2001,,,,0,0,,,,,,,,,,,,
Taiwan Province of China,TWN,2000,,,.0631400012969971,.0124800002574921,.2622699928283692,,,.2622699928283692,TWN,,,,,,,,0,.0355200004577637,2002,,,,0,0,,,,,,,,,,,,
Taiwan Province of China,TWN,2001,,,-.0140199995040894,-.0000300000002608,.3012599945068359,,,.3012599945068359,TWN,,,,,,,,0,.0202400207519531,2003,,,,0,0,,,,,,,,,,,,
Taiwan Province of China,TWN,2002,,,.0548400020599365,-.00195999994874,.2977899932861328,,,.2977899932861328,TWN,,,,,,,,0,.0366699981689453,2004,,,,0,0,,,,,,,,,,,,
Taiwan Province of China,TWN,2003,,,.0422499990463257,-.0028099998831749,.3215000152587891,,,.3215000152587891,TWN,,,,,,,,0,.0191799926757812,2005,,,,0,0,,,,,,,,,,,,
Taiwan Province of China,TWN,2004,,,.069520001411438,.0160800004005432,.3344599914550781,,,.3344599914550781,TWN,,,,,,,,0,-.0014899826049805,2006,,,,0,0,,,,,,,,,,,,
Taiwan Province of China,TWN,2005,,,.0538299989700317,.0230900001525879,.3406800079345703,,,.3406800079345703,TWN,,,,,,,,0,-.0191099929809571,2007,,,,0,0,,,,,,,,,,,,
Taiwan Province of China,TWN,2006,,,.0576999998092651,.0060000002384186,.3329700088500976,,,.3329700088500976,TWN,,,,,,,,0,.0005599975585938,2008,,,,0,0,,,,,,,,,,,,
Taiwan Province of China,TWN,2007,,,.0684999990463257,.017960000038147,.3215700149536133,,,.3215700149536133,TWN,,,,,,,,0,.0455399703979492,2009,,,,0,0,,,,,,,,,,,,
Taiwan Province of China,TWN,2008,,,.0079900002479553,.0352999997138977,.3335300064086914,,,.3335300064086914,TWN,,,,,,,,0,.035369987487793,2010,,,,0,0,,,,,,,,,,,,
Taiwan Province of China,TWN,2009,,,-.016139999628067,-.00875,.3671099853515625,,,.3671099853515625,TWN,,,,,,,,0,.0163199996948242,2011,,,,0,0,,,,,,,,,,,,
Taiwan Province of China,TWN,2010,,,.1024499988555908,.00966000020504,.3688999938964844,,,.3688999938964844,TWN,,,,,,,,0,.0231500244140625,2012,,,,0,0,,,,,,,,,,,,
Taiwan Province of China,TWN,2011,,,.0367300009727478,.014210000038147,.3834299850463867,,,.3834299850463867,TWN,,,,,,,,0,.00552001953125,2013,,,,0,0,,,,,,,,,,,,
Taiwan Province of China,TWN,2012,,,.0222099995613098,.0193499994277954,.3920500183105469,,,.3920500183105469,TWN,,,,,,,,0,-.0171700286865235,2014,,,,0,0,,,,,,,,,,,,
Taiwan Province of China,TWN,2013,,,.0248300004005432,.0079199999570847,.3889500045776367,,,.3889500045776367,TWN,,,,,,,,0,-.0295399856567383,2015,,,,0,0,,,,,,,,,,,,
Taiwan Province of China,TWN,2014,,,.047189998626709,.0119400000572205,.3748799896240234,,,.3748799896240234,TWN,,,,,,,,0,-.021240005493164,2016,,,,0,0,,,,,,,,,,,,
Taiwan Province of China,TWN,2015,,,.014650000333786,-.0030599999427795,.3594100189208984,,,.3594100189208984,TWN,,,,,,,,0,-.0148300170898437,2017,,,,0,0,,,,,,,,,,,,
Taiwan Province of China,TWN,2016,,,.0216499996185303,.0139300000667572,.3536399841308594,,,.3536399841308594,TWN,,,,,,,,0,-.0153299713134766,2018,,,,0,0,,,,,,,,,,,,
Taiwan Province of China,TWN,2017,,,.0366199994087219,.0062199997901917,.3445800018310547,,,.3445800018310547,TWN,,,,,,,,0,-.0184600067138672,2019,,,,0,0,,,,,,,,,,,,
Taiwan Province of China,TWN,2018,,,.0290499997138977,.0135000002384186,.3383100128173828,,,.3383100128173828,TWN,,,,,,,,0,-.0187300109863281,2020,,,,0,0,,,,,,,,,,,,
Taiwan Province of China,TWN,2019,,,.030550000667572,.0055900001525879,.3261199951171875,,,.3261199951171875,TWN,,,,,,,,0,-.0252700042724609,2021,,,,0,0,,,,,,,,,,,,
Taiwan Province of China,TWN,2020,,,.0342000007629395,-.0023800000548363,.3195800018310547,,,.3195800018310547,TWN,,,,,,,,0,-.0247599983215332,2022,,,,0,0,,,,,,,,,,,,
Taiwan Province of China,TWN,2021,,,.0671999979019165,.0197099995613098,.3008499908447266,,,.3008499908447266,TWN,,,,,,,,0,-.0106499862670899,2023,,,,0,0,,,,,,,,,,,,
Taiwan Province of China,TWN,2022,,,.0268400001525879,.0294700002670288,.2948200035095215,,,.2948200035095215,TWN,,,,,,,,0,,,,,,0,0,,,,,,,,,,,,
Taiwan Province of China,TWN,2023,,,.0108500003814697,.0249200010299683,.2902000045776367,,,.2902000045776367,TWN,,,,,,,,0,,,,,,0,0,,,,,,,,,,,,
Uganda,UGA,1995,.5757974624633789,.305678596496582,.0917399978637695,.0678700017929077,,.0000161812768783,1.68628662109375,,UGA,,,.0194363382932635,,,,,,,,.3057988357543945,1996,,0,0,,,,,,,,,,,,
Uganda,UGA,1996,.5777424621582031,.3057988357543945,.0659499979019165,.0751599979400635,,.0000174801331013,1.348360443115234,,UGA,,,.0199241256103832,,,,,,,,.3041217803955078,1997,.305678596496582,0,0,,,,,,,,,,,,
Uganda,UGA,1997,.5807998657226563,.3041217803955078,.0461999988555908,.0772900009155273,.4419499969482422,.0000200317776762,1.334183502197266,.4419499969482422,UGA,.0418492965950018,.0184952965024471,.0206908931764787,.0391861896789259,.0641448640823364,.0391861896789259,0,0,.0352299880981445,1999,.3024633598327637,1998,.3057988357543945,1,1,0,.00337574926047,0,.0010266388752629,0,.008578992129227,0,.0005502982840927,0,.00337574926047,0,.0002165369774889
Uganda,UGA,1998,.5795250701904296,.3024633598327637,.0607399988174438,.0583400011062622,.4509299850463867,.0000216246955097,1.188791656494141,.4509299850463867,UGA,.0440294561420365,.0198542019997291,.0203711866520017,.0402253886517308,.0609240531921387,.0402253886517308,0,0,.0345199966430664,2000,.2939547920227051,1999,.3041217803955078,1,1,0,.0044149482332749,0,.001335360076124,0,.0096181911020319,0,.0005859791863123,0,.0044149482332749,0,.0002689765410046
Uganda,UGA,1999,.5778247451782227,.2939547920227051,.0795300006866455,.0575899982452393,.4771799850463867,.0000210735225119,1.031585159301758,.4771799850463867,UGA,.0502422934255596,.0239746168255047,.0199447614046646,.0439193782301693,.0609276437759399,.0439193782301693,0,0,.0363400268554688,2001,.288259220123291,2000,.3024633598327637,1,1,0,.0081089378117134,0,.0023836611279673,0,.0133121806804704,0,.0008110798023807,0,.0081089378117134,0,.0004940584743933
Uganda,UGA,2000,.5780010986328125,.288259220123291,.0394099998474121,.0338199996948242,.4854499816894531,.0000214680470526,.8552458190917969,.4854499816894531,UGA,.0521433571108232,.0253129917546758,.0199889891640355,.0453019809187113,.0554604578018188,.0453019809187113,0,0,.0616600036621094,2002,.2884276390075683,2001,.2939547920227051,1,1,0,.0094915405002554,0,.0027360240623722,0,.0146947833690124,0,.000814979412944,0,.0094915405002554,0,.0005264051813887
Uganda,UGA,2001,.5762543869018555,.2884276390075683,.0876500034332275,.0192200005054474,.5135200119018555,.0000240203179419,.789339828491211,.5135200119018555,UGA,.0587813069800272,.0301853774599902,.0195509305713826,.0497363080313728,.0594267702102661,.0497363080313728,0,0,.0378699874877929,2003,.2888197135925293,2002,.288259220123291,1,1,0,.0139258676129169,0,.0040166051167256,0,.0191291104816739,0,.0011367812529212,0,.0139258676129169,0,.0008275693346114
Uganda,UGA,2002,.5728701782226563,.2888197135925293,.0705700016021728,-.0030000001192093,.5471099853515625,.0000213110004552,.8114375305175782,.5471099853515625,UGA,.0668268736635763,.03656164987117,.0187022034088063,.0552638532799763,.0719390201568604,.0552638532799763,0,0,-.0574499893188477,2004,.2915811157226563,2003,.2884276390075683,1,1,0,.0194534128615204,0,.0056185291310615,0,.0246566557302774,0,.0017737756535812,0,.0194534128615204,0,.0013994594599646
Uganda,UGA,2003,.567932243347168,.2915811157226563,.0615899991989136,.0871000003814697,.5513899993896484,.0000232179136947,.8141862487792969,.5513899993896484,UGA,.0682082191734712,.0376093299284293,.017463816579525,.0550731465079543,.0834086513519287,.0550731465079543,0,0,-.1257600021362304,2005,.2973443603515625,2004,.2888197135925293,1,1,0,.0192627060894984,0,.0056166413334136,0,.0244659489582554,0,.0020406718066532,0,.0192627060894984,0,.0016066763363136
Uganda,UGA,2004,.5783844375610352,.2973443603515625,.0580299997329712,.0366599988937378,.4896599960327148,.0000265728635713,.7973249816894531,.4896599960327148,UGA,.0530879318187749,.0259950364837663,.0200851269001199,.0460801633838863,.080451831817627,.0460801633838863,0,0,-.2120800018310547,2006,.2877821350097656,2005,.2915811157226563,1,1,0,.0102697229654304,0,.0030536442061437,0,.0154729658341874,0,.0012448284450119,0,.0102697229654304,0,.0008262180248284
Uganda,UGA,2005,.5793892288208008,.2877821350097656,.1000699996948242,.0860200023651123,.425629997253418,.0000248221377842,.8119999694824219,.425629997253418,UGA,.0381817234326712,.0162512868397786,.0203371189359905,.0365884057757692,.0759387445449829,.0365884057757692,0,0,-.2558699989318848,2007,.2741240882873535,2006,.2973443603515625,1,1,0,.0007779653573133,0,.0002238845314912,0,.0059812082260703,0,.0004542054435499,0,.0007779653573133,0,.0000590777125339
Uganda,UGA,2006,.5779358291625977,.2741240882873535,.0704899978637695,.072189998626709,.2775799942016601,.0000312377954833,.8440000152587891,.2775799942016601,UGA,.0040141115280275,.0011142370546747,.0199726202052893,.021086857259964,.0722928476333618,.021086857259964,0,0,-.1210399913787842,2008,.2778513145446777,2007,.2877821350097656,1,1,.0147235831584919,0,.0040360888096446,0,.0095203402897349,0,.0006882525099836,0,.0147235831584919,0,.001064409753894,0
Uganda,UGA,2007,.570553207397461,.2778513145446777,.0806400012969971,.0609000015258789,.1697599983215332,.0000408615358174,.8690000152587891,.1697599983215332,UGA,-.0203692238895977,-.003457879413309,.0181211292905562,.0146632498772472,.0728034162521362,.0146632498772472,0,0,-.0218299961090088,2009,.2798474884033203,2008,.2741240882873535,1,1,.0211471905412087,0,.0058757746908016,0,.0159439476724517,0,.0011607738590998,0,.0211471905412087,0,.0015395877155349,0
Uganda,UGA,2008,.5677884674072265,.2798474884033203,.1042800045013428,.1204399967193604,.156540002822876,.000033255298622,.865999984741211,.156540002822876,UGA,-.0232119394248513,-.0036335970630906,.0174277589491835,.0137941618860929,.0813624286651611,.0137941618860929,0,0,.0270099925994873,2010,.2749669456481934,2009,.2778513145446777,1,1,.022016278532363,0,.0061612002512697,0,.016813035663606,0,.001367949414825,0,.022016278532363,0,.0017912978915617,0
Uganda,UGA,2009,.5683967590332031,.2749669456481934,.0806900024414063,.1301700019836426,.1479300022125244,.000040054298006,.9290000152587891,.1479300022125244,UGA,-.0252537481328406,-.0037357870171656,.0175803126699121,.0138445256527465,.076081600189209,.0138445256527465,0,0,.0316599941253662,2011,.2653672218322754,2010,.2798474884033203,1,1,.0219659147657094,0,.0060399004914957,0,.0167626718969524,0,.0012753309013668,0,.0219659147657094,0,.0016712019449949,0
Uganda,UGA,2010,.5648065567016601,.2653672218322754,.0748400020599365,.0398300004005432,.1835499954223633,.0000336756277829,.9830000305175781,.1835499954223633,UGA,-.0167218292761936,-.0030692916870989,.0166799242699136,.0136106325828148,.065126633644104,.0136106325828148,0,0,.0113599967956543,2012,.2715005493164063,2011,.2749669456481934,1,1,.0221998078356411,0,.0058911013305545,0,.0169965649668841,0,.0011069290598065,0,.0221998078356411,0,.0014457987518813,0
Uganda,UGA,2011,.5615562438964844,.2715005493164063,.0767700004577637,.1865900039672851,.1795899963378906,.0000302511500195,1.028000030517578,.1795899963378906,UGA,-.0173819219429947,-.0031216192980879,.0158647769116618,.0127431576135739,.0644987440109253,.0127431576135739,0,0,.0412100028991699,2013,.2601753616333008,2012,.2653672218322754,1,1,.023067282804882,0,.0062627799527624,0,.017864039936125,0,.0011522081388411,0,.023067282804882,0,.0014878107686597,0
Uganda,UGA,2012,.5543810653686524,.2601753616333008,.0233299994468689,.1401099967956543,.1949099922180176,.0000357697182335,.9350000000000001,.1949099922180176,UGA,-.0132673382951222,-.0025859368038561,.014065310776392,.011479373972536,.0944837856292725,.011479373972536,0,0,.0527700042724609,2014,.2577579116821289,2013,.2715005493164063,1,1,.02433106644592,0,.0063303440114911,0,.019127823577163,0,.0018072691824192,0,.02433106644592,0,.0022988912662079,0
Uganda,UGA,2013,.5538970947265625,.2577579116821289,.0393799996376038,.0546700000762939,.2207999992370605,.0000362657755613,.9,.2207999992370605,UGA,-.0072339944140104,-.0015972659610944,.0139439355691372,.0123466696080429,.1053204154968262,.0123466696080429,0,0,.0594199943542481,2015,.2631644248962403,2014,.2601753616333008,1,1,.0234637708104131,0,.0060479725642802,0,.0182605279416561,0,.0019232063900066,0,.0234637708104131,0,.002471214090875,0
Uganda,UGA,2014,.5483552551269532,.2631644248962403,.0574499988555908,.0428999996185303,.2476799964904785,.0000340779498219,.9669999694824218,.2476799964904785,UGA,-.0005716645337763,-.0001415898697195,.0125540952121465,.0124125053424271,.1117782878875732,.0124125053424271,0,0,.0656500053405762,2016,.2656173896789551,2015,.2577579116821289,1,1,.0233979350760288,0,.0061575041280427,0,.0181946922072718,0,.0020337715435702,0,.0233979350760288,0,.0026153811229031,0
Uganda,UGA,2015,.5475015640258789,.2656173896789551,.0800500011444092,.0369199991226196,.2802199935913086,.0000276753865182,1,.2802199935913086,UGA,.0070307724979626,.001970163024321,.0123399976506147,.0143101606749358,.1149060726165771,.0143101606749358,0,0,.0553900146484375,2017,.2925852394104004,2016,.2631644248962403,1,1,.0215002797435201,0,.0057108481828411,0,.0162970368747631,0,.0018726285025666,0,.0215002797435201,0,.0024705127054856,0
Uganda,UGA,2016,.5440023803710937,.2925852394104004,.0016699999570847,.0516900014877319,.3133300018310547,.0000294240098447,1.026999969482422,.3133300018310547,UGA,.0149742853032827,.0046918928414963,.0114624358640402,.0161543287055365,.1641160583496094,.0161543287055365,0,0,.0368500137329101,2018,.2977206993103028,2017,.2656173896789551,1,1,.0196561117129194,0,.0057510881514021,0,.0144528688441624,0,.0023719478665478,0,.0196561117129194,0,.0032258835768039,0
Uganda,UGA,2017,.5410932159423828,.2977206993103028,.0679500007629395,.0557600021362305,.3356100082397461,.0000330928759649,.9819999694824219,.3356100082397461,UGA,.020363369741038,.0068341506865787,.010732845255097,.0175669959416758,.1650080299377441,.0175669959416758,0,0,.0441299819946289,2019,.2928629302978515,2018,.2925852394104004,1,1,.0182434444767801,0,.0054314510474557,0,.0130402016080231,0,.0021517379773309,0,.0182434444767801,0,.0030103148323921,0
Uganda,UGA,2018,.5341349029541016,.2928629302978515,.0556799983978271,.0254900002479553,.3501800155639648,.0000272381561808,.9390000152587891,.3501800155639648,UGA,.0242871461759415,.0085048732258955,.0089877669225578,.0174926401484533,.1363774490356445,.0174926401484533,0,0,.1178599929809571,2020,.2855282402038574,2019,.2977206993103028,1,1,.0183178002700026,0,.0053646046636837,0,.0131145574012456,0,.0017885298836134,0,.0183178002700026,0,.0024981348727674,0
Uganda,UGA,2019,.5310791015625,.2855282402038574,.0762599992752075,.0213700008392334,.379739990234375,.0000254168221727,.9669999694824218,.379739990234375,UGA,.0313735704163573,.011913799323525,.0082214011660867,.0201352004896117,.1565450096130371,.0201352004896117,0,0,.1237200164794922,2021,.282342529296875,2020,.2928629302978515,1,1,.0156752399288442,0,.0044757236716561,0,.0104719970600872,0,.001639338880439,0,.0156752399288442,0,.0024538805853476,0
Uganda,UGA,2020,.53552978515625,.282342529296875,-.0115100002288818,.0275799989700317,.4680400085449219,.0000309839355759,1.063000030517578,.4680400085449219,UGA,.0514685798920354,.0240893545724633,.0093375900350728,.0334269446075361,.1644866561889649,.0334269446075361,0,0,.0305299758911133,2022,.2812626838684082,2021,.2855282402038574,1,1,.0023834958109198,0,.0006729622358236,0,0,.0028197470578372,0,.0004638107648423,.0023834958109198,0,.0003920532559786,0
Uganda,UGA,2021,.5375298690795899,.2812626838684082,.0551700019836426,.0220700001716614,.5034600067138671,.0000366133265197,1.058000030517578,.5034600067138671,UGA,.0595123650702096,.0299620957178058,.0098391919497551,.0398012876675609,.2159403038024902,.0398012876675609,0,0,.000369987487793,2023,.2840467453002929,2022,.282342529296875,1,1,0,.003990847249105,0,.0011224764081921,0,.009194090117862,0,.0019853746132386,0,.003990847249105,0,.0008617847674011
Uganda,UGA,2022,.5389613723754882,.2840467453002929,.0617700004577637,.0719199991226196,.4985699844360352,.0000288412882946,1.040999984741211,.4985699844360352,UGA,.0582668933500408,.0290501241106659,.0101981992822562,.0392483233929221,.2138785934448242,.0392483233929221,0,0,,,.2834068870544433,2023,.2812626838684082,0,1,,,,,0,.0086411258432232,0,.0018481518411283,0,.0034378829744662,0,.0007352895750067
Uganda,UGA,2023,.5356031036376954,.2834068870544433,.0500899982452393,.0535200023651123,.5038299942016602,.0000265145604499,1.044000015258789,.5038299942016602,UGA,.0597503194452249,.030104003099635,.0093559776088368,.0394599807084718,.2193884658813477,.0394599807084718,0,0,,,,,.2840467453002929,0,0,,,,,,,,,,,,
United States,USA,1995,.3169261741638184,.6140185546875,.0268499994277954,.028050000667572,,.0154205763339996,1.051282043457031,,USA,,,-.0454861043862882,,,,,,,,.6157697677612305,1996,,0,0,,,,,,,,,,,,
United States,USA,1996,.3143683242797852,.6157697677612305,.0377300000190735,.0293700003623962,,.0135651457309723,1.034482727050781,,USA,,,-.0461275886681869,,,,,,,,.6154510879516601,1997,.6140185546875,0,0,,,,,,,,,,,,
United States,USA,1997,.3154704666137695,.6154510879516601,.0444700002670288,.0233800005912781,,.0108999812602997,1.037037048339844,,USA,,,-.0458511819141864,,,,,,,,.6162489700317383,1998,.6157697677612305,0,0,,,,,,,,,,,,
United States,USA,1998,.315899600982666,.6162489700317383,.0448299980163574,.0154700005054474,,.0112965190410614,1.048543701171875,,USA,,,-.0457435591196714,,,,,,,,.6219432067871093,1999,.6154510879516601,0,0,,,,,,,,,,,,
United States,USA,1999,.3166665649414063,.6219432067871093,.0478800010681152,.0219300007820129,,.0100747466087341,1.049504928588867,,USA,,,-.0455512118957839,,,,,,,,.6286397552490235,2000,.6162489700317383,0,0,,,,,,,,,,,,
United States,USA,2000,.3166700172424317,.6286397552490235,.0407800006866455,.0336700010299683,,.0091089165210724,1,,USA,,,-.0455503460917123,,,,,,,,.6266481018066407,2001,.6219432067871093,0,0,,,,,,,,,,,,
United States,USA,2001,.3172258949279785,.6266481018066407,.009559999704361,.0281699991226196,.5348500061035156,.0091405516862869,1.027979278564453,.5348500061035156,USA,.0841925466237,.0450303840755565,-.0454109372858389,-.0003805532102824,.0716743659973145,-.0003805532102824,0,0,.0547100067138672,2003,.6253226089477539,2002,.6286397552490235,1,1,.0361909936287383,0,.0226790174599451,0,.0309877507599813,0,.0022210273894045,0,.0361909936287383,0,.0025939665231527,0
United States,USA,2002,.3167191505432129,.6253226089477539,.0170000004768372,.0159599995613098,.5585900115966796,.0109007239341736,1.04357063293457,.5585900115966796,USA,.0897298357438179,.0501221899887074,-.0455380239298975,.0045841660588099,.0704220628738403,.0045841660588099,0,0,.1057900238037109,2004,.6221070098876953,2003,.6266481018066407,1,1,.031226274359646,0,.0195264953502922,0,.026023031490889,0,.0018325955598193,0,.031226274359646,0,.0021990186562708,0
United States,USA,2003,.3170317840576172,.6221070098876953,.027960000038147,.0229800009727478,.5895600128173828,.0123694503307343,1.028895797729492,.5895600128173828,USA,.0968765449810654,.0571145371007407,-.0454596184352135,.0116549186655272,.0669377422332764,.0116549186655272,0,0,.0682099914550781,2005,.6195049285888672,2004,.6253226089477539,1,1,.0241555217529287,0,.0150273194099917,0,.0189522788841717,0,.0012686227586819,0,.0241555217529287,0,.0016169160886078,0
United States,USA,2004,.3172475242614746,.6195049285888672,.0384800004959106,.0266799998283386,.6643800354003906,.0123279976844788,1.012707748413086,.6643800354003906,USA,.1141848293167728,.075862120943665,-.0454055128559095,.0304566080877555,.0642217397689819,.0304566080877555,0,0,-.0190700531005858,2006,.6414628601074219,2005,.6221070098876953,1,1,.0053538323307004,0,.0033167255157073,0,.0001505894619434,0,9.67111723688e-06,0,.0053538323307004,0,.000343832426709,0
United States,USA,2005,.3172020721435547,.6414628601074219,.0348300004005432,.0336599993705749,.6577700042724609,.0117750644683838,.9719999694824218,.6577700042724609,USA,.112657801825157,.0741029227878596,-.0454169118122778,.0286860109755818,.0645318126678467,.0286860109755818,0,0,-.0082900238037109,2007,.7166419219970703,2006,.6195049285888672,1,1,.0071244294428741,0,.0045700568870596,0,.0019211865741171,0,.0001239776521009,0,.0071244294428741,0,.0004597523461728,0
United States,USA,2006,.3170695495605469,.7166419219970703,.0278500008583069,.0322199988365173,.6453099822998047,.0134538245201111,.9590000152587891,.6453099822998047,USA,.1097830311441223,.0708440858844325,-.0454501472083528,.0253939386760797,.0619787740707397,.0253939386760797,0,0,.0931300354003906,2008,.7175582885742188,2007,.6414628601074219,1,1,.0104165017423762,0,.0074649018291423,0,.0052132588736192,0,.0003231113939003,0,.0104165017423762,0,.0006456020080982,0
United States,USA,2007,.3165574645996094,.7175582885742188,.0200399994850159,.0287100005149841,.64947998046875,.0165577793121338,.965999984741211,.64947998046875,USA,.1107891086509746,.0719553081227852,-.0455785732178261,.0263767349049591,.065278525352478,.0263767349049591,0,0,.2212300109863281,2009,.7255846405029297,2008,.7166419219970703,1,1,.0094337055134968,0,.0067692335831779,0,.0042304626447398,0,.0002761583630074,0,.0094337055134968,0,.0006158183845306,0
United States,USA,2008,.3148808860778808,.7255846405029297,.001140000000596,.0381500005722046,.7384400177001953,.0175220131874084,.9180000305175782,.7384400177001953,USA,.1315212143618462,.0971205278613129,-.0459990430725159,.051121484788797,.0662583541870117,.051121484788797,0,0,.2180699920654297,2010,.7184468841552735,2009,.7175582885742188,1,1,0,.0153110443703411,0,.0111094586251783,0,.0205142872390981,0,.0013592429097823,0,.0153110443703411,0,.0010144846008631
United States,USA,2009,.3148122978210449,.7184468841552735,-.0257599997520447,-.0031999999284744,.8707099914550781,.024716854095459,.99,.8707099914550781,USA,.1621550892451409,.1411900563710341,-.0460162443511983,.0951738120198357,.0669335985183716,.0951738120198357,0,0,.1295600128173829,2011,.7434294891357421,2010,.7255846405029297,1,1,0,.0593633716013798,0,.042649429359963,0,.0645666144701368,0,.0043216758506346,0,.0593633716013798,0,.0039734040814637
United States,USA,2010,.3132118797302246,.7434294891357421,.026949999332428,.0163699996471405,.9565100097656249,.0291206121444702,.970999984741211,.9565100097656249,USA,.1821494412567902,.1742277638353355,-.0464176138983857,.1278101499369498,.0704553365707397,.1278101499369498,0,0,.0801599884033204,2012,.7451580810546875,2011,.7184468841552735,1,1,0,.0919997095184939,0,.0683952970479706,0,.0972029523872509,0,.0068484667261134,0,.0919997095184939,0,.0064818704985358
United States,USA,2011,.3122873306274414,.7451580810546875,.0156400001049042,.0314000010490417,1.000270004272461,.0315068292617798,.9459999847412109,1.000270004272461,USA,.1923555826884988,.1924075195176564,-.0466494819689012,.1457580375487553,.078988995552063,.1457580375487553,0,0,.0498799896240234,2013,.7495632171630859,2012,.7434294891357421,1,1,0,.1099475971302994,0,.0819283404941877,0,.1151508399990564,0,.0090956491885018,0,.1099475971302994,0,.0086846502606852
United States,USA,2012,.3112267684936523,.7495632171630859,.0228900003433228,.0207299995422363,1.036669998168945,.0329229784011841,.9469999694824218,1.036669998168945,USA,.2008681909808239,.2082340271762901,-.046915460806459,.161318566369831,.0758871841430664,.161318566369831,0,0,.0127500152587889,2014,.7492845153808594,2013,.7451580810546875,1,1,0,.1255081259513751,0,.0940762746682225,0,.1307113688201321,0,.0099193177152456,0,.1255081259513751,0,.0095244582655232
United States,USA,2013,.3108883857727051,.7492845153808594,.0211800003051758,.0146599996089935,1.050149993896484,.0251799082756042,.9530000305175781,1.050149993896484,USA,.2040163644701253,.214247783903085,-.0470003239558208,.1672474599472641,.0633207368850708,.1672474599472641,0,0,.0042700195312499,2015,.6839614868164062,2014,.7495632171630859,1,1,0,.1314370195288082,0,.0984837234807476,0,.1366402623975652,0,.0086521621031833,0,.1314370195288082,0,.0083226889305416
United States,USA,2014,.3103151893615723,.6839614868164062,.025239999294281,.0161500000953674,1.049420013427734,.0237883758544922,.9590000152587891,1.049420013427734,USA,.2038926321050464,.2139690087214939,-.0471440761323961,.1668249325890978,.062943320274353,.1668249325890978,0,0,.0246299743652345,2016,.6823079681396484,2015,.7492845153808594,1,1,0,.1310144921706419,0,.0896088668595287,0,.1362177350393989,0,.0085739965236318,0,.1310144921706419,0,.0082464871412784
United States,USA,2015,.3105484008789062,.6823079681396484,.0294600009918213,.0012099999934435,1.054420013427734,.020411524772644,1,1.054420013427734,USA,.2050320011777422,.2161898454349502,-.047085588914807,.1691042565201431,.0583473539352417,.1691042565201431,0,0,.0096099853515625,2017,.6699642181396485,2016,.6839614868164062,1,1,0,.1332938161016872,0,.0909474328299221,0,.1384970589704442,0,.0080809369187385,0,.1332938161016872,0,.0077773414654642
United States,USA,2016,.3105181503295898,.6699642181396485,.0182000005245209,.0126699995994568,1.074049987792969,.0212072563171387,1.000999984741211,1.074049987792969,USA,.2095799116773583,.2250993015787182,-.0470931754631914,.1780061261155267,.0639829540252686,.1780061261155267,0,0,.0024800109863281,2018,.6695261383056641,2017,.6823079681396484,1,1,0,.1421956856970708,0,.0952660213908693,0,.1473989285658278,0,.0094310188698012,0,.1421956856970708,0,.0090981000205472
United States,USA,2017,.3073056030273438,.6695261383056641,.0245799994468689,.0213100004196167,1.064029998779297,.0230105519294739,.995999984741211,1.064029998779297,USA,.2075135821145956,.2208006765240807,-.0478988515945825,.1729018249294982,.0662171030044556,.1729018249294982,0,0,.0238200378417968,2019,.6658792877197266,2018,.6699642181396485,1,1,0,.1370913845110422,0,.0917862652666551,0,.1422946273797993,0,.0094223379981888,0,.1370913845110422,0,.0090777943291911
United States,USA,2018,.3097026634216309,.6658792877197266,.0296700000762939,.0243899989128113,1.076529998779297,.0222793292999268,.9980000305175781,1.076529998779297,USA,.2102186345857035,.2263066664339328,-.0472976917785606,.1790089746553722,.0744319295883179,.1790089746553722,0,0,.2489900207519531,2020,.6516925811767578,2019,.6695261383056641,1,1,0,.1431985342369163,0,.0953529379801867,0,.1484017771056733,0,.0110458306243107,0,.1431985342369163,0,.0106585432174725
United States,USA,2019,.310248851776123,.6516925811767578,.0258400011062622,.0181299996376038,1.087850036621094,.024942524433136,1.003000030517578,1.087850036621094,USA,.2127967367089917,.2314909378217258,-.0471607129642252,.1843302248575006,.0758645963668823,.1843302248575006,0,0,.1626299285888673,2021,.6456562805175782,2020,.6658792877197266,1,1,0,.1485197844390447,0,.0967892416768967,0,.1537230273078017,0,.0116621354190016,0,.1485197844390447,0,.0112673934989645
United States,USA,2020,.3117410278320312,.6456562805175782,-.0208100008964539,.0125300002098083,1.32552001953125,.0309778261184692,1,1.32552001953125,USA,.2677136993380099,.354859867975302,-.046786489483924,.3080733784913779,.0669737672805786,.3080733784913779,0,0,-.1340700531005858,2022,.6488287353515625,2021,.6516925811767578,1,1,0,.2722629380729221,0,.1757882759189506,0,.2774661809416791,0,.0185829554306189,0,.2722629380729221,0,.0182344746536225
United States,USA,2021,.3105261421203613,.6488287353515625,.0615199995040894,.0468100023269653,1.250479965209961,.0332593250274658,1.046999969482422,1.250479965209961,USA,.2504334309079432,.3131619879691759,-.0470911711985174,.2660708167706586,.0714060831069946,.2660708167706586,0,0,-.0508499908447266,2023,.647666015625,2022,.6456562805175782,1,1,0,.2302603763522027,0,.1493995487901745,0,.2354636192209597,0,.0168135347627656,0,.2302603763522027,0,.0164419915700532
United States,USA,2022,.3117941284179688,.647666015625,.025239999294281,.0799100017547607,1.191449966430664,.0320097589492798,1.09,1.191449966430664,USA,.2366642218763625,.2819735792099314,-.0467731723649441,.2352004068449873,.0826303863525391,.2352004068449873,0,0,,,.6473125457763672,2023,.6488287353515625,0,1,,,,,0,.2045932092952884,0,.0169056159291756,0,.1993899664265314,0,.0164756699606441
United States,USA,2023,.3120192527770996,.6473125457763672,.0293499994277954,.041269998550415,1.199629974365234,.0340360641479492,1.065,1.199629974365234,USA,.2385405932027245,.2861604457088522,-.0467167133292687,.2394437323795835,.1055971908569336,.2394437323795835,0,0,,,,,.647666015625,0,0,,,,,,,,,,,,
Vietnam,VNM,1995,.517533073425293,.3457078552246094,.0953999996185303,.1692600059509277,,1.30792104756e-06,,,VNM,,,.0048241868938892,,,,,,,,.3464585494995117,1996,,0,0,,,,,,,,,,,,
Vietnam,VNM,1996,.5162381362915039,.3464585494995117,.0934000015258789,.0559299993515015,,1.56871086801e-06,,,VNM,,,.0044994290484199,,,,,,,,.3469168472290039,1997,.3457078552246094,0,0,,,,,,,,,,,,
Vietnam,VNM,1997,.5161201477050781,.3469168472290039,.0815200042724609,.0309500002861023,,1.65933015523e-06,,,VNM,,,.0044698386396519,,,,,,,,.3473882675170898,1998,.3464585494995117,0,0,,,,,,,,,,,,
Vietnam,VNM,1998,.5148905563354492,.3473882675170898,.057649998664856,.0723400020599365,,1.58184891916e-06,,,VNM,,,.0041614688867204,,.0280814170837402,,,,,,.3471305847167969,1999,.3469168472290039,0,0,,,,,,,,,,,,
Vietnam,VNM,1999,.5128756332397461,.3471305847167969,.0477400016784668,.0410799980163574,,2.50803655945e-06,,,VNM,,,.0036561454495645,,.0296325039863586,,,,,,.3458416748046875,2000,.3473882675170898,0,0,,,,,,,,,,,,
Vietnam,VNM,2000,.5052600860595703,.3458416748046875,.0678700017929077,-.0176800000667572,.247549991607666,2.41243411438e-06,.7607337188720703,.247549991607666,VNM,.0028042159899393,.0006941836447756,.001746239068961,.0024404227137366,.0386825680732727,.0024404227137366,0,0,.0295600128173828,2002,.3416051483154297,2001,.3471305847167969,1,1,.0333700177047193,0,.0115407428112622,0,.0281667748359623,0,.0010895631849967,0,.0333700177047193,0,.0012908379814691,0
Vietnam,VNM,2001,.5040104675292969,.3416051483154297,.0689499998092651,-.0031000000238419,.2542000007629395,2.42728987359e-06,.7212653350830078,.2542000007629395,VNM,.0044428554393786,.0011293738560797,.0014328466957246,.0025622205518042,.0431764698028564,.0025622205518042,0,0,.0441499900817871,2003,.3374733734130859,2002,.3458416748046875,1,1,.0332482198666517,0,.0113577630787716,0,.0280449769978947,0,.0012108831024714,0,.0332482198666517,0,.0014355407610712,0
Vietnam,VNM,2002,.503106575012207,.3374733734130859,.0707999992370605,.040789999961853,.2771100044250489,2.54222541116e-06,.7270411682128907,.2771100044250489,VNM,.0098193374301627,.0027210366387234,.001206159099295,.0039271957380185,.0438184642791748,.0039271957380185,0,0,.0165200042724609,2004,.3382897567749024,2003,.3416051483154297,1,1,.0318832446804374,0,.010759746137662,0,.0266800018116804,0,.0011690767063534,0,.0318832446804374,0,.0013970748181339,0
Vietnam,VNM,2003,.5024323654174805,.3382897567749024,.0734100008010864,.0330299997329712,.2983499908447266,3.57702432666e-06,.7685261535644531,.2983499908447266,VNM,.0147909572241868,.0044128819524209,.0010370737825913,.0054499557350122,.0418067026138306,.0054499557350122,0,0,-.0116599845886231,2005,.3380128860473633,2004,.3374733734130859,1,1,.0303604846834437,0,.0102706409791303,0,.0251572418146867,0,.0010517413271308,0,.0303604846834437,0,.0012692717543725,0
Vietnam,VNM,2004,.5003673171997071,.3380128860473633,.0778900003433228,.0789499998092651,.2936300086975098,3.75427596737e-06,.7853551483154297,.2936300086975098,VNM,.0138612065448378,.0040700661983187,.0005191794443294,.0045892456426481,.0378414797782898,.0045892456426481,0,0,.008849983215332,2006,.3559634780883789,2005,.3382897567749024,1,1,.0312211947758078,0,.0105531661520177,0,.0260179519070508,0,.0009845578009632,0,.0312211947758078,0,.0011814562107628,0
Vietnam,VNM,2005,.4944868850708008,.3559634780883789,.0754699993133545,.0839400005340576,.2866900062561035,4.48683014838e-06,.83,.2866900062561035,VNM,.0127189327780522,.0036463909177107,-.0009555766799501,.0026908142377606,.029026026725769,.0026908142377606,0,0,.035409984588623,2007,.362095947265625,2006,.3380128860473633,1,1,.0331196261806953,0,.0117893773282672,0,.0279163833119383,0,.0008103016880991,0,.0331196261806953,0,.0009613311546683,0
Vietnam,VNM,2006,.490828857421875,.362095947265625,.0697800016403198,.0750299978256226,.3024799919128418,6.20237260591e-06,.8580000305175781,.3024799919128418,VNM,.0166643727514886,.0050406393351029,-.0018729750207147,.0031676643143882,.0285039067268372,.0031676643143882,0,0,.0079700088500976,2008,.3679705810546875,2007,.3559634780883789,1,1,.0326427761040677,0,.0118198169347821,0,.0274395332353107,0,.0007821338959672,0,.0326427761040677,0,.0009304466453754,0
Vietnam,VNM,2007,.4894194030761719,.3679705810546875,.0712900018692017,.0834899997711182,.3220999908447266,.0000101565814111,.875,.3220999908447266,VNM,.0213189773593657,.0068668424122706,-.0022264526874325,.0046403897248381,.0389142918586731,.0046403897248381,0,0,.0395999908447265,2009,.3660093307495117,2008,.362095947265625,1,1,.0311700506936178,0,.0114696616652346,0,.0259668078248608,0,.0010104799383347,0,.0311700506936178,0,.0012129604499411,0
Vietnam,VNM,2008,.4855496978759766,.3660093307495117,.0566200017929077,.2311499977111816,.3104500007629394,9.78055293672e-06,.9240000152587891,.3104500007629394,VNM,.0189271423464232,.0058759313558873,-.0031969377330963,.0026789936227911,.0389337420463562,.0026789936227911,0,0,.0624199867248535,2010,.3664747238159179,2009,.3679705810546875,1,1,.0331314467956648,0,.0121264186684443,0,.0279282039269078,0,.0010873494875083,0,.0331314467956648,0,.001289931203165,0
Vietnam,VNM,2009,.4820911026000976,.3664747238159179,.0539799976348877,.067170000076294,.3616999816894531,6.38852070551e-06,.9209999847412109,.3616999816894531,VNM,.031067941963868,.01123727403946,-.0040643203425195,.0071729536969406,.0442679882049561,.0071729536969406,0,0,.000150032043457,2011,.3471450424194336,2010,.3660093307495117,1,1,.0286374867215153,0,.0104949150370493,0,.0234342438527583,0,.001037386830466,0,.0286374867215153,0,.0012677239244076,0
Vietnam,VNM,2010,.4763706588745117,.3471450424194336,.064229998588562,.1052400016784668,.372869987487793,4.55011468148e-06,.965,.372869987487793,VNM,.0341065797735905,.0127173199734301,-.0054989529057344,.0072183670676957,.0431765270233154,.0072183670676957,0,0,.0104300308227539,2012,.354344367980957,2011,.3664747238159179,1,1,.0285920733507602,0,.0099255965162092,0,.0233888304820032,0,.00100984847135,0,.0285920733507602,0,.0012345064276817,0
Vietnam,VNM,2011,.4744949722290039,.354344367980957,.0641300010681152,.1867799949645996,.3618500137329101,4.64375538286e-06,.960999984741211,.3618500137329101,VNM,.0317030361283781,.0114717440584285,-.0059693571731512,.0055023868852774,.041381688117981,.0055023868852774,0,0,.0522799682617188,2013,.354758186340332,2012,.3471450424194336,1,1,.0303080535331785,0,.0107394880739472,0,.0251048106644215,0,.0010388794451761,0,.0303080535331785,0,.0012541984187731,0
Vietnam,VNM,2012,.4721000671386719,.354758186340332,.0550500011444092,.0910299968719482,.3833000183105469,8.31369776279e-06,.9590000152587891,.3833000183105469,VNM,.0368592812401293,.0141281631742552,-.0065699764595593,.0075581867146958,.0543768072128296,.0075581867146958,0,0,.0531299972534179,2014,.3639472579956055,2013,.354344367980957,1,1,.0282522537037601,0,.0100227182839728,0,.0230490108350031,0,.0012533316186214,0,.0282522537037601,0,.0015362673529773,0
Vietnam,VNM,2013,.4687621688842774,.3639472579956055,.0555399990081787,.0659499979019165,.4141299819946289,7.97490763944e-06,.9580000305175781,.4141299819946289,VNM,.0442620795677671,.0183302542144442,-.0074070894106114,.0109231648038328,.0653760862350464,.0109231648038328,0,0,.0470400238037109,2015,.3728954315185547,2014,.354758186340332,1,1,.0248872756146231,0,.009057655718923,0,.0196840327458661,0,.0012868650222472,0,.0248872756146231,0,.001627032676737,0
Vietnam,VNM,2014,.46431396484375,.3728954315185547,.0642199993133545,.0408500003814697,.4364300155639648,9.89449792542e-06,.9790000152587891,.4364300155639648,VNM,.0497774379858521,.0217243680348997,-.0085226564313693,.0132017116035304,.0762205457687378,.0132017116035304,0,0,.0423699951171875,2016,.3776188278198242,2015,.3639472579956055,1,1,.0226087288149255,0,.0084306916875276,0,.0174054859461685,0,.0013266556381871,0,.0226087288149255,0,.001723249649411,0
Vietnam,VNM,2015,.4672666168212891,.3776188278198242,.0698699998855591,.0063099998235703,.4611700057983398,7.64176016673e-06,1,.4611700057983398,VNM,.0552728737131331,.0254901914907765,-.0077821595611925,.0177080319295839,.0823345470428467,.0177080319295839,0,0,.0050399780273437,2017,.3980486297607422,2016,.3728954315185547,1,1,.018102408488872,0,.0068358102742835,0,.012899165620115,0,.0010620469585628,0,.018102408488872,0,.0014904536033159,0
Vietnam,VNM,2016,.4703087997436524,.3980486297607422,.0669000005722046,.0266799998283386,.4788000106811524,9.26114618778e-06,1.038000030517578,.4788000106811524,VNM,.0591148442229879,.0283041880453813,-.0070192091865288,.0212849788588525,.0807153701782227,.0212849788588525,0,0,-.0408200073242188,2018,.3999555587768555,2017,.3776188278198242,1,1,.0145254615596034,0,.0057818400704425,0,.0093222186908464,0,.000752446332514,0,.0145254615596034,0,.0011724280067929,0
Vietnam,VNM,2017,.4706723785400391,.3999555587768555,.0694000005722046,.0352099990844727,.4662099838256836,.0000116351409815,1.041999969482422,.4662099838256836,VNM,.0561707607060985,.0261873694402665,-.0069280271024786,.019259342337788,.0793764352798462,.019259342337788,0,0,-.0562799835205078,2019,.4046942520141601,2018,.3980486297607422,1,1,.0165510980806679,0,.0066197036812241,0,.0113478552119109,0,.0009007522947933,0,.0165510980806679,0,.0013137671656105,0
Vietnam,VNM,2018,.4669317626953125,.4046942520141601,.0746500015258789,.0353999996185303,.4379800033569336,.0000122337986249,1.025999984741211,.4379800033569336,VNM,.0499294582924,.0218681043105152,-.0078661377726911,.0140019665378241,.0781643438339233,.0140019665378241,0,0,-.0247900009155274,2020,.4127228164672851,2019,.3999555587768555,1,1,.0218084738806318,0,.0088257640246926,0,.0166052310118748,0,.0012979369862539,0,.0218084738806318,0,.0017046450508988,0
Vietnam,VNM,2019,.4704928588867188,.4127228164672851,.0735900020599365,.027960000038147,.4099300003051758,.0000160973600578,1.050999984741211,.4099300003051758,VNM,.0431527478168486,.0176896059257299,-.0069730489142024,.0107165570115275,.0715426206588745,.0107165570115275,0,0,-.0175600051879883,2021,.4229422760009766,2020,.4046942520141601,1,1,.0250938834069284,0,.0103568182358092,0,.0198906405381714,0,.0014230285506844,0,.0250938834069284,0,.0017952821814399,0
Vietnam,VNM,2020,.4769112396240234,.4229422760009766,.0286500000953674,.0322099995613098,.4131900024414062,.0000189449149184,1.043000030517578,.4131900024414062,VNM,.0434003639442933,.0179325964841005,-.0053633804250844,.0125692160590161,.0719412708282471,.0125692160590161,0,0,-.0639599990844726,2022,.4249790573120117,2021,.4127228164672851,1,1,.0232412243594398,0,.0098296963276308,0,.0180379814906828,0,.0012976753116161,0,.0232412243594398,0,.0016720032160225,0
Vietnam,VNM,2021,.4676346969604492,.4249790573120117,.0255399990081787,.0183500003814697,.3923699951171875,.0000213050469756,1.016999969482422,.3923699951171875,VNM,.0393124425271916,.0154250228824389,-.0076898485834357,.0077351742990032,.0641416549682617,.0077351742990032,0,0,-.0497999954223633,2023,.4293387985229492,2022,.4229422760009766,1,1,.0280752661194527,0,.0119314001292289,0,.0228720232506957,0,.0014670494237722,0,.0280752661194527,0,.0018007940325761,0
Vietnam,VNM,2022,.4676993179321289,.4293387985229492,.0853800010681152,.0315700006484985,.3492300033569336,.000015531508252,1.003000030517578,.3492300033569336,VNM,.0293178325978229,.0102386667765557,-.0076736422619184,.0025650245146373,.0529467868804932,.0025650245146373,0,0,,,.4293171310424805,2023,.4249790573120117,0,1,,,,,.0280421730350616,0,.0014847429593533,0,.0332454159038186,0,.0017602379506128,0
Vietnam,VNM,2023,.4678103637695312,.4293171310424805,.0506500005722046,.0325300002098083,.3425699996948242,.0000157560966909,1.033000030517578,.3425699996948242,VNM,.0277668647964312,.0095120948648397,-.0076457930281895,.0018663018366501,.0506944847106934,.0018663018366501,0,0,,,,,.4293387985229492,0,0,,,,,,,,,,,,
South Africa,ZAF,1995,.4200950622558594,.3719838714599609,.0309999990463257,.0876099967956543,,.00181201800704,.7613874053955079,,ZAF,,,-.0196123341915888,,,,,,,,.3703169250488281,1996,,0,0,,,,,,,,,,,,
South Africa,ZAF,1996,.4200566864013672,.3703169250488281,.0430000019073486,.0742899990081787,,.0009111738950014,.7717428588867188,,ZAF,,,-.0196219584887826,,,,,,,,.3649473190307617,1997,.3719838714599609,0,0,,,,,,,,,,,,
South Africa,ZAF,1997,.4144659805297852,.3649473190307617,.0259999990463257,.0858600044250488,,.0022599573433399,.7654752349853515,,ZAF,,,-.0210240540393174,,,,,,,,.3620222473144531,1998,.3703169250488281,0,0,,,,,,,,,,,,
South Africa,ZAF,1998,.4144749069213867,.3620222473144531,.005,.0697700023651123,,.0020791304111481,.7470687866210938,,ZAF,,,-.0210218153856958,,,,,,,,.3631940460205078,1999,.3649473190307617,0,0,,,,,,,,,,,,
South Africa,ZAF,1999,.4114846420288086,.3631940460205078,.0240000009536743,.0505000019073486,,.0027634567022324,.7327106475830079,,ZAF,,,-.02177174521515,,,,,,,,.3713317108154297,2000,.3620222473144531,0,0,,,,,,,,,,,,
South Africa,ZAF,2000,.4099090576171875,.3713317108154297,.0419999980926514,.0531699991226196,.3792900085449219,.0027247267961502,.718056411743164,.3792900085449219,ZAF,.0408459283219585,.0154924525022609,-.0221668867131592,-.0066744342108983,.2047592163085938,-.0066744342108983,0,0,-.0612800025939942,2002,.3702332305908203,2001,.3631940460205078,1,1,.0424848746293542,0,.0157759811798971,0,.0372816317605972,0,.0076337577020055,0,.0424848746293542,0,.0086991696340754,0
South Africa,ZAF,2001,.4098736953735351,.3702332305908203,.0270000004768372,.0574399995803833,.3804499816894531,.0026271885633469,.7310287475585937,.3804499816894531,ZAF,.0411173266898236,.0156430861862626,-.0221757552255833,-.0065326690393207,.1869011878967285,-.0065326690393207,0,0,-.0653099822998047,2003,.3686080932617187,2002,.3713317108154297,1,1,.0423431094577766,0,.0156768262078134,0,.0371398665890196,0,.0069414851838138,0,.0423431094577766,0,.0079139774568996,0
South Africa,ZAF,2002,.4068614196777344,.3686080932617187,.0370000004768372,.0909099960327148,.3180100059509277,.0025965303182602,.7688789367675781,.3180100059509277,ZAF,.0268967892187808,.0085534480995253,-.0229312051539251,-.0143777570543997,.1640084648132324,-.0143777570543997,0,0,-.0106800079345703,2004,.3677130889892578,2003,.3702332305908203,1,1,.0501881974728556,0,.0184997757747119,0,.0449849546040986,0,.0073779133443112,0,.0501881974728556,0,.0082312892192664,0
South Africa,ZAF,2003,.4094662857055664,.3677130889892578,.0294899988174438,.0589599990844727,.3151399993896484,.0026309844851494,.7732193756103516,.3151399993896484,ZAF,.0260263370532737,.0082019398430835,-.0222779296729295,-.014075989829846,.1476391983032227,-.014075989829846,0,0,-.0187700080871582,2005,.3706426239013672,2004,.3686080932617187,1,1,.0498864302483019,0,.0183438933652503,0,.0446831873795449,0,.0065969899623487,0,.0498864302483019,0,.0073651925680689,0
South Africa,ZAF,2004,.4075130844116211,.3706426239013672,.0455499982833862,.013860000371933,.3073299980163574,.0045939356088638,.7850142669677734,.3073299980163574,ZAF,.0243722213670562,.0074903147443916,-.0227677738726503,-.0152774591282587,.1352935791015625,-.0152774591282587,0,0,-.0270299911499023,2006,.3669783782958984,2005,.3677130889892578,1,1,.0510878995467146,0,.0189353531376038,0,.0458846566779576,0,.0062078994278073,0,.0510878995467146,0,.0069118647784561,0
South Africa,ZAF,2005,.4118708038330078,.3669783782958984,.0527699995040894,.0339299988746643,.2963699913024903,.0060457289218903,.7969999694824219,.2963699913024903,ZAF,.0214899125559426,.006368965197296,-.0216748995287749,-.015305934331479,.1069132137298584,-.015305934331479,0,0,-.0531099891662598,2007,.3674346542358398,2006,.3706426239013672,1,1,.0511163747499349,0,.0187586043100965,0,.0459131318811779,0,.0049087204818195,0,.0511163747499349,0,.0054650158987353,0
South Africa,ZAF,2006,.4066522979736328,.3674346542358398,.0560400009155273,.0465100002288818,.2803000068664551,.0071041774749756,.845999984741211,.2803000068664551,ZAF,.0181811841557934,.0050961860437092,-.0229836508768044,-.0178874648330952,.095957612991333,-.0178874648330952,0,0,-.0398500061035156,2008,.3630474853515625,2007,.3669783782958984,1,1,.0536979052515511,0,.0197304712492926,0,.0484946623827941,0,.0046534320450735,0,.0536979052515511,0,.0051527228105736,0
South Africa,ZAF,2007,.4072103118896485,.3630474853515625,.053600001335144,.0712799978256226,.2432600021362305,.0086728286743164,.8730000305175781,.2432600021362305,ZAF,.0095600932692073,.0023255883090899,-.0228437063247651,-.0205181180156752,.0857120609283447,-.0205181180156752,0,0,.0266900062561035,2009,.3614057922363281,2008,.3674346542358398,1,1,.0563285584341311,0,.0204499414929898,0,.0511253155653741,0,.0043820561627202,0,.0563285584341311,0,.0048280368325121,0
South Africa,ZAF,2008,.4076983261108398,.3614057922363281,.0319099998474121,.1086499977111816,.2404500007629395,.0086984866857529,.894000015258789,.2404500007629395,ZAF,.0088708392225879,.0021329932978392,-.0227213170265536,-.0205883237287144,.0798558044433594,-.0205883237287144,0,0,.0713999938964844,2010,.361562614440918,2009,.3630474853515625,1,1,.0563987641471703,0,.0203828400377579,0,.0511955212784133,0,.0040882595355848,0,.0563987641471703,0,.0045037686805836,0
South Africa,ZAF,2009,.4074338912963867,.361562614440918,-.0153799998760223,.0719799995422363,.269950008392334,.0102688717842102,.9509999847412109,.269950008392334,ZAF,.0157227645632739,.0042443604258065,-.0227876347483704,-.0185432743225639,.0860025215148926,-.0185432743225639,0,0,.0774699974060059,2011,.3511784362792969,2010,.3614057922363281,1,1,.0543537147410198,0,.019652271206339,0,.0491504718722628,0,.0042270645146614,0,.0543537147410198,0,.0046745565214289,0
South Africa,ZAF,2010,.406422004699707,.3511784362792969,.0303999996185303,.042350001335144,.3118499946594238,.0110271084308624,1.014000015258789,.3118499946594238,ZAF,.0255051048537168,.0079537668124196,-.0230414062268633,-.0150876394144437,.0935952281951904,-.0150876394144437,0,0,.0622300148010254,2012,.3503244781494141,2011,.361562614440918,1,1,.0508980798328996,0,.0178743080853365,0,.0456948369641426,0,.0042768186930009,0,.0508980798328996,0,.0047638173966573,0
South Africa,ZAF,2011,.4038228988647461,.3503244781494141,.0316899991035461,.0498000001907349,.3474200057983399,.0118906486034393,1.05,.3474200057983399,ZAF,.0339471195140877,.0117939084584213,-.0236932371065902,-.0118993286481689,.0944410228729248,-.0118993286481689,0,0,.0561399841308594,2013,.3508747100830078,2012,.3511784362792969,1,1,.0477097690666248,0,.0167138999508944,0,.0425065261978678,0,.0040143598129014,0,.0477097690666248,0,.0045057593916831,0
South Africa,ZAF,2012,.4011592864990234,.3508747100830078,.0239599990844727,.0565100002288818,.3740800094604492,.0120744776725769,1.043000030517578,.3740800094604492,ZAF,.0403310297767534,.0150870320004376,-.0243612456071469,-.0092742136067094,.0994344806671143,-.0092742136067094,0,0,.0584499740600586,2014,.3640643310546875,2013,.3503244781494141,1,1,.0450846540251653,0,.0158190649102726,0,.0398814111564083,0,.0039655874066091,0,.0450846540251653,0,.0044829691590488,0
South Africa,ZAF,2013,.401917610168457,.3640643310546875,.0248499989509583,.0574700021743774,.4035599899291992,.0115538847446442,.9869999694824219,.4035599899291992,ZAF,.0470974849103282,.0190066605361026,-.0241710652851624,-.0051644047490598,.1062145042419434,-.0051644047490598,0,0,.0483900070190429,2015,.371119270324707,2014,.3508747100830078,1,1,.0409748451675157,0,.014917479595981,0,.0357716022987587,0,.0037994630041026,0,.0409748451675157,0,.0043521228658581,0
South Africa,ZAF,2014,.3993523025512695,.371119270324707,.0141400003433228,.0611600017547607,.4325299835205078,.0112583637237549,.975,.4325299835205078,ZAF,.0540085273525266,.0233603074457552,-.0248144198951938,-.0014541124494386,.1089584541320801,-.0014541124494386,0,0,.0388100051879883,2016,.3626677322387695,2015,.3640643310546875,1,1,.0372645528678945,0,.0138295936693095,0,.0320613099991375,0,.0034933507749554,0,.0372645528678945,0,.004060288074409,0
South Africa,ZAF,2015,.3980145263671875,.3626677322387695,.0132200002670288,.0458900022506714,.4519499969482422,.0103798270225525,1,.4519499969482422,ZAF,.0586111582751129,.0264893128035702,-.0251499213646678,.0013393914389024,.1137650299072266,.0013393914389024,0,0,.0339300155639649,2017,.3815787506103516,2016,.371119270324707,1,1,.0344710489795535,0,.0125015371613062,0,.0292678061107965,0,.0033296528375137,0,.0344710489795535,0,.0039215999180924,0
South Africa,ZAF,2016,.3963981628417969,.3815787506103516,.0066500002145767,.0632000017166138,.4713399887084961,.0106018686294556,1.038000030517578,.4713399887084961,ZAF,.063228855253703,.0298022879213315,-.0255552898743074,.004246998047024,.1186984443664551,.004246998047024,0,0,.0440200042724609,2018,.3641996765136719,2017,.3626677322387695,1,1,.0315634423714319,0,.0120439389050528,0,.0263601995026749,0,.0031289146741569,0,.0315634423714319,0,.0037465315083392,0
South Africa,ZAF,2017,.3957162857055664,.3641996765136719,.0115799999237061,.0529400014877319,.485880012512207,.0112674915790558,1.085,.485880012512207,ZAF,.066649636740869,.0323837263335875,-.0257262981370708,.0066574281965167,.1259092998504639,.0066574281965167,0,0,.0751300048828125,2019,.3582564163208008,2018,.3815787506103516,1,1,.0291530122219392,0,.0106175176206294,0,.0239497693531822,0,.0030154986908393,0,.0291530122219392,0,.0036706353573964,0
South Africa,ZAF,2018,.3975391769409179,.3582564163208008,.01557000041008,.0459600019454956,.515359992980957,.0112958204746246,1.063000030517578,.515359992980957,ZAF,.0733319548196774,.0377923557211488,-.0252691344534675,.0125232212676814,.1278955364227295,.0125232212676814,0,0,.173910026550293,2020,.3583296203613281,2019,.3641996765136719,1,1,.0232872191507746,0,.0083427956790336,0,.0180839762820175,0,.0023128598472446,0,.0232872191507746,0,.002978331385082,0
South Africa,ZAF,2019,.3971746063232422,.3583296203613281,.0025999999046326,.0411499977111816,.5610100173950195,.0120113205909729,1.12,.5610100173950195,ZAF,.0839314944965149,.0470864091874798,-.025360565276809,.0217258439106708,.1354760265350342,.0217258439106708,0,0,.1271799850463867,2021,.35551025390625,2020,.3582564163208008,1,1,.0140845965077851,0,.0050469281195771,0,.0088813536390281,0,.001203210501268,0,.0140845965077851,0,.0019081251702239,0
South Africa,ZAF,2020,.3964806365966797,.35551025390625,-.0616900014877319,.0328800010681152,.68927001953125,.0127899837493896,1.235999984741211,.68927001953125,ZAF,.1136862461890085,.0783605211311324,-.0255346062455469,.0528259148855855,.1634392166137695,.0528259148855855,0,0,.0178799438476562,2022,.3610040664672852,2021,.3583296203613281,1,1,0,.0170154744671296,0,.0060491756481445,0,.0222187173358866,0,.0036314097555401,0,.0170154744671296,0,.0027809958172193
South Africa,ZAF,2021,.3961592102050781,.3610040664672852,.0485900020599365,.0455299997329712,.6881900024414063,.0127713549137115,1.283999938964844,.6881900024414063,ZAF,.113461560896917,.0780831118706551,-.0256152169097172,.0524678949609379,.1553441047668457,.0524678949609379,0,0,.044010009765625,2023,.3554815673828125,2022,.35551025390625,1,1,0,.016657454542482,0,.0060134088268299,0,.021860697411239,0,.0033959304689278,0,.016657454542482,0,.0025876373635963
South Africa,ZAF,2022,.3950667190551758,.3554815673828125,.0205800008773804,.0686399984359741,.7071499633789062,.0131560266017914,1.180999984741211,.7071499633789062,ZAF,.1179382761365315,.0834000476509196,-.0258892032390755,.0575108444118441,.1628495979309082,.0575108444118441,0,0,,,.3568257904052735,2023,.3610040664672852,0,1,,,,,0,.0269036468621452,0,.0043812480743755,0,.0217004039933882,0,.0035339020652615
South Africa,ZAF,2023,.3946477508544922,.3568257904052735,.0080599999427795,.0590299987792969,.7322000122070312,.0134686374664307,1.138000030517578,.7322000122070312,ZAF,.1237719817743015,.090625846566032,-.0259942764558548,.0646315701101772,.1826019096374512,.0646315701101772,0,0,,,,,.3554815673828125,0,0,,,,,,,,,,,,
Zambia,ZMB,1995,.4960438919067383,.3098352432250976,.0289800000190735,.3145599937438965,,.0056107592582703,1.148383331298828,,ZMB,,,-.0005650942602047,,,,,,,,.3099197769165039,1996,,0,0,,,,,,,,,,,,
Zambia,ZMB,1996,.4965056610107422,.3099197769165039,.062189998626709,.3858100128173828,,.0052824735641479,.9219044494628906,,ZMB,,,-.0004492869863166,,,,,,,,.3120836639404297,1997,.3098352432250976,0,0,,,,,,,,,,,,
Zambia,ZMB,1997,.4957125473022461,.3120836639404297,.0381399989128113,.2141799926757813,,.0054625636339188,.8582463073730469,,ZMB,,,-.0006481923172879,,,,,,,,.3142546272277832,1998,.3099197769165039,0,0,,,,,,,,,,,,
Zambia,ZMB,1998,.4984552383422852,.3142546272277832,-.0038600000739098,.2266399955749512,,.0015913766622543,.683448257446289,,ZMB,,,.0000396483583014,,,,,,,,.3149808120727539,1999,.3120836639404297,0,0,,,,,,,,,,,,
Zambia,ZMB,1999,.4981036758422852,.3149808120727539,.0465000009536743,.2386100006103516,,.0009956730902195,.5275741195678711,,ZMB,,,-.0000485201535659,,,,,,,,.3158420753479004,2000,.3142546272277832,0,0,,,,,,,,,,,,
Zambia,ZMB,2000,.4987039947509765,.3158420753479004,.038970000743866,.2409099960327148,2.609639892578125,.0051645213365555,.6055112075805664,2.609639892578125,ZMB,.550288246211964,1.436054159731595,.0001020340859366,1.436156193817531,.1214054679870605,1.436156193817531,0,0,-.8071998596191403,2002,.3166969871520996,2001,.3149808120727539,1,1,0,1.400345753399075,0,.442288108958183,0,1.405548996267832,0,.1706413336706394,0,1.400345753399075,0,.1700096315351076
Zambia,ZMB,2001,.4992551040649414,.3166969871520996,.0531699991226196,.2135700035095215,2.102429962158203,.0036744490265846,.5738557052612304,2.102429962158203,ZMB,.4327950856535274,.909921355552802,.0002402470298327,.9101616025826347,.101314001083374,.9101616025826347,0,0,-.5078500366210938,2003,.3174555778503418,2002,.3158420753479004,1,1,0,.8743511621641787,0,.2769043787703322,0,.8795544050329358,0,.0891111759443932,0,.8743511621641787,0,.0885840145907509
Zambia,ZMB,2002,.5191326141357422,.3174555778503418,.0450600004196167,.2223900032043457,1.802440032958984,.0102564990520477,.5590498733520508,1.802440032958984,ZMB,.3617583751208959,.6520477775760962,.0052253364024727,.6572731139785689,.1550364112854004,.6572731139785689,0,0,-.5033000183105469,2004,.3319343948364258,2003,.3166969871520996,1,1,0,.621462673560113,0,.197286792147444,0,.62666591642887,0,.0971560347580086,0,.621462673560113,0,.0963493426565902
Zambia,ZMB,2003,.5170325088500977,.3319343948364258,.0694500017166138,.2139999961853027,1.594579925537109,.0044397541880608,.5810179138183593,1.594579925537109,ZMB,.3137922386230121,.5003668044976055,.0046986500869532,.5050654545845588,.1552343273162842,.5050654545845588,0,0,-.8370999145507813,2005,.3148714447021485,2004,.3174555778503418,1,1,0,.4692550141661029,0,.1557618791511838,0,.4744582570348599,0,.0736522083704631,0,.4692550141661029,0,.0728444864638684
Zambia,ZMB,2004,.5110336303710937,.3148714447021485,.0703200006484985,.179689998626709,1.299140014648438,.0056445902585983,.6969221496582031,1.299140014648438,ZMB,.2458542460040129,.3193990887550339,.0031941887511559,.3225932775061898,.1453958797454834,.3225932775061898,0,0,-1.049080009460449,2006,.3043312835693359,2005,.3319343948364258,1,1,0,.2867828370877339,0,.0902997262295957,0,.291986079956491,0,.0424535729687091,0,.2867828370877339,0,.0416970428942767
Zambia,ZMB,2005,.5068035888671875,.3043312835693359,.0723600006103516,.1832500076293945,.7574800109863281,.0087406861782074,.8690000152587891,.7574800109863281,ZMB,.1207616951202291,.0914745701463988,.0021333348075865,.0936079049539853,.1157926177978516,.0936079049539853,0,0,-.5382700157165528,2007,.3007218933105469,2006,.3148714447021485,1,1,0,.0577974645355294,0,.0175895765691508,0,.0630007074042864,0,.0072950168334588,0,.0577974645355294,0,.0066925197206474
Zambia,ZMB,2006,.5065764236450195,.3007218933105469,.0790399980545044,.0901700019836426,.2500600051879883,.0104146802425385,1.23,.2500600051879883,ZMB,.0032813996426592,.0008205468116672,.0020763639429848,.002896910754652,.0445306539535522,.002896910754652,0,0,-.0581400108337402,2008,.3065659523010254,2007,.3043312835693359,1,1,.0329135296638039,0,.0098978189560319,0,.0277102867950469,0,.0012339571922239,0,.0329135296638039,0,.0014656609998488,0
Zambia,ZMB,2007,.5066712951660156,.3065659523010254,.0835200023651123,.1065499973297119,.2192099952697754,.0145563721656799,1.205999984741211,.2192099952697754,ZMB,-.0038697311526862,-.0008482837476757,.0021001568128865,.0012518730652108,.0730170488357544,.0012518730652108,0,0,-.0139900016784668,2009,.3133738899230957,2008,.3007218933105469,1,1,.0345585673532451,0,.0105944801108067,0,.0293553244844881,0,.0021434391614733,0,.0345585673532451,0,.0025233646001256,0
Zambia,ZMB,2008,.5052599716186523,.3133738899230957,.0777400016784668,.1244900035858154,.1919199943542481,.0135766518115997,1.080999984741211,.1919199943542481,ZMB,-.0100774651013815,-.0019340670453623,.0017462103682736,-.0001878566770887,.0753592348098755,-.0001878566770887,0,0,-.0029399871826172,2010,.311440544128418,2009,.3065659523010254,1,1,.0359982970955446,0,.0112809263914381,0,.0307950542267876,0,.0023206917224593,0,.0359982970955446,0,.0027128041235788,0
Zambia,ZMB,2009,.5056945037841797,.311440544128418,.0922000026702881,.1339200019836426,.2052199935913086,.0214669752120972,.9769999694824218,.2052199935913086,ZMB,-.007032058196147,-.001443118937947,.001855186878547,.0004120679406,.084761905670166,.0004120679406,0,0,.0028600120544434,2011,.3042050170898438,2010,.3133738899230957,1,1,.0353983724778559,0,.0110244883857639,0,.0301951296090989,0,.0025593967276249,0,.0353983724778559,0,.0030004335088454,0
Zambia,ZMB,2010,.505610466003418,.3042050170898438,.1029800033569336,.085,.1889800071716309,.0215371251106262,1.218000030517578,.1889800071716309,ZMB,-.0107859499350729,-.0020383288960829,.0018341110070579,-.000204217889025,.0901240921020508,-.000204217889025,0,0,.0602199935913086,2012,.311530818939209,2011,.311440544128418,1,1,.0360146583074809,0,.0109558397459121,0,.0308114154387239,0,.0027768508427941,0,.0360146583074809,0,.0032457883823273,0
Zambia,ZMB,2011,.5028678894042968,.311530818939209,.0556899976730347,.0865799999237061,.208080005645752,.0226446270942688,1.250999984741211,.208080005645752,ZMB,-.0061463946962862,-.0012789418431043,.001146299032156,-.0001326428109483,.0534828662872314,-.0001326428109483,0,0,.0510099983215332,2013,.3178257369995117,2012,.3042050170898438,1,1,.0359430832294042,0,.0111973781536564,0,.0307398403606472,0,.0016440547716993,0,.0359430832294042,0,.0019223391143091,0
Zambia,ZMB,2012,.5015525436401367,.3178257369995117,.0759700012207031,.0657499980926514,.2492000007629395,.0275496387481689,1.15,.2492000007629395,ZMB,.0034793143297547,.0008670451336294,.0008164228974235,.0016834680310529,.0707675838470459,.0016834680310529,0,0,.0893699836730957,2014,.3181837272644043,2013,.311530818939209,1,1,.034126972387403,0,.0108464301505884,0,.028923729518646,0,.0020468624538801,0,.034126972387403,0,.0024150833798714,0
Zambia,ZMB,2013,.4994434356689453,.3181837272644043,.0505800008773804,.0697800016403198,.2590900039672852,.0231339287757874,1.103000030517578,.2590900039672852,ZMB,.0059361361715467,.0015379935442364,.0002874787944908,.0018254723387271,.083612232208252,.0018254723387271,0,0,.3595999908447265,2015,.3300201797485351,2014,.3178257369995117,1,1,.0339849680797288,0,.0108134638145699,0,.0287817252109718,0,.0024065042916939,0,.0339849680797288,0,.0028415590426723,0
Zambia,ZMB,2014,.4977223968505859,.3300201797485351,.0469299983978271,.0781099987030029,.3385699844360351,.0253452849388123,1.068000030517578,.3385699844360351,ZMB,.0244765524559038,.0082870259840431,-.000144141277276,.0081428847067671,.1175972461700439,.0081428847067671,0,0,.2729700088500977,2016,.3182495880126953,2015,.3181837272644043,1,1,.0276675557116888,0,.0091308517091742,0,.0224643128429318,0,.0026417413274311,0,.0276675557116888,0,.0032536283599509,0
Zambia,ZMB,2015,.4972091293334961,.3182495880126953,.0292000007629395,.1010700035095215,.6186899948120117,.0237402534484863,1,.6186899948120117,ZMB,.0893817477965427,.0552995930805316,-.0002728638605197,.0550267292200118,.1517847633361816,.0550267292200118,0,0,.0473700332641602,2017,.3333133316040039,2016,.3300201797485351,1,1,0,.0192162888015559,0,.0061155759942281,0,.0244195316703129,0,.0037065128353588,0,.0192162888015559,0,.0029167398479439
Zambia,ZMB,2016,.4969881057739258,.3333133316040039,.0375600004196167,.178700008392334,.6115399932861328,.0181399786472321,.9619999694824218,.6115399932861328,ZMB,.0877435607991059,.0536586965819866,-.0003282944548946,.053330402127092,.189011344909668,.053330402127092,0,0,.2001100158691406,2018,.3319717025756836,2017,.3182495880126953,1,1,0,.0175199617086361,0,.0058396368066801,0,.0227232045773931,0,.0042949434578306,0,.0175199617086361,0,.0033114715253152
Zambia,ZMB,2017,.4953871154785156,.3319717025756836,.0352600002288818,.065770001411438,.6660600280761719,.015506579875946,1.065999984741211,.6660600280761719,ZMB,.1004947605678041,.0669355430452998,-.0007298075055192,.0662057355397805,.228326187133789,.0662057355397805,0,0,.3672599792480469,2019,.3325689315795898,2018,.3333133316040039,1,1,0,.0303952951213246,0,.0100903778717165,0,.0355985379900816,0,.0081280784468127,0,.0303952951213246,0,.0069400418418583
Zambia,ZMB,2018,.494953498840332,.3325689315795898,.0403499984741211,.0749499988555908,.8116500091552734,.0112338209152222,1.05,.8116500091552734,ZMB,.134241867916469,.108957413323423,-.000838554410293,.10811885891313,.2451606178283691,.10811885891313,0,0,.5883600616455078,2020,.3249271774291992,2019,.3319717025756836,1,1,0,.0723084184946741,0,.0240475334829836,0,.0775116613634311,0,.0190028067887621,0,.0723084184946741,0,.0177271765523466
Zambia,ZMB,2019,.489835319519043,.3249271774291992,.0144099998474121,.0915100002288818,1.033320007324219,.0102231061458588,1.008000030517578,1.033320007324219,ZMB,.1859763147479462,.192173046917479,-.0021221448223187,.1900509020951603,.3385097885131836,.1900509020951603,0,0,.0771499633789061,2021,.3189572906494141,2020,.3325689315795898,1,1,0,.1542404616767044,0,.0501169178579881,0,.1594437045454614,0,.0539732547054427,0,.1542404616767044,0,.052211906062357
Zambia,ZMB,2020,.4884543991088867,.3189572906494141,-.0278500008583069,.1573299980163574,1.400010070800781,.00873615026474,1.051999969482422,1.400010070800781,ZMB,.2709962580869473,.3793974904710538,-.0024684664509639,.3769290240200899,.2930234909057617,.3769290240200899,0,0,-.4052500915527344,2022,.3252793502807617,2021,.3249271774291992,1,1,0,.341118583601634,0,.1088022592157428,0,.346321826470391,0,.1014804305692134,0,.341118583601634,0,.0999557581797797
Zambia,ZMB,2021,.4881558609008789,.3252793502807617,.062350001335144,.2202099990844727,1.110469970703125,.018817822933197,1.283000030517578,1.110469970703125,ZMB,.2039739056906842,.226506897076536,-.0025433369776429,.2239635600988932,.2719835472106933,.2239635600988932,0,0,.1801100158691407,2023,.3337459564208984,2022,.3189572906494141,1,1,0,.1881531196804373,0,.061202324522951,0,.1933563625491943,0,.0525897493618867,0,.1881531196804373,0,.0511745529094434
Zambia,ZMB,2022,.4864089965820312,.3337459564208984,.0521099996566772,.1099300003051758,.9947599792480468,.01927365899086,1.169000015258789,.9947599792480468,ZMB,.1773181451978346,.1763889944373001,-.0029814338378791,.173407560599421,.305892162322998,.173407560599421,0,0,,,.3353751754760742,2023,.3252793502807617,0,1,,,,,0,.1428003630497221,0,.0436815118337887,0,.1375971201809651,0,.0420898806215729
Zambia,ZMB,2023,.4845816421508789,.3353751754760742,.0536800003051758,.1088500022888184,1.290579986572266,.019559143781662,1.165,1.290579986572266,ZMB,.2459626916537216,.3174345272917383,-.0034397168482932,.313994810443445,.2780060195922852,.313994810443445,0,0,,,,,.3337459564208984,0,0,,,,,,,,,,,,
