country_name,iso3,year,vulnerability100,debt_gdp,b_it_theta,country_id,mA_hat,spread_saving_component,TA_hat,theta_hat_A,theta_recomputed_debt_gdp,theta_reconstruction_diff,b_it_mapping_diff,b_outcome,b_outcome_year,A_outcome,A_outcome_year,debt_ns_missing_count,ready_ns_missing_count,sample_debt_ns,sample_ready_ns,debt_hinge_low_ns,debt_hinge_high_ns,debt_kink_low,debt_kink_high,ready_hinge_low_ns,ready_hinge_high_ns,ready_kink_low,ready_kink_high,ready_debt_hinge_low_ns,ready_debt_hinge_high_ns,ready_debt_kink_low,ready_debt_kink_high
Australia,AUS,1995,.3268232727050781,.3109700012207031,.3109700012207031,AUS,.0122135265552812,.0037980403678049,-.0427445877837959,-.0389465474159911,-.0389465474159911,0,0,-.0523299980163574,1997,.5860774612426758,1996,1,1,0,0,,,,,,,,,,,,
Australia,AUS,1996,.3267949295043945,.2929999923706055,.2929999923706055,AUS,.0088013696316019,.0025788012349102,-.0427516257240702,-.04017282448916,-.04017282448916,0,0,-.0564299964904785,1998,.587919807434082,1997,1,1,0,0,,,,,,,,,,,,
Australia,AUS,1997,.3280905532836914,.2586400032043457,.2586400032043457,AUS,.0023122942329782,.0005980517878269,-.0424299075498095,-.0418318557619827,-.0418318557619827,0,0,-.0336000061035156,1999,.5919098281860351,1998,1,1,0,0,,,,,,,,,,,,
Australia,AUS,1998,.3285287475585937,.2365699958801269,.2365699958801269,AUS,-.0018660306772227,-.0004414468696228,-.0423210989092568,-.0427625457788796,-.0427625457788796,0,0,-.0419899940490722,2000,.5988552093505859,1999,1,1,0,0,,,,,,,,,,,,
Australia,AUS,1999,.3286614227294922,.2250399971008301,.2250399971008301,AUS,-.0040514178136479,-.0009117310530376,-.0422881541498033,-.0431998852028409,-.0431998852028409,0,0,-.0542799949645996,2001,.6069406127929687,2000,1,1,0,0,,,,,,,,,,,,
Australia,AUS,2000,.3286286544799805,.1945800018310547,.1945800018310547,AUS,-.0098347828772075,-.0019136520702551,-.0422962908802146,-.0442099429504697,-.0442099429504697,0,0,-.0447300052642823,2002,.6124575042724609,2001,0,0,1,1,.1190945947238203,0,.0722833463020058,0,.0811437217073142,0,.0015049736456271,0,.1190945947238203,0,.0022088489734608,0
Australia,AUS,2001,.3276745223999024,.1707600021362305,.1707600021362305,AUS,-.0143816562503862,-.0024558116520385,-.0425332127673483,-.0449890244193868,-.0449890244193868,0,0,-.0391100025177002,2003,.6151788330078125,2002,0,0,1,1,.1198736761927374,0,.0734175325489691,0,.0819228031762313,0,.0016510928240453,0,.1198736761927374,0,.0024159642844251,0
Australia,AUS,2002,.3280223846435547,.1498499965667724,.1498499965667724,AUS,-.0183421241044644,-.0027485672340813,-.0424468346013171,-.0451954018353984,-.0451954018353984,0,0,-.0309700012207031,2004,.6199591827392578,2003,0,0,1,1,.120080053608749,0,.0738707072465458,0,.0821291805922429,0,.0015419139278893,0,.120080053608749,0,.0022544131791631,0
Australia,AUS,2003,.3275015640258789,.1316499996185303,.1316499996185303,AUS,-.021810792358321,-.0028713908056528,-.0425761603059803,-.0454475511116331,-.0454475511116331,0,0,-.0232499980926514,2005,.6290117645263672,2004,0,0,1,1,.1203322028849837,0,.0746010541577891,0,.0823813298684776,0,.000670046747662,0,.1203322028849837,0,.000978719344672,0
Australia,AUS,2004,.3267987442016602,.1188799953460693,.1188799953460693,AUS,-.0242533825758281,-.0028832420077409,-.0427506784911934,-.0456339204989343,-.0456339204989343,0,0,-.0196799945831299,2006,.6338233566284179,2005,0,0,1,1,.1205185722722849,0,.0758075998031885,0,.0825676992557788,0,-.0000251577386577,0,.1205185722722849,0,-.0000367210758196,0
Australia,AUS,2005,.327109603881836,.1084000015258789,.1084000015258789,AUS,-.0262347878299262,-.0028438510407951,-.0426734884840668,-.0455173395248619,-.0455173395248619,0,0,-.0119299983978271,2007,.6775400543212891,2006,0,0,1,1,.1204019912982125,0,.0763135942693786,0,.0824511182817064,0,-.0003254889102646,0,.1204019912982125,0,-.0004753060208043,0
Australia,AUS,2006,.3270945358276367,.0992000007629395,.0992000007629395,AUS,-.0279817044789933,-.0027757851056645,-.04267723005393,-.0454530151595944,-.0454530151595944,0,0,.0178899955749512,2008,.6845761108398437,2007,0,0,1,1,.120337666932945,0,.0815335893906448,0,.0823867939164389,0,-.0006910461481856,0,.120337666932945,0,-.0010093714934459,0
Australia,AUS,2007,.3271295928955078,.0964700031280518,.0964700031280518,AUS,-.0284990510776556,-.0027493035466079,-.0426685249837926,-.0454178285304005,-.0454178285304005,0,0,.0691899967193604,2009,.6924519348144531,2008,0,0,1,1,.1203024803037511,0,.0823562040907289,0,.082351607287245,0,-.0004427877539767,0,.1203024803037511,0,-.0006468418383835,0
Australia,AUS,2008,.3265549468994141,.1170899963378906,.1170899963378906,AUS,-.0245995566260416,-.0028803619952569,-.0428112161443468,-.0456915781396037,-.0456915781396037,0,0,.0857900047302246,2010,.6840602111816406,2009,0,0,1,1,.1205762299129543,0,.0834932436958576,0,.0826253568964482,0,-.0000755927882416,0,.1205762299129543,0,-.0001103135133952,0
Australia,AUS,2009,.3268610382080078,.1656599998474121,.1656599998474121,AUS,-.0153710648204921,-.0025463705958173,-.0427352101783161,-.0452815807741333,-.0452815807741333,0,0,.0739599990844726,2011,.6909468841552734,2010,0,0,1,1,.120166232547484,0,.082200938413334,0,.0822153595309778,0,.0000944461346548,0,.120166232547484,0,.0001380427726022,0
Australia,AUS,2010,.3265001678466797,.2028800010681152,.2028800010681152,AUS,-.008314655109353,-.0016868772374666,-.042824818408457,-.0445116956459235,-.0445116956459235,0,0,.0713199996948242,2012,.6945819854736328,2011,0,0,1,1,.1193963474192741,0,.082496534228868,0,.081445474402768,0,.0006004864942161,0,.1193963474192741,0,.0008802931606666,0
Australia,AUS,2011,.3265813446044922,.2396199989318848,.2396199989318848,AUS,-.0013378343928404,-.0003205718757835,-.0428046612928397,-.0431252331686231,-.0431252331686231,0,0,.0637100028991699,2013,.6979860687255859,2012,0,0,1,1,.1180098849419737,0,.0819675401885111,0,.0800590119254676,0,.0011119657998731,0,.1180098849419737,0,.0016390778870041,0
Australia,AUS,2012,.3276515579223633,.2742000007629394,.2742000007629394,AUS,.0052547412944631,.0014408500669508,-.0425389151092664,-.0410980650423155,-.0410980650423155,0,0,.0647300148010254,2014,.7084961700439453,2013,0,0,1,1,.1159827168156661,0,.0809543205502797,0,.07803184379916,0,.0015211949541658,0,.1159827168156661,0,.0022610297924593,0
Australia,AUS,2013,.3267119979858398,.3033300018310547,.3033300018310547,AUS,.0107602493963193,.0032639064690881,-.0427722185668108,-.0395083120977227,-.0395083120977227,0,0,.0724200057983398,2015,.7096913146972657,2014,0,0,1,1,.1143929638710733,0,.0810469767826308,0,.0764420908545672,0,.0016794927174434,0,.1143929638710733,0,.0025133031763057,0
Australia,AUS,2014,.3264526748657227,.3389300155639648,.3389300155639648,AUS,.0175117712386957,.0059352648984837,-.0428366114577726,-.0369013465592888,-.0369013465592888,0,0,.0656699752807617,2016,.7059880065917968,2015,0,0,1,1,.1117859983326394,0,.0793335521214372,0,.0738351253161333,0,.0018323437305929,0,.1117859983326394,0,.0027741589431301,0
Australia,AUS,2015,.3271173095703125,.3757500076293945,.3757500076293945,AUS,.0245190025294462,.0092130153875045,-.0426715750736557,-.0334585596861512,-.0334585596861512,0,0,.034640007019043,2017,.7049276733398437,2016,0,0,1,1,.1083432114595018,0,.0764890078860472,0,.0703923384429957,0,.0018695850260916,0,.1083432114595018,0,.0028775410833579,0
Australia,AUS,2016,.3279792785644531,.4045999908447266,.4045999908447266,AUS,.030018360551615,.0121454284043571,-.0424575383328244,-.0303121099284673,-.0303121099284673,0,0,.0113800048828125,2018,.6910182952880859,2017,0,0,1,1,.1051967617018179,0,.0741561084693485,0,.0672458886853118,0,.001740636756967,0,.1051967617018179,0,.0027229820842873,0
Australia,AUS,2017,.3276167678833008,.4103900146484375,.4103900146484375,AUS,.0311080765209217,.0127664439791058,-.0425475538731024,-.0297811098939966,-.0297811098939966,0,0,.0548999786376953,2019,.6957149505615234,2018,0,0,1,1,.1046657616673472,0,.0723259562023993,0,.0667148886508411,0,.0016561246299821,0,.1046657616673472,0,.00259821382181,0
Australia,AUS,2018,.3155680274963379,.4159799957275391,.4159799957275391,AUS,.0318548807303149,.0132509931500977,-.0455393936504937,-.0322884005003961,-.0322884005003961,0,0,.153120002746582,2020,.6934119415283203,2019,0,0,1,1,.1071730522737467,0,.0745618947641572,0,.0692221792572406,0,.0016447558976124,0,.1071730522737467,0,.0025464888809309,0
Australia,AUS,2019,.3135621643066406,.4652899932861328,.4652899932861328,AUS,.0411635254246044,.0191529764684478,-.0460374723779128,-.0268844959094651,-.0268844959094651,0,0,.0884300231933594,2021,.6805802154541015,2020,0,0,1,1,.1017691476828157,0,.0705679422824236,0,.0638182746663096,0,.0015228876318277,0,.1017691476828157,0,.0024285046425679,0
Australia,AUS,2020,.3137673759460449,.5690999984741211,.5690999984741211,AUS,.0608761187623038,.0346445990947375,-.0459865159853079,-.0113419168905704,-.0113419168905704,0,0,-.068650016784668,2022,.6939528656005859,2021,0,0,1,1,.086226568663921,0,.0586840966791592,0,.0482756956474149,0,.0012161797822698,0,.086226568663921,0,.0021722526852738,0
Australia,AUS,2021,.3131583213806152,.5537200164794922,.5537200164794922,AUS,.0579404983731561,.032082813714014,-.0461377511864104,-.0140549374723964,-.0140549374723964,0,0,-.0595600128173828,2023,.6931456756591797,2022,0,0,1,1,.088939589245747,0,.0617198828224252,0,.0509887162292409,0,.00121869273502,0,.088939589245747,0,.0021257650571577,0
Australia,AUS,2022,.3158762359619141,.5004499816894531,.5004499816894531,AUS,.0478986622043371,.0239708846231098,-.0454628619702164,-.0214919773471066,-.0214919773471066,0,0,,,.6933090972900391,2023,1,0,0,1,,,,,.0584257561039511,0,.0012355499872508,0,.0963766291204572,0,.0020381104297425,0
Australia,AUS,2023,.3159372329711914,.4941600036621094,.4941600036621094,AUS,.0467061676035065,.0230803199539919,-.0454477157165171,-.0223673957625252,-.0223673957625252,0,0,,,,,1,1,0,0,,,,,,,,,,,,
Austria,AUT,1995,.3063405418395996,.6823799896240235,.6823799896240235,AUT,.0821873419078782,.056082997518324,-.0478306836730599,.0082523138452641,.0082523138452641,0,0,-.0486499786376954,1997,.6091216278076171,1996,1,1,0,0,,,,,,,,,,,,
Austria,AUT,1996,.3071669387817383,.6818000030517578,.6818000030517578,AUT,.0820988012192726,.0559749629218457,-.0476254798788043,.0083494830430414,.0083494830430414,0,0,.0101699829101563,1998,.6105945205688477,1997,1,1,0,0,,,,,,,,,,,,
Austria,AUT,1997,.3061225318908691,.6337300109863281,.6337300109863281,AUT,.0729459660240143,.0462280478498069,-.0478848180319664,-.0016567701821595,-.0016567701821595,0,0,-.0203300094604492,1999,.6114191055297852,1998,1,1,0,0,,,,,,,,,,,,
Austria,AUT,1998,.3066686058044434,.6919699859619141,.6919699859619141,AUT,.0840164623073787,.0581368702434065,-.0477492216456591,.0103876485977474,.0103876485977474,0,0,-.0308799743652344,2000,.6154182434082032,1999,1,1,0,0,,,,,,,,,,,,
Austria,AUT,1999,.3046699333190918,.6134000015258789,.6134000015258789,AUT,.069048623840302,.0423544259690011,-.0482455148391055,-.0058910888701044,-.0058910888701044,0,0,.0589799880981445,2001,.6191512298583984,2000,1,1,0,0,,,,,,,,,,,,
Austria,AUT,2000,.3039168739318848,.6610900115966797,.6610900115966797,AUT,.078082421088843,.05161950866312,-.0484325080813054,.0031870005818146,.0031870005818146,0,0,.0133100128173829,2002,.6275384521484375,2001,0,0,1,1,.071697651191536,0,.044391688913198,0,.0337467781750299,0,.0018957311599877,0,.071697651191536,0,.0040276280822059,0
Austria,AUT,2001,.3037926292419433,.6723799896240235,.6723799896240235,AUT,.0802224627892569,.0539399786978542,-.0484633594561013,.0054766192417528,.0054766192417528,0,0,-.0082599639892579,2003,.634068717956543,2002,0,0,1,1,.0694080325315978,0,.0435562093015473,0,.0314571595150917,0,.0016540201148933,0,.0694080325315978,0,.0036494802363626,0
Austria,AUT,2002,.3044147491455078,.6744000244140625,.6744000244140625,AUT,.0806221785123168,.0543715991570214,-.0483088799823959,.0060627191746254,.0060627191746254,0,0,-.015279998779297,2004,.6313937377929687,2003,0,0,1,1,.0688219325987252,0,.0436378345701653,0,.0308710595822191,0,.001607342214923,0,.0688219325987252,0,.0035833042038581,0
Austria,AUT,2003,.304641056060791,.6641200256347656,.6641200256347656,AUT,.078676533929499,.0522506617301134,-.0482526853919825,.0039979763381309,.0039979763381309,0,0,.0301599884033203,2005,.6373421859741211,2004,0,0,1,1,.0708866754352197,0,.0447574029627604,0,.0329358024187136,0,.0015978390044134,0,.0708866754352197,0,.0034389778473784,0
Austria,AUT,2004,.3043294334411621,.6591200256347656,.6591200256347656,AUT,.0777192051159389,.0512262844683313,-.0483300648456845,.0028962196226467,.0028962196226467,0,0,.0226399993896484,2006,.6465612030029297,2005,0,0,1,1,.0719884321507039,0,.0458812647117793,0,.0340375591341978,0,.0015841683128731,0,.0719884321507039,0,.0033504691877856,0
Austria,AUT,2005,.3044386100769043,.6942800140380859,.6942800140380859,AUT,.084396808256936,.0585950172213951,-.0483029550407518,.0102920621806433,.0102920621806433,0,0,-.0361499786376953,2007,.6764082336425781,2006,0,0,1,1,.0645925895927073,0,.0417630624321353,0,.0266417165762012,0,.0013070094950006,0,.0645925895927073,0,.0031688321457393,0
Austria,AUT,2006,.3043173599243164,.681760025024414,.681760025024414,AUT,.0820168560528588,.0559158138350208,-.0483330628377394,.0075827509972813,.0075827509972813,0,0,.0135199737548829,2008,.6878566741943359,2007,0,0,1,1,.0673019007760693,0,.0455235598247291,0,.0293510277595632,0,.0014276973446622,0,.0673019007760693,0,.0032737097254595,0
Austria,AUT,2007,.3030762672424316,.6581300354003906,.6581300354003906,AUT,.0774985662610922,.0510041341568921,-.0486412403180269,.0023628938388652,.0023628938388652,0,0,.1493899536132812,2009,.6849156951904297,2008,0,0,1,1,.0725217579344854,0,.0498845752195418,0,.0345708849179793,0,.001602238773271,0,.0725217579344854,0,.0033611280921529,0
Austria,AUT,2008,.3034719467163086,.6952799987792969,.6952799987792969,AUT,.0845614211293053,.058793864779559,-.0485429885878856,.0102508761916734,.0102508761916734,0,0,.1412599945068359,2010,.6682797241210937,2009,0,0,1,1,.0646337755816772,0,.0442686873353067,0,.0266829025651711,0,.0012157650931373,0,.0646337755816772,0,.0029449377929536,0
Austria,AUT,2009,.303918628692627,.8075199890136718,.8075199890136718,AUT,.1058806593733497,.0855007488939277,-.0484320723541821,.0370686765397455,.0370686765397455,0,0,.0260400390625001,2011,.6750405883789062,2010,0,0,1,1,.0378159752336051,0,.0252716494964837,0,0,.000134897782901,0,6.35061414195e-06,.0378159752336051,0,.0017802714169601,0
Austria,AUT,2010,.3024361228942871,.8365399932861328,.8365399932861328,AUT,.111351118329729,.0931496637799549,-.048800195467075,.0443494683128799,.0443494683128799,0,0,-.0071900177001953,2012,.6754353332519532,2011,0,0,1,1,.0305351834604707,0,.020612488209414,0,0,.0074156895560354,0,.0003417235526975,.0305351834604707,0,.0014070965748412,0
Austria,AUT,2011,.3035120391845703,.8335600280761719,.8335600280761719,AUT,.1108134777731601,.0923696856438136,-.0485330331703509,.0438366524734626,.0438366524734626,0,0,-.0092500305175781,2013,.6805509185791015,2012,0,0,1,1,.031047999299888,0,.0209709157539262,0,0,.0069028737166182,0,.0003096890869368,.031047999299888,0,.0013929309660192,0
Austria,AUT,2012,.2997461700439453,.8293499755859375,.8293499755859375,AUT,.1099159784819606,.0911588140705185,-.0494681414662823,.0416906726042362,.0416906726042362,0,0,.0227500152587891,2014,.6953206634521485,2013,0,0,1,1,.0331939791691145,0,.0225901930148364,0,0,.0047568938473917,0,.0002154068686348,.0331939791691145,0,.0015031260607738,0
Austria,AUT,2013,.3011209678649902,.8243099975585938,.8243099975585938,AUT,.1089950650328101,.0898457217910945,-.0491267634736646,.0407189583174299,.0407189583174299,0,0,.0318399810791015,2015,.7086733245849609,2014,0,0,1,1,.0341656934559207,0,.0237561126410735,0,0,.0037851795605854,0,.0001631601162985,.0341656934559207,0,.0014727117771994,0
Austria,AUT,2014,.3037026596069336,.8520999908447265,.8520999908447265,AUT,.1143380688552458,.0974274674247587,-.0484856999434996,.0489417674812591,.0489417674812591,0,0,-.0179100036621094,2016,.7045801544189453,2015,0,0,1,1,.0259428842920915,0,.0183850300605994,0,0,.0120079887244146,0,.0004831934702281,.0259428842920915,0,.0010439243887143,0
Austria,AUT,2015,.3001437759399414,.8561499786376953,.8561499786376953,AUT,.1150140524088423,.0984692785128651,-.0493694113835383,.0490998671293268,.0490998671293268,0,0,-.0655799865722656,2017,.6877032470703125,2016,0,0,1,1,.0257847846440238,0,.0181674475461455,0,0,.0121660883724823,0,.0004467061246919,.0257847846440238,0,.0009467481142417,0
Austria,AUT,2016,.2985615348815918,.8341899871826172,.8341899871826172,AUT,.1108038924330307,.092431497608494,-.0497622998999939,.0426691977085001,.0426691977085001,0,0,-.0883300018310547,2018,.6908674621582032,2017,0,0,1,1,.0322154540648505,0,.0221546723662422,0,0,.0057354189516556,0,.0001962411590278,.0322154540648505,0,.0011022731029036,0
Austria,AUT,2017,.2984765243530274,.7905699920654297,.7905699920654297,AUT,.1025208764975106,.0810499285191778,-.0497834089846523,.0312665195345255,.0312665195345255,0,0,-.0805100250244141,2019,.6908810424804688,2018,0,0,1,1,.0436181322388251,0,.030134348323918,0,.005667259222319,0,.0001732127901521,0,.0436181322388251,0,.0013331344288178,0
Austria,AUT,2018,.2976770401000977,.7458599853515625,.7458599853515625,AUT,.0940122901260743,.0701200053363006,-.0499819300509624,.0201380752853382,.0201380752853382,0,0,.0859700012207031,2020,.6861134338378906,2019,0,0,1,1,.0547465764880124,0,.0378233718362747,0,.0167957034715063,0,.0004482209685808,0,.0547465764880124,0,.0014610024272915,0
Austria,AUT,2019,.2982572555541992,.7100599670410156,.7100599670410156,AUT,.0872311727510811,.0619393636485818,-.0498378559304081,.0121015077181736,.0121015077181736,0,0,.1139300537109376,2021,.6816719818115234,2020,0,0,1,1,.062783144055177,0,.0430763585548364,0,.0248322710386709,0,.0005886464609549,0,.062783144055177,0,.0014882680483854,0
Austria,AUT,2020,.2938090705871582,.8318299865722656,.8318299865722656,AUT,.1102318622356488,.0916941684833155,-.0509423910348401,.0407517774484755,.0407517774484755,0,0,-.0504199981689453,2022,.6798137664794922,2021,0,0,1,1,.0341328743248751,0,.0232674240859613,0,0,.003817998691631,0,.0000872321159456,.0341328743248751,0,.0007798543402312,0
Austria,AUT,2021,.291540756225586,.8239900207519532,.8239900207519532,AUT,.1086843386312324,.0895548104441615,-.0515056393841798,.0380491710599817,.0380491710599817,0,0,-.0464500427246094,2023,.6751003265380859,2022,0,0,1,1,.0368354807133689,0,.025041266883838,0,0,.0011153923031372,0,.0000199220727871,.0368354807133689,0,.000657920200682,0
Austria,AUT,2022,.2991105270385742,.7814099884033203,.7814099884033203,AUT,.1007984894670652,.0787649464855316,-.0496259788805358,.0291389676049958,.0291389676049958,0,0,,,.6761976623535156,2023,1,0,0,1,,,,,.0077948111518487,0,.0001182867085971,0,.0457456841683548,0,.0006941933944757,0
Austria,AUT,2023,.2953165626525879,.7775399780273438,.7775399780273438,AUT,.0999648104920579,.0777266365535023,-.0505680635466045,.0271585730068978,.0271585730068978,0,0,,,,,1,1,0,0,,,,,,,,,,,,
Belgium,BEL,1995,.3578819274902344,1.312859954833984,1.312859954833984,BEL,.2032222381587896,.2668023384104097,-.0350323692585265,.2317699691518833,.2317699691518833,0,0,-.0701499176025391,1997,.5461596298217773,1996,1,1,0,0,,,,,,,,,,,,
Belgium,BEL,1996,.3569965362548828,1.290039978027344,1.290039978027344,BEL,.1988670023182837,.2565463833010423,-.035252222009221,.2212941612918213,.2212941612918213,0,0,-.0981800079345703,1998,.5434723663330078,1997,1,1,0,0,,,,,,,,,,,,
Belgium,BEL,1997,.3569110107421875,1.242710037231445,1.242710037231445,BEL,.18987967874274,.2359653826398853,-.0352734589703178,.2006919236695674,.2006919236695674,0,0,-.0890900421142578,1999,.534102668762207,1998,1,1,0,0,,,,,,,,,,,,
Belgium,BEL,1998,.3566569519042969,1.191859970092773,1.191859970092773,BEL,.1802196985308137,.2147966445010643,-.0353365446799097,.1794600998211546,.1794600998211546,0,0,-.0959700012207032,2000,.5354909133911133,1999,1,1,0,0,,,,,,,,,,,,
Belgium,BEL,1999,.3565018463134766,1.153619995117187,1.153619995117187,BEL,.1729561938526253,.1995257235077529,-.0353750591686785,.1641506643390745,.1641506643390745,0,0,-.071449966430664,2001,.5435758590698242,2000,1,1,0,0,,,,,,,,,,,,
Belgium,BEL,2000,.3561085891723633,1.09588996887207,1.09588996887207,BEL,.1619864935161395,.1775193733370979,-.035472709405943,.1420466639311549,.1420466639311549,0,0,-.0415200042724608,2002,.5476517105102539,2001,0,0,1,1,0,.0671620121578043,0,.0365076484555364,0,.1051128851743104,0,.0133375866808312,0,.0671620121578043,0,.0085220680350298
Belgium,BEL,2001,.3566558837890625,1.082170028686523,1.082170028686523,BEL,.1593961879281902,.172493777262772,-.0353368099051151,.1371569673576569,.1371569673576569,0,0,-.0655800628662109,2003,.5555706024169922,2002,0,0,1,1,0,.0622723155843063,0,.0341035401471797,0,.1002231886008124,0,.0121329608545181,0,.0622723155843063,0,.0075386502649992
Belgium,BEL,2002,.354638557434082,1.054369964599609,1.054369964599609,BEL,.1540659985921676,.1624425614816273,-.0358377350673289,.1266048264142984,.1266048264142984,0,0,-.0826699829101563,2004,.5480087661743164,2003,0,0,1,1,0,.0517201746409478,0,.0287342085823834,0,.0896710476574539,0,.0096487195259294,0,.0517201746409478,0,.005565157004175
Belgium,BEL,2003,.3557043075561523,1.016589965820313,1.016589965820313,BEL,.1469216720764436,.149359097594455,-.0355730971462214,.1137860004482336,.1137860004482336,0,0,-.0651699829101563,2005,.5491798782348633,2004,0,0,1,1,0,.038901348674883,0,.0213182800898395,0,.0768522216913891,0,.0077347558276509,0,.038901348674883,0,.0039152080023764
Belgium,BEL,2004,.3517432403564453,.9716999816894532,.9716999816894532,BEL,.1382964218171123,.1343826305474049,-.0365566753484563,.0978259551989486,.0978259551989486,0,0,-.0567599487304687,2006,.5431279373168946,2005,0,0,1,1,0,.022941303425598,0,.012598902221819,0,.0608921764421041,0,.0055507659888079,0,.022941303425598,0,.0020912671255035
Belgium,BEL,2005,.3505686187744141,.9514199829101563,.9514199829101563,BEL,.1344158270548199,.1278859038793513,-.0368483472958663,.091037556583485,.091037556583485,0,0,-.0781700134277344,2007,.5681457138061523,2006,0,0,1,1,0,.0161529048101344,0,.0087730938712044,0,.0541037778266405,0,.0044474586433332,0,.0161529048101344,0,.0013278070219599
Belgium,BEL,2006,.3507474136352539,.9149400329589844,.9149400329589844,BEL,.1274951572961331,.1166504234186349,-.0368039504909329,.0798464729277021,.0798464729277021,0,0,.0166600036621093,2008,.5743900680541992,2007,0,0,1,1,0,.0049618211543515,0,.0028190374215175,0,.0429126941708576,0,.0032874437983558,0,.0049618211543515,0,.0003801138217395
Belgium,BEL,2007,.3520602416992187,.8732499694824218,.8732499694824218,BEL,.1196149932372621,.1044537891940792,-.036477960296398,.0679758288976812,.0679758288976812,0,0,.125279998779297,2009,.5836947631835937,2008,0,0,1,1,.0069088228756694,0,.0039683592417302,0,0,.0310420501408367,0,.0022974015632442,.0069088228756694,0,.0005113174034166,0
Belgium,BEL,2008,.3531502151489258,.9316000366210937,.9316000366210937,BEL,.1307205816554,.1217792986573013,-.0362073074465231,.0855719912107781,.0855719912107781,0,0,.0708499908447267,2010,.5906165313720703,2009,0,0,1,1,0,.0106873394374275,0,.0062381440619919,0,.0486382124539336,0,.0034520599466907,0,.0106873394374275,0,.0007585257464709
Belgium,BEL,2009,.3517179489135742,.9985299682617188,.9985299682617188,BEL,.1433891528881955,.1431783662825246,-.0365629555024291,.1066154107800955,.1066154107800955,0,0,.0288200378417969,2011,.583470344543457,2010,0,0,1,1,0,.0317307590067449,0,.0187407108223667,0,.069681632023251,0,.0049787805052753,0,.0317307590067449,0,.0022671754345199
Belgium,BEL,2010,.3530846405029297,1.00245002746582,1.00245002746582,BEL,.1441689968328021,.1445222148347622,-.0362235903796745,.1082986244550877,.1082986244550877,0,0,.0408999633789062,2012,.5844009017944336,2011,0,0,1,1,0,.0334139726817371,0,.0194960621531788,0,.0713648456982432,0,.004697527319478,0,.0334139726817371,0,.0021994449506477
Belgium,BEL,2011,.3469819641113281,1.027350006103516,1.027350006103516,BEL,.1487367553539412,.1528047065206886,-.0377389545912478,.1150657519294408,.1150657519294408,0,0,.022969970703125,2013,.5914220046997071,2012,0,0,1,1,0,.0401811001560902,0,.0234818711663116,0,.0781319731725963,0,.0049363418013225,0,.0401811001560902,0,.0025386232584383
Belgium,BEL,2012,.3458176040649414,1.043349990844727,1.043349990844727,BEL,.1517438019858967,.1583218944127293,-.0380280784822194,.1202938159305099,.1202938159305099,0,0,.0222000122070312,2014,.5978520965576172,2013,0,0,1,1,0,.0454091641571593,0,.0268559788975653,0,.0833600371736654,0,.0051915300922162,0,.0454091641571593,0,.0028280102813912
Belgium,BEL,2013,.3451184844970703,1.050319976806641,1.050319976806641,BEL,.1530487380355267,.16075014698376,-.038201677851542,.122548469132218,.122548469132218,0,0,.0054000091552733,2015,.610228157043457,2014,0,0,1,1,0,.0476638173588673,0,.0284959131379382,0,.0856146903753734,0,.0048961639977625,0,.0476638173588673,0,.0027258156926716
Belgium,BEL,2014,.3430706024169922,1.065550003051758,1.065550003051758,BEL,.1558865618713271,.1661049264777206,-.0387101903490986,.127394736128622,.127394736128622,0,0,-.0108000183105468,2016,.609809226989746,2015,0,0,1,1,0,.0525100843552714,0,.0320431320023137,0,.0904609573717775,0,.0051272927558628,0,.0525100843552714,0,.0029762516664291
Belgium,BEL,2015,.3437548828125,1.055719985961914,1.055719985961914,BEL,.1540382917584902,.1626213032128704,-.0385402757156665,.124081027497204,.124081027497204,0,0,-.0308699798583982,2017,.6006997299194335,2016,0,0,1,1,0,.0491963757238534,0,.0300004038508601,0,.0871472487403595,0,.0045280763854777,0,.0491963757238534,0,.0025561902456606
Belgium,BEL,2016,.3409006500244141,1.054749984741211,1.054749984741211,BEL,.1537796700239067,.162199104611224,-.0392490142987112,.1229500903125128,.1229500903125128,0,0,-.053969955444336,2018,.5944580841064453,2017,0,0,1,1,0,.0480654385391622,0,.0288728959489339,0,.0860163115556683,0,.0041651567270448,0,.0480654385391622,0,.0023274665124438
Belgium,BEL,2017,.341580810546875,1.024850006103516,1.024850006103516,BEL,.1481212211081667,.1518020343567648,-.039080122676786,.1127219116799788,.1127219116799788,0,0,-.0491200256347657,2019,.5869912719726562,2018,0,0,1,1,0,.0378372599066282,0,.0224926650319318,0,.0757881329231343,0,.0031174238731138,0,.0378372599066282,0,.0015563752895953
Belgium,BEL,2018,.3442860412597656,1.000780029296875,1.000780029296875,BEL,.1436223781395879,.1437344078022236,-.0384083830099073,.1053260247923164,.1053260247923164,0,0,.1116699981689453,2020,.5866988372802734,2019,0,0,1,1,0,.0304413730189658,0,.0178688202689968,0,.0683922460354719,0,.0025133349468194,0,.0304413730189658,0,.0011186848081879
Belgium,BEL,2019,.3353820037841797,.97572998046875,.97572998046875,BEL,.1386345512484927,.1352698879819857,-.0406193571568535,.0946505308251323,.0946505308251323,0,0,.1096800231933592,2021,.593534278869629,2020,0,0,1,1,0,.0197658790517817,0,.0115966182575028,0,.0577167520682878,0,.002035641056867,0,.0197658790517817,0,.0006971326951189
Belgium,BEL,2020,.3349691772460938,1.11245002746582,1.11245002746582,BEL,.1645786433600014,.183085516326121,-.0407218666987758,.1423636496273452,.1423636496273452,0,0,-.0810500335693358,2022,.5948916625976562,2021,0,0,1,1,0,.0674789978539946,0,.0400510983301159,0,.1054298708705007,0,.0036481661604993,0,.0674789978539946,0,.002334960618682
Belgium,BEL,2021,.3321617507934571,1.085410003662109,1.085410003662109,BEL,.1593721231327422,.1729840967531479,-.0414189827344228,.1315651140187251,.1315651140187251,0,0,-.0634999847412108,2023,.5946538543701172,2022,0,0,1,1,0,.0566804622453745,0,.0337187344219545,0,.0946313352618806,0,.002766137871845,0,.0566804622453745,0,.0016568082102691
Belgium,BEL,2022,.3332947158813477,1.031399993896484,1.031399993896484,BEL,.1491484534596648,.1538317139879684,-.0411376545700269,.1126940594179415,.1126940594179415,0,0,,,.5866808319091796,2023,1,0,0,1,,,,,0,.075760280661097,0,.0019907155737222,0,.0378094076445909,0,.0009934991789167
Belgium,BEL,2023,.3347019958496094,1.021910018920899,1.021910018920899,BEL,.1473836024273779,.150612779945192,-.0407882108894636,.1098245690557284,.1098245690557284,0,0,,,,,1,1,0,0,,,,,,,,,,,,
Bangladesh,BGD,1995,.5762206649780274,,,BGD,,,.0191836316496028,,,,,,,.3379502487182617,1996,2,1,0,0,,,,,,,,,,,,
Bangladesh,BGD,1996,.5748606872558594,,,BGD,,,.0188459336567112,,,,,,,.3401888656616211,1997,2,1,0,0,,,,,,,,,,,,
Bangladesh,BGD,1997,.580283432006836,,,BGD,,,.0201924630803319,,,,,,,.3423096466064453,1998,2,1,0,0,,,,,,,,,,,,
Bangladesh,BGD,1998,.5707224655151367,,,BGD,,,.0178183659596799,,,,,,,.3360574340820313,1999,2,1,0,0,,,,,,,,,,,,
Bangladesh,BGD,1999,.5683249664306641,,,BGD,,,.0172230395689689,,,,,,,.3298131942749024,2000,2,1,0,0,,,,,,,,,,,,
Bangladesh,BGD,2000,.5652453994750977,,,BGD,,,.0164583479398943,,,,,,,.3250057601928711,2001,2,1,0,0,,,,,,,,,,,,
Bangladesh,BGD,2001,.5670125579833984,,,BGD,,,.0168971535700505,,,,,,,.3195664024353027,2002,2,1,0,0,,,,,,,,,,,,
Bangladesh,BGD,2002,.563576431274414,,,BGD,,,.0160439240839857,,,,,,,.3143827819824219,2003,2,1,0,0,,,,,,,,,,,,
Bangladesh,BGD,2003,.563864974975586,.3704399871826172,.3704399871826172,BGD,.0296885487604815,.0109978256223033,.0161155727787834,.0271133984010866,.0271133984010866,0,0,-.0148600006103515,2005,.3080951881408691,2004,0,0,1,1,.047771253372264,0,.0150184595339595,0,.0098203803557579,0,.0016251447546733,0,.047771253372264,0,.0079055188322299,0
Bangladesh,BGD,2004,.5634304428100586,.3658499908447266,.3658499908447266,BGD,.0288058476817982,.0105386191106604,.0160076734817923,.0265462925924528,.0265462925924528,0,0,-.0125299835205078,2006,.3296775817871094,2005,0,0,1,1,.0483383591808978,0,.0148928158662596,0,.0103874861643917,0,.0016074421260026,0,.0483383591808978,0,.0074802616936886,0
Bangladesh,BGD,2005,.5601026153564453,.3555799865722656,.3555799865722656,BGD,.0267693603065429,.0095186487783487,.0151813359370986,.0246999847154473,.0246999847154473,0,0,-.0056900024414063,2007,.4069097900390625,2006,0,0,1,1,.0501846670579033,0,.0165447596784408,0,.0122337940413972,0,.0018792501440665,0,.0501846670579033,0,.0077089366127438,0
Bangladesh,BGD,2006,.554115982055664,.3533200073242188,.3533200073242188,BGD,.0261841142069328,.0092513714233717,.0136947865496362,.0229461579730079,.0229461579730079,0,0,-.0146200180053711,2008,.420007209777832,2007,0,0,1,1,.0519384938003427,0,.0211342816072426,0,.0139876207838366,0,.0022789706699462,0,.0519384938003427,0,.0084622185460546,0
Bangladesh,BGD,2007,.5634095001220704,.3498899841308594,.3498899841308594,BGD,.0257754616481537,.0090185758670381,.016002473173299,.025021049040337,.025021049040337,0,0,-.0197900009155274,2009,.4260154342651367,2008,0,0,1,1,.0498636027330136,0,.0209430726533633,0,.0119127297165075,0,.0021008021873844,0,.0498636027330136,0,.0087934141196223,0
Bangladesh,BGD,2008,.5578225708007812,.3386999893188476,.3386999893188476,BGD,.0235053756461095,.0079612704802728,.0146151748466628,.0225764453269356,.0225764453269356,0,0,-.0424699974060059,2010,.4274923324584961,2009,0,0,1,1,.052308206446415,0,.0222841032848999,0,.0143573334299089,0,.0031419291104899,0,.052308206446415,0,.0114470195565102,0
Bangladesh,BGD,2009,.5562024688720704,.330099983215332,.330099983215332,BGD,.0218304805735997,.0072062412709279,.0142128850439055,.0214191263148334,.0214191263148334,0,0,-.0361699867248535,2011,.4545296096801758,2010,0,0,1,1,.0534655254585172,0,.0228561021843806,0,.0155146524420111,0,.003574107625677,0,.0534655254585172,0,.0123168432529412,0
Bangladesh,BGD,2010,.554066162109375,.2962299919128418,.2962299919128418,BGD,.0153448747131056,.0045456121121668,.0136824156882658,.0182280278004326,.0182280278004326,0,0,-.0054500007629394,2012,.4574599838256836,2011,0,0,1,1,.056656623972918,0,.0257521131802069,0,.0187057509564119,0,.0034648560370742,0,.056656623972918,0,.010494475526283,0
Bangladesh,BGD,2011,.5535620498657227,.2939299964904785,.2939299964904785,BGD,.0148950906500249,.0043781139424872,.0135572388636028,.0179353528060899,.0179353528060899,0,0,-.0104899978637695,2013,.4589828491210938,2012,0,0,1,1,.0569492989672607,0,.0260520253844471,0,.0189984259507546,0,.0030503890361014,0,.0569492989672607,0,.0091437847342554,0
Bangladesh,BGD,2012,.5449834823608398,.2907799911499023,.2907799911499023,BGD,.0140732495666679,.0040922193844461,.0114270826257012,.0155193020101473,.0155193020101473,0,0,-.0039499855041504,2014,.4601432418823242,2013,0,0,1,1,.0593653497632033,0,.0272476773733853,0,.0214144767466972,0,.0036624167999415,0,.0593653497632033,0,.0101529753390165,0
Bangladesh,BGD,2013,.5449971008300781,.283439998626709,.283439998626709,BGD,.0126801844711085,.0035940714690774,.0114304642470712,.0150245357161486,.0150245357161486,0,0,-.0013800048828125,2015,.2541896057128906,2014,0,0,1,1,.059860116057202,0,.0275442278620131,0,.0219092430406959,0,.0038876979940853,0,.059860116057202,0,.0106219120710391,0
Bangladesh,BGD,2014,.5489215087890625,.286830005645752,.286830005645752,BGD,.0134261435946033,.0038510208430407,.0124049395413605,.0162559603844012,.0162559603844012,0,0,-.009630012512207,2016,.2512384223937988,2015,0,0,1,1,.0586286913889494,0,.0149028039476198,0,.0206778183724433,0,.0039412208624165,0,.0586286913889494,0,.0111747098981314,0
Bangladesh,BGD,2015,.5383821487426758,.2820599937438965,.2820599937438965,BGD,.0122455971615314,.0034539930587718,.0097878961324787,.0132418891912505,.0132418891912505,0,0,.0010000038146972,2017,.2672357940673828,2016,0,0,1,1,.0616427625821001,0,.0154870304231223,0,.023691889565594,0,.004921266947784,0,.0616427625821001,0,.0128044025034599,0
Bangladesh,BGD,2016,.5345089721679688,.2771999931335449,.2771999931335449,BGD,.0112219120127374,.0031107139328761,.0088261421757242,.0119368561086003,.0119368561086003,0,0,.0183300018310547,2018,.2681285095214844,2017,0,0,1,1,.0629477956647503,0,.0168219041592609,0,.0249969226482442,0,.004725064319979,0,.0629477956647503,0,.0118987599994726,0
Bangladesh,BGD,2017,.5296711730957031,.2830599975585937,.2830599975585937,BGD,.0122081367026596,.0034556351452498,.007624861441425,.0110804965866748,.0110804965866748,0,0,.0364500045776368,2019,.2718373489379883,2018,0,0,1,1,.0638041551866758,0,.0171077130314809,0,.0258532821701697,0,.0049219932534958,0,.0638041551866758,0,.0121471470936162,0
Bangladesh,BGD,2018,.5288983917236328,.2955299949645996,.2955299949645996,BGD,.0145552700283845,.0043015188781969,.0074329710052522,.0117344898834491,.0117344898834491,0,0,.0495599937438965,2020,.2721469306945801,2019,0,0,1,1,.0631501618899015,0,.0171665725931556,0,.0251992888733954,0,.0045450642045419,0,.0631501618899015,0,.01139006508314,0
Bangladesh,BGD,2019,.5292065048217773,.3195100021362305,.3195100021362305,BGD,.0191156621816507,.0061076452644947,.0075094790047076,.0136171242692023,.0136171242692023,0,0,.0366299819946289,2021,.277684440612793,2020,0,0,1,1,.0612675275041483,0,.0166737695614997,0,.0233166544876422,0,.0048500013770738,0,.0612675275041483,0,.0127440063463013,0
Bangladesh,BGD,2020,.5281836318969727,.3450899887084961,.3450899887084961,BGD,.0239450634003325,.008263201658445,.0072554879811349,.0155186896395798,.0155186896395798,0,0,.0335400009155273,2022,.2775041007995606,2021,0,0,1,1,.0593659621337708,0,.0164850039865564,0,.0214150891172647,0,.0046507261378915,0,.0593659621337708,0,.0128925371398066,0
Bangladesh,BGD,2021,.5572457122802734,.3561399841308594,.3561399841308594,BGD,.0268011230852519,.0095449515502708,.0144719342910401,.0240168858413109,.0240168858413109,0,0,.0411200332641601,2023,.2751653671264648,2022,0,0,1,1,.0508677659320397,0,.0141160136446532,0,.0129168929155336,0,.0027580506063657,0,.0508677659320397,0,.0108614256997218,0
Bangladesh,BGD,2022,.5685681915283203,.3786299896240234,.3786299896240234,BGD,.0313660584919879,.0118761304013679,.0172834351371907,.0291595655385586,.0291595655385586,0,0,,,.2793084907531738,2023,1,0,0,1,,,,,.0077742132182859,0,.0017902532244844,0,.045725086234792,0,.0105296164091715,0
Bangladesh,BGD,2023,.5683826065063476,.3972600173950195,.3972600173950195,BGD,.0348979309156803,.0138635526426134,.0172373522577366,.03110090490035,.03110090490035,0,0,,,,,1,1,0,0,,,,,,,,,,,,
Brazil,BRA,1995,.4062085723876953,,,BRA,,,-.0230323116700554,,,,,,,.3478354263305664,1996,2,2,0,0,,,,,,,,,,,,
Brazil,BRA,1996,.4066446685791016,,,BRA,,,-.0229240240075849,,,,,,,.3489124298095703,1997,2,2,0,0,,,,,,,,,,,,
Brazil,BRA,1997,.4051666259765625,,,BRA,,,-.0232910388580119,,,,,,,.349815559387207,1998,2,2,0,0,,,,,,,,,,,,
Brazil,BRA,1998,.4017980194091797,,,BRA,,,-.0241275023221582,,,,,,,.35512939453125,1999,2,2,0,0,,,,,,,,,,,,
Brazil,BRA,1999,.3994971084594727,,,BRA,,,-.0246988447764298,,,,,,,.3601982879638672,2000,2,2,0,0,,,,,,,,,,,,
Brazil,BRA,2000,.3971102523803711,.6219800186157226,.6219800186157226,BRA,.073089550216705,.045460239804401,-.0252915283874147,.0201687114169863,.0201687114169863,0,0,.1389699935913087,2002,.3634035110473633,2001,0,1,1,0,.0547159403563643,0,.0197085880406955,0,,,,,,,,
Brazil,BRA,2001,.3945921325683594,.6733100128173828,.6733100128173828,BRA,.0827683034300539,.0557287274433626,-.0259168062816886,.0298119211616739,.0298119211616739,0,0,.0418299865722657,2003,.3680206680297852,2002,0,0,1,1,.0450727306116767,0,.0163795885567753,0,.0071218575951706,0,.0012932794756301,0,.0450727306116767,0,.0081848923025662,0
Brazil,BRA,2002,.3914939117431641,.7609500122070313,.7609500122070313,BRA,.0993249926542069,.075581354372682,-.0266861298795306,.0488952244931514,.0488952244931514,0,0,-.0806999969482423,2004,.3654304122924805,2003,0,0,1,1,.0259894272801992,0,.0095646463893704,0,0,.0119614457363069,0,.0022250199111792,.0259894272801992,0,.00483444848168,0
Brazil,BRA,2003,.3890575408935547,.7151399993896485,.7151399993896485,BRA,.0905648694263917,.0647665606663134,-.0272911085732557,.0374754520930577,.0374754520930577,0,0,-.0454499816894531,2005,.36120849609375,2004,0,0,1,1,.0374091996802929,0,.0136704592627012,0,0,.0005416733362132,0,.0001351504150287,.0374091996802929,0,.0093337968193708,0
Brazil,BRA,2004,.3880776977539063,.680250015258789,.680250015258789,BRA,.0839158049397025,.0570837275906862,-.0275344148099787,.0295493127807075,.0295493127807075,0,0,-.0342600250244141,2006,.3689162063598633,2005,0,0,1,1,.0453353389926431,0,.016375509617433,0,.007384465976137,0,.0014086906050551,0,.0453353389926431,0,.0086483526801127,0
Brazil,BRA,2005,.38504638671875,.6696900177001953,.6696900177001953,BRA,.0818320025658627,.054802075246775,-.0282871239431624,.0265149513036127,.0265149513036127,0,0,-.0394400024414062,2007,.39958740234375,2006,0,0,1,1,.0483697004697379,0,.0178443664000586,0,.0104188274532318,0,.0019559484120851,0,.0483697004697379,0,.0090805456997438,0
Brazil,BRA,2006,.3834361648559571,.645989990234375,.645989990234375,BRA,.0772907849182731,.0499290733945624,-.0286869604127689,.0212421129817935,.0212421129817935,0,0,-.0317900085449219,2008,.4035470199584961,2007,0,0,1,1,.0536425387915571,0,.0214348827308422,0,.015691665775051,0,.0026538539319488,0,.0536425387915571,0,.0090722976472028,0
Brazil,BRA,2007,.383110237121582,.6302500152587891,.6302500152587891,BRA,.0742942114415722,.0468239278946906,-.0287678919897588,.0180560359049318,.0180560359049318,0,0,.01677001953125,2009,.4113357543945312,2008,0,0,1,1,.0568286158684188,0,.0229330185820665,0,.0188777428519127,0,.0027746655784039,0,.0568286158684188,0,.008352714916999,0
Brazil,BRA,2008,.381610221862793,.6141999816894531,.6141999816894531,BRA,.0712081404340761,.0437360385507496,-.0291403629015559,.0145956756491936,.0145956756491936,0,0,.0101300048828125,2010,.425329818725586,2009,0,0,1,1,.060288976124157,0,.024799011475704,0,.0223381031076509,0,.0033373506434113,0,.060288976124157,0,.0090072756978925,0
Brazil,BRA,2009,.3789001083374023,.6470200347900391,.6470200347900391,BRA,.0773679660293364,.0500586240719358,-.0298133150265169,.0202453090454188,.0202453090454188,0,0,-.040680046081543,2011,.4420712280273438,2010,0,0,1,1,.0546393427279318,0,.0232397417377564,0,.0166884697114256,0,.0023635793887574,0,.0546393427279318,0,.0077385420305237,0
Brazil,BRA,2010,.3785268402099609,.6243299865722656,.6243299865722656,BRA,.0730507588993291,.0456077793227119,-.0299060017635073,.0157017775592046,.0157017775592046,0,0,-.0081900024414062,2012,.4443529891967773,2011,0,0,1,1,.059182874214146,0,.0261630458820353,0,.0212320011976399,0,.0030311187653376,0,.059182874214146,0,.008449053810201,0
Brazil,BRA,2011,.3779646682739258,.6063399887084961,.6063399887084961,BRA,.0696208777603721,.0422139222350996,-.0300455954725545,.0121683267625451,.0121683267625451,0,0,-.0103899765014649,2013,.4426295471191406,2012,0,0,1,1,.0627163250108055,0,.027868186489988,0,.0247654519942994,0,.003704066569475,0,.0627163250108055,0,.0093802222098078,0
Brazil,BRA,2012,.3775794982910156,.6161399841308594,.6161399841308594,BRA,.0714712534412246,.0440362969610888,-.0301412375761204,.0138950593849684,.0138950593849684,0,0,.0000300216674805,2014,.4408302688598633,2013,0,0,1,1,.0609895923883822,0,.0269957956578506,0,.0230387193718761,0,.0028500736805602,0,.0609895923883822,0,.0075448999247074,0
Brazil,BRA,2013,.3755424880981446,.5959500122070313,.5959500122070313,BRA,.0675852465118568,.0402774284837562,-.0306470504599781,.0096303780237781,.0096303780237781,0,0,.1213500213623047,2015,.354705924987793,2014,0,0,1,1,.0652542737495725,0,.0287660590412792,0,.0273034007330664,0,.0037112438349124,0,.0652542737495725,0,.0088697566842468,0
Brazil,BRA,2014,.3740115356445313,.6161700057983398,.6161700057983398,BRA,.0713838517653043,.0439845883561354,-.0310272034304057,.0129573849257297,.0129573849257297,0,0,.1580499649047852,2016,.3466515350341797,2015,0,0,1,1,.0619272668476209,0,.0219659684691513,0,.0239763938311148,0,.003666167359268,0,.0619272668476209,0,.009469135599149,0
Brazil,BRA,2015,.3708345413208008,.7173000335693359,.7173000335693359,BRA,.0904994256378752,.0649152410480535,-.0318160873871526,.0330991536609009,.0330991536609009,0,0,.1101499938964844,2017,.3500536727905273,2016,0,0,1,1,.0417854981124497,0,.0144850070628485,0,.0038346250959436,0,.0008756189788914,0,.0417854981124497,0,.0095415260355946,0
Brazil,BRA,2016,.3692490005493164,.774219970703125,.774219970703125,BRA,.1012637051168712,.0784003828088739,-.0322097952600466,.0461905875488273,.0461905875488273,0,0,.073550033569336,2018,.3438246154785156,2017,0,0,1,1,.0286940642245233,0,.0100444625690816,0,0,.0092568087919828,0,.0014764205525133,.0286940642245233,0,.0045765778583341,0
Brazil,BRA,2017,.3680320358276367,.8274500274658203,.8274500274658203,BRA,.1113371170557827,.0921259005657726,-.0325119814923886,.059613919073384,.059613919073384,0,0,.0437299346923828,2019,.3416569519042969,2018,0,0,1,1,.0152707326999666,0,.0052504537986412,0,0,.0226801403165395,0,.003961282936454,.0152707326999666,0,.002667165724165,0
Brazil,BRA,2018,.3672471618652344,.847770004272461,.847770004272461,BRA,.1151741709423698,.09764120739189,-.0327068746567807,.0649343327351093,.0649343327351093,0,0,.1123000335693359,2020,.3472995758056641,2019,0,0,1,1,.0099503190382413,0,.0033995956730808,0,0,.0280005539782648,0,.0046099163393819,.0099503190382413,0,.001638186814163,0
Brazil,BRA,2019,.3689388275146485,.8711799621582031,.8711799621582031,BRA,.1196624470895152,.1042475261272018,-.0322868147652555,.0719607113619464,.0719607113619464,0,0,.0181600189208985,2021,.3518060302734375,2020,0,0,1,1,.0029239404114042,0,.0010154832645617,0,0,.0350269326051019,0,.0043811184207191,.0029239404114042,0,.0003657222669741,0
Brazil,BRA,2020,.3684749603271484,.9600700378417969,.9600700378417969,BRA,.1365251899202139,.1310737442530582,-.0324019982830687,.0986717459699895,.0986717459699895,0,0,-.1206800079345703,2022,.3500420379638672,2021,0,0,1,1,0,.0237870941966389,0,.0083684431810599,0,.061737967213145,0,.0073298421827809,0,.0237870941966389,0,.0028241235388648
Brazil,BRA,2021,.3691458129882813,.8893399810791016,.8893399810791016,BRA,.123115336847679,.1094913913426621,-.0322354179093628,.0772559734332993,.0772559734332993,0,0,-.0493299865722657,2023,.3504119110107422,2022,0,0,1,1,0,.0023713216599487,0,.0008300622665163,0,.0403221946764548,0,.0049254192062117,0,.0023713216599487,0,.0002896606531895
Brazil,BRA,2022,.3681671524047851,.8393900299072266,.8393900299072266,BRA,.113607326728606,.0953608573804046,-.032478430503894,.0628824268765106,.0628824268765106,0,0,,,.3504664611816406,2023,1,0,0,1,,,,,0,.0259486481196661,0,.0034649899654259,.01200222489684,0,.0016026880721704,0
Brazil,BRA,2023,.3685201644897461,.8400099945068359,.8400099945068359,BRA,.1137342318476749,.0955378914696046,-.0323907735734792,.0631471178961254,.0631471178961254,0,0,,,,,1,1,0,0,,,,,,,,,,,,
Canada,CAN,1995,.2875360870361328,1.000839996337891,1.000839996337891,CAN,.1421529519026419,.1422723598616605,-.052500044458196,.0897723154034645,.0897723154034645,0,0,-.0481199645996094,1997,.5902402496337891,1996,1,1,0,0,,,,,,,,,,,,
Canada,CAN,1996,.2879789924621582,1.002440032958984,1.002440032958984,CAN,.1424682590366714,.14281588628433,-.0523900659850405,.0904258202992895,.0904258202992895,0,0,-.0695400238037109,1998,.5936422348022461,1997,1,1,0,0,,,,,,,,,,,,
Canada,CAN,1997,.2877422904968261,.9527200317382812,.9527200317382812,CAN,.1330232628675194,.1267339272210728,-.0524488417850431,.0742850854360297,.0742850854360297,0,0,-.0630599975585937,1999,.5909560775756836,1998,1,1,0,0,,,,,,,,,,,,
Canada,CAN,1998,.2874023818969726,.9329000091552735,.9329000091552735,CAN,.1292517704154751,.120578977803932,-.0525332449705262,.0680457328334058,.0680457328334058,0,0,-.1285300445556641,2000,.5985620498657227,1999,1,1,0,0,,,,,,,,,,,,
Canada,CAN,1999,.2871732330322266,.8896600341796875,.8896600341796875,CAN,.12103713622307,.1076819027492279,-.0525901452494328,.0550917574997951,.0550917574997951,0,0,-.0750400543212891,2001,.604507942199707,2000,1,1,0,0,,,,,,,,,,,,
Canada,CAN,2000,.2869424438476563,.8043699645996094,.8043699645996094,CAN,.1048396906391472,.0843298982480448,-.0526474528384764,.0316824454095684,.0316824454095684,0,0,-.0083300018310547,2002,.6052193450927734,2001,0,0,1,1,.0432022063637822,0,.0261160768674571,0,.0052513333472761,0,.0003670110219305,0,.0432022063637822,0,.0030193638184192,0
Canada,CAN,2001,.2870743179321289,.8146199798583984,.8146199798583984,CAN,.106788989395789,.0869924443906964,-.0526147069979271,.0343777373927693,.0343777373927693,0,0,-.0554999542236327,2003,.6059158325195313,2002,0,0,1,1,.0405069143805813,0,.0245155681931445,0,.0025560413640752,0,.0001750402124512,0,.0405069143805813,0,.002773953113034,0
Canada,CAN,2002,.2871138763427734,.7960399627685547,.7960399627685547,CAN,.1032628006150642,.0822013159569924,-.0526048841929951,.0295964317639973,.0295964317639973,0,0,-.0771499633789062,2004,.6045864868164063,2003,0,0,1,1,.0452882200093533,0,.027440849530295,0,.0073373469928472,0,.0004549301242099,0,.0452882200093533,0,.0028079598217431,0
Canada,CAN,2003,.2873366355895996,.7591200256347657,.7591200256347657,CAN,.0962597511021367,.0730727047242501,-.0525495705291571,.0205231341950931,.0205231341950931,0,0,-.0527200317382813,2005,.6190090560913086,2004,0,0,1,1,.0543615175782576,0,.032866238930647,0,.0164106445617514,0,.0007242935516946,0,.0543615175782576,0,.0023992778890618,0
Canada,CAN,2004,.2864944839477539,.7188899993896485,.7188899993896485,CAN,.0886005286005553,.0636940339515757,-.0527586863951937,.0109353475563821,.0109353475563821,0,0,-.0196900177001954,2006,.6315751647949219,2005,0,0,1,1,.0639493042169685,0,.0395851984410416,0,.0259984312004624,0,.0009708200912916,0,.0639493042169685,0,.0023879621381481,0
Canada,CAN,2005,.2856869125366211,.7063999938964843,.7063999938964843,CAN,.0862083598634775,.0608975848813864,-.0529592155952024,.007938369286184,.007938369286184,0,0,-.0345899963378906,2007,.6763046264648438,2006,0,0,1,1,.0669462824871666,0,.0422816093942396,0,.0289954094706605,0,.0007083522073467,0,.0669462824871666,0,.0016354846452996,0
Canada,CAN,2006,.2853600883483887,.6991999816894531,.6991999816894531,CAN,.0848329851870085,.059315221689418,-.0530403697719183,.0062748519174996,.0062748519174996,0,0,.0043600463867188,2008,.6766651153564454,2007,0,0,1,1,.068609799855851,0,.046401125063339,0,.0306589268393449,0,.0004414679507948,0,.068609799855851,0,.0009879350280433,0
Canada,CAN,2007,.2849010848999023,.6718099975585937,.6718099975585937,CAN,.0796213074690024,.0534903903763626,-.0531543455678137,.0003360448085488,.0003360448085488,0,0,.1462200164794922,2009,.6806037139892578,2008,0,0,1,1,.0745486069648018,0,.0504444417314999,0,.0365977339482957,0,.0004971753743869,0,.0745486069648018,0,.0010127329640167,0
Canada,CAN,2008,.2842032814025879,.7035600280761719,.7035600280761719,CAN,.0856305089247659,.0602462032632852,-.0533276181417939,.0069185851214913,.0069185851214913,0,0,.1361899566650391,2010,.6822867584228516,2009,0,0,1,1,.0679660666518593,0,.0462579573884969,0,.0300151936353532,0,.0002172557690975,0,.0679660666518593,0,.0004919515183666,0
Canada,CAN,2009,.2841995429992676,.818030014038086,.818030014038086,CAN,.1073613353372464,.0878247946530753,-.0533285464300131,.0344962482230622,.0344962482230622,0,0,.0248099517822266,2011,.6624671173095703,2010,0,0,1,1,.0403884035502884,0,.0275564729362003,0,.0024375305337823,0,.0000681218844061,0,.0403884035502884,0,.0011287383357324,0
Canada,CAN,2010,.2829587936401367,.839749984741211,.839749984741211,CAN,.1114522679254634,.0935920402897813,-.0536366386593417,.0399554016304396,.0399554016304396,0,0,.0304000091552734,2012,.6702055358886718,2011,0,0,1,1,.034929250142911,0,.0231394796519592,0,0,.0030216228735951,0,.0000660679448116,.034929250142911,0,.0007637299118033,0
Canada,CAN,2011,.282921257019043,.8428399658203125,.8428399658203125,CAN,.1120378888977714,.0944300104491776,-.053645959430849,.0407840510183286,.0407840510183286,0,0,.0341900634765625,2013,.6688584899902343,2012,0,0,1,1,.034100600755022,0,.0228544114031451,0,0,.0038502722614841,0,.0000611745238126,.034100600755022,0,.0005418027275062,0
Canada,CAN,2012,.2826371192932129,.8701499938964844,.8701499938964844,CAN,.1172149965737957,.1019946285532647,-.053716514071674,.0482781144815908,.0482781144815908,0,0,-.0126000213623048,2014,.6711984252929688,2013,0,0,1,1,.0266065372917598,0,.0177960083568353,0,0,.0113443357247463,0,.0002076732530916,.0266065372917598,0,.000487068285614,0
Canada,CAN,2013,.2824787521362305,.877030029296875,.877030029296875,CAN,.1185169666292088,.1039429387149918,-.0537558384445524,.0501871002704394,.0501871002704394,0,0,.0457999420166015,2015,.683747787475586,2014,0,0,1,1,.0246975515029112,0,.016576957677346,0,0,.0132533215135949,0,.0001726177361258,.0246975515029112,0,.000321672980159,0
Canada,CAN,2014,.2821852302551269,.8575499725341796,.8575499725341796,CAN,.1148112235119957,.0984563615693275,-.0538287232782542,.0446276382910732,.0446276382910732,0,0,.0672299957275391,2016,.6755619049072266,2015,0,0,1,1,.0302570134822774,0,.0206881660241261,0,0,.0076938595342287,0,.0000550915853274,.0302570134822774,0,.0002166541815061,0
Canada,CAN,2015,.2819351768493653,.9228299713134765,.9228299713134765,CAN,.1271974205122572,.1173815919224745,-.0538908143933255,.0634907775291491,.0634907775291491,0,0,-.0129399871826171,2017,.6648044586181641,2016,0,0,1,1,.0113938742442015,0,.0076972673886862,0,0,.0265569987723046,0,.0004320156589182,.0113938742442015,0,.0001853497125727,0
Canada,CAN,2016,.2820459365844726,.9247799682617187,.9247799682617187,CAN,.1275704970616389,.1179746402237941,-.0538633114867489,.0641113287370452,.0641113287370452,0,0,-.0172200012207031,2018,.6612613677978516,2017,0,0,1,1,.0107733230363054,0,.0071621531886696,0,0,.0271775499802007,0,.0003938384346475,.0107733230363054,0,.0001561196165093,0
Canada,CAN,2017,.2831179237365722,.9098899841308594,.9098899841308594,CAN,.1247717620405077,.1135285765830169,-.0535971248398879,.059931451743129,.059931451743129,0,0,-.0087899780273438,2019,.6523718261718749,2018,0,0,1,1,.0149532000302216,0,.0098879735049392,0,0,.0229976729862845,0,.0001145807738821,.0149532000302216,0,.0000745009824472,0
Canada,CAN,2018,.2846722602844238,.9075599670410156,.9075599670410156,CAN,.1243699910094302,.1128732249414099,-.0532111653319258,.0596620596094841,.0596620596094841,0,0,.273080062866211,2020,.6497476196289063,2019,0,0,1,1,.0152225921638665,0,.0099307902490113,0,0,.0227282808526396,0,.0000565132030311,.0152225921638665,0,.0000378505284757,0
Canada,CAN,2019,.2838461494445801,.9011000061035156,.9011000061035156,CAN,.1231220791059514,.1109453062338503,-.0534162980837156,.0575290081501347,.0575290081501347,0,0,.2249600219726563,2021,.6430863189697266,2020,0,0,1,1,.0173556436232159,0,.0112767881313121,0,0,.0205952293932902,0,.000061422231315,.0173556436232159,0,.0000517606449964,0
Canada,CAN,2020,.2835584449768067,1.180640029907227,1.180640029907227,CAN,.1761823079173882,.2080078852887094,-.0534877383872804,.154520146901429,.154520146901429,0,0,-.1452300262451172,2022,.6477869415283203,2021,0,0,1,1,0,.0796354951280784,0,.0512124974212475,0,.1175863681445845,0,.0014026432827467,0,.0796354951280784,0,.0009499416817794
Canada,CAN,2021,.2824278831481933,1.126060028076172,1.126060028076172,CAN,.1657913676845441,.1866910321496446,-.0537684697949639,.1329225623546807,.1329225623546807,0,0,-.0753500366210937,2023,.6462629699707031,2022,0,0,1,1,0,.0580379105813301,0,.037596200588174,0,.0959887835978362,0,-.001455198458106,0,.0580379105813301,0,-.0008798598630387
Canada,CAN,2022,.2814369773864746,1.035410003662109,1.035410003662109,CAN,.1485565568244015,.1538169450455839,-.0540145230070295,.0998024220385544,.0998024220385544,0,0,,,.6452219390869141,2023,1,0,0,1,,,,,0,.0628686432817099,0,-.0006282267560464,0,.0249177702652038,0,-.000248995511347
Canada,CAN,2023,.2815838813781738,1.050709991455078,1.050709991455078,CAN,.1514649319848334,.1591457173915283,-.0539780450689457,.1051676723225825,.1051676723225825,0,0,,,,,1,1,0,0,,,,,,,,,,,,
Switzerland,CHE,1995,.2934501266479492,.4927399826049805,.4927399826049805,CHE,.0458498220715628,.0225920405299833,-.0510315209123782,-.0284394803823949,-.0284394803823949,0,0,.0366900253295898,1997,.6124776840209961,1996,1,1,0,0,,,,,,,,,,,,
Switzerland,CHE,1996,.2941618347167969,.5055899810791016,.5055899810791016,CHE,.0483078302739196,.0244239549941635,-.0508547956745623,-.0264308406803988,-.0264308406803988,0,0,.0473200225830078,1998,.6172907638549805,1997,1,1,0,0,,,,,,,,,,,,
Switzerland,CHE,1997,.2942936325073242,.5294300079345703,.5294300079345703,CHE,.0528370479347887,.0279735187073545,-.0508220687786704,-.022848550071316,-.022848550071316,0,0,-.0097800064086914,1999,.6224048233032227,1998,1,1,0,0,,,,,,,,,,,,
Switzerland,CHE,1998,.2946639633178711,.5529100036621094,.5529100036621094,CHE,.0573041416534362,.0316840331714555,-.0507301114109952,-.0190460782395397,-.0190460782395397,0,0,-.0363500213623047,2000,.6293922805786133,1999,1,1,0,0,,,,,,,,,,,,
Switzerland,CHE,1999,.2929292106628418,.5196500015258789,.5196500015258789,CHE,.0509448138167181,.0264734725775932,-.0511608702978634,-.0246873977202702,-.0246873977202702,0,0,-.0151200103759765,2001,.6364269638061524,2000,1,1,0,0,,,,,,,,,,,,
Switzerland,CHE,2000,.2925900459289551,.5165599822998047,.5165599822998047,CHE,.0503493561098312,.026008462500901,-.0512450887729355,-.0252366262720346,-.0252366262720346,0,0,.0521100234985351,2002,.6389656829833984,2001,1,1,0,0,,,,,,,,,,,,
Switzerland,CHE,2001,.2926863479614258,.5045299911499024,.5045299911499024,CHE,.0480681015699077,.0242517988596582,-.0512211758789619,-.0269693770193037,-.0269693770193037,0,0,.0573200225830077,2003,.641792221069336,2002,1,1,0,0,,,,,,,,,,,,
Switzerland,CHE,2002,.2924901580810547,.5686700057983398,.5686700057983398,CHE,.0602392900551549,.0342562774249528,-.0512698920658134,-.0170136146408605,-.0170136146408605,0,0,.0019300079345703,2004,.6385457611083984,2003,1,1,0,0,,,,,,,,,,,,
Switzerland,CHE,2003,.2914054679870606,.5618500137329101,.5618500137329101,CHE,.0589162827628597,.0331021142794047,-.0515392329981539,-.0184371187187492,-.0184371187187492,0,0,-.020970001220703,2005,.6394438934326172,2004,1,1,0,0,,,,,,,,,,,,
Switzerland,CHE,2004,.2917453193664551,.5706000137329101,.5706000137329101,CHE,.0605862462604919,.0345705129482622,-.0514548440211639,-.0168843310729017,-.0168843310729017,0,0,-.0931000137329102,2006,.6514859771728516,2005,1,1,0,0,,,,,,,,,,,,
Switzerland,CHE,2005,.2927787208557129,.5408800125122071,.5408800125122071,CHE,.0549711814930262,.0297328133337588,-.0511982386348513,-.0214654253010925,-.0214654253010925,0,0,-.100780029296875,2007,.6941594696044922,2006,0,0,1,1,.0963500770744431,0,.0627707241135231,0,.058399204057937,0,.0016040453967697,0,.0963500770744431,0,.0026464384250227,0
Switzerland,CHE,2006,.2910999488830566,.4775,.4775,CHE,.0428953469309342,.0204825281595211,-.0516150968792531,-.0311325687197321,-.0311325687197321,0,0,-.0352399826049805,2008,.7042134857177734,2007,0,0,1,1,.1060172204930827,0,.0735928575464208,0,.0680663474765766,0,.0017312843891285,0,.1060172204930827,0,.0026965742341563,0
Switzerland,CHE,2007,.2868571090698242,.4400999832153321,.4400999832153321,CHE,.0356846358055726,.0157048076190777,-.0526686424379294,-.0369638348188517,-.0369638348188517,0,0,-.0164399719238282,2009,.7046092224121093,2008,0,0,1,1,.1118484865922023,0,.0787652126153524,0,.0738976135756962,0,.0013204222239432,0,.1118484865922023,0,.0019985385219439,0
Switzerland,CHE,2008,.2870357894897461,.4422600173950195,.4422600173950195,CHE,.036099358011105,.0159653027019403,-.0526242740499823,-.036658971348042,-.036658971348042,0,0,-.0352700042724609,2010,.697950439453125,2009,0,0,1,1,.1115436231213926,0,.0785946655525938,0,.0735927501048864,0,.0011852829869417,0,.1115436231213926,0,.0017965187956585,0
Switzerland,CHE,2009,.2867246437072754,.4236600112915039,.4236600112915039,CHE,.0325602233928317,.013794464610261,-.0527015350995747,-.0389070704893137,-.0389070704893137,0,0,-.0112900161743164,2011,.7124388885498046,2010,0,0,1,1,.1137917222626643,0,.0794209825593545,0,.0758408492461582,0,.0011601214994219,0,.1137917222626643,0,.0017406480117949,0
Switzerland,CHE,2010,.2854768371582031,.4069900131225586,.4069900131225586,CHE,.0293630396528647,.0119504638936376,-.0530113797097253,-.0410609158160877,-.0410609158160877,0,0,.0115799713134765,2012,.7084923553466796,2011,0,0,1,1,.1159455675894383,0,.0826041313056957,0,.0779946945729322,0,.0011594751123258,0,.1159455675894383,0,.0017236557017186,0
Switzerland,CHE,2011,.2850455856323242,.4123699951171875,.4123699951171875,CHE,.0303731197977244,.0125249632626814,-.0531184643864423,-.0405935011237609,-.0405935011237609,0,0,-.0001499938964844,2013,.7095062255859375,2012,0,0,1,1,.1154781528971115,0,.0818153885371586,0,.0775272798806054,0,.0009534654116832,0,.1154781528971115,0,.0014202023437688,0
Switzerland,CHE,2012,.2847354316711426,.4185699844360352,.4185699844360352,CHE,.0315420295871504,.0132025468333745,-.0531954791554868,-.0399929323221122,-.0399929323221122,0,0,-.0061299896240234,2014,.7170462799072266,2013,0,0,1,1,.1148775840954629,0,.081506361096003,0,.0769267110789567,0,.0008906734776353,0,.1148775840954629,0,.001330076587099,0
Switzerland,CHE,2013,.2834929656982422,.4122200012207031,.4122200012207031,CHE,.0303041315961351,.0124919691635511,-.0535039976396099,-.0410120284760587,-.0410120284760587,0,0,.0021799850463867,2015,.7278459930419922,2014,0,0,1,1,.1158966802494093,0,.0831032834264363,0,.0779458072329032,0,.0006251676876712,0,.1158966802494093,0,.0009295542912757,0
Switzerland,CHE,2014,.2820540428161621,.4124399948120117,.4124399948120117,CHE,.0303083483960824,.0125003750552409,-.0538612986168858,-.0413609235616449,-.0413609235616449,0,0,-.0094200134277344,2016,.7259014892578125,2015,0,0,1,1,.1162455753349955,0,.0846088762164375,0,.0782947023184895,0,.0005827955427768,0,.1162455753349955,0,.000865287192704,0
Switzerland,CHE,2015,.282400074005127,.4143999862670898,.4143999862670898,CHE,.0306894613757097,.0127177123726385,-.0537753751226355,-.041057662749997,-.041057662749997,0,0,-.003589973449707,2017,.7113080596923829,2016,0,0,1,1,.1159423145233476,0,.0841626987804957,0,.0779914415068415,0,.0005502168877303,0,.1159423145233476,0,.0008179541013829,0
Switzerland,CHE,2016,.2822961807250977,.4030199813842774,.4030199813842774,CHE,.0285263760829015,.0114966995578918,-.0538011730100339,-.042304473452142,-.042304473452142,0,0,-.0133999633789063,2018,.7016857147216797,2017,0,0,1,1,.1171891252254926,0,.0833575692811928,0,.0792382522089865,0,.0004261047920705,0,.1171891252254926,0,.0006301861341594,0
Switzerland,CHE,2017,.2583941650390625,.4108100128173828,.4108100128173828,CHE,.0293815421625486,.0120702317123911,-.0597363163522118,-.0476660846398207,-.0476660846398207,0,0,-.0225,2019,.6972866821289062,2018,0,0,1,1,.1225507364131713,0,.0859921010697443,0,.0845998633966652,0,.0003637271526798,0,.1225507364131713,0,.0005268924632346,0
Switzerland,CHE,2018,.2564836502075195,.3896200180053711,.3896200180053711,CHE,.0253089921150937,.0098608899635806,-.0602107189938764,-.0503498290302958,-.0503498290302958,0,0,.0342099761962891,2020,.6965987396240234,2019,0,0,1,1,.1252344808036464,0,.0873243356077108,0,.0872836077871403,0,.0002374623586408,0,.1252344808036464,0,.0003407108843085,0
Switzerland,CHE,2019,.2562388038635254,.3883100128173828,.3883100128173828,CHE,.0250539124744992,.0097286850740984,-.0602715171360708,-.0505428320619725,-.0505428320619725,0,0,.009109992980957,2021,.6917594909667969,2020,0,0,1,1,.1254274838353231,0,.0873726271538986,0,.087476610818817,0,.0001367240989933,0,.1254274838353231,0,.0001960405136398,0
Switzerland,CHE,2020,.2553505516052246,.4238299942016602,.4238299942016602,CHE,.0317738299939608,.0134667021821049,-.0604920803114229,-.047025378129318,-.047025378129318,0,0,-.0648400115966797,2022,.6890492248535156,2021,0,0,1,1,.1219100299026686,0,.084332420229217,0,.0839591568861625,0,.0001636876214364,0,.1219100299026686,0,.0002376770273082,0
Switzerland,CHE,2021,.2525270080566406,.3974200057983399,.3974200057983399,CHE,.0266864948139429,.0106057469236946,-.0611931984059742,-.0505874514822797,-.0505874514822797,0,0,-.0247100067138672,2023,.6895353698730469,2022,0,0,1,1,.1254721032556302,0,.0864564554890323,0,.0875212302391241,0,.0003437078317673,0,.1254721032556302,0,.0004927460964551,0
Switzerland,CHE,2022,.2510300636291504,.3589899826049805,.3589899826049805,CHE,.0193518980788601,.0069471375547033,-.0615649067953056,-.0546177692406022,-.0546177692406022,0,0,,,.6913300323486328,2023,1,0,0,1,,,,,.0915515479974467,0,.0002664750111185,0,.1295024210139528,0,.000376936926075,0
Switzerland,CHE,2023,.2512584495544434,.3727099990844727,.3727099990844727,CHE,.0219624584447048,.0081856278668187,-.0615081959629743,-.0533225680961556,-.0533225680961556,0,0,,,,,1,1,0,0,,,,,,,,,,,,
Chile,CHL,1995,.3596292495727539,.1725,.1725,CHL,-.0132175222153894,-.0022800225821547,-.0345984892393294,-.036878511821484,-.036878511821484,0,0,-.0447000026702881,1997,.4435077285766602,1996,0,0,1,1,.1117631635948347,0,.0494116234100357,0,.0738122905783285,0,.0031355166457526,0,.1117631635948347,0,.0047476545855421,0
Chile,CHL,1996,.3609015655517578,.1458399963378906,.1458399963378906,CHL,-.0182454444633839,-.0026609155537231,-.0342825586579457,-.0369434742116688,-.0369434742116688,0,0,-.024689998626709,1998,.4358071136474609,1997,0,0,1,1,.1118281259850194,0,.0495966381466005,0,.0738772529685132,0,.0024174578751652,0,.1118281259850194,0,.0036593101795849,0
Chile,CHL,1997,.3602078628540039,.1277999973297119,.1277999973297119,CHL,-.0216882499046754,-.0027717582799036,-.0344548129565833,-.037226571236487,-.037226571236487,0,0,.004970006942749,1999,.4304037475585937,1998,0,0,1,1,.1121112230098376,0,.0488588685074041,0,.0741603499933315,0,.0021309503520545,0,.1121112230098376,0,.0032214444802858,0
Chile,CHL,1998,.3616713714599609,.1211499977111816,.1211499977111816,CHL,-.0229124942511397,-.002775848626083,-.0340914070634167,-.0368672556894998,-.0368672556894998,0,0,.010310001373291,2000,.4410421371459961,1999,0,0,1,1,.1117519074628504,0,.048098439768832,0,.0738010344463443,0,.0016781990484639,0,.1117519074628504,0,.0025411831443166,0
Chile,CHL,1999,.3626505661010742,.1327700042724609,.1327700042724609,CHL,-.0206810074020141,-.0027458174411242,-.0338482618562828,-.036594079297407,-.036594079297407,0,0,.0107099914550781,2001,.4530197525024414,2000,0,0,1,1,.1114787310707576,0,.0491668177977707,0,.0735278580542515,0,.0018352282027683,0,.1114787310707576,0,.0027824679881049,0
Chile,CHL,2000,.3616279602050781,.1314599990844726,.1314599990844726,CHL,-.0209563815857463,-.0027549259040761,-.0341021865735542,-.0368571124776303,-.0368571124776303,0,0,.0189900016784668,2002,.4592436218261719,2001,0,0,1,1,.1117417642509809,0,.0506212263851655,0,.0737908912344748,0,.0021228565158211,0,.1117417642509809,0,.0032146478835143,0
Chile,CHL,2001,.3601812744140625,.1434799957275391,.1434799957275391,CHL,-.0187122607654718,-.0026848350946825,-.0344614151697343,-.0371462502644168,-.0371462502644168,0,0,-.0177499961853027,2003,.4687358856201172,2002,0,0,1,1,.1120309020377674,0,.0514494772082774,0,.0740800290212613,0,.0014955108619062,0,.1120309020377674,0,.0022616544982527,0
Chile,CHL,2002,.3598496246337891,.1504500007629395,.1504500007629395,CHL,-.0173977324869488,-.0026174888659349,-.0345437675960393,-.0371612564619742,-.0371612564619742,0,0,-.0473099994659424,2004,.4586322402954102,2003,0,0,1,1,.1120459082353248,0,.0525199380267953,0,.0740950352188187,0,.0016580659299321,0,.1120459082353248,0,.0025073137826932,0
Chile,CHL,2003,.3598789215087891,.1257299995422363,.1257299995422363,CHL,-.0220898004950695,-.0027773506061332,-.0345364928475458,-.037313843453679,-.037313843453679,0,0,-.055329999923706,2005,.4651131820678711,2004,0,0,1,1,.1121984952270296,0,.0514578472237465,0,.0742476222105235,0,.0017980435153708,0,.1121984952270296,0,.0027170941071393,0
Chile,CHL,2004,.3589109802246094,.1031400012969971,.1031400012969971,CHL,-.0264035313499369,-.0027232602576778,-.0347768437176933,-.0375001039753711,-.0375001039753711,0,0,-.0529200029373169,2006,.4779682159423828,2005,0,0,1,1,.1123847557487217,0,.0522716313622084,0,.0744338827322156,0,.0016211000251347,0,.1123847557487217,0,.0024476343794189,0
Chile,CHL,2005,.3562316131591797,.0703999996185303,.0703999996185303,CHL,-.0326887909503378,-.002301290870434,-.0354421611456677,-.0377434520161017,-.0377434520161017,0,0,-.0313899993896484,2007,.492902946472168,2006,0,0,1,1,.1126281037894523,0,.0538326538332181,0,.0746772307729462,0,.0013179927554108,0,.1126281037894523,0,.0019877949853482,0
Chile,CHL,2006,.3542997741699219,.0502199983596802,.0502199983596802,CHL,-.0365701607588892,-.0018365534133247,-.0359218588191134,-.037758412232438,-.037758412232438,0,0,-.0010599994659424,2008,.5048554611206054,2007,0,0,1,1,.1126430640057886,0,.0555220981481062,0,.0746921909892825,0,.0004896168798202,0,.1126430640057886,0,.0007383897138567,0
Chile,CHL,2007,.3557843780517578,.0390100002288818,.0390100002288818,CHL,-.0386595224539159,-.0015081079797757,-.0355532147281383,-.037061322707914,-.037061322707914,0,0,.0194399976730347,2009,.5088427734375,2008,0,0,1,1,.1119459744812646,0,.0565165365673344,0,.0739951014647585,0,-.000502149380455,0,.1119459744812646,0,-.0007596935556197,0
Chile,CHL,2008,.3542024230957031,.0491599988937378,.0491599988937378,CHL,-.0367739307583584,-.0018078063953993,-.0359460322021282,-.0377538385975274,-.0377538385975274,0,0,.0369100046157837,2010,.5048184967041016,2009,0,0,1,1,.112638490370878,0,.0573152818361307,0,.0746876173543719,0,-.0010366020803251,0,.112638490370878,0,-.001563328669184,0
Chile,CHL,2009,.3529984664916992,.0584499979019165,.0584499979019165,CHL,-.035041737624475,-.0020481894906301,-.0362449883703604,-.0382931778609905,-.0382931778609905,0,0,.0528200006484985,2011,.516252555847168,2010,0,0,1,1,.1131778296343411,0,.057134261816241,0,.075226956617835,0,-.0007262340745454,0,.1131778296343411,0,-.0010926082890885,0
Chile,CHL,2010,.3521058273315429,.0860700035095215,.0860700035095215,CHL,-.0298216619616973,-.002566750549703,-.0364666408635208,-.0390333914132239,-.0390333914132239,0,0,.0333199977874756,2012,.5222876739501953,2011,0,0,1,1,.1139180431865745,0,.0588104809521771,0,.0759671701700684,0,.0001676906939552,0,.1139180431865745,0,.0002514638319844,0
Chile,CHL,2011,.3503188705444336,.111269998550415,.111269998550415,CHL,-.0250843358374406,-.0027911340122701,-.0369103626323074,-.0397014966445775,-.0397014966445775,0,0,.0165700054168701,2013,.5382090759277344,2012,0,0,1,1,.1145861484179281,0,.0598469329241115,0,.076635275401422,0,.0003057467853985,0,.1145861484179281,0,.0004571569208365,0
Chile,CHL,2012,.3456612014770508,.1193900012969971,.1193900012969971,CHL,-.0236643739752166,-.0028252896395937,-.0380669150301663,-.04089220466976,-.04089220466976,0,0,.0308100032806396,2014,.5437157821655273,2013,0,0,1,1,.1157768564431106,0,.0623121549200645,0,.0778259834266045,0,.0003601236090479,0,.1157768564431106,0,.0005357334086993,0
Chile,CHL,2013,.3440798568725586,.1278400039672851,.1278400039672851,CHL,-.0221014927290558,-.0028254549181654,-.0384595809468958,-.0412850358650612,-.0412850358650612,0,0,.0459099960327148,2015,.5618909454345703,2014,0,0,1,1,.1161696876384118,0,.0631632925782441,0,.0782188146219057,0,.0002798093924825,0,.1161696876384118,0,.0004155697050654,0
Chile,CHL,2014,.3378392028808594,.1502000045776367,.1502000045776367,CHL,-.0180195226774832,-.0027065323886448,-.0400092065716213,-.0427157389602661,-.0427157389602661,0,0,.0608099937438965,2016,.5545716094970703,2015,0,0,1,1,.1176003907336167,0,.0660785947327868,0,.0796495177171106,0,.0005130403549501,0,.1176003907336167,0,.0007574904146755,0
Chile,CHL,2015,.337793197631836,.17375,.17375,CHL,-.0135500039570703,-.002354313187541,-.0400206302001149,-.0423749433876559,-.0423749433876559,0,0,.062770004272461,2017,.5386377716064453,2016,0,0,1,1,.1172595951610065,0,.0650288424174142,0,.0793087221445004,0,.0007537077357499,0,.1172595951610065,0,.0011143725629915,0
Chile,CHL,2016,.3392568206787109,.2110099983215332,.2110099983215332,CHL,-.0064383936236701,-.001358565427724,-.039657195889962,-.041015761317686,-.041015761317686,0,0,.0469700050354004,2018,.5376282501220703,2017,0,0,1,1,.1159004130910366,0,.0624283402356224,0,.0779495400745305,0,.0009749699987274,0,.1159004130910366,0,.0014496483942796,0
Chile,CHL,2017,.339239616394043,.2365200042724609,.2365200042724609,CHL,-.0015960359798869,-.0003774944367819,-.0396614679102362,-.040038962347018,-.040038962347018,0,0,.0467799949645996,2019,.5384768676757813,2018,0,0,1,1,.1149236141203686,0,.0617861815572378,0,.0769727411038625,0,.0012152704746622,0,.1149236141203686,0,.0018144511041058,0
Chile,CHL,2018,.3336594772338867,.2579800033569336,.2579800033569336,CHL,.0023323134462263,.0006016902306869,-.0410470801623517,-.0404453899316648,-.0404453899316648,0,0,.0658200073242187,2020,.5298571395874023,2019,0,0,1,1,.1153300417050154,0,.0621025596062339,0,.0773791686885093,0,.001186354465563,0,.1153300417050154,0,.0017682059953512,0
Chile,CHL,2019,.3326260757446289,.2832999992370606,.2832999992370606,CHL,.007112083435939,.0020148532319754,-.0413036855486643,-.0392888323166889,-.0392888323166889,0,0,.0811800193786621,2021,.5295795822143554,2020,0,0,1,1,.1141734840900395,0,.0604956356966761,0,.0762226110735334,0,.0011256842067443,0,.1141734840900395,0,.0016861569822784,0
Chile,CHL,2020,.3331570816040039,.3238000106811523,.3238000106811523,CHL,.0148144408783001,.0047969161146289,-.0411718307322202,-.0363749146175913,-.0363749146175913,0,0,.0552700042724609,2022,.5330508422851562,2021,0,0,1,1,.1112595663909419,0,.0589207946866653,0,.0733086933744358,0,.001733302465415,0,.1112595663909419,0,.0026306086202005,0
Chile,CHL,2021,.3337310791015625,.3644800186157227,.3644800186157227,CHL,.0225520905693548,.0082197863905419,-.041029300601255,-.0328095142107131,-.0328095142107131,0,0,.0296699905395508,2023,.5325830841064453,2022,0,0,1,1,.1076941659840637,0,.0574064658870026,0,.0697432929675576,0,.0016627185591484,0,.1076941659840637,0,.0025674882970755,0
Chile,CHL,2022,.332513656616211,.3790700149536133,.3790700149536133,CHL,.0252900811295682,.0095867114319635,-.0413316005015422,-.0317448890695787,-.0317448890695787,0,0,,,.5308937454223632,2023,1,0,0,1,,,,,.0686786678264232,0,.0011737853161534,0,.1066295408429293,0,.0018224026946175,0
Chile,CHL,2023,.3322364807128906,.3941500091552734,.3941500091552734,CHL,.0281456270491921,.01109359915912,-.0414004264423672,-.0303068272832472,-.0303068272832472,0,0,,,,,1,1,0,0,,,,,,,,,,,,
China,CHN,1995,.4068375015258789,.2142399978637695,.2142399978637695,CHN,-.0040617892031673,-.0008701977102096,-.022876141385665,-.0237463390958746,-.0237463390958746,0,0,-.0103000068664551,1997,.3636147689819336,1996,0,0,1,1,.0986309908692252,0,.0357694500427881,0,.0606801178527191,0,.0030423905421756,0,.0986309908692252,0,.0049451781638636,0
China,CHN,1996,.4039718627929688,.2122100067138672,.2122100067138672,CHN,-.0045219365093289,-.0009596001770044,-.0235877121950112,-.0245473123720156,-.0245473123720156,0,0,-.0078300094604492,1998,.3603414154052734,1997,0,0,1,1,.0994319641453662,0,.0361549306721372,0,.0614810911288601,0,.003255092839247,0,.0994319641453662,0,.0052643872862223,0
China,CHN,1997,.4012466430664062,.2039399909973144,.2039399909973144,CHN,-.0061630228712651,-.0012568868288821,-.0242644153621642,-.0255213021910463,-.0255213021910463,0,0,.0121500015258789,1999,.3571147155761719,1998,0,0,1,1,.1004059539643969,0,.0361804235666475,0,.0624550809478907,0,.0042748887473512,0,.1004059539643969,0,.0068725278432924,0
China,CHN,1998,.3993429565429688,.204379997253418,.204379997253418,CHN,-.0061291663333002,-.0012526789983656,-.0247371224569794,-.0259898014553451,-.0259898014553451,0,0,.0227000045776367,2000,.3585369110107422,1999,0,0,1,1,.1008744532286957,0,.0360237516736675,0,.0629235802121896,0,.0046482609368458,0,.1008744532286957,0,.0074517498668613,0
China,CHN,1999,.3982910537719727,.2160899925231934,.2160899925231934,CHN,-.0039335947077568,-.0008500104509884,-.0249983219227443,-.0258483323737327,-.0258483323737327,0,0,.0264300155639648,2001,.3629275894165039,2000,0,0,1,1,.1007329841470833,0,.0361164929729893,0,.0627821111305772,0,.0032703705321423,0,.1007329841470833,0,.0052472619514849,0
China,CHN,2000,.3979897689819336,.2270800018310547,.2270800018310547,CHN,-.0018551185293613,-.0004212603190442,-.0250731343753503,-.0254943946943945,-.0254943946943945,0,0,.0284499931335449,2002,.3579041671752929,2001,0,0,1,1,.1003790464677451,0,.036430325362466,0,.062428173451239,0,.0034041458282092,0,.1003790464677451,0,.0054735689574465,0
China,CHN,2001,.3964270782470703,.2425200080871582,.2425200080871582,CHN,.0010352281917089,.0002510635494253,-.0254611683233125,-.0252101047738872,-.0252101047738872,0,0,.021659984588623,2003,.355137939453125,2002,0,0,1,1,.1000947565472378,0,.0358243304806529,0,.0621438835307317,0,.0030289258204185,0,.1000947565472378,0,.0048786714857385,0
China,CHN,2002,.3953683090209961,.2555299949645996,.2555299949645996,CHN,.0034774103928889,.0008885826601847,-.0257240728082556,-.0248354901480708,-.0248354901480708,0,0,.0044700050354004,2004,.3642817306518555,2003,0,0,1,1,.0997201419214214,0,.0354144057239468,0,.0617692689049153,0,.0022153789378668,0,.0997201419214214,0,.003576501810858,0
China,CHN,2003,.409591178894043,.2641799926757812,.2641799926757812,CHN,.0054906473755746,.0014505191834646,-.0221923718612515,-.0207418526777869,-.0207418526777869,0,0,-.0050799942016602,2005,.3680208206176758,2004,0,0,1,1,.0956265044511375,0,.0348349885376477,0,.0576756314346314,0,.0025608156699058,0,.0956265044511375,0,.0042458460352416,0
China,CHN,2004,.4070658111572266,.26,.26,CHN,.004631223766109,.0012041181791883,-.0228194494979913,-.0216153313188029,-.0216153313188029,0,0,-.0082600021362305,2006,.3969202041625977,2005,0,0,1,1,.0964999830921535,0,.0355140029671662,0,.0585491100756474,0,.001682174227191,0,.0964999830921535,0,.002772540594934,0
China,CHN,2005,.4063915252685547,.2590999984741211,.2590999984741211,CHN,.0044427733905979,.0011511225787248,-.0229868823812863,-.0218357598025615,-.0218357598025615,0,0,.0279800033569336,2007,.4757879638671875,2006,0,0,1,1,.0967204115759121,0,.0383902855094015,0,.058769538559406,0,.0015145328466401,0,.0967204115759121,0,.0024925538614566,0
China,CHN,2006,.4039726257324219,.2517399978637695,.2517399978637695,CHN,.0029824368290884,.0007507986409835,-.0235875227484359,-.0228367241074524,-.0228367241074524,0,0,.0154100036621094,2008,.4907054901123047,2007,0,0,1,1,.097721375880803,0,.0464946544566273,0,.0597705028642968,0,.0015428062686301,0,.097721375880803,0,.0025224005832837,0
China,CHN,2007,.4016443252563476,.2870800018310547,.2870800018310547,CHN,.0096306114914942,.0027647559646123,-.0241656663347626,-.0214009103701503,-.0214009103701503,0,0,.0527700042724609,2009,.5104647064208985,2008,0,0,1,1,.0962855621435009,0,.0472478539623654,0,.0583346891269948,0,.0012464259874128,0,.0962855621435009,0,.002057314929836,0
China,CHN,2008,.3991418075561524,.2671500015258789,.2671500015258789,CHN,.0057818106774993,.0015446107313163,-.0247870700465707,-.0232424593152544,-.0232424593152544,0,0,.0662799835205078,2010,.5235139083862305,2009,0,0,1,1,.098127111088605,0,.0500904269537756,0,.0601762380720989,0,.0010956952952682,0,.098127111088605,0,.0017867087974032,0
China,CHN,2009,.3966464233398437,.3398500061035156,.3398500061035156,CHN,.0195180290537287,.0066332022930383,-.0254067024328992,-.0187735001398609,-.0187735001398609,0,0,-.0080100250244141,2011,.5593957901000977,2010,0,0,1,1,.0936581519132115,0,.0490313451603166,0,.0557072788967054,0,.0009979475408207,0,.0936581519132115,0,.0016778044849922,0
China,CHN,2010,.3933823394775391,.3334299850463867,.3334299850463867,CHN,.0182140838349805,.0060731217007312,-.0262172117162224,-.0201440900154912,-.0201440900154912,0,0,.0048200225830078,2012,.5647366714477539,2011,0,0,1,1,.0950287417888418,0,.0531586780951873,0,.0570778687723357,0,.0010425181206448,0,.0950287417888418,0,.0017356847308385,0
China,CHN,2011,.3913857650756836,.3318399810791016,.3318399810791016,CHN,.0178601404850721,.0059267086806364,-.0267129839315866,-.0207862752509501,-.0207862752509501,0,0,.0325400161743164,2013,.5692396926879882,2012,0,0,1,1,.0956709270243007,0,.0540288808820246,0,.0577200540077946,0,.0010521828193526,0,.0956709270243007,0,.0017439918838764,0
China,CHN,2012,.3905459594726562,.3382500076293946,.3382500076293946,CHN,.0190551031200815,.0064453887757465,-.0269215172494039,-.0204761284736575,-.0204761284736575,0,0,.0548299789428711,2014,.5762224578857422,2013,0,0,1,1,.0953607802470081,0,.0542831412422936,0,.057409907230502,0,.0010079266425704,0,.0953607802470081,0,.0016742174949239,0
China,CHN,2013,.3887555313110351,.364379997253418,.364379997253418,CHN,.0239688883627299,.008733783475779,-.0273661010001083,-.0186323175243293,-.0186323175243293,0,0,.0434400177001953,2015,.4316226196289062,2014,0,0,1,1,.0935169692976799,0,.0538865779027346,0,.0555660962811738,0,.0010285869050132,0,.0935169692976799,0,.0017310974938635,0
China,CHN,2014,.3875256729125977,.3930799865722656,.3930799865722656,CHN,.0293851883220027,.0115507294310363,-.0276714888795738,-.0161207594485374,-.0161207594485374,0,0,.1072500228881836,2016,.4439732360839844,2015,0,0,1,1,.091005411221888,0,.0392799939919972,0,.0530545382053819,0,.0010442601977903,0,.091005411221888,0,.0017912384489083,0
China,CHN,2015,.3863378143310547,.4078200149536133,.4078200149536133,CHN,.0321524323176461,.0131124054285775,-.0279664477250661,-.0148540422964887,-.0148540422964887,0,0,.131089973449707,2017,.4460137557983399,2016,0,0,1,1,.0897386940698393,0,.0398415784081372,0,.0517878210533332,0,.0009154412519368,0,.0897386940698393,0,.0015862899959021,0
China,CHN,2016,.3863130950927735,.5003300094604493,.5003300094604493,CHN,.0497138376470374,.0248733248602574,-.0279725857941075,-.0030992609338501,-.0030992609338501,0,0,.0584199905395507,2018,.4565662002563476,2017,0,0,1,1,.0779839127072007,0,.0347818977983885,0,.0400330396906946,0,.0009413395271588,0,.0779839127072007,0,.0018337188502539,0
China,CHN,2017,.3855410766601562,.5389099884033203,.5389099884033203,CHN,.0570176965063479,.03072740616302,-.028164286783705,.002563119379315,.002563119379315,0,0,.0594700241088868,2019,.4620459747314453,2018,0,0,1,1,.0723215323940356,0,.0330195672418612,0,.0343706593775295,0,.0008905806057766,0,.0723215323940356,0,.0018739283824238,0
China,CHN,2018,.3847931671142578,.55875,.55875,CHN,.0607645985759281,.0339522194542999,-.0283500012615213,.0056022181927785,.0056022181927785,0,0,.1425900268554687,2020,.52802490234375,2019,0,0,1,1,.0692824335805721,0,.032011669555502,0,.0313315605640659,0,.0008736261319496,0,.0692824335805721,0,.001931820291469,0
China,CHN,2019,.3839722442626953,.5983800125122071,.5983800125122071,CHN,.0682665191822842,.04084932060246,-.0285538457765987,.0122954748258613,.0122954748258613,0,0,.1229299545288085,2021,.5450856399536133,2020,0,0,1,1,.0625891769474893,0,.0330486440454737,0,.0246383039309832,0,.0007488330788311,0,.0625891769474893,0,.0019022756682595,0
China,CHN,2020,.3835903549194336,.7013400268554687,.7013400268554687,CHN,.0878024311144368,.0615793593957745,-.0286486732598906,.032930686135884,.032930686135884,0,0,.0715999603271484,2022,.5505420303344727,2021,0,0,1,1,.0419539656374666,0,.0228685042080904,0,.0040030926209605,0,.0001490370013663,0,.0419539656374666,0,.0015619656665678,0
China,CHN,2021,.3823302841186523,.7213099670410156,.7213099670410156,CHN,.0915606346326872,.0660435983491581,-.0289615632237399,.0370820351254182,.0370820351254182,0,0,.1195300292968751,2023,.55301025390625,2022,0,0,1,1,.0378026166479324,0,.0208119293213085,0,0,.0001482563685737,0,5.07887348444e-06,.0378026166479324,0,.0012950182793689,0
China,CHN,2022,.3813139724731445,.7729399871826171,.7729399871826171,CHN,.1013355321927991,.0783262849542458,-.0292139250067646,.0491123599474811,.0491123599474811,0,0,,,.5556672286987304,2023,1,0,0,1,,,,,0,.0121785811906366,0,.0004424552753283,.0257722918258695,0,.0009363230656478,0
China,CHN,2023,.3815280151367187,.8408399963378906,.8408399963378906,CHN,.1142312205664366,.0960501790827553,-.02916077577005,.0668894033127053,.0668894033127053,0,0,,,,,1,1,0,0,,,,,,,,,,,,
Côte d'Ivoire,CIV,1995,.4943402481079102,,,CIV,,,-.0011482105441649,,,,,,,.3097897148132324,1996,3,3,0,0,,,,,,,,,,,,
Côte d'Ivoire,CIV,1996,.4927765655517578,,,CIV,,,-.0015364907726751,,,,,,,.3046832466125488,1997,3,3,0,0,,,,,,,,,,,,
Côte d'Ivoire,CIV,1997,.4937680435180664,.8418199920654297,.8418199920654297,CIV,.1173460083555835,.0987842158228071,-.001290295475678,.0974939203471291,.0974939203471291,0,0,-.0616400146484375,1999,.2991402053833008,1998,1,1,0,0,,,,,,,,,,,,
Côte d'Ivoire,CIV,1998,.4963251495361328,.7516000366210938,.7516000366210938,CIV,.1002854219542631,.075374526813386,-.0006553368614036,.0747191899519824,.0747191899519824,0,0,-.0117300415039062,2000,.2839885711669922,1999,1,1,0,0,,,,,,,,,,,,
Côte d'Ivoire,CIV,1999,.5000315093994141,.7801799774169922,.7801799774169922,CIV,.1058077356455156,.0825490768064615,.0002649946016504,.0828140714081119,.0828140714081119,0,0,-.0684600067138672,2001,.2690404891967774,2000,1,1,0,0,,,,,,,,,,,,
Côte d'Ivoire,CIV,2000,.5010405349731445,.7398699951171875,.7398699951171875,CIV,.0981816381965883,.0726416481731073,.0005155471698806,.0731571953429878,.0731571953429878,0,0,-.1100500106811524,2002,.2644327163696289,2001,1,1,0,0,,,,,,,,,,,,
Côte d'Ivoire,CIV,2001,.5016775894165039,.711719970703125,.711719970703125,CIV,.0928542749087372,.0660862418177064,.0006737350602985,.0667599768780048,.0667599768780048,0,0,-.1479099655151367,2003,.2598292922973633,2002,1,1,0,0,,,,,,,,,,,,
Côte d'Ivoire,CIV,2002,.5013982391357422,.6298199844360352,.6298199844360352,CIV,.0772991338844965,.0486845393000526,.0006043691967338,.0492889084967864,.0492889084967864,0,0,-.0626399993896485,2004,.2507492065429687,2003,1,1,0,0,,,,,,,,,,,,
Côte d'Ivoire,CIV,2003,.5012282180786133,.5638100051879883,.5638100051879883,CIV,.0647633965099168,.0365142509222479,.0005621510274169,.0370764019496648,.0370764019496648,0,0,.0178300094604492,2005,.2355785942077637,2004,1,1,0,0,,,,,,,,,,,,
Côte d'Ivoire,CIV,2004,.4971598434448242,.5671799850463867,.5671799850463867,CIV,.0652969932516045,.037035147656019,-.0004480728356411,.0365870748203779,.0365870748203779,0,0,.0075300216674805,2006,.2171926307678223,2005,1,1,0,0,,,,,,,,,,,,
Côte d'Ivoire,CIV,2005,.4947231674194336,.5816400146484375,.5816400146484375,CIV,.0679784962840632,.0395390135744413,-.0010531273079964,.0384858862664449,.0384858862664449,0,0,-.0463100051879883,2007,.1793415451049805,2006,1,1,0,0,,,,,,,,,,,,
Côte d'Ivoire,CIV,2006,.4963334655761719,.5747100067138672,.5747100067138672,CIV,.0667049255683434,.0383359882212307,-.0006532718937323,.0376827163274984,.0376827163274984,0,0,-.0623099899291992,2008,.1965656852722168,2007,1,1,0,0,,,,,,,,,,,,
Côte d'Ivoire,CIV,2007,.5038493728637695,.5353300094604492,.5353300094604492,CIV,.0594251639473368,.0318120735781166,.001213013681692,.0330250872598085,.0330250872598085,0,0,-.0705699920654296,2009,.1946445083618164,2008,1,1,0,0,,,,,,,,,,,,
Côte d'Ivoire,CIV,2008,.5030231857299805,.512400016784668,.512400016784668,CIV,.0550505875980212,.0282079220092319,.0010078619852446,.0292157839944765,.0292157839944765,0,0,-.0562800216674805,2010,.2005732154846191,2009,1,1,0,0,,,,,,,,,,,,
Côte d'Ivoire,CIV,2009,.4994078826904297,.4647600173950195,.4647600173950195,CIV,.0459122980696609,.0213382004495009,.0001101409709587,.0214483414204596,.0214483414204596,0,0,.0355199813842773,2011,.1833553695678711,2010,1,1,0,0,,,,,,,,,,,,
Côte d'Ivoire,CIV,2010,.4938960647583008,.4561199951171875,.4561199951171875,CIV,.0441282574838036,.0201277805880425,-.0012585063403341,.0188692742477084,.0188692742477084,0,0,-.2091899871826172,2012,.1843300628662109,2011,1,1,0,0,,,,,,,,,,,,
Côte d'Ivoire,CIV,2011,.4962693405151367,.5002799987792969,.5002799987792969,CIV,.0525734974342953,.0263014692322526,-.0006691948783905,.0256322743538621,.0256322743538621,0,0,-.2540399932861328,2013,.1978211784362793,2012,1,1,0,0,,,,,,,,,,,,
Côte d'Ivoire,CIV,2012,.4989559173583984,.2469300079345703,.2469300079345703,CIV,.0045477663752993,.0011229799871372,-2.08718027908e-06,.0011208928068582,.0011208928068582,0,0,.0201699829101563,2014,.2096818542480469,2013,1,1,0,0,,,,,,,,,,,,
Côte d'Ivoire,CIV,2013,.4874742889404297,.246240005493164,.246240005493164,CIV,.0041171796949903,.0010138143507107,-.0028531065820478,-.0018392922313371,-.0018392922313371,0,0,.0454800033569336,2015,.2475912857055664,2014,1,1,0,0,,,,,,,,,,,,
Côte d'Ivoire,CIV,2014,.4910857772827149,.2670999908447266,.2670999908447266,CIV,.0081714654289127,.0021825983412506,-.0019563328006387,.0002262655406119,.0002262655406119,0,0,.0440800094604492,2016,.2684986114501953,2015,1,1,0,0,,,,,,,,,,,,
Côte d'Ivoire,CIV,2015,.4883872985839844,.2917200088500976,.2917200088500976,CIV,.0127749041234514,.0037266951439524,-.0026263958653256,.0011002992786268,.0011002992786268,0,0,.0342300033569336,2017,.2855529975891113,2016,1,1,0,0,,,,,,,,,,,,
Côte d'Ivoire,CIV,2016,.4908026123046875,.3111800003051758,.3111800003051758,CIV,.0165322032308384,.0051444910064175,-.0020266458970801,.0031178451093374,.0031178451093374,0,0,.0419900131225586,2018,.2819094085693359,2017,1,1,0,0,,,,,,,,,,,,
Côte d'Ivoire,CIV,2017,.4860490798950196,.3259500122070312,.3259500122070312,CIV,.01921209803226,.0062621835881378,-.0032070022571318,.003055181331006,.003055181331006,0,0,.0462099838256836,2019,.290921516418457,2018,1,1,0,0,,,,,,,,,,,,
Côte d'Ivoire,CIV,2018,.4848112869262695,.3531700134277344,.3531700134277344,CIV,.0243472307616493,.0085987118150198,-.0035143603809809,.0050843514340389,.0050843514340389,0,0,.1099799728393555,2020,.2973394012451172,2019,1,1,0,0,,,,,,,,,,,,
Côte d'Ivoire,CIV,2019,.4841799545288086,.3721599960327148,.3721599960327148,CIV,.0279358056763885,.0103965893296954,-.0036711274220837,.0067254619076117,.0067254619076117,0,0,.1294900131225586,2021,.2997094535827637,2020,1,1,0,0,,,,,,,,,,,,
Côte d'Ivoire,CIV,2020,.4856181335449219,.4631499862670899,.4631499862670899,CIV,.0452468264424604,.0209560670454549,-.0033140111552187,.0176420558902362,.0176420558902362,0,0,.0972000122070313,2022,.3093624877929688,2021,1,1,0,0,,,,,,,,,,,,
Côte d'Ivoire,CIV,2021,.4876534652709961,.5016500091552735,.5016500091552735,CIV,.0526087603444202,.026391185108426,-.0028086150538267,.0235825700545993,.0235825700545993,0,0,.065359992980957,2023,.3180010223388672,2022,1,1,0,0,,,,,,,,,,,,
Côte d'Ivoire,CIV,2022,.4900578689575195,.5603499984741211,.5603499984741211,CIV,.0638150760223088,.0357587777517267,-.0022115741716088,.0335472035801179,.0335472035801179,0,0,,,.3194132804870605,2023,2,1,0,0,,,,,,,,,,,,
Côte d'Ivoire,CIV,2023,.489171257019043,.5670100021362304,.5670100021362304,CIV,.0650562728396023,.0368875574017581,-.0024317300368239,.0344558273649342,.0344558273649342,0,0,,,,,2,2,0,0,,,,,,,,,,,,
Colombia,COL,1995,.4428425979614258,,,COL,,,-.0139356649337664,,,,,,,.2886794281005859,1996,2,1,0,0,,,,,,,,,,,,
Colombia,COL,1996,.4431292343139648,.232859992980957,.232859992980957,COL,.0004200030020881,.0000978018961182,-.0138644898554071,-.0137666879592889,-.0137666879592889,0,0,.0416699981689453,1998,.2888555908203125,1997,0,0,1,1,.0886513397326395,0,.0255918180543691,0,.0507004667161334,0,.0051208053538159,0,.0886513397326395,0,.0089538871045816,0
Colombia,COL,1997,.4422812271118164,.2526300048828125,.2526300048828125,COL,.0041510044574255,.001048668276348,-.0140750597239095,-.0130263914475615,-.0130263914475615,0,0,.0871899795532227,1999,.2896854209899902,1998,0,0,1,1,.0879110432209121,0,.0253935963292066,0,.049960170204406,0,.0047064877293994,0,.0879110432209121,0,.0082816420461561,0
Colombia,COL,1998,.4419013977050781,.2745299911499023,.2745299911499023,COL,.0082985756058072,.002278207887619,-.0141693757014478,-.0118911678138288,-.0118911678138288,0,0,.1053499984741211,2000,.2902645111083985,1999,0,0,1,1,.0867758195871794,0,.0251376898288635,0,.0488249465706733,0,.0060648327456403,0,.0867758195871794,0,.0107789330890576,0
Colombia,COL,1999,.4423150634765625,.3398199844360352,.3398199844360352,COL,.0207039887778966,.0070356291442687,-.0140666577682927,-.007031028624024,-.007031028624024,0,0,.0711300277709961,2001,.293348331451416,2000,0,0,1,1,.0819156803973746,0,.0237772149226558,0,.0439648073808685,0,.0060573562242532,0,.0819156803973746,0,.011286128293943,0
Colombia,COL,2000,.4415024566650391,.3798799896240234,.3798799896240234,COL,.0282877559706836,.0107459524446302,-.0142684373156988,-.0035224848710686,-.0035224848710686,0,0,.0955699920654297,2002,.2965309524536133,2001,0,0,1,1,.0784071366444192,0,.0230006027085235,0,.0404562636279131,0,.0063536970689236,0,.0784071366444192,0,.0123139200115509,0
Colombia,COL,2001,.4391106796264648,.4109500122070313,.4109500122070313,COL,.0341236632053764,.0140231198107981,-.0148623428570947,-.0008392230462966,-.0008392230462966,0,0,.0394499969482422,2003,.2997043800354004,2002,0,0,1,1,.0757238748196472,0,.0224544727237482,0,.0377730018031411,0,.0064188814819885,0,.0757238748196472,0,.0128679891621383,0
Colombia,COL,2002,.4398138427734375,.4754499816894531,.4754499816894531,COL,.046386652687474,.0220545331708945,-.0146877394209226,.0073667937499719,.0073667937499719,0,0,-.0606299972534179,2004,.2977456855773926,2003,0,0,1,1,.0675178580233787,0,.0202353977802149,0,.0295669850068726,0,.0044995326613778,0,.0675178580233787,0,.0102749335900108,0
Colombia,COL,2003,.4390556335449219,.4504000091552735,.4504000091552735,COL,.0416113942271854,.018741772340888,-.0148760114275062,.0038657609133818,.0038657609133818,0,0,-.0650799942016602,2005,.303772087097168,2004,0,0,1,1,.0710188908599688,0,.0211455683480474,0,.0330680178434627,0,.0052139088642155,0,.0710188908599688,0,.011197708502953,0
Colombia,COL,2004,.4368173599243164,.4148199844360352,.4148199844360352,COL,.0347984958099587,.0144351114902845,-.0154318003179415,-.000996688827657,-.000996688827657,0,0,-.0551299667358399,2006,.3148616981506348,2005,0,0,1,1,.0758813406010076,0,.0230506332060992,0,.0379304675845015,0,.0040417220055787,0,.0758813406010076,0,.0080856183340386,0
Colombia,COL,2005,.4340646362304688,.3853200149536133,.3853200149536133,COL,.0291264081368681,.0112229880188431,-.0161153330341359,-.0048923450152928,-.0048923450152928,0,0,-.0586900329589844,2007,.2940325164794922,2006,0,0,1,1,.0797769967886434,0,.02511872068223,0,.0418261237721373,0,.003367884978169,0,.0797769967886434,0,.0064237305505917,0
Colombia,COL,2006,.4333818817138672,.3596900177001953,.3596900177001953,COL,.0242430069633809,.0087199676037644,-.0162848687744173,-.0075649011706528,-.0075649011706528,0,0,-.0358700180053711,2008,.3001873207092285,2007,0,0,1,1,.0824495529440034,0,.0242428495347345,0,.0444986799274973,0,.0043527618083907,0,.0824495529440034,0,.0080650317213517,0
Colombia,COL,2007,.4324171447753906,.3266299819946289,.3266299819946289,COL,.0179417331308642,.0058603079694866,-.0165244239689483,-.0106641159994617,-.0106641159994617,0,0,.0272400283813476,2009,.3122482872009277,2008,0,0,1,1,.0855487677728123,0,.0256806553876965,0,.0475978947563062,0,.0046410643725049,0,.0855487677728123,0,.0083414894766852,0
Colombia,COL,2008,.4285430526733399,.3238199996948242,.3238199996948242,COL,.0173071985269161,.0056044170217042,-.0174864052615932,-.011881988239889,-.011881988239889,0,0,.041150016784668,2010,.3258454132080078,2009,0,0,1,1,.0867666400132396,0,.0270927347303135,0,.0488157669967335,0,.0037000605223218,0,.0867666400132396,0,.0065766009451205,0
Colombia,COL,2009,.4256711578369141,.3538700103759765,.3538700103759765,COL,.0229369392209308,.0081166949201039,-.0181995295328573,-.0100828346127534,-.0100828346127534,0,0,.0039599990844727,2011,.3388956832885742,2010,0,0,1,1,.084967486386104,0,.0276862657107258,0,.0470166133695979,0,.0027004584851572,0,.084967486386104,0,.0048802147396308,0
Colombia,COL,2010,.4235089874267578,.3649700164794922,.3649700164794922,COL,.0249877399384897,.0091197758571358,-.0187364211274014,-.0096166452702656,-.0096166452702656,0,0,-.0253000259399414,2012,.3533711242675781,2011,0,0,1,1,.0845012970436162,0,.0286371248003671,0,.0465504240271101,0,.0035299633551257,0,.0845012970436162,0,.0064078144991942,0
Colombia,COL,2011,.421407356262207,.3578300094604492,.3578300094604492,COL,.0235774455211021,.0084367175538692,-.0192582801361914,-.0108215625823222,-.0108215625823222,0,0,.0180899810791015,2013,.352838363647461,2012,0,0,1,1,.0857062143556728,0,.0302861013235821,0,.0477553413391667,0,.0035207727600888,0,.0857062143556728,0,.006318708994889,0
Colombia,COL,2012,.4195582580566406,.3396699905395508,.3396699905395508,COL,.0200817071375637,.0068211532734343,-.0197174323285403,-.012896279055106,-.012896279055106,0,0,.0935200119018555,2014,.354767837524414,2013,0,0,1,1,.0877809308284566,0,.0309724799929636,0,.0498300578119505,0,.00283847482535,0,.0877809308284566,0,.0050002743974864,0
Colombia,COL,2013,.4196330261230469,.3759199905395508,.3759199905395508,COL,.0269653396828362,.0101368102384676,-.0196988665641559,-.0095620563256883,-.0095620563256883,0,0,.1278300094604493,2015,.3777388763427734,2014,0,0,1,1,.0844467080990389,0,.0299589760183515,0,.0464958350825328,0,.0031576990562105,0,.0844467080990389,0,.0057350790665677,0
Colombia,COL,2014,.4196255874633789,.4331900024414063,.4331900024414063,COL,.0378372555360387,.0163907208180327,-.0197007136682656,-.0033099928502329,-.0033099928502329,0,0,.0658499908447265,2016,.3768716049194336,2015,0,0,1,1,.0781946446235835,0,.0295371571961349,0,.0402437716070774,0,.0021582780430478,0,.0781946446235835,0,.0041935876742061,0
Colombia,COL,2015,.4182125091552734,.50375,.50375,COL,.051195457319898,.0257897116248986,-.0200515971428015,.0057381144820971,.0057381144820971,0,0,-.0092599868774415,2017,.3757465744018555,2016,0,0,1,1,.0691465372912535,0,.0260593664835762,0,.0311956642747474,0,.0020286117342403,0,.0691465372912535,0,.0044965055302467,0
Colombia,COL,2016,.4197605514526367,.4990399932861328,.4990399932861328,COL,.0503417060284908,.0251225246384705,-.019667200569086,.0054553240693845,.0054553240693845,0,0,.0185700225830078,2018,.3741077041625976,2017,0,0,1,1,.0694293277039661,0,.0260878320477891,0,.03147845468746,0,.0021837326866932,0,.0694293277039661,0,.0048164718957022,0
Colombia,COL,2017,.4182515716552734,.4944900131225586,.4944900131225586,COL,.049438565398124,.0244468768524788,-.0200418974781435,.0044049793743353,.0044049793743353,0,0,.0152199935913087,2019,.3709108734130859,2018,0,0,1,1,.0704796723990153,0,.0263669884313276,0,.0325287993825092,0,.0024240474167722,0,.0704796723990153,0,.0052521479752384,0
Colombia,COL,2018,.4169092559814453,.5176100158691406,.5176100158691406,COL,.0537926291276375,.0278436036163992,-.0203752097828157,.0074683938335836,.0074683938335836,0,0,.1351300048828126,2020,.3689555358886719,2019,0,0,1,1,.067416257939767,0,.0250054231146809,0,.0294653849232609,0,.0021369527515903,0,.067416257939767,0,.0048893085320795,0
Colombia,COL,2019,.4060861968994141,.5097100067138672,.5097100067138672,COL,.0520104828787782,.0265102635773335,-.0230626989007417,.0034475646765919,.0034475646765919,0,0,.134459991455078,2021,.3718426132202148,2020,0,0,1,1,.0714370870967588,0,.0263571087521104,0,.0334862140802526,0,.0026176590003729,0,.0714370870967588,0,.0055843259423445,0
Colombia,COL,2020,.4064691925048828,.6527400207519531,.6527400207519531,COL,.0791732217876958,.0516795304326995,-.0229675967199156,.0287119337127839,.0287119337127839,0,0,-.0397400283813477,2022,.3688395690917969,2021,0,0,1,1,.0461727180605667,0,.0171689841431213,0,.0082218450440606,0,.000792250924559,0,.0461727180605667,0,.0044491690583866,0
Colombia,COL,2021,.4052450942993164,.6441699981689453,.6441699981689453,COL,.0775143519324454,.0499324199423903,-.0232715542777371,.0266608656646532,.0266608656646532,0,0,-.0905300140380859,2023,.3738554000854492,2022,0,0,1,1,.0482237861086974,0,.0177868404883069,0,.0102729130921913,0,.0010322771072936,0,.0482237861086974,0,.0048457832729911,0
Colombia,COL,2022,.404659538269043,.6129999923706054,.6129999923706054,COL,.071581774610231,.043879627289946,-.0234169545243188,.0204626727656272,.0204626727656272,0,0,,,.3733372116088867,2023,1,0,0,1,,,,,.0164711059912173,0,.0022615321005375,0,.0544219790077234,0,.0074723004372854,0
Colombia,COL,2023,.4053877258300781,.5536399841308594,.5536399841308594,COL,.0603319018446701,.0334021531798677,-.0232361372404753,.0101660159393924,.0101660159393924,0,0,,,,,1,1,0,0,,,,,,,,,,,,
Czech Republic,CZE,1995,.2666942024230957,.1347599983215332,.1347599983215332,CZE,-.0228070744814808,-.0030734813188434,-.0576753223228064,-.0607488036416498,-.0607488036416498,0,0,-.0135200023651123,1997,.4631130981445313,1996,3,3,0,0,,,,,,,,,,,,
Czech Republic,CZE,1996,.2672964477539063,.1150599956512451,.1150599956512451,CZE,-.0265311982307338,-.0030526795530505,-.0575257779323888,-.0605784574854394,-.0605784574854394,0,0,.0237100028991699,1998,.4580216979980469,1997,1,1,0,0,,,,,,,,,,,,
Czech Republic,CZE,1997,.2660869789123535,.1212399959564209,.1212399959564209,CZE,-.0253895495042104,-.0030782288792258,-.057826102852128,-.0609043317313539,-.0609043317313539,0,0,.029640007019043,1999,.4557419204711914,1998,1,1,0,0,,,,,,,,,,,,
Czech Republic,CZE,1998,.2647707939147949,.1387699985504151,.1387699985504151,CZE,-.0220960067195053,-.0030662628204357,-.0581529266115944,-.0612191894320301,-.0612191894320301,0,0,.0301800060272217,2000,.4455929565429688,1999,1,1,0,0,,,,,,,,,,,,
Czech Republic,CZE,1999,.2639292144775391,.1508800029754639,.1508800029754639,CZE,-.0198190094672187,-.0029902922073847,-.0583619003926995,-.0613521926000842,-.0613521926000842,0,0,.0750899982452393,2001,.4369644927978515,2000,1,1,0,0,,,,,,,,,,,,
Czech Republic,CZE,2000,.2617506980895996,.1689500045776367,.1689500045776367,CZE,-.016445454871709,-.0027784596758566,-.0589028508801204,-.061681310555977,-.061681310555977,0,0,.0880799865722656,2002,.4529880142211914,2001,0,0,1,1,.1365659623293276,0,.0596744764626851,0,.0986150893128215,0,.0003886466326189,0,.1365659623293276,0,.0005382127802094,0
Czech Republic,CZE,2001,.2612405776977539,.2259700012207031,.2259700012207031,CZE,-.0056341185619554,-.0012731417783227,-.0590295195965643,-.060302661374887,-.060302661374887,0,0,.0546500015258789,2003,.467193603515625,2002,0,0,1,1,.1351873131482376,0,.0612382325309185,0,.0972364401317315,0,.0008722508150276,0,.1351873131482376,0,.0012126857371084,0
Czech Republic,CZE,2002,.2600387763977051,.2570299911499023,.2570299911499023,CZE,.0002309348243999,.0000593571758717,-.0593279405782213,-.0592685834023496,-.0592685834023496,0,0,.0258600044250488,2004,.4746897125244141,2003,0,0,1,1,.1341532351757002,0,.0626755333650145,0,.0962023621591941,0,.0008334456620815,0,.1341532351757002,0,.0011622316687647,0
Czech Republic,CZE,2003,.2595188140869141,.2806200027465821,.2806200027465821,CZE,.0046956829511596,.0013177025626515,-.0594570531554872,-.0581393505928357,-.0581393505928357,0,0,-.0038400077819825,2005,.4682633972167969,2004,0,0,1,1,.1330240023661863,0,.0631451254420519,0,.0950731293496802,0,.0009444949233159,0,.1330240023661863,0,.0013215142467008,0
Czech Republic,CZE,2004,.2588666343688965,.2828899955749511,.2828899955749511,CZE,.0051095995223288,.0014454545862614,-.0596189968242614,-.058173542238,-.058173542238,0,0,-.007239990234375,2006,.4758239364624023,2005,0,0,1,1,.1330581940113506,0,.0623062819552867,0,.0951073209948445,0,.0014289276894382,0,.1330581940113506,0,.0019991156909968,0
Czech Republic,CZE,2005,.2593539619445801,.2767799949645996,.2767799949645996,CZE,.0039623962402191,.0010967120114156,-.0594979878242561,-.0584012758128405,-.0584012758128405,0,0,-.0033199882507324,2007,.4845196533203125,2006,0,0,1,1,.1332859275861911,0,.0634206347391042,0,.095335054569685,0,.001585235676207,0,.1332859275861911,0,.002216284539823,0
Czech Republic,CZE,2006,.2590017318725586,.2756500053405762,.2756500053405762,CZE,.0037386886352417,.0010305695422711,-.0595854505719312,-.05855488102966,-.05855488102966,0,0,.0059000015258789,2008,.4940967559814453,2007,0,0,1,1,.1334395328030106,0,.0646540761729392,0,.0954886597865045,0,.0015168505870012,0,.1334395328030106,0,.0021197054615067,0
Czech Republic,CZE,2007,.2581436538696289,.2734600067138672,.2734600067138672,CZE,.0033005500686076,.0009025684439209,-.0597985211352282,-.0588959526913073,-.0588959526913073,0,0,.0608399963378907,2009,.5029157257080078,2008,0,0,1,1,.1337806044646579,0,.0661005626792243,0,.0958297314481518,0,.0015027959007029,0,.1337806044646579,0,.0020979391358497,0
Czech Republic,CZE,2008,.2589046669006347,.2815500068664551,.2815500068664551,CZE,.0048562091523946,.0013672657202016,-.0596095529124802,-.0582422871922785,-.0582422871922785,0,0,.0854500007629395,2010,.5014282608032227,2009,0,0,1,1,.1331269389656291,0,.066951631121185,0,.095176065949123,0,.001569843898679,0,.1331269389656291,0,.0021958095325849,0
Czech Republic,CZE,2009,.2588890266418457,.3343000030517578,.3343000030517578,CZE,.0148698335098485,.0049709853877215,-.0596134365672749,-.0546424511795534,-.0546424511795534,0,0,.0597200012207031,2011,.5154093933105469,2010,0,0,1,1,.129527102952904,0,.0649485499605546,0,.0915762299363979,0,.0021813927111086,0,.129527102952904,0,.0030854019483955,0
Czech Republic,CZE,2010,.2567495727539063,.3670000076293946,.3670000076293946,CZE,.0210217597162629,.0077149859762518,-.0601446873900379,-.0524297014137861,-.0524297014137861,0,0,.071349983215332,2012,.5259011459350585,2011,0,0,1,1,.1273143531871367,0,.0656190135359068,0,.0893634801706306,0,.0023203567805049,0,.1273143531871367,0,.0033057656450857,0
Czech Republic,CZE,2011,.2590544509887696,.3940200042724609,.3940200042724609,CZE,.0262113647076149,.0103278020340814,-.0595723598135744,-.049244557779493,-.049244557779493,0,0,.0473899841308594,2013,.5299942016601562,2012,0,0,1,1,.1241292095528436,0,.0652796935478535,0,.0861783365363375,0,.0022722026920592,0,.1241292095528436,0,.0032728262745037,0
Czech Republic,CZE,2012,.2594610595703125,.4383499908447266,.4383499908447266,CZE,.0346375567096508,.0151833726665591,-.0594713942612412,-.0442880215946821,-.0442880215946821,0,0,-.0228899765014648,2014,.5443291091918945,2013,0,0,1,1,.1191726733680327,0,.0631608258813971,0,.0812218003515266,0,.0023131076426257,0,.1191726733680327,0,.0033939068127853,0
Czech Republic,CZE,2013,.2592693138122559,.4414099884033203,.4414099884033203,CZE,.0352134617548226,.015543573744837,-.0595190069217913,-.0439754331769542,-.0439754331769542,0,0,-.046719970703125,2015,.5601258850097657,2014,0,0,1,1,.1188600849503048,0,.0646990041594723,0,.0809092119337987,0,.0021387257142309,0,.1188600849503048,0,.0031419057731878,0
Czech Republic,CZE,2014,.2593325424194336,.4154600143432617,.4154600143432617,CZE,.03028878172885,.0125837776915079,-.0595033065368591,-.0469195288453511,-.0469195288453511,0,0,-.0531400299072266,2016,.562873649597168,2015,0,0,1,1,.1218041806187017,0,.0682256744669397,0,.0838533076021956,0,.0022707013415349,0,.1218041806187017,0,.0032983900605037,0
Czech Republic,CZE,2015,.2596512794494629,.3946900177001953,.3946900177001953,CZE,.0263541331166619,.0104017132662886,-.0594241604938419,-.0490224472275533,-.0490224472275533,0,0,-.056870002746582,2017,.554018325805664,2016,0,0,1,1,.1239070990009039,0,.0697440410256364,0,.0859562259843978,0,.0019084624828512,0,.1239070990009039,0,.0027510752955239,0
Czech Republic,CZE,2016,.2589702224731446,.3623199844360351,.3623199844360351,CZE,.0201912512271405,.0073156938303616,-.0595932747154931,-.0522775808851315,-.0522775808851315,0,0,-.0455399894714355,2018,.5617328262329102,2017,0,0,1,1,.1271622326584821,0,.0704502072431626,0,.089211359641976,0,.0017326053375619,0,.1271622326584821,0,.0024696626519826,0
Czech Republic,CZE,2017,.2592383766174317,.3378200149536133,.3378200149536133,CZE,.0155471865773585,.0052521508020499,-.0595266889804217,-.0542745381783719,-.0542745381783719,0,0,-.0423000144958496,2019,.5572649765014649,2018,0,0,1,1,.1291591899517225,0,.0725529568055344,0,.0912083169352164,0,.0014414057816409,0,.1291591899517225,0,.0020411603832215,0
Czech Republic,CZE,2018,.2589142417907715,.3167799949645996,.3167799949645996,CZE,.0115445020322231,.0036570672956364,-.0596071753579595,-.0559501080623231,-.0559501080623231,0,0,.0520499992370606,2020,.557151107788086,2019,0,0,1,1,.1308347598356737,0,.0729096293654015,0,.0928838868191676,0,.0013004696178737,0,.1308347598356737,0,.0018318207382874,0
Czech Republic,CZE,2019,.2614746475219726,.2955200004577637,.2955200004577637,CZE,.0075753256709051,.0022386602457336,-.0589713973872467,-.0567327371415132,-.0567327371415132,0,0,.1114000129699707,2021,.5507210922241211,2020,0,0,1,1,.1316173889148637,0,.0733307740380917,0,.0936665158983576,0,.001119712867462,0,.1316173889148637,0,.0015733870587184,0
Czech Republic,CZE,2020,.2619303894042969,.3688299942016602,.3688299942016602,CZE,.0215043495711132,.0079314491276242,-.0588582314754609,-.0509267823478368,-.0509267823478368,0,0,.0563700103759766,2022,.5526908874511719,2021,0,0,1,1,.1258114341211874,0,.0692870104135034,0,.0878605611046813,0,.0012550581050248,0,.1258114341211874,0,.0017971733632621,0
Czech Republic,CZE,2021,.2632103157043457,.4069200134277344,.4069200134277344,CZE,.0287687373426069,.0117065749857525,-.0585404111644881,-.0468338361787356,-.0468338361787356,0,0,.0153099822998047,2023,.5534498596191406,2022,0,0,1,1,.1217184879520862,0,.0672726991254533,0,.08376761493558,0,.0012354118672143,0,.1217184879520862,0,.0017951145510234,0
Czech Republic,CZE,2022,.2637766075134277,.4252000045776367,.4252000045776367,CZE,.0322537781619282,.013714306622098,-.058399794443934,-.044685487821836,-.044685487821836,0,0,,,.5573221969604493,2023,1,0,0,1,,,,,.0816192665786805,0,.001052953989114,0,.1195701395951866,0,.00154255068372,0
Czech Republic,CZE,2023,.2638085556030274,.4222299957275391,.4222299957275391,CZE,.0316907868317238,.0133808007885611,-.0583918613685912,-.0450110605800301,-.0450110605800301,0,0,,,,,1,1,0,0,,,,,,,,,,,,
Germany,DEU,1995,.3098067855834961,.5489300155639648,.5489300155639648,DEU,.0569437134142944,.0312581134907786,-.0469699757834331,-.0157118622926545,-.0157118622926545,0,0,.0393299865722656,1997,.6193177413940429,1996,1,1,0,0,,,,,,,,,,,,
Germany,DEU,1996,.3104147720336914,.5772100067138672,.5772100067138672,DEU,.0623282371146715,.0359764821634231,-.0468190058075361,-.010842523644113,-.010842523644113,0,0,.0171699905395507,1998,.6194701385498047,1997,1,1,0,0,,,,,,,,,,,,
Germany,DEU,1997,.3110072898864746,.5882600021362304,.5882600021362304,DEU,.0644414235511678,.0379083119558717,-.0466718768609543,-.0087635649050826,-.0087635649050826,0,0,.0152299880981446,1999,.6199446105957032,1998,1,1,0,0,,,,,,,,,,,,
Germany,DEU,1998,.3104899978637695,.5943799972534179,.5943799972534179,DEU,.0655897423052163,.0389852308512268,-.0468003263752065,-.0078150955239797,-.0078150955239797,0,0,-.0019900131225585,2000,.6250292205810547,1999,1,1,0,0,,,,,,,,,,,,
Germany,DEU,1999,.3101114082336426,.603489990234375,.603489990234375,DEU,.0673092999783182,.0406204887865978,-.04689433450206,-.0062738457154621,-.0062738457154621,0,0,-.022869987487793,2001,.6315662384033203,2000,1,1,0,0,,,,,,,,,,,,
Germany,DEU,2000,.3089195251464844,.5923899841308594,.5923899841308594,DEU,.0651709799455516,.0386066357757378,-.0471902926782373,-.0085836569024995,-.0085836569024995,0,0,.0058400344848633,2002,.6319706344604492,2001,0,0,1,1,.0834683086758501,0,.0527157657362939,0,.045517435659344,0,.0027246422549632,0,.0834683086758501,0,.0049963552971343,0
Germany,DEU,2001,.3097686576843262,.580620002746582,.580620002746582,DEU,.0629587295820752,.0365550977428658,-.0469794433760363,-.0104243456331705,-.0104243456331705,0,0,.0528200149536133,2003,.6351309585571289,2002,0,0,1,1,.0853089974065211,0,.0539127812161839,0,.047358124390015,0,.0027663152208575,0,.0853089974065211,0,.0049831276268092,0
Germany,DEU,2002,.3094747161865234,.5982300186157227,.5982300186157227,DEU,.066294136054645,.0396591422460835,-.0470524324053546,-.007393290159271,-.007393290159271,0,0,.0514199447631836,2004,.629168586730957,2003,0,0,1,1,.0822779419326216,0,.0522572681277738,0,.0443270689161155,0,.0026390656440657,0,.0822779419326216,0,.0048985167557485,0
Germany,DEU,2003,.3087235641479492,.6334400177001953,.6334400177001953,DEU,.0729587841295211,.0462150135103886,-.0472389520311162,-.0010239385207276,-.0010239385207276,0,0,.037760009765625,2005,.6312030029296875,2004,0,0,1,1,.0759085902940782,0,.0477593004760644,0,.0379577172775721,0,.0022247619236442,0,.0759085902940782,0,.004449122694308,0
Germany,DEU,2004,.3082428550720215,.6496499633789062,.6496499633789062,DEU,.0760235285510274,.0493886825391102,-.0473583175820803,.0020303649570299,.0020303649570299,0,0,.014320068359375,2006,.6387506484985351,2005,0,0,1,1,.0728542868163207,0,.0459858446147624,0,.0349034137998146,0,.0020204244923025,0,.0728542868163207,0,.0042172546873828,0
Germany,DEU,2005,.3077650260925293,.6712000274658203,.6712000274658203,DEU,.0801021134893469,.0537645407741199,-.0474769679722225,.0062875728018974,.0062875728018974,0,0,-.0343300247192383,2007,.6813484191894531,2006,0,0,1,1,.0685970789714532,0,.0438164286781209,0,.0306462059549471,0,.0017205727943702,0,.0685970789714532,0,.0038512521917087,0
Germany,DEU,2006,.3072537994384766,.6639700317382813,.6639700317382813,DEU,.0787162350332321,.0522652210733332,-.0476039113862006,.0046613096871325,.0046613096871325,0,0,-.0122700500488282,2008,.6877029418945313,2007,0,0,1,1,.0702233420862181,0,.0478465631206449,0,.032272469069712,0,.001765745800337,0,.0702233420862181,0,.0038421780219705,0
Germany,DEU,2007,.3045349884033203,.636870002746582,.636870002746582,DEU,.073500635746438,.0468103500897095,-.0482790232021206,-.0014686731124112,-.0014686731124112,0,0,.0867499923706055,2009,.6843889617919922,2008,0,0,1,1,.0763533248857618,0,.0525084061473673,0,.0384024518692557,0,.0021084216030351,0,.0763533248857618,0,.0041920500337005,0
Germany,DEU,2008,.3059392547607422,.6516999816894531,.6516999816894531,DEU,.0763525937705823,.0497589839622307,-.04793032783553,.0018286561267007,.0018286561267007,0,0,.1586399841308594,2010,.6789876556396485,2009,0,0,1,1,.0730559956466499,0,.049998717013291,0,.0351051226301438,0,.0018545411878098,0,.0730559956466499,0,.003859418306855,0
Germany,DEU,2009,.3067694282531738,.7236199951171876,.7236199951171876,DEU,.0900275147809367,.065145709806194,-.0477241862807265,.0174215235254675,.0174215235254675,0,0,.0612200164794922,2011,.6951142120361328,2010,0,0,1,1,.0574631282478831,0,.0390167547347506,0,.019512255231377,0,.0010138089777498,0,.0574631282478831,0,.0029856433619016,0
Germany,DEU,2010,.3026280021667481,.8103399658203125,.8103399658203125,DEU,.106382325250704,.0862058498075409,-.0487525496533743,.0374533001541666,.0374533001541666,0,0,-.011989974975586,2012,.6930381774902343,2011,0,0,1,1,.037431351619184,0,.0260190644862165,0,0,.0005195213973221,0,.0000253413484278,.037431351619184,0,.0018258361029873,0
Germany,DEU,2011,.3032228088378906,.7848400115966797,.7848400115966797,DEU,.1015569475447484,.0797059558887437,-.0486048523670664,.0311011035216773,.0311011035216773,0,0,-.0102700042724609,2013,.6942972564697265,2012,0,0,1,1,.0437835482516733,0,.0303436704843954,0,.0058326752351672,0,.0002619126920829,0,.0437835482516733,0,.0019660732904166,0
Germany,DEU,2012,.3023759460449219,.7983499908447266,.7983499908447266,DEU,.1040995774442128,.0831078966995272,-.0488151380657058,.0342927586338214,.0342927586338214,0,0,-.052969970703125,2014,.7019533538818359,2013,0,0,1,1,.0405918931395292,0,.0281828400416874,0,.0026410201230231,0,.0001075825633235,0,.0405918931395292,0,.0016535201212725,0
Germany,DEU,2013,.3014185905456543,.7745700073242188,.7745700073242188,DEU,.0995602166106336,.0771163577092993,-.0490528603646203,.028063497344679,.028063497344679,0,0,-.0627300262451173,2015,.7220326232910156,2014,0,0,1,1,.0468211544286716,0,.0328662663838254,0,.0088702814121655,0,.0002804893959173,0,.0468211544286716,0,.0014805434812741,0
Germany,DEU,2014,.3016510581970215,.7453800201416015,.7453800201416015,DEU,.0940248701952232,.070084259639927,-.0489951359931109,.021089123646816,.021089123646816,0,0,-.0623699951171874,2016,.7101522064208985,2015,0,0,1,1,.0537955281265346,0,.0388421262945274,0,.0158446551100285,0,.0004300892155382,0,.0537955281265346,0,.001460232256918,0
Germany,DEU,2015,.3010747337341309,.7118399810791015,.7118399810791015,DEU,.0876426078473869,.062387512311807,-.0491382439361309,.0132492683756761,.0132492683756761,0,0,-.071959991455078,2017,.693687515258789,2016,0,0,1,1,.0616353833976745,0,.0437705035134565,0,.0236845103811684,0,.0005639293314795,0,.0616353833976745,0,.001467541443566,0
Germany,DEU,2016,.2997107124328613,.6830100250244141,.6830100250244141,DEU,.0821339514214004,.0560983122156847,-.0494769459958718,.006621366219813,.006621366219813,0,0,-.0754300308227539,2018,.6910898590087891,2017,0,0,1,1,.0682632855535376,0,.0473533889390347,0,.0303124125370315,0,.0006159635637398,0,.0682632855535376,0,.0013871445102159,0
Germany,DEU,2017,.300362548828125,.6398799896240235,.6398799896240235,DEU,.0739631761750851,.0473275564034733,-.0493150875780564,-.0019875311745831,-.0019875311745831,0,0,-.053040008544922,2019,.6910594940185547,2018,0,0,1,1,.0768721829479337,0,.0531255860751854,0,.0389213099314276,0,.0007067038034584,0,.0768721829479337,0,.0013957871450156,0
Germany,DEU,2018,.3000530624389648,.6075799942016602,.6075799942016602,DEU,.0678232858464539,.041208071621326,-.0493919365813475,-.0081838649600215,-.0081838649600215,0,0,.0728400039672851,2020,.6880574798583985,2019,0,0,1,1,.0830685167333721,0,.057405287142636,0,.045117643716866,0,.0007019635720467,0,.0830685167333721,0,.0012924228290092,0
Germany,DEU,2019,.3007268142700195,.5868399810791015,.5868399810791015,DEU,.0639035929031719,.037501183250184,-.0492246363106552,-.0117234530604712,-.0117234530604712,0,0,.0925400543212891,2021,.6832714080810547,2020,0,0,1,1,.0866081048338218,0,.0595913543472714,0,.0486572318173157,0,.0006136667240398,0,.0866081048338218,0,.0010923044732222,0
Germany,DEU,2020,.2994495391845703,.6804199981689453,.6804199981689453,DEU,.0816354470903277,.0555463907597218,-.0495417982947787,.0060045924649431,.0060045924649431,0,0,-.036449966430664,2022,.6874803924560546,2021,0,0,1,1,.0688800593084075,0,.0470637751123622,0,.0309291862919014,0,.0003070814049067,0,.0688800593084075,0,.0006838778486721,0
Germany,DEU,2021,.2994306373596192,.6793800354003906,.6793800354003906,DEU,.0814375278702846,.0553270305674342,-.049546491833683,.0057805387337512,.0057805387337512,0,0,-.0559200286865235,2023,.6854823303222656,2022,0,0,1,1,.0691041130395994,0,.0475077227527914,0,.0311532400230933,0,.0003043051532815,0,.0691041130395994,0,.000675009652136,0
Germany,DEU,2022,.3013581466674805,.6439700317382813,.6439700317382813,DEU,.0747656064187686,.0481468099384263,-.0490678692695525,-.0009210593311262,-.0009210593311262,0,0,,,.6816112518310546,2023,1,0,0,1,,,,,.0378548380879707,0,.000454734655899,0,.0758057111044768,0,.0009106229400364,0
Germany,DEU,2023,.3014888381958008,.6234600067138671,.6234600067138671,DEU,.0708754039032917,.0441879797933943,-.0490354170711949,-.0048474372778006,-.0048474372778006,0,0,,,,,1,1,0,0,,,,,,,,,,,,
Denmark,DNK,1995,.3447097396850586,.714540023803711,.714540023803711,DNK,.0892937767805017,.0638039773862629,-.0383031738542862,.0255008035319767,.0255008035319767,0,0,-.0706600189208985,1997,.6521034240722656,1996,1,1,0,0,,,,,,,,,,,,
Denmark,DNK,1996,.3422278213500977,.6831600189208984,.6831600189208984,DNK,.0832718504279342,.0568879989139257,-.0389194625085598,.0179685364053659,.0179685364053659,0,0,-.0799700164794921,1998,.6537172698974609,1997,1,1,0,0,,,,,,,,,,,,
Denmark,DNK,1997,.340119857788086,.6438800048828125,.6438800048828125,DNK,.0757599481767252,.0487803158019514,-.0394428939239252,.0093374218780262,.0093374218780262,0,0,-.075989990234375,1999,.6572795104980469,1998,1,1,0,0,,,,,,,,,,,,
Denmark,DNK,1998,.3374509048461914,.6031900024414063,.6031900024414063,DNK,.0679657362136398,.0409962525926374,-.040105625406146,.0008906271864913,.0008906271864913,0,0,-.0676599884033203,2000,.6632654571533203,1999,1,1,0,0,,,,,,,,,,,,
Denmark,DNK,1999,.3357280349731445,.5678900146484375,.5678900146484375,DNK,.0612194486010824,.034765913562838,-.0405334336626031,-.0057675200997652,-.0057675200997652,0,0,-.0669300079345703,2001,.6684507751464843,2000,1,1,0,0,,,,,,,,,,,,
Denmark,DNK,2000,.3352435684204101,.535530014038086,.535530014038086,DNK,.0550636010564514,.029488211046749,-.0406537322379509,-.0111655211912019,-.0111655211912019,0,0,-.0323300170898438,2002,.6720520782470704,2001,0,0,1,1,.0860501729645525,0,.0575203048196442,0,.0480992999480464,0,.0021224549580437,0,.0860501729645525,0,.0037970951021408,0
Denmark,DNK,2001,.3351192855834961,.5009600067138672,.5009600067138672,DNK,.0484976054485773,.0242953607511258,-.0406845930850755,-.0163892323339497,-.0163892323339497,0,0,-.0193400192260743,2003,.6790887451171875,2002,0,0,1,1,.0912738841073003,0,.0613408035039934,0,.0533230110907942,0,.0017428846591342,0,.0912738841073003,0,.0029833246310742,0
Denmark,DNK,2002,.3349954986572266,.5031999969482421,.5031999969482421,DNK,.0489196140103173,.0246163496207009,-.0407153307919262,-.0160989811712253,-.0160989811712253,0,0,-.0410499954223632,2004,.6818580627441406,2003,0,0,1,1,.0909836329445759,0,.0617859611225349,0,.0530327599280698,0,.0017575197676343,0,.0909836329445759,0,.003015221792118,0
Denmark,DNK,2003,.3352778625488281,.4816199874877929,.4816199874877929,DNK,.0448302438705686,.021591141492018,-.0406452166143889,-.0190540751223709,-.0190540751223709,0,0,-.0880199813842773,2005,.6869667053222657,2004,0,0,1,1,.0939387268957215,0,.0640528783377676,0,.0559878538792154,0,.0015771079817668,0,.0939387268957215,0,.0026461367192938,0
Denmark,DNK,2004,.3347406005859375,.4621500015258789,.4621500015258789,DNK,.0411200525339591,.0190036323413134,-.0407786248927509,-.0217749925514374,-.0217749925514374,0,0,-.1302399826049805,2006,.6916831970214844,2005,0,0,1,1,.096659644324788,0,.0664019573994217,0,.0587087713082819,0,.0012675332433792,0,.096659644324788,0,.0020868996189944,0
Denmark,DNK,2005,.3342630004882812,.3936000061035156,.3936000061035156,DNK,.02809409393663,.0110578355449303,-.0408972184489205,-.0298393829039901,-.0298393829039901,0,0,-.0987700080871582,2007,.751721420288086,2006,0,0,1,1,.1047240346773407,0,.0724358551106118,0,.0667731616608346,0,.0010171996247898,0,.1047240346773407,0,.001595330311321,0
Denmark,DNK,2006,.3339024353027344,.3319100189208984,.3319100189208984,DNK,.016373489678903,.0054345252691258,-.0409867509004312,-.0355522256313054,-.0355522256313054,0,0,.0234799957275391,2008,.7582235717773438,2007,0,0,1,1,.110436877404656,0,.0830177663348092,0,.0724860043881499,0,.0007670755878166,0,.110436877404656,0,.0011686867467295,0
Denmark,DNK,2007,.3338339996337891,.2948299980163574,.2948299980163574,DNK,.0093324516219505,.0027514866931874,-.0410037442582402,-.0382522575650528,-.0382522575650528,0,0,.1356599998474121,2009,.7559561920166016,2008,0,0,1,1,.1131369093384034,0,.0857830714984137,0,.0751860363218973,0,.0004269827565802,0,.1131369093384034,0,.0006425063985745,0
Denmark,DNK,2008,.3334278869628906,.3553900146484375,.3553900146484375,DNK,.020818537462763,.0073987003338504,-.0411045866702994,-.033705886336449,-.033705886336449,0,0,.1058399963378906,2010,.7524599456787109,2009,0,0,1,1,.1085905381097996,0,.0820896896785178,0,.0706396650932935,0,-.0000433735043583,0,.1085905381097996,0,-.00006667574332,0
Denmark,DNK,2009,.3339855575561523,.4304899978637695,.4304899978637695,DNK,.0350900317410999,.0151059076892657,-.0409661106960468,-.0258602030067811,-.0258602030067811,0,0,.0693700027465821,2011,.7610186004638672,2010,0,0,1,1,.1007448547801316,0,.0758064679552675,0,.0627939817636256,0,.0002507868466743,0,.1007448547801316,0,.0004023551897708,0
Denmark,DNK,2010,.33300537109375,.4612300109863281,.4612300109863281,DNK,.0409001236210241,.0188643644670671,-.0412095021837287,-.0223451377166615,-.0223451377166615,0,0,.0258799743652344,2012,.7709876251220703,2011,0,0,1,1,.0972297894900121,0,.0739936783210854,0,.059278916473506,0,.0004149908505384,0,.0972297894900121,0,.0006806715682154,0
Denmark,DNK,2011,.3324021530151367,.4998600006103516,.4998600006103516,DNK,.0482178810907847,.0241021900714695,-.0413592881185297,-.0172570980470602,-.0172570980470602,0,0,-.0221599960327148,2013,.7736762237548828,2012,0,0,1,1,.0921417498204108,0,.0710401488686305,0,.0541908768039047,0,.0003577939441792,0,.0921417498204108,0,.0006083636589072,0
Denmark,DNK,2012,.3308598709106445,.4871099853515625,.4871099853515625,DNK,.0457571809883048,.0222887797609419,-.0417422543706013,-.0194534746096594,-.0194534746096594,0,0,.0000100326538086,2014,.7843194580078126,2013,0,0,1,1,.09433812638301,0,.072987165376118,0,.0563872533665039,0,.0002762514683557,0,.09433812638301,0,.0004621797370736,0
Denmark,DNK,2013,.3394685745239258,.4777000045776367,.4777000045776367,DNK,.0441954270501465,.0211121557041656,-.0396046149929734,-.0184924592888078,-.0184924592888078,0,0,-.0322000122070313,2015,.7924075317382813,2014,0,0,1,1,.0933771110621584,0,.0732374851386074,0,.0554262380456523,0,.0001917336287407,0,.0933771110621584,0,.0003230154702277,0
Denmark,DNK,2014,.3426954650878906,.4871200180053711,.4871200180053711,DNK,.0460679187890395,.0224406054299869,-.0388033412301986,-.0163627358002117,-.0163627358002117,0,0,-.0702000045776367,2016,.7914022064208984,2015,0,0,1,1,.0912473875735623,0,.0723051171647328,0,.0532965145570562,0,.0002281577354201,0,.0912473875735623,0,.0003906221163768,0
Denmark,DNK,2015,.3417557144165039,.4454999923706054,.4454999923706054,DNK,.038142272800134,.0169923822414573,-.0390366920493869,-.0220443098079296,-.0220443098079296,0,0,-.0439699935913086,2017,.7684625244140625,2016,0,0,1,1,.0969289615812802,0,.0767097940615116,0,.0589780885647741,0,.0004231374661062,0,.0969289615812802,0,.0006954154702854,0
Denmark,DNK,2016,.3420613479614258,.4169200134277344,.4169200134277344,DNK,.0327246392001782,.0136435570147561,-.0389607997513013,-.0253172427365453,-.0253172427365453,0,0,-.0315299987792969,2018,.7672982025146484,2017,0,0,1,1,.1002018945098959,0,.0770014008061462,0,.0622510214933898,0,.0002234482352847,0,.1002018945098959,0,.00035967179274,0
Denmark,DNK,2017,.3401040267944336,.4015299987792968,.4015299987792968,DNK,.0297519330938175,.0119462936588423,-.0394468249403637,-.0275005312815215,-.0275005312815215,0,0,-.0181800079345703,2019,.7654069519042969,2018,0,0,1,1,.1023851830548721,0,.0785599669221366,0,.064434310038366,0,-.0002082501072932,0,.1023851830548721,0,-.0003309063966653,0
Denmark,DNK,2018,.3433446502685547,.3853900146484375,.3853900146484375,DNK,.0267724862268916,.0103178488591568,-.0386421411392326,-.0283242922800757,-.0283242922800757,0,0,.0665799713134766,2020,.7625881958007813,2019,0,0,1,1,.1032089440534263,0,.0789968432771942,0,.0652580710369202,0,-.0005264686709455,0,.1032089440534263,0,-.0008326368637951,0
Denmark,DNK,2019,.3478714752197266,.3833499908447265,.3833499908447265,DNK,.02650333028387,.0101600514216763,-.0375180788290463,-.02735802740737,-.02735802740737,0,0,.0129299926757813,2021,.7687430572509766,2020,0,0,1,1,.1022426791807206,0,.0779690602502639,0,.0642918061642145,0,-.0003910520127073,0,.1022426791807206,0,-.0006218864869978,0
Denmark,DNK,2020,.3487778472900391,.4519699859619141,.4519699859619141,DNK,.0395537657901019,.0178771149688932,-.0372930162975296,-.0194159013286364,-.0194159013286364,0,0,-.1188199996948242,2022,.7645217132568359,2021,0,0,1,1,.094300553101987,0,.0724928954920796,0,.0563496800854809,0,-.0003273825897273,0,.094300553101987,0,-.0005478710658235,0
Denmark,DNK,2021,.34497802734375,.3962799835205078,.3962799835205078,DNK,.0288824530639172,.0114455380242009,-.0382365549660641,-.0267910169418632,-.0267910169418632,0,0,-.0666399765014649,2023,.7658452606201172,2022,0,0,1,1,.1016756687152138,0,.0777332564426897,0,.0637247956987077,0,-.0004976278041911,0,.1016756687152138,0,-.0007939866924272,0
Denmark,DNK,2022,.3480608749389649,.3331499862670899,.3331499862670899,DNK,.0169783290463719,.0056563300886369,-.0374710487167155,-.0318147186280786,-.0318147186280786,0,0,,,.7653203582763672,2023,1,0,0,1,,,,,.0687484973849231,0,-.0004835850959714,0,.1066993704014292,0,-.0007505360442536,0
Denmark,DNK,2023,.3474351119995117,.3296400070190429,.3296400070190429,DNK,.0162956679646952,.0053717041022621,-.0376264327978182,-.0322547286955561,-.0322547286955561,0,0,,,,,1,1,0,0,,,,,,,,,,,,
Egypt,EGY,1995,.4476431655883789,,,EGY,,,-.0127436291923443,,,,,,,.3476050567626953,1996,2,2,0,0,,,,,,,,,,,,
Egypt,EGY,1996,.4489567947387695,,,EGY,,,-.0124174400789053,,,,,,,.3483146286010742,1997,2,2,0,0,,,,,,,,,,,,
Egypt,EGY,1997,.4491906356811524,,,EGY,,,-.0123593747035603,,,,,,,.3490351867675781,1998,2,2,0,0,,,,,,,,,,,,
Egypt,EGY,1998,.4453693771362305,.7382399749755859,.7382399749755859,EGY,.0964195353282832,.0711807553479094,-.0133082368208622,.0578725185270473,.0578725185270473,0,0,-.0213700103759765,2000,.3485087585449219,1999,0,1,1,0,.0170121332463033,0,.0059378331049384,0,,,,,,,,
Egypt,EGY,1999,.4455828094482422,.7239800262451171,.7239800262451171,EGY,.093718003124673,.0678499623618408,-.0132552391414078,.054594723220433,.054594723220433,0,0,.0674800109863282,2001,.3476829528808594,2000,0,0,1,1,.0202899285529176,0,.0070712178109425,0,0,.0176609444635885,0,.0027940713436558,.0202899285529176,0,.0032099929905455,0
Egypt,EGY,2000,.444984016418457,.7168699645996094,.7168699645996094,EGY,.0923526079721532,.0662048108076791,-.0134039262860718,.0528008845216072,.0528008845216072,0,0,.1408900451660157,2002,.3436898040771484,2001,0,0,1,1,.0220837672517434,0,.0076781494088198,0,0,.0158671057647627,0,.0026484872689034,.0220837672517434,0,.0036861528046001,0
Egypt,EGY,2001,.4443439865112305,.7914600372314453,.7914600372314453,EGY,.1064960487720812,.0842873667261532,-.0135628530181336,.0707245137080196,.0707245137080196,0,0,.1794899749755859,2003,.3420115661621094,2002,0,0,1,1,.004160138065331,0,.0014297970366075,0,0,.0337907349511751,0,.004719503292921,.004160138065331,0,.0005810404931028,0
Egypt,EGY,2002,.4442493057250976,.8577600097656251,.8577600097656251,EGY,.1190799313019012,.1021420030364087,-.0135863633381346,.0885556396982741,.0885556396982741,0,0,.1073600006103516,2004,.3335447692871094,2003,0,0,1,1,0,.0136709879249235,0,.0046756359911864,0,.0516218609414296,0,.0085609032606882,0,.0136709879249235,0,.0022671791169268
Egypt,EGY,2003,.4429884338378906,.9709500122070313,.9709500122070313,EGY,.1405349631607373,.1364524241964326,-.0138994522208881,.1225529719755445,.1225529719755445,0,0,.0116799926757812,2005,.3322449493408203,2004,0,0,1,1,0,.0476683202021939,0,.0158995188641448,0,.0856191932187,0,.0148078003391402,0,.0476683202021939,0,.0082442141945122
Egypt,EGY,2004,.4415317153930664,.9651200103759766,.9651200103759766,EGY,.1393901875541214,.134528259258543,-.0142611720395341,.1202670872190089,.1202670872190089,0,0,-.1058799743652344,2006,.3237167358398437,2005,0,0,1,1,0,.0453824354456583,0,.0150780849656058,0,.0833333084621644,0,.0147533754185717,0,.0453824354456583,0,.0080345316884051
Egypt,EGY,2005,.4383884048461914,.9826300048828125,.9826300048828125,EGY,.1426322557387369,.1401547341530016,-.0150416919299792,.1251130422230224,.1251130422230224,0,0,-.2199500274658203,2007,.2807262992858887,2006,0,0,1,1,0,.0502283904496718,0,.0162597706028569,0,.0881792634661779,0,.0163868673484896,0,.0502283904496718,0,.0093342350465721
Egypt,EGY,2006,.4319942855834961,.8592400360107422,.8592400360107422,EGY,.1190411211938326,.1022848972613479,-.0166294247333365,.0856554725280114,.0856554725280114,0,0,-.1916300201416016,2008,.2941190719604492,2007,0,0,1,1,0,.0107708207546608,0,.0030236526507276,0,.0487216937711669,0,.0085521930057245,0,.0107708207546608,0,.0018906185477984
Egypt,EGY,2007,.4337474822998047,.7626799774169922,.7626799774169922,EGY,.1007559559485655,.0768445502074794,-.0161940859755092,.0606504642319702,.0606504642319702,0,0,-.0681800079345704,2009,.3211395645141601,2008,0,0,1,1,.0142341875413804,0,.0041865460297818,0,0,.0237166854751257,0,.0038766101439874,.0142341875413804,0,.002326648716247,0
Egypt,EGY,2008,.4314750671386719,.6676100158691406,.6676100158691406,EGY,.0826486272812918,.0551770513708259,-.0167583526001914,.0384186987706345,.0384186987706345,0,0,.0282899475097657,2010,.3333998870849609,2009,0,0,1,1,.0364659530027161,0,.0117106602668861,0,0,.00148492001379,0,.0002046858414017,.0364659530027161,0,.00502657665299,0
Egypt,EGY,2009,.4307448196411133,.6944999694824219,.6944999694824219,EGY,.0877343476268374,.0609315017493988,-.0169396813897884,.0439918203596103,.0439918203596103,0,0,.033800048828125,2011,.3360760116577148,2010,0,0,1,1,.0308928314137403,0,.0102996665050757,0,0,.0070580416027659,0,.0008038839038734,.0308928314137403,0,.0035185751680536,0
Egypt,EGY,2010,.4274607849121094,.6958999633789063,.6958999633789063,EGY,.0879144294828722,.0611796482576082,-.017755144701057,.0434245035565512,.0434245035565512,0,0,.0027200317382813,2012,.3241982650756836,2011,0,0,1,1,.0314601482167994,0,.0105730011388625,0,0,.0064907247997067,0,.0011639926094425,.0314601482167994,0,.005641801362149,0
Egypt,EGY,2011,.4251920318603515,.7283000183105469,.7283000183105469,EGY,.0940060395208486,.0684646003043361,-.0183185019821776,.0501460983221584,.0501460983221584,0,0,.0698199462890624,2013,.324908561706543,2012,0,0,1,1,.0247385534511922,0,.0080201961093586,0,0,.0132123195653139,0,.0030552070206658,.0247385534511922,0,.0057205248337786,0
Egypt,EGY,2012,.4205450439453125,.6986199951171875,.6986199951171875,EGY,.0882503423784405,.0616534537615162,-.0194724021279816,.0421810516335346,.0421810516335346,0,0,.1101200103759765,2014,.3184859848022461,2013,0,0,1,1,.032703600139816,0,.0106256796840535,0,0,.0052472728766901,0,.0012748318551766,.032703600139816,0,.0079453827191644,0
Egypt,EGY,2013,.4195640182495117,.7981199645996093,.7981199645996093,EGY,.1071137675309951,.0854896363499686,-.0197160020068964,.0657736343430722,.0657736343430722,0,0,.0394200134277344,2015,.3276622772216797,2014,0,0,1,1,.0091110174302784,0,.0029017313588326,0,0,.0288398555862277,0,.0093249841864625,.0091110174302784,0,.0029459264525756,0
Egypt,EGY,2014,.4251250457763672,.808740005493164,.808740005493164,EGY,.1092749778998661,.0883750462270031,-.0183351353914934,.0700399108355097,.0700399108355097,0,0,.1071199798583985,2016,.3280360412597656,2015,0,0,1,1,.0048447409378409,0,.0015874388482421,0,0,.0331061320786652,0,.0095621834866283,.0048447409378409,0,.0013993269187333,0
Egypt,EGY,2015,.4240207290649414,.8375399780273437,.8375399780273437,EGY,.1147135344559235,.0960771711276531,-.0186093498369849,.0774678212906682,.0774678212906682,0,0,.1404600524902344,2017,.3257295227050781,2016,0,0,1,1,0,.0025831695173176,0,.0008473727023638,0,.0405340425338237,0,.0125355822021162,0,.0025831695173176,0,.0007988725476694
Egypt,EGY,2016,.4275117492675781,.9158599853515625,.9158599853515625,EGY,.1296728581127964,.1187621819316809,-.0177424896698236,.1010196922618573,.1010196922618573,0,0,-.0363700103759766,2018,.3310542297363281,2017,0,0,1,1,0,.0261350404885067,0,.0085129542641992,0,.0640859135050129,0,.0257787704169903,0,.0261350404885067,0,.0105129063743355
Egypt,EGY,2017,.4203824996948242,.9780000305175781,.9780000305175781,EGY,.1412834649527789,.138175233035447,-.0195127637208601,.1186624693145869,.1186624693145869,0,0,-.1770800018310547,2019,.3349087524414063,2018,0,0,1,1,0,.0437778175412363,0,.0144928316656515,0,.0817286905577424,0,.0297436233931696,0,.0437778175412363,0,.0159321152588572
Egypt,EGY,2018,.4154796218872071,.8794899749755859,.8794899749755859,EGY,.1224544323616818,.1076974456534251,-.0207302042480367,.0869672414053884,.0869672414053884,0,0,-.0172699737548828,2020,.3386825180053711,2019,0,0,1,1,0,.0120825896320378,0,.0040465650199272,0,.0500334626485439,0,.0218247313852641,0,.0120825896320378,0,.0052704581933482
Egypt,EGY,2019,.4130159759521485,.8009200286865235,.8009200286865235,EGY,.1074744683072971,.0860784542397493,-.0213419556568306,.0647364985829186,.0647364985829186,0,0,.0981099700927734,2021,.3438549423217773,2020,0,0,1,1,.010148153190432,0,.0034370020756397,0,0,.0278027198260742,0,.0127951278469288,.010148153190432,0,.0046702955068454,0
Egypt,EGY,2020,.4116075134277344,.8622200012207031,.8622200012207031,EGY,.1190748720888992,.1026687363578458,-.0216916929795857,.0809770433782601,.0809770433782601,0,0,.0231199645996094,2022,.349371337890625,2021,0,0,1,1,0,.0060923916049095,0,.0020948989639078,0,.0440432646214156,0,.0209185563960427,0,.0060923916049095,0,.0028936101460587
Egypt,EGY,2021,.412082748413086,.8990299987792969,.8990299987792969,EGY,.1260752639078917,.1133454443572114,-.0215736867077997,.0917717576494117,.0917717576494117,0,0,.0602700042724609,2023,.3471986770629883,2022,0,0,1,1,0,.0168871058760611,0,.0058998707730201,0,.0548379788925672,0,.0236781587620497,0,.0168871058760611,0,.0072915811640008
Egypt,EGY,2022,.4117647552490235,.8853399658203125,.8853399658203125,EGY,.1234680574233011,.1093112057390458,-.0216526480404059,.0876585576986399,.0876585576986399,0,0,,,.3509664916992187,2023,1,0,0,1,,,,,0,.0507247789417954,0,.0164027198149832,0,.0127739059252893,0,.0041306596934783
Egypt,EGY,2023,.411320686340332,.9593000030517578,.9593000030517578,EGY,.137497005950033,.1319008782274742,-.0217629154195888,.1101379628078854,.1101379628078854,0,0,,,,,1,1,0,0,,,,,,,,,,,,
Spain,ESP,1995,.3112337875366211,.6158599853515625,.6158599853515625,ESP,.0696869004763969,.0429173735065896,-.0466156349088971,-.0036982614023075,-.0036982614023075,0,0,.0270000457763672,1997,.4826091384887695,1996,1,1,0,0,,,,,,,,,,,,
Spain,ESP,1996,.3121235656738282,.6544200134277344,.6544200134277344,ESP,.0770303341207906,.0504101922896706,-.0463946928403942,.0040154994492764,.0040154994492764,0,0,-.030870018005371,1998,.4865697860717774,1997,1,1,0,0,,,,,,,,,,,,
Spain,ESP,1997,.3114181518554687,.6428600311279297,.6428600311279297,ESP,.0748173861730003,.0480971072040853,-.0465698551439636,.0015272520601217,.0015272520601217,0,0,-.0343300247192383,1999,.4912995910644531,1998,1,1,0,0,,,,,,,,,,,,
Spain,ESP,1998,.3120497894287109,.6235499954223633,.6235499954223633,ESP,.0711680605034317,.0443768438011333,-.0464130123242307,-.0020361685230973,-.0020361685230973,0,0,-.0451399993896485,2000,.5013858032226562,1999,1,1,0,0,,,,,,,,,,,,
Spain,ESP,1999,.3115881729125977,.6085300064086914,.6085300064086914,ESP,.0683046281876575,.0415654158287785,-.0465276369746466,-.0049622211458681,-.0049622211458681,0,0,-.068010025024414,2001,.5140356445312499,2000,1,1,0,0,,,,,,,,,,,,
Spain,ESP,2000,.3110647392272949,.5784099960327148,.5784099960327148,ESP,.0625730024581528,.0361928501035752,-.0466576115338304,-.0104647614302552,-.0104647614302552,0,0,-.0660400009155273,2002,.5133191299438477,2001,0,0,1,1,.0853494132036058,0,.0438726406264795,0,.0473985401870997,0,.0035047601896183,0,.0853494132036058,0,.0063109375188035,0
Spain,ESP,2001,.3102242660522461,.5405199813842774,.5405199813842774,ESP,.0553580503661147,.0299221323533622,-.0468663106174012,-.016944178264039,-.016944178264039,0,0,-.0636499786376953,2003,.516232681274414,2002,0,0,1,1,.0918288300373896,0,.0471374951385543,0,.0538779570208835,0,.0035341442331049,0,.0918288300373896,0,.0060235455843959,0
Spain,ESP,2002,.3115459442138672,.5123699951171875,.5123699951171875,ESP,.0500485586144321,.0256433797328988,-.0465381228425923,-.0208947431096935,-.0208947431096935,0,0,-.0590399932861328,2004,.5149010848999024,2003,0,0,1,1,.0957793948830441,0,.0494444538313147,0,.057828521866538,0,.0034158842227663,0,.0957793948830441,0,.0056576117335694,0
Spain,ESP,2003,.309179859161377,.476870002746582,.476870002746582,ESP,.0432475184377945,.0206234442362139,-.0471256487705632,-.0265022045343493,-.0265022045343493,0,0,-.0529199981689453,2005,.5145286560058594,2004,0,0,1,1,.1013868563076999,0,.0522042023074252,0,.0634359832911938,0,.0033622073584063,0,.1013868563076999,0,.0053736635997058,0
Spain,ESP,2004,.3095322227478027,.4533300018310547,.4533300018310547,ESP,.0387878910600111,.0175837147252576,-.0470381528697375,-.0294544381444799,-.0294544381444799,0,0,-.0631399917602539,2006,.5234901428222656,2005,0,0,1,1,.1043390899178305,0,.0536854517042959,0,.0663882169013244,0,.0030042324409059,0,.1043390899178305,0,.0047216041251967,0
Spain,ESP,2005,.312232666015625,.4239500045776367,.4239500045776367,ESP,.0332808715867366,.0141094256615447,-.0463676019801191,-.0322581763185744,-.0322581763185744,0,0,-.0669699859619141,2007,.5316193771362304,2006,0,0,1,1,.107142828091925,0,.0560882143802233,0,.0691919550754189,0,.0025894670634032,0,.107142828091925,0,.0040097555289701,0
Spain,ESP,2006,.3112380599975586,.3901900100708008,.3901900100708008,ESP,.0268459385394286,.0104750170290597,-.0466145740080751,-.0361395569790154,-.0361395569790154,0,0,.0059000015258789,2008,.5340420532226563,2007,0,0,1,1,.111024208752366,0,.0590226207039756,0,.0730733357358599,0,.0022600373179585,0,.111024208752366,0,.003433795001287,0
Spain,ESP,2007,.3104860877990723,.3569800186157226,.3569800186157226,ESP,.0205217489806924,.0073258543331548,-.0468012972889052,-.0394754429557504,-.0394754429557504,0,0,.1738099670410156,2009,.5362537765502929,2008,0,0,1,1,.114360094729101,0,.0610730997958666,0,.0764092217125949,0,.0019927986228362,0,.114360094729101,0,.0029825802982365,0
Spain,ESP,2008,.3128080368041992,.3960900115966797,.3960900115966797,ESP,.0280069581704147,.0110932763865073,-.0462247308453183,-.035131454458811,-.035131454458811,0,0,.2065699768066407,2010,.5275150680541992,2009,0,0,1,1,.1100161062321616,0,.0589965524483549,0,.0720652332156555,0,.0020262529121498,0,.1100161062321616,0,.0030933148439166,0
Spain,ESP,2009,.3133440208435059,.5307899856567383,.5307899856567383,ESP,.0535923185415732,.028446265989993,-.04609163988997,-.017645373899977,-.017645373899977,0,0,.1644900131225586,2011,.5196490859985352,2010,0,0,1,1,.0925300256733276,0,.0488109827901222,0,.0545791526568215,0,.0020587628950912,0,.0925300256733276,0,.0034902957313368,0
Spain,ESP,2010,.3096382522583008,.6026599884033204,.6026599884033204,ESP,.0671393865118975,.0404622218966662,-.0470118245319281,-.0065496026352619,-.0065496026352619,0,0,.2929399871826172,2012,.5259810256958007,2011,0,0,1,1,.0814342544086125,0,.0423172358724077,0,.0434833813921064,0,.0018179370194181,0,.0814342544086125,0,.0034045729885441,0
Spain,ESP,2011,.3086521530151367,.6952799987792969,.6952799987792969,ESP,.0846965913370171,.0588878459214118,-.047256684230569,.0116311616908429,.0116311616908429,0,0,.3047200012207031,2013,.5283224868774414,2012,0,0,1,1,.0632534900825077,0,.0332701355924366,0,.0253026170660016,0,.0013661053498345,0,.0632534900825077,0,.0034150985635999,0
Spain,ESP,2012,.3072739028930664,.8955999755859375,.8955999755859375,ESP,.1226892704293372,.1098805076011709,-.0475989194689402,.0622815881322308,.0622815881322308,0,0,.1485800170898438,2014,.5265901565551758,2013,0,0,1,1,.0126030636411198,0,.0066584819251511,0,0,.0253478093753863,0,.0017025249702781,.0126030636411198,0,.0008465043362621,0
Spain,ESP,2013,.3041412353515625,1,1,ESP,.142426775447926,.142426775447926,-.0483767965796592,.0940499788682668,.0940499788682668,0,0,.0244200134277344,2015,.5326947021484375,2014,0,0,1,1,0,.0191653270949162,0,.0100922725953431,0,.0571162001114223,0,.0043821925959845,0,.0191653270949162,0,.0014704436627633
Spain,ESP,2014,.3035416030883789,1.044179992675781,1.044179992675781,ESP,.150798236243314,.1574605012160643,-.0485256921155561,.1089348091005082,.1089348091005082,0,0,-.0245099639892579,2016,.5366313934326172,2015,0,0,1,1,0,.0340501573271576,0,.0181383384154977,0,.0720010303436637,0,.0055095572588898,0,.0340501573271576,0,.0026055362065342
Spain,ESP,2015,.3040961074829102,1.024420013427734,1.024420013427734,ESP,.1470614808383401,.1506527241751148,-.0483880023445912,.1022647218305237,.1022647218305237,0,0,-.0129800415039063,2017,.5363711547851563,2016,0,0,1,1,0,.0273800700571731,0,.0146930051470635,0,.0653309430736791,0,.0044043714426461,0,.0273800700571731,0,.0018458634298522
Spain,ESP,2016,.3044668769836426,1.019670028686523,1.019670028686523,ESP,.1461694208584033,.1490445775597806,-.0482959360451351,.1007486415146455,.1007486415146455,0,0,-.022490005493164,2018,.5404562377929687,2017,0,0,1,1,0,.0258639897412949,0,.0138726980448898,0,.063814862757801,0,.0040101222730633,0,.0258639897412949,0,.0016252916146743
Spain,ESP,2017,.3038949775695801,1.011439971923828,1.011439971923828,ESP,.1445921081531529,.1462462378108321,-.048437945198018,.0978082926128141,.0978082926128141,0,0,-.0356499481201171,2019,.5352510452270508,2018,0,0,1,1,0,.0229236408394635,0,.0123892246846137,0,.0608745138559696,0,.0035769852289662,0,.0229236408394635,0,.0013469926818782
Spain,ESP,2018,.302901496887207,.9971800231933594,.9971800231933594,ESP,.1418590832500767,.1414590439255002,-.0486846377922754,.0927744061332248,.0927744061332248,0,0,.1946099853515624,2020,.5332337951660157,2019,0,0,1,1,0,.0178897543598742,0,.0095755097199778,0,.0558406273763803,0,.0031212941165888,0,.0178897543598742,0,.0009999741703173
Spain,ESP,2019,.3032713890075683,.9757900238037109,.9757900238037109,ESP,.1378080684518,.1344717383949253,-.048592789356381,.0858789490385443,.0858789490385443,0,0,.1801499938964843,2021,.5276475143432617,2020,0,0,1,1,0,.0109942972651937,0,.0058625308559026,0,.0489451702816998,0,.0025611209544072,0,.0109942972651937,0,.00057529118691
Spain,ESP,2020,.299874210357666,1.191790008544922,1.191790008544922,ESP,.1787247511774439,.2130023727329549,-.0494363475947741,.1635660251381808,.1635660251381808,0,0,-.0995300292968748,2022,.530667495727539,2021,0,0,1,1,0,.0886813733648302,0,.0467925062244994,0,.1266322463813363,0,.0061959795093591,0,.0886813733648302,0,.0043390841427203
Spain,ESP,2021,.3003033447265625,1.155940017700195,1.155940017700195,ESP,.171930204793235,.1987410039718902,-.0493297886323037,.1494112153395865,.1494112153395865,0,0,-.1052000427246094,2023,.5269222259521484,2022,0,0,1,1,0,.0745265635662359,0,.0395488248528737,0,.112477436582742,0,.0050810999973669,0,.0745265635662359,0,.0033666923202113
Spain,ESP,2022,.3059868240356445,1.092259979248047,1.092259979248047,ESP,.1599895210660138,.1747501509594692,-.0479185158415569,.1268316351179123,.1268316351179123,0,0,,,.5249701309204101,2023,1,0,0,1,,,,,0,.0898978563610678,0,.004520750402976,0,.0519469833445617,0,.0026122908308859
Spain,ESP,2023,.3047359466552734,1.050739974975586,1.050739974975586,ESP,.1520747446672069,.1597910134060395,-.0482291229741732,.1115618904318663,.1115618904318663,0,0,,,,,1,1,0,0,,,,,,,,,,,,
Finland,FIN,1995,.2914358520507813,.5520399856567383,.5520399856567383,FIN,.0570547448478462,.0314965005274539,-.0515316882882906,-.0200351877608367,-.0200351877608367,0,0,-.0296899795532226,1997,.6688758850097656,1996,1,1,0,0,,,,,,,,,,,,
Finland,FIN,1996,.2903268814086914,.5536299896240234,.5536299896240234,FIN,.0573276533616047,.0317383081357548,-.0518070583578917,-.0200687502221368,-.0200687502221368,0,0,-.0852000045776367,1998,.6728508758544922,1997,1,1,0,0,,,,,,,,,,,,
Finland,FIN,1997,.2893052673339844,.5223500061035157,.5223500061035157,FIN,.051362819602284,.0268293691327468,-.0520607367946151,-.0252313676618683,-.0252313676618683,0,0,-.082140007019043,1999,.6789908599853516,1998,1,1,0,0,,,,,,,,,,,,
Finland,FIN,1998,.2863220977783203,.4684299850463867,.4684299850463867,FIN,.0410488285875272,.019228502161427,-.0528014918488942,-.0335729896874671,-.0335729896874671,0,0,-.0439599990844727,2000,.684629135131836,1999,1,1,0,0,,,,,,,,,,,,
Finland,FIN,1999,.2837487411499023,.4402099990844727,.4402099990844727,FIN,.035624412667126,.0156822226675804,-.0534404856752235,-.0377582630076431,-.0377582630076431,0,0,-.0312400054931641,2001,.6889539337158204,2000,1,1,0,0,,,,,,,,,,,,
Finland,FIN,2000,.2847705841064453,.424469985961914,.424469985961914,FIN,.0326630001318441,.0138644632074378,-.0531867504045275,-.0393222871970896,-.0393222871970896,0,0,-.0231799697875976,2002,.6920528411865234,2001,0,0,1,1,.1142069389704402,0,.0786833198613274,0,.0762560659539341,0,.0012648234506287,0,.1142069389704402,0,.0018942967071183,0
Finland,FIN,2001,.2827119827270508,.4089699935913086,.4089699935913086,FIN,.0296667731457047,.0121328200232737,-.0536979246264677,-.041565104603194,-.041565104603194,0,0,.0179999923706055,2003,.6968489837646484,2002,0,0,1,1,.1164497563765446,0,.0805893847558662,0,.0784988833600385,0,.000712495484338,0,.1164497563765446,0,.0010569567619199,0
Finland,FIN,2002,.2801124000549317,.4012900161743164,.4012900161743164,FIN,.0281409776771741,.0112926933872343,-.0543434306788247,-.0430507372915905,-.0430507372915905,0,0,.02447998046875,2004,.6998246002197266,2003,0,0,1,1,.1179353890649411,0,.0821831560197926,0,.079984516048435,0,-.000012441448394,0,.1179353890649411,0,-.0000183446388047,0
Finland,FIN,2003,.2804440498352051,.426969985961914,.426969985961914,FIN,.0330247040261897,.0141005574144586,-.0542610782525198,-.0401605208380612,-.0401605208380612,0,0,-.0282699966430664,2005,.7011412811279297,2004,0,0,1,1,.1150451726114118,0,.0805114419299907,0,.0770942995949057,0,-.0001142137780286,0,.1150451726114118,0,-.0001704372940275,0
Finland,FIN,2004,.2869620323181152,.4257699966430664,.4257699966430664,FIN,.0329669762620536,.0140363493724266,-.0526425887976543,-.0386062394252277,-.0386062394252277,0,0,-.0457199859619141,2006,.7128740692138672,2005,0,0,1,1,.1134908911985783,0,.0795731488513217,0,.0755400181820722,0,-.0001095261230759,0,.1134908911985783,0,-.0001645514207774,0
Finland,FIN,2005,.2851665878295899,.3986999893188476,.3986999893188476,FIN,.0277811702265128,.0110763522725757,-.0530884181595917,-.0420120658870159,-.0420120658870159,0,0,-.059640007019043,2007,.7485933685302735,2006,0,0,1,1,.1168967176603665,0,.08333263879629,0,.0789458446438604,0,-.0000670828525467,0,.1168967176603665,0,-.0000993309440083,0
Finland,FIN,2006,.2836599731445312,.3800500106811524,.3800500106811524,FIN,.0242013547657832,.0091977251372342,-.0534625277842656,-.0442648026470314,-.0442648026470314,0,0,-.0544200134277344,2008,.749539566040039,2007,0,0,1,1,.119149454420382,0,.089194491443098,0,.0811985814038758,0,-.0003064566918948,0,.119149454420382,0,-.0004496894774691,0
Finland,FIN,2007,.283147029876709,.3390599822998047,.3390599822998047,FIN,.0164064440750396,.0055627686376857,-.0535898974530383,-.0480271288153526,-.0480271288153526,0,0,.0762800216674805,2009,.7529609680175782,2008,0,0,1,1,.1229117805887033,0,.0921272426836651,0,.0849609075721971,0,-.000554420945399,0,.1229117805887033,0,-.0008020731833256,0
Finland,FIN,2008,.282382583618164,.325629997253418,.325629997253418,FIN,.0138369553875668,.004505727744849,-.0537797181853754,-.0492739904405263,-.0492739904405263,0,0,.1754999923706055,2010,.7495432281494141,2009,0,0,1,1,.124158642213877,0,.0934866114291089,0,.0862077691973708,0,-.0008793838702343,0,.124158642213877,0,-.0012665112243318,0
Finland,FIN,2009,.2817369270324707,.4153400039672852,.4153400039672852,FIN,.0308506099693394,.0128134924670586,-.0539400420859304,-.0411265496188718,-.0411265496188718,0,0,.1048999786376953,2011,.7597169494628906,2010,0,0,1,1,.1160112013922224,0,.0869554103930182,0,.0780603283757163,0,-.0005566230428067,0,.1160112013922224,0,-.0008272384867227,0
Finland,FIN,2010,.2827755928039551,.5011299896240234,.5011299896240234,FIN,.0471640397720598,.0236353147615994,-.0536821295182478,-.0300468147566485,-.0300468147566485,0,0,.0774300003051758,2012,.7599078369140625,2011,0,0,1,1,.1049314665299991,0,.0797182136548383,0,.0669805935134929,0,.0000833302492759,0,.1049314665299991,0,.0001305447563863,0
Finland,FIN,2011,.2847877883911133,.5202399826049805,.5202399826049805,FIN,.0508443765454793,.0264512775695812,-.0531824783842533,-.0267312008146721,-.0267312008146721,0,0,.0878800201416016,2013,.7685635375976563,2012,0,0,1,1,.1016158525880227,0,.0772186827363425,0,.0636649795715166,0,.0000265175318699,0,.1016158525880227,0,.0000423247070465,0
Finland,FIN,2012,.2826542854309082,.5785599899291992,.5785599899291992,FIN,.061860146334209,.0357898056401387,-.0537122515237286,-.0179224458835899,-.0179224458835899,0,0,.0695700454711914,2014,.7737702941894531,2013,0,0,1,1,.0928070976569405,0,.0713281512893893,0,.0548562246404344,0,.0002213018649554,0,.0928070976569405,0,.000374403888113,0
Finland,FIN,2013,.2867770767211914,.6081200027465821,.6081200027465821,FIN,.0675793825931484,.0410963743281577,-.0526885153836837,-.011592141055526,-.011592141055526,0,0,.0795199966430664,2015,.7843850708007812,2014,0,0,1,1,.0864767928288766,0,.0669131734277603,0,.0485259198123705,0,.0000897887306893,0,.0864767928288766,0,.0001600101861482,0
Finland,FIN,2014,.2889871788024903,.6481300354003906,.6481300354003906,FIN,.0752325363685736,.0487604664598248,-.0521397218080432,-.0033792553482184,-.0033792553482184,0,0,.0383599853515625,2016,.7664422607421875,2015,0,0,1,1,.078263907121569,0,.0613890403286977,0,.0403130341050629,0,.0001136409848465,0,.078263907121569,0,.0002206231230339,0
Finland,FIN,2015,.2872214317321777,.6876399993896485,.6876399993896485,FIN,.0826870131633698,.0568588976811915,-.0525781769620351,.0042807207191564,.0042807207191564,0,0,-.0218299865722656,2017,.7463658142089844,2016,0,0,1,1,.0706039310541942,0,.0541138365344621,0,.0326530580376881,0,.0000863545878464,0,.0706039310541942,0,.0001867198275728,0
Finland,FIN,2016,.2849318885803223,.6864900207519531,.6864900207519531,FIN,.0824089593903545,.0565729282420313,-.0531466966623339,.0034262315796974,.0034262315796974,0,0,-.0337100219726563,2018,.7470169067382813,2017,0,0,1,1,.0714584201936532,0,.0533341219699237,0,.0335075471771471,0,.0001781982593432,0,.0714584201936532,0,.0003800268049046,0
Finland,FIN,2017,.2844753456115723,.6658100128173828,.6658100128173828,FIN,.0784711643461758,.0522468869391223,-.0532600614930238,-.0010131745539016,-.0010131745539016,0,0,-.0125299835205078,2019,.7430153656005859,2018,0,0,1,1,.0758978263272522,0,.0566969594511432,0,.0379469533107461,0,.0001794886556152,0,.0758978263272522,0,.0003589958513938,0
Finland,FIN,2018,.2844987106323242,.6527799987792968,.6527799987792968,FIN,.0759981627804955,.0496100806070807,-.0532542596916537,-.0036441790845731,-.0036441790845731,0,0,.1003900146484376,2020,.740298080444336,2019,0,0,1,1,.0785288308579237,0,.0583481279700867,0,.0405779578414176,0,.0001488553118338,0,.0785288308579237,0,.0002880734819377,0
Finland,FIN,2019,.2845317840576172,.653280029296875,.653280029296875,FIN,.0760939513244159,.0497106587505294,-.0532460471826123,-.0035353884320829,-.0035353884320829,0,0,.077979965209961,2021,.7456877136230469,2020,0,0,1,1,.0784200402054335,0,.05805420523245,0,.0404691671889274,0,.0001088744074393,0,.0784200402054335,0,.0002109738351885,0
Finland,FIN,2020,.283522834777832,.7531700134277344,.7531700134277344,FIN,.0950306880329177,.0715742645817994,-.0534965808061849,.0180776837756145,.0180776837756145,0,0,-.0135300445556641,2022,.7496027374267578,2021,0,0,1,1,.0568069679977361,0,.0423602580840894,0,.01885609498123,0,.0000262923993754,0,.0568069679977361,0,.0000792100109482,0
Finland,FIN,2021,.2810344314575196,.731259994506836,.731259994506836,FIN,.0908063697860873,.0664030654709599,-.0541144797563489,.012288585714611,.012288585714611,0,0,.0391300201416015,2023,.7483502960205078,2022,0,0,1,1,.0625960660587396,0,.0469221824697774,0,.0246451930422335,0,-.0000225494994266,0,.0625960660587396,0,-.000057273235932,0
Finland,FIN,2022,.2824525260925293,.7396399688720703,.7396399688720703,FIN,.0924342230486152,.0683680458583917,-.0537623506705801,.0146056951878116,.0146056951878116,0,0,,,.7455947113037109,2023,1,0,0,1,,,,,.0223280835690329,0,-.0000217075050543,0,.060278956585539,0,-.0000586035855117,0
Finland,FIN,2023,.2802004051208496,.7703900146484375,.7703900146484375,FIN,.098213030177866,.0756623377573936,-.054321578016358,.0213407597410356,.0213407597410356,0,0,,,,,1,1,0,0,,,,,,,,,,,,
France,FRA,1995,.3090703010559082,.5780199813842773,.5780199813842773,FRA,.0624469202126284,.0360955676588089,-.0471528532987836,-.0110572856399747,-.0110572856399747,0,0,.0418300247192382,1997,.583962287902832,1996,1,1,0,0,,,,,,,,,,,,
France,FRA,1996,.3080360031127929,.6059500122070313,.6059500122070313,FRA,.0677221545177139,.0410362403566952,-.0474096812848223,-.0063734409281271,-.0063734409281271,0,0,.0150799942016602,1998,.5821446990966797,1997,1,1,0,0,,,,,,,,,,,,
France,FRA,1997,.30749755859375,.6198500061035156,.6198500061035156,FRA,.0703468723415118,.0436045092502493,-.0475433832053761,-.0039388739551267,-.0039388739551267,0,0,-.0056500244140625,1999,.580182991027832,1998,1,1,0,0,,,,,,,,,,,,
France,FRA,1998,.3079995346069336,.6210300064086914,.6210300064086914,FRA,.0705839813587983,.0438347703956055,-.047418736831124,-.0035839664355185,-.0035839664355185,0,0,-.0238199996948243,2000,.5834856796264648,1999,1,1,0,0,,,,,,,,,,,,
France,FRA,1999,.307469482421875,.6141999816894531,.6141999816894531,FRA,.0692735419698414,.0425478082094402,-.047550354839349,-.0050025466299088,-.0050025466299088,0,0,-.0209599685668945,2001,.5862411117553711,2000,1,1,0,0,,,,,,,,,,,,
France,FRA,2000,.3079886627197266,.5972100067138671,.5972100067138671,FRA,.0660617210355335,.0394527208631606,-.0474214364448228,-.0079687155816622,-.0079687155816622,0,0,.0153400039672852,2002,.5879372406005859,2001,0,0,1,1,.0828533673550128,0,.0485720501908789,0,.0449024943385067,0,.0022623658537343,0,.0828533673550128,0,.0041744814387769,0
France,FRA,2001,.3072967147827149,.5932400131225586,.5932400131225586,FRA,.0652900040601596,.038732642865421,-.0475932550163372,-.0088606121509162,-.0088606121509162,0,0,.0603899765014648,2003,.5872854614257812,2002,0,0,1,1,.0837452639242668,0,.0492369593850012,0,.0457943909077607,0,.0023304762196347,0,.0837452639242668,0,.0042617958709319,0
France,FRA,2002,.3083748245239258,.6125500106811523,.6125500106811523,FRA,.0689839359427382,.0422561106985522,-.047325548060709,-.0050694373621568,-.0050694373621568,0,0,.0562199783325196,2004,.5875760650634766,2003,0,0,1,1,.0799540891355074,0,.0469558741308245,0,.0420032161190013,0,.0021842102197658,0,.0799540891355074,0,.0041576944514695,0
France,FRA,2003,.3086125946044922,.6536299896240234,.6536299896240234,FRA,.0767887425445304,.0501914249926232,-.0472665070355009,.0029249179571223,.0029249179571223,0,0,.0282500457763672,2005,.5939647293090821,2004,0,0,1,1,.0719597338162283,0,.0422818172387546,0,.0340088607997222,0,.0017124184158035,0,.0719597338162283,0,.0036233255241597,0
France,FRA,2004,.3080319023132324,.6687699890136719,.6687699890136719,FRA,.0796477599846959,.0532660315699287,-.0474106995601648,.0058553320097639,.0058553320097639,0,0,-.0147699737548829,2006,.5961409759521484,2005,0,0,1,1,.0690293197635867,0,.0410009812277689,0,.0310784467470806,0,.0015488395938689,0,.0690293197635867,0,.0034401765460728,0
France,FRA,2005,.3075947189331055,.6818800354003907,.6818800354003907,FRA,.0821251568418923,.0559995048546122,-.0475192571840052,.008480247670607,.008480247670607,0,0,-.0270900726318359,2007,.6149180603027343,2006,0,0,1,1,.0664044041027436,0,.0395863862693304,0,.0284535310862375,0,.0013672898072965,0,.0664044041027436,0,.003190959484575,0
France,FRA,2006,.3074287796020508,.654000015258789,.654000015258789,FRA,.076828098033178,.0502455772860022,-.0475604618141439,.0026851154718582,.0026851154718582,0,0,.0441899871826172,2008,.6333086013793945,2007,0,0,1,1,.0721995363014924,0,.0443967988172705,0,.0342486632849863,0,.0015913710364597,0,.0721995363014924,0,.0033547659936376,0
France,FRA,2007,.3066418838500977,.6547899627685547,.6547899627685547,FRA,.0769575283275336,.0503910171083457,-.0477558570119607,.002635160096385,.002635160096385,0,0,.185780029296875,2009,.6368822097778321,2008,0,0,1,1,.0722494916769656,0,.0457562245243113,0,.0342986186604595,0,.0016722277501983,0,.0722494916769656,0,.0035225210121719,0
France,FRA,2008,.3058962631225586,.6981900024414063,.6981900024414063,FRA,.085177113877286,.0594698093459342,-.047941003150051,.0115288061958832,.0115288061958832,0,0,.1645999908447265,2010,.6412472534179687,2009,0,0,1,1,.0633558455774674,0,.0403502109337205,0,.0254049725609613,0,.0013182769000155,0,.0633558455774674,0,.0032875669322338,0
France,FRA,2009,.3066732597351074,.8405699920654297,.8405699920654297,FRA,.1122267333846842,.0943344243906931,-.0477480660215494,.0465863583691436,.0465863583691436,0,0,.0469100189208984,2011,.656031494140625,2010,0,0,1,1,.028298293404207,0,.0181462029218635,0,0,.0096525796122991,0,.0004273972594955,.028298293404207,0,.0012529928304293,0
France,FRA,2010,.305052661895752,.8627899932861328,.8627899932861328,FRA,.1164026798996504,.1004310674091072,-.0481504789645808,.0522805884445265,.0522805884445265,0,0,.0546099853515625,2012,.6534062957763672,2011,0,0,1,1,.0226040633288241,0,.0148289774392578,0,0,.015346809687682,0,.0006960231670795,.0226040633288241,0,.0010251610639065,0
France,FRA,2011,.3053451919555664,.8874800109863281,.8874800109863281,FRA,.1210974534733302,.1074715693389274,-.0480778404114269,.0593937289275006,.0593937289275006,0,0,.0581199645996093,2013,.6526150512695312,2012,0,0,1,1,.01549092284585,0,.0101218665148644,0,0,.0224599501706561,0,.0010793667822913,.01549092284585,0,.0007444534569223,0
France,FRA,2012,.3046600151062012,.9173999786376953,.9173999786376953,FRA,.1267595661992621,.1162892233233265,-.048247977644585,.0680412456787415,.0680412456787415,0,0,.0442300415039063,2014,.6492581176757812,2013,0,0,1,1,.0068434060946091,0,.0044661098192915,0,0,.031107466921897,0,.0014532669639145,.0068434060946091,0,.0003197076773534,0
France,FRA,2013,.3045439720153809,.9455999755859374,.9455999755859374,FRA,.132110011307084,.1249232234666365,-.0482767924686959,.0766464309979406,.0766464309979406,0,0,.0241899871826172,2015,.6587601470947265,2014,0,0,1,1,0,.00176177922459,0,.0011438494631176,0,.0397126522410961,0,.0016305768624019,0,.00176177922459,0,.0000723375619144
France,FRA,2014,.303244857788086,.9616300201416016,.9616300201416016,FRA,.1351192482578516,.1299347254237159,-.0485993773610388,.0813353480626771,.0813353480626771,0,0,.0198600006103515,2016,.6580760955810547,2015,0,0,1,1,0,.0064506962893265,0,.0042494616364202,0,.0444015693058326,0,.0017349776771836,0,.0064506962893265,0,.0002520589753751
France,FRA,2015,.3037918281555176,.9697899627685547,.9697899627685547,FRA,.1366826000427463,.1325534136065642,-.0484635583750054,.0840898552315587,.0840898552315587,0,0,.0178300476074219,2017,.6454951477050781,2016,0,0,1,1,0,.0092052034582081,0,.0060577243508068,0,.0471560764747142,0,.0016971902417804,0,.0092052034582081,0,.0003313036760226
France,FRA,2016,.3029037666320801,.9814900207519531,.9814900207519531,FRA,.1388805603861323,.1363098840954278,-.0486840741887137,.0876258099067141,.0876258099067141,0,0,.0037899780273437,2018,.6504249572753906,2017,0,0,1,1,0,.0127411581333635,0,.0082243557512292,0,.0506920311498696,0,.0017339821005512,0,.0127411581333635,0,.0004358266899629
France,FRA,2017,.3026962471008301,.9876200103759766,.9876200103759766,FRA,.1400388595703649,.1383051799419237,-.0487356036572091,.0895695762847146,.0895695762847146,0,0,-.0060400390625001,2019,.6467178344726563,2018,0,0,1,1,0,.014684924511364,0,.0095514413978962,0,.0526357975278701,0,.0016769784488658,0,.014684924511364,0,.0004678622360712
France,FRA,2018,.3010011100769043,.9852799987792968,.9852799987792968,FRA,.1395504007382544,.1374962186690376,-.0491565255306523,.0883396931383854,.0883396931383854,0,0,.1638099670410156,2020,.6616500854492188,2019,0,0,1,1,0,.0134550413650348,0,.0087016152143353,0,.0514059143815409,0,.0013562913563828,0,.0134550413650348,0,.0003549972123387
France,FRA,2019,.3032950973510742,.9815799713134765,.9815799713134765,FRA,.1389078477805025,.1363491612396024,-.0485869023040519,.0877622589355505,.0877622589355505,0,0,.1462800598144531,2021,.6438318634033203,2020,0,0,1,1,0,.0128776071621999,0,.008520469879251,0,.050828480178706,0,.0014148618633523,0,.0128776071621999,0,.0003584611462111
France,FRA,2020,.3023552703857422,1.149089965820312,1.149089965820312,FRA,.1706833365437085,.1961305093551069,-.0488202720678978,.1473102372872092,.1473102372872092,0,0,-.0354499816894531,2022,.6521505737304687,2021,0,0,1,1,0,.0724255855138586,0,.0466298996794641,0,.1103764585303647,0,.002646139845851,0,.0724255855138586,0,.0017363143394802
France,FRA,2021,.3028849411010742,1.12786003112793,1.12786003112793,FRA,.1666668775442401,.1879769096950415,-.0486887487829605,.139288160912081,.139288160912081,0,0,-.0313999938964844,2023,.6514302062988281,2022,0,0,1,1,0,.0644035091387304,0,.0420007854350785,0,.1023543821552365,0,.0026459613588858,0,.0644035091387304,0,.0016648939983759
France,FRA,2022,.3056483840942383,1.113639984130859,1.113639984130859,FRA,.1640394592126269,.1826809007543846,-.0480025543423825,.1346783464120021,.1346783464120021,0,0,,,.6490313720703125,2023,1,0,0,1,,,,,0,.0977445676551576,0,.0034152615696006,0,.0597936946386515,0,.002089232294978
France,FRA,2023,.3041662788391113,1.096460037231445,1.096460037231445,FRA,.1607393533691664,.1762442773797147,-.0483705779958233,.1278736993838914,.1278736993838914,0,0,,,,,1,1,0,0,,,,,,,,,,,,
United Kingdom,GBR,1995,.2729748344421387,.4349499893188477,.4349499893188477,GBR,.0343447251229098,.0149382378253684,-.0561157696975325,-.0411775318721642,-.0411775318721642,0,0,.004010009765625,1997,.6133454513549804,1996,1,1,0,0,,,,,,,,,,,,
United Kingdom,GBR,1996,.2725679779052734,.4354100036621094,.4354100036621094,GBR,.0344214376621583,.0149874382985354,-.0562167968200027,-.0412293585214673,-.0412293585214673,0,0,-.0175199890136719,1998,.6166801071166992,1997,1,1,0,0,,,,,,,,,,,,
United Kingdom,GBR,1997,.2723768806457519,.4389599990844726,.4389599990844726,GBR,.0350903805744275,.0154032734248245,-.0562642484509637,-.0408609750261392,-.0408609750261392,0,0,-.0362099838256836,1999,.6203476333618164,1998,1,1,0,0,,,,,,,,,,,,
United Kingdom,GBR,1998,.2729862594604492,.4178900146484375,.4178900146484375,GBR,.0311063663212388,.0129990398776421,-.0561129327350667,-.0431138928574245,-.0431138928574245,0,0,-.042400016784668,2000,.6244911193847656,1999,1,1,0,0,,,,,,,,,,,,
United Kingdom,GBR,1999,.2720487403869629,.4027500152587891,.4027500152587891,GBR,.0282077332878547,.0113606650120993,-.0563457294230221,-.0449850644109227,-.0449850644109227,0,0,-.0545100021362305,2001,.6254107284545899,2000,1,1,0,0,,,,,,,,,,,,
United Kingdom,GBR,2000,.2717536926269531,.3754899978637695,.3754899978637695,GBR,.023025006582344,.0086456596724176,-.0564189931498746,-.047773333477457,-.047773333477457,0,0,-.0220999908447265,2002,.6233094787597656,2001,0,0,1,1,.1226579852508076,0,.0767116199064799,0,.0847071122343014,0,.0039831838110873,0,.1226579852508076,0,.0057677482830511,0
United Kingdom,GBR,2001,.2712710380554199,.3482400131225586,.3482400131225586,GBR,.0178392891344829,.0062123542822894,-.0565388417896059,-.0503264875073164,-.0503264875073164,0,0,.0181799697875977,2003,.6269382095336914,2002,0,0,1,1,.125211139280667,0,.078045289959949,0,.0872602662641609,0,.0037067504952717,0,.125211139280667,0,.0053188750437353,0
United Kingdom,GBR,2002,.2716448402404785,.353390007019043,.353390007019043,GBR,.018826715201552,.006653173017222,-.0564460224400128,-.0497928494227908,-.0497928494227908,0,0,.0432699966430664,2004,.6235059356689453,2003,0,0,1,1,.1246775011961414,0,.0781650893690435,0,.0867266281796353,0,.003506874700174,0,.1246775011961414,0,.005041454785029,0
United Kingdom,GBR,2003,.2713936042785645,.3664199829101563,.3664199829101563,GBR,.021293763553268,.0078024604772814,-.0565084071972758,-.0487059467199944,-.0487059467199944,0,0,.0422700119018555,2005,.6219916152954101,2004,0,0,1,1,.123590598493345,0,.077059471753478,0,.0856397254768389,0,.0035586129514069,0,.123590598493345,0,.0051355968508972,0
United Kingdom,GBR,2004,.2724205780029297,.3966600036621094,.3966600036621094,GBR,.0270613111616501,.0107341397844816,-.0562533978983605,-.0455192581138789,-.0455192581138789,0,0,.0222000122070313,2006,.6183231735229492,2005,0,0,1,1,.1204039098872295,0,.0748902223986409,0,.0824530368707234,0,.0034724567086983,0,.1204039098872295,0,.005070733359366,0
United Kingdom,GBR,2005,.2746999931335449,.4086899948120117,.4086899948120117,GBR,.0294045567042237,.0120173481268987,-.0556873931013494,-.0436700449744507,-.0436700449744507,0,0,.0210800170898438,2007,.6649250030517578,2006,0,0,1,1,.1185546967478013,0,.0733051163291514,0,.0806038237312952,0,.0036558821682018,0,.1185546967478013,0,.0053771890926879,0
United Kingdom,GBR,2006,.2790284729003906,.4188600158691406,.4188600158691406,GBR,.0314481739333789,.0131723826327906,-.05461258216459,-.0414401995317994,-.0414401995317994,0,0,.0866799926757812,2008,.6651148223876953,2007,0,0,1,1,.11632485130515,0,.0773473021090721,0,.0783739782886439,0,.0035506956639165,0,.11632485130515,0,.0052700418449318,0
United Kingdom,GBR,2007,.2784042358398438,.4297700119018555,.4297700119018555,GBR,.0335030334463748,.0143985990829968,-.054767587352542,-.0403689882695452,-.0403689882695452,0,0,.2149699783325195,2009,.6625773620605468,2008,0,0,1,1,.1152536400428958,0,.076656904326666,0,.0773027670263897,0,.0036411350767741,0,.1152536400428958,0,.0054287069872004,0
United Kingdom,GBR,2008,.2803370475769043,.5055400085449219,.5055400085449219,GBR,.0479376051100758,.0242343772969708,-.0542876481347127,-.0300532708377419,-.0300532708377419,0,0,.2496399688720703,2010,.6533074188232422,2009,0,0,1,1,.1049379226110925,0,.0695294919437715,0,.0669870495945864,0,.0029061750277091,0,.1049379226110925,0,.0045526407267932,0
United Kingdom,GBR,2009,.2816205596923828,.644739990234375,.644739990234375,GBR,.0743967503379115,.0479665600863343,-.0539689374248357,-.0060023773385015,-.0060023773385015,0,0,.1659200286865234,2011,.6788086700439453,2010,0,0,1,1,.0808870291118521,0,.0528440962053445,0,.0429361560953459,0,.0018363912495672,0,.0808870291118521,0,.003459560565567,0
United Kingdom,GBR,2010,.2828922271728516,.7551799774169922,.7551799774169922,GBR,.0953958037554092,.0720410009256857,-.0536531678730411,.0183878330526446,.0183878330526446,0,0,.0857199859619141,2012,.6757921600341796,2011,0,0,1,1,.056496818720706,0,.0383505303775163,0,.0185459457041999,0,.0013298245307427,0,.056496818720706,0,.0040510662892054,0
United Kingdom,GBR,2011,.2855194854736328,.8106600189208985,.8106600189208985,GBR,.1059966612546581,.0859272554182532,-.0530007896461632,.03292646577209,.03292646577209,0,0,.0388199615478515,2013,.6789669036865235,2012,0,0,1,1,.0419581860012606,0,.0283550131489078,0,.0040073129847545,0,.0003122233553595,0,.0419581860012606,0,.0032691046763634,0
United Kingdom,GBR,2012,.2873898696899414,.8408999633789063,.8408999633789063,GBR,.1117862019916444,.0940010131610408,-.052536351894362,.0414646612666788,.0414646612666788,0,0,.0242100524902343,2014,.6862324523925781,2013,0,0,1,1,.0334199905066718,0,.0226910674755479,0,0,.0045308825098343,0,.00030008642618,.0334199905066718,0,.0022134507995622,0
United Kingdom,GBR,2013,.2884744071960449,.84947998046875,.84947998046875,GBR,.1134433275585554,.0963678356787516,-.0522670488513365,.0441007868274151,.0441007868274151,0,0,.0239199829101563,2015,.7119351959228516,2014,0,0,1,1,.0307838649459355,0,.0211248871359712,0,0,.0071670080705706,0,.0002747047000015,.0307838649459355,0,.00117991668233,0
United Kingdom,GBR,2014,.2871982192993164,.8651100158691406,.8651100158691406,GBR,.1163772252049681,.1006791031438765,-.0525839408740901,.0480951622697864,.0480951622697864,0,0,.0073999786376954,2016,.7173150634765625,2015,0,0,1,1,.0267894895035642,0,.0190723804583931,0,0,.0111613835129419,0,.0005745154557749,.0267894895035642,0,.0013789487436096,0
United Kingdom,GBR,2015,.2842039108276367,.8733999633789062,.8733999633789062,GBR,.117872852353205,.1029501449286565,-.0533274618483693,.0496226830802872,.0496226830802872,0,0,-.012229995727539,2017,.7015824890136719,2016,0,0,1,1,.0252619686930634,0,.0181207906766077,0,0,.0126889043234427,0,.0005371512450194,.0252619686930634,0,.0010693987116012,0
United Kingdom,GBR,2016,.2836849403381347,.872509994506836,.872509994506836,GBR,.1176903593087934,.1026860147540229,-.0534563281450872,.0492296866089356,.0492296866089356,0,0,-.0166699981689453,2018,.6963835906982422,2017,0,0,1,1,.025654965164415,0,.0179990743156093,0,0,.0122959078520911,0,.0005502929912858,.025654965164415,0,.0011481663404998,0
United Kingdom,GBR,2017,.2846219253540039,.8611699676513672,.8611699676513672,GBR,.1155620236815857,.0995185441955977,-.0532236640697346,.0462948801258631,.0462948801258631,0,0,-.0118000030517579,2019,.6878870391845703,2018,0,0,1,1,.0285897716474875,0,.0199094478371202,0,0,.0093611013690186,0,.0004650295583744,.0285897716474875,0,.0014202483617215,0
United Kingdom,GBR,2018,.2849215507507324,.8558399963378907,.8558399963378907,GBR,.1145580029400504,.0980433208166888,-.0531492636634299,.0448940571532589,.0448940571532589,0,0,.1920300292968751,2020,.690621109008789,2019,0,0,1,1,.0299905946200917,0,.0206301413365996,0,0,.0079602783964144,0,.0003666944115058,.0299905946200917,0,.0013815325164854,0
United Kingdom,GBR,2019,.284539623260498,.8493699645996093,.8493699645996093,GBR,.113319769541517,.0962504086439142,-.0532441006190505,.0430063080248637,.0430063080248637,0,0,.1851000213623046,2021,.6819411468505859,2020,0,0,1,1,.0318783437484869,0,.0220158571129434,0,0,.0060725292680192,0,.0002412455636418,.0318783437484869,0,.0012664424766253,0
United Kingdom,GBR,2020,.2837953186035156,1.047870025634766,1.047870025634766,GBR,.1509834986651959,.1582110826167254,-.0534289199617984,.104782162654927,.104782162654927,0,0,-.0727600097656251,2022,.6819626617431641,2021,0,0,1,1,0,.0298975108815764,0,.0203883428585601,0,.0678483838980825,0,.0021012676056463,0,.0298975108815764,0,.0009259273028416
United Kingdom,GBR,2021,.2867827415466309,1.034469985961914,1.034469985961914,GBR,.1485175945494928,.153636993948711,-.0526871087428618,.1009498852058492,.1009498852058492,0,0,-.0457799530029296,2023,.6856621551513672,2022,0,0,1,1,0,.0260652334324986,0,.0177755159705837,0,.0640161064490047,0,.0036096539162739,0,.0260652334324986,0,.0014697312466693
United Kingdom,GBR,2022,.2862685203552246,.9751100158691406,.9751100158691406,GBR,.1372353101143154,.1338195254233765,-.0528147957346482,.0810047296887283,.0810047296887283,0,0,,,.6813226318359376,2023,1,0,0,1,,,,,0,.0440709509318839,0,.0040585962614995,0,.0061200779153777,0,.0005636121940239
United Kingdom,GBR,2023,.2880555915832519,.9886900329589844,.9886900329589844,GBR,.1398599647709619,.1382781531790447,-.0523710455488753,.0859071076301694,.0859071076301694,0,0,,,,,1,1,0,0,,,,,,,,,,,,
Greece,GRC,1995,.3440598297119141,1.003870010375977,1.003870010375977,GRC,.1442030759046781,.144761143304677,-.0384645539194988,.1062965893851782,.1062965893851782,0,0,.0221199798583984,1997,.4279187774658203,1996,1,1,0,0,,,,,,,,,,,,
Greece,GRC,1996,.3430464553833008,1.037239990234375,1.037239990234375,GRC,.1505115733424175,.1561166228638496,-.0387161863332084,.1174004365306411,.1174004365306411,0,0,-.0293899536132811,1998,.4360560989379883,1997,1,1,0,0,,,,,,,,,,,,
Greece,GRC,1997,.3421226119995117,1.025989990234375,1.025989990234375,GRC,.1483517726641646,.1522074337869585,-.0389455871913007,.1132618465956578,.1132618465956578,0,0,.0024400329589844,1999,.4419590759277344,1998,1,1,0,0,,,,,,,,,,,,
Greece,GRC,1998,.3422736358642578,1.007850036621094,1.007850036621094,GRC,.1449120338446586,.1460495986171764,-.03890808624171,.1071415123754664,.1071415123754664,0,0,.0806899261474607,2000,.4476836776733398,1999,1,1,0,0,,,,,,,,,,,,
Greece,GRC,1999,.3405928039550781,1.028430023193359,1.028430023193359,GRC,.1487750690887754,.153004747753563,-.0393254559918653,.1136792917616977,.1136792917616977,0,0,.0769200134277344,2001,.455231704711914,2000,1,1,0,0,,,,,,,,,,,,
Greece,GRC,2000,.3410280227661133,1.088539962768555,1.088539962768555,GRC,.1601976658932019,.1743815612669953,-.0392173861929564,.1351641750740389,.1351641750740389,0,0,-.0098299407958984,2002,.4619168090820313,2001,0,0,1,1,0,.0602795233006883,0,.0274411501513939,0,.0982303963171944,0,.0158907706027174,0,.0602795233006883,0,.0097514426565001
Greece,GRC,2001,.3408675003051758,1.105350036621094,1.105350036621094,GRC,.1633846931622526,.180597276570222,-.0392572457524102,.1413400308178118,.1413400308178118,0,0,-.0627600097656251,2003,.4658292770385742,2002,0,0,1,1,0,.0664553790444612,0,.0306968566345544,0,.1044062520609673,0,.0161949881111658,0,.0664553790444612,0,.0103082339639929
Greece,GRC,2002,.3408939743041992,1.078710021972656,1.078710021972656,GRC,.1583280571217861,.1707900619767299,-.0392506719562456,.1315393900204843,.1315393900204843,0,0,-.0237800598144531,2004,.4658651733398437,2003,0,0,1,1,0,.0566547382471337,0,.026391435758472,0,.0946056112636398,0,.0132471900183045,0,.0566547382471337,0,.0079331032585964
Greece,GRC,2003,.3386288452148438,1.042590026855469,1.042590026855469,GRC,.1514119502428898,.1578605892699733,-.0398131293661332,.1180474599038401,.1180474599038401,0,0,.0559999847412112,2005,.4715813827514648,2004,0,0,1,1,0,.0431628081304895,0,.0201080490915449,0,.0811136811469956,0,.0102491756141029,0,.0431628081304895,0,.0054538666507506
Greece,GRC,2004,.3391714477539062,1.054929962158203,1.054929962158203,GRC,.1537687157407177,.1622152254774708,-.0396783949617438,.122536830515727,.122536830515727,0,0,-.0015899658203125,2006,.466846923828125,2005,0,0,1,1,0,.0476521787423764,0,.0224718803424498,0,.0856030517588826,0,.0105610239245379,0,.0476521787423764,0,.0058789469465658
Greece,GRC,2005,.3375000381469727,1.09859001159668,1.09859001159668,GRC,.162013504251711,.1779864175147059,-.0400934250466934,.1378929924680124,.1378929924680124,0,0,-.0522200012207032,2007,.4931889343261719,2006,0,0,1,1,0,.0630083406946618,0,.0294152500288173,0,.1009592137111679,0,.01203679836184,0,.0630083406946618,0,.0075121295439712
Greece,GRC,2006,.3407730865478515,1.053339996337891,1.053339996337891,GRC,.153508669952226,.1616968218453122,-.0392806897661099,.1224161320792023,.1224161320792023,0,0,.0557299804687499,2008,.4918289566040039,2007,0,0,1,1,0,.0475314803058517,0,.0234420001189884,0,.0854823533223578,0,.0096404314948981,0,.0475314803058517,0,.0053604511566461
Greece,GRC,2007,.3395849227905273,1.046370010375977,1.046370010375977,GRC,.152154487894935,.1592098930773745,-.0395757243902324,.1196341686871421,.1196341686871421,0,0,.2384499359130861,2009,.4883242416381836,2008,0,0,1,1,0,.0447495169137915,0,.0220091082122433,0,.0827003899302976,0,.0092183185419643,0,.0447495169137915,0,.0049880696071449
Greece,GRC,2008,.3419147109985352,1.109069976806641,1.109069976806641,GRC,.1641182102088113,.1820185795898338,-.0389972113830838,.14302136820675,.14302136820675,0,0,.3693899536132814,2010,.4885861206054687,2009,0,0,1,1,0,.0681367164333994,0,.0332728103800557,0,.1060875894499055,0,.0125609720870342,0,.0681367164333994,0,.0080675166403534
Greece,GRC,2009,.341734504699707,1.284819946289063,1.284819946289063,GRC,.1974777928681885,.2537234072261885,-.0390419586641816,.2146814485620069,.2146814485620069,0,0,.4659400939941405,2011,.486865348815918,2010,0,0,1,1,0,.1397967967886563,0,.0683027746160406,0,.1777476698051624,0,.0230518899417334,0,.1397967967886563,0,.0181300850655955
Greece,GRC,2010,.3402146530151367,1.478459930419922,1.478459930419922,GRC,.2341986506518471,.3462533207471695,-.0394193551869379,.3068339655602316,.3068339655602316,0,0,.1643200683593748,2012,.4772427368164063,2011,0,0,1,1,0,.231949313786881,0,.1129280835644626,0,.2699001868033871,0,.0395724891713769,0,.231949313786881,0,.0340081710088852
Greece,GRC,2011,.3396665954589844,1.750760040283203,1.750760040283203,GRC,.285877664332016,.5005031911219884,-.0395554441343411,.4609477469876473,.4609477469876473,0,0,.0543399047851563,2013,.4696682739257813,2012,0,0,1,1,0,.3860630952142967,0,.1842458081438838,0,.4240139682308028,0,.0729297183395747,0,.3860630952142967,0,.0664022294189074
Greece,GRC,2012,.3395395278930664,1.642779998779297,1.642779998779297,GRC,.2653754724791769,.4359535183553975,-.0395869964614658,.3963665218939317,.3963665218939317,0,0,.1854600524902343,2014,.487433967590332,2013,0,0,1,1,0,.321481870120581,0,.1509898350379655,0,.3594327431370872,0,.0406418286735612,0,.321481870120581,0,.0363506423289697
Greece,GRC,2013,.336971549987793,1.805099945068359,1.805099945068359,GRC,.2961232008143039,.5345319735233667,-.0402246546894389,.4943073188339278,.4943073188339278,0,0,-.005089874267578,2015,.501960105895996,2014,0,0,1,1,0,.4194226670605772,0,.204440854702656,0,.4573735400770833,0,.0389285915411252,0,.4194226670605772,0,.0356984658236653
Greece,GRC,2014,.3389838409423828,1.828240051269531,1.828240051269531,GRC,.3005686147218071,.5495115795890085,-.0397249798746225,.509786599714386,.509786599714386,0,0,.008509979248047,2016,.5060272979736328,2015,0,0,1,1,0,.4349019479410354,0,.2183034278428571,0,.4728528209575415,0,.0402157271107443,0,.4349019479410354,0,.0369880378907547
Greece,GRC,2015,.3415303802490234,1.800010070800781,1.800010070800781,GRC,.2952758979427832,.5314995899617535,-.0390926450954167,.4924069448663368,.4924069448663368,0,0,.0262199401855467,2017,.4970607757568359,2016,0,0,1,1,0,.4175222930929862,0,.211277677817599,0,.4554731661094923,0,.0334167278419298,0,.4175222930929862,0,.0306323838029851
Greece,GRC,2016,.3395871353149414,1.836750030517578,1.836750030517578,GRC,.3021998869767661,.5550656516269838,-.0395751749951639,.5154904766318199,.5154904766318199,0,0,.0587799072265625,2018,.4960197067260742,2017,0,0,1,1,0,.4406058248584693,0,.2190078731071314,0,.4785566978749754,0,.0304414778963168,0,.4406058248584693,0,.0280273842952703
Greece,GRC,2017,.3392892456054687,1.826230010986328,1.826230010986328,GRC,.300194998801694,.5482251159596584,-.0396491444105096,.5085759715491488,.5085759715491488,0,0,.010679931640625,2019,.5044066238403321,2018,0,0,1,1,0,.4336913197757982,0,.2151194412448355,0,.4716421927923043,0,.0298348806782149,0,.4336913197757982,0,.0274342053667502
Greece,GRC,2018,.3389604187011719,1.895529937744141,1.895529937744141,GRC,.313342281402646,.5939496751597646,-.0397307958844858,.5542188792752788,.5542188792752788,0,0,.2037400817871096,2020,.5098868560791016,2019,0,0,1,1,0,.4793342275019282,0,.2417793593853613,0,.5172851005184343,0,.0352837335595459,0,.4793342275019282,0,.0326951252842939
Greece,GRC,2019,.3394267272949218,1.836909942626953,1.836909942626953,GRC,.3022260589883543,.5551620526766681,-.0396150061376314,.5155470465390367,.5155470465390367,0,0,.1411500549316407,2021,.5174214553833008,2020,0,0,1,1,0,.4406623947656861,0,.2246879630593636,0,.4786132677821922,0,.0299378834897176,0,.4406623947656861,0,.0275640069359688
Greece,GRC,2020,.3377011489868164,2.09927001953125,2.09927001953125,GRC,.3519873361129762,.7389164619566402,-.040043486929431,.6988729750272092,.6988729750272092,0,0,-.3075700378417969,2022,.523160171508789,2021,0,0,1,1,0,.6239883232538587,0,.3228649463601971,0,.6619391962703648,0,.0399937085012216,0,.6239883232538587,0,.0377007544635383
Greece,GRC,2021,.3339638519287109,1.978059997558594,1.978059997558594,GRC,.3288793676234911,.6505431211183947,-.0409715004511155,.6095716206672792,.6095716206672792,0,0,-.3227099609374999,2023,.5305290222167969,2022,0,0,1,1,0,.5346869688939286,0,.2797269263500622,0,.5726378419104348,0,.0287003087566265,0,.5346869688939286,0,.0267982308752146
Greece,GRC,2022,.3370560073852539,1.791699981689453,1.791699981689453,GRC,.2935815623735375,.5260100799290282,-.0402036829535476,.4858063969754806,.4858063969754806,0,0,,,.5344662857055664,2023,1,0,0,1,,,,,0,.4488726182186361,0,.0221952898541012,0,.41092174520213,0,.0203187427166074
Greece,GRC,2023,.3369427108764648,1.655350036621094,1.655350036621094,GRC,.2676940017821252,.4431272756532881,-.0402318157699872,.4028954598833009,.4028954598833009,0,0,,,,,1,1,0,0,,,,,,,,,,,,
Hong Kong SAR,HKG,1995,,,,HKG,,,,,,,,,,,,4,4,0,0,,,,,,,,,,,,
Hong Kong SAR,HKG,1996,,,,HKG,,,,,,,,,,,,4,4,0,0,,,,,,,,,,,,
Hong Kong SAR,HKG,1997,,,,HKG,,,,,,,,,,,,4,4,0,0,,,,,,,,,,,,
Hong Kong SAR,HKG,1998,,,,HKG,,,,,,,,,,,,4,4,0,0,,,,,,,,,,,,
Hong Kong SAR,HKG,1999,,,,HKG,,,,,,,,,,,,4,4,0,0,,,,,,,,,,,,
Hong Kong SAR,HKG,2000,,,,HKG,,,,,,,,,,,,4,4,0,0,,,,,,,,,,,,
Hong Kong SAR,HKG,2001,,,,HKG,,,,,,,,,,,,4,4,0,0,,,,,,,,,,,,
Hong Kong SAR,HKG,2002,,,,HKG,,,,,,,,,,,,4,4,0,0,,,,,,,,,,,,
Hong Kong SAR,HKG,2003,,,,HKG,,,,,,,,,,,,4,4,0,0,,,,,,,,,,,,
Hong Kong SAR,HKG,2004,,.0192499995231628,.0192499995231628,HKG,,,,,,,0,-.0050799989700317,2006,,,3,4,0,0,,,,,,,,,,,,
Hong Kong SAR,HKG,2005,,.0170899999141693,.0170899999141693,HKG,,,,,,,0,-.0051899993419647,2007,,,3,3,0,0,,,,,,,,,,,,
Hong Kong SAR,HKG,2006,,.0141700005531311,.0141700005531311,HKG,,,,,,,0,-.0042600005865097,2008,,,3,3,0,0,,,,,,,,,,,,
Hong Kong SAR,HKG,2007,,.0119000005722046,.0119000005722046,HKG,,,,,,,0,-.0052800005674362,2009,,,3,3,0,0,,,,,,,,,,,,
Hong Kong SAR,HKG,2008,,.0099099999666214,.0099099999666214,HKG,,,,,,,0,-.0037300002574921,2010,,,3,3,0,0,,,,,,,,,,,,
Hong Kong SAR,HKG,2009,,.0066200000047684,.0066200000047684,HKG,,,,,,,0,-.0008899998664856,2011,,,3,3,0,0,,,,,,,,,,,,
Hong Kong SAR,HKG,2010,,.0061799997091293,.0061799997091293,HKG,,,,,,,0,-.0007499998807907,2012,,,4,4,0,0,,,,,,,,,,,,
Hong Kong SAR,HKG,2011,,.0057300001382828,.0057300001382828,HKG,,,,,,,0,-.0005599999427795,2013,,,3,3,0,0,,,,,,,,,,,,
Hong Kong SAR,HKG,2012,,.0054299998283386,.0054299998283386,HKG,,,,,,,0,-.0047799998521805,2014,,,3,3,0,0,,,,,,,,,,,,
Hong Kong SAR,HKG,2013,,.0051700001955032,.0051700001955032,HKG,,,,,,,0,-.004550000205636,2015,,,3,3,0,0,,,,,,,,,,,,
Hong Kong SAR,HKG,2014,,.0006499999761581,.0006499999761581,HKG,,,,,,,0,-.0000599999725819,2016,,,3,3,0,0,,,,,,,,,,,,
Hong Kong SAR,HKG,2015,,.0006199999898672,.0006199999898672,HKG,,,,,,,0,-.0000699999928474,2017,,,3,3,0,0,,,,,,,,,,,,
Hong Kong SAR,HKG,2016,,.0005900000035763,.0005900000035763,HKG,,,,,,,0,-.0000699999928474,2018,,,3,3,0,0,,,,,,,,,,,,
Hong Kong SAR,HKG,2017,,.0005499999970198,.0005499999970198,HKG,,,,,,,0,.0021199999004602,2019,,,3,3,0,0,,,,,,,,,,,,
Hong Kong SAR,HKG,2018,,.0005200000107288,.0005200000107288,HKG,,,,,,,0,.0094499997794628,2020,,,3,3,0,0,,,,,,,,,,,,
Hong Kong SAR,HKG,2019,,.00266999989748,.00266999989748,HKG,,,,,,,0,.0167099997401238,2021,,,3,3,0,0,,,,,,,,,,,,
Hong Kong SAR,HKG,2020,,.0099699997901917,.0099699997901917,HKG,,,,,,,0,.0327900004386902,2022,,,3,3,0,0,,,,,,,,,,,,
Hong Kong SAR,HKG,2021,,.0193799996376038,.0193799996376038,HKG,,,,,,,0,.0439500021934509,2023,,,3,3,0,0,,,,,,,,,,,,
Hong Kong SAR,HKG,2022,,.0427600002288818,.0427600002288818,HKG,,,,,,,0,,,,,4,3,0,0,,,,,,,,,,,,
Hong Kong SAR,HKG,2023,,.0633300018310547,.0633300018310547,HKG,,,,,,,0,,,,,4,3,0,0,,,,,,,,,,,,
Croatia,HRV,1995,.387678337097168,,,HRV,,,-.0276335806198461,,,,,,,.3941999053955078,1996,3,2,0,0,,,,,,,,,,,,
Croatia,HRV,1996,.3885136032104492,,,HRV,,,-.0274261745091521,,,,,,,.3988455200195313,1997,3,2,0,0,,,,,,,,,,,,
Croatia,HRV,1997,.3887414169311523,,,HRV,,,-.0273696057617523,,,,,,,.4024647521972656,1998,3,2,0,0,,,,,,,,,,,,
Croatia,HRV,1998,.3874006652832031,.2332900047302246,.2332900047302246,HRV,-.0009525225234403,-.000222213983999,-.027702529700945,-.027924743684944,-.027924743684944,0,0,.121049976348877,2000,.4149480819702148,1999,1,1,0,0,,,,,,,,,,,,
Croatia,HRV,1999,.3873919677734375,.3000699996948242,.3000699996948242,HRV,.0117247308334535,.0035182399776163,-.027704689391904,-.0241864494142877,-.0241864494142877,0,0,.0658100128173828,2001,.4316915893554688,2000,1,1,0,0,,,,,,,,,,,,
Croatia,HRV,2000,.3867393112182617,.3543399810791016,.3543399810791016,HRV,.0220102863630598,.0077991244534322,-.0278667514647878,-.0200676270113556,-.0200676270113556,0,0,.0101900100708008,2002,.4470046615600586,2001,0,0,1,1,.0949522787847062,0,.0409901001414934,0,.0570014057682001,0,.0024040672961374,0,.0949522787847062,0,.0040046673418603,0
Croatia,HRV,2001,.3858180999755859,.365880012512207,.365880012512207,HRV,.0241770023520999,.008845881923094,-.0280954987321951,-.0192496168091011,-.0192496168091011,0,0,.0125600051879883,2003,.4565271759033203,2002,0,0,1,1,.0941342685824517,0,.0420784568689025,0,.0561833955659456,0,.0024178085906266,0,.0941342685824517,0,.0040509947994129,0
Croatia,HRV,2002,.3874555587768554,.3645299911499024,.3645299911499024,HRV,.0239634421703571,.0087353933622815,-.0276888990198485,-.018953505657567,-.018953505657567,0,0,.0350600051879882,2004,.4705900573730469,2003,0,0,1,1,.0938381574309176,0,.042839669003908,0,.0558872844144115,0,.001725297972308,0,.0938381574309176,0,.0028968804699864,0
Croatia,HRV,2003,.3852948379516601,.3784400177001953,.3784400177001953,HRV,.0265477335663512,.01004672476075,-.0282254306658994,-.0181787059051494,-.0181787059051494,0,0,.0305699920654297,2005,.4786628341674805,2004,0,0,1,1,.0930633576785,0,.0437946908292537,0,.0551124846619939,0,.0016467160571944,0,.0930633576785,0,.0027806571662571,0
Croatia,HRV,2004,.3849354171752929,.3995899963378906,.3995899963378906,HRV,.0305534561820711,.0122088554439037,-.0283146789475472,-.0161058235036435,-.0161058235036435,0,0,-.0157699966430664,2006,.466561050415039,2005,0,0,1,1,.0909904752769941,0,.043553758778332,0,.053039602260488,0,.0017266236139701,0,.0909904752769941,0,.0029620565872278,0
Croatia,HRV,2005,.3845632934570313,.409010009765625,.409010009765625,HRV,.0323320366981241,.0132241266456423,-.0284070815146745,-.0151829548690322,-.0151829548690322,0,0,-.0381600189208984,2007,.4476560592651367,2006,0,0,1,1,.0900676066423828,0,.0420220371634387,0,.0521167336258767,0,.0016767909036265,0,.0900676066423828,0,.0028978129100242,0
Croatia,HRV,2006,.3831431579589843,.3838199996948242,.3838199996948242,HRV,.0275129215467303,.0105600095396698,-.0287597173700324,-.0181997078303627,-.0181997078303627,0,0,.0053799819946289,2008,.4582912063598633,2007,0,0,1,1,.0930843596037133,0,.0416697775994172,0,.0551334865872072,0,.0016160551598914,0,.0930843596037133,0,.0027284590355958,0
Croatia,HRV,2007,.3836336135864258,.3708499908447266,.3708499908447266,HRV,.0250634994087906,.0092947985262868,-.0286379316390682,-.0193431331127814,-.0193431331127814,0,0,.108370018005371,2009,.4583417510986328,2008,0,0,1,1,.094227784886132,0,.0431837652080831,0,.0562769118696259,0,.0015901541984475,0,.094227784886132,0,.0026624898696328,0
Croatia,HRV,2008,.3843395233154297,.3891999816894531,.3891999816894531,HRV,.0285654720681287,.0111176812058663,-.0284626461952249,-.0173449649893586,-.0173449649893586,0,0,.1788899993896484,2010,.4530875396728515,2009,0,0,1,1,.0922296167627092,0,.042272684050176,0,.0542787437462031,0,.001753993096895,0,.0922296167627092,0,.002980358423317,0
Croatia,HRV,2009,.3826176452636719,.4792200088500976,.4792200088500976,HRV,.0456098982863716,.021857175860447,-.028890208171134,-.007033032310687,-.007033032310687,0,0,.1522800064086914,2011,.4665782928466797,2010,0,0,1,1,.0819176840840376,0,.0371158819373345,0,.0439668110675315,0,.0018766129890581,0,.0819176840840376,0,.0034964507603143,0
Croatia,HRV,2010,.3822463989257813,.5680899810791016,.5680899810791016,HRV,.0624712414984511,.0354892864008431,-.0289823928746997,.0065068935261434,.0065068935261434,0,0,.1204299926757813,2012,.4639862823486328,2011,0,0,1,1,.0683777582472072,0,.0319035777116649,0,.0304268852307011,0,.001451990064743,0,.0683777582472072,0,.0032630295500692,0
Croatia,HRV,2011,.3794745254516602,.6315000152587891,.6315000152587891,HRV,.0744366420166868,.0470067405693508,-.0296706806999353,.0173360598694154,.0173360598694154,0,0,.1633999633789063,2013,.4626228713989258,2012,0,0,1,1,.0575485919039352,0,.0267017572119055,0,.0195977188874291,0,.0011022912276517,0,.0575485919039352,0,.0032368720249429,0
Croatia,HRV,2012,.3760169982910156,.6885199737548828,.6885199737548828,HRV,.0851710626446716,.0586419778167848,-.0305292241624387,.0281127536543461,.0281127536543461,0,0,.143790054321289,2014,.4720571517944336,2013,0,0,1,1,.0467718981190045,0,.0216377498085919,0,.0088210251024984,0,.0005629813740277,0,.0467718981190045,0,.0029851074181235,0
Croatia,HRV,2013,.3771192932128906,.7948999786376953,.7948999786376953,HRV,.1053949515466442,.0837784447329484,-.0302555117503719,.0535229329825765,.0535229329825765,0,0,.0328900146484374,2015,.478909912109375,2014,0,0,1,1,.0213617187907741,0,.0100839521298065,0,0,.016589154225732,0,.0010485958670734,.0213617187907741,0,.0013502683580363,0
Croatia,HRV,2014,.3771276092529297,.8323100280761718,.8323100280761718,HRV,.1124970733154794,.0936324422496938,-.0302534467827006,.0633789954669932,.0633789954669932,0,0,-.0397000122070312,2016,.4835516357421875,2015,0,0,1,1,.0115056563063574,0,.0055101728504383,0,0,.0264452167101487,0,.0017535021311526,.0115056563063574,0,.000762905181479,0
Croatia,HRV,2015,.3778824234008789,.8277899932861328,.8277899932861328,HRV,.1116586880230858,.0924299446089686,-.0300660178133773,.0623639267955913,.0623639267955913,0,0,-.0660499572753906,2017,.4874068450927734,2016,0,0,1,1,.0125207249777593,0,.0060544170436736,0,0,.0254301480387468,0,.0017816566752723,.0125207249777593,0,.000877212087082,0
Croatia,HRV,2016,.372841911315918,.7926100158691406,.7926100158691406,HRV,.1048486139054588,.0831040615314631,-.0313176345027472,.0517864270287159,.0517864270287159,0,0,-.0641400146484374,2018,.4839044952392578,2017,0,0,1,1,.0230982247446348,0,.0112582328500263,0,0,.0148526482718714,0,.0009352403018539,.0230982247446348,0,.001454447064728,0
Croatia,HRV,2017,.3743611907958984,.7617400360107421,.7617400360107421,HRV,.0990279160815841,.0754335283620546,-.0309403800649225,.0444931482971321,.0444931482971321,0,0,-.0529300689697265,2019,.4868414688110352,2018,0,0,1,1,.0303915034762185,0,.0147065851492217,0,0,.0075593695402876,0,.0004039473575961,.0303915034762185,0,.0016240200266917,0
Croatia,HRV,2018,.373900375366211,.7284700012207032,.7284700012207032,HRV,.0926999252536022,.0675291146626507,-.0310548057964343,.0364743088662164,.0364743088662164,0,0,.1362899780273438,2020,.4934126281738281,2019,0,0,1,1,.0384103429071342,0,.0186997477584448,0,.0004594698906281,0,.0000208415553957,0,.0384103429071342,0,.0017422932509733,0
Croatia,HRV,2019,.3752993774414062,.7088099670410156,.7088099670410156,HRV,.0890041793504839,.0630870494319291,-.0307074176112137,.0323796318207155,.0323796318207155,0,0,.0732400512695313,2021,.4855481719970703,2020,0,0,1,1,.0425050199526351,0,.0209725136054107,0,.004554146936129,0,.0001971154262484,0,.0425050199526351,0,.001839728766587,0
Croatia,HRV,2020,.3741308212280273,.8647599792480469,.8647599792480469,HRV,.1185791585802533,.1025425107131107,-.0309975834583497,.0715449272547611,.0715449272547611,0,0,-.1792900085449219,2022,.4842948150634765,2021,0,0,1,1,.0033397245185895,0,.0016215971349749,0,0,.0346111484979166,0,.0013297383777679,.0033397245185895,0,.0001283100982277,0
Croatia,HRV,2021,.3779929351806641,.7820500183105469,.7820500183105469,HRV,.1029783180686535,.0805341955311798,-.0300385764769378,.050495619054242,.050495619054242,0,0,-.1725600051879883,2023,.4905846786499024,2022,0,0,1,1,.0243890327191086,0,.0118114820902778,0,0,.0135618402973975,0,.0004153070116458,.0243890327191086,0,.0007468703415898,0
Croatia,HRV,2022,.3800320816040039,.685469970703125,.685469970703125,HRV,.0846968195751749,.058057126432843,-.029532233142669,.028524893290174,.028524893290174,0,0,,,.4928057479858399,2023,1,0,0,1,,,,,.0084088854666705,0,.0002272017418526,0,.0463597584831766,0,.0012526057015514,0
Croatia,HRV,2023,.3798278045654297,.6094900131225586,.6094900131225586,HRV,.0702674927190132,.0428273350594006,-.0295829574632192,.0132443775961815,.0132443775961815,0,0,,,,,1,1,0,0,,,,,,,,,,,,
Hungary,HUN,1995,.3694104766845703,.8386799621582032,.8386799621582032,HUN,.1135049706288094,.0951943444717379,-.0321696988923736,.0630246455793642,.0630246455793642,0,0,-.2167199707031251,1997,.4853301239013672,1996,1,1,0,0,,,,,,,,,,,,
Hungary,HUN,1996,.3698920822143555,.7116799926757813,.7116799926757813,HUN,.0894079277840834,.0636298333905333,-.0320501107416834,.0315797226488498,.0315797226488498,0,0,-.1074599838256837,1998,.4869182968139649,1997,1,1,0,0,,,,,,,,,,,,
Hungary,HUN,1997,.3702778244018555,.6219599914550781,.6219599914550781,HUN,.0723855937490441,.0450209432696262,-.0319543265531861,.0130666167164401,.0130666167164401,0,0,-.0189899826049804,1999,.4906520462036133,1998,1,1,0,0,,,,,,,,,,,,
Hungary,HUN,1998,.370211296081543,.6042200088500976,.6042200088500976,HUN,.0690161085037722,.0417009136909485,-.0319708462945567,.0097300673963919,.0097300673963919,0,0,-.0478400039672852,2000,.4926340866088867,1999,1,1,0,0,,,,,,,,,,,,
Hungary,HUN,1999,.3694508743286133,.6029700088500977,.6029700088500977,HUN,.0687589670014056,.0414595949413611,-.0321596676962088,.0092999272451523,.0092999272451523,0,0,-.0809199905395508,2001,.4997203063964843,2000,1,1,0,0,,,,,,,,,,,,
Hungary,HUN,2000,.3697051239013672,.5563800048828125,.5563800048828125,HUN,.0599209786110038,.0333388343721732,-.0320965346249732,.0012422997472,.0012422997472,0,0,-.0008100128173828,2002,.5115696334838867,2001,0,0,1,1,.0736423520261506,0,.0368005787182657,0,.0356914790096445,0,.0038327286647067,0,.0736423520261506,0,.0079080823036439,0
Hungary,HUN,2001,.3680893707275391,.5220500183105469,.5220500183105469,HUN,.0533616305970454,.0278574402302682,-.032497744582251,-.0046403043519828,-.0046403043519828,0,0,.0596899795532226,2003,.5166256713867188,2002,0,0,1,1,.0795249561253334,0,.040682552657859,0,.0415740831088273,0,.0038203940066684,0,.0795249561253334,0,.0073078380337697,0
Hungary,HUN,2002,.3677865600585937,.5555699920654297,.5555699920654297,HUN,.0597171439605705,.0331770531963443,-.0325729359280077,.0006041172683365,.0006041172683365,0,0,.0335000228881837,2004,.506342887878418,2003,0,0,1,1,.0742805345050141,0,.0383752310096172,0,.036329661488508,0,.0030688141547998,0,.0742805345050141,0,.0062745741737008,0
Hungary,HUN,2003,.3689807891845703,.5817399978637695,.5817399978637695,HUN,.064716406293351,.0376481220588448,-.0322763952036112,.0053717268552337,.0053717268552337,0,0,.0240499877929687,2005,.5098855590820313,2004,0,0,1,1,.0695129249181169,0,.035197375147915,0,.0315620519016108,0,.0027656731985472,0,.0695129249181169,0,.0060911766445974,0
Hungary,HUN,2004,.3683239364624024,.5890700149536133,.5890700149536133,HUN,.0660907933633122,.0389321046348225,-.0324394992326594,.0064926054021631,.0064926054021631,0,0,.0558199691772461,2006,.5090519714355469,2005,0,0,1,1,.0683920463711876,0,.0348721168007372,0,.0304411733546814,0,.0028381156386501,0,.0683920463711876,0,.006376381557431,0
Hungary,HUN,2005,.3684250259399414,.6057899856567383,.6057899856567383,HUN,.0692675418923666,.0419615832094543,-.0324143975614254,.0095471856480288,.0095471856480288,0,0,.0500100326538087,2007,.5285115814208985,2006,0,0,1,1,.0653374661253218,0,.0332601659396983,0,.0273865931088157,0,.0024665782764276,0,.0653374661253218,0,.0058846302620118,0
Hungary,HUN,2006,.3666153717041016,.6448899841308594,.6448899841308594,HUN,.0766430453462991,.0494263322971156,-.0328637553658287,.0165625769312869,.0165625769312869,0,0,.0731200408935546,2008,.5263805389404297,2007,0,0,1,1,.0583220748420637,0,.0308238920065271,0,.0203712018255576,0,.0017408680261244,0,.0583220748420637,0,.0049840473909794,0
Hungary,HUN,2007,.3659932708740234,.6558000183105469,.6558000183105469,HUN,.0786979678430306,.0516101287524623,-.0330182301033697,.0185918986490926,.0185918986490926,0,0,.1260800170898437,2009,.5280493927001954,2008,0,0,1,1,.056292753124258,0,.0296314097279875,0,.0183418801077519,0,.0015284217311702,0,.056292753124258,0,.0046908532100889,0
Hungary,HUN,2008,.3659491348266601,.718010025024414,.718010025024414,HUN,.0905067322340285,.0649847410762328,-.0330291895877538,.031955551488479,.031955551488479,0,0,.0837300109863282,2010,.5343012237548828,2009,0,0,1,1,.0429291002848716,0,.0226686853345922,0,.0049782272683655,0,.0003984573436033,0,.0429291002848716,0,.0034360454717462,0
Hungary,HUN,2009,.3676801300048828,.7818800354003906,.7818800354003906,HUN,.1026769504327607,.0802810576391711,-.0325993637252692,.0476816939139019,.0476816939139019,0,0,.0227999877929688,2011,.5220717239379883,2010,0,0,1,1,.0272029578594487,0,.0145345736740559,0,0,.0107479151570574,0,.0009286558840071,.0272029578594487,0,.0023504267115458,0
Hungary,HUN,2010,.3627191543579101,.8017400360107422,.8017400360107422,HUN,.1063177131639276,.0852391671806271,-.0338312306091588,.0514079365714683,.0514079365714683,0,0,-.0181000518798828,2012,.5295536804199219,2011,0,0,1,1,.0234767152018823,0,.0122565291778478,0,0,.0144741578146238,0,.0012203083419431,.0234767152018823,0,.0019793090395445,0
Hungary,HUN,2011,.3596535873413086,.8046800231933594,.8046800231933594,HUN,.1067958471708854,.0859364847784226,-.0345924458935757,.0513440388848469,.0513440388848469,0,0,-.0324800109863281,2013,.5277416229248046,2012,0,0,1,1,.0235406128885037,0,.0124660181944478,0,0,.0144102601280024,0,.0012228379171697,.0235406128885037,0,.0019976290349914,0
Hungary,HUN,2012,.3579891967773438,.7836399841308593,.7836399841308593,HUN,.1027581869137879,.0805254239624366,-.0350057330700321,.0455196908924045,.0455196908924045,0,0,-.0187300109863281,2014,.5260812377929688,2013,0,0,1,1,.0293649608809461,0,.0154971121124339,0,0,.00858591213556,0,.0007678770841871,.0293649608809461,0,.0026262417064741,0
Hungary,HUN,2013,.3582917785644531,.7722000122070313,.7722000122070313,HUN,.1005943239043671,.0776789381469103,-.034930598558248,.0427483395886623,.0427483395886623,0,0,-.0149600219726562,2015,.5178754425048828,2014,0,0,1,1,.0321363121846883,0,.0169063108922221,0,0,.0058145608318178,0,.0005209482208025,.0321363121846883,0,.0028792122294357,0
Hungary,HUN,2014,.3544210433959961,.7649099731445312,.7649099731445312,HUN,.0991093851958405,.0758097571685214,-.0358917462859614,.03991801088256,.03991801088256,0,0,-.018449935913086,2016,.5119051742553711,2015,0,0,1,1,.0349666408907906,0,.0181083646242275,0,0,.0029842321257155,0,.000236184070363,.0349666408907906,0,.0027673998618749,0
Hungary,HUN,2015,.3512308120727539,.757239990234375,.757239990234375,HUN,.0975700749324298,.0738839625890004,-.0366839171407906,.0372000454482098,.0372000454482098,0,0,-.0372200012207031,2017,.5001173782348632,2016,0,0,1,1,.0376846063251408,0,.0192909449676163,0,0,.0002662666913653,0,.0000182665632235,.0376846063251408,0,.0025852585633713,0
Hungary,HUN,2016,.3492664337158203,.7464600372314453,.7464600372314453,HUN,.0954723564385393,.0712662987416859,-.037171694710675,.0340946040310109,.0340946040310109,0,0,-.0583000183105469,2018,.4989916229248047,2017,0,0,1,1,.0407900477423397,0,.0203998117349739,0,.0028391747258336,0,.0001890589639771,0,.0407900477423397,0,.0027161851282251,0
Hungary,HUN,2017,.354543571472168,.7200199890136719,.7200199890136719,HUN,.0905906906197793,.0652271080647944,-.03586132116596,.0293657868988344,.0293657868988344,0,0,-.0701399993896484,2019,.4927258682250977,2018,0,0,1,1,.0455188648745162,0,.0227135322574297,0,.0075679918580101,0,.0004411465090371,0,.0455188648745162,0,.0026533443364465,0
Hungary,HUN,2018,.3543564987182617,.6881600189208984,.6881600189208984,HUN,.0845375286879752,.058175347341443,-.0359077734662361,.0222675738752069,.0222675738752069,0,0,.0987099456787109,2020,.4958934402465821,2019,0,0,1,1,.0526170778981437,0,.0259257953908304,0,.0146662048816376,0,.0007547700252402,0,.0526170778981437,0,.0027078438855691,0
Hungary,HUN,2019,.3567925643920898,.6498799896240235,.6498799896240235,HUN,.0773340330926118,.0502578406238104,-.0353028705511411,.0149549700726694,.0149549700726694,0,0,.1122699737548828,2021,.4958007431030274,2020,0,0,1,1,.0599296817006812,0,.0297187360314334,0,.0219788086841751,0,.0010803330582692,0,.0599296817006812,0,.0029457472988248,0
Hungary,HUN,2020,.3535626602172852,.7868699645996093,.7868699645996093,HUN,.1032558605100693,.0812489353042605,-.0361048926278885,.0451440426763719,.0451440426763719,0,0,-.0460599517822265,2022,.4971049118041992,2021,0,0,1,1,.0297406090969787,0,.0147454160906187,0,0,.0082102639195274,0,.0004089670612519,.0297406090969787,0,.0014814297836765,0
Hungary,HUN,2021,.3499228286743164,.7621499633789063,.7621499633789063,HUN,.0984680517492126,.0750474220346546,-.037008704349572,.0380387176850827,.0380387176850827,0,0,-.0298099517822266,2023,.4918498992919922,2022,0,0,1,1,.0368459340882679,0,.0183162948152918,0,0,.0011049389282382,0,.0000560329715496,.0368459340882679,0,.0018685079543509,0
Hungary,HUN,2022,.353454475402832,.7408100128173828,.7408100128173828,HUN,.0945090397408131,.0700132429417503,-.0361317561522733,.033881486789477,.033881486789477,0,0,,,.4936179733276367,2023,1,0,0,1,,,,,.0030522919673675,0,.0001626687335827,0,.0410031649838736,0,.002185221136156,0
Hungary,HUN,2023,.3532215118408203,.7323400115966797,.7323400115966797,HUN,.0928950201566155,.0680307401387696,-.0361896036640566,.0318411364747129,.0318411364747129,0,0,,,,,1,1,0,0,,,,,,,,,,,,
Indonesia,IDN,1995,.4921515655517578,,,IDN,,,-.0016916854072024,,,,,,,.3446493530273437,1996,3,2,0,0,,,,,,,,,,,,
Indonesia,IDN,1996,.4947244644165039,,,IDN,,,-.0010528052488183,,,,,,,.3352079391479492,1997,3,2,0,0,,,,,,,,,,,,
Indonesia,IDN,1997,.4876379013061524,,,IDN,,,-.0028124797639639,,,,,,,.3247400665283203,1998,3,2,0,0,,,,,,,,,,,,
Indonesia,IDN,1998,.4891926956176758,,,IDN,,,-.0024264065880566,,,,,,,.3286137771606445,1999,3,2,0,0,,,,,,,,,,,,
Indonesia,IDN,1999,.4896134948730469,,,IDN,,,-.0023219173294218,,,,,,,.3303868865966797,2000,3,2,0,0,,,,,,,,,,,,
Indonesia,IDN,2000,.4819274520874023,.8743699645996094,.8743699645996094,IDN,.1232163149962908,.1077366449814011,-.0042304494911493,.1035061954902518,.1035061954902518,0,0,-.2509799575805663,2002,.3253396224975586,2001,1,1,0,0,,,,,,,,,,,,
Indonesia,IDN,2001,.4801353454589844,.7370200347900391,.7370200347900391,IDN,.097095111617639,.0715610425423751,-.0046754500243195,.0668855925180556,.0668855925180556,0,0,-.1805900192260742,2003,.3207527542114258,2002,1,1,0,0,,,,,,,,,,,,
Indonesia,IDN,2002,.4786673355102539,.623390007019043,.623390007019043,IDN,.0754853392350918,.0470568061555987,-.0050399736522807,.0420168325033181,.0420168325033181,0,0,-.1101100158691407,2004,.3135696220397949,2003,1,1,0,0,,,,,,,,,,,,
Indonesia,IDN,2003,.4795352554321289,.5564300155639649,.5564300155639649,IDN,.0627963356379774,.0349417660163997,-.0048244592281616,.0301173067882381,.0301173067882381,0,0,-.1303100204467774,2005,.3189251899719238,2004,0,0,1,1,.0447673449851125,0,.0140376794467068,0,.0068164719686064,0,.0011895638600802,0,.0447673449851125,0,.0078124895035575,0
Indonesia,IDN,2004,.4817497253417969,.5132799911499023,.5132799911499023,IDN,.0546625404142877,.0280571882600768,-.0042745810708773,.0237826071891995,.0237826071891995,0,0,-.1547999954223632,2006,.3454778671264648,2005,0,0,1,1,.0511020445841511,0,.0162977292769541,0,.013151171567645,0,.0018724310623152,0,.0511020445841511,0,.0072757818674185,0
Indonesia,IDN,2005,.4797148132324219,.4261199951171875,.4261199951171875,IDN,.0380630328890887,.0162194193888438,-.0047798729766528,.011439546412191,.011439546412191,0,0,-.0449100112915039,2007,.4232883071899414,2006,0,0,1,1,.0634451053611596,0,.0219188796797873,0,.0254942323446535,0,.0030847163853789,0,.0634451053611596,0,.007676644404659,0
Indonesia,IDN,2006,.4780470657348633,.3584799957275391,.3584799957275391,IDN,.0251787722513207,.0090260861690781,-.0051939937180408,.0038320924510373,.0038320924510373,0,0,-.0559599876403809,2008,.4351648712158203,2007,0,0,1,1,.0710525593223133,0,.0300757175570549,0,.0331016863058072,0,.0038192902795282,0,.0710525593223133,0,.0081980823166614,0
Indonesia,IDN,2007,.4774769592285156,.3812099838256836,.3812099838256836,IDN,.0294789455118312,.0112376683417634,-.0053355576714717,.0059021106702917,.0059021106702917,0,0,-.1163799858093262,2009,.4439851379394531,2008,0,0,1,1,.0689825411030589,0,.0300187786152527,0,.0310316680865528,0,.003242427195963,0,.0689825411030589,0,.0072078261051044,0
Indonesia,IDN,2008,.4756337738037109,.3025200080871582,.3025200080871582,IDN,.0144923851733316,.0043842364798385,-.0057932416528616,-.0014090051730232,-.0014090051730232,0,0,-.0388899993896484,2010,.4455274963378906,2009,0,0,1,1,.0762936569463738,0,.0338732498032411,0,.0383427839298676,0,.0032195478822252,0,.0762936569463738,0,.0064061879830685,0
Indonesia,IDN,2009,.4759529876708984,.2648299980163574,.2648299980163574,IDN,.0073456622532429,.0019453517199551,-.0057139772057349,-.0037686254857797,-.0037686254857797,0,0,-.0337699890136719,2011,.4670098495483399,2010,0,0,1,1,.0786532772591303,0,.0350421976960303,0,.0407024042426242,0,.0041279253501971,0,.0786532772591303,0,.0079767980077708,0
Indonesia,IDN,2010,.4732212066650391,.2636300086975097,.2636300086975097,IDN,.0070465749022609,.0018576886027707,-.0063923096134358,-.0045346210106651,-.0045346210106651,0,0,-.0340800094604492,2012,.4722347640991211,2011,0,0,1,1,.0794192727840157,0,.0370895826341017,0,.0414683997675096,0,.0034115207156261,0,.0794192727840157,0,.0065336616759182,0
Indonesia,IDN,2011,.4736959457397461,.2310600090026856,.2310600090026856,IDN,.0008758903617894,.0002023832348804,-.0062744264819238,-.0060720432470434,-.0060720432470434,0,0,.0177799987792969,2013,.4819465637207031,2012,0,0,1,1,.080956695020394,0,.0382305657752002,0,.0430058220038879,0,.0030111660858406,0,.080956695020394,0,.0056683965823304,0
Indonesia,IDN,2012,.4726967620849609,.2295499992370605,.2295499992370605,IDN,.0005631585811694,.0001292730518778,-.0065225351893319,-.0063932621374542,-.0063932621374542,0,0,.0169000053405762,2014,.489600830078125,2013,0,0,1,1,.0812779139108048,0,.0391716113156995,0,.0433270408942987,0,.0029288266634467,0,.0812779139108048,0,.0054942344664626,0
Indonesia,IDN,2013,.4717289352416992,.2488400077819824,.2488400077819824,IDN,.0041999099179195,.0010451056166587,-.0067628576424931,-.0057177520258344,-.0057177520258344,0,0,.0212899971008301,2015,.3474621963500977,2014,0,0,1,1,.080602403799185,0,.0394630038063732,0,.0426515307826789,0,.0029970388483117,0,.080602403799185,0,.0056637717573215,0
Indonesia,IDN,2014,.4700746917724609,.2464500045776367,.2464500045776367,IDN,.0037030277642897,.0009126112094603,-.0071736251794975,-.0062610139700371,-.0062610139700371,0,0,.0330999946594238,2016,.3446750259399414,2015,0,0,1,1,.0811456657433877,0,.0281950512434884,0,.0431947927268816,0,.00329438542098,0,.0811456657433877,0,.0061888269702095,0
Indonesia,IDN,2015,.4676631546020508,.2701300048828125,.2701300048828125,IDN,.0081355013125134,.0021976430092734,-.0077724373871949,-.0055747943779216,-.0055747943779216,0,0,.0238299942016602,2017,.3506935119628906,2016,0,0,1,1,.0804594461512722,0,.0277323616893031,0,.0425085731347661,0,.0038685713898422,0,.0804594461512722,0,.0073223608432247,0
Indonesia,IDN,2016,.468394889831543,.2795499992370605,.2795499992370605,IDN,.0099428818565252,.0027795326154058,-.007590739176776,-.0048112065613702,-.0048112065613702,0,0,.0246800041198731,2018,.3703780746459961,2017,0,0,1,1,.0796958583347208,0,.0279488204483002,0,.0417449853182147,0,.0042849656323094,0,.0796958583347208,0,.0081804799162949,0
Indonesia,IDN,2017,.4652663421630859,.2939599990844727,.2939599990844727,IDN,.0125968338470041,.0037029652661326,-.0083675932759881,-.0046646280098555,-.0046646280098555,0,0,.0116699981689453,2019,.3792924499511719,2018,0,0,1,1,.0795492797832061,0,.0294633090855796,0,.0415984067667,0,.0046761539400243,0,.0795492797832061,0,.0089422818563839,0
Indonesia,IDN,2018,.4613368606567383,.3042300033569336,.3042300033569336,IDN,.0144439519379187,.0043942835465604,-.0093433283900035,-.0049490448434431,-.0049490448434431,0,0,.0932400131225586,2020,.3777894592285156,2019,0,0,1,1,.0798336966167937,0,.0302803183784423,0,.0418828236002876,0,.0048785167858642,0,.0798336966167937,0,.0092990394520569,0
Indonesia,IDN,2019,.4354150772094726,.305629997253418,.305629997253418,IDN,.0140333335361151,.0042890076900991,-.0157800031234362,-.0114909954333371,-.0114909954333371,0,0,.1057699966430664,2021,.3861754226684571,2020,0,0,1,1,.0863756472066877,0,.0326318090487276,0,.0484247741901816,0,.0059088540527321,0,.0863756472066877,0,.0105396690349065,0
Indonesia,IDN,2020,.4338899612426758,.3974700164794922,.3974700164794922,IDN,.0314284003533838,.0124918468063835,-.0161587068275624,-.0036668600211789,-.0036668600211789,0,0,.0039399719238281,2022,.3914960861206055,2021,0,0,1,1,.0785515117945295,0,.0303346632684987,0,.0406006387780234,0,.0066856944131452,0,.0785515117945295,0,.0129350527320536,0
Indonesia,IDN,2021,.4304996490478515,.4113999938964844,.4113999938964844,IDN,.0339843947519568,.0139811797935308,-.0170005600467774,-.0030193802532466,-.0030193802532466,0,0,-.0153899765014648,2023,.3929931259155273,2022,0,0,1,1,.0779040320265972,0,.0304991236314271,0,.0399531590100911,0,.0058914818937916,0,.0779040320265972,0,.0114877072429275,0
Indonesia,IDN,2022,.4289767837524414,.4014099884033203,.4014099884033203,IDN,.032048160155096,.0128644515962049,-.0173787048835063,-.0045142532873014,-.0045142532873014,0,0,,,.3981292724609375,2023,1,0,0,1,,,,,.0414480320441459,0,.0054672589039506,0,.079398905060652,0,.0104732203013746,0
Indonesia,IDN,2023,.4304823684692383,.3960100173950195,.3960100173950195,IDN,.0310623185217437,.0123009892981253,-.0170048510117091,-.0047038617135837,-.0047038617135837,0,0,,,,,1,1,0,0,,,,,,,,,,,,
India,IND,1995,.5488783645629883,.7087599945068359,.7087599945068359,IND,.0935239924653512,.0662860643859997,.0123942263375244,.0786802907235241,.0786802907235241,0,0,-.0186799621582031,1997,.3554083251953125,1996,0,0,1,1,0,.0037956389501735,0,.0013473637936934,0,.0417465119666796,0,.0077306651220679,0,.0037956389501735,0,.0007028806064442
India,IND,1996,.54739501953125,.6713300323486329,.6713300323486329,IND,.0863796016660787,.0579892207807506,.0120258948333987,.0700151156141493,.0700151156141493,0,0,.0215099334716796,1998,.3563098526000977,1997,0,0,1,1,.0048695361592013,0,.0017306736908197,0,0,.0330813368573048,0,.0064180675803487,.0048695361592013,0,.0009447324420266,0
India,IND,1997,.5461264801025391,.6900800323486328,.6900800323486328,IND,.0899059913825323,.0620423294415938,.011710902012563,.0737532314541567,.0737532314541567,0,0,.0225899505615235,1999,.3576129913330078,1998,0,0,1,1,.0011314203191939,0,.0004031362071607,0,0,.0368194526973122,0,.0073942927406709,.0011314203191939,0,.0002272182892461,0
India,IND,1998,.5457500839233398,.6928399658203125,.6928399658203125,IND,.0904201142205421,.0626466688460291,.0116174385446136,.0742641073906428,.0742641073906428,0,0,.0565700531005859,2000,.3606731033325195,1999,0,0,1,1,.0006205443827078,0,.000221914732955,0,0,.0373303286337983,0,.0080723510539464,.0006205443827078,0,.0001341871953743,0
India,IND,1999,.5459473037719726,.7126699829101563,.7126699829101563,IND,.0941897807621297,.0671262294460583,.0116664104843418,.0787926399304001,.0787926399304001,0,0,.0884300231933594,2001,.3637935256958008,2000,0,0,1,1,0,.0039079881570495,0,.0014095062163898,0,.0418588611735556,0,.0093412945102066,0,.0039079881570495,0,.0008721132704982
India,IND,2000,.5440484619140625,.7494100189208984,.7494100189208984,IND,.1011149429156246,.0757765512835838,.0111949063752801,.0869714576588639,.0869714576588639,0,0,.0936299896240235,2002,.3565397262573242,2001,0,0,1,1,0,.0120868058855133,0,.0043971017274916,0,.0500376789020194,0,.0120699589775018,0,.0120868058855133,0,.0029155479312468
India,IND,2001,.541985092163086,.8011000061035156,.8011000061035156,IND,.1108739030776697,.0888210844322418,.0106825481122439,.0995036325444857,.0995036325444857,0,0,.0577300262451172,2003,.3493124771118164,2002,0,0,1,1,0,.0246189807711351,0,.0087776446648748,0,.0625698537876412,0,.0166412661012111,0,.0246189807711351,0,.0065477380136372
India,IND,2002,.5406966781616211,.8430400085449219,.8430400085449219,IND,.1188021524732777,.1001549676362271,.0103626202081203,.1105175878443474,.1105175878443474,0,0,.0058599853515625,2004,.3498622131347656,2003,0,0,1,1,0,.0356329360709968,0,.0124470291657269,0,.0735838090875029,0,.0197509499031978,0,.0356329360709968,0,.009564391188355
India,IND,2003,.5373229217529297,.8588300323486329,.8588300323486329,IND,.1217116891326081,.1045296539149646,.0095248779795905,.114054531894555,.114054531894555,0,0,-.035050048828125,2005,.3528639602661133,2004,0,0,1,1,0,.0391698801212044,0,.013704060947428,0,.0771207531377106,0,.0205360982665459,0,.0391698801212044,0,.0104303507749919
India,IND,2004,.5352529144287109,.8488999938964844,.8488999938964844,IND,.1197725617455634,.101674926934775,.0090108715313487,.1106857984661238,.1106857984661238,0,0,-.0699700164794922,2006,.3818387985229492,2005,0,0,1,1,0,.0358011466927732,0,.01263293440408,0,.0737520197092793,0,.019204137567972,0,.0358011466927732,0,.0093221873636724
India,IND,2005,.5314875793457031,.8237799835205079,.8237799835205079,IND,.1149055406113497,.0946568843512327,.0080758958480201,.1027327801992528,.1027327801992528,0,0,-.0696399688720704,2007,.4539554595947266,2006,0,0,1,1,0,.0278481284259022,0,.0106334958992593,0,.0657990014424083,0,.0169928699831228,0,.0278481284259022,0,.0071918967650118
India,IND,2006,.531068344116211,.7789299774169922,.7789299774169922,IND,.1063802988911335,.0828628038128835,.0079717949548649,.0908345987677484,.0908345987677484,0,0,-.0355199432373047,2008,.45267333984375,2007,0,0,1,1,0,.0159499469943978,0,.0072405655183534,0,.0539008200109039,0,.0128496574306451,0,.0159499469943978,0,.0038023791636843
India,IND,2007,.528745002746582,.7541400146484375,.7541400146484375,IND,.1016135606276359,.0766308521002052,.0073948827712779,.0840257348714831,.0840257348714831,0,0,-.0267900085449219,2009,.4564712142944336,2008,0,0,1,1,0,.0091410830981325,0,.0041379246158209,0,.0470919561146386,0,.0102175096198399,0,.0091410830981325,0,.0019833345691472
India,IND,2008,.5269731140136719,.7434100341796875,.7434100341796875,IND,.0995303516406229,.0739918621150718,.0069549025723545,.0809467646874263,.0809467646874263,0,0,-.0666600036621094,2010,.4533467102050781,2009,0,0,1,1,0,.0060621129140757,0,.0027671800430781,0,.0440129859305818,0,.0104137670618781,0,.0060621129140757,0,.0014343364908156
India,IND,2009,.5244264221191406,.7273500061035156,.7273500061035156,IND,.0964150717242873,.0701275030071313,.0063225299038337,.076450032910965,.076450032910965,0,0,-.0403600311279297,2011,.4789550018310547,2010,0,0,1,1,0,.0015653811376144,0,.0007096603889546,0,.0395162541541205,0,.0097521805221475,0,.0015653811376144,0,.0003863189911787
India,IND,2010,.5221103286743164,.6767500305175781,.6767500305175781,IND,.0867487628687166,.0587072279187661,.0057474174627126,.0644546453814787,.0644546453814787,0,0,.0047100067138672,2012,.4797678756713867,2011,0,0,1,1,.0104300063918719,0,.0049955037305169,0,0,.0275208666246342,0,.0061638708930581,.0104300063918719,0,.002336017019018,0
India,IND,2011,.5195646667480469,.6869899749755859,.6869899749755859,IND,.0886262832480844,.0608853681107807,.0051153005470685,.0660006686578491,.0660006686578491,0,0,-.0068099975585937,2013,.4818261337280274,2012,0,0,1,1,.0088839831155015,0,.0042622497068246,0,0,.0290668899010046,0,.0065483752021438,.0088839831155015,0,.0020014406401217,0
India,IND,2012,.5185179138183593,.6814600372314453,.6814600372314453,IND,.0875491691295509,.0596612600546058,.0048553798456872,.064516639900293,.064516639900293,0,0,-.0050400543212891,2014,.4864834976196289,2013,0,0,1,1,.0103680118730576,0,.0049955790752416,0,0,.0275828611434485,0,.0060675076405409,.0103680118730576,0,.0022806912934026,0
India,IND,2013,.515670166015625,.6801799774169922,.6801799774169922,IND,.0872318552456875,.0593333613310541,.0041482515585329,.063481612889587,.063481612889587,0,0,.0173699951171875,2015,.2864907646179199,2014,0,0,1,1,.0114030388837636,0,.005547390239666,0,0,.0265478341327425,0,.0061778320194214,.0114030388837636,0,.0026535520141712,0
India,IND,2014,.514307975769043,.6764199829101563,.6764199829101563,IND,.0864825153580818,.058498501560541,.0038100041705729,.0623085057311139,.0623085057311139,0,0,.0217300415039062,2016,.2900757217407227,2015,0,0,1,1,.0125761460422367,0,.003602949695587,0,0,.0253747269742694,0,.0059594653180432,.0125761460422367,0,.0029536123186411,0
India,IND,2015,.5180575942993164,.6975499725341797,.6975499725341797,IND,.0905916628791211,.0631922119531566,.0047410772544493,.0679332892076059,.0679332892076059,0,0,.0102100372314453,2017,.3183631324768066,2016,0,0,1,1,.0069513625657447,0,.0020164215133398,0,0,.0309995104507614,0,.0070592485274553,.0069513625657447,0,.0015829732548191,0
India,IND,2016,.5074076843261719,.6981500244140625,.6981500244140625,IND,.0904276819802144,.0631320883821938,.0020965830367992,.065228671418993,.065228671418993,0,0,.0186799621582031,2018,.3337811660766601,2017,0,0,1,1,.0096559803543576,0,.0030741081527478,0,0,.0282948926621485,0,.0064728781883024,.0096559803543576,0,.0022089493453358,0
India,IND,2017,.4978567123413086,.707760009765625,.707760009765625,IND,.0920028175160178,.0651159150236018,-.0002750323337157,.0648408826898861,.0648408826898861,0,0,.0588899993896485,2019,.343001823425293,2018,0,0,1,1,.0100437690834645,0,.0033524209564835,0,0,.0279071039330416,0,.0064882675284193,.0100437690834645,0,.002335128036343,0
India,IND,2018,.4912886047363281,.7168299865722656,.7168299865722656,IND,.0935532717606155,.0670617905399535,-.0019059684285817,.0651558221113718,.0651558221113718,0,0,.1887899780273438,2020,.3589312744140625,2019,0,0,1,1,.0097288296619788,0,.0033370063138528,0,0,.0282220433545273,0,.0066028249310451,.0097288296619788,0,.0022761554943079,0
India,IND,2019,.4891550445556641,.7666500091552735,.7666500091552735,IND,.1029554072727154,.0789307639282122,-.0024357557765501,.0764950081516621,.0764950081516621,0,0,.0904799652099609,2021,.3828433990478516,2020,0,0,1,1,0,.0016103563783115,0,.0005780072671281,0,.0395612293948176,0,.0096936240027355,0,.0016103563783115,0,.0003945830167705
India,IND,2020,.4886933135986328,.9056199645996094,.9056199645996094,IND,.1293253447683141,.1171196141509129,-.0025504088439524,.1145692053069605,.1145692053069605,0,0,-.0596399688720703,2022,.3874897766113281,2021,0,0,1,1,0,.0396845535336099,0,.0151929693645037,0,.077635426550116,0,.0239812955165019,0,.0396845535336099,0,.0122584115012957
India,IND,2021,.4858105850219727,.8571299743652344,.8571299743652344,IND,.1200448089116603,.1028940039851308,-.0032662232565865,.0996277807285443,.0996277807285443,0,0,-.0070299530029297,2023,.3948036575317383,2022,0,0,1,1,0,.0247431289551937,0,.0095877095115133,0,.0626940019716998,0,.015904268250007,0,.0247431289551937,0,.0062768581981025
India,IND,2022,.4848225021362305,.845979995727539,.845979995727539,IND,.1179023199984176,.0997430041685283,-.0035115755163233,.096231428652205,.096231428652205,0,0,,,.3937143707275391,2023,1,0,0,1,,,,,0,.0592976498953605,0,.0149817533354504,0,.0213467768788544,0,.005393335929337
India,IND,2023,.4845973205566406,.8501000213623047,.8501000213623047,IND,.1186785877740571,.1008886700019741,-.0035674906730381,.0973211793289361,.0973211793289361,0,0,,,,,1,1,0,0,,,,,,,,,,,,
Ireland,IRL,1995,.3371673583984375,.7852200317382813,.7852200317382813,IRL,.102514825720595,.08049669470597,-.0401760332258752,.0403206614800948,.0403206614800948,0,0,-.1694400405883789,1997,.5179631423950195,1996,1,1,0,0,,,,,,,,,,,,
Ireland,IRL,1996,.3377870941162109,.6983300018310546,.6983300018310546,IRL,.0860358377340284,.0600814067223404,-.0400221457727177,.0200592609496226,.0200592609496226,0,0,-.1841899871826171,1998,.5222994995117187,1997,1,1,0,0,,,,,,,,,,,,
Ireland,IRL,1997,.3358826446533203,.6157799911499023,.6157799911499023,IRL,.0703148917246792,.0432985034039293,-.0404950423141083,.002803461089821,.002803461089821,0,0,-.1500799942016601,1999,.5282943344116211,1998,1,1,0,0,,,,,,,,,,,,
Ireland,IRL,1998,.33496337890625,.5141400146484375,.5141400146484375,IRL,.0509956232909686,.0262188905058248,-.0407233064927484,-.0145044159869236,-.0145044159869236,0,0,-.1500200271606446,2000,.5324316787719726,1999,1,1,0,0,,,,,,,,,,,,
Ireland,IRL,1999,.3363545989990234,.4656999969482422,.4656999969482422,IRL,.0418360968825286,.0194830701905199,-.0403778506625963,-.0208947804720764,-.0208947804720764,0,0,-.1299200057983398,2001,.5370883941650391,2000,1,1,0,0,,,,,,,,,,,,
Ireland,IRL,2000,.3354246139526367,.364119987487793,.364119987487793,IRL,.0225279328563486,.0082028706297795,-.0406087765656201,-.0324059059358406,-.0324059059358406,0,0,-.0552199935913086,2002,.5379903411865234,2001,0,0,1,1,.1072905577091912,0,.057624513349101,0,.0693396846926851,0,.0031495792913035,0,.1072905577091912,0,.004873401432541,0
Ireland,IRL,2001,.3343279266357422,.3357799911499024,.3357799911499024,IRL,.017119265838848,.0057483069318612,-.0408810965453581,-.0351327896134969,-.0351327896134969,0,0,-.0374599838256836,2003,.5394630432128906,2002,0,0,1,1,.1100174413868475,0,.0591883208281784,0,.0720665683703414,0,.0023339197160188,0,.1100174413868475,0,.0035629818564301,0
Ireland,IRL,2002,.3322480773925781,.3088999938964844,.3088999938964844,IRL,.0119621100759613,.0036950957294535,-.0413975468544218,-.0377024511249683,-.0377024511249683,0,0,-.027869987487793,2004,.5370474624633789,2003,0,0,1,1,.1125871028983189,0,.06073658115605,0,.0746362298818128,0,.0025970456006491,0,.1125871028983189,0,.0039175858793365,0
Ireland,IRL,2003,.3324530792236328,.2983200073242188,.2983200073242188,IRL,.0099589600367317,.0029709570310994,-.0413466425596251,-.0383756855285257,-.0383756855285257,0,0,-.0377200126647949,2005,.5349951934814453,2004,0,0,1,1,.1132603373018763,0,.060826176745719,0,.0753094642853702,0,.0024912281670474,0,.1132603373018763,0,.0037466385556341,0
Ireland,IRL,2004,.3332094192504883,.2810300064086914,.2810300064086914,IRL,.0066963706804947,.0018818810952544,-.0411588346971511,-.0392769536018967,-.0392769536018967,0,0,-.0445000076293945,2006,.5454580688476562,2005,0,0,1,1,.1141616053752473,0,.0610759101558828,0,.0762107323587412,0,.0021487315950071,0,.1141616053752473,0,.003218741518607,0
Ireland,IRL,2005,.3306401443481445,.2605999946594239,.2605999946594239,IRL,.0027509060126326,.0007168860922006,-.0417968149843023,-.0410799288921017,-.0410799288921017,0,0,-.0211199951171875,2007,.5997607421875,2006,0,0,1,1,.1159645806654523,0,.0632538162245059,0,.0780137076489462,0,.0019372622993627,0,.1159645806654523,0,.0028796709828932,0
Ireland,IRL,2006,.3279124450683594,.2365299987792969,.2365299987792969,IRL,-.0018897052543967,-.0004469719815157,-.0424741338528252,-.0429211058343408,-.0429211058343408,0,0,.1886100006103515,2008,.6106244277954102,2007,0,0,1,1,.1178057576076914,0,.0706552686167497,0,.0798548845911853,0,.0016217981741021,0,.1178057576076914,0,.0023925544888704,0
Ireland,IRL,2007,.3229889297485352,.2394799995422363,.2394799995422363,IRL,-.0014581508259034,-.0003491979591199,-.043696698909865,-.0440458968689849,-.0440458968689849,0,0,.378169994354248,2009,.6097007369995118,2008,0,0,1,1,.1189305486423355,0,.0726218982121203,0,.0809796756258294,0,.0014004783734163,0,.1189305486423355,0,.0020568082055765,0
Ireland,IRL,2008,.3236654281616211,.4251399993896484,.4251399993896484,IRL,.0338051014678491,.0143719008174084,-.0435287166315015,-.0291568158140931,-.0291568158140931,0,0,.4371800231933594,2010,.6045339965820312,2009,0,0,1,1,.1040414675874437,0,.0634341594665753,0,.0660905945709376,0,.0013322633440476,0,.1040414675874437,0,.0020972822899769,0
Ireland,IRL,2009,.3236386108398437,.6176499938964843,.6176499938964843,IRL,.0703504012302629,.0434519248904871,-.0435353756786251,-.000083450788138,-.000083450788138,0,0,.4782499694824218,2011,.5989726257324218,2010,0,0,1,1,.0749681025614886,0,.0453207666576683,0,.0370172295449825,0,.0016186134665421,0,.0749681025614886,0,.0032780513792822,0
Ireland,IRL,2010,.3201751327514649,.8623200225830078,.8623200225830078,IRL,.1167080605375151,.1006396973983291,-.0443953968244162,.0562443005739129,.0562443005739129,0,0,.3267900085449219,2012,.594577522277832,2011,0,0,1,1,.0186403511994377,0,.0111650601025017,0,0,.0193105218170684,0,.0012910180393959,.0186403511994377,0,.0012462133280044,0
Ireland,IRL,2011,.3182571792602539,1.095899963378906,1.095899963378906,IRL,.161000711489299,.1764406738251006,-.0448716465701905,.1315690272549101,.1315690272549101,0,0,.080850067138672,2013,.5856418609619141,2012,0,0,1,1,0,.0566843754815595,0,.0337032555256919,0,.0946352484980656,0,.0068773061482476,0,.0566843754815595,0,.0041193509838659
Ireland,IRL,2012,.3222147750854492,1.18911003112793,1.18911003112793,IRL,.1787989312855834,.2126116027466406,-.0438889303498735,.1687226723967671,.1687226723967671,0,0,-.1752400207519531,2014,.6016986846923829,2013,0,0,1,1,0,.0938380206234165,0,.0549554730268801,0,.1317888936399226,0,.0125331592782287,0,.0938380206234165,0,.0089240210335199
Ireland,IRL,2013,.3215867233276367,1.176750030517578,1.176750030517578,IRL,.1764361269226058,.2076212177405797,-.0440448827707022,.1635763349698774,.1635763349698774,0,0,-.4364400482177735,2015,.6238945388793945,2014,0,0,1,1,0,.0886916831965268,0,.0533656691225037,0,.1266425562130329,0,.0131147443498002,0,.0886916831965268,0,.0091846594530142
Ireland,IRL,2014,.3173736763000488,1.013870010375977,1.013870010375977,IRL,.1454051331303451,.1474219038355832,-.0450910304406111,.1023308733949721,.1023308733949721,0,0,-.287040023803711,2016,.6322943878173828,2015,0,0,1,1,0,.0274462216216215,0,.0171235477826032,0,.0653970946381276,0,.0064555750428096,0,.0274462216216215,0,.0027093121537033
Ireland,IRL,2015,.3172701644897461,.7403099822998047,.7403099822998047,IRL,.0934699354294556,.0691967262433441,-.0451167336047218,.0240799926386223,.0240799926386223,0,0,-.0880899810791016,2017,.6098842620849609,2016,0,0,1,1,.0508046591347283,0,.0321235008458638,0,.0128537861182222,0,.0011313616981111,0,.0508046591347283,0,.0044717132292356,0
Ireland,IRL,2016,.3137601089477539,.7268299865722656,.7268299865722656,IRL,.090819309921675,.0660101978108735,-.0459883204639381,.0200218773469354,.0200218773469354,0,0,-.1134499740600585,2018,.6052163696289062,2017,0,0,1,1,.0548627744264152,0,.0334599426969879,0,.0169119014099091,0,.0013792990583515,0,.0548627744264152,0,.0044744923276672,0
Ireland,IRL,2017,.3128697204589844,.6522200012207031,.6522200012207031,IRL,.0766321547825997,.0499810240858523,-.0462094140897012,.0037716099961511,.0037716099961511,0,0,-.0943199920654296,2019,.606895980834961,2018,0,0,1,1,.0711130417771995,0,.0430387769776654,0,.0331621687606934,0,.0024823175678509,0,.0711130417771995,0,.0053230883112835,0
Ireland,IRL,2018,.3175332260131836,.6133800125122071,.6133800125122071,IRL,.0693804786923226,.0425565988883998,-.0450514124255409,-.0024948135371411,-.0024948135371411,0,0,-.0444100189208985,2020,.591507568359375,2019,0,0,1,1,.0773794653104917,0,.0469612864960957,0,.0394285922939856,0,.002435215944444,0,.0773794653104917,0,.004779163970442,0
Ireland,IRL,2019,.3135784721374512,.5579000091552735,.5579000091552735,IRL,.0587449893023293,.032773830069596,-.0460334229573647,-.0132595928877688,-.0132595928877688,0,0,-.0334600067138673,2021,.5920038986206054,2020,0,0,1,1,.0881442446611194,0,.0521379878243725,0,.0501933716446133,0,.0025619834215018,0,.0881442446611194,0,.0044990819728449,0
Ireland,IRL,2020,.3101036262512207,.5689699935913086,.5689699935913086,IRL,.0607558382989096,.0345682489275652,-.0468962668571285,-.0123280179295634,-.0123280179295634,0,0,-.1395399856567383,2022,.5962212371826172,2021,0,0,1,1,.087212669702914,0,.0516302404732362,0,.0492617966864079,0,.0022357883718705,0,.087212669702914,0,.0039582208915932,0
Ireland,IRL,2021,.3146815490722656,.5244400024414062,.5244400024414062,IRL,.0524217418756202,.027492058437233,-.0457595163625582,-.0182674579253251,-.0182674579253251,0,0,-.1069300079345702,2023,.5986680603027343,2022,0,0,1,1,.0931521096986757,0,.0555392660907153,0,.0552012366821696,0,.0018181015279582,0,.0931521096986757,0,.0030680470792857,0
Ireland,IRL,2022,.3153812980651856,.4294300079345703,.4294300079345703,IRL,.0344033517701005,.0147738316236101,-.0455857606998108,-.0308119290762007,-.0308119290762007,0,0,,,.6005150985717773,2023,1,0,0,1,,,,,.0677457078330452,0,.0018363149267788,0,.1056965808495514,0,.0028650111620627,0
Ireland,IRL,2023,.3155772590637207,.417509994506836,.417509994506836,IRL,.0321455758058096,.0134210991781026,-.045537101346932,-.0321160021688294,-.0321160021688294,0,0,,,,,1,1,0,0,,,,,,,,,,,,
Iceland,ISL,1995,.3483221054077149,.5610900115966797,.5610900115966797,ISL,.0602571640570089,.0338096928795302,-.0374061822093154,-.0035964893297853,-.0035964893297853,0,0,-.0505400085449219,1997,.561669921875,1996,1,1,0,0,,,,,,,,,,,,
Iceland,ISL,1996,.3474803161621094,.5369100189208984,.5369100189208984,ISL,.0556448812277542,.0298762942328447,-.0376152080882287,-.007738913855384,-.007738913855384,0,0,-.1042000198364257,1998,.5777142715454101,1997,1,1,0,0,,,,,,,,,,,,
Iceland,ISL,1997,.3460844802856445,.5105500030517578,.5105500030517578,ISL,.0506042868347018,.025836018797889,-.0379618100701617,-.0121257912722727,-.0121257912722727,0,0,.2448200225830078,1999,.6122592926025391,1998,1,1,0,0,,,,,,,,,,,,
Iceland,ISL,1998,.344682502746582,.4327099990844727,.4327099990844727,ISL,.0357905974053922,.01548694937052,-.0383099370970263,-.0228229877265063,-.0228229877265063,0,0,.3157600021362305,2000,.6147689819335938,1999,1,1,0,0,,,,,,,,,,,,
Iceland,ISL,1999,.3430157852172852,.7553700256347656,.7553700256347656,ISL,.0970007222154654,.0732714380264868,-.0387238020855375,.0345476359409493,.0345476359409493,0,0,.0695899963378906,2001,.6477059173583984,2000,1,1,0,0,,,,,,,,,,,,
Iceland,ISL,2000,.3411940002441406,.7484700012207032,.7484700012207032,ISL,.0956432881671648,.0715861320112299,-.0391761720904889,.0324099599207411,.0324099599207411,0,0,.0645999908447266,2002,.64675048828125,2001,0,0,1,1,.0424746918526095,0,.0275111092509098,0,.0045238188361034,0,.0001438942857017,0,.0424746918526095,0,.0013510411592419,0
Iceland,ISL,2001,.3403375625610351,.8249600219726563,.8249600219726563,ISL,.1101417672956894,.0908625547683591,-.0393888353436489,.0514737194247103,.0514737194247103,0,0,.0157599639892578,2003,.6721984100341797,2002,0,0,1,1,.0234109323486403,0,.0151410319276025,0,0,.0145399406678658,0,.0003136077753723,.0234109323486403,0,.0005049436294795,0
Iceland,ISL,2002,.3402469635009766,.8130699920654297,.8130699920654297,ISL,.1078822060054417,.0877157843808455,-.0394113321244718,.0483044522563737,.0483044522563737,0,0,-.0124800109863282,2004,.6761859130859375,2003,0,0,1,1,.0265801995169769,0,.0178671678537031,0,0,.0113706734995292,0,.0002444791692818,.0265801995169769,0,.0005714969388157,0
Iceland,ISL,2003,.3379075241088867,.8407199859619141,.8407199859619141,ISL,.1130702224097345,.0950603957970225,-.0399922416307986,.0550681541662239,.0550681541662239,0,0,-.1632099914550782,2005,.6834093475341797,2004,0,0,1,1,.0198164976071267,0,.0133996365286403,0,0,.0181343754093794,0,.0004421840756967,.0198164976071267,0,.0004832005227718,0
Iceland,ISL,2004,.3381053924560547,.8005899810791015,.8005899810791015,ISL,.1054571257736356,.0844279183277714,-.0399431086614814,.04448480966629,.04448480966629,0,0,-.1023300170898437,2006,.6877738189697266,2005,0,0,1,1,.0303998421070606,0,.0207755362595284,0,0,.0075510309094455,0,.0001649319971863,.0303998421070606,0,.0006640029332412,0
Iceland,ISL,2005,.3354410171508789,.6775099945068359,.6775099945068359,ISL,.0820221605410974,.0555708335376377,-.0406047034642501,.0149661300733876,.0149661300733876,0,0,-.0030500030517577,2007,.7097726440429688,2006,0,0,1,1,.059918521699963,0,.041210390496604,0,.0219676486834569,0,.0001924636513035,0,.059918521699963,0,.0005249600279601,0
Iceland,ISL,2006,.3324003219604492,.6982599639892578,.6982599639892578,ISL,.0858819815321108,.0599679493319378,-.0413597427903106,.0186082065416272,.0186082065416272,0,0,.3948300170898437,2008,.7375817108154297,2007,0,0,1,1,.0562764452317234,0,.0399434813294597,0,.0183255722152173,0,-.0002545368783587,0,.0562764452317234,0,-.0007816634878398,0
Iceland,ISL,2007,.3305578231811523,.6744599914550782,.6744599914550782,ISL,.0813157294236356,.0548442061722287,-.0418172562697827,.013026949902446,.013026949902446,0,0,.6076100158691407,2009,.7222234344482422,2008,0,0,1,1,.0618577018709046,0,.0456251095730526,0,.0239068288543985,0,-.000360266869306,0,.0618577018709046,0,-.0009321721726968,0
Iceland,ISL,2008,.3290128326416016,1.093089981079101,1.093089981079101,ISL,.1607479195461032,.1757119403351549,-.0422008950571967,.1335110452779582,.1335110452779582,0,0,.2219200897216798,2010,.7279548645019531,2009,0,0,1,1,0,.0586263935046075,0,.0423413552662118,0,.0965772665211136,0,-.0024909558857186,0,.0586263935046075,0,-.0015121132044759
Iceland,ISL,2009,.3296015167236328,1.282070007324219,1.282070007324219,ISL,.1966391525723116,.2521051597786117,-.0420547180796561,.2100504416989556,.2100504416989556,0,0,.0842199707031248,2011,.7283107757568359,2010,0,0,1,1,0,.135165789925605,0,.0983945942905932,0,.1731166629421111,0,.0094646941146643,0,.135165789925605,0,.0073898308497352
Iceland,ISL,2010,.3268597412109375,1.315010070800781,1.315010070800781,ISL,.2028209347012683,.2667115717013954,-.0427355322374941,.2239760394639013,.2239760394639013,0,0,.0070098876953124,2012,.7260957336425782,2011,0,0,1,1,0,.1490913876905507,0,.1085848642275681,0,.1870422607070568,0,.0104505664166069,0,.1490913876905507,0,.008330146584597
Iceland,ISL,2011,.3254936599731446,1.366289978027344,1.366289978027344,ISL,.2125202402572625,.290364274391461,-.0430747458029885,.2472895285884725,.2472895285884725,0,0,-.1556399536132811,2013,.7090245056152343,2012,0,0,1,1,0,.1724048768151219,0,.1251824455146343,0,.210355749831628,0,.0106135942306502,0,.1724048768151219,0,.0086987658163163
Iceland,ISL,2012,.325069694519043,1.322019958496094,1.322019958496094,ISL,.204104979464606,.2698308564806445,-.0431800212649109,.2266508352157336,.2266508352157336,0,0,-.1808099365234375,2014,.7098062133789063,2013,0,0,1,1,0,.151766183442383,0,.1076059431843466,0,.1897170564588891,0,.0120709706208429,0,.151766183442383,0,.0096563017356715
Iceland,ISL,2013,.3245235443115234,1.210650024414063,1.210650024414063,ISL,.1829483167545673,.2214863841454286,-.0433156365958757,.1781707475495528,.1781707475495528,0,0,-.2475000000000001,2015,.750337142944336,2014,0,0,1,1,0,.1032860957762022,0,.0733131125375971,0,.1412369687927083,0,.0096735920423067,0,.1032860957762022,0,.0070742636486913
Iceland,ISL,2014,.3247174453735351,1.141210021972656,1.141210021972656,ISL,.1697709215566794,.1937442771200162,-.0432674887487503,.1504767883712658,.1504767883712658,0,0,-.3278600311279296,2016,.7288085174560547,2015,0,0,1,1,0,.0755921365979152,0,.0567195878039377,0,.1135430096144213,0,.0084165438595319,0,.0755921365979152,0,.0056033791536143
Iceland,ISL,2015,.3265207290649414,.9631500244140625,.9631500244140625,ISL,.1360151562662176,.13100300107849,-.0428197128232513,.0881832882552387,.0881832882552387,0,0,-.2552300262451171,2017,.7116827392578124,2016,0,0,1,1,0,.0132986364818881,0,.0096921595385519,0,.0512495094983942,0,.0042018956596832,0,.0132986364818881,0,.0010903418093143
Iceland,ISL,2016,.3291247177124024,.8133499908447266,.8133499908447266,ISL,.1076451414488693,.0875531748119171,-.0421731127169216,.0453800620949956,.0453800620949956,0,0,-.1907600021362305,2018,.7108174896240235,2017,0,0,1,1,.029504589678355,0,.0209979072029695,0,0,.0084462833381511,0,.0004016474847317,.029504589678355,0,.0014030365496766,0
Iceland,ISL,2017,.3275776672363281,.7079199981689454,.7079199981689454,ISL,.0875899971099564,.0620067105936982,-.0425572630100891,.0194494475836092,.0194494475836092,0,0,-.050739974975586,2019,.7299321746826172,2018,0,0,1,1,.0554352041897414,0,.0394043126789472,0,.0174843311732353,0,.0011524891596519,0,.0554352041897414,0,.0036540415105822,0
Iceland,ISL,2018,.3266650390625,.6225899887084961,.6225899887084961,ISL,.0713671777286672,.0444324903762481,-.0427838790035237,.0016486113727245,.0016486113727245,0,0,.1382899856567382,2020,.7172198486328125,2019,0,0,1,1,.0732360404006261,0,.0534573422347731,0,.03528516738412,0,.0017085517214092,0,.0732360404006261,0,.0035461802273324,0
Iceland,ISL,2019,.3247609329223633,.6571800231933593,.6571800231933593,ISL,.0778840473210784,.051183840024859,-.0432566902939553,.0079271497309037,.0079271497309037,0,0,.078709945678711,2021,.7086127471923828,2020,0,0,1,1,.0669575020424469,0,.048023249479715,0,.0290066290259408,0,.0014732927458114,0,.0669575020424469,0,.0034008778458389,0
Iceland,ISL,2020,.322874526977539,.7608799743652344,.7608799743652344,ISL,.097521170237128,.0742019055100936,-.0437251064238389,.0304767990862547,.0304767990862547,0,0,-.0965699768066406,2022,.7053463745117188,2021,0,0,1,1,.0444078526870959,0,.0314679704895177,0,.0064569796705898,0,.0003314534168405,0,.0444078526870959,0,.0022795695911402,0
Iceland,ISL,2021,.3226933670043945,.7358899688720704,.7358899688720704,ISL,.0927723531792773,.0682702440932871,-.0437700905131559,.0245001535801312,.0245001535801312,0,0,-.1206999588012696,2023,.6947447204589844,2022,0,0,1,1,.0503844981932194,0,.0355385231321796,0,.0124336251767133,0,.0006596922521932,0,.0503844981932194,0,.0026732559986575,0
Iceland,ISL,2022,.3219317626953125,.6643099975585938,.6643099975585938,ISL,.079163774807616,.0525892870491765,-.0439592055569998,.0086300814921766,.0086300814921766,0,0,,,.6934994506835938,2023,1,0,0,1,,,,,.0283036972646679,0,.002203485976881,0,.066254570281174,0,.0051580192917442,0
Iceland,ISL,2023,.322260856628418,.6151900100708008,.6151900100708008,ISL,.0698474485898933,.0429694526014362,-.0438774877767223,-.0009080351752861,-.0009080351752861,0,0,,,,,1,1,0,0,,,,,,,,,,,,
Israel,ISR,1995,.3285745239257812,,,ISR,,,-.0423097321147358,,,,,,,.5187273025512695,1996,3,3,0,0,,,,,,,,,,,,
Israel,ISR,1996,.3277987289428711,,,ISR,,,-.0425023708648812,,,,,,,.5174017333984375,1997,3,3,0,0,,,,,,,,,,,,
Israel,ISR,1997,.3301698684692383,,,ISR,,,-.0419135898533485,,,,,,,.5159259033203125,1998,3,3,0,0,,,,,,,,,,,,
Israel,ISR,1998,.3298926544189453,,,ISR,,,-.0419824252665022,,,,,,,.5176985931396484,1999,3,3,0,0,,,,,,,,,,,,
Israel,ISR,1999,.3277177047729492,,,ISR,,,-.0425224900911835,,,,,,,.5199066543579102,2000,3,3,0,0,,,,,,,,,,,,
Israel,ISR,2000,.3257609558105469,.7720600128173828,.7720600128173828,ISR,.0997189003615162,.0769889754912475,-.0430083731953143,.0339806022959332,.0339806022959332,0,0,.1000699615478516,2002,.511535758972168,2001,0,0,1,1,.0409040494774174,0,.0212662875134945,0,.0029531764609113,0,.0002907638597946,0,.0409040494774174,0,.0040273310669739,0
Israel,ISR,2001,.3241885375976563,.8110700225830079,.8110700225830079,ISR,.1070835107455788,.0868522254786844,-.0433988225871123,.0434534028915721,.0434534028915721,0,0,.0861699676513671,2003,.5075563812255859,2002,0,0,1,1,.0314312488817785,0,.0160782077521837,0,0,.0065196241347276,0,.0007135344168934,.0314312488817785,0,.0034399648476099,0
Israel,ISR,2002,.3236014938354492,.8721299743652344,.8721299743652344,ISR,.1186597828785179,.1034867534000261,-.0435445922545159,.0599421611455102,.0599421611455102,0,0,.0111900329589844,2004,.5079414367675781,2003,0,0,1,1,.0149424906278404,0,.0075841564695639,0,0,.0230083823886657,0,.0041054520307613,.0149424906278404,0,.0026662317001007,0
Israel,ISR,2003,.3216900253295898,.897239990234375,.897239990234375,ISR,.1233767784441141,.1106985794863456,-.0440192317043997,.0666793477819459,.0666793477819459,0,0,-.044939956665039,2005,.5096517944335938,2004,0,0,1,1,.0082053039914047,0,.0041678138985089,0,0,.0297455690251014,0,.0029386798501482,.0082053039914047,0,.0008106337277843,0
Israel,ISR,2004,.3202936553955078,.8833200073242188,.8833200073242188,ISR,.1206977796504329,.1066147636048373,-.0443659662989355,.0622487973059019,.0622487973059019,0,0,-.106780014038086,2006,.4993715667724609,2005,0,0,1,1,.0126358544674487,0,.006439885903537,0,0,.0253150185490574,0,.0029351487556845,.0126358544674487,0,.0014650636121506,0
Israel,ISR,2005,.3195873641967774,.8523000335693359,.8523000335693359,ISR,.1147905339204545,.0978359759138453,-.0445413464660664,.0532946294477789,.0532946294477789,0,0,-.1444499969482421,2007,.5217909622192383,2006,0,0,1,1,.0215900223255717,0,.0107814432753732,0,0,.0163608506909344,0,.0019554522523013,.0215900223255717,0,.002580443925643,0
Israel,ISR,2006,.3174155616760254,.7765399932861328,.7765399932861328,ISR,.1003516162382148,.0779270433998759,-.0450806298236243,.0328464135762516,.0328464135762516,0,0,-.0741500091552734,2008,.5360212326049805,2007,0,0,1,1,.042038238197099,0,.0219351727588658,0,.0040873651805929,0,.0004105547472468,0,.042038238197099,0,.0042225241678077,0
Israel,ISR,2007,.317925796508789,.7078500366210938,.7078500366210938,ISR,.0873248636347894,.0618129079218177,-.0449539326901941,.0168589752316236,.0168589752316236,0,0,.0178099822998047,2009,.5404439926147461,2008,0,0,1,1,.058025676541727,0,.0311029946626344,0,.0200748035252209,0,.0020422582664166,0,.058025676541727,0,.0059030922734997,0
Israel,ISR,2008,.3139380836486816,.7023899841308594,.7023899841308594,ISR,.0861842762785674,.0605349724476326,-.0459441273140731,.0145908451335594,.0145908451335594,0,0,-.0121099853515625,2010,.5231700515747071,2009,0,0,1,1,.0602938066397912,0,.0325854255903502,0,.0223429336232851,0,.0027515490151796,0,.0602938066397912,0,.0074252274602047,0
Israel,ISR,2009,.3168291854858398,.7256600189208985,.7256600189208985,ISR,.0906772870990321,.0658008818719793,-.0452262337252745,.0205746481467048,.0205746481467048,0,0,-.0538000488281251,2011,.5333978652954101,2010,0,0,1,1,.0543100036266458,0,.0284133673983748,0,.0163591306101397,0,.0020477680467848,0,.0543100036266458,0,.0067983007592396,0
Israel,ISR,2010,.3160124015808106,.6902799987792969,.6902799987792969,ISR,.0839394492268108,.0579417229098178,-.0454290504926807,.0125126724171372,.0125126724171372,0,0,-.0213400268554688,2012,.5328213119506836,2011,0,0,1,1,.0623719793562134,0,.0332690806428536,0,.0244211063397073,0,.0023476740618562,0,.0623719793562134,0,.0059960050983901,0
Israel,ISR,2011,.3102099990844727,.6718599700927734,.6718599700927734,ISR,.0802911947984956,.0539444397360303,-.0468698532683603,.00707458646767,.00707458646767,0,0,-.0115999603271484,2013,.5307975387573243,2012,0,0,1,1,.0678100653056806,0,.0361306479596343,0,.0298591922891745,0,.0028697641415427,0,.0678100653056806,0,.0065172189510452,0
Israel,ISR,2012,.3159162521362305,.6689399719238281,.6689399719238281,ISR,.0798857604889498,.0534387783785918,-.0454529254973393,.0079858528812525,.0079858528812525,0,0,-.011259994506836,2014,.5272047042846679,2013,0,0,1,1,.0668987988920981,0,.0355097177977469,0,.028947925875592,0,.0025057035163071,0,.0668987988920981,0,.0057906931343219,0
Israel,ISR,2013,.3121557998657227,.660260009765625,.660260009765625,ISR,.0781398371636284,.0515926096487416,-.0463866887225857,.005205920926156,.005205920926156,0,0,-.0317800140380859,2015,.5386479949951172,2014,0,0,1,1,.0696787308471946,0,.0367349546912262,0,.0317278578306885,0,.002668623545251,0,.0696787308471946,0,.0058606636078082,0
Israel,ISR,2014,.3092030906677246,.6576799774169921,.6576799774169921,ISR,.0775729983343381,.0510182077926958,-.0471198801223438,.003898327670352,.003898327670352,0,0,-.0403899765014648,2016,.5423826599121093,2015,0,0,1,1,.0709863241029986,0,.0382366411501538,0,.0330354510864925,0,.0018907820782798,0,.0709863241029986,0,.0040628980383982,0
Israel,ISR,2015,.3082981491088867,.6284799957275391,.6284799957275391,ISR,.0720060754709925,.0452543780043662,-.0473445874415317,-.0020902094371655,-.0020902094371655,0,0,-.0302299880981446,2017,.5296027374267578,2016,0,0,1,1,.0769748612105161,0,.0417498299697252,0,.03902398819401,0,.0018685579152319,0,.0769748612105161,0,.0036857326184531,0
Israel,ISR,2016,.3041062927246094,.6172900009155273,.6172900009155273,ISR,.0697723919378445,.0430697998831906,-.0483854732328102,-.0053156733496197,-.0053156733496197,0,0,-.0165299987792968,2018,.5263799667358399,2017,0,0,1,1,.0802003251229703,0,.042474311727641,0,.0422494521064641,0,.002173056184801,0,.0802003251229703,0,.0041250194698941,0
Israel,ISR,2017,.3084563255310059,.5982500076293945,.5982500076293945,ISR,.066271357285027,.0396468400013777,-.0473053104302971,-.0076584704289194,-.0076584704289194,0,0,-.0052199935913085,2019,.524105453491211,2018,0,0,1,1,.08254312220227,0,.0434490459191033,0,.0445922491857639,0,.0023018290186182,0,.08254312220227,0,.0042608336076753,0
Israel,ISR,2018,.3063933372497559,.6007600021362305,.6007600021362305,ISR,.0666940225849049,.0400671011505813,-.0478175739700456,-.0077504728194643,-.0077504728194643,0,0,.1099599838256836,2020,.522508659362793,2019,0,0,1,1,.0826351245928149,0,.04330951944902,0,.0446842515763088,0,.0027199983154078,0,.0826351245928149,0,.0050301256428594,0
Israel,ISR,2019,.3092901039123535,.593030014038086,.593030014038086,ISR,.0653021526302869,.0387261364910563,-.0470982737404251,-.0083721372493688,-.0083721372493688,0,0,.0838299560546875,2021,.5348668670654297,2020,0,0,1,1,.0832567890227194,0,.043502393215112,0,.0453059160062133,0,.0024211448486222,0,.0832567890227194,0,.0044492367360487,0
Israel,ISR,2020,.3018079376220703,.7107199859619141,.7107199859619141,ISR,.0874491204691894,.062151837672244,-.0489561810410544,.0131956566311896,.0131956566311896,0,0,-.1075199890136719,2022,.5342451477050781,2021,0,0,1,1,.061688995142161,0,.0329953995641022,0,.0237381221256549,0,.0012542443646865,0,.061688995142161,0,.0032594437803742,0
Israel,ISR,2021,.2934412956237793,.6768599700927734,.6768599700927734,ISR,.0808028364924937,.0546922054917205,-.0510337137564879,.0036584917352326,.0036584917352326,0,0,-.0635699844360351,2023,.5319857788085938,2022,0,0,1,1,.071226160038118,0,.0380522303900299,0,.0332752870216119,0,.0023750573441827,0,.071226160038118,0,.0050838393786534,0
Israel,ISR,2022,.2930272102355957,.6031999969482422,.6031999969482422,ISR,.0668084596484377,.0402988626560544,-.0511365358852596,-.0108376732292052,-.0108376732292052,0,0,,,.5238528442382813,2023,1,0,0,1,,,,,.0477714519860497,0,.0041234708996811,0,.0857223250025558,0,.0073992624863959,0
Israel,ISR,2023,.2893659019470215,.6132899856567383,.6132899856567383,ISR,.0686284012796394,.0420891112364349,-.0520456805280391,-.0099565692916042,-.0099565692916042,0,0,,,,,1,1,0,0,,,,,,,,,,,,
Italy,ITA,1995,.3462801742553711,1.190879974365234,1.190879974365234,ITA,.1797628892014843,.2140760248840841,-.0379132170235842,.1761628078604999,.1761628078604999,0,0,-.0259799957275391,1997,.4738335800170899,1996,1,1,0,0,,,,,,,,,,,,
Italy,ITA,1996,.3477889251708984,1.188960037231445,1.188960037231445,ITA,.1794377780478098,.2133443472684517,-.0375385769484993,.1758057703199524,.1758057703199524,0,0,-.0500900268554687,1998,.473086929321289,1997,1,1,0,0,,,,,,,,,,,,
Italy,ITA,1997,.3465506744384765,1.164899978637695,1.164899978637695,ITA,.1748379183380729,.2036686873370802,-.0378460487402936,.1658226385967866,.1658226385967866,0,0,-.0343099975585937,1999,.4715354537963867,1998,1,1,0,0,,,,,,,,,,,,
Italy,ITA,1998,.3469474029541015,1.138870010375977,1.138870010375977,ITA,.1699067544652171,.1935017072207503,-.0377475365211112,.1557541706996391,.1557541706996391,0,0,-.0514400482177735,2000,.4761290740966797,1999,1,1,0,0,,,,,,,,,,,,
Italy,ITA,1999,.34693115234375,1.130589981079102,1.130589981079102,ITA,.1683344538745924,.1903172470210363,-.0377515717331662,.1525656752878701,.1525656752878701,0,0,-.0454599761962891,2001,.4928834915161133,2000,1,1,0,0,,,,,,,,,,,,
Italy,ITA,2000,.3486611938476563,1.087429962158203,1.087429962158203,ITA,.1601861208199409,.1741911873014976,-.0373219826789008,.1368692046225969,.1368692046225969,0,0,-.0279499816894531,2002,.4946991729736328,2001,0,0,1,1,0,.0619845528492463,0,.0305511628284015,0,.0999354258657524,0,.0132571112557206,0,.0619845528492463,0,.0082226708510997
Italy,ITA,2001,.3482980346679688,1.085130004882813,1.085130004882813,ITA,.1597400219708961,.173338690821259,-.0374121592487677,.1359265315724913,.1359265315724913,0,0,-.0339900207519532,2003,.495698471069336,2002,0,0,1,1,0,.0610418797991407,0,.0301973674533908,0,.0989927528156468,0,.0129307045923191,0,.0610418797991407,0,.0079734575814098
Italy,ITA,2002,.3455797576904297,1.05947998046875,1.05947998046875,ITA,.1547997047517053,.164007188166905,-.038087138452085,.12592004971482,.12592004971482,0,0,-.0120600128173829,2004,.4946247100830078,2003,0,0,1,1,0,.0510353979414694,0,.0252981687300015,0,.0889862709579755,0,.0105629494631755,0,.0510353979414694,0,.0060580618053248
Italy,ITA,2003,.3454304122924804,1.051139984130859,1.051139984130859,ITA,.1532125471269403,.1610478343556606,-.0381242226192099,.1229236117364507,.1229236117364507,0,0,.0106300354003908,2005,.4940696334838867,2004,0,0,1,1,0,.0480389599631001,0,.0237612566444376,0,.0859898329796062,0,.0092807368925381,0,.0480389599631001,0,.0051847635070351
Italy,ITA,2004,.3455680084228516,1.047419967651367,1.047419967651367,ITA,.1525099314667689,.1597419474834353,-.0380900559293454,.1216518915540899,.1216518915540899,0,0,.0151500701904297,2006,.5068902206420899,2005,0,0,1,1,0,.0467672397807393,0,.0231062730175229,0,.0847181127972454,0,.0086725968330658,0,.0467672397807393,0,.0047875643380344
Italy,ITA,2005,.345366325378418,1.06177001953125,1.06177001953125,ITA,.1552288753871085,.1648173660515842,-.0381401361315394,.1266772299200448,.1266772299200448,0,0,-.0271300506591798,2007,.5146903228759766,2006,0,0,1,1,0,.0517925781466942,0,.0262531513644005,0,.0897434511632003,0,.008977479276535,0,.0517925781466942,0,.0051810665955415
Italy,ITA,2006,.3461726760864258,1.062570037841797,1.062570037841797,ITA,.155401791045807,.1651252869922262,-.0379399100460511,.127185376946175,.127185376946175,0,0,-.004540023803711,2008,.516163215637207,2007,0,0,1,1,0,.0523007251728244,0,.0269186771258487,0,.0902515981893305,0,.0086259943561123,0,.0523007251728244,0,.0049987564676134
Italy,ITA,2007,.3438197708129883,1.03463996887207,1.03463996887207,ITA,.1500381651883475,.1552354825600944,-.0385241632844329,.1167113192756615,.1167113192756615,0,0,.12677001953125,2009,.5100082397460938,2008,0,0,1,1,0,.0418266675023109,0,.0215893871973811,0,.079777540518817,0,.0079206615147831,0,.0418266675023109,0,.0041527336318301
Italy,ITA,2008,.3486319351196289,1.058030014038086,1.058030014038086,ITA,.1546040861445857,.1635757634339015,-.0373292479550655,.126246515478836,.126246515478836,0,0,.1295500183105469,2010,.5057828903198243,2009,0,0,1,1,0,.0513618637054854,0,.0261949736985134,0,.0893127367219915,0,.0092126561162496,0,.0513618637054854,0,.0052980034558924
Italy,ITA,2009,.3476377487182617,1.16140998840332,1.16140998840332,ITA,.1742037460421307,.202321970670606,-.0375761157874051,.1647458548832009,.1647458548832009,0,0,.0298799896240236,2011,.5069440078735351,2010,0,0,1,1,0,.0898612031098503,0,.0454502590365169,0,.1278120761263564,0,.0116263528772444,0,.0898612031098503,0,.0081741732783997
Italy,ITA,2010,.3474744415283203,1.187580032348633,1.187580032348633,ITA,.1791675926132238,.2127758554314389,-.0376166668268589,.17515918860458,.17515918860458,0,0,.0714299774169922,2012,.5023506927490234,2011,0,0,1,1,0,.1002745368312294,0,.0508335755888859,0,.1382254098477355,0,.0123908259449539,0,.1002745368312294,0,.008988827263781
Italy,ITA,2011,.3463905334472656,1.191289978027344,1.191289978027344,ITA,.1798436037564453,.2142458827673741,-.0378858135764597,.1763600691909143,.1763600691909143,0,0,.1272500610351561,2013,.4922236633300781,2012,0,0,1,1,0,.1014754174175637,0,.0509762462367095,0,.1394262904340698,0,.0135252873254394,0,.1014754174175637,0,.009843797556175
Italy,ITA,2012,.3469150924682617,1.259010009765625,1.259010009765625,ITA,.1927132277969296,.2426278828105775,-.0377555595835773,.2048723232270002,.2048723232270002,0,0,.0889599609375,2014,.4924020767211914,2013,0,0,1,1,0,.1299876714536496,0,.063983007830662,0,.1679385444701557,0,.0175063427420669,0,.1299876714536496,0,.0135502468232668
Italy,ITA,2013,.346716423034668,1.3185400390625,1.3185400390625,ITA,.2040091943053921,.2689942910285408,-.0378048914717986,.2311893995567422,.2311893995567422,0,0,.0293598937988282,2015,.5077885055541992,2014,0,0,1,1,0,.1563047477833916,0,.0769647824099241,0,.1942556207998977,0,.0186910270856291,0,.1563047477833916,0,.0150394426807409
Italy,ITA,2014,.3458668899536133,1.347969970703125,1.347969970703125,ITA,.2095739901990573,.2824994454287603,-.0380158402334517,.2444836051953085,.2444836051953085,0,0,-.0055599975585938,2016,.5118346405029297,2015,0,0,1,1,0,.1695989534219579,0,.0861203991016923,0,.207549826438464,0,.0189709831639046,0,.1695989534219579,0,.0155021034957971
Italy,ITA,2015,.3456160736083984,1.347899932861328,1.347899932861328,ITA,.20955414955051,.2824580241099452,-.0380781207950983,.2443799033148469,.2443799033148469,0,0,-.0104798889160156,2017,.5060182189941407,2016,0,0,1,1,0,.1694952515414963,0,.0867535411396954,0,.2074461245580024,0,.0170958016711178,0,.1694952515414963,0,.0139682397573036
Italy,ITA,2016,.346082878112793,1.342409973144531,1.342409973144531,ITA,.2085241189958049,.2799248569811454,-.0379622079079699,.2419626490731755,.2419626490731755,0,0,-.0004100036621093,2018,.5018450927734375,2017,0,0,1,1,0,.1670779972998249,0,.0845445106267653,0,.205028870316331,0,.0164771451160446,0,.1670779972998249,0,.0134272232147593
Italy,ITA,2017,.3463835525512695,1.337420043945313,1.337420043945313,ITA,.2075846790497005,.277627910577024,-.0378875470126242,.2397403635643998,.2397403635643998,0,0,.0015798950195312,2019,.5156321334838867,2018,0,0,1,1,0,.1648557117910492,0,.0827320299780102,0,.2028065848075553,0,.0157997527313302,0,.1648557117910492,0,.0128431701816665
Italy,ITA,2018,.3462861251831055,1.341999969482422,1.341999969482422,ITA,.2084515875557928,.2797420241384363,-.0379117393402965,.2418302847981398,.2418302847981398,0,0,.2018000793457031,2020,.5182364273071289,2019,0,0,1,1,0,.1669456330247892,0,.0860825329323901,0,.2048965060412953,0,.0154664018466879,0,.1669456330247892,0,.0126017192620683
Italy,ITA,2019,.347572021484375,1.338999938964844,1.338999938964844,ITA,.2079156169448906,.2783989983990462,-.0375924366098715,.2408065617891747,.2408065617891747,0,0,.1191900634765626,2021,.5191949081420898,2020,0,0,1,1,0,.1659219100158241,0,.0859867778585756,0,.2038727830323302,0,.0138363017508658,0,.1659219100158241,0,.0112606772709571
Italy,ITA,2020,.3459822845458984,1.543800048828125,1.543800048828125,ITA,.2467532837684216,.3809377315301895,-.0379871864389299,.3429505450912596,.3429505450912596,0,0,-.160240020751953,2022,.5271593856811524,2021,0,0,1,1,0,.268065893317909,0,.139178446857219,0,.306016766334415,0,.0211606988524806,0,.268065893317909,0,.0185364406959408
Italy,ITA,2021,.3462299728393555,1.458190002441406,1.458190002441406,ITA,.2305075791479022,.3361238474004422,-.0379256826082423,.2981981647921998,.2981981647921998,0,0,-.1188099670410157,2023,.5302057647705078,2022,0,0,1,1,0,.2233135130188492,0,.1177218143373166,0,.2612643860353553,0,.0181916767764813,0,.2233135130188492,0,.0155491810816867
Italy,ITA,2022,.3421871566772461,1.383560028076172,1.383560028076172,ITA,.2162343711321131,.2991732325945798,-.038929560011026,.2602436725835538,.2602436725835538,0,0,,,.5373608016967774,2023,1,0,0,1,,,,,0,.2233098938267093,0,.01876293268182,0,.1853590208102032,0,.0155742263355729
Italy,ITA,2023,.3418868637084961,1.339380035400391,1.339380035400391,ITA,.2078394280517526,.2783759805015534,-.0390041261830841,.2393718543184693,.2393718543184693,0,0,,,,,1,1,0,0,,,,,,,,,,,,
Japan,JPN,1995,.3694622039794922,.8068699645996094,.8068699645996094,JPN,.1074675266093747,.0867123193909137,-.0321568544145648,.0545554649763489,.0545554649763489,0,0,.106300048828125,1997,.5784343338012695,1996,1,1,0,0,,,,,,,,,,,,
Japan,JPN,1996,.369591064453125,.8526000213623047,.8526000213623047,JPN,.1161522597780643,.0990314191680576,-.0321248568879881,.0669065622800695,.0669065622800695,0,0,.163419952392578,1998,.5789483261108398,1997,1,1,0,0,,,,,,,,,,,,
Japan,JPN,1997,.3689593887329102,.9131700134277344,.9131700134277344,JPN,.1276343535991082,.1165518643899379,-.0322817091800498,.0842701552098881,.0842701552098881,0,0,.2223200225830079,1999,.5787238311767579,1998,1,1,0,0,,,,,,,,,,,,
Japan,JPN,1998,.3689472198486328,1.016019973754883,1.016019973754883,JPN,.1471590202688725,.1495165039113741,-.0322847308529266,.1172317730584475,.1172317730584475,0,0,.1689600372314455,2000,.5846377182006836,1999,1,1,0,0,,,,,,,,,,,,
Japan,JPN,1999,.3689280319213867,1.135490036010742,1.135490036010742,JPN,.1698386554903073,.1928501010387051,-.0322894954342967,.1605606056044084,.1605606056044084,0,0,.1329399871826171,2001,.5906225967407227,2000,1,1,0,0,,,,,,,,,,,,
Japan,JPN,2000,.3679869461059571,1.184980010986328,1.184980010986328,JPN,.1792092508760634,.2123593800719693,-.0325231777849918,.1798362022869774,.1798362022869774,0,0,.1612899780273436,2002,.5876575469970703,2001,0,0,1,1,0,.1049515505136268,0,.0619867572963234,0,.1429024235301329,0,.0066263909503156,0,.1049515505136268,0,.0048666074889796
Japan,JPN,2001,.3676542282104492,1.268430023193359,1.268430023193359,JPN,.1950426769776093,.2473979872824038,-.0326057954365023,.2147921918459015,.2147921918459015,0,0,.1339900207519531,2003,.5848158264160156,2002,0,0,1,1,0,.1399075400725509,0,.0822177218054296,0,.177858413089057,0,.0079537775647548,0,.1399075400725509,0,.0062566253349618
Japan,JPN,2002,.3685089492797852,1.346269989013672,1.346269989013672,JPN,.2098420792761671,.2825040937617316,-.0323935584381368,.2501105353235947,.2501105353235947,0,0,.1421200561523439,2004,.599219627380371,2003,0,0,1,1,0,.1752258835502441,0,.1024748698979125,0,.2131767565667502,0,.0098458068604915,0,.1752258835502441,0,.0080930033563695
Japan,JPN,2003,.3684321212768555,1.402420043945313,1.402420043945313,JPN,.2204995724498567,.3092330200850506,-.0324126357082747,.2768203843767759,.2768203843767759,0,0,.1319299316406251,2005,.6069109725952149,2004,0,0,1,1,0,.2019357326034253,0,.1210038544454068,0,.2398866056199314,0,.01085917351014,0,.2019357326034253,0,.0091412155029286
Japan,JPN,2004,.3679052352905273,1.488390045166016,1.488390045166016,JPN,.23680632544147,.3524601774194277,-.0325434675132119,.3199167099062158,.3199167099062158,0,0,.0326300048828125,2006,.6315904998779297,2005,0,0,1,1,0,.2450320581328652,0,.1487126447184244,0,.2829829311493713,0,.0109416980257218,0,.2450320581328652,0,.0094743056615514
Japan,JPN,2005,.3675706100463867,1.534349975585938,1.534349975585938,JPN,.2455226036995901,.3767176009922619,-.0326265587811608,.3440910422111011,.3440910422111011,0,0,-.0298699951171875,2007,.7079298400878906,2006,0,0,1,1,0,.2692063904377505,0,.170028198706912,0,.3071572634542566,0,.0087165528411803,0,.2692063904377505,0,.0076395775279575
Japan,JPN,2006,.3670805740356445,1.521020050048828,1.521020050048828,JPN,.2429792706085121,.3695763423417868,-.0327482403165086,.3368281020252782,.3368281020252782,0,0,.0151599121093748,2008,.7060286712646484,2007,0,0,1,1,0,.2619434502519277,0,.1854375848489175,0,.2998943232684337,0,.0063341620401943,0,.2619434502519277,0,.0055325897508842
Japan,JPN,2007,.3673125457763672,1.50447998046875,1.50447998046875,JPN,.2398453651819328,.3608425503244344,-.0326906390852732,.3281519112391613,.3281519112391613,0,0,.2241000366210937,2009,.7088939666748046,2008,0,0,1,1,0,.2532672594658106,0,.1788139466754852,0,.2912181324823168,0,.0067686700271816,0,.2532672594658106,0,.0058865926149594
Japan,JPN,2008,.3693387222290039,1.536179962158203,1.536179962158203,JPN,.2459161438245344,.3777714525144645,-.0321875163427854,.3455839361716792,.3455839361716792,0,0,.2496099853515625,2010,.7140155029296875,2009,0,0,1,1,0,.2706992843983286,0,.1918970894931622,0,.3086501574148346,0,.0086513129746588,0,.2706992843983286,0,.0075875685629362
Japan,JPN,2009,.3694464874267578,1.728580017089844,1.728580017089844,JPN,.2824440844556895,.488227200335341,-.0321607570140171,.456066443321324,.456066443321324,0,0,.1770599365234375,2011,.7392306518554688,2010,0,0,1,1,0,.3811817915479734,0,.2721697085997655,0,.4191326645644795,0,.0145827160094721,0,.3811817915479734,0,.0132623063866948
Japan,JPN,2010,.3675056457519531,1.785789947509766,1.785789947509766,JPN,.293254145034701,.5236903042685399,-.0326426901570519,.491047614111488,.491047614111488,0,0,.1856500244140624,2012,.7426338195800781,2011,0,0,1,1,0,.4161629623381374,0,.3076404179273242,0,.4541138353546435,0,.016920914117775,0,.4161629623381374,0,.0155068117209489
Japan,JPN,2011,.3710005950927734,1.905639953613281,1.905639953613281,JPN,.3160976050794518,.6023682254808758,-.0317748543400275,.5705933711408482,.5705933711408482,0,0,.106020050048828,2013,.747374038696289,2012,0,0,1,1,0,.4957087193674976,0,.3681300596630338,0,.5336595923840037,0,.0214799085239447,0,.4957087193674976,0,.0199523780673914
Japan,JPN,2012,.3719667053222656,1.971439971923828,1.971439971923828,JPN,.3286142564051964,.6478432804212301,-.0315349581416609,.6163083222795692,.6163083222795692,0,0,.0650100708007815,2014,.7557361602783204,2013,0,0,1,1,0,.5414236705062186,0,.4046459952720015,0,.5793745435227248,0,.0231488330399353,0,.5414236705062186,0,.0216325109422516
Japan,JPN,2013,.3726387786865235,2.011660003662109,2.011660003662109,JPN,.3362671436009024,.6764551633276383,-.0313680746534344,.6450870886742039,.6450870886742039,0,0,-.0102099609374999,2015,.7076094055175781,2014,0,0,1,1,0,.5702024369008534,0,.4309226002447922,0,.6081533099173595,0,.0219426573988209,0,.5702024369008534,0,.0205733595737371
Japan,JPN,2014,.3712348937988281,2.036450042724609,2.036450042724609,JPN,.3409366396137489,.6943004343078036,-.0317166752967373,.6625837590110664,.6625837590110664,0,0,-.0150000000000001,2016,.7005277252197266,2015,0,0,1,1,0,.5876991072377158,0,.4158614158956915,0,.6256499802542219,0,.0210707608432243,0,.5876991072377158,0,.0197926440137513
Japan,JPN,2015,.3729849624633789,2.001450042724609,2.001450042724609,JPN,.3343379229847122,.6691606502422094,-.031282113269869,.6378785369723404,.6378785369723404,0,0,.029659881591797,2017,.6848694610595704,2016,0,0,1,1,0,.5629938851989899,0,.3943928257110643,0,.600944758215496,0,.0186432793043468,0,.5629938851989899,0,.017465918630478
Japan,JPN,2016,.3726848220825195,2.021450042724609,2.021450042724609,JPN,.338126881078937,.6835065982033561,-.031356641552612,.6521499566507442,.6521499566507442,0,0,.0157598876953124,2018,.690897216796875,2017,0,0,1,1,0,.5772653048773936,0,.3953513782397691,0,.6152161778938997,0,.0195188018879658,0,.5772653048773936,0,.0183147445200006
Japan,JPN,2017,.3717338180541992,2.031109924316406,2.031109924316406,JPN,.3399358929767064,.6904471658563481,-.0315927867087867,.6588543791475614,.6588543791475614,0,0,.0321501159667967,2019,.6859477233886718,2018,0,0,1,1,0,.5839697273742108,0,.4034630593364721,0,.6219206003907169,0,.0172855639897933,0,.5839697273742108,0,.0162307633551412
Japan,JPN,2018,.3703459930419922,2.037209930419922,2.037209930419922,JPN,.3410577016908699,.6948061367308355,-.0319373995016785,.662868737229157,.662868737229157,0,0,.250500030517578,2020,.6847286224365234,2019,0,0,1,1,0,.5879840854558064,0,.4033263448071807,0,.6259349584723125,0,.0145505451138021,0,.5879840854558064,0,.013668335416995
Japan,JPN,2019,.370751838684082,2.063260040283203,2.063260040283203,JPN,.3460136312805517,.7139160988144484,-.0318366233959207,.6820794754185278,.6820794754185278,0,0,.1635800170898438,2021,.6826679992675782,2020,0,0,1,1,0,.6071948236451772,0,.4157636751451499,0,.6451456966616833,0,.0128147757912743,0,.6071948236451772,0,.0120609430813823
Japan,JPN,2020,.370642204284668,2.2877099609375,2.2877099609375,JPN,.3886202293954664,.8890503698098247,-.0318638468687986,.857186522941026,.857186522941026,0,0,-.0094000244140622,2022,.6847428131103516,2021,0,0,1,1,0,.7823018711676755,0,.5340524532133197,0,.8202527441841816,0,.0147296731885264,0,.7823018711676755,0,.0140481711018636
Japan,JPN,2021,.3699422073364258,2.226840057373047,2.226840057373047,JPN,.3770464523999296,.8396221436945631,-.0320376641016829,.8075844795928803,.8075844795928803,0,0,-.023820037841797,2023,.6878783416748047,2022,0,0,1,1,0,.7326998278195297,0,.501710941266615,0,.7706507008360358,0,.0128933167833496,0,.7326998278195297,0,.01225838239936
Japan,JPN,2022,.3693905258178711,2.278309936523438,2.278309936523438,JPN,.3868030727462392,.8812572841155547,-.032174652920319,.8490826311952356,.8490826311952356,0,0,,,.6850581359863281,2023,1,0,0,1,,,,,0,.8121488524383912,0,.0090286408684884,0,.7741979794218851,0,.0086067418507371
Japan,JPN,2023,.3689566802978516,2.20302001953125,2.20302001953125,JPN,.3724987525776017,.8206222091788744,-.0322823817153923,.7883398274634822,.7883398274634822,0,0,,,,,1,1,0,0,,,,,,,,,,,,
Kazakhstan,KAZ,1995,.3464847946166992,,,KAZ,,,-.0378624074520751,,,,,,,.3555428314208984,1996,3,3,0,0,,,,,,,,,,,,
Kazakhstan,KAZ,1996,.3449177169799805,,,KAZ,,,-.0382515307178456,,,,,,,.3640460586547852,1997,3,3,0,0,,,,,,,,,,,,
Kazakhstan,KAZ,1997,.3439942169189453,,,KAZ,,,-.0384808463249789,,,,,,,.3709264373779297,1998,3,3,0,0,,,,,,,,,,,,
Kazakhstan,KAZ,1998,.3390388107299805,,,KAZ,,,-.0397113302488685,,,,,,,.3705423736572266,1999,3,3,0,0,,,,,,,,,,,,
Kazakhstan,KAZ,1999,.3374191284179687,,,KAZ,,,-.0401135158560094,,,,,,,.372837028503418,2000,3,3,0,0,,,,,,,,,,,,
Kazakhstan,KAZ,2000,.3320959091186523,,,KAZ,,,-.0414353319738755,,,,,,,.3821952056884765,2001,2,2,0,0,,,,,,,,,,,,
Kazakhstan,KAZ,2001,.3339408111572266,,,KAZ,,,-.0409772217376911,,,,,,,.3884569931030273,2002,2,2,0,0,,,,,,,,,,,,
Kazakhstan,KAZ,2002,.3327907180786133,.1759199905395508,.1759199905395508,KAZ,-.013268586733745,-.0023342096526736,-.0412628029777036,-.0435970126303772,-.0435970126303772,0,0,-.0619999885559082,2004,.4025790405273437,2003,0,0,1,1,.1184816644037278,0,.0460250310921141,0,.0805307913872217,0,.001018696067493,0,.1184816644037278,0,.0014987659194573,0
Kazakhstan,KAZ,2003,.3315936660766601,.1496199989318848,.1496199989318848,KAZ,-.0182925991654924,-.0027369386676024,-.041560044654429,-.0442969833220313,-.0442969833220313,0,0,-.0685799980163574,2005,.4027102661132813,2004,0,0,1,1,.1191816350953819,0,.0479800283051789,0,.0812307620788758,0,-.0009965195937527,0,.1191816350953819,0,-.001462091842407,0
Kazakhstan,KAZ,2004,.3307301330566406,.1139200019836426,.1139200019836426,KAZ,-.0250924011245687,-.0028585263858852,-.0417744697607397,-.0446329961466249,-.0446329961466249,0,0,-.0471500015258789,2006,.4156493759155274,2005,0,0,1,1,.1195176479199755,0,.0481309837990868,0,.0815667749034694,0,-.0018173942234784,0,.1195176479199755,0,-.0026629799105156,0
Kazakhstan,KAZ,2005,.3310528182983398,.0810400009155273,.0810400009155273,KAZ,-.0313259037994128,-.0025386512725841,-.0416943433316951,-.0442329946042792,-.0442329946042792,0,0,-.0401200008392334,2007,.3890807342529297,2006,0,0,1,1,.1191176463776299,0,.0495111753773883,0,.0811667733611237,0,-.0013843784734095,0,.1191176463776299,0,-.0020316676223498,0
Kazakhstan,KAZ,2006,.3284153747558594,.0667700004577637,.0667700004577637,KAZ,-.0341037338191612,-.0022771063227168,-.0423492506703539,-.0446263569930708,-.0446263569930708,0,0,.0008899974822998,2008,.4037719345092773,2007,0,0,1,1,.1195110087664214,0,.0464994310421475,0,.0815601357499153,0,-.0013607220241274,0,.1195110087664214,0,-.0019938816954988,0
Kazakhstan,KAZ,2007,.3278841018676758,.0409200000762939,.0409200000762939,KAZ,-.0390249475743352,-.0015969008577192,-.0424811717930994,-.0440780726508186,-.0440780726508186,0,0,.0613500022888184,2009,.4050313186645508,2008,0,0,1,1,.1189627244241692,0,.0480338093752409,0,.0810118514076631,0,-.0026714613230989,0,.1189627244241692,0,-.0039229361095625,0
Kazakhstan,KAZ,2008,.3247569274902344,.0676599979400635,.0676599979400635,KAZ,-.0340302391924894,-.0023024859136637,-.0432576848884759,-.0455601708021396,-.0455601708021396,0,0,.0391699981689453,2010,.4229457092285156,2009,0,0,1,1,.1204448225754902,0,.0487839253140687,0,.0824939495589841,0,.0009125501184924,0,.1204448225754902,0,.0013323636181884,0
Kazakhstan,KAZ,2009,.3220245742797851,.1022700023651123,.1022700023651123,KAZ,-.0275311904607999,-.0028156149135404,-.0439361593811084,-.0467517742946488,-.0467517742946488,0,0,-.0006599998474121,2011,.4250195693969727,2010,0,0,1,1,.1216364260679994,0,.0514456044913519,0,.0836855530514933,0,-.0003363749548354,0,.1216364260679994,0,-.0004889188854351,0
Kazakhstan,KAZ,2010,.3195723915100098,.1068299961090088,.1068299961090088,KAZ,-.0267295098311272,-.002855513431255,-.0445450643551077,-.0474005777863627,-.0474005777863627,0,0,.0144200038909912,2012,.4215563201904297,2011,0,0,1,1,.1222852295597133,0,.0519736156110793,0,.0843343565432072,0,.0012187147387571,0,.1222852295597133,0,.0017671423332716,0
Kazakhstan,KAZ,2011,.3178253555297851,.1016100025177002,.1016100025177002,KAZ,-.0277660572118506,-.0028213091432027,-.044978873331839,-.0478001824750418,-.0478001824750418,0,0,.024419994354248,2013,.4312305068969727,2012,0,0,1,1,.1226848342483924,0,.0517185672689251,0,.0847339612318863,0,-.0003227065280207,0,.1226848342483924,0,-.000467241190256,0
Kazakhstan,KAZ,2012,.3156438446044922,.12125,.12125,KAZ,-.0240945335345827,-.0029214621910682,-.0455205673970683,-.0484420295881364,-.0484420295881364,0,0,.0237100028991699,2014,.4466127014160156,2013,0,0,1,1,.123326681361487,0,.0531822273174355,0,.0853758083449809,0,-.0021001223796777,0,.123326681361487,0,-.0030336594002377,0
Kazakhstan,KAZ,2013,.3166203498840332,.1260299968719482,.1260299968719482,KAZ,-.02316162082387,-.0029190589999816,-.0452780899891124,-.048197148989094,-.048197148989094,0,0,.092790002822876,2015,.470833740234375,2014,0,0,1,1,.1230818007624446,0,.0549698955336632,0,.0851309277459385,0,-.0018158330616451,0,.1230818007624446,0,-.0026253208913482,0
Kazakhstan,KAZ,2014,.3177046775817871,.1449600028991699,.1449600028991699,KAZ,-.0195396640916509,-.0028324697633745,-.0450088390438951,-.0478413088072697,-.0478413088072697,0,0,.0518099975585938,2016,.4637092208862305,2015,0,0,1,1,.1227259605806203,0,.0577835230440299,0,.0847750875641142,0,-.0016710783311667,0,.1227259605806203,0,-.0024191622714962,0
Kazakhstan,KAZ,2015,.3150807952880859,.2188199996948242,.2188199996948242,KAZ,-.0055865863591187,-.0012224568253975,-.0456603789696771,-.0468828357950746,-.0468828357950746,0,0,-.0201300048828125,2017,.4845711135864258,2016,0,0,1,1,.1217674875684252,0,.0564647067896282,0,.0838166145519191,0,.001877056135336,0,.1217674875684252,0,.002726958262949,0
Kazakhstan,KAZ,2016,.3129648780822754,.1967700004577637,.1967700004577637,KAZ,-.0098277588960335,-.0019338081224713,-.0461857853655906,-.0481195934880619,-.0481195934880619,0,0,.0058200073242188,2018,.504296646118164,2017,0,0,1,1,.1230042452614125,0,.0596043041021805,0,.0850533722449063,0,.001120176157891,0,.1230042452614125,0,.0016199995276433,0
Kazakhstan,KAZ,2017,.3139732170104981,.1986899948120117,.1986899948120117,KAZ,-.0094369569554636,-.0018750289285222,-.0459354032992782,-.0478104322278004,-.0478104322278004,0,0,.0007500076293945,2019,.4995474243164063,2018,0,0,1,1,.122695084001151,0,.0618747193569669,0,.0847442109846449,0,-.0041170756474755,0,.122695084001151,0,-.0059608194652686,0
Kazakhstan,KAZ,2018,.315794734954834,.2025900077819824,.2025900077819824,KAZ,-.0086490505228322,-.0017522112127273,-.0454830996006283,-.0472353108133556,-.0472353108133556,0,0,.0609799957275391,2020,.5059078979492188,2019,0,0,1,1,.1221199625867062,0,.061004712767805,0,.0841690895702001,0,-.0031191197067355,0,.1221199625867062,0,-.0045254948560695,0
Kazakhstan,KAZ,2019,.316895580291748,.1994400024414063,.1994400024414063,KAZ,-.0092183209229233,-.0018385019473735,-.0452097471370546,-.0470482490844281,-.0470482490844281,0,0,.051560001373291,2021,.5074007415771484,2020,0,0,1,1,.1219329008577787,0,.0616868175638093,0,.0839820278412726,0,-.0008321813010289,0,.1219329008577787,0,-.001208238032378,0
Kazakhstan,KAZ,2020,.3231137084960938,.2635700035095215,.2635700035095215,KAZ,.0031183392107655,.0008219006767254,-.0436657149224664,-.0428438142457411,-.0428438142457411,0,0,-.0283300018310547,2022,.5081684112548828,2021,0,0,1,1,.1177284660190917,0,.0597355109628272,0,.0797775930025856,0,-.0029343063924269,0,.1177284660190917,0,-.0043301806611191,0
Kazakhstan,KAZ,2021,.3212435531616211,.2510000038146973,.2510000038146973,KAZ,.0006832577800292,.0001714977053937,-.044130095840295,-.0439585981349012,-.0439585981349012,0,0,-.0211800003051758,2023,.5045264434814453,2022,0,0,1,1,.1188432499082518,0,.0603923854942433,0,.0808923768917457,0,.0028613124055093,0,.1188432499082518,0,.0042037047041972,0
Kazakhstan,KAZ,2022,.3198880386352539,.2352400016784668,.2352400016784668,KAZ,-.0023439832639417,-.000551398626944,-.0444666855707207,-.0450180841976647,-.0450180841976647,0,0,,,.5073229217529297,2023,1,0,0,1,,,,,.0819518629545092,0,.002685037890344,0,.1199027359710153,0,.0039284450362867,0
Kazakhstan,KAZ,2023,.3158403968811035,.2298200035095215,.2298200035095215,KAZ,-.0034785304884853,-.0007994358890717,-.0454717612230935,-.0462711971121652,-.0462711971121652,0,0,,,,,1,1,0,0,,,,,,,,,,,,
Kenya,KEN,1995,.5337838745117187,,,KEN,,,.0086460921505108,,,,,,,.2909780693054199,1996,2,1,0,0,,,,,,,,,,,,
Kenya,KEN,1996,.5337625503540039,,,KEN,,,.0086407971187298,,,,,,,.2896230316162109,1997,2,1,0,0,,,,,,,,,,,,
Kenya,KEN,1997,.5350999450683593,,,KEN,,,.0089728874929909,,,,,,,.2877709579467773,1998,2,1,0,0,,,,,,,,,,,,
Kenya,KEN,1998,.532681999206543,.3849800109863281,.3849800109863281,KEN,.0316351435342105,.0121788979053544,.0083724839340605,.0205513818394149,.0205513818394149,0,0,.0462400054931641,2000,.2860694313049316,1999,0,0,1,1,.0543332699339357,0,.0156355371372695,0,.0163823969174296,0,.0020987438483332,0,.0543332699339357,0,.0069606185595683,0
Kenya,KEN,1999,.5309724426269531,.3840900039672852,.3840900039672852,KEN,.0314215765761672,.0120687134717984,.0079479815203433,.0200166949921417,.0200166949921417,0,0,.0286700057983398,2001,.2844439125061035,2000,0,0,1,1,.0548679567812089,0,.015696045193264,0,.0169170837647028,0,.0023258805715691,0,.0548679567812089,0,.0075436355611939,0
Kenya,KEN,2000,.5307399368286133,.4312200164794922,.4312200164794922,KEN,.0403626472875563,.017405181428496,.0078902476765051,.0252954291050011,.0252954291050011,0,0,-.0111200332641602,2002,.2861143684387207,2001,0,0,1,1,.0495892226683495,0,.0141053525139217,0,.0116383496518434,0,.001670776496614,0,.0495892226683495,0,.0071189223728567,0
Kenya,KEN,2001,.5269361114501954,.412760009765625,.412760009765625,KEN,.0367589535137159,.0151726260112955,.0069457144134501,.0221183404247456,.0221183404247456,0,0,.0251599884033203,2003,.2878318405151367,2002,0,0,1,1,.052766311348605,0,.015097199846347,0,.0148154383320989,0,.0020364546053816,0,.052766311348605,0,.0072529880889217,0
Kenya,KEN,2002,.5237925338745117,.420099983215332,.420099983215332,KEN,.0380703431015533,.0159933504979645,.0061651282167035,.022158478714668,.022158478714668,0,0,-.0125499725341797,2004,.2857027435302734,2003,0,0,1,1,.0527261730586826,0,.0151762714348002,0,.0147753000421765,0,.0022117664972556,0,.0527261730586826,0,.007892765816383,0
Kenya,KEN,2003,.523238639831543,.4379199981689453,.4379199981689453,KEN,.041438832597037,.0181468934950177,.0060275900029988,.0241744834980165,.0241744834980165,0,0,-.0638000106811524,2005,.2912653350830078,2004,0,0,1,1,.0507101682753341,0,.0144880342011448,0,.012759295258828,0,.0015717488636868,0,.0507101682753341,0,.0062467125140769,0
Kenya,KEN,2004,.5237166976928711,.4075500106811523,.4075500106811523,KEN,.0356858838549681,.0145437823462586,.0061462972271136,.0206900795733723,.0206900795733723,0,0,-.0368899917602539,2006,.2798891067504883,2005,0,0,1,1,.0541945721999783,0,.015785000231507,0,.0162436991834722,0,.0015092892111594,0,.0541945721999783,0,.0050355083654868,0
Kenya,KEN,2005,.5199403762817383,.374119987487793,.374119987487793,KEN,.0292410074378852,.0109396453367921,.0052085935130999,.016148238849892,.016148238849892,0,0,-.0321699905395508,2007,.264889144897461,2006,0,0,1,1,.0587364129234586,0,.0164396821468747,0,.0207855399069525,0,.0021489782645087,0,.0587364129234586,0,.0060726483542292,0
Kenya,KEN,2006,.5285877609252929,.3706600189208984,.3706600189208984,KEN,.0288098101204446,.0106786447643515,.0073558378320981,.0180344825964496,.0180344825964496,0,0,-.0281200027465821,2008,.2603400993347168,2007,0,0,1,1,.056850169176901,0,.0150589927005453,0,.0188992961603949,0,.0019584588861059,0,.056850169176901,0,.0058911569010939,0
Kenya,KEN,2007,.5285835647583008,.3419499969482422,.3419499969482422,KEN,.0233594046466296,.0079877483476278,.0073547958759337,.0153425442235615,.0153425442235615,0,0,.0176599884033203,2009,.2616329956054688,2008,0,0,1,1,.0595421075497891,0,.0155011981941105,0,.021591234533283,0,.002059250485912,0,.0595421075497891,0,.0056787912574023,0
Kenya,KEN,2008,.5284622955322266,.3425400161743164,.3425400161743164,KEN,.0234682492465268,.0080388144764882,.0073246833427817,.0153634978192699,.0153634978192699,0,0,.0244099807739258,2010,.2653853225708008,2009,0,0,1,1,.0595211539540807,0,.0155726978109004,0,.0215702809375746,0,.0020128363313857,0,.0595211539540807,0,.0055542318392376,0
Kenya,KEN,2009,.5327435302734375,.3596099853515625,.3596099853515625,KEN,.0268205163276336,.0096449254837017,.0083877628003625,.0180326882840642,.0180326882840642,0,0,-.0027399826049805,2011,.2576479721069336,2010,0,0,1,1,.0568519634892864,0,.0150876766693877,0,.0189010904727803,0,.0017082618306145,0,.0568519634892864,0,.0051382241338984,0
Kenya,KEN,2010,.5306078338623047,.3669499969482422,.3669499969482422,KEN,.0281582124006818,.0103326559544981,.0078574450019831,.0181901009564813,.0181901009564813,0,0,.0092100143432617,2012,.2487065315246582,2011,0,0,1,1,.0566945508168693,0,.0146072360474799,0,.0187436778003632,0,.0017715765712252,0,.0566945508168693,0,.0053585395039898,0
Kenya,KEN,2011,.5241162490844726,.356870002746582,.356870002746582,KEN,.0260752426368595,.0093054719114339,.0062455103986248,.0155509823100587,.0155509823100587,0,0,.0406900024414062,2013,.241506290435791,2012,0,0,1,1,.0593336694632919,0,.0147566711348459,0,.0213827964467858,0,.002216129609964,0,.0593336694632919,0,.0061493875271485,0
Kenya,KEN,2012,.5197709655761719,.3761600112915039,.3761600112915039,KEN,.0296238639856101,.0111433130113251,.0051665269010433,.0163098399123684,.0163098399123684,0,0,.0366499710083008,2014,.2491294479370117,2013,0,0,1,1,.0585748118609822,0,.0141461855255202,0,.0206239388444761,0,.0021580908756132,0,.0585748118609822,0,.0061292737517887,0
Kenya,KEN,2013,.5158582687377929,.3975600051879883,.3975600051879883,KEN,.0335843316227764,.0133517870541861,.0041949596116857,.0175467466658718,.0175467466658718,0,0,.0607600021362305,2015,.2596232414245606,2014,0,0,1,1,.0573379051074788,0,.014284560645291,0,.0193870320909727,0,.0021774703461623,0,.0573379051074788,0,.0064399536502927,0
Kenya,KEN,2014,.5123193740844727,.4128099822998047,.4128099822998047,KEN,.0363870370420166,.0150209321172572,.0033162116719211,.0183371437891783,.0183371437891783,0,0,.0911800003051758,2016,.2549768829345703,2015,0,0,1,1,.0565475079841723,0,.014681047317332,0,.0185966349676661,0,.0024487533244503,0,.0565475079841723,0,.007446019046262,0
Kenya,KEN,2015,.5071034240722656,.4583200073242187,.4583200073242187,KEN,.0448905341745486,.0205742299516672,.0020210317425493,.0225952616942165,.0225952616942165,0,0,.0803400039672851,2017,.2738996696472168,2016,0,0,1,1,.0522893900791341,0,.0133325856929275,0,.014338517062628,0,.0020631741341292,0,.0522893900791341,0,.0075239382587091,0
Kenya,KEN,2016,.5020100402832032,.5039899826049805,.5039899826049805,KEN,.0534275943759055,.0269269723601386,.0007562864055076,.0276832587656462,.0276832587656462,0,0,.0605000305175781,2018,.2875128555297852,2017,0,0,1,1,.0472013930077044,0,.0129284459516987,0,.0092505199911983,0,.0014518730542807,0,.0472013930077044,0,.0074082787451523,0
Kenya,KEN,2017,.5105216979980469,.5386600112915039,.5386600112915039,KEN,.0602314347556485,.0324442653255811,.0028698281787509,.035314093504332,.035314093504332,0,0,.0521899795532227,2019,.2931634140014648,2018,0,0,1,1,.0395705582690186,0,.0113770442028333,0,.0016196852525125,0,.0002907827278031,0,.0395705582690186,0,.0071041178255522,0
Kenya,KEN,2018,.5093405532836914,.5644900131225586,.5644900131225586,KEN,.065104168863946,.0367506531363422,.0025765364631216,.0393271895994638,.0393271895994638,0,0,.115099983215332,2020,.2960740089416504,2019,0,0,1,1,.0355574621738868,0,.0104241470041246,0,0,.0023934108426193,0,.0004739616590294,.0355574621738868,0,.0070413626706765,0
Kenya,KEN,2019,.5030609512329102,.5908499908447266,.5908499908447266,KEN,.0699444762427213,.041326693147651,.0010172395907245,.0423439327383755,.0423439327383755,0,0,.0914700317382813,2021,.2954496955871582,2020,0,0,1,1,.0325407190349751,0,.0096344611385289,0,0,.005410153981531,0,.0011504533198149,.0325407190349751,0,.0069196881217709,0
Kenya,KEN,2020,.5010275650024414,.6795899963378906,.6795899963378906,KEN,.0867377754297154,.0589461244866371,.0005123265780996,.0594584510647367,.0594584510647367,0,0,-.0015899658203125,2022,.3005969429016113,2021,0,0,1,1,.0154262007086139,0,.0045576663034264,0,0,.0225246723078922,0,.0053041361177421,.0154262007086139,0,.0036325797427663,0
Kenya,KEN,2021,.5006044006347656,.6823200225830078,.6823200225830078,KEN,.0872450003448417,.0595290106055469,.0004072500350813,.0599362606406282,.0599362606406282,0,0,.0517299652099609,2023,.3051381492614746,2022,0,0,1,1,.0149483911327224,0,.0044934406757939,0,0,.0230024818837837,0,.005595050287359,.0149483911327224,0,.0036359989554716,0
Kenya,KEN,2022,.4998439025878906,.6780000305175782,.6780000305175782,KEN,.0864050511181739,.0585826272949948,.0002184096887717,.0588010369837665,.0588010369837665,0,0,,,.3055568504333496,2023,1,0,0,1,,,,,0,.021867258226922,0,.0055921064288334,.0160836147895841,0,.0041130572809069,0
Kenya,KEN,2023,.5004829025268555,.7340499877929687,.7340499877929687,KEN,.0970622203284266,.07124852164724,.0003770806679567,.0716256023151967,.0716256023151967,0,0,,,,,1,1,0,0,,,,,,,,,,,,
Korea,KOR,1995,.3807489013671875,.0848499965667725,.0848499965667725,KOR,-.0293058666722452,-.0024866026865263,-.0293542386127982,-.0318408412993245,-.0318408412993245,0,0,.0120900058746338,1997,.5404385375976563,1996,0,0,1,1,.1067254930726751,0,.0571685104273254,0,.068774620056169,0,.001887121926811,0,.1067254930726751,0,.0029284642788673,0
Korea,KOR,1996,.3813215255737304,.0781099987030029,.0781099987030029,KOR,-.0305704426169941,-.0023878572331636,-.0292120494856687,-.0315999067188323,-.0315999067188323,0,0,.0600600051879883,1998,.5507943344116211,1997,0,0,1,1,.1064845584921829,0,.0575483590682474,0,.0685336854756768,0,.0016189720135528,0,.1064845584921829,0,.0025154859085399,0
Korea,KOR,1997,.3783153533935547,.0969400024414063,.0969400024414063,KOR,-.0270742061176257,-.0026245736071418,-.0299585163541945,-.0325830899613363,-.0325830899613363,0,0,.060649995803833,1999,.5490679550170898,1998,0,0,1,1,.1074677417346869,0,.0591926232794769,0,.0695168687181808,0,.0017305144153442,0,.1074677417346869,0,.0026752424222429,0
Korea,KOR,1998,.3754692459106445,.1381700038909912,.1381700038909912,KOR,-.0193213887730803,-.0026696363619559,-.0306652373312118,-.0333348736931677,-.0333348736931677,0,0,.0226999950408936,2000,.5621649551391602,1999,0,0,1,1,.1082195254665183,0,.0594198735408211,0,.0702686524500122,0,.0025030002519027,0,.1082195254665183,0,.0038548270111794,0
Korea,KOR,1999,.3737557983398437,.1575899982452393,.1575899982452393,KOR,-.0156794169219998,-.0024709192852243,-.0310907059224633,-.0335616252076876,-.0335616252076876,0,0,.0086600017547608,2001,.5761408233642578,2000,0,0,1,1,.1084462769810383,0,.0609646964340543,0,.0704954039645321,0,.0039139199870537,0,.1084462769810383,0,.0060209606176766,0
Korea,KOR,2000,.3724760437011719,.1608699989318848,.1608699989318848,KOR,-.0150901366584244,-.0024275502681227,-.0314084836079567,-.0338360338760794,-.0338360338760794,0,0,.0035700035095215,2002,.5884614562988282,2001,0,0,1,1,.10872068564943,0,.0626384253467893,0,.0707698126329239,0,-.0048834934034543,0,.10872068564943,0,-.0075023054524948,0
Korea,KOR,2001,.3711313629150391,.16625,.16625,KOR,-.0141038875462887,-.0023447713045705,-.0317423831970124,-.0340871545015829,-.0340871545015829,0,0,.0247699928283691,2003,.5970889663696289,2002,0,0,1,1,.1089718062749335,0,.0641257078160612,0,.0710209332584274,0,-.0036205598399511,0,.1089718062749335,0,-.0055552486764758,0
Korea,KOR,2002,.3705017852783203,.1644400024414062,.1644400024414062,KOR,-.0144639245071451,-.0023784477812673,-.0318987145109919,-.0342771622922591,-.0342771622922591,0,0,.0515900039672852,2004,.600373649597168,2003,0,0,1,1,.1091618140656097,0,.0651793147274685,0,.0712109410491036,0,-.0044406718822574,0,.1091618140656097,0,-.006807265726247,0
Korea,KOR,2003,.3704393768310547,.1910199928283692,.1910199928283692,KOR,-.0094196211009289,-.0017993359551454,-.0319142112408556,-.033713547196001,-.033713547196001,0,0,.0581500053405762,2005,.608535270690918,2004,0,0,1,1,.1085981989693516,0,.065199497054909,0,.0706473259528455,0,-.0037188559932941,0,.1085981989693516,0,-.0057165796107793,0
Korea,KOR,2004,.3701050186157226,.2160300064086914,.2160300064086914,KOR,-.0046804574410577,-.0010111192509873,-.0319972362025031,-.0330083554534904,-.0330083554534904,0,0,.0543999862670899,2006,.6194781112670898,2005,0,0,1,1,.1078930072268409,0,.0656567003584428,0,.0699421342103348,0,-.0027921162502564,0,.1078930072268409,0,-.0043071293458269,0
Korea,KOR,2005,.3677494430541992,.2491699981689453,.2491699981689453,KOR,.0015493563169744,.0003860531106636,-.0325821525038985,-.032196099393235,-.032196099393235,0,0,.0142900085449219,2007,.6458428955078125,2006,0,0,1,1,.1070807511665856,0,.0663341814857377,0,.0691298781500795,0,-.0018269186642962,0,.1070807511665856,0,-.0028298592175786,0
Korea,KOR,2006,.3681682968139648,.2704299926757813,.2704299926757813,KOR,.0055962722703068,.0015133998690707,-.032478146334031,-.0309647464649602,-.0309647464649602,0,0,-.0118699836730957,2008,.6663948822021485,2007,0,0,1,1,.1058493982383108,0,.0683620818459902,0,.0678985252218047,0,-.0021017834642043,0,.1058493982383108,0,-.0032765441397513,0
Korea,KOR,2007,.3672691345214844,.2634600067138672,.2634600067138672,KOR,.0042496313003352,.0011196078909178,-.0327014185954106,-.0315818107044929,-.0315818107044929,0,0,.0244499969482422,2009,.6624706268310547,2008,0,0,1,1,.1064664624778435,0,.070948705721402,0,.0685155894613374,0,-.0023671536127365,0,.1064664624778435,0,-.0036783230396335,0
Korea,KOR,2008,.366517105102539,.2585600090026856,.2585600090026856,KOR,.0032997950735908,.0008531950439346,-.0328881560847339,-.0320349610407992,-.0320349610407992,0,0,.0241899871826172,2010,.6681448364257813,2009,0,0,1,1,.1069196128141498,0,.0708311029215235,0,.0689687397976437,0,-.0014872145849627,0,.1069196128141498,0,-.0023055721775157,0
Korea,KOR,2009,.3660447692871094,.2879100036621094,.2879100036621094,KOR,.0088592582042379,.0025506690620257,-.0330054424595335,-.0304547733975078,-.0304547733975078,0,0,.0290900039672851,2011,.6980223083496093,2010,0,0,1,1,.1053394251708584,0,.070381992999969,0,.0673885521543523,0,-.0022692272773683,0,.1053394251708584,0,-.0035471766247848,0
Korea,KOR,2010,.3653825378417969,.2827499961853027,.2827499961853027,KOR,.007862405007725,.0022230949859416,-.033169882086938,-.0309467871009965,-.0309467871009965,0,0,.0526099967956543,2012,.7013922882080078,2011,0,0,1,1,.1058314388743471,0,.0738727052590323,0,.0678805658578409,0,-.0024722516123629,0,.1058314388743471,0,-.0038544455557977,0
Korea,KOR,2011,.3641575622558594,.3170000076293945,.3170000076293945,KOR,.014332445756843,.0045433854142671,-.0334740575083212,-.0289306720940541,-.0289306720940541,0,0,.0430699920654297,2013,.7022859191894532,2012,0,0,1,1,.1038153238674047,0,.0728152675584144,0,.0658644508508986,0,-.002297979965722,0,.1038153238674047,0,-.003622068221935,0
Korea,KOR,2012,.3643527603149414,.335359992980957,.335359992980957,KOR,.017822989464553,.0059771176217322,-.0334255876020177,-.0274484699802855,-.0274484699802855,0,0,.0433900070190429,2014,.7139290618896484,2013,0,0,1,1,.1023331217536361,0,.0718671104742786,0,.06438224873713,0,-.0013661513948909,0,.1023331217536361,0,-.0021714453870364,0
Korea,KOR,2013,.3633062744140625,.3600699996948242,.3600699996948242,KOR,.022486618001598,.008096756536973,-.0336854419970976,-.0255886854601245,-.0255886854601245,0,0,.0283599853515625,2015,.7283368682861329,2014,0,0,1,1,.1004733372334752,0,.0717308353960172,0,.0625224642169691,0,-.001335302545908,0,.1004733372334752,0,-.0021458255793973,0
Korea,KOR,2014,.3621115112304688,.37875,.37875,KOR,.0260016440990571,.0098481227025179,-.0339821153340969,-.024133992631579,-.024133992631579,0,0,.0126900100708008,2016,.722231216430664,2015,0,0,1,1,.0990186444049296,0,.0721189293678246,0,.0610677713884235,0,-.0012893448181542,0,.0990186444049296,0,-.002090614626365,0
Korea,KOR,2015,.3621993255615235,.3884299850463867,.3884299850463867,KOR,.0278415789324853,.0108145040884131,-.033960310033274,-.0231458059448609,-.0231458059448609,0,0,-.0083199691772461,2017,.7065058898925781,2016,0,0,1,1,.0980304577182115,0,.0708006567250787,0,.0600795847017054,0,-.0009838393964639,0,.0980304577182115,0,-.0016053078068934,0
Korea,KOR,2016,.3617984771728516,.3914400100708008,.3914400100708008,KOR,.0284025409777058,.0111178909263495,-.0340598452639633,-.0229419543376138,-.0229419543376138,0,0,-.0129000091552734,2018,.7110513305664062,2017,0,0,1,1,.0978266061109644,0,.0691150734055976,0,.0598757330944583,0,-.0008144531617866,0,.0978266061109644,0,-.001330675793618,0
Korea,KOR,2017,.3620629501342774,.3801100158691406,.3801100158691406,KOR,.0262585616868883,.0099811422995039,-.033994173608618,-.024013031309114,-.024013031309114,0,0,.0171899795532227,2019,.7165592193603516,2018,0,0,1,1,.0988976830824646,0,.0703213291457213,0,.0609468100659585,0,-.000962132238493,0,.0988976830824646,0,-.0015612408443185,0
Korea,KOR,2018,.3622951889038086,.3785400009155274,.3785400009155274,KOR,.0259665707904918,.0098293857308059,-.0339365060710812,-.0241071203402753,-.0241071203402753,0,0,.0806100082397461,2020,.7140791320800781,2019,0,0,1,1,.0989917721136259,0,.0709334669488376,0,.0610408990971198,0,-.001102572691483,0,.0989917721136259,0,-.0017880736723804,0
Korea,KOR,2019,.3601791381835938,.3972999954223633,.3972999954223633,KOR,.0294727432422309,.0117095207552228,-.0344619456201453,-.0227524248649225,-.0227524248649225,0,0,.0825799942016602,2021,.7143379974365235,2020,0,0,1,1,.0976370766382731,0,.0697205989446941,0,.059686203621767,0,-.0013445201408951,0,.0976370766382731,0,-.0021994197665875,0
Korea,KOR,2020,.3582615661621094,.4591500091552734,.4591500091552734,KOR,.0411642820681905,.0189005804884799,-.0349381006426319,-.016037520154152,-.016037520154152,0,0,.0388299942016602,2022,.7185292053222656,2021,0,0,1,1,.0909221719275026,0,.0649491622172715,0,.0529712989109965,0,-.0011132451606233,0,.0909221719275026,0,-.00191082095347,0
Korea,KOR,2021,.3575287628173828,.4798799896240235,.4798799896240235,KOR,.0450805295512613,.0216332440533047,-.0351200640782563,-.0134868200249516,-.0134868200249516,0,0,.025510025024414,2023,.7222982025146485,2022,0,0,1,1,.0883714717983022,0,.0634974834043931,0,.0504205987817961,0,-.0007957399849342,0,.0883714717983022,0,-.0013946822397274,0
Korea,KOR,2022,.3567074584960938,.4979800033569336,.4979800033569336,KOR,.048495196177078,.0241496379550564,-.0353240033166214,-.011174365361565,-.011174365361565,0,0,,,.7269998168945313,2023,1,0,0,1,,,,,.0481081441184095,0,-.0004526611832845,0,.0860590171349156,0,-.0008097501419451,0
Korea,KOR,2023,.3568861770629883,.5053900146484375,.5053900146484375,KOR,.049906572364848,.0252222833385238,-.0352796254563455,-.0100573421178217,-.0100573421178217,0,0,,,,,1,1,0,0,,,,,,,,,,,,
Sri Lanka,LKA,1995,.481387710571289,.7780699920654297,.7780699920654297,LKA,.1049206933536773,.0816356430451951,-.0043644734708812,.0772711695743139,.0772711695743139,0,0,-.0765999603271484,1997,.3528108596801758,1996,0,0,1,1,0,.0023865178009633,0,.0008458775572768,0,.0403373908174694,0,.0106909850153329,0,.0023865178009633,0,.0006325204861261
Sri Lanka,LKA,1996,.4804489135742188,.7622699737548828,.7622699737548828,LKA,.1018967293181533,.0776728171830571,-.0045975874818503,.0730752297012068,.0730752297012068,0,0,-.0198400115966797,1998,.3543094635009766,1997,0,0,1,1,.0018094220721438,0,.0006383837567973,0,0,.0361414509443623,0,.0116085316344632,.0018094220721438,0,.0005811812424718,0
Sri Lanka,LKA,1997,.4788906097412109,.7014700317382813,.7014700317382813,LKA,.0903138374746493,.0633524504397482,-.0049845321120043,.0583679183277439,.0583679183277439,0,0,.0754799652099609,1999,.3546077346801758,1998,0,0,1,1,.0165167334456067,0,.0058520349659015,0,0,.0214341395708994,0,.0069266618551703,.0165167334456067,0,.005337551673174,0
Sri Lanka,LKA,1998,.4767531967163086,.7424299621582031,.7424299621582031,LKA,.0980338770586873,.0727832876349031,-.0055152761651782,.0672680114697249,.0672680114697249,0,0,.0495900726318359,2000,.3516964340209961,1999,1,1,0,0,,,,,,,,,,,,
Sri Lanka,LKA,1999,.4743131256103515,.7769499969482422,.7769499969482422,LKA,.1045234726915928,.0812095117887527,-.0061211736747938,.0750883381139589,.0750883381139589,0,0,.0666899871826172,2001,.3464695358276367,2000,1,1,0,0,,,,,,,,,,,,
Sri Lanka,LKA,2000,.4732791900634766,.792020034790039,.792020034790039,LKA,.1073573819208987,.0850291973639577,-.0063779116737092,.0786512856902485,.0786512856902485,0,0,.170989990234375,2002,.3556459426879883,2001,0,0,1,1,0,.0037666339168979,0,.0013050239048203,0,.041717506933404,0,.0138330876013969,0,.0037666339168979,0,.0012489762875336
Sri Lanka,LKA,2001,.4743634033203125,.8436399841308594,.8436399841308594,LKA,.1171851778924249,.0988621016175372,-.0061086891454782,.0927534124720591,.0927534124720591,0,0,.0208599853515625,2003,.3639169311523437,2002,0,0,1,1,0,.0178687606987085,0,.0063549522433582,0,.0558196337152146,0,.0219494701131473,0,.0178687606987085,0,.0070263776884723
Sri Lanka,LKA,2002,.4667110443115234,.963010025024414,.963010025024414,LKA,.13964664823077,.1344811222072893,-.0080088572409039,.1264722649663854,.1264722649663854,0,0,-.0980200195312499,2004,.3589512252807617,2003,0,0,1,1,0,.0515876131930348,0,.0187736058786834,0,.0895384862095409,0,.0387869106411804,0,.0515876131930348,0,.022347084787958
Sri Lanka,LKA,2003,.4705816268920898,.8644999694824219,.8644999694824219,LKA,.1210465467660818,.1046447359852303,-.0070477474025056,.0975969885827247,.0975969885827247,0,0,-.0986100006103516,2005,.3569894790649414,2004,0,0,1,1,0,.0227123368093741,0,.0081526211267142,0,.0606632098258802,0,.0266850065029185,0,.0227123368093741,0,.0099908800934575
Sri Lanka,LKA,2004,.4694029998779297,.8649900054931641,.8649900054931641,LKA,.1211088203367826,.1047579191683842,-.0073404139444363,.097417505223948,.097417505223948,0,0,-.1220899963378906,2006,.3386230087280274,2005,0,0,1,1,0,.0225328534505974,0,.0080439916151754,0,.0604837264671035,0,.0226299983477671,0,.0225328534505974,0,.0084306716226362
Sri Lanka,LKA,2005,.4722208404541016,.7658899688720703,.7658899688720703,LKA,.1023692473398517,.0784035796585763,-.0066407119630357,.0717628676955405,.0717628676955405,0,0,-.0473999786376953,2007,.3360476684570313,2006,0,0,1,1,.0031217840778101,0,.0010571079170273,0,0,.0348290889386961,0,.0101482729102653,.0031217840778101,0,.0009096050960248,0
Sri Lanka,LKA,2006,.4751982879638672,.7429000091552734,.7429000091552734,LKA,.0980825373817225,.0728655179188541,-.0059013777580718,.0669641401607823,.0669641401607823,0,0,-.0550800323486328,2008,.3351395797729492,2007,0,0,1,1,.0079205116125683,0,.0026616694603904,0,0,.0300303614039378,0,.0089145567267234,.0079205116125683,0,.0023512154624171,0
Sri Lanka,LKA,2007,.4766225051879883,.718489990234375,.718489990234375,LKA,.0934857147431919,.0671685502728895,-.0055477283635358,.0616208219093537,.0616208219093537,0,0,.009010009765625,2009,.3364783859252929,2008,0,0,1,1,.0132638298639969,0,.0044452343667998,0,0,.0246870431525092,0,.0075726589502969,.0132638298639969,0,.0040686306300154,0
Sri Lanka,LKA,2008,.4768507385253906,.6878199768066406,.6878199768066406,LKA,.0876692904090885,.0603006892958339,-.0054910554205196,.0548096338753142,.0548096338753142,0,0,-.0005099487304687,2010,.3341410446166992,2009,0,0,1,1,.0200750178980364,0,.0067548096197526,0,0,.0178758551184698,0,.0055328732443826,.0200750178980364,0,.0062135505503054,0
Sri Lanka,LKA,2009,.4788369369506836,.7275,.7275,LKA,.0952539529048259,.0692972507382609,-.0049978596785802,.0642993910596807,.0642993910596807,0,0,-.0332199859619141,2011,.3285117721557617,2010,0,0,1,1,.0105852607136699,0,.0035369700724058,0,0,.0273656123028362,0,.0116806549682548,.0105852607136699,0,.0045181805828838,0
Sri Lanka,LKA,2010,.4859460830688477,.6873100280761719,.6873100280761719,LKA,.0878098122426055,.0603525645178286,-.0032325775448042,.0571199869730244,.0571199869730244,0,0,-.0122700500488282,2012,.3315810394287109,2011,0,0,1,1,.0177646648003262,0,.0058359015153083,0,0,.0201862082161799,0,.0085329767401699,.0177646648003262,0,.0075093583656092,0
Sri Lanka,LKA,2011,.4866070938110352,.6942800140380859,.6942800140380859,LKA,.0891502389823586,.0618952291721706,-.0030684410319203,.0588267881402504,.0588267881402504,0,0,.0002899932861328,2013,.336944465637207,2012,0,0,1,1,.0160578636331002,0,.0053244831144679,0,0,.0218930093834059,0,.0079433480998235,.0160578636331002,0,.0058262068198761,0
Sri Lanka,LKA,2012,.4905566024780273,.6750399780273437,.6750399780273437,LKA,.0856007772054866,.0577839467639152,-.002087732945302,.0556962138186132,.0556962138186132,0,0,.0205699920654298,2014,.3518498229980469,2013,0,0,1,1,.0191884379547374,0,.0064654379730717,0,0,.0187624350617687,0,.0071788902553135,.0191884379547374,0,.0073418876491486,0
Sri Lanka,LKA,2013,.4906317138671875,.6945700073242187,.6945700073242187,LKA,.0893103079681648,.0620322612595764,-.0020690819299587,.0599631793296178,.0599631793296178,0,0,.0687699890136719,2015,.3684761810302735,2014,0,0,1,1,.0149214724437328,0,.0052501174381976,0,0,.0230294005727733,0,.0088664676873412,.0149214724437328,0,.0057448630871584,0
Sri Lanka,LKA,2014,.4861583328247071,.6956099700927735,.6956099700927735,LKA,.0893910073762425,.0621812759675509,-.0031798735075416,.0590014024600093,.0590014024600093,0,0,.0543900299072265,2016,.3852066040039063,2015,0,0,1,1,.0158832493133413,0,.0058525990493317,0,0,.0220676237031648,0,.0079948002811975,.0158832493133413,0,.0057542854538715,0
Sri Lanka,LKA,2015,.4862101364135742,.7633399963378906,.7633399963378906,LKA,.1022501928798141,.0780516618584259,-.0031670100850753,.0748846517733506,.0748846517733506,0,0,-.0407399749755859,2017,.3862142181396485,2016,0,0,1,1,0,0,0,0,0,.0379508730165061,0,.0136959677738779,0,0,0,0
Sri Lanka,LKA,2016,.4870208358764648,.75,.75,LKA,.0997388888183211,.0748041666137408,-.0029657041541076,.0718384624596332,.0718384624596332,0,0,.0858499908447266,2018,.3826420211791992,2017,0,0,1,1,.0030461893137174,0,.0011764816241027,0,0,.0349046837027887,0,.0125881846239298,.0030461893137174,0,.0010985916333473,0
Sri Lanka,LKA,2017,.4846091842651367,.7226000213623047,.7226000213623047,LKA,.0944743621369228,.0682671760983305,-.0035645447787914,.0647026313195392,.0647026313195392,0,0,.1033399963378906,2019,.3837472534179687,2018,0,0,1,1,.0101820204538114,0,.0038960688861344,0,0,.0277688525626947,0,.0111023282212959,.0101820204538114,0,.0040708967998926,0
Sri Lanka,LKA,2018,.474161491394043,.8358499908447266,.8358499908447266,LKA,.1157010609177654,.0967087307088394,-.0061588261816448,.0905499045271946,.0905499045271946,0,0,.1329599761962891,2020,.3947871017456055,2019,0,0,1,1,0,.015665252753844,0,.0060114977183859,0,.0536161257703501,0,.0236476579136526,0,.015665252753844,0,.006909237341029
Sri Lanka,LKA,2019,.4622436141967773,.8259400177001953,.8259400177001953,LKA,.1135087763856248,.0937514407770704,-.0091181711351991,.0846332696418713,.0846332696418713,0,0,.2007499694824219,2021,.3949221420288086,2020,0,0,1,1,0,.0097486178685207,0,.0038486285943387,0,.0476994908850268,0,.0226426686883505,0,.0097486178685207,0,.0046276117516286
Sri Lanka,LKA,2020,.4492264175415039,.9688099670410156,.9688099670410156,LKA,.1402914694974309,.1359157739399417,-.0123504896591764,.1235652842807653,.1235652842807653,0,0,.1906100463867187,2022,.3893318176269531,2021,0,0,1,1,0,.0486806325074147,0,.0192250596651455,0,.0866315055239208,0,.0618373481514109,0,.0486806325074147,0,.0347481115835012
Sri Lanka,LKA,2021,.4572139358520508,1.026689987182617,1.026689987182617,LKA,.1514878061779916,.155531013783205,-.010367097683199,.1451639161000059,.1451639161000059,0,0,.0770700073242188,2023,.3782544326782227,2022,0,0,1,1,0,.0702792643266553,0,.0273619537217818,0,.1082301373431614,0,.0775100179373698,0,.0702792643266553,0,.0503311477958537
Sri Lanka,LKA,2022,.4741091156005859,1.159420013427734,1.159420013427734,LKA,.1771260628924614,.2053635022171793,-.0061718316890426,.1991916705281367,.1991916705281367,0,0,,,.3842419815063476,2023,1,0,0,1,,,,,0,.1622578917712922,0,.1261941218724155,0,.1243070187547861,0,.0966782872813927
Sri Lanka,LKA,2023,.474665412902832,1.103759994506836,1.103759994506836,LKA,.1665741089839585,.1838578376171152,-.0060336967186256,.1778241408984896,.1778241408984896,0,0,,,,,1,1,0,0,,,,,,,,,,,,
Lithuania,LTU,1995,.3956436157226563,,,LTU,,,-.0256557110115402,,,,,,,.4456064605712891,1996,5,5,0,0,,,,,,,,,,,,
Lithuania,LTU,1996,.3914973068237305,,,LTU,,,-.0266852868422703,,,,,,,.448662109375,1997,3,3,0,0,,,,,,,,,,,,
Lithuania,LTU,1997,.3910124588012696,,,LTU,,,-.0268056801409057,,,,,,,.4508704376220703,1998,3,3,0,0,,,,,,,,,,,,
Lithuania,LTU,1998,.3881405639648438,.2169499969482422,.2169499969482422,LTU,-.0040351946798071,-.0008754354734697,-.0275188044121698,-.0283942398856395,-.0283942398856395,0,0,.0179000091552734,2000,.4450762557983399,1999,1,2,0,0,,,,,,,,,,,,
Lithuania,LTU,1999,.3894263076782227,.2800200080871582,.2800200080871582,LTU,.00797153385871,.002232188975583,-.0271995395710599,-.0249673505954769,-.0249673505954769,0,0,-.051200008392334,2001,.4450077438354492,2000,1,2,0,0,,,,,,,,,,,,
Lithuania,LTU,2000,.3904580307006836,.2348500061035156,.2348500061035156,LTU,-.0005765949990681,-.0001354133390504,-.0269433509672131,-.0270787643062635,-.0270787643062635,0,0,-.0135799980163574,2002,.4555531311035156,2001,0,0,1,1,.1019634160796141,0,.0453745097433442,0,.064012543063108,0,.0021175320809528,0,.1019634160796141,0,.0033729452744795,0
Lithuania,LTU,2001,.3852834701538086,.2288199996948242,.2288199996948242,LTU,-.0018563512409626,-.0004247702903906,-.0282282534198721,-.0286530237102627,-.0286530237102627,0,0,-.0251399993896484,2003,.4701134872436523,2002,0,0,1,1,.1035376754836133,0,.0471669122537397,0,.0655868024671072,0,.0012572296107941,0,.1035376754836133,0,.0019847076935345,0
Lithuania,LTU,2002,.3823907089233398,.2212700080871582,.2212700080871582,LTU,-.0033651203522178,-.0007446002075495,-.0289465590549721,-.0296911592625216,-.0296911592625216,0,0,-.0351200103759766,2004,.4761689376831055,2003,0,0,1,1,.1045758110358722,0,.0491624992074071,0,.0666249380193661,0,.0016378153528248,0,.1045758110358722,0,.0025707471397403,0
Lithuania,LTU,2003,.3819135665893555,.2036800003051758,.2036800003051758,LTU,-.0067168488492845,-.0013680877756721,-.0290650389431965,-.0304331267188686,-.0304331267188686,0,0,-.0272500038146972,2005,.479157829284668,2004,0,0,1,1,.1053177784922192,0,.0501490547037846,0,.0673669054757131,0,.0017713531321313,0,.1053177784922192,0,.0027692377360061,0
Lithuania,LTU,2004,.3811241912841797,.1861499977111817,.1861499977111817,LTU,-.010065333272807,-.0018736617656953,-.0292610498423832,-.0311347116080785,-.0311347116080785,0,0,-.0131699943542481,2006,.5006911087036133,2005,0,0,1,1,.1060193633814291,0,.050800008019988,0,.068068490364923,0,.0012880987554675,0,.1060193633814291,0,.0020062647091913,0
Lithuania,LTU,2005,.3824203872680664,.1764299964904785,.1764299964904785,LTU,-.0118767509511202,-.0020954151286244,-.028939189583191,-.0310346047118154,-.0310346047118154,0,0,-.0175399971008301,2007,.5412668228149414,2006,0,0,1,1,.105919256485166,0,.0530328299626201,0,.0679683834686599,0,.0010325686913696,0,.105919256485166,0,.0016091144511354,0
Lithuania,LTU,2006,.3830506515502929,.1729800033569336,.1729800033569336,LTU,-.0125152500330592,-.0021648879927314,-.0287826877672937,-.0309475757600251,-.0309475757600251,0,0,-.0271000003814697,2008,.5492793655395508,2007,0,0,1,1,.1058322275333757,0,.0572834735484183,0,.0678813545168696,0,.0008985115507457,0,.1058322275333757,0,.0014008482823697,0
Lithuania,LTU,2007,.3808843231201172,.1588899993896484,.1588899993896484,LTU,-.0152466165233608,-.002422534890091,-.0293206118456734,-.0317431467357644,-.0317431467357644,0,0,.1201399993896484,2009,.5556310272216797,2008,0,0,1,1,.1066277985091151,0,.0585684495139658,0,.0686769254926089,0,.0006972276454565,0,.1066277985091151,0,.0010825156828362,0
Lithuania,LTU,2008,.3780974578857422,.1458800029754639,.1458800029754639,LTU,-.0177891469650013,-.0025950808121853,-.0300126222961147,-.0326077031083001,-.0326077031083001,0,0,.221170015335083,2010,.5565301513671875,2009,0,0,1,1,.1074923548816507,0,.0597260875613689,0,.0695414818651446,0,.0007417229551078,0,.1074923548816507,0,.00114650342466,0
Lithuania,LTU,2009,.3750642395019531,.2790299987792969,.2790299987792969,LTU,.0074088329974541,.0020672866622356,-.0307658050457368,-.0286985183835011,-.0286985183835011,0,0,.0956800079345703,2011,.5582549285888672,2010,0,0,1,1,.1035831701568517,0,.0576471573664858,0,.0656322971403456,0,.0019273354849834,0,.1035831701568517,0,.0030417877811509,0
Lithuania,LTU,2010,.3782148361206055,.3670500183105469,.3670500183105469,LTU,.0242007191668259,.0088828744133118,-.029983475940497,-.0211006015271851,-.0211006015271851,0,0,.0320299911499023,2012,.5567469787597656,2011,0,0,1,1,.0959852533005358,0,.0535842407268749,0,.0580343802840296,0,.0026151174766578,0,.0959852533005358,0,.0043252415581791,0
Lithuania,LTU,2011,.3789196395874023,.3747100067138672,.3747100067138672,LTU,.0256732783290347,.0096200342950396,-.029808465194188,-.0201884308991484,-.0201884308991484,0,0,.0138800048828125,2013,.568297004699707,2012,0,0,1,1,.095073082672499,0,.0529316515392912,0,.0571222096559929,0,.0027671310444129,0,.095073082672499,0,.0046055585057975,0
Lithuania,LTU,2012,.3779197692871094,.3990800094604492,.3990800094604492,LTU,.0302735770543469,.0120815794172504,-.0300567444035139,-.0179751649862635,-.0179751649862635,0,0,.0081599807739258,2014,.5759629058837891,2013,0,0,1,1,.0928598167596141,0,.0527719557214524,0,.054908943743108,0,.0031150518522177,0,.0928598167596141,0,.0052680515135558,0
Lithuania,LTU,2013,.3751171875,.3885900115966797,.3885900115966797,LTU,.0282090317554735,.0109617479769905,-.0307526574534074,-.0197909094764169,-.0197909094764169,0,0,.0355799865722656,2015,.5983777999877929,2014,0,0,1,1,.0946755612497675,0,.0545296113735947,0,.0567246882332614,0,.0029512633087814,0,.0946755612497675,0,.0049257654622223,0
Lithuania,LTU,2014,.3712904739379883,.407239990234375,.407239990234375,LTU,.0316496815063134,.0128890159875522,-.031702874113723,-.0188138581261709,-.0188138581261709,0,0,-.0092300033569336,2016,.5890998077392579,2015,0,0,1,1,.0936985098995215,0,.0560671082158101,0,.0557476368830154,0,.0027845284737975,0,.0936985098995215,0,.0046801296585023,0
Lithuania,LTU,2015,.3690551376342773,.4241699981689453,.4241699981689453,LTU,.0348053376474173,.0147633800061745,-.0322579336348432,-.0174945536286687,-.0174945536286687,0,0,-.0329199981689453,2017,.5759356307983399,2016,0,0,1,1,.0923792054020193,0,.054420572141435,0,.0544283323855132,0,.0024501602295733,0,.0923792054020193,0,.0041585667830576,0
Lithuania,LTU,2016,.3660577011108399,.3980099868774414,.3980099868774414,LTU,.029760920502323,.0118451435785902,-.0330022313400813,-.0211570877614912,-.0211570877614912,0,0,-.0645800018310547,2018,.5715707397460937,2017,0,0,1,1,.0960417395348418,0,.055313859841969,0,.0580908665183357,0,.00230807909854,0,.0960417395348418,0,.0038159515409849,0
Lithuania,LTU,2017,.3676458740234375,.39125,.39125,LTU,.0285190491705124,.011158077987963,-.0326078698765024,-.0214497918885394,-.0214497918885394,0,0,-.0353400039672851,2019,.5777058792114258,2018,0,0,1,1,.09633444366189,0,.0550619492268549,0,.0583835706453839,0,.0019994373794715,0,.09633444366189,0,.0032991248301358,0
Lithuania,LTU,2018,.3713079452514648,.3334299850463867,.3334299850463867,LTU,.0176380835213782,.0058810659247801,-.0316985357871475,-.0258174698623674,-.0258174698623674,0,0,.1255000305175781,2020,.5848808670043946,2019,0,0,1,1,.100702121635718,0,.0581762077180184,0,.0627512486192119,0,.0016992424375381,0,.100702121635718,0,.0027269149602411,0
Lithuania,LTU,2019,.3706695175170898,.3559099960327148,.3559099960327148,LTU,.0218890185075335,.0077905204901763,-.031857064681401,-.0240665441912248,-.0240665441912248,0,0,.0774399948120117,2021,.5889252853393555,2020,0,0,1,1,.0989511959645754,0,.0578746612868826,0,.0610003229480693,0,.0015523304272332,0,.0989511959645754,0,.0025181006408391,0
Lithuania,LTU,2020,.369678955078125,.4589300155639648,.4589300155639648,LTU,.0414204393245345,.0190090828638749,-.0321030326425077,-.0130939497786328,-.0130939497786328,0,0,-.0757300186157226,2022,.5928899383544922,2021,0,0,1,1,.0879786015519834,0,.0518128230227593,0,.0500277285354773,0,.000956316219589,0,.0879786015519834,0,.0016817746098796,0
Lithuania,LTU,2021,.3651355743408203,.4333499908447266,.4333499908447266,LTU,.036445787292602,.0157937815895779,-.033231205943379,-.0174374243538011,-.0174374243538011,0,0,-.0622900009155274,2023,.5925260543823242,2022,0,0,1,1,.0923220761271517,0,.0547368300237857,0,.0543712031106456,0,.0006834138580077,0,.0923220761271517,0,.0011604338807243,0
Lithuania,LTU,2022,.3599204635620117,.3831999969482422,.3831999969482422,LTU,.0267892569466455,.0102656431802002,-.034526177481518,-.0242605343013177,-.0242605343013177,0,0,,,.5983865356445313,2023,1,0,0,1,,,,,.0611943130581622,0,.0004542525918799,0,.0991451860746683,0,.0007359663912564,0
Lithuania,LTU,2023,.3596426391601563,.3710599899291992,.3710599899291992,LTU,.0244773547461958,.0090825670056169,-.034595164451932,-.0255125974463151,-.0255125974463151,0,0,,,,,1,1,0,0,,,,,,,,,,,,
Morocco,MAR,1995,.4360785293579101,.7222000122070312,.7222000122070312,MAR,.0931320853242014,.0672599931580045,-.0156152603815112,.0516447327764933,.0516447327764933,0,0,-.0426399993896485,1997,.3554626846313477,1996,0,0,1,1,.0232399189968573,0,.0082590862152525,0,0,.0147109540196488,0,.0036533929040884,.0232399189968573,0,.0057715193074022,0
Morocco,MAR,1996,.4323079681396484,.6533499908447266,.6533499908447266,MAR,.0799632447594658,.0522439852315116,-.016551533773881,.0356924514576306,.0356924514576306,0,0,-.0081500244140625,1998,.361606674194336,1997,0,0,1,1,.03919220031572,0,.0139313647408354,0,.0012413272992139,0,.000285513352485,0,.03919220031572,0,.0090144609809924,0
Morocco,MAR,1997,.4317449951171875,.6795600128173828,.6795600128173828,MAR,.0849242520203882,.0577111257914817,-.0166913264018323,.0410197993896493,.0410197993896493,0,0,-.0459300231933594,1999,.3664862060546875,1998,0,0,1,1,.0338648523837013,0,.0122457566425523,0,0,.0040860206328048,0,.0008651051058231,.0338648523837013,0,.0071699727773955,0
Morocco,MAR,1998,.4315542984008789,.645199966430664,.645199966430664,MAR,.0783963823132823,.0505813432368152,-.0167386785733413,.033842664663474,.033842664663474,0,0,.0034000396728516,2000,.3603073501586914,1999,0,0,1,1,.0410419871098766,0,.0150413221448441,0,.0030911140933705,0,.0006278849675071,0,.0410419871098766,0,.0083366857270587,0
Morocco,MAR,1999,.4304217147827148,.6336299896240234,.6336299896240234,MAR,.0761703906174322,.0482638438165814,-.0170199120144495,.0312439318021319,.0312439318021319,0,0,-.0292799758911132,2001,.3548196029663086,2000,0,0,1,1,.0436407199712187,0,.0157240721718473,0,.0056898469547126,0,.0010468287190049,0,.0436407199712187,0,.0080291015465862,0
Morocco,MAR,2000,.4321427154541015,.6486000061035156,.6486000061035156,MAR,.0790571980334271,.0512764991270077,-.016592567902102,.0346839312249057,.0346839312249057,0,0,-.0548799896240234,2002,.3526630401611328,2001,0,0,1,1,.0402007205484449,0,.0142640037039587,0,.0022498475319388,0,.0004535205963033,0,.0402007205484449,0,.0081035956864335,0
Morocco,MAR,2001,.433743782043457,.6043500137329102,.6043500137329102,MAR,.0706985795537639,.0427266875242145,-.0161950047913996,.0265316827328149,.0265316827328149,0,0,-.0350600051879884,2003,.3501792144775391,2002,0,0,1,1,.0483529690405358,0,.0170523050626525,0,.0104020960240296,0,.0020295370495776,0,.0483529690405358,0,.0094340738537838,0
Morocco,MAR,2002,.4320481491088867,.5937200164794922,.5937200164794922,MAR,.0686363411174933,.0407507695793702,-.0166160498051167,.0241347197742535,.0241347197742535,0,0,-.0494100189208985,2004,.3428762817382813,2003,0,0,1,1,.0507499319990971,0,.0177715713222324,0,.012799058982591,0,.0020029677272595,0,.0507499319990971,0,.0079420273078724,0
Morocco,MAR,2003,.4308837509155273,.5692900085449218,.5692900085449218,MAR,.0639681774911851,.0364164443105598,-.016905183168417,.0195112611421428,.0195112611421428,0,0,-.0216200256347656,2005,.3498526763916016,2004,0,0,1,1,.0553733906312078,0,.0189862222868699,0,.0174225176147017,0,.0027038925672882,0,.0553733906312078,0,.0085936890789495,0
Morocco,MAR,2004,.4244273376464844,.5443099975585938,.5443099975585938,MAR,.059057513864338,.0321455952273144,-.0185083842846517,.0136372109426627,.0136372109426627,0,0,-.0378900146484376,2006,.3396831893920899,2005,0,0,1,1,.0612474408306879,0,.0214275810967524,0,.0232965678141818,0,.0033219486548317,0,.0612474408306879,0,.0087335119620294,0
Morocco,MAR,2005,.4201832199096679,.5476699829101562,.5476699829101562,MAR,.0595846274844868,.0326327119161369,-.0195622471663417,.0130704647497952,.0130704647497952,0,0,-.0770099639892578,2007,.3526963806152344,2006,0,0,1,1,.0618141870235554,0,.0209972401978404,0,.0238633140070493,0,.0029678588086611,0,.0618141870235554,0,.0076877746068249,0
Morocco,MAR,2006,.4117731857299805,.5064199829101562,.5064199829101562,MAR,.051534300417982,.0260979995369613,-.0216505546557483,.004447444881213,.004447444881213,0,0,-.0865099716186523,2008,.3567083358764648,2007,0,0,1,1,.0704372068921376,0,.0248429479315034,0,.0324863338756315,0,.0037982905102176,0,.0704372068921376,0,.0082354929777203,0
Morocco,MAR,2007,.4165604019165039,.4706600189208984,.4706600189208984,MAR,.0448705627103208,.0211187798942309,-.0204618342293948,.0006569456648361,.0006569456648361,0,0,-.0444400024414062,2009,.3600707626342773,2008,0,0,1,1,.0742277061085145,0,.0264776415218955,0,.0362768330920084,0,.0037677505165306,0,.0742277061085145,0,.0077093686023228,0
Morocco,MAR,2008,.4099971389770508,.4199100112915039,.4199100112915039,MAR,.0350649479251006,.014724122679165,-.0220915673385073,-.0073674446593423,-.0073674446593423,0,0,.0328499984741211,2010,.3679217147827148,2009,0,0,1,1,.0822520964326929,0,.0296165750907879,0,.0443012234161868,0,.0035939811955219,0,.0822520964326929,0,.0066727838437831,0
Morocco,MAR,2009,.404205436706543,.4262200164794922,.4262200164794922,MAR,.0361117097669762,.0153915335319832,-.0235297131259676,-.0081381795939844,-.0081381795939844,0,0,.0593299865722656,2011,.3694432830810547,2010,0,0,1,1,.083022831367335,0,.0305459024827861,0,.0450719583508289,0,.0036650650889088,0,.083022831367335,0,.0067510729943951,0
Morocco,MAR,2010,.3965149307250976,.452760009765625,.452760009765625,MAR,.0409493756524891,.0185402397203172,-.0254393535501609,-.0068991138298437,-.0068991138298437,0,0,.0700600051879883,2012,.3585211563110351,2011,0,0,1,1,.0817837656031943,0,.0302144628671755,0,.0438328925866882,0,.0036549522514246,0,.0817837656031943,0,.0068194394798429,0
Morocco,MAR,2011,.3930888748168945,.4855500030517578,.4855500030517578,MAR,.0470848131969195,.0228620311914557,-.026290082341431,-.0034280511499753,-.0034280511499753,0,0,.0852099990844726,2013,.3679338073730469,2012,0,0,1,1,.0783127029233259,0,.0280767608059134,0,.0403618299068198,0,.0032972990184643,0,.0783127029233259,0,.006397638538156,0
Morocco,MAR,2012,.3920806503295898,.5228200149536133,.5228200149536133,MAR,.0541338251136515,.0283022472554156,-.0265404359907571,.0017618112646585,.0017618112646585,0,0,.0628199768066406,2014,.3752790451049804,2013,0,0,1,1,.0731228405086921,0,.0269043651142952,0,.035171967492186,0,.003067993551649,0,.0731228405086921,0,.0063783865150213,0
Morocco,MAR,2013,.3901324081420898,.5707600021362305,.5707600021362305,MAR,.0631838912735339,.0360628379182575,-.0270242067655728,.0090386311526847,.0090386311526847,0,0,.0131800079345703,2015,.4052666473388672,2014,0,0,1,1,.0658460206206659,0,.0247106317424863,0,.0278951476041598,0,.0025857951813648,0,.0658460206206659,0,.006103725466847,0
Morocco,MAR,2014,.3899006271362305,.5856399917602539,.5856399917602539,MAR,.066002652941874,.038653793125034,-.0270817606351644,.0115720324898696,.0115720324898696,0,0,.0152000045776367,2016,.4091756057739258,2015,0,0,1,1,.063312619283481,0,.0256584929512584,0,.0253617462669749,0,.0025070884931308,0,.063312619283481,0,.0062586518138256,0
Morocco,MAR,2015,.3879294586181641,.5839400100708008,.5839400100708008,MAR,.065628494407935,.0383231036855011,-.0275712242795694,.0107518794059317,.0107518794059317,0,0,.0186700057983399,2017,.4076196670532227,2016,0,0,1,1,.0641327723674189,0,.0262415659833999,0,.0261818993509128,0,.0028593146172848,0,.0641327723674189,0,.0070039140789367,0
Morocco,MAR,2016,.3882118225097656,.6008399963378906,.6008399963378906,MAR,.068844147101401,.041364317092291,-.0275011101020321,.0138632069902589,.0138632069902589,0,0,.003740005493164,2018,.4083772277832031,2017,0,0,1,1,.0610214447830917,0,.0248735410055905,0,.0230705717665856,0,.0024079460444414,0,.0610214447830917,0,.0063689945822825,0
Morocco,MAR,2017,.3859732055664062,.6026100158691406,.6026100158691406,MAR,.0691217531447067,.0416534607594346,-.0280569842434263,.0135964765160083,.0135964765160083,0,0,.0000899887084961,2019,.4106909561157226,2018,0,0,1,1,.0612881752573423,0,.0250286951074846,0,.0233373022408362,0,.0023044849283077,0,.0612881752573423,0,.0060520138406094,0
Morocco,MAR,2018,.370643310546875,.6045800018310546,.6045800018310546,MAR,.0690957221990309,.0417738918536082,-.0318635721712643,.0099103196823438,.0099103196823438,0,0,.1178700256347657,2020,.4170556640625,2019,0,0,1,1,.0649743320910068,0,.026684370569436,0,.0270234590745007,0,.00261283631747,0,.0649743320910068,0,.0062822192422779,0
Morocco,MAR,2019,.3663515472412109,.6027000045776367,.6027000045776367,MAR,.0686268369402318,.0413613949380265,-.032929265991585,.0084321289464415,.0084321289464415,0,0,.0908099746704102,2021,.4268464279174805,2020,0,0,1,1,.0664525228269091,0,.027714401036205,0,.028501649810403,0,.002917144032055,0,.0664525228269091,0,.0068014161169282,0
Morocco,MAR,2020,.3678908920288086,.7224500274658203,.7224500274658203,MAR,.0914002874680474,.0660321401916747,-.0325470291088285,.0334851110828462,.0334851110828462,0,0,-.0087300109863281,2022,.4261339569091797,2021,0,0,1,1,.0413995406905044,0,.0176712460611662,0,.0034486676739983,0,.0003193731759753,0,.0413995406905044,0,.0038339161798436,0
Morocco,MAR,2021,.3678104400634766,.6935099792480469,.6935099792480469,MAR,.0859042241408042,.0595754367012087,-.0325670062501992,.0270084304510094,.0270084304510094,0,0,-.0064599609375,2023,.430895881652832,2022,0,0,1,1,.0478762213223412,0,.0204016836339489,0,.0099253483058351,0,.0008722014735527,0,.0478762213223412,0,.0042071783779044,0
Morocco,MAR,2022,.3680765151977539,.7137200164794922,.7137200164794922,MAR,.0897478301949164,.0640548228457144,-.0325009367570457,.0315538860886687,.0315538860886687,0,0,,,.4306853103637696,2023,1,0,0,1,,,,,.0053798926681758,0,.0004345211886983,0,.0433307656846819,0,.0034997233167662,0
Morocco,MAR,2023,.3682608413696289,.6870500183105469,.6870500183105469,MAR,.0846896210288999,.058186005678619,-.0324551664644409,.025730839214178,.025730839214178,0,0,,,,,1,1,0,0,,,,,,,,,,,,
Mexico,MEX,1995,.4039889526367187,,,MEX,,,-.0235834685917234,,,,,,,.3515017700195313,1996,2,1,0,0,,,,,,,,,,,,
Mexico,MEX,1996,.4045524215698242,.425369987487793,.425369987487793,MEX,.0359593947778438,.01529604730672,-.0234435528234981,-.0081475055167781,-.0081475055167781,0,0,-.0282899856567383,1998,.3577840042114258,1997,0,0,1,1,.0830321572901287,0,.0291859502560204,0,.0450812842736226,0,.0100630445025603,0,.0830321572901287,0,.0185344385684027,0
Mexico,MEX,1997,.4042144393920898,.3911999893188476,.3911999893188476,MEX,.0294637605205647,.011526222800938,-.0235274776563785,-.0120012548554405,-.0120012548554405,0,0,.0254700088500976,1999,.3643913269042969,1998,0,0,1,1,.0868859066287911,0,.0310863875831889,0,.048935033612285,0,.009741079726914,0,.0868859066287911,0,.0172956362985675,0
Mexico,MEX,1998,.402436408996582,.3970800018310547,.3970800018310547,MEX,.0305336239017264,.0121242914348063,-.0239689829002334,-.0118446914654272,-.0118446914654272,0,0,-.0125299835205078,2000,.3712958526611328,1999,0,0,1,1,.0867293432387778,0,.0316034204643164,0,.0487784702222717,0,.0082669853450719,0,.0867293432387778,0,.0146989072489469,0
Mexico,MEX,1999,.4022658157348633,.4166699981689453,.4166699981689453,MEX,.0342481274592257,.0142701672057254,-.0240113431544819,-.0097411759487565,-.0097411759487565,0,0,-.0435200119018554,2001,.3789767074584961,2000,0,0,1,1,.0846258277221071,0,.0314212188612339,0,.046674954705601,0,.0088798146974999,0,.0846258277221071,0,.0160998906915852,0
Mexico,MEX,2000,.4005976486206055,.3845500183105469,.3845500183105469,MEX,.0281069583285333,.0108085313398912,-.0244255680914863,-.0136170367515951,-.0136170367515951,0,0,.0141099929809571,2002,.3840565490722656,2001,0,0,1,1,.0885016885249457,0,.0335400785217013,0,.0505508155084396,0,.0091167623653896,0,.0885016885249457,0,.0159611443475714,0
Mexico,MEX,2001,.4018668365478515,.3731499862670898,.3731499862670898,MEX,.0259758997153225,.0096929066220479,-.0241104142410616,-.0144175076190137,-.0144175076190137,0,0,.0481800079345703,2003,.3889926910400391,2002,0,0,1,1,.0893021593923643,0,.0342970791609328,0,.0513512863758582,0,.0111966016189508,0,.0893021593923643,0,.0194713856846715,0
Mexico,MEX,2002,.3998594284057617,.3986600112915039,.3986600112915039,MEX,.0307663294056103,.0122653052282387,-.0246088765977957,-.012343571369557,-.012343571369557,0,0,-.0096000289916992,2004,.3876393508911133,2003,0,0,1,1,.0872282231429076,0,.0339311412550006,0,.0492773501264015,0,.0083726098486155,0,.0872282231429076,0,.0148207620395612,0
Mexico,MEX,2003,.3992446899414063,.4213299942016602,.4213299942016602,MEX,.0350539467034698,.0147692791613182,-.0247615231758846,-.0099922440145664,-.0099922440145664,0,0,-.0529199981689453,2005,.3867420959472656,2004,0,0,1,1,.084876895787917,0,.0329016247888808,0,.0469260227714108,0,.0069581392238023,0,.084876895787917,0,.0125854530790598,0
Mexico,MEX,2004,.3982107543945312,.3890599822998047,.3890599822998047,MEX,.0289008449478602,.0112441622238639,-.0250182611748,-.0137740989509361,-.0137740989509361,0,0,-.0312899780273438,2006,.3974153137207031,2005,0,0,1,1,.0886587507242867,0,.0342880710791768,0,.0507078777077806,0,.0071950902624188,0,.0886587507242867,0,.0125800515196213,0
Mexico,MEX,2005,.3956916046142578,.3684099960327148,.3684099960327148,MEX,.0249149283739858,.0091789086634155,-.0256437948219507,-.0164648861585352,-.0164648861585352,0,0,-.013120002746582,2007,.4741845703125,2006,0,0,1,1,.0913495379318858,0,.0363037052754417,0,.0533986649153797,0,.0073185573973191,0,.0913495379318858,0,.012519916698901,0
Mexico,MEX,2006,.3946849060058594,.3577700042724609,.3577700042724609,MEX,.0228687693592424,.0081817597113621,-.025893769578126,-.0177120098667639,-.0177120098667639,0,0,.0482799911499024,2008,.4759138870239258,2007,0,0,1,1,.0925966616401145,0,.0439079082121897,0,.0546457886236084,0,.0069518918965463,0,.0925966616401145,0,.0117799010301966,0
Mexico,MEX,2007,.393447380065918,.3552899932861328,.3552899932861328,MEX,.0223656738326661,.0079463001058478,-.0262010613956737,-.0182547612898259,-.0182547612898259,0,0,.0613800048828125,2009,.4752594375610352,2008,0,0,1,1,.0931394130631766,0,.0443263401060234,0,.0551885400466704,0,.0064980098510218,0,.0931394130631766,0,.0109664220704353,0
Mexico,MEX,2008,.391776351928711,.4060499954223633,.4060499954223633,MEX,.0319583237094908,.0129766771959451,-.0266159967573357,-.0136393195613906,-.0136393195613906,0,0,-.0045000076293946,2010,.4790494537353516,2009,0,0,1,1,.0885239713347412,0,.0420718528272183,0,.0505730983182351,0,.0051922576308991,0,.0885239713347412,0,.0090886119491431,0
Mexico,MEX,2009,.389751091003418,.4166699981689453,.4166699981689453,MEX,.0339215732944258,.0141341018824761,-.0271188921639331,-.012984790281457,-.012984790281457,0,0,-.0049999999999999,2011,.5026663208007812,2010,0,0,1,1,.0878694420548076,0,.0420938082163857,0,.0499185690383015,0,.0065081379133379,0,.0878694420548076,0,.0114559863849856,0
Mexico,MEX,2010,.3875227355957031,.4015499877929687,.4015499877929687,MEX,.0309930524040906,.0124452598145294,-.0276722182488889,-.0152269584343594,-.0152269584343594,0,0,.0065999984741211,2012,.5055548095703125,2011,0,0,1,1,.09011161020771,0,.0452960715645437,0,.0521607371912039,0,.0060744558488617,0,.09011161020771,0,.010494080934287,0
Mexico,MEX,2011,.3864129638671875,.4116699981689453,.4116699981689453,MEX,.0328852720962636,.0135378799036541,-.0279477872373941,-.01440990733374,-.01440990733374,0,0,.0289900207519531,2013,.513492202758789,2012,0,0,1,1,.0892945591070906,0,.0451432938250502,0,.0513436860905845,0,.0055228777327816,0,.0892945591070906,0,.0096051329715795,0
Mexico,MEX,2012,.385167236328125,.4081499862670899,.4081499862670899,MEX,.0321845293152068,.0131361151980144,-.0282571156056268,-.0151210004076124,-.0151210004076124,0,0,.0627799987792969,2014,.5143038177490235,2013,0,0,1,1,.090005652180963,0,.0462172005991441,0,.0520547791644569,0,.0059709503901504,0,.090005652180963,0,.0103241103436015,0
Mexico,MEX,2013,.3840207672119141,.4406600189208985,.4406600189208985,MEX,.0383263018911065,.016888868916503,-.0285417969744064,-.0116529280579034,-.0116529280579034,0,0,.0690699768066406,2015,.3734231948852539,2014,0,0,1,1,.086537579831254,0,.0445066076859748,0,.0485867068147479,0,.0055653213360922,0,.086537579831254,0,.00991237050177,0
Mexico,MEX,2014,.3831837463378907,.4709299850463867,.4709299850463867,MEX,.0440508959929379,.0207448877912342,-.0287496388122237,-.0080047510209896,-.0080047510209896,0,0,.0790999984741211,2016,.3707757949829101,2015,0,0,1,1,.0828894027943402,0,.0309528256135932,0,.0449385297778341,0,.0053481190107258,0,.0828894027943402,0,.0098646393877083,0
Mexico,MEX,2015,.3824138259887696,.5097299957275391,.5097299957275391,MEX,.0513965803121647,.0261983786629298,-.028940818823739,-.0027424401608092,-.0027424401608092,0,0,.0154800033569336,2017,.3684158706665039,2016,0,0,1,1,.0776270919341598,0,.0287822467240995,0,.0396762189176536,0,.0047071700907227,0,.0776270919341598,0,.0092096458621887,0
Mexico,MEX,2016,.3835898208618164,.5500299835205078,.5500299835205078,MEX,.0590777954486672,.0324945588570583,-.0286488058724933,.003845752984565,.003845752984565,0,0,-.0280099868774414,2018,.3682134246826172,2017,0,0,1,1,.0710388987887856,0,.0261718577484601,0,.0330880257722795,0,.0041941200117972,0,.0710388987887856,0,.0090046371783142,0
Mexico,MEX,2017,.3843729400634766,.5252099990844726,.5252099990844726,MEX,.0543864166126223,.0285642898193231,-.0284543484352245,.0001099413840986,.0001099413840986,0,0,-.0065200042724609,2019,.3679214477539062,2018,0,0,1,1,.074774710389252,0,.0275330521920774,0,.0368238373727459,0,.0054965533985152,0,.074774710389252,0,.0111613350980423,0
Mexico,MEX,2018,.3842617797851562,.5220199966430664,.5220199966430664,MEX,.0537779275989819,.0280731535846916,-.0284819508012531,-.0004087972165615,-.0004087972165615,0,0,.0625400161743164,2020,.3636758041381836,2019,0,0,1,1,.0752934489899121,0,.0277020747587534,0,.037342575973406,0,.006010860710264,0,.0752934489899121,0,.012119636165326,0
Mexico,MEX,2019,.3859542846679688,.5186899948120117,.5186899948120117,MEX,.0531899252814714,.0275890820682977,-.028061682518495,-.0004726004501973,-.0004726004501973,0,0,.0482600021362305,2021,.3626288223266602,2020,0,0,1,1,.0753572522235479,0,.0274056093000427,0,.0374063792070418,0,.0071650694771073,0,.0753572522235479,0,.0144344349608683,0
Mexico,MEX,2020,.3836818313598633,.5845600128173828,.5845600128173828,MEX,.0656353595467915,.0383678066179459,-.028625958615506,.0097418480024399,.0097418480024399,0,0,-.0465299987792969,2022,.3571400451660156,2021,0,0,1,1,.0651428037709107,0,.023622658214502,0,.0271919307544046,0,.0050754104294035,0,.0651428037709107,0,.0121589918952671,0
Mexico,MEX,2021,.3844180297851563,.5669499969482422,.5669499969482422,MEX,.0623114931475899,.0353275008498665,-.0284431521426213,.0068843487072452,.0068843487072452,0,0,-.0394200134277344,2023,.3594685745239258,2022,0,0,1,1,.0680003030661054,0,.0242856313083316,0,.0300494300495993,0,.0056779104425565,0,.0680003030661054,0,.0128488171069719,0
Mexico,MEX,2022,.3872418975830078,.5380300140380859,.5380300140380859,MEX,.0568950231532189,.0306112301058236,-.0277419535332755,.0028692765725481,.0028692765725481,0,0,,,.3612793731689453,2023,1,0,0,1,,,,,.0340645021842964,0,.0071095055400496,0,.0720153752008025,0,.0150301245028874,0
Mexico,MEX,2023,.3865097045898437,.5275299835205078,.5275299835205078,MEX,.0548825971481395,.0289522155691207,-.0279237654116396,.0010284501574811,.0010284501574811,0,0,,,,,1,1,0,0,,,,,,,,,,,,
Mauritius,MUS,1995,.4432851409912109,,,MUS,,,-.0138257764477342,,,,,,,.4295539855957031,1996,2,2,0,0,,,,,,,,,,,,
Mauritius,MUS,1996,.4446693420410156,,,MUS,,,-.0134820635260753,,,,,,,.4339414978027344,1997,2,2,0,0,,,,,,,,,,,,
Mauritius,MUS,1997,.4424765014648437,,,MUS,,,-.0140265708729484,,,,,,,.4393647384643555,1998,2,2,0,0,,,,,,,,,,,,
Mauritius,MUS,1998,.4476301956176758,,,MUS,,,-.0127468497841252,,,,,,,.44060546875,1999,2,2,0,0,,,,,,,,,,,,
Mauritius,MUS,1999,.4494406509399414,,,MUS,,,-.0122972930608179,,,,,,,.4421469497680664,2000,2,2,0,0,,,,,,,,,,,,
Mauritius,MUS,2000,.4492236709594726,.5694400024414062,.5694400024414062,MUS,.0644752067111954,.0367147618670333,-.0123511716668476,.0243635902001857,.0243635902001857,0,0,.0601100158691407,2002,.4500152206420898,2001,0,0,1,1,.0505210615731649,0,.0223377332736195,0,.0125701885566588,0,.0025527767399998,0,.0505210615731649,0,.0102599090127216,0
Mauritius,MUS,2001,.4513231658935547,.5818399810791015,.5818399810791015,MUS,.0668839957255937,.0389157828074742,-.0118298431084686,.0270859396990056,.0270859396990056,0,0,.0876300048828126,2003,.4539955139160156,2002,0,0,1,1,.0477987120743451,0,.0215101479605441,0,.0098478390578389,0,.0020668080094912,0,.0477987120743451,0,.0100317196877808,0
Mauritius,MUS,2002,.4472288131713867,.6295500183105469,.6295500183105469,MUS,.0758344085634407,.0477415532996836,-.0128465176274173,.0348950356722663,.0348950356722663,0,0,-.0353400039672852,2004,.452516975402832,2003,0,0,1,1,.0399896161010843,0,.0181551063131159,0,.0020387430845782,0,.000401066185068,0,.0399896161010843,0,.0078668483995434,0
Mauritius,MUS,2003,.4433771133422851,.6694699859619141,.6694699859619141,MUS,.0833122902375888,.0557750777758135,-.0138029386630756,.0419721391127379,.0419721391127379,0,0,-.0865499877929687,2005,.4519124984741211,2004,0,0,1,1,.0329125126606127,0,.0148934706820879,0,0,.0050383603558934,0,.0010219734427493,.0329125126606127,0,.0066759246058995,0
Mauritius,MUS,2004,.4419686508178711,.5942100143432617,.5942100143432617,MUS,.0689882236215755,.0409934933476925,-.0141526759858307,.0268408173618618,.0268408173618618,0,0,-.041140022277832,2006,.429140510559082,2005,0,0,1,1,.0480438344114888,0,.0217116092451729,0,.0100929613949827,0,.0019937277582229,0,.0480438344114888,0,.0094904084667624,0
Mauritius,MUS,2005,.4396316909790039,.5829199981689454,.5829199981689454,MUS,.0667839530039689,.0389297017627885,-.0147329697907876,.0241967319720009,.0241967319720009,0,0,-.0948400115966797,2007,.4533131408691407,2006,0,0,1,1,.0506879198013497,0,.021752239782729,0,.0127370467848436,0,.0024604176849169,0,.0506879198013497,0,.0097913948498088,0
Mauritius,MUS,2006,.440155029296875,.5530699920654297,.5530699920654297,MUS,.0611308987935511,.0338096657107019,-.0146030189124258,.0192066467982761,.0192066467982761,0,0,-.0654800033569337,2008,.4596643447875977,2007,0,0,1,1,.0556780049750745,0,.0252395713125786,0,.0177271319585684,0,.0035374058896768,0,.0556780049750745,0,.0111104099176678,0
Mauritius,MUS,2007,.4426349639892578,.4880799865722656,.4880799865722656,MUS,.048857939591635,.0238465824998338,-.0139872228192481,.0098593596805857,.0098593596805857,0,0,.0802900314331055,2009,.4813502883911133,2008,0,0,1,1,.0650252920927649,0,.0298898082844429,0,.0270744190762588,0,.0055508224053407,0,.0650252920927649,0,.0133315454431614,0
Mauritius,MUS,2008,.44618896484375,.4875899887084961,.4875899887084961,MUS,.0488576553068611,.023822503599396,-.0131047238372916,.0107177797621044,.0107177797621044,0,0,.0563299942016601,2010,.485603141784668,2009,0,0,1,1,.0641668720112462,0,.030886742347769,0,.0262159989947401,0,.004852113945414,0,.0641668720112462,0,.0118761438227791,0
Mauritius,MUS,2009,.4458448028564453,.5683700180053711,.5683700180053711,MUS,.0641839145921378,.0364802126923886,-.0131901831874323,.0232900295049562,.0232900295049562,0,0,-.0197200012207032,2011,.503109359741211,2010,0,0,1,1,.0515946222683944,0,.0250545106727255,0,.0136437492518883,0,.0022642844484465,0,.0515946222683944,0,.0085625218309862,0
Mauritius,MUS,2010,.4484414672851563,.5439199829101562,.5439199829101562,MUS,.0596100886665002,.0324231184087557,-.012545401768226,.0198777166405297,.0198777166405297,0,0,-.0020800018310546,2012,.5105936813354492,2011,0,0,1,1,.0550069351328209,0,.0276745039159998,0,.0170560621163148,0,.0025683133159188,0,.0550069351328209,0,.0082829813239466,0
Mauritius,MUS,2011,.4442551422119141,.548650016784668,.548650016784668,MUS,.0603987996203666,.033137802425488,-.0135849140718332,.0195528883536548,.0195528883536548,0,0,.0161100006103516,2013,.5159324264526367,2012,0,0,1,1,.0553317634196958,0,.0282520487792446,0,.0173808904031897,0,.002323115420923,0,.0553317634196958,0,.0073955976871915,0
Mauritius,MUS,2012,.4392531585693359,.5418399810791016,.5418399810791016,MUS,.0589754661650992,.0319552654710285,-.0148269637091479,.0171283017618806,.0171283017618806,0,0,.0494500350952148,2014,.5230028533935547,2013,0,0,1,1,.05775635001147,0,.0297983738044655,0,.0198054769949639,0,.0026164672773309,0,.05775635001147,0,.0076300914086293,0
Mauritius,MUS,2013,.4407406616210938,.5647600173950196,.5647600173950196,MUS,.0633654085141722,.0357862492147064,-.0144575997211865,.0213286494935199,.0213286494935199,0,0,.065449981689453,2015,.5364657211303711,2014,0,0,1,1,.0535560022798307,0,.0280099420087032,0,.0156051292633246,0,.0018401873226899,0,.0535560022798307,0,.0063154283944906,0
Mauritius,MUS,2014,.4379972457885742,.5912900161743164,.5912900161743164,MUS,.0683302644167808,.0404030031521936,-.0151388211891616,.0252641819630321,.0252641819630321,0,0,.0346699905395508,2016,.5374793243408204,2015,0,0,1,1,.0496204698103185,0,.0266196811196203,0,.0116695967938124,0,.0014122364913257,0,.0496204698103185,0,.0060049922393215,0
Mauritius,MUS,2015,.4433532333374023,.6302099990844726,.6302099990844726,MUS,.0758585711656839,.0478068300648751,-.0138088683408841,.0339979617239909,.0339979617239909,0,0,-.0168399810791016,2017,.521214485168457,2016,0,0,1,1,.0408866900493597,0,.0219757505422624,0,.0029358170328536,0,.0003226092996573,0,.0408866900493597,0,.0044929320507789,0
Mauritius,MUS,2016,.4372383880615234,.6259600067138672,.6259600067138672,MUS,.0748921964748055,.0468795198081855,-.0153272542253342,.0315522655828513,.0315522655828513,0,0,.0055199813842773,2018,.5207292175292969,2017,0,0,1,1,.0433323861904993,0,.0225854673594018,0,.0053815131739932,0,.0005936454006122,0,.0433323861904993,0,.0047800815361482,0
Mauritius,MUS,2017,.4374774169921875,.6133700180053711,.6133700180053711,MUS,.0725083565408986,.0444744519570309,-.0152679006132768,.0292065513437541,.0292065513437541,0,0,.1973099899291992,2019,.5460079193115235,2018,0,0,1,1,.0456781004295965,0,.0237859214949285,0,.0077272274130904,0,.0008159271553002,0,.0456781004295965,0,.00482320508387,0
Mauritius,MUS,2018,.4374496078491211,.6314799880981445,.6314799880981445,MUS,.075945618419215,.0479581382154721,-.0152748059409483,.0326833322745238,.0326833322745238,0,0,.2874800491333007,2020,.5476521682739258,2019,0,0,1,1,.0422013194988268,0,.0230422546517552,0,.0042504464823207,0,.0004846452897553,0,.0422013194988268,0,.0048118875985463,0
Mauritius,MUS,2019,.4357984161376953,.8106800079345703,.8106800079345703,MUS,.1099217735861389,.0891113842829931,-.0156848156916512,.0734265685913419,.0734265685913419,0,0,.0506600189208984,2021,.5646342849731445,2020,0,0,1,1,.0014580831820087,0,.0007985224161508,0,0,.0364927898344974,0,.0046211627569094,.0014580831820087,0,.0001846403009398,0
Mauritius,MUS,2020,.409486312866211,.9189600372314453,.9189600372314453,MUS,.1297910219402415,.1192727623545117,-.0222184112930334,.0970543510614783,.0970543510614783,0,0,-.1009200286865234,2022,.5646249008178711,2021,0,0,1,1,0,.0221696992881276,0,.0125177723056216,0,.0601205723046338,0,.0074348173946772,0,.0221696992881276,0,.0027416183775987
Mauritius,MUS,2021,.4096512222290039,.8613400268554687,.8613400268554687,MUS,.1188567715314114,.1023760947828202,-.0221774624157714,.0801986323670488,.0801986323670488,0,0,-.0468300628662109,2023,.5645662689208985,2022,0,0,1,1,0,.0053139805936982,0,.0030004057656649,0,.0432648536102043,0,.0044780787938346,0,.0053139805936982,0,.0005500174349804
Mauritius,MUS,2022,.4112102508544922,.8180400085449219,.8180400085449219,MUS,.1106773987229044,.0905385401970145,-.0217903378113708,.0687482023856436,.0687482023856436,0,0,,,.5639752578735352,2023,1,0,0,1,,,,,0,.0318144236287991,0,.0033061537529893,.006136449387707,0,.0006376995984561,0
Mauritius,MUS,2023,.4118613815307617,.8145099639892578,.8145099639892578,MUS,.1100242471989183,.0896158456239361,-.0216286546316377,.0679871909922984,.0679871909922984,0,0,,,,,1,1,0,0,,,,,,,,,,,,
Malaysia,MYS,1995,.400976676940918,.3816600036621094,.3816600036621094,MYS,.0275682096280611,.0105216829876036,-.0243314510328521,-.0138097680452485,-.0138097680452485,0,0,-.0854599952697754,1997,.3982036972045899,1996,0,0,1,1,.0886944198185991,0,.0349998018246673,0,.050743546802093,0,.004333933445041,0,.0886944198185991,0,.007575262997274,0
Malaysia,MYS,1996,.4015283966064453,.3276900100708008,.3276900100708008,MYS,.0173369698222484,.0056811518156498,-.0241944527418872,-.0185133009262374,-.0185133009262374,0,0,.0086700057983398,1998,.3923848342895508,1997,0,0,1,1,.093397952699588,0,.0371914100763154,0,.0554470796830819,0,.0040666953756662,0,.093397952699588,0,.0068501537774585,0
Malaysia,MYS,1997,.400427360534668,.296200008392334,.296200008392334,MYS,.0113301939170884,.0033560035333283,-.0244678525671046,-.0211118490337763,-.0211118490337763,0,0,.0474299812316895,1999,.3901296234130859,1998,0,0,1,1,.0959965008071269,0,.0376675710615812,0,.0580456277906208,0,.0034990382558422,0,.0959965008071269,0,.005786748141699,0
Malaysia,MYS,1998,.4006696701049804,.3363600158691406,.3363600158691406,MYS,.0189604720549056,.0063775446812744,-.0244076843347732,-.0180301396534988,-.0180301396534988,0,0,-.0111800003051757,2000,.392354850769043,1999,0,0,1,1,.0929147914268494,0,.0362488125888622,0,.0549639184103433,0,.0041114164264673,0,.0929147914268494,0,.0069502213594409,0
Malaysia,MYS,1999,.4000547027587891,.3436299896240234,.3436299896240234,MYS,.0203245534687297,.0069841260975725,-.0245603877468347,-.0175762616492622,-.0175762616492622,0,0,.0370199966430664,2001,.3963176727294922,2000,0,0,1,1,.0924609134226128,0,.0362774878878987,0,.0545100404061067,0,.0038968129322199,0,.0924609134226128,0,.0066098443601545,0
Malaysia,MYS,2000,.3990157318115234,.3251800155639649,.3251800155639649,MYS,.0167949092819024,.0054613688616844,-.0248183760931474,-.019357007231463,-.019357007231463,0,0,.0701399993896484,2002,.4052272415161133,2001,0,0,1,1,.0942416590048136,0,.0373496349709541,0,.0562907859883075,0,.0043066188160035,0,.0942416590048136,0,.0072101125396582,0
Malaysia,MYS,2001,.3977687454223633,.3806499862670898,.3806499862670898,MYS,.0272927619716839,.0103889894697124,-.0251280170482294,-.014739027578517,-.014739027578517,0,0,.033280029296875,2003,.4150580978393555,2002,0,0,1,1,.0896236793518676,0,.036317956358282,0,.0516728063353615,0,.0031116717572285,0,.0896236793518676,0,.0053970258554985,0
Malaysia,MYS,2002,.396713752746582,.3953200149536133,.3953200149536133,MYS,.0300501842100352,.01187943927127,-.0253899837726245,-.0135105445013545,-.0135105445013545,0,0,.0242799758911132,2004,.4232469940185547,2003,0,0,1,1,.0883951962747051,0,.0366891420239156,0,.050444323258199,0,.0034965504103103,0,.0883951962747051,0,.0061271167861994,0
Malaysia,MYS,2003,.3955908966064453,.4139300155639649,.4139300155639649,MYS,.0335537979143078,.0138889240928996,-.025668801769897,-.0117798776769974,-.0117798776769974,0,0,-.006150016784668,2005,.4253926086425781,2004,0,0,1,1,.086664529450348,0,.0366805015778923,0,.0487136564338419,0,.0002033886420817,0,.086664529450348,0,.0003618406469958,0
Malaysia,MYS,2004,.3947999954223633,.4195999908447265,.4195999908447265,MYS,.0346095456845322,.0145221650523699,-.0258651915622343,-.0113430265098645,-.0113430265098645,0,0,-.0229800033569336,2006,.4150728607177734,2005,0,0,1,1,.0862276782832151,0,.0366806170020898,0,.048276805266709,0,.0009299247008869,0,.0862276782832151,0,.0016609476847671,0
Malaysia,MYS,2005,.3929300308227539,.4077799987792969,.4077799987792969,MYS,.0323168502979613,.0131781651750534,-.0263295251184191,-.0131513599433657,-.0131513599433657,0,0,-.0143000030517578,2007,.4234747695922851,2006,0,0,1,1,.0880360117167163,0,.0365413592294409,0,.0500851387002102,0,.0032144022182105,0,.0880360117167163,0,.0056500422817724,0
Malaysia,MYS,2006,.391827392578125,.396619987487793,.396619987487793,MYS,.0301694676296224,.0119658138737742,-.0266033227814448,-.0146375089076706,-.0146375089076706,0,0,-.0030099868774414,2008,.4189785385131836,2007,0,0,1,1,.0895221606810212,0,.037910376367799,0,.0515712876645151,0,.0021529193841716,0,.0895221606810212,0,.0037372344917367,0
Malaysia,MYS,2007,.3938674163818359,.3934799957275391,.3934799957275391,MYS,.0296266047455354,.0116574763086948,-.0260967615836144,-.0144392852749196,-.0144392852749196,0,0,.1106000137329101,2009,.4122716903686524,2008,0,0,1,1,.0893239370482702,0,.0374248125987279,0,.0513730640317641,0,.0015377990213282,0,.0893239370482702,0,.0026738187718195,0
Malaysia,MYS,2008,.3888687133789063,.3936100006103516,.3936100006103516,MYS,.0295208506722909,.0116197020511385,-.027337996600655,-.0157182945495165,-.0157182945495165,0,0,.1185100173950195,2010,.4248360443115234,2009,0,0,1,1,.0906029463228671,0,.0373530298329087,0,.052652073306361,0,.0030496330959606,0,.0906029463228671,0,.005247765687973,0
Malaysia,MYS,2009,.3869346618652344,.5040800094604492,.5040800094604492,MYS,.0504419546532011,.0254267809787891,-.0278182436691692,-.0023914626903801,-.0023914626903801,0,0,.0148999786376953,2011,.4504008102416992,2010,0,0,1,1,.0772761144637307,0,.0328296787885358,0,.0393252414472246,0,.0015535742332033,0,.0772761144637307,0,.0030528529731734,0
Malaysia,MYS,2010,.384271240234375,.5121200180053711,.5121200180053711,MYS,.0518987675427491,.0265783977684493,-.0284796016637188,-.0019012038952695,-.0019012038952695,0,0,.0257599639892578,2012,.4508672714233398,2011,0,0,1,1,.0767858556686201,0,.0345844116082487,0,.038834982652114,0,.0022166523638292,0,.0767858556686201,0,.004382840852569,0
Malaysia,MYS,2011,.3834723663330078,.5189799880981445,.5189799880981445,MYS,.0531802152864655,.0275994674964266,-.0286779711727686,-.0010785036763419,-.0010785036763419,0,0,.0375799942016601,2013,.4789917755126953,2012,0,0,1,1,.0759631554496926,0,.0342493006263099,0,.0380122824331864,0,.0025583946399529,0,.0759631554496926,0,.0051126561547046,0
Malaysia,MYS,2012,.3819133377075195,.5378799819946289,.5378799819946289,MYS,.0567274998604055,.0305125866035152,-.0290650957771691,.0014474908263461,.0014474908263461,0,0,.0158500289916992,2014,.4942948532104492,2013,0,0,1,1,.0734371609470045,0,.0351757961106172,0,.0354862879304984,0,.0010868138473007,0,.0734371609470045,0,.0022491088270481,0
Malaysia,MYS,2013,.3804294586181641,.5565599822998046,.5565599822998046,MYS,.0602349818843701,.0335243804513941,-.0294335598938976,.0040908205574965,.0040908205574965,0,0,.0131500244140625,2015,.5249768829345703,2014,0,0,1,1,.0707938312158541,0,.0349930264090459,0,.032842958199348,0,.0018082412070696,0,.0707938312158541,0,.0038977098845309,0
Malaysia,MYS,2014,.3799626922607422,.5537300109863281,.5537300109863281,MYS,.059685561955905,.0330496868775685,-.0295494633086972,.0035002235688713,.0035002235688713,0,0,.0041399765014648,2016,.5256266021728515,2015,0,0,1,1,.0713844282044793,0,.0374751746088542,0,.0334335551879732,0,.0024678547540256,0,.0713844282044793,0,.0052691494971853,0
Malaysia,MYS,2015,.3796980667114258,.5697100067138672,.5697100067138672,MYS,.0627122911916777,.0357278198358527,-.0296151728533576,.0061126469824951,.0061126469824951,0,0,-.0257600021362304,2017,.500595703125,2016,0,0,1,1,.0687720047908555,0,.0361483952028324,0,.0308211317743494,0,.0022432310072199,0,.0687720047908555,0,.0050053805520507,0
Malaysia,MYS,2016,.3830064773559571,.5578699874877929,.5578699874877929,MYS,.0605509162880193,.0337795389119717,-.0287936567240065,.0049858821879652,.0049858821879652,0,0,-.0014099884033203,2018,.4867232131958008,2017,0,0,1,1,.0698987695853854,0,.0349910237081684,0,.0319478965688793,0,.0029085124632481,0,.0698987695853854,0,.0063635313851253,0
Malaysia,MYS,2017,.3810471725463867,.5439500045776368,.5439500045776368,MYS,.0578572284994104,.0314714397071037,-.0292801744741648,.0021912652329389,.0021912652329389,0,0,.0268799972534179,2019,.4937052154541016,2018,0,0,1,1,.0726933865404117,0,.0353815586750336,0,.0347425135239056,0,.0031785213845742,0,.0726933865404117,0,.0066505690060919,0
Malaysia,MYS,2018,.3806064224243164,.5564599990844726,.5564599990844726,MYS,.0602206187435574,.0335103654509063,-.0293896177607449,.0041207476901614,.0041207476901614,0,0,.1204700088500977,2020,.5026324081420899,2019,0,0,1,1,.0707639040831892,0,.0349365085117643,0,.0328130310666831,0,.0030721006945782,0,.0707639040831892,0,.006625228813615,0
Malaysia,MYS,2019,.3740896987915039,.5708300018310547,.5708300018310547,MYS,.0627785680116816,.0358358900930592,-.0310077946287611,.0048280954642981,.0048280954642981,0,0,.120790023803711,2021,.5028362274169922,2020,0,0,1,1,.0700565563090525,0,.035212695603761,0,.0321056832925464,0,.0029326377704136,0,.0700565563090525,0,.0063991942244298,0
Malaysia,MYS,2020,.3690156173706055,.6769300079345704,.6769300079345704,MYS,.0827881382218123,.0560417750633797,-.0322677469674464,.0237740280959333,.0237740280959333,0,0,-.0222900390625,2022,.500369644165039,2021,0,0,1,1,.0511106236774173,0,.0257002731908821,0,.0131597506609112,0,.001178816728488,0,.0511106236774173,0,.0045783586442377,0
Malaysia,MYS,2021,.3664508056640625,.6916200256347657,.6916200256347657,MYS,.0855099585573101,.0591403997294346,-.0329046189921318,.0262357807373027,.0262357807373027,0,0,.0054999542236328,2023,.5034051132202149,2022,0,0,1,1,.0486488710360479,0,.0243424182893381,0,.0106979980195418,0,.0011849232405534,0,.0486488710360479,0,.005388407981755,0
Malaysia,MYS,2022,.3670724105834961,.6546399688720703,.6546399688720703,MYS,.0785059032822276,.0513931020809513,-.0327502673948648,.0186428346860864,.0186428346860864,0,0,,,.5056172561645508,2023,1,0,0,1,,,,,.018290944070758,0,.0018616087608466,0,.0562418170872642,0,.0057241583053643,0
Malaysia,MYS,2023,.3669266891479492,.6971199798583985,.6971199798583985,MYS,.0865664845831524,.0603472259890195,-.0327864516907568,.0275607742982627,.0275607742982627,0,0,,,,,1,1,0,0,,,,,,,,,,,,
Namibia,NAM,1995,.501346206665039,.1799099922180176,.1799099922180176,NAM,-.0081129081061978,-.0014595932342515,.0005914489402949,-.0008681442939567,-.0008681442939567,0,0,-.0027400016784668,1997,.3790921783447266,1996,0,0,1,1,.0757527960673073,0,.0287469440973598,0,.0378019230508012,0,.0013082361294115,0,.0757527960673073,0,.0026216270687079,0
Namibia,NAM,1996,.5009653472900391,.1872500038146973,.1872500038146973,NAM,-.0067294220253795,-.001260084299923,.0004968772098798,-.0007632070900433,-.0007632070900433,0,0,.008489990234375,1998,.3758369445800781,1997,0,0,1,1,.0756478588633939,0,.0286775116036384,0,.0376969858468877,0,.001860169173036,0,.0756478588633939,0,.0037328664852785,0
Namibia,NAM,1997,.4996109008789063,.1771699905395508,.1771699905395508,NAM,-.0086783489995904,-.0015375430101564,.0001605527046596,-.0013769903054968,-.0013769903054968,0,0,.0408000183105469,1999,.3736218643188476,1998,0,0,1,1,.0762616420788474,0,.0286619425475735,0,.0383107690623413,0,.0023061632423397,0,.0762616420788474,0,.0045906621053864,0
Namibia,NAM,1998,.4977413177490234,.1957399940490723,.1957399940490723,NAM,-.005201813116624,-.0010182028684924,-.0003036861282375,-.0013218889967299,-.0013218889967299,0,0,.0128499984741211,2000,.3670946502685547,1999,0,0,1,1,.0762065407700805,0,.0284724298358077,0,.0382556677535744,0,.0028762550593969,0,.0762065407700805,0,.0057295941051401,0
Namibia,NAM,1999,.4966552734375,.2179700088500977,.2179700088500977,NAM,-.0010100172051357,-.0002201534591422,-.0005733633282493,-.0007935167873915,-.0007935167873915,0,0,.0259599876403809,2001,.3610402297973633,2000,0,0,1,1,.0756781685607421,0,.0277810508207704,0,.037727295544236,0,.0026478389107814,0,.0756781685607421,0,.0053113693022828,0
Namibia,NAM,2000,.4942678451538086,.2085899925231934,.2085899925231934,NAM,-.002853011325564,-.000595109611068,-.0011661890241657,-.0017612986352337,-.0017612986352337,0,0,.0132800102233887,2002,.3615087127685547,2001,0,0,1,1,.0766459504085843,0,.0276722715485526,0,.0386950773920782,0,.0023915653226143,0,.0766459504085843,0,.0047371347848374,0
Namibia,NAM,2001,.4938627624511719,.2439299964904785,.2439299964904785,NAM,.0038453470034593,.0009379954810585,-.0012667756833482,-.0003287802022897,-.0003287802022897,0,0,.0275300025939941,2003,.3611085891723633,2002,0,0,1,1,.0752134319756403,0,.027190310976419,0,.0372625589591342,0,.002219245483636,0,.0752134319756403,0,.0044794848739122,0
Namibia,NAM,2002,.4914752960205078,.221870002746582,.221870002746582,NAM,-.0004048085811827,-.0000898148810189,-.0018596108515934,-.0019494257326122,-.0019494257326122,0,0,.0699200057983398,2004,.3622102355957031,2003,0,0,1,1,.0768340775059628,0,.0277454453285382,0,.0388832044894567,0,.0026926706993084,0,.0768340775059628,0,.0053207772333886,0
Namibia,NAM,2003,.4927393341064453,.2714599990844727,.2714599990844727,NAM,.0090423144202476,.0024546266642419,-.0015457357655522,.0009088908986897,.0009088908986897,0,0,-.0024900054931641,2005,.3590307998657227,2004,0,0,1,1,.0739757608746609,0,.0267947777747823,0,.0360248878581548,0,.002943873417968,0,.0739757608746609,0,.0060451340437295,0
Namibia,NAM,2004,.5013563919067383,.2917900085449219,.2917900085449219,NAM,.0131266031049671,.0038302116321642,.0005939780520758,.00442418968424,.00442418968424,0,0,-.0304300117492676,2006,.3521735000610351,2005,0,0,1,1,.0704604620891106,0,.0252974760627618,0,.0325095890726045,0,.0027503155884422,0,.0704604620891106,0,.0059609645271039,0
Namibia,NAM,2005,.5076644897460938,.2689699935913086,.2689699935913086,NAM,.00895906401673,.002409719391164,.0021603507540623,.0045700701452263,.0045700701452263,0,0,-.0753299903869629,2007,.3617294311523437,2006,0,0,1,1,.0703145816281243,0,.0247629323173039,0,.0323637086116182,0,.0027413852195631,0,.0703145816281243,0,.0059560341834836,0
Namibia,NAM,2006,.509520034790039,.2613599967956543,.2613599967956543,NAM,.007562803934265,.0019766144120257,.0026211037699729,.0045977181819985,.0045977181819985,0,0,-.0703899955749512,2008,.3662649154663086,2007,0,0,1,1,.0702869335913521,0,.0254248525054424,0,.032336060574846,0,.0023780685524092,0,.0702869335913521,0,.0051690633752985,0
Namibia,NAM,2007,.5026679611206055,.1936400032043457,.1936400032043457,NAM,-.0054719204721052,-.0010595826977524,.0009196556597613,-.000139927037991,-.000139927037991,0,0,-.0351300048828125,2009,.3840426254272461,2008,0,0,1,1,.0750245788113417,0,.0274788710162315,0,.0370737057948355,0,.0019965519045919,0,.0750245788113417,0,.0040403424072556,0
Namibia,NAM,2008,.504906005859375,.1909700012207031,.1909700012207031,NAM,-.0059203936576733,-.0011306175840329,.001475387716224,.0003447701321911,.0003447701321911,0,0,-.0276900100708008,2010,.3662116241455078,2009,0,0,1,1,.0745398816411595,0,.0286264918445071,0,.0365890086246534,0,.0013614407923494,0,.0745398816411595,0,.0027735552106431,0
Namibia,NAM,2009,.5029055786132812,.1585099983215332,.1585099983215332,NAM,-.0121347824511019,-.0019234843459563,.0009786587956543,-.000944825550302,-.000944825550302,0,0,.1159900093078613,2011,.3631441116333008,2010,0,0,1,1,.0758294773236526,0,.0277696360487998,0,.0378786043071465,0,.0015064058124704,0,.0758294773236526,0,.0030156857013707,0
Namibia,NAM,2010,.4982063293457031,.1632799911499024,.1632799911499024,NAM,-.0113518697461861,-.0018535331916921,-.0001882184405612,-.0020417516322533,-.0020417516322533,0,0,.0830000114440918,2012,.3617620849609375,2011,0,0,1,1,.0769264034056039,0,.027935370425873,0,.0389755303890978,0,.0015446283556869,0,.0769264034056039,0,.003048648801314,0
Namibia,NAM,2011,.4904329681396484,.2745000076293945,.2745000076293945,NAM,.0095592467168826,.0026240132967155,-.0021184327628376,.000505580533878,.000505580533878,0,0,-.0133699989318848,2013,.3664508056640625,2012,0,0,1,1,.0743790712394726,0,.0269075278890497,0,.0364281982229665,0,.0013545231076066,0,.0743790712394726,0,.0027656643927194,0
Namibia,NAM,2012,.4809697723388672,.2462800025939941,.2462800025939941,NAM,.0039550464992318,.0009740488620902,-.0044682523048584,-.0034942034427682,-.0034942034427682,0,0,.0294400024414063,2014,.3694589996337891,2013,0,0,1,1,.0783788552161188,0,.0287219946409736,0,.0404279821996127,0,.0018062219751277,0,.0783788552161188,0,.0035017728556846,0
Namibia,NAM,2013,.4815423965454101,.2611300086975097,.2611300086975097,NAM,.0067891059354982,.001772839291985,-.0043260631777288,-.0025532238857439,-.0025532238857439,0,0,.1597699928283692,2015,.3725780487060547,2014,0,0,1,1,.0774378756590945,0,.0286101200747748,0,.0394870026425884,0,.001732504216105,0,.0774378756590945,0,.0033976102790059,0
Namibia,NAM,2014,.4798312759399414,.2757200050354004,.2757200050354004,NAM,.0095142141366716,.002623259169671,-.0047509539569255,-.0021276947872546,-.0021276947872546,0,0,.1826099967956543,2016,.3724930953979492,2015,0,0,1,1,.0770123465606052,0,.0286931098078247,0,.0390614735440991,0,.0016144849789341,0,.0770123465606052,0,.0031830667262,0
Namibia,NAM,2015,.4782293319702148,.4209000015258789,.4209000015258789,NAM,.0370333104113754,.0155873204086563,-.0051487349311895,.0104385854774667,.0104385854774667,0,0,.0173899841308593,2017,.385601806640625,2016,0,0,1,1,.0644460662958839,0,.0240057147207752,0,.0264951932793778,0,.0012598924581251,0,.0644460662958839,0,.0030645223843379,0
Namibia,NAM,2016,.4727442169189453,.4583300018310547,.4583300018310547,NAM,.0439958762738618,.0201646300531579,-.0065107516123451,.0136538784408128,.0136538784408128,0,0,.029109992980957,2018,.3774854278564453,2017,0,0,1,1,.0612307733325378,0,.0236106968190292,0,.0232799003160317,0,.0017621834810607,0,.0612307733325378,0,.0046348934417415,0
Namibia,NAM,2017,.4572127914428711,.4382899856567383,.4382899856567383,NAM,.0397862190540111,.0174379013785184,-.0103673818530621,.0070705195254563,.0070705195254563,0,0,.137390022277832,2019,.3842934417724609,2018,0,0,1,1,.0678141322478943,0,.0255988467263099,0,.0298632592313882,0,.0026940901839438,0,.0678141322478943,0,.0061177980141462,0
Namibia,NAM,2018,.471991081237793,.4874399948120117,.4874399948120117,NAM,.0495024505297291,.024129474229393,-.0066977637992026,.0174317104301904,.0174317104301904,0,0,.1555299758911133,2020,.3812322616577148,2019,0,0,1,1,.0574529413431602,0,.0220787885687143,0,.0195020683266541,0,.0020147641364062,0,.0574529413431602,0,.0059354794481487,0
Namibia,NAM,2019,.4711136245727539,.5756800079345703,.5756800079345703,NAM,.06623099377768,.0381278590234493,-.0069156463055135,.0312122127179358,.0312122127179358,0,0,.1203599548339844,2021,.3800989151000976,2020,0,0,1,1,.0436724390554148,0,.0166493427132045,0,.0057215660389087,0,.0006593879287695,0,.0436724390554148,0,.0050330764229987,0
Namibia,NAM,2020,.4602570343017578,.642969970703125,.642969970703125,NAM,.078721998637688,.0506158811577657,-.0096114616004262,.0410044195573395,.0410044195573395,0,0,.0575600433349609,2022,.379327163696289,2021,0,0,1,1,.0338802322160111,0,.0128778395086452,0,0,.004070640800495,0,.0005026309848154,.0338802322160111,0,.004183433350945,0
Namibia,NAM,2021,.459202880859375,.6960399627685547,.6960399627685547,NAM,.0887692723074792,.0617869609918895,-.0098732199335884,.0519137410583012,.0519137410583012,0,0,-.0174399566650391,2023,.3815325164794922,2022,0,0,1,1,.0229709107150494,0,.0087134904090604,0,0,.0149799623014567,0,.0020844284621409,.0229709107150494,0,.003196351174468,0
Namibia,NAM,2022,.4544716262817383,.7005300140380859,.7005300140380859,NAM,.0894982059155185,.0626961794463817,-.0110480444536398,.0516481349927419,.0516481349927419,0,0,,,.3797610092163086,2023,1,0,0,1,,,,,0,.0147143562358974,0,.0021521212412529,.0232365167806087,0,.0033985721518878,0
Namibia,NAM,2023,.4540561294555664,.6786000061035157,.6786000061035157,NAM,.0853241825480361,.0579009907978748,-.0111512170585759,.0467497737392989,.0467497737392989,0,0,,,,,1,1,0,0,,,,,,,,,,,,
Nigeria,NGA,1995,.5342177200317383,.2417200088500976,.2417200088500976,NGA,.0044788100120221,.0010826179957439,.0087538209455841,.009836438941328,.009836438941328,0,0,-.0703200149536133,1997,.2934799385070801,1996,1,1,0,0,,,,,,,,,,,,
Nigeria,NGA,1996,.5335832214355469,.1789999961853027,.1789999961853027,NGA,-.0074444816673864,-.0013325621900637,.0085962677011936,.0072637055111299,.0072637055111299,0,0,-.0208899974822998,1998,.2987821388244629,1997,0,0,1,1,.0676209462622207,0,.0198453911508271,0,.0296700732457146,0,.0032262707320184,0,.0676209462622207,0,.0073529808298906,0
Nigeria,NGA,1997,.5330527114868164,.1713999938964844,.1713999938964844,NGA,-.0089011051515466,-.001525649368647,.0084645360250235,.0069388866563764,.0069388866563764,0,0,.289739990234375,1999,.3040886497497559,1998,0,0,1,1,.0679457651169742,0,.0203009810257141,0,.0299948921004681,0,.0034304438064113,0,.0679457651169742,0,.0077707940517566,0
Nigeria,NGA,1998,.5327037811279297,.1581099987030029,.1581099987030029,NGA,-.0114331759326823,-.0018076994318876,.0083778926337868,.0065701932018992,.0065701932018992,0,0,.2509200000762939,2000,.2973914909362793,1999,0,0,1,1,.0683144585714514,0,.0207736514653783,0,.0303635855549453,0,.0054061316764828,0,.0683144585714514,0,.0121631537150507,0
Nigeria,NGA,1999,.5340721893310547,.4611399841308594,.4611399841308594,NGA,.0461295891899003,.0212721980269937,.0087176840113359,.0299898820383296,.0299898820383296,0,0,-.0840899658203125,2001,.2911482810974121,2000,0,0,1,1,.044894769735021,0,.0133513225067388,0,.0069438967185149,0,.0018767565308637,0,.044894769735021,0,.0121339005629455,0
Nigeria,NGA,2000,.531076545715332,.4090299987792969,.4090299987792969,NGA,.0361588889405429,.014790070299211,.0079738315055499,.0227639018047609,.0227639018047609,0,0,-.1017899894714355,2002,.2839161109924316,2001,0,0,1,1,.0521207499685897,0,.0151748667628629,0,.0141698769520836,0,.0019956694721715,0,.0521207499685897,0,.007340627581364,0
Nigeria,NGA,2001,.5194048309326171,.3770500183105469,.3770500183105469,NGA,.0297832686965163,.0112297820073694,.0050756114895325,.0163053934969019,.0163053934969019,0,0,-.0781900215148926,2003,.2768074226379394,2002,0,0,1,1,.0585792582764487,0,.0166315951946705,0,.0206283852599426,0,.0029979696559701,0,.0585792582764487,0,.0085134554435075,0
Nigeria,NGA,2002,.5156558609008789,.3072400093078613,.3072400093078613,NGA,.016432747957688,.0050487976354738,.0041446994352451,.0091934970707189,.0091934970707189,0,0,-.0552300071716308,2004,.2782587623596192,2003,0,0,1,1,.0656911547026317,0,.0181837992233456,0,.0277402816861256,0,.0025165312980555,0,.0656911547026317,0,.0059593427595677,0
Nigeria,NGA,2003,.5067173767089844,.2988599967956543,.2988599967956543,NGA,.0146086534503404,.0043659421233576,.0019251717754218,.0062911138987794,.0062911138987794,0,0,-.1643599987030029,2005,.278531379699707,2004,0,0,1,1,.0685935378745712,0,.0190867529548459,0,.0306426648580651,0,.0059827130973054,0,.0685935378745712,0,.013392290107063,0
Nigeria,NGA,2004,.5063811874389649,.2520100021362305,.2520100021362305,NGA,.005705901886747,.0014379443466682,.0018416921419935,.0032796364886617,.0032796364886617,0,0,-.1852300024032593,2006,.3149100303649902,2005,0,0,1,1,.0716050152846889,0,.019944243700663,0,.0336541422681828,0,.0019491199596125,0,.0716050152846889,0,.0041470902270384,0
Nigeria,NGA,2005,.5025938034057618,.1344999980926514,.1344999980926514,NGA,-.0167009640287147,-.0022462796300076,.0009012414526372,-.0013450381773703,-.0013450381773703,0,0,-.0768599987030029,2007,.3827704620361328,2006,0,0,1,1,.0762296899507209,0,.0240054939770953,0,.0382788169342148,0,.0031460092370849,0,.0762296899507209,0,.006265065849272,0
Nigeria,NGA,2006,.5019169235229493,.0667799997329712,.0667799997329712,NGA,-.0295745563315752,-.0019749888639253,.000733164450986,-.0012418244129393,-.0012418244129393,0,0,-.0151100015640259,2008,.3882621383666992,2007,0,0,1,1,.0761264761862899,0,.0291389664630088,0,.0381756031697838,0,.0012269454041805,0,.0761264761862899,0,.0024466680900318,0
Nigeria,NGA,2007,.5019131851196289,.0576399993896484,.0576399993896484,NGA,-.0313097869001476,-.0018046960978145,.0007322361627668,-.0010724599350477,-.0010724599350477,0,0,.0035500001907349,2009,.3984303665161133,2008,0,0,1,1,.0759571117083983,0,.029491270616061,0,.0380062386918922,0,.0014026299425893,0,.0759571117083983,0,.0028032166007926,0
Nigeria,NGA,2008,.4961210250854492,.0516699981689453,.0516699981689453,NGA,-.0325942671788453,-.0016841457254491,-.0007060232926387,-.0023901690180878,-.0023901690180878,0,0,.0150300025939941,2010,.3940056610107422,2009,0,0,1,1,.0772748207914384,0,.0307886351703998,0,.0393239477749322,0,.0012411991351073,0,.0772748207914384,0,.002439059305054,0
Nigeria,NGA,2009,.496339340209961,.0611899995803833,.0611899995803833,NGA,-.030781298322456,-.0018835076314347,-.0006518131551021,-.0025353207865368,-.0025353207865368,0,0,.0625900030136108,2011,.4147311401367187,2010,0,0,1,1,.0774199725598874,0,.030503907463892,0,.0394690995433813,0,.0025410707704876,0,.0774199725598874,0,.0049843961884069,0
Nigeria,NGA,2010,.4937741088867187,.0667000007629395,.0667000007629395,NGA,-.0298022186066508,-.0019878080038009,-.001288789375404,-.0032765973792049,-.0032765973792049,0,0,.058120002746582,2012,.4171068572998047,2011,0,0,1,1,.0781612491525555,0,.0324159039755495,0,.0402103761360494,0,.0020333137724383,0,.0781612491525555,0,.0039523714932473,0
Nigeria,NGA,2011,.5017184448242188,.1237800025939941,.1237800025939941,NGA,-.0187588837789661,-.0023219746828209,.0006838799244085,-.0016380947584123,-.0016380947584123,0,0,.0060999965667724,2013,.4187504577636719,2012,0,0,1,1,.0765227465317629,0,.0319181623178132,0,.0385718735152568,0,.0018320874791641,0,.0765227465317629,0,.0036346786664805,0
Nigeria,NGA,2012,.4983879089355469,.1248200035095215,.1248200035095215,NGA,-.0186483561899363,-.0023276878850747,-.0001431301556277,-.0024708180407024,-.0024708180407024,0,0,.0328299999237061,2014,.4221242141723633,2013,0,0,1,1,.077355469814053,0,.0323926383951586,0,.0394045967975469,0,.002606104226772,0,.077355469814053,0,.0051160634349871,0
Nigeria,NGA,2013,.4968010330200195,.1298799991607666,.1298799991607666,NGA,-.017729176485247,-.002302665427025,-.0005371695600286,-.0028398349870535,-.0028398349870535,0,0,.0194200038909912,2015,.2021304512023926,2014,0,0,1,1,.0777244867604041,0,.0328093878956858,0,.039773613743898,0,.0034193406566006,0,.0777244867604041,0,.0066819801515782,0
Nigeria,NGA,2014,.4930948638916016,.1576500034332275,.1576500034332275,NGA,-.0125540402650512,-.0019791444908862,-.0014574536614387,-.0034365981523249,-.0034365981523249,0,0,.0161099910736084,2016,.2100400161743164,2015,0,0,1,1,.0783212499256755,0,.0158311095862122,0,.0403703769091694,0,.003581201197379,0,.0783212499256755,0,.0069477714970341,0
Nigeria,NGA,2015,.4904983520507812,.1493000030517578,.1493000030517578,NGA,-.0142069524236199,-.0021210980402026,-.00210219719133,-.0042232952315326,-.0042232952315326,0,0,.0307499885559082,2017,.2288111686706543,2016,0,0,1,1,.0791079470048832,0,.0166158344684226,0,.0411570739883771,0,.0064025666386017,0,.0791079470048832,0,.0123063632386689,0
Nigeria,NGA,2016,.4898532485961914,.1737599945068359,.1737599945068359,NGA,-.0095803131450547,-.0016646751594585,-.0022623837431179,-.0039270589025763,-.0039270589025763,0,0,.0300100135803223,2018,.2280594062805176,2017,0,0,1,1,.0788117106759269,0,.0180329996246923,0,.0408608376594208,0,.0102320755149336,0,.0788117106759269,0,.0197354587250184,0
Nigeria,NGA,2017,.4868595123291016,.180049991607666,.180049991607666,NGA,-.0084643406351916,-.0015240044603307,-.0030057626324655,-.0045297670927962,-.0045297670927962,0,0,.0343500137329102,2019,.2302962684631348,2018,0,0,1,1,.0794144188661468,0,.0181112052167258,0,.0414635458496407,0,.0085413126609625,0,.0794144188661468,0,.0163590297796559,0
Nigeria,NGA,2018,.4804053497314453,.2037700080871582,.2037700080871582,NGA,-.0041297570693846,-.0008415206314265,-.0046084048813028,-.0054499255127293,-.0054499255127293,0,0,.0534599876403809,2020,.2354277038574219,2019,0,0,1,1,.08033457728608,0,.0185007533775475,0,.0423837042695738,0,.0102327274840418,0,.08033457728608,0,.0193952334058794,0
Nigeria,NGA,2019,.4832374572753906,.2144000053405762,.2144000053405762,NGA,-.0020378639243733,-.000436918036269,-.0039051602489433,-.0043420782852123,-.0043420782852123,0,0,.0518400001525879,2021,.2470685768127441,2020,0,0,1,1,.0792267300585629,0,.0186521671418192,0,.0412758570420568,0,.0099516227684341,0,.0792267300585629,0,.0191015907898903,0
Nigeria,NGA,2020,.4825348281860352,.2572299957275391,.2572299957275391,NGA,.0060746255650637,.0015625759081477,-.0040796310725126,-.0025170551643648,-.0025170551643648,0,0,.0411499977111816,2022,.2505012512207031,2021,0,0,1,1,.0774017069377154,0,.0191235295759785,0,.0394508339212093,0,.0143770045118767,0,.0774017069377154,0,.0282073806625474,0
Nigeria,NGA,2021,.4848041152954102,.2662400054931641,.2662400054931641,NGA,.0078442950999244,.0020884651704939,-.0035161411787892,-.0014276760082954,-.0014276760082954,0,0,.0971199798583984,2023,.2463403129577637,2022,0,0,1,1,.076312327781646,0,.0191163335928667,0,.0383614547651399,0,.0135336090743349,0,.076312327781646,0,.0269223682488658,0
Nigeria,NGA,2022,.4819580459594727,.2983799934387207,.2983799934387207,NGA,.0138714698958411,.0041389690965065,-.0042228526834777,-.0000838835869712,-.0000838835869712,0,0,,,.2525531959533691,2023,1,0,0,1,,,,,.0370176623438157,0,.0092446169424983,0,.0749685353603218,0,.018722289530584,0
Nigeria,NGA,2023,.481084976196289,.3633599853515625,.3633599853515625,NGA,.0261844570082259,.0095143839149476,-.0044396458719804,.0050747380429672,.0050747380429672,0,0,,,,,1,1,0,0,,,,,,,,,,,,
Netherlands,NLD,1995,.3272440719604492,.7302999877929688,.7302999877929688,NLD,.0918298982663869,.067063373582972,-.0426400985251612,.0244232750578108,.0244232750578108,0,0,-.0733399963378907,1997,.60945068359375,1996,1,1,0,0,,,,,,,,,,,,
Netherlands,NLD,1996,.3269719314575195,.7124600219726562,.7124600219726562,NLD,.0884360670972075,.0630071623072517,-.0427076741185888,.0202994881886629,.0202994881886629,0,0,-.0856600189208985,1998,.612319450378418,1997,1,1,0,0,,,,,,,,,,,,
Netherlands,NLD,1997,.3306908798217774,.6569599914550781,.6569599914550781,NLD,.0779970102433694,.0512409151830056,-.0417842167870415,.0094566983959641,.0094566983959641,0,0,-.0709499740600585,1999,.6174482727050781,1998,1,1,0,0,,,,,,,,,,,,
Netherlands,NLD,1998,.3306172561645508,.6268000030517578,.6268000030517578,NLD,.0722695322663904,.0452985430451226,-.0418024983815629,.0034960446635597,.0034960446635597,0,0,-.105250015258789,2000,.6286544036865235,1999,1,1,0,0,,,,,,,,,,,,
Netherlands,NLD,1999,.334512825012207,.5860100173950196,.5860100173950196,NLD,.0646276315166742,.0378724394692852,-.0408351841678218,-.0029627446985367,-.0029627446985367,0,0,-.0918700027465821,2001,.6315097808837891,2000,1,1,0,0,,,,,,,,,,,,
Netherlands,NLD,2000,.334830551147461,.5215499877929688,.5215499877929688,NLD,.0523988628731382,.0273286262918507,-.040756289141517,-.0134276628496663,-.0134276628496663,0,0,-.0346199798583985,2002,.615878677368164,2001,0,0,1,1,.0883123146230169,0,.0557700904569217,0,.0503614416065108,0,.0029697192728106,0,.0883123146230169,0,.005207610711616,0
Netherlands,NLD,2001,.3364707183837891,.4941400146484375,.4941400146484375,NLD,.0472381653616474,.0233422677237697,-.0403490168938279,-.0170067491700582,-.0170067491700582,0,0,.0038999938964844,2003,.6128458786010742,2002,0,0,1,1,.0918914009434088,0,.0565939544745343,0,.0539405279269027,0,.0027979606626746,0,.0918914009434088,0,.0047665185150975,0
Netherlands,NLD,2002,.3379430770874023,.4869300079345703,.4869300079345703,NLD,.0459078404836706,.0223539051309727,-.0399834134203873,-.0176295082894146,-.0176295082894146,0,0,.014020004272461,2004,.612671012878418,2003,0,0,1,1,.0925141600627652,0,.0566969217067057,0,.0545632870462591,0,.0026235925588388,0,.0925141600627652,0,.004448402489427,0
Netherlands,NLD,2003,.3412821578979492,.4980400085449219,.4980400085449219,NLD,.0481040859773649,.0239577593912125,-.0391542815387071,-.0151965221474946,-.0151965221474946,0,0,-.002239990234375,2005,.6114955520629883,2004,0,0,1,1,.0900811739208452,0,.0551901240673612,0,.0521303009043391,0,.0022782509417245,0,.0900811739208452,0,.0039368182373129,0
Netherlands,NLD,2004,.3392498779296875,.5009500122070313,.5009500122070313,NLD,.0486034901022908,.0243479189600469,-.0396589198537977,-.0153110008937508,-.0153110008937508,0,0,-.0513500213623047,2006,.6217212677001953,2005,0,0,1,1,.0901956526671014,0,.0551542404213507,0,.0522447796505953,0,.0021691434357786,0,.0901956526671014,0,.0037448202332762,0
Netherlands,NLD,2005,.3421001052856446,.4958000183105469,.4958000183105469,NLD,.0477001905579098,.0236497553520283,-.0389511758652735,-.0153014205132453,-.0153014205132453,0,0,-.068390007019043,2007,.6468895721435547,2006,0,0,1,1,.0901860722865959,0,.0560705991909238,0,.0522351992700898,0,.0020172872736913,0,.0901860722865959,0,.0034829237454852,0
Netherlands,NLD,2006,.3414055633544922,.4495999908447266,.4495999908447266,NLD,.0389114777266519,.0174946000296575,-.0391236385551441,-.0216290385254866,-.0216290385254866,0,0,.0939200210571289,2008,.6567256927490235,2007,0,0,1,1,.0965136902988372,0,.0624336998234104,0,.0585628172823311,0,.0019763603455041,0,.0965136902988372,0,.0032571149947466,0
Netherlands,NLD,2007,.3394007110595703,.4274100112915039,.4274100112915039,NLD,.0346466294805132,.0148083162974787,-.0396214662658508,-.0248131499683721,-.0248131499683721,0,0,.1354899978637695,2009,.673092041015625,2008,0,0,1,1,.0996978017417227,0,.0654741079143877,0,.0617469287252166,0,.002058421994998,0,.0996978017417227,0,.0033235685109356,0
Netherlands,NLD,2008,.3399601745605469,.5435200119018555,.5435200119018555,NLD,.0567034914030599,.0308194823222679,-.0394825450921461,-.0086630627698782,-.0086630627698782,0,0,.0454499816894531,2010,.6749482727050782,2009,0,0,1,1,.0835477145432288,0,.0562353017040927,0,.0455968415267227,0,.0014957563063016,0,.0835477145432288,0,.002740694677983,0
Netherlands,NLD,2009,.343362922668457,.5629000091552734,.5629000091552734,NLD,.0604713701653289,.0340393348196956,-.0386376038937529,-.0045982690740574,-.0045982690740574,0,0,.0487699890136719,2011,.6757108306884766,2010,0,0,1,1,.079482920847408,0,.0536468601355125,0,.0415320478309019,0,.0012363750002131,0,.079482920847408,0,.0023661413634059,0
Netherlands,NLD,2010,.33940185546875,.5889699935913086,.5889699935913086,NLD,.0653171242765719,.0384698262665753,-.0396211820959878,-.0011513558294125,-.0011513558294125,0,0,.0679300308227538,2012,.6861534881591796,2011,0,0,1,1,.0760360076027631,0,.0513783538594984,0,.038085134586257,0,.0010919684953318,0,.0760360076027631,0,.0021800874728427,0
Netherlands,NLD,2011,.3368201065063476,.6116699981689453,.6116699981689453,NLD,.0695591144962699,.0425472234365669,-.0402622598346461,.0022849636019208,.0022849636019208,0,0,.0599400329589844,2013,.6826576232910156,2012,0,0,1,1,.0725996881714298,0,.0498145292780953,0,.0346488151549237,0,.0010645435377243,0,.0725996881714298,0,.002230538866571,0
Netherlands,NLD,2012,.3377871704101563,.6569000244140625,.6569000244140625,NLD,.0781707938668648,.0513503963996102,-.0400221268280602,.01132826957155,.01132826957155,0,0,.014759979248047,2014,.6911416625976563,2013,0,0,1,1,.0635563822018006,0,.0433872488188566,0,.0256055091852945,0,.000703130103636,0,.0635563822018006,0,.0017452652583822,0
Netherlands,NLD,2013,.339662094116211,.6716100311279297,.6716100311279297,NLD,.0810122575664947,.0544086448259773,-.0395565618691357,.0148520829568417,.0148520829568417,0,0,-.0336200332641602,2015,.7130088043212891,2014,0,0,1,1,.0600325688165089,0,.0414910094218502,0,.0220816958000028,0,.0006213721043595,0,.0600325688165089,0,.0016892979576149,0
Netherlands,NLD,2014,.3410384368896484,.6716600036621094,.6716600036621094,NLD,.0810576580585715,.0544431869084622,-.0392148002472029,.0152283866612593,.0152283866612593,0,0,-.0628300094604493,2016,.704316635131836,2015,0,0,1,1,.0596562651120913,0,.0425354422578461,0,.0217053920955852,0,.0005615562993504,0,.0596562651120913,0,.001543411486044,0
Netherlands,NLD,2015,.3421689224243164,.6379899978637695,.6379899978637695,NLD,.0746952597013061,.04765482857727,-.0389340877841769,.0087207407930931,.0087207407930931,0,0,-.078129997253418,2017,.6901184844970704,2016,0,0,1,1,.0661639109802575,0,.0466003431487773,0,.0282130379637514,0,.0006647612450683,0,.0661639109802575,0,.0015589673078926,0
Netherlands,NLD,2016,.3402299880981445,.6088299942016602,.6088299942016602,NLD,.069108945657345,.0420755989838442,-.0394155473107733,.0026600516730709,.0026600516730709,0,0,-.0932899856567383,2018,.6877080535888672,2017,0,0,1,1,.0722246001002797,0,.049843531564612,0,.0342737270837736,0,.0007283031358513,0,.0722246001002797,0,.0015347441674513,0
Netherlands,NLD,2017,.3416667556762695,.5598600006103516,.5598600006103516,NLD,.0598499973927304,.0335076195768236,-.0390587815200728,-.0055511619432492,-.0055511619432492,0,0,-.0833399963378906,2019,.6832685852050782,2018,0,0,1,1,.0804358137165998,0,.0553163568898795,0,.0424849407000937,0,.0007781794759542,0,.0804358137165998,0,.0014733102679321,0
Netherlands,NLD,2018,.3456911087036133,.5155400085449219,.5155400085449219,NLD,.0515413224626431,.0265716138228076,-.0380594887244125,-.0114878749016049,-.0114878749016049,0,0,.0185799789428711,2020,.6799057769775391,2019,0,0,1,1,.0863725266749556,0,.0590156341017848,0,.0484216536584494,0,.0007813499360623,0,.0863725266749556,0,.0013937394346557,0
Netherlands,NLD,2019,.3494038391113281,.4765200042724609,.4765200042724609,NLD,.0442306631671142,.021076795801367,-.0371375753824543,-.0160607795810873,-.0160607795810873,0,0,.028489990234375,2021,.6766975402832032,2020,0,0,1,1,.0909454313544379,0,.0618343241675966,0,.0529945583379318,0,.0006960450753013,0,.0909454313544379,0,.0011945022583592,0
Netherlands,NLD,2020,.3495384979248047,.534119987487793,.534119987487793,NLD,.0551689284407584,.0294668273684928,-.0371041380619049,-.0076373106934121,-.0076373106934121,0,0,-.0499799728393555,2022,.6767704772949219,2021,0,0,1,1,.0825219624667627,0,.0558424090206011,0,.0445710894502566,0,.0005326778877196,0,.0825219624667627,0,.0009862362621029,0
Netherlands,NLD,2021,.3465525054931641,.5050099945068359,.5050099945068359,NLD,.049564786888434,.0250307127542605,-.0378455940685127,-.0128148813142522,-.0128148813142522,0,0,-.046510009765625,2023,.6715728759765625,2022,0,0,1,1,.0876995330876028,0,.0593524548662388,0,.0497486600710967,0,.0004697249403352,0,.0876995330876028,0,.0008280556277923,0
Netherlands,NLD,2022,.3565837860107422,.4841400146484375,.4841400146484375,NLD,.0458645926943937,.0222048845789084,-.0353547126064858,-.0131498280275774,-.0131498280275774,0,0,,,.6713249969482422,2023,1,0,0,1,,,,,.0500836067844219,0,.000491946304778,0,.088034479800928,0,.0008647188134339,0
Netherlands,NLD,2023,.3538795852661133,.458499984741211,.458499984741211,NLD,.040926540126829,.0187648180236616,-.0360261965204878,-.0172613784968262,-.0172613784968262,0,0,,,,,1,1,0,0,,,,,,,,,,,,
Norway,NOR,1995,.262314395904541,.3294300079345703,.3294300079345703,NOR,.014034696311696,.0046234501173213,-.0587628782779225,-.0541394281606012,-.0541394281606012,0,0,-.0697000122070313,1997,.6535163116455078,1996,1,1,0,0,,,,,,,,,,,,
Norway,NOR,1996,.2628322982788086,.2863699913024902,.2863699913024902,NOR,.0058737185726068,.0016820567365507,-.05863427720641,-.0569522204698593,-.0569522204698593,0,0,-.0486699867248535,1998,.6579538726806641,1997,1,1,0,0,,,,,,,,,,,,
Norway,NOR,1997,.2626600646972656,.2597299957275391,.2597299957275391,NOR,.0008119011578134,.0002108750842501,-.0586770447707955,-.0584661696865454,-.0584661696865454,0,0,-.0084700012207031,1999,.6592972564697266,1998,1,1,0,0,,,,,,,,,,,,
Norway,NOR,1998,.2624499320983887,.2377000045776367,.2377000045776367,NOR,-.0033757442813808,-.0008024144311371,-.0587292230938114,-.0595316375249486,-.0595316375249486,0,0,.0503899955749512,2000,.6634002685546875,1999,1,1,0,0,,,,,,,,,,,,
Norway,NOR,1999,.2624713897705078,.2512599945068359,.2512599945068359,NOR,-.0008009627766511,-.0002012499028615,-.0587238949088797,-.0589251448117412,-.0589251448117412,0,0,.0220899963378906,2001,.664675521850586,2000,1,1,0,0,,,,,,,,,,,,
Norway,NOR,2000,.2626135444641113,.2880900001525879,.2880900001525879,NOR,.006194536105041,.0017845839074465,-.0586885962757275,-.056904012368281,-.056904012368281,0,0,.0523200035095215,2002,.667966079711914,2001,0,0,1,1,.1317886641416316,0,.0875966991123306,0,.0938377911251255,0,-.0026652721746421,0,.1317886641416316,0,-.0037431897667068,0
Norway,NOR,2001,.2618350410461426,.2733499908447266,.2733499908447266,NOR,.0033759862756981,.000922825817554,-.0588819075612154,-.0579590817436614,-.0579590817436614,0,0,.1577899932861328,2003,.6722102355957031,2002,0,0,1,1,.132843733517012,0,.0887351078916527,0,.0948928605005059,0,-.0031053589414206,0,.132843733517012,0,-.0043472972941578,0
Norway,NOR,2002,.2614480209350586,.3404100036621094,.3404100036621094,NOR,.0160965262825348,.0054794185707849,-.0589780090727265,-.0534985905019415,-.0534985905019415,0,0,.097229995727539,2004,.6704180908203125,2003,0,0,1,1,.1283832422752922,0,.0863005295364144,0,.090432369258786,0,-.0033323984738368,0,.1283832422752922,0,-.0047308737361522,0
Norway,NOR,2003,.2607072257995606,.4311399841308594,.4311399841308594,NOR,.0333013296567452,.0143575347397456,-.0591619569612277,-.044804422221482,-.044804422221482,0,0,-.0098299789428711,2005,.6728800201416015,2004,0,0,1,1,.1196890739948326,0,.0802417204796668,0,.0817382009783265,0,-.0026981021081222,0,.1196890739948326,0,-.0039508251833225,0
Norway,NOR,2004,.259262580871582,.4376399993896484,.4376399993896484,NOR,.0344975932697616,.0150975266975228,-.0595206787878187,-.0444231520902959,-.0444231520902959,0,0,.0839300155639649,2006,.6927264404296875,2005,0,0,1,1,.1193078038636465,0,.0802798374668207,0,.0813569308471404,0,-.0027616881873774,0,.1193078038636465,0,-.0040499432459079,0
Norway,NOR,2005,.2584381866455078,.4213100051879883,.4213100051879883,NOR,.0313760040600339,.0132190244333112,-.059725385284814,-.0465063608515028,-.0465063608515028,0,0,.0675600051879883,2007,.7383066558837891,2006,0,0,1,1,.1213910126248534,0,.0840907640757699,0,.0834401396083473,0,-.0027713485083957,0,.1213910126248534,0,-.0040318341190417,0
Norway,NOR,2006,.2573013687133789,.5215700149536133,.5215700149536133,NOR,.0503796496941009,.02627651464431,-.0600076701544154,-.0337311555101054,-.0337311555101054,0,0,-.0533200073242188,2008,.7421577453613282,2007,0,0,1,1,.108615807283456,0,.0801917734515665,0,.0706649342669499,0,-.0025624644544978,0,.108615807283456,0,-.0039386457830559,0
Norway,NOR,2007,.2567357444763184,.4888700103759765,.4888700103759765,NOR,.0441571382733263,.0215871006458545,-.0601481211092161,-.0385610204633616,-.0385610204633616,0,0,-.0717000198364258,2009,.744255599975586,2008,0,0,1,1,.1134456722367122,0,.0841945843281986,0,.0754947992202061,0,-.0036705542495487,0,.1134456722367122,0,-.0055157242435572,0
Norway,NOR,2008,.2551927375793457,.4682500076293945,.4682500076293945,NOR,.0402023848332839,.018824767004905,-.0605312673355343,-.0417065003306292,-.0417065003306292,0,0,-.0476000213623047,2010,.7415934753417969,2009,0,0,1,1,.1165911521039798,0,.0867736178609923,0,.0786402790874737,0,-.0041507140812598,0,.1165911521039798,0,-.0061537998390113,0
Norway,NOR,2009,.2545503616333008,.4171699905395508,.4171699905395508,NOR,.030488618449947,.0127189366703284,-.0606907766158152,-.0479718399454869,-.0479718399454869,0,0,-.1277099990844727,2011,.7566138458251953,2010,0,0,1,1,.1228564917188374,0,.0911095726620734,0,.0849056187023313,0,-.0035650892572742,0,.1228564917188374,0,-.005158602758067,0
Norway,NOR,2010,.2527145004272461,.4206499862670898,.4206499862670898,NOR,.0311013548506291,.013082784490805,-.0611466419100818,-.0480638574192768,-.0480638574192768,0,0,-.1189899826049804,2012,.7558816528320312,2011,0,0,1,1,.1229485091926274,0,.0930245443787082,0,.0849976361761213,0,-.0031503837279701,0,.1229485091926274,0,-.0045570088788828,0
Norway,NOR,2011,.2536568641662598,.2894599914550781,.2894599914550781,NOR,.0062209025650528,.001800702403323,-.0609126422363729,-.0591119398330498,-.0591119398330498,0,0,.0162800025939941,2013,.7578472137451172,2012,0,0,1,1,.1339965916064004,0,.1012855651373046,0,.0960457185898943,0,-.0034755100398496,0,.1339965916064004,0,-.004848800199228,0
Norway,NOR,2012,.2550545692443847,.3016600036621094,.3016600036621094,NOR,.0085734178332579,.0025862572549774,-.0605655761103303,-.0579793188553529,-.0579793188553529,0,0,-.0136600112915039,2014,.7812308502197266,2013,0,0,1,1,.1328639706287035,0,.100690589948076,0,.0949130976121974,0,-.0030692600874778,0,.1328639706287035,0,-.0042964995598468,0
Norway,NOR,2013,.2551852989196777,.3057399940490723,.3057399940490723,NOR,.0093513723421156,.0028590885242291,-.0605331144396439,-.0576740259154148,-.0576740259154148,0,0,.0262600135803223,2015,.7946703338623047,2014,0,0,1,1,.1325586776887654,0,.1035589284747969,0,.0946078046722593,0,-.0033225039245675,0,.1325586776887654,0,-.0046552895755495,0
Norway,NOR,2014,.254184341430664,.2879999923706055,.2879999923706055,NOR,.0059575008592014,.0017157602019979,-.0607816636103398,-.0590659034083419,-.0590659034083419,0,0,.0785599899291992,2016,.7945465087890625,2015,0,0,1,1,.1339505551816925,0,.1064465324072766,0,.0959996821651864,0,-.0040452395977828,0,.1339505551816925,0,-.0056444154578927,0
Norway,NOR,2015,.2548277664184571,.3320000076293945,.3320000076293945,NOR,.0143272306662897,.0047566406905163,-.0606218938410177,-.0558652531505014,-.0558652531505014,0,0,.0371199798583984,2017,.7852954864501953,2016,0,0,1,1,.130749904923852,0,.1038868804817485,0,.0927990319073459,0,-.0043695918974874,0,.130749904923852,0,-.0061565698845107,0
Norway,NOR,2016,.2558373260498047,.3665599822998047,.3665599822998047,NOR,.0209144217348333,.0076663900609311,-.0603712086601848,-.0527048185992536,-.0527048185992536,0,0,.0141200256347656,2018,.7867526245117188,2017,0,0,1,1,.1275894703726042,0,.100195435202177,0,.0896385973560981,0,-.0041170126678262,0,.1275894703726042,0,-.0058600589623072,0
Norway,NOR,2017,.2560346031188965,.369119987487793,.369119987487793,NOR,.0214055594867553,.0079012198499203,-.0603222225119635,-.0524210026620431,-.0524210026620431,0,0,.0209400177001953,2019,.780148696899414,2018,0,0,1,1,.1273056544353937,0,.1001580577422279,0,.0893547814188876,0,-.0039400399710662,0,.1273056544353937,0,-.0056134586090787,0
Norway,NOR,2018,.2568723678588867,.3806800079345703,.3806800079345703,NOR,.0236219681877592,.0089924110371463,-.0601141959637352,-.0511217849265888,-.0511217849265888,0,0,.06197998046875,2020,.7686985778808594,2019,0,0,1,1,.1260064366999394,0,.0983037573923962,0,.0880555636834333,0,-.0033926176792011,0,.1260064366999394,0,-.0048547944838354,0
Norway,NOR,2019,.2567050933837891,.3900600051879883,.3900600051879883,NOR,.0253982973069037,.0099068599792969,-.0601557321253808,-.0502488721460839,-.0502488721460839,0,0,.0111499786376953,2021,.7610594177246094,2020,0,0,1,1,.1251335239194345,0,.0961899618820898,0,.0871826509029284,0,-.0031808355001225,0,.1251335239194345,0,-.004565462864642,0
Norway,NOR,2020,.2569635963439941,.4426599884033203,.4426599884033203,NOR,.0353905966606382,.0156660011073847,-.0600915428894876,-.0444255417821029,-.0444255417821029,0,0,-.094370002746582,2022,.7672899627685547,2021,0,0,1,1,.1193101935554535,0,.0908021464359239,0,.0813593205389474,0,-.0030212927410399,0,.1193101935554535,0,-.0044306051148571,0
Norway,NOR,2021,.2563955307006836,.4012099838256836,.4012099838256836,NOR,.0275069259815846,.0110360533281658,-.0602326000733294,-.0491965467451635,-.0491965467451635,0,0,.0231700134277344,2023,.7609076690673828,2022,0,0,1,1,.1240811985185141,0,.0952062581915483,0,.086130325502008,0,-.0018716442970013,0,.1240811985185141,0,-.00269633101023,0
Norway,NOR,2022,.255191478729248,.3482899856567383,.3482899856567383,NOR,.017429202378275,.0060704166463378,-.0605315799223836,-.0544611632760458,-.0544611632760458,0,0,,,.7647808074951172,2023,1,0,0,1,,,,,.0913949420328903,0,-.001828859137073,0,.1293458150493964,0,-.0025882753512783,0
Norway,NOR,2023,.2556147193908692,.424379997253418,.424379997253418,NOR,.0318851353811324,.0135314136654698,-.0604264844347077,-.0468950707692379,-.0468950707692379,0,0,,,,,1,1,0,0,,,,,,,,,,,,
New Zealand,NZL,1995,.3173364067077637,.4348199844360351,.4348199844360351,NZL,.0354775979839858,.0154263686032246,-.045100284905817,-.0296739163025923,-.0296739163025923,0,0,-.0883899688720703,1997,.6436399841308593,1996,1,1,0,0,,,,,,,,,,,,
New Zealand,NZL,1996,.3169519805908203,.3725799942016602,.3725799942016602,NZL,.0236519588089351,.0088122466758909,-.0451957422989718,-.0363834956230809,-.0363834956230809,0,0,-.0278199768066406,1998,.6472903442382812,1997,1,1,0,0,,,,,,,,,,,,
New Zealand,NZL,1997,.3176652908325195,.3464300155639649,.3464300155639649,NZL,.0187062729827932,.0064804144405728,-.0450186192233476,-.0385382047827748,-.0385382047827748,0,0,-.0264700126647949,1999,.6543087005615235,1998,1,1,0,0,,,,,,,,,,,,
New Zealand,NZL,1998,.3182502365112305,.3447600173950195,.3447600173950195,NZL,.0184045047150243,.0063451373656985,-.0448733705340262,-.0385282331683277,-.0385282331683277,0,0,-.0445100212097168,2000,.6577723693847656,1999,1,1,0,0,,,,,,,,,,,,
New Zealand,NZL,1999,.3171207046508789,.3199600028991699,.3199600028991699,NZL,.0136670090191515,.0043728962453907,-.045153846188833,-.0407809499434423,-.0407809499434423,0,0,-.0383600044250488,2001,.6585250854492187,2000,1,1,0,0,,,,,,,,,,,,
New Zealand,NZL,2000,.3158811569213867,.3002499961853027,.3002499961853027,NZL,.0098929271042594,.0029703513253154,-.0454616400398054,-.04249128871449,-.04249128871449,0,0,-.0362899971008301,2002,.6629252624511719,2001,0,0,1,1,.1173759404878406,0,.0772950012394377,0,.0794250674713345,0,.0066556162317459,0,.1173759404878406,0,.0098358017134737,0
New Zealand,NZL,2001,.3135745620727539,.2815999984741211,.2815999984741211,NZL,.0062922336638412,.0017718929901365,-.0460343938710634,-.0442625008809269,-.0442625008809269,0,0,-.0344199943542481,2003,.6650823211669922,2002,0,0,1,1,.1191471526542775,0,.0789856574436467,0,.0811962796377714,0,.0049906233320751,0,.1191471526542775,0,.0073232241999194,0
New Zealand,NZL,2002,.3136716651916504,.2639599990844727,.2639599990844727,NZL,.00294599891394,.0007776258706265,-.0460102820581856,-.0452326561875591,-.0452326561875591,0,0,-.0389100074768066,2004,.6678267669677734,2003,0,0,1,1,.1201173079609097,0,.0798878979909723,0,.0821664349444036,0,.0043248794538368,0,.1201173079609097,0,.0063224463566155,0
New Zealand,NZL,2003,.3123562049865722,.247180004119873,.247180004119873,NZL,-.0002738318889464,-.0000676857674379,-.0463369258434054,-.0464046116108433,-.0464046116108433,0,0,-.039370002746582,2005,.6774507141113282,2004,0,0,1,1,.1212892633841939,0,.081000216633769,0,.0833383903676878,0,.0040354372039532,0,.1212892633841939,0,.0058731060648182,0
New Zealand,NZL,2004,.3116603660583496,.225049991607666,.225049991607666,NZL,-.0044931391572137,-.001011180929623,-.0465097105924541,-.0475208915220771,-.0475208915220771,0,0,-.0410499954223633,2006,.6875228881835938,2005,0,0,1,1,.1224055432954277,0,.0829237227166726,0,.0844546702789216,0,.0036156817435714,0,.1224055432954277,0,.0052404382936259,0
New Zealand,NZL,2005,.3098370552062988,.207810001373291,.207810001373291,NZL,-.0078135468776936,-.0016237331873838,-.0469624594905561,-.0485861926779399,-.0485861926779399,0,0,-.0446999931335449,2007,.7412919616699218,2006,0,0,1,1,.1234708444512905,0,.0848890315836185,0,.0855199714347844,0,.0025988858991218,0,.1234708444512905,0,.0037521836269768,0
New Zealand,NZL,2006,.3097690773010254,.1839999961853027,.1839999961853027,NZL,-.0123353999501954,-.0022697135437801,-.0469793391804199,-.0492490527242,-.0492490527242,0,0,.0056900024414062,2008,.7515080261230469,2007,0,0,1,1,.1241337044975506,0,.0920193173163437,0,.0861828314810445,0,.0016642790310728,0,.1241337044975506,0,.0023971493845627,0
New Zealand,NZL,2007,.3081350326538086,.1631100082397461,.1631100082397461,NZL,-.0163437827454327,-.0026658345382761,-.0473850911193417,-.0500509256576179,-.0500509256576179,0,0,.0796399879455567,2009,.7561148071289062,2008,0,0,1,1,.1249355774309685,0,.0938900891876902,0,.0869847044144624,0,.0012353896345826,0,.1249355774309685,0,.0017743822708577,0
New Zealand,NZL,2008,.3048049163818359,.189689998626709,.189689998626709,NZL,-.011384745585371,-.0021595723744545,-.0482119970037615,-.050371569378216,-.050371569378216,0,0,.1063100051879883,2010,.7625045013427735,2009,0,0,1,1,.1252562211515666,0,.0947080834977124,0,.0873053481350605,0,.0008070867280834,0,.1252562211515666,0,.0011579202862225,0
New Zealand,NZL,2009,.3065029907226562,.2427499961853027,.2427499961853027,NZL,-.0012675537492096,-.0003076986677853,-.0477903457610033,-.0480980444287886,-.0480980444287886,0,0,.104060001373291,2011,.7683887481689453,2010,0,0,1,1,.1229826962021392,0,.093774859441402,0,.0850318231856331,0,.0007954746537474,0,.1229826962021392,0,.0011505059401673,0
New Zealand,NZL,2010,.3045090293884277,.2960000038146973,.2960000038146973,NZL,.0087893710167927,.0026016538544994,-.048285469121847,-.0456838152673475,-.0456838152673475,0,0,.0607100105285645,2012,.7725283813476562,2011,0,0,1,1,.1205684670406981,0,.0926434534580508,0,.082617594024192,0,.0013975247209296,0,.1205684670406981,0,.0020394858412921,0
New Zealand,NZL,2011,.3032609367370606,.3468099975585938,.3468099975585938,NZL,.0184025471824962,.0063821873434334,-.0485953847744633,-.0422131974310298,-.0422131974310298,0,0,-.0012200164794922,2013,.7746029663085937,2012,0,0,1,1,.1170978492043804,0,.0904614119051519,0,.0791469761878743,0,.0017097628885832,0,.1170978492043804,0,.0025295919887997,0
New Zealand,NZL,2012,.3043255805969238,.3567100143432617,.3567100143432617,NZL,.0203097417238852,.007244688261635,-.04833102155089,-.041086333289255,-.041086333289255,0,0,-.0150600051879883,2014,.7780162811279296,2013,0,0,1,1,.1159709850626056,0,.0898314690352239,0,.0780201120460995,0,.0018883053380102,0,.1159709850626056,0,.0028068228102342,0
New Zealand,NZL,2013,.3050873756408691,.3455899810791015,.3455899810791015,NZL,.0182185982319887,.0062961650182807,-.0481418591454023,-.0418456941271216,-.0418456941271216,0,0,-.0037699890136719,2015,.7973065948486329,2014,0,0,1,1,.1167303459004722,0,.0908181096122622,0,.0787794728839661,0,.0016549775959338,0,.1167303459004722,0,.0024522391450299,0
New Zealand,NZL,2014,.3036321640014649,.3416500091552734,.3416500091552734,NZL,.0174326642604104,.00595586990417,-.048503204807062,-.042547334902892,-.042547334902892,0,0,-.0080500030517578,2016,.7961727905273438,2015,0,0,1,1,.1174319866762426,0,.093629297423145,0,.0794811136597365,0,.0013666146034257,0,.1174319866762426,0,.0020191497138312,0
New Zealand,NZL,2015,.3029079818725586,.3418199920654297,.3418199920654297,NZL,.0174460372141562,.0059634043021161,-.0486830274963849,-.0427196231942688,-.0427196231942688,0,0,-.0305999946594238,2017,.784777603149414,2016,0,0,1,1,.1176042749676194,0,.0936333237789146,0,.0796534019511133,0,.0013584761466778,0,.1176042749676194,0,.0020057222714593,0
New Zealand,NZL,2016,.3061292839050293,.3336000061035156,.3336000061035156,NZL,.0159696146087627,.005327463530954,-.0478831414297745,-.0425556778988205,-.0425556778988205,0,0,-.052450008392334,2018,.7849910736083985,2017,0,0,1,1,.1174403296721711,0,.0921645404332034,0,.079489456655665,0,.0013638314285633,0,.1174403296721711,0,.0020149692717307,0
New Zealand,NZL,2017,.3039175796508789,.3112199974060059,.3112199974060059,NZL,.0116632938150959,.0036298502708796,-.0484323328432232,-.0448024825723436,-.0448024825723436,0,0,.0069700050354004,2019,.7778031921386719,2018,0,0,1,1,.1196871343456942,0,.0939533320871391,0,.0817362613291881,0,.0013698691438117,0,.1196871343456942,0,.0020059115695431,0
New Zealand,NZL,2018,.3036961555480957,.2811499977111817,.2811499977111817,NZL,.0059490426037657,.0016725733144325,-.0484873149755544,-.046814741661122,-.046814741661122,0,0,.1506500053405762,2020,.6941881561279297,2019,0,0,1,1,.1216993934344726,0,.0946581766946729,0,.0837485204179665,0,.0013803100971993,0,.1216993934344726,0,.0020058014248165,0
New Zealand,NZL,2019,.3043692970275879,.3181900024414063,.3181900024414063,NZL,.0129982629593327,.0041359173227641,-.0483201662621224,-.0441842489393583,-.0441842489393583,0,0,.1571500015258789,2021,.6937869262695312,2020,0,0,1,1,.1190689007127089,0,.0826562206379349,0,.0811180276962028,0,.0013898413828715,0,.1190689007127089,0,.0020400753115362,0
New Zealand,NZL,2020,.3040902328491211,.4318000030517578,.4318000030517578,NZL,.0345586459503165,.0149224234268113,-.0483894610832214,-.0334670376564101,-.0334670376564101,0,0,.0371099853515625,2022,.6926780700683594,2021,0,0,1,1,.1083516894297607,0,.0751729855655845,0,.0704008164132546,0,.0012632306908024,0,.1083516894297607,0,.0019441987531014,0
New Zealand,NZL,2021,.3037101554870605,.4753400039672852,.4753400039672852,NZL,.042814340011962,.0203513685511427,-.0484838386308967,-.0281324700797541,-.0281324700797541,0,0,-.002390022277832,2023,.6901536560058594,2022,0,0,1,1,.1030171218531047,0,.0713577011492055,0,.0650662488365985,0,.0012740836012199,0,.1030171218531047,0,.0020172121175685,0
New Zealand,NZL,2022,.3033776092529297,.4689099884033203,.4689099884033203,NZL,.0415849917981459,.0194996180218208,-.0485664136569278,-.029066795635107,-.029066795635107,0,0,,,.6896719360351562,2023,1,0,0,1,,,,,.0660005743919515,0,.0012899420180043,0,.1039514474084576,0,.0020316692859099,0
New Zealand,NZL,2023,.3042622184753418,.4729499816894531,.4729499816894531,NZL,.0423750247056588,.0200412671586314,-.0483467550889729,-.0283054879303415,-.0283054879303415,0,0,,,,,1,1,0,0,,,,,,,,,,,,
Pakistan,PAK,1995,.5530517578125,.5232899856567382,.5232899856567382,PAK,.0584233590771844,.0305723587335183,.0134305275216794,.0440028862551977,.0440028862551977,0,0,.0044600296020508,1997,.341279296875,1996,0,0,1,1,.0308817655181529,0,.0105392601004592,0,0,.0070691074983532,0,.0022174290129591,.0308817655181529,0,.0096869545196909,0
Pakistan,PAK,1996,.5526684188842773,.5253400039672852,.5253400039672852,PAK,.0588025308205022,.030891321774529,.0133353400898944,.0442266618644234,.0442266618644234,0,0,.0128200149536133,1998,.3361233520507813,1997,0,0,1,1,.0306579899089272,0,.0104629372397195,0,0,.0072928831075789,0,.0025781333851528,.0306579899089272,0,.0108380164798944,0
Pakistan,PAK,1997,.5540726470947266,.5277500152587891,.5277500152587891,PAK,.0592966875022009,.0312938277340822,.0136840259841563,.0449778537182384,.0449778537182384,0,0,.0796199798583984,1999,.3309781265258789,1998,0,0,1,1,.0299067980551122,0,.0100523732113901,0,0,.0080440749613939,0,.003239816060294,.0299067980551122,0,.0120452040931914,0
Pakistan,PAK,1998,.5520518112182617,.5381600189208985,.5381600189208985,PAK,.0612201864330962,.032946256689176,.0131822293676959,.0461284860568719,.0461284860568719,0,0,.0785699844360351,2000,.3316862106323242,1999,0,0,1,1,.0287561657164787,0,.0095176618549078,0,0,.0091947073000274,0,.0042656056474906,.0287561657164787,0,.0133405511320651,0
Pakistan,PAK,1999,.5495954895019531,.6073699951171875,.6073699951171875,PAK,.074294878876132,.0451244802202283,.0125722966460254,.0576967768662537,.0576967768662537,0,0,.0441100311279297,2001,.3325261306762695,2000,0,0,1,1,.0171878749070969,0,.0057009810967574,0,0,.0207629981094092,0,.0090632620518205,.0171878749070969,0,.007502684033205,0
Pakistan,PAK,2000,.5470594787597656,.6167300033569336,.6167300033569336,PAK,.0760056044451058,.0468749366845758,.0119425762295594,.0588175129141352,.0588175129141352,0,0,-.0114200210571289,2002,.3294136428833008,2001,0,0,1,1,.0160671388592154,0,.0053427435158932,0,0,.0218837341572908,0,.0098216872589623,.0160671388592154,0,.0072111282236976,0
Pakistan,PAK,2001,.5439801406860352,.6514800262451171,.6514800262451171,PAK,.0825221801280155,.0537615520756038,.0111779414344574,.0649394935100612,.0649394935100612,0,0,-.0882200241088866,2003,.3245716857910156,2002,0,0,1,1,.0099451582632894,0,.0032760708125611,0,0,.0280057147532167,0,.0110645788156401,.0099451582632894,0,.0039291619016987,0
Pakistan,PAK,2002,.5444207000732422,.6053099822998047,.6053099822998047,PAK,.0737687782276934,.0446529778432833,.0112873373593937,.055940315202677,.055940315202677,0,0,-.099219970703125,2004,.3299110794067383,2003,0,0,1,1,.0189443365706736,0,.0061487952569359,0,0,.0190065364458325,0,.0065910289721551,.0189443365706736,0,.0065694594883933,0
Pakistan,PAK,2003,.5432988739013672,.5632600021362305,.5632600021362305,PAK,.0657567588850855,.0370381521500849,.011008775114998,.0480469272650828,.0480469272650828,0,0,-.0844800186157227,2005,.3177078819274902,2004,0,0,1,1,.0268377245082678,0,.0088540626613433,0,0,.0111131485082383,0,.0027468743297139,.0268377245082678,0,.0066335707171596,0
Pakistan,PAK,2004,.5361820220947265,.5060900115966797,.5060900115966797,PAK,.0547179326828969,.0276921991860336,.0092415795708109,.0369337787568445,.0369337787568445,0,0,-.0442000198364257,2006,.3464382171630859,2005,0,0,1,1,.0379508730165061,0,.0120572914833733,0,0,2.08166817117e-17,0,4.95342472039e-18,.0379508730165061,0,.0090305839885417,0
Pakistan,PAK,2005,.5344698333740234,.4787799835205078,.4787799835205078,PAK,.0494887336721125,.0236942150919848,.0088164235664087,.0325106386583936,.0325106386583936,0,0,-.0366899871826172,2007,.4223971939086914,2006,0,0,1,1,.042374013114957,0,.0146799775575909,0,.0044231400984509,0,.0010109323557348,0,.042374013114957,0,.0096848076133155,0
Pakistan,PAK,2006,.5322892379760742,.4618899917602539,.4618899917602539,PAK,.0462254466456738,.0213510711702843,.0082749568370699,.0296260280073542,.0296260280073542,0,0,.032859992980957,2008,.4212874603271484,2007,0,0,1,1,.0452586237659964,0,.0191171156789261,0,.0073077507494903,0,.0015307367451048,0,.0452586237659964,0,.0094802136534716,0
Pakistan,PAK,2007,.531623649597168,.4420899963378906,.4420899963378906,PAK,.0424492579832148,.0187663923063456,.0081096836447339,.0268760759510795,.0268760759510795,0,0,.1036000061035156,2009,.4184928512573242,2008,0,0,1,1,.0480085758222711,0,.0202254109820879,0,.010057702805765,0,.0027946994142471,0,.0480085758222711,0,.0133399784543675,0
Pakistan,PAK,2008,.5363521957397461,.494749984741211,.494749984741211,PAK,.0525695881899618,.0260088029548353,.0092838356294429,.0352926385842782,.0352926385842782,0,0,.0724100112915039,2010,.418088493347168,2009,0,0,1,1,.0395920131890724,0,.0165689744865125,0,.0016411401725663,0,.0005252516877033,0,.0395920131890724,0,.0126715390280247,0
Pakistan,PAK,2009,.5325307083129883,.5456900024414062,.5456900024414062,PAK,.0621402989151475,.0339093398667165,.0083349166781685,.042244256544885,.042244256544885,0,0,.0158200073242188,2011,.4421265029907226,2010,0,0,1,1,.0326403952284656,0,.0136465736633253,0,0,.0053104777880405,0,.0018035664404857,.0326403952284656,0,.0110854660894785,0
Pakistan,PAK,2010,.5311602020263672,.5671599960327148,.5671599960327148,PAK,.0661803901507189,.0375348698153253,.0079946043225371,.0455294741378624,.0455294741378624,0,0,.0164799880981445,2012,.4376135635375977,2011,0,0,1,1,.0293551776354882,0,.0129787020326499,0,0,.0085956953810179,0,.0025918342776146,.0293551776354882,0,.0088513787714189,0
Pakistan,PAK,2011,.530950927734375,.561510009765625,.561510009765625,PAK,.0651023389104007,.0365556149573441,.0079426391269184,.0444982540842625,.0444982540842625,0,0,.0307999801635742,2013,.4415795135498047,2012,0,0,1,1,.0303863976890881,0,.0132974997757925,0,0,.007564475327418,0,.0022895981961261,.0303863976890881,0,.0091972857765211,0
Pakistan,PAK,2012,.5211800384521484,.5836399841308594,.5836399841308594,PAK,.0690485243648482,.0402994796645593,.0055164157810586,.0458158954456179,.0458158954456179,0,0,.0041900253295898,2014,.4492587280273437,2013,0,0,1,1,.0290687563277327,0,.012836167278698,0,0,.0088821166887734,0,.0030245565061107,.0290687563277327,0,.0098985522433765,0
Pakistan,PAK,2013,.5202812194824219,.5923099899291993,.5923099899291993,PAK,.0706709804408564,.0418591277132103,.0052932287706379,.0471523564838482,.0471523564838482,0,0,-.0016799926757813,2015,.2803915023803711,2014,0,0,1,1,.0277322952895024,0,.0124589757070406,0,0,.0102185777270037,0,.0033625706134902,.0277322952895024,0,.0091257123717605,0
Pakistan,PAK,2014,.5204064559936523,.5878300094604492,.5878300094604492,PAK,.0698237710962789,.0410445080240899,.0053243264259817,.0463688344500716,.0463688344500716,0,0,.0328199768066407,2016,.277767505645752,2015,0,0,1,1,.028515817323279,0,.0079955928608784,0,0,.0094350556932271,0,.0028226112712321,.028515817323279,0,.0085308523873219,0
Pakistan,PAK,2015,.5157242584228515,.5906299972534179,.5906299972534179,PAK,.0702331439865176,.0414818016398558,.0041616833207253,.0456434849605811,.0456434849605811,0,0,.0307899856567383,2017,.2754273796081543,2016,0,0,1,1,.0292411668127695,0,.0081222459677543,0,0,.0087097062037366,0,.002850243580548,.0292411668127695,0,.0095691457376682,0
Pakistan,PAK,2016,.5175778961181641,.6206499862670899,.6206499862670899,PAK,.0759804915167888,.0471572910164617,.0046219627201975,.0517792537366592,.0517792537366592,0,0,.0425600051879882,2018,.2793051147460938,2017,0,0,1,1,.0231053980366914,0,.0063638592360493,0,0,.0148454749798147,0,.0041557425182838,.0231053980366914,0,.0064679698799471,0
Pakistan,PAK,2017,.5180077362060547,.6214199829101562,.6214199829101562,PAK,.0761378833615713,.0473136021773631,.0047286969207501,.0520422990981132,.0520422990981132,0,0,.1656999969482422,2019,.2803611183166504,2018,0,0,1,1,.0228423526752374,0,.0063799859350279,0,0,.0151085203412687,0,.004104858480673,.0228423526752374,0,.00620607597432,0
Pakistan,PAK,2018,.5176303100585937,.6632099914550781,.6632099914550781,PAK,.0840614289406561,.0557503795694342,.0046349776999241,.0603853572693583,.0603853572693583,0,0,.1448400115966797,2020,.2822504997253418,2019,0,0,1,1,.0144992945039923,0,.0040650384219417,0,0,.0234515785125138,0,.0066802525090545,.0144992945039923,0,.0041301675466379,0
Pakistan,PAK,2019,.5069512557983399,.7871199798583984,.7871199798583984,PAK,.1073057832454735,.0844625259468668,.0019832466230956,.0864457725699624,.0864457725699624,0,0,-.0396299743652344,2021,.3071712875366211,2020,0,0,1,1,0,.0115611207966118,0,.0032631321222287,0,.0495119938131179,0,.0209827132124086,0,.0115611207966118,0,.0048994933026722
Pakistan,PAK,2020,.5084625625610352,.8080500030517578,.8080500030517578,PAK,.1113185636390977,.0899509656882902,.0023585213442079,.0923094870324981,.0923094870324981,0,0,-.0348699951171875,2022,.3111766052246094,2021,0,0,1,1,0,.0174248352591475,0,.0053524090816658,0,.0553757082756536,0,.0230102456005794,0,.0174248352591475,0,.007240534728093
Pakistan,PAK,2021,.5116473007202148,.747490005493164,.747490005493164,PAK,.099904985748693,.074677978346085,.0031493281836946,.0778273065297796,.0778273065297796,0,0,.0375900268554688,2023,.3068241119384766,2022,0,0,1,1,0,.002942654756429,0,.0009156853174536,0,.0408935277729351,0,.0162164558562403,0,.002942654756429,0,.0011669189125172
Pakistan,PAK,2022,.5141323852539063,.7731800079345703,.7731800079345703,PAK,.1048468075469769,.0810654554910859,.0037664030412559,.0848318585323419,.0848318585323419,0,0,,,.299420223236084,2023,1,0,0,1,,,,,0,.0478980797754974,0,.0189560326971011,0,.0099472067589913,0,.0039366834213826
Pakistan,PAK,2023,.5151334762573242,.7850800323486328,.7850800323486328,PAK,.1071320241977892,.0841072130227749,.0040149853651024,.0881221983878773,.0881221983878773,0,0,,,,,1,1,0,0,,,,,,,,,,,,
Philippines,PHL,1995,.4993591690063476,.608489990234375,.608489990234375,PHL,.0731966519541189,.0445394300327508,.0000980448071226,.0446374748398733,.0446374748398733,0,0,-.0395800018310547,1997,.3272608947753906,1996,0,0,1,1,.0302471769334773,0,.0098753737325814,0,0,.0077036960830288,0,.0017024251754593,.0302471769334773,0,.0066842662201541,0
Philippines,PHL,1996,.4991164779663086,.5307400131225586,.5307400131225586,PHL,.058430303130261,.0310112998501098,.0000377818515035,.0310490817016133,.0310490817016133,0,0,-.0230100250244141,1998,.3295999526977539,1997,0,0,1,1,.0438355700717373,0,.0143456678846661,0,.0058846970552312,0,.0011610000810575,0,.0438355700717373,0,.0086483806946774,0
Philippines,PHL,1997,.498989143371582,.5689099884033203,.5689099884033203,PHL,.0656731492220066,.0373621105623013,6.16321807744e-06,.0373682737803787,.0373682737803787,0,0,-.0267300033569335,1999,.3325466918945312,1998,0,0,1,1,.0375163779929719,0,.0123653964118746,0,0,.0004344950235342,0,.0000770579685578,.0375163779929719,0,.0066535534797834,0
Philippines,PHL,1998,.4985102844238281,.5077299880981445,.5077299880981445,PHL,.0540462739043355,.0274409140061973,-.0001127429249415,.0273281710812559,.0273281710812559,0,0,.0843000030517578,2000,.3186040687561035,1999,0,0,1,1,.0475564806920947,0,.0158147503323023,0,.0096056076755886,0,.0019672615694388,0,.0475564806920947,0,.0097397312073318,0
Philippines,PHL,1999,.4966782379150391,.5421799850463868,.5421799850463868,PHL,.0605384391368338,.0328227300259401,-.0005676609863313,.0322550690396089,.0322550690396089,0,0,.0525300216674804,2001,.3049747276306152,2000,0,0,1,1,.0426295827337417,0,.013581958508345,0,.0046787097172356,0,.0009249968171114,0,.0426295827337417,0,.0084280134324714,0
Philippines,PHL,2000,.4950190734863281,.5920299911499023,.5920299911499023,PHL,.0699586453960823,.0414176162147018,-.0009796504537466,.0404379657609552,.0404379657609552,0,0,.0598099899291993,2002,.308372802734375,2001,0,0,1,1,.0344466860123954,0,.0105053686844076,0,0,.0035041870041107,0,.0008249377857585,.0344466860123954,0,.0081092626770346,0
Philippines,PHL,2001,.4946674346923828,.5947100067138672,.5947100067138672,PHL,.0704582426683024,.0419022219703134,-.0010669663803257,.0408352555899876,.0408352555899876,0,0,.119219970703125,2003,.3114665222167969,2002,0,0,1,1,.034049396183363,0,.0104999077324768,0,0,.0039014768331432,0,.0010373804458712,.034049396183363,0,.0090535403143444,0
Philippines,PHL,2002,.4891717910766601,.6518399810791016,.6518399810791016,PHL,.0811603668666358,.0529035720027208,-.0024315974242212,.0504719745784997,.0504719745784997,0,0,.0589800262451172,2004,.2981106376647949,2003,0,0,1,1,.0244126771948509,0,.0076037316638815,0,0,.0135381958216552,0,.0034747312063853,.0244126771948509,0,.006265789947038,0
Philippines,PHL,2003,.4872957992553711,.7139299774169922,.7139299774169922,PHL,.0928985488452889,.0663230588791884,-.0028974276083512,.0634256312708373,.0634256312708373,0,0,-.06718994140625,2005,.2904800033569336,2004,0,0,1,1,.0114590205025134,0,.0034160559090182,0,0,.0264918525139928,0,.0075482992908813,.0114590205025134,0,.0032650082242315,0
Philippines,PHL,2004,.4844118118286133,.7108200073242188,.7108200073242188,PHL,.0922329001020676,.0655609907260856,-.0036135546078346,.061947436118251,.061947436118251,0,0,-.1389300155639649,2006,.3020431137084961,2005,0,0,1,1,.0129372156550996,0,.0037580024469227,0,0,.0250136573614065,0,.0074423292838471,.0129372156550996,0,.0038492179504284,0
Philippines,PHL,2005,.4844439697265625,.6467400360107421,.6467400360107421,PHL,.0800688300288185,.0517837180161761,-.0036055694346836,.0481781485814925,.0481781485814925,0,0,-.1450600433349609,2007,.2889389991760254,2006,0,0,1,1,.0267065031918581,0,.0080665153803347,0,0,.011244369824648,0,.00331694454594,.0267065031918581,0,.0078780751153509,0
Philippines,PHL,2006,.4835751724243164,.5718899917602539,.5718899917602539,PHL,.0658366656220574,.037651330160121,-.0038213017223642,.0338300284377567,.0338300284377567,0,0,-.0717900085449219,2008,.289698371887207,2007,0,0,1,1,.0410546233355939,0,.0118622817781352,0,.0031037503190878,0,.0007844475439924,0,.0410546233355939,0,.0103762207440073,0
Philippines,PHL,2007,.4803219604492188,.5016799926757812,.5016799926757812,PHL,.0524231470795698,.02629964404292,-.0046291113919887,.0216705326509313,.0216705326509313,0,0,-.0036299896240234,2009,.2833067321777344,2008,0,0,1,1,.0532141191224193,0,.0154160436711768,0,.0152632461059132,0,.0030323538503363,0,.0532141191224193,0,.010572065594265,0
Philippines,PHL,2008,.4793186187744141,.500099983215332,.500099983215332,PHL,.0520970180947661,.0260537178747614,-.0048782525832325,.0211754652915289,.0211754652915289,0,0,-.0242299652099609,2010,.2827887535095215,2009,0,0,1,1,.0537091864818217,0,.0152161741100895,0,.0157583134653156,0,.0028662683854206,0,.0537091864818217,0,.0097691255830354,0
Philippines,PHL,2009,.4768854522705078,.4980500030517578,.4980500030517578,PHL,.0516443608398114,.0257214740738742,-.0054824356013411,.020239038472533,.020239038472533,0,0,-.0437100219726563,2011,.2891422843933105,2010,0,0,1,1,.0546456133008176,0,.0154531648701015,0,.0166947402843115,0,.0031784217324691,0,.0546456133008176,0,.0104036841509081,0
Philippines,PHL,2010,.4765534210205078,.4758700180053711,.4758700180053711,PHL,.0474250598614431,.0225681640901707,-.0055648827509338,.0170032813392369,.0170032813392369,0,0,-.0189599990844727,2012,.3009836769104004,2011,0,0,1,1,.0578813704341137,0,.0167359516711351,0,.0199304974176076,0,.003599748801283,0,.0578813704341137,0,.0104542495589069,0
Philippines,PHL,2011,.473255615234375,.4543399810791016,.4543399810791016,PHL,.0432517569828336,.0196510024492185,-.0063837655728875,.013267236876331,.013267236876331,0,0,-.0157099914550781,2013,.3157873153686523,2012,0,0,1,1,.0616174148970196,0,.0185458360974186,0,.0236665418805135,0,.0034773145783063,0,.0616174148970196,0,.0090534196411422,0
Philippines,PHL,2012,.4735695648193359,.4569100189208984,.4569100189208984,PHL,.0437478437340898,.0199888281082915,-.0063058083071307,.0136830198011608,.0136830198011608,0,0,-.0539200210571289,2014,.3271852111816406,2013,0,0,1,1,.0612016319721898,0,.0193266990566781,0,.0232507589556837,0,.0033388228756116,0,.0612016319721898,0,.0087885909119348,0
Philippines,PHL,2013,.4743488693237305,.4386299896240234,.4386299896240234,PHL,.0402979071188621,.0176758705814163,-.0061122981027386,.0115635724786777,.0115635724786777,0,0,-.0417499923706054,2015,.3449702453613281,2014,0,0,1,1,.0633210792946729,0,.020717720701277,0,.0253702062781668,0,.0033967457700515,0,.0633210792946729,0,.0084778817283158,0
Philippines,PHL,2014,.473055419921875,.4029899978637695,.4029899978637695,PHL,.0334982784500168,.0134994711610122,-.0064334763542595,.0070659948067527,.0070659948067527,0,0,-.0292300033569336,2016,.3388898086547851,2015,0,0,1,1,.0678186569665979,0,.023395418733843,0,.0298677839500918,0,.0035440537579691,0,.0678186569665979,0,.0080472313073012,0
Philippines,PHL,2015,.4732173538208008,.396879997253418,.396879997253418,PHL,.0323425844769311,.0128361248383729,-.0063932663186413,.0064428585197315,.0064428585197315,0,0,-.0155799865722657,2017,.3262438201904297,2016,0,0,1,1,.0684417932536191,0,.0231942262197093,0,.030490920237113,0,.0033381860618039,0,.0684417932536191,0,.007493097568305,0
Philippines,PHL,2016,.4719219970703125,.3737599945068359,.3737599945068359,PHL,.0279196943901447,.010435264821893,-.0067149181866006,.0037203466352924,.0037203466352924,0,0,-.0022900009155273,2018,.3288453674316406,2017,0,0,1,1,.0711643051380582,0,.0232169147694375,0,.0332134321215521,0,.0032382503999806,0,.0711643051380582,0,.0069383928386047,0
Philippines,PHL,2017,.4702457046508789,.3813000106811523,.3813000106811523,PHL,.0293073467324937,.0111748916221361,-.0071311607296326,.0040437308925035,.0040437308925035,0,0,-.0115700149536133,2019,.3230777359008789,2018,0,0,1,1,.0708409208808471,0,.0232957086562579,0,.032890047864341,0,.0028624503726277,0,.0708409208808471,0,.0061653488985195,0
Philippines,PHL,2018,.4675912857055664,.3714699935913086,.3714699935913086,PHL,.0273719579495977,.0101678610441186,-.007790283254593,.0023775777895257,.0023775777895257,0,0,.1449700164794921,2020,.3262870788574219,2019,0,0,1,1,.0725070739838249,0,.0234254212994917,0,.0345562009673188,0,.0029400071043551,0,.0725070739838249,0,.0061688295200636,0
Philippines,PHL,2019,.4586562728881836,.3697299957275391,.3697299957275391,PHL,.0268084910292674,.0099119032737128,-.0100089489324984,-.0000970456587856,-.0000970456587856,0,0,.2003200149536133,2021,.3364234161376953,2020,0,0,1,1,.0749816974321362,0,.0244655590229028,0,.0370308244156301,0,.0028757182198253,0,.0749816974321362,0,.0058228850386602,0
Philippines,PHL,2020,.4541759872436523,.5164400100708008,.5164400100708008,PHL,.0545429388322401,.0281681558798131,-.0111214550015883,.0170467008782249,.0170467008782249,0,0,.0574499893188477,2022,.3362596893310547,2021,0,0,1,1,.0578379508951257,0,.0194580410225425,0,.0198870778786196,0,.0017755273164456,0,.0578379508951257,0,.0051637984407924,0
Philippines,PHL,2021,.448997688293457,.5700500106811524,.5700500106811524,PHL,.0645851136651454,.0368167447346596,-.0124072857424665,.0244094589921931,.0244094589921931,0,0,-.0052099990844726,2023,.3470394515991211,2022,0,0,1,1,.0504751927811575,0,.0169727726435171,0,.0125243197646514,0,.0010775921256933,0,.0504751927811575,0,.0043428841889954,0
Philippines,PHL,2022,.4452905654907227,.5738899993896485,.5738899993896485,PHL,.0652173630072243,.0374275924164105,-.0133278066520959,.0240997857643146,.0240997857643146,0,0,,,.3559347915649414,2023,1,0,0,1,,,,,.0128339929925299,0,.0012471728542464,0,.050784866009036,0,.004935136424796,0
Philippines,PHL,2023,.4438312911987305,.5648400115966797,.5648400115966797,PHL,.0634612402107674,.0358454476565896,-.0136901611167693,.0221552865398203,.0221552865398203,0,0,,,,,1,1,0,0,,,,,,,,,,,,
Poland,POL,1995,.31268310546875,.4857600021362305,.4857600021362305,POL,.0450266036960323,.0218721231075719,-.046255752722032,-.0243836296144601,-.0243836296144601,0,0,-.0601200103759766,1997,.4503432464599609,1996,1,1,0,0,,,,,,,,,,,,
Poland,POL,1996,.3133087921142578,.4302399826049805,.4302399826049805,POL,.0345030378179663,.0148445863906208,-.0461003875855868,-.031255801194966,-.031255801194966,0,0,-.0446199798583984,1998,.4532849884033203,1997,1,1,0,0,,,,,,,,,,,,
Poland,POL,1997,.3125918769836426,.4256399917602539,.4256399917602539,POL,.0336110710003205,.0143062159836297,-.0462784057962795,-.0319721898126498,-.0319721898126498,0,0,-.0333099746704101,1999,.4544185256958008,1998,1,1,0,0,,,,,,,,,,,,
Poland,POL,1998,.3124608421325684,.385620002746582,.385620002746582,POL,.0260102774538988,.0100300832632118,-.046310943245596,-.0362808599823842,-.0362808599823842,0,0,-.022869987487793,2000,.4508002471923828,1999,1,1,0,0,,,,,,,,,,,,
Poland,POL,1999,.3124385643005371,.3923300170898438,.3923300170898438,POL,.0272835218580277,.0107041445968311,-.0463164750855963,-.0356123304887652,-.0356123304887652,0,0,-.0219600296020508,2001,.4504239273071289,2000,1,1,0,0,,,,,,,,,,,,
Poland,POL,2000,.3117633819580078,.3627500152587891,.3627500152587891,POL,.0216504514081786,.0078537015786765,-.0464841305686173,-.0386304289899409,-.0386304289899409,0,0,.0515099716186523,2002,.4521090698242187,2001,0,0,1,1,.1135150807632915,0,.0511299084859877,0,.0755642077467854,0,.0058199485412654,0,.1135150807632915,0,.0087429213962486,0
Poland,POL,2001,.311094970703125,.370369987487793,.370369987487793,POL,.0230795818107244,.0085479844264615,-.0466501047132821,-.0381021202868207,-.0381021202868207,0,0,.0920000076293945,2003,.4571311569213867,2002,0,0,1,1,.1129867720601713,0,.0510823444185651,0,.0750358990436652,0,.0058279031795255,0,.1129867720601713,0,.0087754791576577,0
Poland,POL,2002,.3097258567810058,.4142599868774414,.4142599868774414,POL,.0313759118849042,.0129977848457082,-.0469900713289135,-.0339922864832053,-.0339922864832053,0,0,.0358600234985351,2004,.4536128234863281,2003,0,0,1,1,.1088769382565559,0,.0497710407472778,0,.0709260652400498,0,.0050513714307081,0,.1088769382565559,0,.0077542417376564,0
Poland,POL,2003,.309635181427002,.4623699951171875,.4623699951171875,POL,.0405067253534137,.0187290944038711,-.0470125870543939,-.0282834926505228,-.0282834926505228,0,0,.0023699951171875,2005,.4452340316772461,2004,0,0,1,1,.1031681444238734,0,.0467983932859585,0,.0652172714073673,0,.004876771337056,0,.1031681444238734,0,.0077146350769708,0
Poland,POL,2004,.3089535140991211,.4501200103759765,.4501200103759765,POL,.0381634073241259,.0171781133007182,-.0471818528333054,-.0300037395325873,-.0300037395325873,0,0,.0208599853515625,2006,.4498053741455078,2005,0,0,1,1,.1048883913059379,0,.0466998813372833,0,.0669375182894318,0,.0047146961875236,0,.1048883913059379,0,.0073877387635936,0
Poland,POL,2005,.3084182929992676,.464739990234375,.464739990234375,POL,.04092489102763,.0190194334565237,-.0473147543420784,-.0282953208855547,-.0282953208855547,0,0,-.0204599761962891,2007,.447453727722168,2006,0,0,1,1,.1031799726589053,0,.0464109062061622,0,.0652290996423992,0,.0039863310312156,0,.1031799726589053,0,.0063056140444229,0
Poland,POL,2006,.3083276176452637,.4709799957275391,.4709799957275391,POL,.0421071244532461,.0198316132950888,-.0473372700675588,-.02750565677247,-.02750565677247,0,0,-.0053900146484375,2008,.4606021118164063,2007,0,0,1,1,.1023903085458206,0,.0458149252414504,0,.0644394355293145,0,.0037304877462846,0,.1023903085458206,0,.0059275160967963,0
Poland,POL,2007,.3091904449462891,.4442800140380859,.4442800140380859,POL,.0370609277649372,.0164654295076708,-.0471230201993303,-.0306575906916595,-.0306575906916595,0,0,.0527299880981446,2009,.4759922790527344,2008,0,0,1,1,.1055422424650101,0,.0486129797652228,0,.067591369448504,0,.0035880168146636,0,.1055422424650101,0,.0056025990257568,0
Poland,POL,2008,.3090815544128418,.4655899810791015,.4655899810791015,POL,.0411035597326532,.0191374055982097,-.0471500589617972,-.0280126533635875,-.0280126533635875,0,0,.0718900299072266,2010,.4838948822021484,2009,0,0,1,1,.1028973051369381,0,.0489783227805158,0,.064946432120432,0,.0033846682442194,0,.1028973051369381,0,.0053624691879445,0
Poland,POL,2009,.3086333656311035,.4970100021362305,.4970100021362305,POL,.0470566257055736,.023387613642451,-.047261349352487,-.0238737357100361,-.0238737357100361,0,0,.0507899856567383,2011,.4943119049072265,2010,0,0,1,1,.0987583874833867,0,.0477886782777475,0,.0608075144668805,0,.0039486865789195,0,.0987583874833867,0,.0064131205268023,0
Poland,POL,2010,.3075935363769531,.5374800109863281,.5374800109863281,POL,.0547122987347059,.029406766925017,-.0475195508261969,-.0181127839011799,-.0181127839011799,0,0,.0072399902343749,2012,.509012451171875,2011,0,0,1,1,.0929974356745305,0,.0459697395797645,0,.0550465626580244,0,.0035680574887483,0,.0929974356745305,0,.0060279912272511,0
Poland,POL,2011,.3079442405700684,.5477999877929688,.5477999877929688,POL,.0566805890203729,.0310496259734586,-.0474324669716726,-.016382840998214,-.016382840998214,0,0,.0207900238037109,2013,.5193345260620117,2012,0,0,1,1,.0912674927715646,0,.0464562902079655,0,.0533166197550585,0,.0034623657562802,0,.0912674927715646,0,.0059268843952516,0
Poland,POL,2012,.3067110633850098,.5447200012207031,.5447200012207031,POL,.0560637079081233,.0305390230401501,-.0477386789437408,-.0171996559035907,-.0171996559035907,0,0,-.0334199905395507,2014,.538548469543457,2013,0,0,1,1,.0920843076769413,0,.0478225602851528,0,.0541334346604352,0,.0036845106388945,0,.0920843076769413,0,.006267579610257,0
Poland,POL,2013,.3056587219238281,.5685900115966797,.5685900115966797,POL,.060567719174651,.0344382001478992,-.0479999873412865,-.0135617871933872,-.0135617871933872,0,0,-.0580300140380859,2015,.5649582290649414,2014,0,0,1,1,.0884464389667378,0,.0476326943421054,0,.0504955659502317,0,.0032956965207065,0,.0884464389667378,0,.0057726379670416,0
Poland,POL,2014,.3055751800537109,.5113000106811524,.5113000106811524,POL,.04968963460811,.0254063107058692,-.0480207317412874,-.0226144210354182,-.0226144210354182,0,0,.029990005493164,2016,.5713275146484375,2015,1,1,0,0,,,,,,,,,,,,
Poland,POL,2015,.304872055053711,.5105599975585937,.5105599975585937,POL,.049530803833673,.0252884470843953,-.0481953257051307,-.0229068786207354,-.0229068786207354,0,0,-.0061199951171874,2017,.5571708679199219,2016,0,0,1,1,.097791530394086,0,.0558709920137203,0,.0598406573775799,0,.0026934601888942,0,.097791530394086,0,.0044016494047773,0
Poland,POL,2016,.3042870140075684,.5412900161743164,.5412900161743164,POL,.05534930912615,.029960028432131,-.048340598075274,-.0183805696431431,-.0183805696431431,0,0,-.0589500045776367,2018,.5531123733520508,2017,0,0,1,1,.0932652214164937,0,.0519646643633715,0,.0553143483999876,0,.0024374989563493,0,.0932652214164937,0,.0041098537078029,0
Poland,POL,2017,.3062696266174316,.5044400024414063,.5044400024414063,POL,.0484054547378851,.0244176477061562,-.0478482927322388,-.0234306450260826,-.0234306450260826,0,0,-.0523300170898438,2019,.5538360977172851,2018,0,0,1,1,.0983152967994332,0,.0543794071495458,0,.0603644237829271,0,.0023768159409324,0,.0983152967994332,0,.003871110664631,0
Poland,POL,2018,.3061453247070313,.4823400115966797,.4823400115966797,POL,.0442067602234653,.0213226892388379,-.0478791583155278,-.0265564690766899,-.0265564690766899,0,0,.0835099792480469,2020,.542298812866211,2019,0,0,1,1,.1014411208500405,0,.056181754519654,0,.0634902478335344,0,.0022161514546558,0,.1014411208500405,0,.0035408412347541,0
Poland,POL,2019,.3050868797302246,.4521099853515625,.4521099853515625,POL,.0384402887690509,.0173792383922855,-.0481419822856763,-.0307627438933908,-.0307627438933908,0,0,.0780300140380859,2021,.5405447006225585,2020,0,0,1,1,.1056473956667414,0,.0572924572524807,0,.0676965226502353,0,.0022610428162721,0,.1056473956667414,0,.0035285901797987,0
Poland,POL,2020,.3046816635131836,.5658499908447265,.5658499908447265,POL,.0600220600606541,.0339634821358027,-.0482426020980095,-.0142791199622067,-.0142791199622067,0,0,-.0779800033569336,2022,.5326996994018555,2021,0,0,1,1,.0891637717355573,0,.048197004299175,0,.0512128987190512,0,.001615983547224,0,.0891637717355573,0,.0028134940949847,0
Poland,POL,2021,.3028897285461426,.5301399993896484,.5301399993896484,POL,.0531961354046224,.0282013991909382,-.0486875600057002,-.020486160814762,-.020486160814762,0,0,-.0349300003051757,2023,.5324391174316406,2022,0,0,1,1,.0953708125881126,0,.0508040031973983,0,.0574199395716065,0,.0014995085937689,0,.0953708125881126,0,.0024905869657396,0
Poland,POL,2022,.3044610595703125,.487869987487793,.487869987487793,POL,.0452126195031025,.022057880111269,-.0482973805752721,-.0262395004640032,-.0262395004640032,0,0,,,.5364661407470703,2023,1,0,0,1,,,,,.0631732792208477,0,.0024189572736149,0,.1011241522373538,0,.0038721276876816,0
Poland,POL,2023,.305653133392334,.4952099990844727,.4952099990844727,POL,.0466371490664953,.0230951825465215,-.0480013750374509,-.0249061924909294,-.0249061924909294,0,0,,,,,1,1,0,0,,,,,,,,,,,,
Portugal,PRT,1995,.3631355667114258,.622150001525879,.622150001525879,PRT,.0722352979812679,.0449411907492682,-.0337278306683323,.0112133600809359,.0112133600809359,0,0,-.0349900054931641,1997,.4488371658325195,1996,1,1,0,0,,,,,,,,,,,,
Portugal,PRT,1996,.3596525955200195,.633120002746582,.633120002746582,PRT,.0742269541966351,.046994569444844,-.0345926921741236,.0124018772707204,.0124018772707204,0,0,-.076959991455078,1998,.4496427154541016,1997,1,1,0,0,,,,,,,,,,,,
Portugal,PRT,1997,.359395637512207,.5871599960327148,.5871599960327148,PRT,.0654952249208365,.0384561760046801,-.0346564977807018,.0037996782239784,.0037996782239784,0,0,-.0331000137329102,1999,.4541463470458985,1998,1,1,0,0,,,,,,,,,,,,
Portugal,PRT,1998,.3570200347900391,.5561600112915039,.5561600112915039,PRT,.0595482155554172,.0331183362356897,-.0352463870547002,-.0021280508190105,-.0021280508190105,0,0,-.0142300033569336,2000,.4553369140625,1999,1,1,0,0,,,,,,,,,,,,
Portugal,PRT,1999,.3576802062988281,.5540599822998047,.5540599822998047,PRT,.0591667733671806,.0327819414045566,-.0350824589330492,-.0023005175284926,-.0023005175284926,0,0,.0197400283813477,2001,.4559088897705078,2000,1,1,0,0,,,,,,,,,,,,
Portugal,PRT,2000,.3571561431884765,.5419300079345704,.5419300079345704,PRT,.0568503505073781,.0308089109015465,-.0352125897856577,-.0044036788841112,-.0044036788841112,0,0,.0585099792480468,2002,.4632950592041016,2001,0,0,1,1,.0792883306574618,0,.0361482548018003,0,.0413374576409557,0,.0026342651418533,0,.0792883306574618,0,.0050527172575739,0
Portugal,PRT,2001,.3568575668334961,.5738000106811524,.5738000106811524,PRT,.0628927447016856,.0360878575815942,-.0352867297029212,.000801127878673,.000801127878673,0,0,.0651699829101562,2003,.4706330108642578,2002,0,0,1,1,.0740835238946776,0,.0343225305888331,0,.0361326508781715,0,.0022874569368187,0,.0740835238946776,0,.0046900204252446,0
Portugal,PRT,2002,.352787094116211,.6004399871826172,.6004399871826172,PRT,.0678438510336373,.0407361610450565,-.0362974745440613,.0044386865009952,.0044386865009952,0,0,.0705500030517578,2004,.4698686218261719,2003,0,0,1,1,.0704459652723554,0,.0331541967393676,0,.0324950922558493,0,.0020240685032018,0,.0704459652723554,0,.0043879690619975,0
Portugal,PRT,2003,.3530283737182617,.6389699935913086,.6389699935913086,PRT,.0751646637214819,.0480279646964082,-.0362375620646067,.0117904026318015,.0117904026318015,0,0,.0835200119018555,2005,.4666020584106445,2004,0,0,1,1,.0630942491415491,0,.0296460078892968,0,.025143376125043,0,.0014898513085287,0,.0630942491415491,0,.0037386009411261,0
Portugal,PRT,2004,.350803451538086,.670989990234375,.670989990234375,PRT,.0811852673921357,.0544745017746243,-.0367900356399733,.0176844661346509,.0176844661346509,0,0,.0658000183105468,2006,.4662328338623047,2005,0,0,1,1,.0572001856386997,0,.0266897243604883,0,.0192493126221936,0,.0010915499491177,0,.0572001856386997,0,.0032435890542635,0
Portugal,PRT,2005,.3516692733764649,.7224900054931641,.7224900054931641,PRT,.0909845965211485,.0657354616403579,-.0365750421939365,.0291604194464214,.0291604194464214,0,0,.0047899627685546,2007,.473437614440918,2006,0,0,1,1,.0457242323269292,0,.0213181384139626,0,.0077733593104231,0,.0004371308105167,0,.0457242323269292,0,.0025712783803165,0
Portugal,PRT,2006,.3493082427978516,.7367900085449218,.7367900085449218,PRT,.0936376940563147,.0689913174038789,-.0371613130383458,.0318300043655331,.0318300043655331,0,0,.0196399688720703,2008,.492310562133789,2007,0,0,1,1,.0430546474078175,0,.020383689559352,0,.0051037743913114,0,.0003098050524668,0,.0430546474078175,0,.0026134672648987,0
Portugal,PRT,2007,.3463293838500976,.7272799682617187,.7272799682617187,PRT,.0917545837015935,.0667312707223621,-.0379009977194741,.028830273002888,.028830273002888,0,0,.1507100677490235,2009,.5100751113891602,2008,0,0,1,1,.0460543787704626,0,.0226730571012089,0,.0081035057539565,0,.0005039275676288,0,.0460543787704626,0,.0028639544139431,0
Portugal,PRT,2008,.3467596054077148,.7564299774169921,.7564299774169921,PRT,.0972996326527642,.073600358930212,-.0377941687956338,.0358061901345782,.0358061901345782,0,0,.2443199920654296,2010,.515518798828125,2009,0,0,1,1,.0390784616387724,0,.0199329506733138,0,.0011275886222663,0,.0000737295523859,0,.0390784616387724,0,.0025552204302721,0
Portugal,PRT,2009,.3465468597412109,.8779900360107422,.8779900360107422,PRT,.1203709810994868,.1056845220301868,-.0378469959731704,.0678375260570164,.0678375260570164,0,0,.262249984741211,2011,.5174380493164062,2010,0,0,1,1,.0070471257163342,0,.0036329257844754,0,0,.0309037473001719,0,.0020776978495014,.0070471257163342,0,.0004737871366788,0
Portugal,PRT,2010,.3423915863037109,1.000749969482422,1.000749969482422,PRT,.143567238458393,.1436749095059124,-.0388787978011608,.1047961117047516,.1047961117047516,0,0,.2852900695800782,2012,.527106704711914,2011,0,0,1,1,0,.029911459931401,0,.01547732747911,0,.0678623329479071,0,.0045494209021898,0,.029911459931401,0,.0020052334648057
Portugal,PRT,2011,.3421306228637696,1.140240020751953,1.140240020751953,PRT,.1700411494275102,.1938877237519102,-.0389435980022595,.1549441257496507,.1549441257496507,0,0,.1681700134277344,2013,.5480199813842773,2012,0,0,1,1,0,.0800594739763001,0,.0421998855086168,0,.1180103469928062,0,.0106820546954201,0,.0800594739763001,0,.0072468194670552
Portugal,PRT,2012,.3403611373901367,1.2860400390625,1.2860400390625,PRT,.1976735785692074,.2542161367047677,-.0393829814444705,.2148331552602972,.2148331552602972,0,0,.0384899902343749,2014,.5582817840576172,2013,0,0,1,1,0,.1399485034869466,0,.0766945762756739,0,.1778993765034527,0,.0178600420599112,0,.1399485034869466,0,.0140499995425784
Portugal,PRT,2013,.3392646408081055,1.308410034179688,1.308410034179688,PRT,.2018916755354587,.264157094087944,-.0396552540625647,.2245018400253793,.2245018400253793,0,0,.0018199157714842,2015,.5792049026489258,2014,0,0,1,1,0,.1496171882520287,0,.083528550783027,0,.1875680612685348,0,.0175398343305602,0,.1496171882520287,0,.0139909784064343
Portugal,PRT,2014,.334827766418457,1.324530029296875,1.324530029296875,PRT,.2048361132106944,.271311583032019,-.040756980621517,.2305546024105019,.2305546024105019,0,0,-.0127301025390625,2016,.5927437973022461,2015,0,0,1,1,0,.1556699506371513,0,.0901647986041543,0,.1936208236536574,0,.0190415924985612,0,.1556699506371513,0,.0153093231831615
Portugal,PRT,2015,.3390792083740234,1.310229949951172,1.310229949951172,PRT,.2022323288217027,.2649708540705684,-.0397012990527037,.2252695550178648,.2252695550178648,0,0,-.0499399566650389,2017,.571536865234375,2016,0,0,1,1,0,.1503849032445142,0,.0891397186060842,0,.1883357762610203,0,.0184757476259342,0,.1503849032445142,0,.0147527653760558
Portugal,PRT,2016,.3315742874145508,1.311799926757812,1.311799926757812,PRT,.2023345420491121,.2654224374406007,-.0415648565974428,.2238575808431579,.2238575808431579,0,0,-.1006799316406248,2018,.5770374298095703,2017,0,0,1,1,0,.1489729290698073,0,.0851435208853405,0,.1869238020863134,0,.0169843627548695,0,.1489729290698073,0,.0135360518015181
Portugal,PRT,2017,.3235364913940429,1.260289993286133,1.260289993286133,PRT,.1923461874584378,.2424119753006078,-.0435607331027358,.198851242197872,.198851242197872,0,0,-.0991899871826172,2019,.5762065505981445,2018,0,0,1,1,0,.1239665904245214,0,.0715333627208215,0,.1619174634410275,0,.013834865285462,0,.1239665904245214,0,.0105921933432829
Portugal,PRT,2018,.3214698028564453,1.211119995117188,1.211119995117188,PRT,.1829578526597503,.2215839136199279,-.0440739154583747,.1775099981615532,.1775099981615532,0,0,.1298399353027342,2020,.5742462158203125,2019,0,0,1,1,0,.1026253463882026,0,.059133396846286,0,.1405762194047087,0,.0106180046889919,0,.1026253463882026,0,.0077514988934384
Portugal,PRT,2019,.3195359420776367,1.161100006103516,1.161100006103516,PRT,.1734116219848766,.2013482353450607,-.0445541151652451,.1567941201798156,.1567941201798156,0,0,.0776799774169921,2021,.5712026977539062,2020,0,0,1,1,0,.081909468406465,0,.047036202272266,0,.1198603414229711,0,.0079462309610402,0,.081909468406465,0,.0054302494563815
Portugal,PRT,2020,.3163402366638184,1.340959930419922,1.340959930419922,PRT,.2074727511671359,.2782126459691123,-.0453476452992524,.2328650006698599,.2328650006698599,0,0,-.2286399078369139,2022,.5732994079589844,2021,0,0,1,1,0,.1579803488965093,0,.0902388014817894,0,.1959312219130154,0,.012418780090207,0,.1579803488965093,0,.0100133260659749
Portugal,PRT,2021,.3164085960388184,1.238779983520508,1.238779983520508,PRT,.1880767457179242,.2329857079610409,-.045330670886101,.1876550370749399,.1876550370749399,0,0,-.2701799774169922,2023,.5756239318847656,2022,0,0,1,1,0,.1127703853015893,0,.0646511951287077,0,.1507212583180954,0,.0077293817997527,0,.1127703853015893,0,.0057831614028965
Portugal,PRT,2022,.3186706733703613,1.112320022583008,1.112320022583008,PRT,.1641286767319063,.1825636134089533,-.0447689712625148,.1377946421464385,.1377946421464385,0,0,,,.5739291763305664,2023,1,0,0,1,,,,,0,.100860863389594,0,.0041836280575266,0,.0629099903730879,0,.0026094561555254
Portugal,PRT,2023,.318490161895752,.9686000061035156,.9686000061035156,PRT,.1368402316491781,.1325434492106004,-.0448137943222428,.0877296548883576,.0877296548883576,0,0,,,,,1,1,0,0,,,,,,,,,,,,
Romania,ROU,1995,.438380126953125,,,ROU,,,-.0150437474253218,,,,,,,.384078254699707,1996,3,2,0,0,,,,,,,,,,,,
Romania,ROU,1996,.436526985168457,,,ROU,,,-.01550390368452,,,,,,,.3819166946411133,1997,3,2,0,0,,,,,,,,,,,,
Romania,ROU,1997,.4354035949707031,,,ROU,,,-.0157828542943953,,,,,,,.3722493743896484,1998,3,2,0,0,,,,,,,,,,,,
Romania,ROU,1998,.4352717208862305,,,ROU,,,-.0158156001349446,,,,,,,.3669465255737305,1999,3,2,0,0,,,,,,,,,,,,
Romania,ROU,1999,.4329134750366211,,,ROU,,,-.0164011794993539,,,,,,,.3671036911010742,2000,3,2,0,0,,,,,,,,,,,,
Romania,ROU,2000,.4338245773315429,.2955800056457519,.2955800056457519,ROU,.012083946376325,.0035717729381371,-.01617494239907,-.0126031694609329,-.0126031694609329,0,0,-.0217500114440918,2002,.3753232574462891,2001,0,0,1,1,.0874878212342835,0,.0321171021014964,0,.0495369482177774,0,.0076886934643844,0,.0874878212342835,0,.0135790972907746,0
Romania,ROU,2001,.434395523071289,.2740900039672852,.2740900039672852,ROU,.0080191934061765,.0021979807525133,-.0160331700544062,-.0138351893018929,-.0138351893018929,0,0,-.0252900123596191,2003,.3894945526123047,2002,0,0,1,1,.0887198410752435,0,.0332986197524775,0,.0507689680587374,0,.0064386769976565,0,.0887198410752435,0,.01125172367707,0
Romania,ROU,2002,.4320571899414062,.2738299942016602,.2738299942016602,ROU,.0079088177655984,.0021656715228958,-.0166138048631988,-.014448133340303,-.014448133340303,0,0,-.0605399894714355,2004,.3815691757202149,2003,0,0,1,1,.0893327851136536,0,.0347946331714537,0,.0513819120971475,0,.0051890710513169,0,.0893327851136536,0,.0090217383948331,0
Romania,ROU,2003,.4323723602294922,.248799991607666,.248799991607666,ROU,.0031653587195183,.0007875412228514,-.0165355444829214,-.01574800326007,-.01574800326007,0,0,-.0711299896240234,2005,.3884183502197265,2004,0,0,1,1,.0906326550334206,0,.0345826274744369,0,.0526817820169145,0,.0037392825759186,0,.0906326550334206,0,.0064329848915684,0
Romania,ROU,2004,.4316165161132812,.2132900047302246,.2132900047302246,ROU,-.0035955618335864,-.0007668974004935,-.0167232292051214,-.0174901266056149,-.0174901266056149,0,0,-.0863800048828125,2006,.3974773025512695,2005,0,0,1,1,.0923747783789655,0,.0358800590198706,0,.0544239053624594,0,.0019819286476901,0,.0923747783789655,0,.0033639669622016,0
Romania,ROU,2005,.4293094253540039,.1776700019836426,.1776700019836426,ROU,-.0104178453457863,-.0018509386032511,-.0172961061766534,-.0191470447799045,-.0191470447799045,0,0,-.0533600044250488,2007,.3865457916259766,2006,0,0,1,1,.0940316965532551,0,.0373754651003073,0,.056080823536749,0,.0019568235029789,0,.0940316965532551,0,.0032810401530537,0
Romania,ROU,2006,.4280023956298828,.1269099998474121,.1269099998474121,ROU,-.0200882034597877,-.0025493938980164,-.0176206565772155,-.020170050475232,-.020170050475232,0,0,.003129997253418,2008,.4214885330200195,2007,0,0,1,1,.0950547022485826,0,.0367429951284498,0,.0571038292320765,0,.0011228527499181,0,.0950547022485826,0,.0018690941614212,0
Romania,ROU,2007,.4288288497924805,.1243099975585937,.1243099975585937,ROU,-.0205602214123554,-.002555841073574,-.0174154385744668,-.0199712796480408,-.0199712796480408,0,0,.1002000045776367,2009,.4438111877441406,2008,0,0,1,1,.0948559314213914,0,.0399806873830499,0,.0569050584048853,0,.0009821489225639,0,.0948559314213914,0,.0016371593924297,0
Romania,ROU,2008,.427945671081543,.1300399971008301,.1300399971008301,ROU,-.0194954865192957,-.0025351930104485,-.0176347419300929,-.0201699349405413,-.0201699349405413,0,0,.1715999984741211,2010,.4545847320556641,2009,0,0,1,1,.0950545867138919,0,.0421862890300208,0,.0571037136973858,0,.0011153723943121,0,.0950545867138919,0,.0018566439047251,0
Romania,ROU,2009,.4266185760498047,.2245100021362305,.2245100021362305,ROU,-.001595977454377,-.0003583129016915,-.0179642747755867,-.0183225876772783,-.0183225876772783,0,0,.1014599990844727,2011,.4308813095092773,2010,0,0,1,1,.0932072394506289,0,.0423705879713123,0,.0552563664341228,0,.0018385644859826,0,.0932072394506289,0,.0031013172119218,0
Romania,ROU,2010,.4257500839233399,.3016399955749512,.3016399955749512,ROU,.0130236792199978,.0039284625422897,-.0181799312846373,-.0142514687423476,-.0142514687423476,0,0,.0600300025939941,2012,.4176311111450196,2011,0,0,1,1,.0891361205156982,0,.0384070883323808,0,.0511852474991921,0,.002027463378403,0,.0891361205156982,0,.0035307091177266,0
Romania,ROU,2011,.4237348556518555,.3259700012207031,.3259700012207031,ROU,.0175898905758383,.005733776652478,-.0186803354687688,-.0129465588162908,-.0129465588162908,0,0,.0666500091552734,2013,.3927638244628906,2012,0,0,1,1,.0878312105896414,0,.0366810460717641,0,.0498803375731353,0,.0022428643917795,0,.0878312105896414,0,.0039493216025164,0
Romania,ROU,2012,.4225981140136719,.3616699981689453,.3616699981689453,ROU,.0243374981771163,.0088021429211544,-.0189626013937127,-.0101604584725583,-.0101604584725583,0,0,.0430699920654297,2014,.402225112915039,2013,0,0,1,1,.0850451102459089,0,.0334026427520514,0,.0470942372294028,0,.0025437099960673,0,.0850451102459089,0,.0045935577212004,0
Romania,ROU,2013,.4186022567749024,.3926200103759765,.3926200103759765,ROU,.0301087664831474,.0118213042090212,-.0199548183597836,-.0081335141507623,-.0081335141507623,0,0,.0009199905395508,2015,.4202704238891601,2014,0,0,1,1,.0830181659241129,0,.0333919911628258,0,.0450672929076068,0,.0023511398293611,0,.0830181659241129,0,.0043310193240328,0
Romania,ROU,2014,.4148988342285156,.404739990234375,.404739990234375,ROU,.0323129816901886,.0130783558937305,-.0208744204535225,-.007796064559792,-.007796064559792,0,0,-.0092599868774414,2016,.4338056564331055,2015,0,0,1,1,.0826807163331426,0,.0347482597007892,0,.0447298433166365,0,.0020688198798141,0,.0826807163331426,0,.0038241025888784,0
Romania,ROU,2015,.4133141326904297,.3935400009155273,.3935400009155273,ROU,.0301454308488761,.0118634328838657,-.0212679199351836,-.0094044870513179,-.0094044870513179,0,0,-.0224700164794921,2017,.4275064468383789,2016,0,0,1,1,.0842891388246685,0,.0365651051980165,0,.0463382658081624,0,.0018343259512073,0,.0842891388246685,0,.0033366323071108,0
Romania,ROU,2016,.413232421875,.3954800033569336,.3954800033569336,ROU,.0305115877974701,.0120667228445689,-.0212882096634036,-.0092214868188348,-.0092214868188348,0,0,-.0313000106811523,2018,.4302777481079101,2017,0,0,1,1,.0841061385921854,0,.0359559164668414,0,.0461552655756793,0,.0020262596740688,0,.0841061385921854,0,.0036923387796687,0
Romania,ROU,2017,.4125241470336914,.3710699844360352,.3710699844360352,ROU,.0258591207736004,.0095955435429895,-.0214640823916305,-.0118685388486411,-.0118685388486411,0,0,-.0034000015258789,2019,.4365155410766601,2018,0,0,1,1,.0867531906219917,0,.0373279675020068,0,.0488023176054856,0,.0019824533646343,0,.0867531906219917,0,.0035240980977919,0
Romania,ROU,2018,.4115235900878906,.3641799926757813,.3641799926757813,ROU,.0245250201111501,.008931521644452,-.0217125321028743,-.0127810104584223,-.0127810104584223,0,0,.1311899948120117,2020,.4206284332275391,2019,0,0,1,1,.0876656622317729,0,.0382674239829461,0,.0497147892152668,0,.0022392359843955,0,.0876656622317729,0,.00394860580853,0
Romania,ROU,2019,.4131889724731445,.3676699829101562,.3676699829101562,ROU,.0252310138979111,.0092766864486509,-.0212989986458699,-.012022312197219,-.012022312197219,0,0,.1503800201416016,2021,.4331756210327148,2020,0,0,1,1,.0869069639705696,0,.0365555400915029,0,.0489560909540635,0,.001869161682575,0,.0869069639705696,0,.0033181400687228,0
Romania,ROU,2020,.412755126953125,.495369987487793,.495369987487793,ROU,.0494621972797272,.0245020880475772,-.0214067274409431,.0030953606066341,.0030953606066341,0,0,.023650016784668,2022,.4357350158691407,2021,0,0,1,1,.0717892911667165,0,.0310973707846408,0,.0338384181502104,0,.0015562772492286,0,.0717892911667165,0,.0033016921797308,0
Romania,ROU,2021,.4153900909423828,.5180500030517579,.5180500030517579,ROU,.0538365155927717,.0278900070671314,-.0207524358036541,.0071375712634773,.0071375712634773,0,0,.0079000091552734,2023,.4390110015869141,2022,0,0,1,1,.0677470805098734,0,.0295197752010576,0,.0297962074933672,0,.0014368208719613,0,.0677470805098734,0,.0032668727828097,0
Romania,ROU,2022,.4127184677124023,.519020004272461,.519020004272461,ROU,.0539509478756887,.0280016211969433,-.0214158303488887,.0065857908480546,.0065857908480546,0,0,,,.4406818008422851,2023,1,0,0,1,,,,,.0303479879087899,0,.0019718567345358,0,.068298860925296,0,.0044377099820072,0
Romania,ROU,2023,.4117794799804688,.5259500122070313,.5259500122070313,ROU,.055242035494081,.0290545492424532,-.0216489917215016,.0074055575209515,.0074055575209515,0,0,,,,,1,1,0,0,,,,,,,,,,,,
Russia,RUS,1995,.3500722885131836,,,RUS,,,-.0369715917654607,,,,,,,.3888249969482422,1996,3,3,0,0,,,,,,,,,,,,
Russia,RUS,1996,.3492433166503906,,,RUS,,,-.0371774349419081,,,,,,,.3865034866333008,1997,3,3,0,0,,,,,,,,,,,,
Russia,RUS,1997,.3498102951049805,.5151900100708008,.5151900100708008,RUS,.0515823633138882,.0265747182751578,-.0370366477194362,-.0104619294442785,-.0104619294442785,0,0,.408599967956543,1999,.3958363723754883,1998,1,2,0,0,,,,,,,,,,,,
Russia,RUS,1998,.3519458770751953,1.351929931640625,1.351929931640625,RUS,.210484369801897,.2845601196776986,-.0365063583380431,.2480537613396555,.2480537613396555,0,0,-.7932499313354493,2000,.4072805786132813,1999,1,1,0,0,,,,,,,,,,,,
Russia,RUS,1999,.3496178436279297,.9237899780273438,.9237899780273438,RUS,.1291457518274821,.1193035512430345,-.0370844356180684,.082219115624966,.082219115624966,0,0,-.4794099807739258,2001,.4145116424560547,2000,1,1,0,0,,,,,,,,,,,,
Russia,RUS,2000,.3498551940917969,.5586800003051757,.5586800003051757,RUS,.0598396525341794,.033431217096057,-.0370254987884768,-.0035942816924199,-.0035942816924199,0,0,-.1829100036621093,2002,.4299521255493164,2001,0,0,1,1,.0784789334657705,0,.032530431609096,0,.0405280604492644,0,.004800986779399,0,.0784789334657705,0,.0092966778536606,0
Russia,RUS,2001,.3464617538452148,.444379997253418,.444379997253418,RUS,.0380524509854821,.0169097480644144,-.0378681287386507,-.0209583806742364,-.0209583806742364,0,0,-.1610400009155273,2003,.4432312393188477,2002,0,0,1,1,.095843032447587,0,.0412079155199321,0,.0578921594310809,0,.0041466754838606,0,.095843032447587,0,.0068650048098896,0
Russia,RUS,2002,.3441510391235352,.3757699966430664,.3757699966430664,RUS,.0249672684822758,.0093819503937713,-.0384419055814156,-.0290599551876443,-.0290599551876443,0,0,-.1674900054931641,2004,.4460307693481445,2003,0,0,1,1,.1039446069609949,0,.0460714969638323,0,.0659937339444888,0,.0036679129095776,0,.1039446069609949,0,.0057772116073005,0
Russia,RUS,2003,.3392435073852539,.2833399963378906,.2833399963378906,RUS,.0072923490496411,.0020662141530199,-.0396605017327019,-.0375942875796819,-.0375942875796819,0,0,-.1348299980163574,2005,.4372385406494141,2004,0,0,1,1,.1124789393530325,0,.0501690678550964,0,.0745280663365264,0,.0031743964911106,0,.1124789393530325,0,.004790849514247,0
Russia,RUS,2004,.3351455688476562,.2082799911499023,.2082799911499023,RUS,-.0070639341399644,-.0014712761401553,-.0406780666505547,-.04214934279071,-.04214934279071,0,0,-.1102399921417236,2006,.4682213592529297,2005,0,0,1,1,.1170339945640606,0,.0511717729895613,0,.0790831215475545,0,.0024508992365197,0,.1170339945640606,0,.0036270511622562,0
Russia,RUS,2005,.3335582733154297,.1485099983215332,.1485099983215332,RUS,-.018452057450671,-.002740315021028,-.0410722102505719,-.0438125252715999,-.0438125252715999,0,0,-.0681799983978271,2007,.5484737396240235,2006,0,0,1,1,.1186971770449505,0,.0555765535754724,0,.0807463040284444,0,.0016234246195192,0,.1186971770449505,0,.0023864364047464,0
Russia,RUS,2006,.332251205444336,.0980399990081787,.0980399990081787,RUS,-.02806736257155,-.0027517241986769,-.0413967701234629,-.0441484943221398,-.0441484943221398,0,0,-.0235799980163574,2008,.5556924057006836,2007,0,0,1,1,.1190331460954904,0,.0652865547782064,0,.0810822730789843,0,.0011333868359674,0,.1190331460954904,0,.0016638729491093,0
Russia,RUS,2007,.3311605453491211,.0803299999237061,.0803299999237061,RUS,-.0314578790407883,-.0025270114209465,-.0416675934752556,-.0441946048962021,-.0441946048962021,0,0,.0188500022888184,2009,.5705654907226563,2008,0,0,1,1,.1190792566695527,0,.0661714386077529,0,.0811283836530466,0,-2.16186707299e-06,0,.1190792566695527,0,-3.17316224579e-06,0
Russia,RUS,2008,.3308308029174805,.0744600009918213,.0744600009918213,RUS,-.0325808408204851,-.0024259694398077,-.0417494722851222,-.0441754417249299,-.0441754417249299,0,0,.026589994430542,2010,.5587865447998047,2009,0,0,1,1,.1190600934982805,0,.0679315806723317,0,.0811092204817744,0,.000417082443627,0,.1190600934982805,0,.000612234644098,0
Russia,RUS,2009,.3318941116333008,.0991800022125244,.0991800022125244,RUS,-.0278602628040484,-.002763180926547,-.0414854405930558,-.0442486215196028,-.0442486215196028,0,0,.0042199993133545,2011,.5942123031616211,2010,0,0,1,1,.1191332732929535,0,.0665700701540603,0,.0811824002764473,0,-.0007644901484096,0,.1191332732929535,0,-.0011218714089521,0
Russia,RUS,2010,.329666748046875,.1010499954223633,.1010499954223633,RUS,-.0275633841678626,-.0027852798439874,-.0420385203974636,-.044823800241451,-.044823800241451,0,0,.010620002746582,2012,.5909518814086914,2011,0,0,1,1,.1197084520148016,0,.0711322349796276,0,.0817575789982955,0,.0002909882507828,0,.1197084520148016,0,.0004260614548828,0
Russia,RUS,2011,.3277363967895508,.1034000015258789,.1034000015258789,RUS,-.0271676300083151,-.0028091329843143,-.0425178486500874,-.0453269816344016,-.0453269816344016,0,0,.0200799942016602,2013,.6015786743164062,2012,0,0,1,1,.1202116334077522,0,.0710392909295231,0,.0822607603912461,0,.0006567961792316,0,.1202116334077522,0,.0009598080682196,0
Russia,RUS,2012,.3279268646240234,.1116699981689453,.1116699981689453,RUS,-.0255926880578172,-.0028579354285548,-.042470553312551,-.0453284887411059,-.0453284887411059,0,0,.039689998626709,2014,.609037094116211,2013,0,0,1,1,.1202131405144565,0,.0723176617060986,0,.0822622674979504,0,.0006526284683326,0,.1202131405144565,0,.000953712074243,0
Russia,RUS,2013,.3278189086914062,.1234799957275391,.1234799957275391,RUS,-.0233535010816223,-.0028836902137818,-.0424973600029632,-.045381050216745,-.045381050216745,0,0,.0293800067901611,2015,.4829636001586914,2014,0,0,1,1,.1202657019900956,0,.073246273661894,0,.0823148289735895,0,.0008283098640029,0,.1202657019900956,0,.0012101983142258,0
Russia,RUS,2014,.3270623779296875,.1513599967956543,.1513599967956543,RUS,-.0180805164552606,-.002736666912732,-.042685215227081,-.045421882139813,-.045421882139813,0,0,-.0028699970245361,2016,.5069926452636718,2015,0,0,1,1,.1203065339131636,0,.0581036767413152,0,.0823556608966575,0,.0009556447096064,0,.1203065339131636,0,.0013960218570702,0
Russia,RUS,2015,.3289238739013672,.1528600025177002,.1528600025177002,RUS,-.0177471830084073,-.0027128344393472,-.0422229845278827,-.0449358189672299,-.0449358189672299,0,0,-.0097500038146973,2017,.5261577224731445,2016,0,0,1,1,.1198204707405805,0,.0607480974175053,0,.0818695977240744,0,.0006418728543721,0,.1198204707405805,0,.0009394147486307,0
Russia,RUS,2016,.3268360137939453,.1484899997711182,.1484899997711182,RUS,-.0186312618860449,-.0027665560731944,-.0427414240259876,-.045507980099182,-.045507980099182,0,0,-.0122900009155273,2018,.5230866622924805,2017,0,0,1,1,.1203926318725326,0,.0633455129885995,0,.0824417588560265,0,.0010895055357373,0,.1203926318725326,0,.0015910436738277,0
Russia,RUS,2017,.3243952941894531,.1431099987030029,.1431099987030029,RUS,-.0197162857047379,-.0028215976216331,-.0433474825651922,-.0461690801868253,-.0461690801868253,0,0,-.005629997253418,2019,.5328293228149414,2018,0,0,1,1,.1210537319601759,0,.063321592609097,0,.0831028589436698,0,.0012679282332586,0,.1210537319601759,0,.0018469574506175,0
Russia,RUS,2018,.3228499984741211,.1361999988555908,.1361999988555908,RUS,-.0210683988853855,-.0028695159040786,-.0437311971312364,-.0466007130353151,-.0466007130353151,0,0,.0554200077056885,2020,.5399998092651367,2019,0,0,1,1,.1214853648086656,0,.0647309646629274,0,.0835344917921595,0,.0011797860003227,0,.1214853648086656,0,.0017157790700632,0
Russia,RUS,2019,.3226577377319336,.137480001449585,.137480001449585,RUS,-.0208304206174796,-.0028637662566866,-.0437789376682248,-.0466427039249114,-.0466427039249114,0,0,.0278099918365478,2021,.5295283508300781,2020,0,0,1,1,.121527355698262,0,.0656247488975579,0,.0835764826817559,0,.0006324099264276,0,.121527355698262,0,.0009195781350207,0
Russia,RUS,2020,.3266536712646484,.1916200065612793,.1916200065612793,RUS,-.0104482412880579,-.0020020920641715,-.0427867017574964,-.0447887938216679,-.0447887938216679,0,0,-.0402800083160401,2022,.5151074981689453,2021,0,0,1,1,.1196734455950185,0,.0633704822840832,0,.0817225725785124,0,.0003462820954531,0,.1196734455950185,0,.0005070908832553,0
Russia,RUS,2021,.3257976913452149,.1652899932861328,.1652899932861328,RUS,-.0154690532209488,-.0025568797030335,-.0429992513427112,-.0455561310457446,-.0455561310457446,0,0,-.0133899974822998,2023,.4948211288452148,2022,0,0,1,1,.1204407828190952,0,.0620399503154534,0,.0824899098025891,0,.0007621915450062,0,.1204407828190952,0,.0011128506087391,0
Russia,RUS,2022,.3234914779663086,.1513399982452392,.1513399982452392,RUS,-.0181774905890845,-.0027509813938549,-.0435719104506815,-.0463228918445364,-.0463228918445364,0,0,,,.491439094543457,2023,1,0,0,1,,,,,.0832566706013809,0,.0008767748979402,0,.121207543617887,0,.00127643504019,0
Russia,RUS,2023,.3237411499023438,.151899995803833,.151899995803833,RUS,-.0180646660986504,-.0027440227045826,-.043509914058898,-.0462539367634806,-.0462539367634806,0,0,,,,,1,1,0,0,,,,,,,,,,,,
Singapore,SGP,1995,.3947890853881836,.69822998046875,.69822998046875,SGP,.0875042366317643,.0610980814343297,-.0258679006482619,.0352301807860678,.0352301807860678,0,0,.0096400451660157,1997,.5748887634277344,1996,0,1,1,0,.0396544709872828,0,.0222888883124681,0,,,,,,,,
Singapore,SGP,1996,.3944869232177735,.7127200317382812,.7127200317382812,SGP,.0902471361034182,.0643209417079172,-.0259429309644295,.0383780107434877,.0383780107434877,0,0,.1337400054931641,1998,.5838109970092773,1997,0,1,1,0,.0365066410298629,0,.0209872577185581,0,,,,,,,,
Singapore,SGP,1997,.3933993148803711,.7078700256347656,.7078700256347656,SGP,.0892980337975142,.0632114014733806,-.0262129965299208,.0369984049434598,.0369984049434598,0,0,.1453299713134766,1999,.5861548233032227,1998,0,1,1,0,.0378862468298908,0,.0221184075346981,0,,,,,,,,
Singapore,SGP,1998,.3929432678222656,.8464600372314454,.8464600372314454,SGP,.1155959912595224,.0978473870653412,-.0263262382203367,.0715211488450044,.0715211488450044,0,0,-.0239000701904297,2000,.5995134735107421,1999,0,1,1,0,.0033635029283462,0,.0019715334646446,0,,,,,,,,
Singapore,SGP,1999,.3965696716308594,.8531999969482422,.8531999969482422,SGP,.1169701277009438,.0997989125974808,-.0254257607583795,.0743731518391013,.0743731518391013,0,0,.091510009765625,2001,.6254761505126953,2000,0,1,1,0,.0005114999342493,0,.0003066511022823,0,,,,,,,,
Singapore,SGP,2000,.3998944854736328,.8225599670410156,.8225599670410156,SGP,.1112401963422425,.0915017322369111,-.0246001715276584,.0669015607092527,.0669015607092527,0,0,.1405400085449219,2002,.6283778762817382,2001,0,1,1,0,.0079830910640979,0,.0049932330679642,0,,,,,,,,
Singapore,SGP,2001,.4034708404541016,.9447100067138672,.9447100067138672,SGP,.1345224177567405,.1270846741821359,-.0237121217610441,.1033725524210918,.1033725524210918,0,0,.0465999603271484,2003,.6444806671142578,2002,0,1,1,0,0,.0284879006477412,0,.0179011665087528,,,,,,,,
Singapore,SGP,2002,.4071836090087891,.9630999755859375,.9630999755859375,SGP,.1381104395823627,.1330141609899366,-.0227901989467571,.1102239620431795,.1102239620431795,0,0,-.0061899566650391,2004,.6429927825927735,2003,0,1,1,0,0,.0353393102698289,0,.0227755022580571,,,,,,,,
Singapore,SGP,2003,.4057671737670898,.9913099670410156,.9913099670410156,SGP,.1434288501355208,.1421824487005739,-.0231419159862246,.1190405327143493,.1190405327143493,0,0,-.064679946899414,2005,.6542408752441407,2004,0,1,1,0,0,.0441558809409987,0,.028391912754088,,,,,,,,
Singapore,SGP,2004,.4046827697753906,.9569100189208984,.9569100189208984,SGP,.136870085467495,.1309723560744056,-.0234111858760994,.1075611701983062,.1075611701983062,0,0,-.0916699981689453,2006,.6528996276855469,2005,0,1,1,0,0,.0326765184249556,0,.0213783140142743,,,,,,,,
Singapore,SGP,2005,.4032405090332031,.9266300201416016,.9266300201416016,SGP,.131084112119264,.1214664734533176,-.0237693156821425,.0976971577711751,.0976971577711751,0,0,-.048740005493164,2007,.7114139556884765,2006,0,1,1,0,0,.0228125059978245,0,.0148942766725539,,,,,,,,
Singapore,SGP,2006,.4044255828857422,.8652400207519532,.8652400207519532,SGP,.1194607886715311,.1033622552692002,-.0234750483166501,.0798872069525501,.0798872069525501,0,0,.1132899475097656,2008,.7267100524902343,2007,0,1,1,0,0,.0050025551791995,0,.0035588875685842,,,,,,,,
Singapore,SGP,2007,.4030198669433594,.8778900146484375,.8778900146484375,SGP,.1218255769008846,.1069494574900719,-.0238241036317339,.083125353858338,.083125353858338,0,0,.139000015258789,2009,.736235122680664,2008,0,1,1,0,0,.0082407020849874,0,.0059886010447376,,,,,,,,
Singapore,SGP,2008,.4033753585815429,.9785299682617188,.9785299682617188,SGP,.1409402906041738,.1379142980916996,-.0237358309999493,.1141784670917503,.1141784670917503,0,0,.0082100677490234,2010,.7194818115234375,2009,0,1,1,0,0,.0392938153183997,0,.0289294869415334,,,,,,,,
Singapore,SGP,2009,.4008405303955078,1.016890029907227,1.016890029907227,SGP,.1481564024308858,.1506587684988906,-.0243652577742234,.1262935107246672,.1262935107246672,0,0,.0144099426269531,2011,.7499860382080078,2010,0,1,1,0,0,.0514088589513166,0,.0369877389666461,,,,,,,,
Singapore,SGP,2010,.4010114288330078,.9867400360107422,.9867400360107422,SGP,.1424372022666333,.1405484900938471,-.0243228217413448,.1162256683525023,.1162256683525023,0,0,.0805099487304687,2012,.7644010162353516,2011,0,1,1,0,0,.0413410165791517,0,.0310051852396895,,,,,,,,
Singapore,SGP,2011,.4020252609252929,1.03129997253418,1.03129997253418,SGP,.1509228924951989,.1556467748850775,-.02407107565969,.1315756992253876,.1315756992253876,0,0,-.0494499969482421,2013,.7728155517578125,2012,0,1,1,0,0,.056691047452037,0,.0433346942837836,,,,,,,,
Singapore,SGP,2012,.4013299942016602,1.067249984741211,1.067249984741211,SGP,.1577294825339854,.168336787827635,-.0242437183238071,.1440930695038279,.1440930695038279,0,0,-.0897599792480468,2014,.7848036193847656,2013,0,1,1,0,0,.0692084177304773,0,.053485341534664,,,,,,,,
Singapore,SGP,2013,.3975454330444336,.9818499755859375,.9818499755859375,SGP,.1414184353886643,.1388516873337615,-.0251834680608346,.1136682192729269,.1136682192729269,0,0,.0391600036621095,2015,.8072019958496094,2014,0,1,1,0,0,.0387835674995763,0,.0304374841463209,,,,,,,,
Singapore,SGP,2014,.3947853088378906,.9774900054931641,.9774900054931641,SGP,.1405187193174628,.1373556437175191,-.0258688384088098,.1114868053087093,.1114868053087093,0,0,.0815999603271484,2016,.804161376953125,2015,0,1,1,0,0,.0366021535353587,0,.0295453313861353,,,,,,,,
Singapore,SGP,2015,.3891069412231445,1.021009979248047,1.021009979248047,SGP,.1486323599904719,.15175512278946,-.0272788419075018,.1244762808819582,.1244762808819582,0,0,.0518400573730469,2017,.7845143127441406,2016,0,1,1,0,0,.0495916291086076,0,.0398796727493266,,,,,,,,
Singapore,SGP,2016,.3895102310180664,1.059089965820313,1.059089965820313,SGP,.1558719685697094,.1650824378648384,-.0271787004477713,.1379037374170671,.1379037374170671,0,0,.032790069580078,2018,.7902337646484375,2017,0,1,1,0,0,.0630190856437165,0,.0494393746635444,,,,,,,,
Singapore,SGP,2017,.3888970947265625,1.072850036621094,1.072850036621094,SGP,.1584681744872317,.1700125868019044,-.027330949188052,.1426816376138524,.1426816376138524,0,0,.2039699554443359,2019,.7939757537841797,2018,0,1,1,0,0,.0677969858405018,0,.0535754673525565,,,,,,,,
Singapore,SGP,2018,.3892274856567383,1.091880035400391,1.091880035400391,SGP,.1620894408716504,.1769822244369672,-.0272489093485963,.1497333150883708,.1497333150883708,0,0,.3792700195312499,2020,.7951992797851563,2019,0,1,1,0,0,.0748486633150202,0,.0594280238752815,,,,,,,,
Singapore,SGP,2019,.3902054214477539,1.27681999206543,1.27681999206543,SGP,.1972238661185954,.2518193751726583,-.0270060767283117,.2248132984443466,.2248132984443466,0,0,.1225200653076171,2021,.7975067901611328,2020,0,1,1,0,0,.149928646670996,0,.1192231518519391,,,,,,,,
Singapore,SGP,2020,.3881437683105469,1.471150054931641,1.471150054931641,SGP,.2340615905507316,.344339721796096,-.0275180087365533,.3168217130595426,.3168217130595426,0,0,.0622299194335938,2022,.802470703125,2021,0,1,1,0,0,.241937061286192,0,.1929464491673683,,,,,,,,
Singapore,SGP,2021,.3877573013305664,1.399340057373047,1.399340057373047,SGP,.2204191327953161,.3084413219319149,-.0276139728992973,.2808273490326176,.2808273490326176,0,0,.3049899291992189,2023,.8012519073486328,2022,0,1,1,0,0,.205942697259267,0,.165262981073103,,,,,,,,
Singapore,SGP,2022,.3883990097045898,1.533379974365234,1.533379974365234,SGP,.2458819469961773,.3770304535818723,-.0274546293847697,.3495758241971026,.3495758241971026,0,0,,,.8001235961914063,2023,1,1,0,0,,,,,,,,,,,,
Singapore,SGP,2023,.3886924743652344,1.704329986572266,1.704329986572266,SGP,.2783426679841648,.4743877555879402,-.0273817587595611,.4470059968283791,.4470059968283791,0,0,,,,,1,2,0,0,,,,,,,,,,,,
Serbia,SRB,1995,.4199296951293945,,,SRB,,,-.0196252002633308,,,,,,,.3279016494750976,1996,6,6,0,0,,,,,,,,,,,,
Serbia,SRB,1996,.4249179840087891,,,SRB,,,-.0183865511920436,,,,,,,.3185452079772949,1997,6,6,0,0,,,,,,,,,,,,
Serbia,SRB,1997,.4257170486450195,,,SRB,,,-.01818813432135,,,,,,,.3091887474060059,1998,6,6,0,0,,,,,,,,,,,,
Serbia,SRB,1998,.4238893890380859,,,SRB,,,-.0186419630649315,,,,,,,.3127372360229492,1999,4,4,0,0,,,,,,,,,,,,
Serbia,SRB,1999,.419879035949707,,,SRB,,,-.019637779515934,,,,,,,.3162857055664062,2000,4,4,0,0,,,,,,,,,,,,
Serbia,SRB,2000,.4194429779052735,2.006349945068359,2.006349945068359,SRB,.3364803746176656,.6750973811307343,-.0197460577060758,.6553513234246585,.6553513234246585,0,0,-1.322149963378906,2002,.3317605209350586,2001,2,2,0,0,,,,,,,,,,,,
Serbia,SRB,2001,.4245020294189453,.9589099884033203,.9589099884033203,SRB,.1377669144016773,.1321060702912736,-.0184898374649248,.1136162328263488,.1136162328263488,0,0,-.3144499969482422,2003,.3461603164672852,2002,2,2,0,0,,,,,,,,,,,,
Serbia,SRB,2002,.4248269653320312,.6841999816894532,.6841999816894532,SRB,.0856245850822142,.058584339545418,-.018409152168483,.040175187376935,.040175187376935,0,0,-.1083699798583985,2004,.3540043640136719,2003,2,2,0,0,,,,,,,,,,,,
Serbia,SRB,2003,.4249612426757812,.6444599914550782,.6444599914550782,SRB,.0780838693108477,.0503219297488483,-.0183758095712212,.0319461201776271,.0319461201776271,0,0,-.143129997253418,2005,.3609380340576172,2004,2,2,0,0,,,,,,,,,,,,
Serbia,SRB,2004,.4257276153564453,.5758300018310547,.5758300018310547,SRB,.0650751843774058,.0374722435391978,-.0181855104862814,.0192867330529164,.0192867330529164,0,0,-.2054199981689454,2006,.3395778656005859,2005,2,2,0,0,,,,,,,,,,,,
Serbia,SRB,2005,.4257875061035156,.5013299942016601,.5013299942016601,SRB,.0509337035551973,.0255345933079962,-.0181706389301163,.0073639543778798,.0073639543778798,0,0,-.2012199974060058,2007,.354998893737793,2006,2,2,0,0,,,,,,,,,,,,
Serbia,SRB,2006,.4257928085327148,.3704100036621094,.3704100036621094,SRB,.0260800574447209,.0096603141736071,-.0181693222764176,-.0085090081028106,-.0085090081028106,0,0,-.0762700080871582,2008,.3672428131103516,2007,1,1,0,0,,,,,,,,,,,,
Serbia,SRB,2007,.4245127487182617,.3001099967956543,.3001099967956543,SRB,.0127009385049624,.0038116786140261,-.0184871757405412,-.0146754971265151,-.0146754971265151,0,0,.0532600212097168,2009,.3719557571411133,2008,1,1,0,0,,,,,,,,,,,,
Serbia,SRB,2008,.4263165283203125,.2941399955749512,.2941399955749512,SRB,.0116146636024922,.0034163371006416,-.0180392766747681,-.0146229395741265,-.0146229395741265,0,0,.1303500175476074,2010,.3713608169555664,2009,0,0,1,1,.0895075913474771,0,.0332928639095282,0,.051556718330971,0,.0007453038141856,0,.0895075913474771,0,.0012939215564806,0
Serbia,SRB,2009,.424078598022461,.3533700180053711,.3533700180053711,SRB,.0228004653118028,.0080570008377626,-.0185949803142445,-.0105379794764819,-.0105379794764819,0,0,.1063899993896484,2011,.3758866500854492,2010,0,0,1,1,.0854226312498325,0,.0317226181274319,0,.0474717582333264,0,.0008844032867159,0,.0854226312498325,0,.0015914315932001,0
Serbia,SRB,2010,.4227404022216797,.4244900131225586,.4244900131225586,SRB,.0362669307014477,.0153949498893725,-.0189272696074098,-.0035323197180373,-.0035323197180373,0,0,.1550499725341797,2012,.3772220611572266,2011,0,0,1,1,.0784169714913879,0,.029475892723744,0,.0404660984748818,0,.0010806937751908,0,.0784169714913879,0,.0020942155570708,0
Serbia,SRB,2011,.4211677932739258,.4597600173950195,.4597600173950195,SRB,.0429215353664167,.0197336058466847,-.0193177663608515,.0004158394858332,.0004158394858332,0,0,.1518999862670898,2013,.376732292175293,2012,0,0,1,1,.0744688122875174,0,.0280912788630279,0,.0365179392710113,0,.0012003469930158,0,.0744688122875174,0,.002447794609641,0
Serbia,SRB,2012,.4142023468017578,.5795399856567383,.5795399856567383,SRB,.0654787501258742,.0379475539087703,-.0210473662321602,.0169001876766101,.0169001876766101,0,0,.0552000045776367,2014,.3961839294433594,2013,0,0,1,1,.0579844640967405,0,.021844620069721,0,.0200335910802344,0,.0009250246681205,0,.0579844640967405,0,.0026773562184841,0
Serbia,SRB,2013,.4106507110595703,.6116600036621094,.6116600036621094,SRB,.0714837230740996,.043723734317285,-.0219292779297331,.0217944563875519,.0217944563875519,0,0,.0591200256347656,2015,.4169202804565429,2014,0,0,1,1,.0530901953857987,0,.0210334822228614,0,.0151393223692926,0,.0009309282917152,0,.0530901953857987,0,.0032645559485262,0
Serbia,SRB,2014,.4043852996826172,.634739990234375,.634739990234375,SRB,.0757017288855858,.048050914653562,-.0234850510958287,.0245658635577333,.0245658635577333,0,0,.0150399780273438,2016,.4086103820800781,2015,0,0,1,1,.0503187882156173,0,.0209789232950885,0,.0123679151991112,0,.0008787127770423,0,.0503187882156173,0,.003575037621015,0
Serbia,SRB,2015,.4050666427612304,.670780029296875,.670780029296875,SRB,.0825613302761886,.0553804915414508,-.0233158658317117,.0320646257097391,.0320646257097391,0,0,-.1182100296020507,2017,.4122407150268554,2016,0,0,1,1,.0428200260636115,0,.0174967072105312,0,.0048691530471054,0,.0003731003335384,0,.0428200260636115,0,.0032810975239228,0
Serbia,SRB,2016,.4044039154052734,.6497799682617188,.6497799682617188,SRB,.0785573964220511,.0510450225538436,-.0234804285993901,.0275645939544535,.0275645939544535,0,0,-.1384099578857423,2018,.4415505981445312,2017,0,0,1,1,.0473200578188971,0,.0195072544703743,0,.009369184802391,0,.000668954421291,0,.0473200578188971,0,.0033786249883359,0
Serbia,SRB,2017,.4055341339111328,.5525699996948242,.5525699996948242,SRB,.0601325968563473,.0332274690265608,-.0231997824426655,.0100276865838954,.0100276865838954,0,0,-.0580300140380859,2019,.4458179092407227,2018,0,0,1,1,.0648569651894552,0,.028637631773243,0,.0269060921729491,0,.0016528394798796,0,.0648569651894552,0,.0039841591235639,0
Serbia,SRB,2018,.4283037185668945,.5113700103759765,.5113700103759765,SRB,.0529053521535337,.0270542104796972,-.0175458346522807,.0095083758274165,.0095083758274165,0,0,.0318799972534181,2020,.4464113998413086,2019,0,0,1,1,.0653762759459341,0,.0291459146561609,0,.027425402929428,0,.0014156335688088,0,.0653762759459341,0,.0033745666771394,0
Serbia,SRB,2019,.4281839752197266,.4945399856567383,.4945399856567383,SRB,.0497072242794618,.0245822099822013,-.017575568292282,.0070066416899193,.0070066416899193,0,0,.0418300247192382,2021,.4392853927612305,2020,0,0,1,1,.0678780100834313,0,.030301517499787,0,.0299271370669252,0,.0014304204614733,0,.0678780100834313,0,.0032443495777864,0
Serbia,SRB,2020,.4227359390258789,.5432500076293946,.5432500076293946,SRB,.0588121512434534,.0319497016117072,-.0189283778698756,.0130213237418316,.0130213237418316,0,0,-.034280014038086,2022,.4411976623535157,2021,0,0,1,1,.061863328031519,0,.0271756563518427,0,.0239124550150129,0,.0011693386303446,0,.061863328031519,0,.0030251673959665,0
Serbia,SRB,2021,.4208566284179687,.5363700103759765,.5363700103759765,SRB,.0574570180905079,.0308182213893784,-.0193950321466084,.01142318924277,.01142318924277,0,0,-.0797100067138672,2023,.4445756530761719,2022,0,0,1,1,.0634614625305806,0,.0279990489180274,0,.0255105895140745,0,.0010231453643935,0,.0634614625305806,0,.0025452293515198,0
Serbia,SRB,2022,.4229484176635742,.5089699935913086,.5089699935913086,SRB,.0523099951313376,.0266242178867583,-.0188756169986404,.0077486008881179,.0077486008881179,0,0,,,.4489032745361328,2023,1,0,0,1,,,,,.0291851778687266,0,.0010158075760155,0,.0671360508852327,0,.0023367104158053,0
Serbia,SRB,2023,.4215162658691406,.4566600036621093,.4566600036621093,SRB,.0423421232377401,.0193359541528079,-.0192312366375601,.0001047175152478,.0001047175152478,0,0,,,,,1,1,0,0,,,,,,,,,,,,
Slovak Republic,SVK,1995,.3735416793823242,.213120002746582,.213120002746582,SVK,-.005143216221519,-.0010961222552564,-.0311438741038355,-.0322399963590919,-.0322399963590919,0,0,.1151300048828125,1997,.4215727615356445,1996,1,1,0,0,,,,,,,,,,,,
Slovak Republic,SVK,1996,.3760960006713867,.303390007019043,.303390007019043,SVK,.0120602469404218,.003658958403906,-.0305096069695611,-.0268506485656552,-.0268506485656552,0,0,.0351300048828125,1998,.4249410629272461,1997,1,1,0,0,,,,,,,,,,,,
Slovak Republic,SVK,1997,.3757307815551758,.3282500076293945,.3282500076293945,SVK,.0167701269424471,.0055047942968042,-.0306002950451816,-.0250955007483774,-.0250955007483774,0,0,.1430099868774414,1999,.4260124969482422,1998,1,1,0,0,,,,,,,,,,,,
Slovak Republic,SVK,1998,.3734323501586914,.3385200119018555,.3385200119018555,SVK,.0186598049951509,.0063167174090448,-.0311710217980833,-.0248543043890385,-.0248543043890385,0,0,.1674599838256836,2000,.4281444549560547,1999,1,1,0,0,,,,,,,,,,,,
Slovak Republic,SVK,1999,.3721483993530273,.4712599945068359,.4712599945068359,SVK,.0438255929408923,.0206532486885838,-.0314898414397411,-.0108365927511573,-.0108365927511573,0,0,.0422500228881836,2001,.4332023239135742,2000,1,1,0,0,,,,,,,,,,,,
Slovak Republic,SVK,2000,.3718824768066406,.505979995727539,.505979995727539,SVK,.050409881452418,.0255063916019202,-.0315558730435796,-.0060494814416594,-.0060494814416594,0,0,-.0495000076293945,2002,.4392784881591797,2001,0,0,1,1,.08093413321501,0,.0350608545926731,0,.0429832601985039,0,.0032808007083553,0,.08093413321501,0,.0061774923622748,0
Slovak Republic,SVK,2001,.3701478576660156,.5135100173950196,.5135100173950196,SVK,.0517941144887996,.0265967966321031,-.0319865987772971,-.005389802145194,-.005389802145194,0,0,-.0771200180053711,2003,.4503391647338867,2002,0,0,1,1,.0802744539185446,0,.035262840755142,0,.0423235809020385,0,.0034291159582639,0,.0802744539185446,0,.0065039489831955,0
Slovak Republic,SVK,2002,.369660873413086,.4564799880981446,.4564799880981446,SVK,.0409548555398845,.0186950719694077,-.0321075225263435,-.0134124505569358,-.0134124505569358,0,0,-.0365099716186524,2004,.4564052963256836,2003,0,0,1,1,.0882971023302864,0,.0397636433118437,0,.0503462293137803,0,.0039751598488626,0,.0882971023302864,0,.0069716262913496,0
Slovak Republic,SVK,2003,.3690170288085938,.4363899993896485,.4363899993896485,SVK,.0371241820726158,.01620062179201,-.032267396491282,-.016066774699272,-.016066774699272,0,0,-.0865399932861328,2005,.4615274429321289,2004,0,0,1,1,.0909514264726226,0,.0415107127504809,0,.0530005534561165,0,.0023463494366176,0,.0909514264726226,0,.0040264452792989,0
Slovak Republic,SVK,2004,.3695372009277344,.4199700164794922,.4199700164794922,SVK,.0340205940225202,.0142876294322799,-.0321382318162079,-.017850602383928,-.017850602383928,0,0,-.1046500205993652,2006,.4758550262451172,2005,0,0,1,1,.0927352541572786,0,.0427998647208698,0,.0547843811407724,0,.0022066944293565,0,.0927352541572786,0,.0037353414329532,0
Slovak Republic,SVK,2005,.3691953659057617,.3498500061035156,.3498500061035156,SVK,.020700127183252,.0072419396214043,-.0322231133542938,-.0249811737328895,-.0249811737328895,0,0,-.0461200141906739,2007,.4992994689941406,2006,0,0,1,1,.0998658255062401,0,.0475216550172622,0,.061914952489734,0,.0019422022888413,0,.0998658255062401,0,.0031326784092648,0
Slovak Republic,SVK,2006,.367265510559082,.3153199958801269,.3153199958801269,SVK,.0140946107259767,.004444312596047,-.0327023184666435,-.0282580058705966,-.0282580058705966,0,0,-.0289900016784668,2008,.5118392181396484,2007,0,0,1,1,.1031426576439472,0,.0514990741922673,0,.0651917846274411,0,.001680084085166,0,.1031426576439472,0,.0026581315207067,0
Slovak Republic,SVK,2007,.3680568695068359,.3037299919128418,.3037299919128418,SVK,.0119150196631871,.0036189488259412,-.032505815006361,-.0288868661804198,-.0288868661804198,0,0,.0603400230407715,2009,.5110643768310547,2008,0,0,1,1,.1037715179537704,0,.0531143326146223,0,.0658206449372643,0,.0018709265479982,0,.1037715179537704,0,.0029496655350435,0
Slovak Republic,SVK,2008,.3659664535522461,.2863299942016602,.2863299942016602,SVK,.0085572664721279,.0024502020593465,-.0330248891504933,-.0305746870911468,-.0305746870911468,0,0,.1202099990844727,2010,.5109186553955078,2009,0,0,1,1,.1054593388644974,0,.0538965112977994,0,.0675084658479913,0,.0018456238133189,0,.1054593388644974,0,.002883168276753,0
Slovak Republic,SVK,2009,.362891845703125,.3640700149536133,.3640700149536133,SVK,.0232351649303591,.0084592268436455,-.0337883493768281,-.0253291225331826,-.0253291225331826,0,0,.0686299896240234,2011,.5054455184936524,2010,0,0,1,1,.1002137743065332,0,.0512010868208028,0,.0622629012900271,0,.0019788557134868,0,.1002137743065332,0,.0031850202246891,0
Slovak Republic,SVK,2010,.3589194107055664,.4065399932861328,.4065399932861328,SVK,.0311939889216436,.0126816040467727,-.0347747503330357,-.022093146286263,-.022093146286263,0,0,.1103400039672851,2012,.5060379028320312,2011,0,0,1,1,.0969777980596136,0,.0490169934226141,0,.0590269250431075,0,.0019568489917084,0,.0969777980596136,0,.003214988858262,0
Slovak Republic,SVK,2011,.3600713348388672,.4327000045776367,.4327000045776367,SVK,.0361902500129596,.0156595213462734,-.0344887144212424,-.0188291930749689,-.0188291930749689,0,0,.1134099960327148,2013,.49944091796875,2012,0,0,1,1,.0937138448483195,0,.04742275751337,0,.0557629718318134,0,.0020741395368042,0,.0937138448483195,0,.003485746622904,0
Slovak Republic,SVK,2012,.3590230178833008,.5168799972534179,.5168799972534179,SVK,.0521435826833082,.0269519748741317,-.0347490234881031,-.0077970486139714,-.0077970486139714,0,0,.0170399856567384,2014,.5047605514526368,2013,0,0,1,1,.082681700387322,0,.0412946243406613,0,.0447308273708159,0,.0019899036089728,0,.082681700387322,0,.0036781929525427,0
Slovak Republic,SVK,2013,.3582279968261719,.5461100006103515,.5461100006103515,SVK,.0576718467079034,.0314951722408532,-.0349464362919473,-.0034512640510941,-.0034512640510941,0,0,-.0301200103759766,2015,.510489501953125,2014,0,0,1,1,.0783359158244447,0,.039540880070094,0,.0403850428079386,0,.0017880141705525,0,.0783359158244447,0,.0034682574987833,0
Slovak Republic,SVK,2014,.3578515625,.5339199829101563,.5339199829101563,SVK,.0553478774176831,.0295513377649628,-.0350399092322254,-.0054885714672626,-.0054885714672626,0,0,-.0125599670410157,2016,.4987996292114258,2015,0,0,1,1,.0803732232406132,0,.041029686702468,0,.0424223502241071,0,.0018391636468278,0,.0803732232406132,0,.0034844724439267,0
Slovak Republic,SVK,2015,.3570287704467773,.515989990234375,.515989990234375,SVK,.0519225871172046,.0267915352195499,-.0352442178914125,-.0084526826718625,-.0084526826718625,0,0,-.0021799850463867,2017,.5008121490478515,2016,0,0,1,1,.0833373344452132,0,.0415686315207409,0,.045386461428707,0,.0016192199556295,0,.0833373344452132,0,.0029731658017584,0
Slovak Republic,SVK,2016,.3568172454833984,.5213600158691406,.5213600158691406,SVK,.0529365106078079,.0275989800105437,-.0352967419544285,-.0076977619438848,-.0076977619438848,0,0,-.0286600112915039,2018,.4985674667358398,2017,0,0,1,1,.0825824137172354,0,.0413582760872874,0,.0446315407007293,0,.0016428359338951,0,.0825824137172354,0,.0030397641361337,0
Slovak Republic,SVK,2017,.3594636917114258,.5138100051879883,.5138100051879883,SVK,.0515722757144041,.0264983512523743,-.0346395991461805,-.0081412478938062,-.0081412478938062,0,0,-.0337100219726562,2019,.5056591415405274,2018,0,0,1,1,.0830258996671568,0,.0413940124705184,0,.0450750266506507,0,.0014057264971832,0,.0830258996671568,0,.0025892764971424,0
Slovak Republic,SVK,2018,.3601117324829102,.4927000045776367,.4927000045776367,SVK,.0475816736404807,.0234434908204765,-.0344786832250775,-.0110351924046011,-.0110351924046011,0,0,.0913800048828125,2020,.5056532669067383,2019,0,0,1,1,.0859198441779517,0,.0434461546483189,0,.0479689711614456,0,.0014262588939553,0,.0859198441779517,0,.0025546502032244,0
Slovak Republic,SVK,2019,.3632460021972656,.480099983215332,.480099983215332,SVK,.0452714763545267,.0217348350379416,-.0337004082765503,-.0119655732386087,-.0119655732386087,0,0,.1220700073242187,2021,.5099141311645508,2020,0,0,1,1,.0868502250119593,0,.0439161000088826,0,.0488993519954532,0,.0013140988513571,0,.0868502250119593,0,.0023339732792152,0
Slovak Republic,SVK,2020,.3590505599975586,.5840800094604492,.5840800094604492,SVK,.0649015175221406,.0379076789683294,-.0347421844667329,.0031654945015964,.0031654945015964,0,0,-.0065200042724609,2022,.5046075057983398,2021,0,0,1,1,.0717191572717542,0,.0365706117680803,0,.0337682842552481,0,.0008604866033319,0,.0717191572717542,0,.0018275543278456,0
Slovak Republic,SVK,2021,.3579375076293945,.6021699905395508,.6021699905395508,SVK,.068306666798537,.0411322248998633,-.0350185680755122,.0061136568243511,.0061136568243511,0,0,-.0445899963378906,2023,.502275390625,2022,0,0,1,1,.0687709949489995,0,.0347023602324849,0,.0308201219324934,0,.0006830308744086,0,.0687709949489995,0,.0015240923743538,0
Slovak Republic,SVK,2022,.3633775329589844,.5775600051879883,.5775600051879883,SVK,.0637766695066989,.0368348535711616,-.0336677476869598,.0031671058842018,.0031671058842018,0,0,,,.5004878616333008,2023,1,0,0,1,,,,,.0337666728726427,0,.0006311223680609,0,.0717175458891488,0,.001340450318093,0
Slovak Republic,SVK,2023,.3602170944213867,.5575799942016602,.5575799942016602,SVK,.0599012071702147,.0333997147466407,-.0344525206530216,-.0010528059063809,-.0010528059063809,0,0,,,,,1,1,0,0,,,,,,,,,,,,
Slovenia,SVN,1995,.3417208862304688,.1822800064086914,.1822800064086914,SVN,-.0118281843579308,-.0021560415205668,-.0390453402855516,-.0412013818061184,-.0412013818061184,0,0,.0386899948120117,1997,.528826675415039,1996,1,1,0,0,,,,,,,,,,,,
Slovenia,SVN,1996,.3427532958984375,.2159799957275391,.2159799957275391,SVN,-.0054036562318671,-.0011670816498717,-.038788981179787,-.0399560628296587,-.0399560628296587,0,0,.0122299957275391,1998,.5277686309814453,1997,1,1,0,0,,,,,,,,,,,,
Slovenia,SVN,1997,.3396283721923828,.2209700012207031,.2209700012207031,SVN,-.0045378966201075,-.0010027390216846,-.0395649354077662,-.0405676744294508,-.0405676744294508,0,0,.0171999931335449,1999,.5384497451782226,1998,1,1,0,0,,,,,,,,,,,,
Slovenia,SVN,1998,.3330610275268555,.2282099914550781,.2282099914550781,SVN,-.0033348261885481,-.0007610406559927,-.0411956820560568,-.0419567227120496,-.0419567227120496,0,0,.0326399993896484,2000,.5281156921386718,1999,1,1,0,0,,,,,,,,,,,,
Slovenia,SVN,1999,.3331854248046875,.238169994354248,.238169994354248,SVN,-.0014407783276388,-.0003431501661595,-.0411647927919459,-.0415079429581053,-.0415079429581053,0,0,.0250699996948242,2001,.5309728240966797,2000,1,1,0,0,,,,,,,,,,,,
Slovenia,SVN,2000,.3297482299804688,.2608499908447265,.2608499908447265,SVN,.0027750919086802,.0007238826989725,-.0420182875032162,-.0412944048042436,-.0412944048042436,0,0,.0159700012207031,2002,.5382979202270508,2001,0,0,1,1,.1161790565775942,0,.0616879217718931,0,.0782281835610881,0,.0031939296778621,0,.1161790565775942,0,.0047434021839385,0
Slovenia,SVN,2001,.3284334182739258,.2632399940490723,.2632399940490723,SVN,.0031945007375683,.0008409203551472,-.0423447702588469,-.0415038499036997,-.0415038499036997,0,0,.0070400047302246,2003,.5439741897583008,2002,0,0,1,1,.1163885016770503,0,.0626516883910988,0,.0784376286605442,0,.0031969039724622,0,.1163885016770503,0,.0047436781263564,0
Slovenia,SVN,2002,.329102554321289,.2768199920654297,.2768199920654297,SVN,.0057899808249266,.0016027824460152,-.0421786161399355,-.0405758336939203,-.0405758336939203,0,0,-.0058199882507324,2004,.5452268981933593,2003,0,0,1,1,.1154604854672709,0,.0628075240311588,0,.0775096124507648,0,.0030308059059384,0,.1154604854672709,0,.0045147732028592,0
Slovenia,SVN,2003,.327791633605957,.2702799987792969,.2702799987792969,SVN,.004514225188276,.0012201047783767,-.042504132718032,-.0412840279396552,-.0412840279396552,0,0,-.0044000053405762,2005,.5590663146972656,2004,0,0,1,1,.1161686797130058,0,.06333828890714,0,.0782178066964997,0,.0025704564457714,0,.1161686797130058,0,.003817628544913,0
Slovenia,SVN,2004,.3256789398193359,.2710000038146972,.2710000038146972,SVN,.0045957828012263,.0012454571566638,-.0430287387021645,-.0417832815455007,-.0417832815455007,0,0,-.0089299964904785,2006,.5661184310913085,2005,0,0,1,1,.1166679333188513,0,.0652251115239165,0,.0787170603023452,0,.0025121907537862,0,.1166679333188513,0,.0037233619017431,0
Slovenia,SVN,2005,.3259871673583984,.2658799934387207,.2658799934387207,SVN,.0036318453981854,.00096563503064,-.0429522022857228,-.0419865672550829,-.0419865672550829,0,0,-.0364499855041504,2007,.5635503387451172,2006,0,0,1,1,.1168712190284334,0,.0661629511561054,0,.0789203460119274,0,.0023114965117667,0,.1168712190284334,0,.0034230389089946,0
Slovenia,SVN,2006,.3258932876586914,.2620700073242188,.2620700073242188,SVN,.0029061099115511,.0007616042458052,-.0429755136868197,-.0422139094410146,-.0422139094410146,0,0,-.0431300163269043,2008,.5738846969604492,2007,0,0,1,1,.1170985612143652,0,.0659909338389213,0,.0791476881978591,0,.0021083731048679,0,.1170985612143652,0,.0031193261951746,0
Slovenia,SVN,2007,.3257986068725586,.2294300079345703,.2294300079345703,SVN,-.0032927215469239,-.0007554491306371,-.0429990240068208,-.0437544731374579,-.0437544731374579,0,0,.1199800109863282,2009,.5688685989379882,2008,0,0,1,1,.1186391249108085,0,.0680851782470922,0,.0806882518943024,0,.0019368155353751,0,.1186391249108085,0,.0028477764090312,0
Slovenia,SVN,2008,.3284741592407227,.2189399909973145,.2189399909973145,SVN,-.0052143262500155,-.0011416245422355,-.0423346538117232,-.0434762783539586,-.0434762783539586,0,0,.1671299934387207,2010,.5937899398803711,2009,0,0,1,1,.1183609301273092,0,.0673318164905195,0,.0804100571108031,0,.0012905908258787,0,.1183609301273092,0,.0018997067786468,0
Slovenia,SVN,2009,.3286716079711914,.3494100189208985,.3494100189208985,SVN,.0195591896928641,.0068341768406611,-.0422856250380224,-.0354514481973613,-.0354514481973613,0,0,.1187399673461914,2011,.6155966186523437,2010,0,0,1,1,.1103360999707119,0,.0655164661682436,0,.0723852269542058,0,.001482873547076,0,.1103360999707119,0,.0022603297774781,0
Slovenia,SVN,2010,.3274052047729492,.3860699844360351,.3860699844360351,SVN,.0264856539027225,.0102253159900023,-.0426000874084471,-.0323747714184448,-.0323747714184448,0,0,.1546700286865235,2012,.6232684707641601,2011,0,0,1,1,.1072594231917954,0,.06602853823547,0,.0693085501752893,0,.0016955798539689,0,.1072594231917954,0,.002624018489095,0
Slovenia,SVN,2011,.3242749786376953,.4681499862670899,.4681499862670899,SVN,.0419860008823529,.0196557457364835,-.043377358290125,-.0237216125536415,-.0237216125536415,0,0,.2402099990844727,2013,.6243949890136719,2012,0,0,1,1,.0986062643269921,0,.0614581755748509,0,.060655391310486,0,.001928495568142,0,.0986062643269921,0,.00313511692262,0
Slovenia,SVN,2012,.3232883834838867,.5407400131225586,.5407400131225586,SVN,.0557407108751724,.0301412327301015,-.0436223411290399,-.0134811083989384,-.0134811083989384,0,0,.2705900192260742,2014,.6233887100219726,2013,0,0,1,1,.088365760172289,0,.0551751378519612,0,.0504148871557829,0,.0016023592679136,0,.088365760172289,0,.002808569110564,0
Slovenia,SVN,2013,.3215428161621094,.7083599853515625,.7083599853515625,SVN,.0875160530903333,.0619928700850951,-.0440557854211137,.0179370846639814,.0179370846639814,0,0,.1258200073242187,2015,.6312612533569336,2014,0,0,1,1,.0569475671093692,0,.0355004703991994,0,.0189966940928631,0,.000827719544115,0,.0569475671093692,0,.0024813061712634,0
Slovenia,SVN,2014,.316883373260498,.8113300323486328,.8113300323486328,SVN,.1069422528641517,.0867654614757079,-.0452127782822603,.0415526831934476,.0415526831934476,0,0,-.0170300292968749,2016,.6220000076293946,2015,0,0,1,1,.033331968579903,0,.0210411802626035,0,0,.0046189044366031,0,.0002853888637403,.033331968579903,0,.0020594867830266,0
Slovenia,SVN,2015,.3177601623535156,.8341799926757812,.8341799926757812,SVN,.1113029563001307,.0928466992712358,-.0449950615417028,.0478516377295331,.0478516377295331,0,0,-.0852799987792968,2017,.6166718673706054,2016,0,0,1,1,.0270330140438175,0,.0168145349415,0,0,.0109178589726886,0,.0006748635000275,.0270330140438175,0,.0016709864561853,0
Slovenia,SVN,2016,.3158639907836914,.7943000030517579,.7943000030517579,SVN,.1036826814031695,.082355154154952,-.0454659025877508,.0368892515672012,.0368892515672012,0,0,-.084229965209961,2018,.607322883605957,2017,0,0,1,1,.0379954002061494,0,.0234306943966196,0,.0000445271896433,0,2.65120704594e-06,0,.0379954002061494,0,.0022622957690999,0
Slovenia,SVN,2017,.3162064933776855,.7488999938964844,.7488999938964844,SVN,.0950729038617564,.0712000971217904,-.0453808552839114,.025819241837879,.025819241837879,0,0,-.0886899566650391,2019,.6017206954956055,2018,0,0,1,1,.0490654099354716,0,.029798546247319,0,.0111145369189655,0,.0005459719895273,0,.0490654099354716,0,.0024102074314701,0
Slovenia,SVN,2018,.3154573249816894,.7100700378417969,.7100700378417969,SVN,.0876818962408089,.0622602873817517,-.0455668823485771,.0166934050331745,.0166934050331745,0,0,.0916299438476562,2020,.601453857421875,2019,0,0,1,1,.0581912467401761,0,.0350148774602551,0,.02024037372367,0,.0008149277343451,0,.0581912467401761,0,.0023429241728493,0
Slovenia,SVN,2019,.3153888511657715,.6602100372314453,.6602100372314453,SVN,.078214712335955,.0516381381433676,-.0455838851787149,.0060542529646528,.0060542529646528,0,0,.087969970703125,2021,.5922871017456055,2020,0,0,1,1,.0688303988086978,0,.0413983088713773,0,.0308795257921917,0,.0009854946499836,0,.0688303988086978,0,.0021966655264947,0
Slovenia,SVN,2020,.3126926422119141,.8016999816894531,.8016999816894531,SVN,.1050047377002613,.0841822962916053,-.0462533846398401,.0379289116517652,.0379289116517652,0,0,-.0739699554443359,2022,.5911657333374023,2021,0,0,1,1,.0369557401215854,0,.0218884082094776,0,0,.0009951328949207,0,.0000312832727751,.0369557401215854,0,.0011617508623537,0
Slovenia,SVN,2021,.3134997177124024,.7481800079345703,.7481800079345703,SVN,.0948655925833569,.0709765398117337,-.0460529785801053,.0249235612316284,.0249235612316284,0,0,-.0652899932861328,2023,.5894222640991211,2022,0,0,1,1,.0499610905417222,0,.0295352847284335,0,.0120102175252161,0,.0002947308807836,0,.0499610905417222,0,.0012260457555706,0
Slovenia,SVN,2022,.3151845741271972,.7277300262451172,.7277300262451172,SVN,.0910273424139458,.066243330283924,-.045634609499265,.020608720784659,.020608720784659,0,0,,,.5931171035766601,2023,1,0,0,1,,,,,.0163250579721855,0,.0003355816164155,0,.0542759309886916,0,.0011157084210465,0
Slovenia,SVN,2023,.3143255996704102,.6828900146484375,.6828900146484375,SVN,.0824925236683103,.056333320696239,-.0458479026622881,.010485418033951,.010485418033951,0,0,,,,,1,1,0,0,,,,,,,,,,,,
Sweden,SWE,1995,.3159645652770996,.6869599914550781,.6869599914550781,SWE,.0833079325024646,.0572292166000333,-.0454409287929552,.0117882878070781,.0117882878070781,0,0,-.0099099731445312,1997,.6230169296264648,1996,1,1,0,0,,,,,,,,,,,,
Sweden,SWE,1996,.3171429061889648,.6893699645996094,.6893699645996094,SWE,.083796187730566,.0577665749694025,-.0451483332934903,.0126182416759122,.0126182416759122,0,0,-.0353399658203125,1998,.6268763732910156,1997,1,1,0,0,,,,,,,,,,,,
Sweden,SWE,1997,.3171773719787598,.6770500183105469,.6770500183105469,SWE,.0814582747244779,.0551513263937533,-.0451397750444488,.0100115513493045,.0100115513493045,0,0,-.0742300033569336,1999,.6291747665405274,1998,1,1,0,0,,,,,,,,,,,,
Sweden,SWE,1998,.3164166259765625,.6540299987792969,.6540299987792969,SWE,.0770683153170883,.0504049901727577,-.0453286769608955,.0050763132118622,.0050763132118622,0,0,-.1496199798583985,2000,.6398246383666992,1999,1,1,0,0,,,,,,,,,,,,
Sweden,SWE,1999,.3155722045898438,.6028200149536133,.6028200149536133,SWE,.0673246040226698,.0405846188036919,-.0455383564304937,-.0049537376268018,-.0049537376268018,0,0,-.083010025024414,2001,.6446125030517578,2000,1,1,0,0,,,,,,,,,,,,
Sweden,SWE,2000,.3158687782287598,.5044100189208984,.5044100189208984,SWE,.0486502390607743,.0245396680051514,-.0454647138104905,-.0209250458053391,-.0209250458053391,0,0,-.0058400344848633,2002,.6513703918457031,2001,0,0,1,1,.0958096975786897,0,.0617601289728311,0,.0578588245621836,0,.0021805905649992,0,.0958096975786897,0,.0036108877799786,0
Sweden,SWE,2001,.315097484588623,.5198099899291992,.5198099899291992,SWE,.0515536359064088,.0267980949613239,-.0456562348258413,-.0188581398645174,-.0188581398645174,0,0,-.0252499771118164,2003,.6616294860839844,2002,0,0,1,1,.093742791637868,0,.0610612789218682,0,.0557919186213619,0,.0017837110171887,0,.093742791637868,0,.0029970299347702,0
Sweden,SWE,2002,.3146883392333985,.4985699844360352,.4985699844360352,SWE,.0475107679844543,.0236874428545535,-.0457578302880376,-.0220703874334841,-.0220703874334841,0,0,-.0120100021362305,2004,.6657400512695313,2003,0,0,1,1,.0969550392068347,0,.0641483127636706,0,.0590041661903286,0,.0022588027552404,0,.0969550392068347,0,.0037116414625437,0
Sweden,SWE,2003,.315882511138916,.4945600128173828,.4945600128173828,SWE,.0467806772489014,.0231358523398225,-.0454613037721341,-.0223254514323116,-.0223254514323116,0,0,-.0056800079345703,2005,.6702742767333985,2004,0,0,1,1,.0972101032056622,0,.064716659092054,0,.0592592301891561,0,.0014071416663051,0,.0972101032056622,0,.0023083051563423,0
Sweden,SWE,2004,.3142013359069824,.4865599822998047,.4865599822998047,SWE,.0452180876146463,.0220013119094133,-.0458787587732483,-.023877446863835,-.023877446863835,0,0,-.0480699920654297,2006,.6772872924804687,2005,0,0,1,1,.0987620986371856,0,.0661976942327121,0,.0608112256206795,0,.0012668516254031,0,.0987620986371856,0,.0020574642906752,0
Sweden,SWE,2005,.3131439781188965,.4888800048828125,.4888800048828125,SWE,.0456309292563494,.0223080489176514,-.046141312782027,-.0238332638643756,-.0238332638643756,0,0,-.0969900131225586,2007,.719052963256836,2006,0,0,1,1,.0987179156377262,0,.0668603898015909,0,.0607670426212201,0,.0011364510559348,0,.0987179156377262,0,.0018461994302649,0
Sweden,SWE,2006,.3127083587646484,.438489990234375,.438489990234375,SWE,.0360535476086979,.0158091197388525,-.0462494820403879,-.0304403623015354,-.0304403623015354,0,0,-.0590499877929688,2008,.72274658203125,2007,0,0,1,1,.105325014074886,0,.0757342634756147,0,.0673741410583799,0,.0012090186763169,0,.105325014074886,0,.0018900412992209,0
Sweden,SWE,2007,.3121964263916016,.3918899917602539,.3918899917602539,SWE,.0271936694244328,.010656926886672,-.0463766006924482,-.0357196738057762,-.0357196738057762,0,0,.0199499893188477,2009,.7231240844726563,2008,0,0,1,1,.1106043255791268,0,.0799388982701855,0,.0726534525626207,0,.0009643767034546,0,.1106043255791268,0,.0014681234150281,0
Sweden,SWE,2008,.315431137084961,.3794400024414062,.3794400024414062,SWE,.0249145750116383,.0094535864032426,-.045573385102276,-.0361197986990334,-.0361197986990334,0,0,.0065900039672852,2010,.7219890594482422,2009,0,0,1,1,.111004450472384,0,.080269991620233,0,.0730535774558779,0,.0007339418205534,0,.111004450472384,0,.0011152199701436,0
Sweden,SWE,2009,.3167992401123047,.4118399810791016,.4118399810791016,SWE,.0311010692173911,.0128086637580302,-.045233669503357,-.0324250057453269,-.0324250057453269,0,0,-.0350299835205078,2011,.7391997528076172,2010,0,0,1,1,.1073096575186775,0,.0774763987016229,0,.0693587845021714,0,.0006309316695745,0,.1073096575186775,0,.0009761569765918,0
Sweden,SWE,2010,.3165528678894043,.3860300064086914,.3860300064086914,SWE,.0261948880055778,.0101120127846682,-.0452948465387022,-.035182833754034,-.035182833754034,0,0,-.0061100006103516,2012,.7463265228271484,2011,0,0,1,1,.1100674855273846,0,.0813618580939987,0,.0721166125108785,0,.0005248703882451,0,.1100674855273846,0,.0008010798323785,0
Sweden,SWE,2011,.316409683227539,.3768099975585937,.3768099975585937,SWE,.024440830008477,.0092095490958242,-.0453304009247312,-.0361208518289069,-.0361208518289069,0,0,.0310800170898438,2013,.7447148132324218,2012,0,0,1,1,.1110055036022575,0,.0828463515181494,0,.0730546305857514,0,.0007081612304722,0,.1110055036022575,0,.0010760412227106,0
Sweden,SWE,2012,.3147002792358398,.3799200057983398,.3799200057983398,SWE,.0249866278959038,.0094929198150927,-.0457548654491333,-.0362619456340406,-.0362619456340406,0,0,.07697998046875,2014,.7454795074462891,2013,0,0,1,1,.1111465974073912,0,.0827725175296645,0,.0731957243908851,0,.0003879579107705,0,.1111465974073912,0,.0005891082037682,0
Sweden,SWE,2013,.316558895111084,.4078900146484375,.4078900146484375,SWE,.0303449381323443,.0123773972593078,-.0452933499107569,-.0329159526514491,-.0329159526514491,0,0,.0366899871826172,2015,.7527564239501953,2014,0,0,1,1,.1078006044247997,0,.0803631414890119,0,.0698497314082936,0,.0003300562363599,0,.1078006044247997,0,.0005093829433043,0
Sweden,SWE,2014,.3170206260681152,.4568999862670898,.4568999862670898,SWE,.0396610144581659,.0181211169612748,-.0451786968433547,-.0270575798820798,-.0270575798820798,0,0,-.0280199813842773,2016,.7553082275390625,2015,0,0,1,1,.1019422316554304,0,.0767376697504442,0,.0639913586389243,0,.0001793942240955,0,.1019422316554304,0,.0002857862051903,0
Sweden,SWE,2015,.3165660858154297,.4445800018310547,.4445800018310547,SWE,.0373103342844116,.016587428484481,-.0452915643767842,-.0287041358923033,-.0287041358923033,0,0,-.0281999969482422,2017,.7404000854492188,2016,0,0,1,1,.1035887876656539,0,.0782414636046653,0,.0656379146491478,0,.000176510705191,0,.1035887876656539,0,.0002785665885103,0
Sweden,SWE,2016,.3172397041320801,.4288800048828125,.4288800048828125,SWE,.0343474319664328,.0147309267894758,-.0451242972592427,-.0303933704697669,-.0303933704697669,0,0,-.029540023803711,2018,.736031494140625,2017,0,0,1,1,.1052780222431175,0,.0779478566647289,0,.0673271492266114,0,.0000815244300481,0,.1052780222431175,0,.0001274780063994,0
Sweden,SWE,2017,.3155719757080078,.4163800048828125,.4163800048828125,SWE,.0319309212881038,.0132953971618534,-.0455384132644663,-.0322430161026129,-.0322430161026129,0,0,-.0585100173950195,2019,.7273410797119141,2018,0,0,1,1,.1071276678759635,0,.0788493374505461,0,.0691767948594574,0,.0000479092100524,0,.1071276678759635,0,.0000741925374415,0
Sweden,SWE,2018,.3165762901306152,.3993399810791016,.3993399810791016,SWE,.028722258003309,.0114699459675905,-.0452890305288389,-.0338190845612484,-.0338190845612484,0,0,.0050200271606445,2020,.7238177490234375,2019,0,0,1,1,.108703736334599,0,.0790646929543265,0,.0707528633180929,0,.0000561074221392,0,.108703736334599,0,.0000862026798155,0
Sweden,SWE,2019,.3173178291320801,.357869987487793,.357869987487793,SWE,.0208689649139099,.0074683762126241,-.0451048979299268,-.0376365217173026,-.0376365217173026,0,0,.0153499984741211,2021,.718274154663086,2020,0,0,1,1,.1125211734906532,0,.0814448225134803,0,.0745703004741471,0,-.0000121188484597,0,.1125211734906532,0,-.0000182864631277,0
Sweden,SWE,2020,.3186023139953613,.4043600082397461,.4043600082397461,SWE,.0297281236554641,.0120208643262757,-.0447859456756662,-.0327650813493905,-.0327650813493905,0,0,-.0622200012207031,2022,.7218173980712891,2021,0,0,1,1,.1076497331227411,0,.0773220210584437,0,.069698860106235,0,-.0000556483623377,0,.1076497331227411,0,-.0000859487708299,0
Sweden,SWE,2021,.3158256912231445,.3732199859619141,.3732199859619141,SWE,.0237440655802913,.0088617598225551,-.0454754128058334,-.0366136529832783,-.0366136529832783,0,0,-.0527000045776367,2023,.7171813201904297,2022,0,0,1,1,.1114983047566289,0,.0804814162287895,0,.0735474317401228,0,-7.47919682863e-06,0,.1114983047566289,0,-.0000113385028899,0
Sweden,SWE,2022,.316822566986084,.342140007019043,.342140007019043,SWE,.0178698702456683,.0061139975312823,-.0452278771743157,-.0391138796430334,-.0391138796430334,0,0,,,.7135448455810547,2023,1,0,0,1,,,,,.0760476583998779,0,.0002929832604678,0,.113998531416384,0,.0004391938177412,0
Sweden,SWE,2023,.3170483589172363,.3205199813842773,.3205199813842773,SWE,.0137714272898718,.0044140176185846,-.0451718104603406,-.040757792841756,-.040757792841756,0,0,,,,,1,1,0,0,,,,,,,,,,,,
Thailand,THA,1995,.4440206146240234,,,THA,,,-.013643149949096,,,,,,,.392032699584961,1996,2,2,0,0,,,,,,,,,,,,
Thailand,THA,1996,.4453992462158203,.1519299983978271,.1519299983978271,THA,-.0148844732682752,-.0022613979998015,-.0133008199874372,-.0155622179872387,-.0155622179872387,0,0,.3468800067901612,1998,.3981690216064453,1997,0,1,1,0,.0904468697605893,0,.0354581305212532,0,,,,,,,,
Thailand,THA,1997,.4453218460083008,.4045500183105469,.4045500183105469,THA,.0330707632796557,.0133787778903285,-.0133200393425065,.000058738547822,.000058738547822,0,0,.1612999725341797,1999,.406239013671875,1998,0,1,1,0,.0748259132255286,0,.0297933606598175,0,,,,,,,,
Thailand,THA,1998,.4449367523193359,.4988100051879883,.4988100051879883,THA,.0509549828061882,.0254168552379086,-.0134156625014148,.0120011927364938,.0120011927364938,0,0,.0794499969482422,2000,.410887451171875,1999,0,1,1,0,.0628834590368568,0,.0255457143754085,0,,,,,,,,
Thailand,THA,1999,.4451564025878906,.5658499908447265,.5658499908447265,THA,.0636875510785076,.0360376001946966,-.0133611208323713,.0226764793623252,.0226764793623252,0,0,.0094700241088868,2001,.4111701965332031,2000,0,1,1,0,.0522081724110254,0,.021451682892308,0,,,,,,,,
Thailand,THA,2000,.4453799438476562,.5782600021362305,.5782600021362305,THA,.0660492943104724,.0381936650690703,-.0133056129857936,.0248880520832767,.0248880520832767,0,0,-.0292499923706055,2002,.4091533279418945,2001,0,0,1,1,.0499965996900739,0,.0205571117205596,0,.0120457266735678,0,.0008241379477651,0,.0499965996900739,0,.0034206400477463,0
Thailand,THA,2001,.4413857650756836,.5753200149536133,.5753200149536133,THA,.0653869461526515,.0376184188383146,-.0142974131693987,.0233210056689159,.0233210056689159,0,0,-.1003200149536133,2003,.4073674011230469,2002,0,0,1,1,.0515636461044347,0,.0210974374044475,0,.0136127730879286,0,.0008922309861453,0,.0515636461044347,0,.0033796701462545,0
Thailand,THA,2002,.4387086868286133,.549010009765625,.549010009765625,THA,.0603224135417513,.0331176088476429,-.014962162257647,.018155446589996,.018155446589996,0,0,-.0863400268554687,2004,.4028432846069336,2003,0,0,1,1,.0567292051833546,0,.0231096288833193,0,.0187783321668485,0,.0013240751768159,0,.0567292051833546,0,.0040000214990541,0
Thailand,THA,2003,.4370697784423828,.475,.475,THA,.0462296258875802,.0219590722966006,-.0153691219184867,.0065899503781139,.0065899503781139,0,0,-.0203799819946289,2005,.3913139343261719,2004,0,0,1,1,.0682947013952367,0,.0275120618313069,0,.0303438283787306,0,.0016411782829121,0,.0682947013952367,0,.0036937916787849,0
Thailand,THA,2004,.4353895950317383,.4626699829101563,.4626699829101563,THA,.0438450596831478,.0202857930142968,-.0157863306390529,.0044994623752438,.0044994623752438,0,0,-.0709000015258789,2006,.3985113143920899,2005,0,0,1,1,.0703851893981068,0,.0275427053816659,0,.0324343163816007,0,.0019980820518211,0,.0703851893981068,0,.004336005790773,0
Thailand,THA,2005,.4342502212524414,.4546200180053711,.4546200180053711,THA,.0422871280781427,.0192245749282807,-.0160692501546818,.0031553247735989,.0031553247735989,0,0,-.0947700119018555,2007,.3892528915405273,2006,0,0,1,1,.0717293269997517,0,.0285849483831311,0,.0337784539832456,0,.0018913326213998,0,.0717293269997517,0,.0040162884936349,0
Thailand,THA,2006,.4324590682983399,.3917699813842773,.3917699813842773,THA,.0303089714460131,.0118741451791811,-.0165140138796328,-.0046398687004516,-.0046398687004516,0,0,-.0423099899291992,2008,.389540901184082,2007,0,0,1,1,.0795245204738022,0,.0309551495428014,0,.0415736474572961,0,.0027559740621316,0,.0795245204738022,0,.0052717894419627,0
Thailand,THA,2007,.4330138397216797,.3598500061035156,.3598500061035156,THA,.0242637755416933,.0087313197767727,-.0163762578023665,-.0076449380255938,-.0076449380255938,0,0,.0637899780273437,2009,.3942560195922852,2008,0,0,1,1,.0825295897989444,0,.0321486507846334,0,.0445787167824383,0,.0023260570435187,0,.0825295897989444,0,.0043062821791714,0
Thailand,THA,2008,.4335249710083008,.3494599914550781,.3494599914550781,THA,.0223046776941195,.0077945924763953,-.0162493380692102,-.008454745592815,-.008454745592815,0,0,.0488500213623047,2010,.4077548217773437,2009,0,0,1,1,.0833393973661656,0,.0328570590808042,0,.0453885243496595,0,.0025179332103433,0,.0833393973661656,0,.0046232619228088,0
Thailand,THA,2009,.433233642578125,.4236399841308593,.4236399841308593,THA,.0363793679988831,.0154117548817375,-.0163216782440079,-.0009099233622704,-.0009099233622704,0,0,-.0324799728393554,2011,.4154971694946289,2010,0,0,1,1,.075794575135621,0,.0309056034761146,0,.0378437021191149,0,.0020039236660438,0,.075794575135621,0,.0040135223132752,0
Thailand,THA,2010,.4326437759399414,.3983100128173828,.3983100128173828,THA,.0315553473760851,.0125688108178254,-.0164681488637404,-.0038993380459149,-.0038993380459149,0,0,.0209799957275391,2012,.4174465560913086,2011,0,0,1,1,.0787839898192655,0,.0327345247713985,0,.0408331168027594,0,.0021490087793373,0,.0787839898192655,0,.0041463277616218,0
Thailand,THA,2011,.4331577682495117,.3911600112915039,.3911600112915039,THA,.0302114066274846,.0118174941575391,-.0163405187059265,-.0045230245483875,-.0045230245483875,0,0,.0307500076293945,2013,.4244981002807617,2012,0,0,1,1,.0794076763217381,0,.0331484610077229,0,.041456803305232,0,.0023281332946585,0,.0794076763217381,0,.0044593803756397,0
Thailand,THA,2012,.4348219680786133,.4192900085449219,.4192900085449219,THA,.03559501596744,.0149246345491445,-.0159272788911139,-.0010026443419694,-.0010026443419694,0,0,.0140499877929687,2014,.4350851440429688,2013,0,0,1,1,.07588729611532,0,.032214013036397,0,.0379364230988139,0,.0021441324255841,0,.07588729611532,0,.0042890815474864,0
Thailand,THA,2013,.436810417175293,.4219100189208984,.4219100189208984,THA,.0361442831920941,.0152496352054587,-.0154335242817772,-.0001838890763185,-.0001838890763185,0,0,.0036799621582032,2015,.4511713027954102,2014,0,0,1,1,.0750685408496691,0,.0326612069086738,0,.037117667833163,0,.0018696554023156,0,.0750685408496691,0,.003781280213358,0
Thailand,THA,2014,.4346228790283203,.4333399963378906,.4333399963378906,THA,.0382570635606476,.0165783157832695,-.0159767149749517,.0006016008083178,.0006016008083178,0,0,-.015890007019043,2016,.4489005661010742,2015,0,0,1,1,.0742830509650328,0,.0335143808795117,0,.0363321779485267,0,.0019005616761467,0,.0742830509650328,0,.0038857984250603,0
Thailand,THA,2015,.4357462692260742,.4255899810791016,.4255899810791016,THA,.0368151178919072,.0156681453270417,-.0156977643650765,-.0000296190380348,-.0000296190380348,0,0,-.0078199768066406,2017,.4412323760986328,2016,0,0,1,1,.0749142708113854,0,.0336290585762801,0,.0369633977948793,0,.001670057825427,0,.0749142708113854,0,.0033847311575356,0
Thailand,THA,2016,.4351737976074219,.4174499893188476,.4174499893188476,THA,.0352548881500737,.0147171526816854,-.0158399156028909,-.0011227629212055,-.0011227629212055,0,0,.0019600296020508,2018,.4447659301757813,2017,0,0,1,1,.0760074146945561,0,.0335369321867931,0,.03805654167805,0,.0014894654576144,0,.0760074146945561,0,.0029747952314704,0
Thailand,THA,2017,.4363251876831055,.4177700042724609,.4177700042724609,THA,.0353456835331197,.0147663663606445,-.0155540123037003,-.0007876459430558,-.0007876459430558,0,0,-.0071400070190429,2019,.4556360626220703,2018,0,0,1,1,.0756722977164064,0,.0336564598823762,0,.0377214246999003,0,.0018430780431927,0,.0756722977164064,0,.0036973669872924,0
Thailand,THA,2018,.4380952453613281,.4194100189208985,.4194100189208985,THA,.0357032102495644,.0149742840863066,-.0151144867765578,-.0001402026902511,-.0001402026902511,0,0,.0749299621582031,2020,.4660649108886719,2019,0,0,1,1,.0750248544636017,0,.0341840292865893,0,.0370739814470956,0,.0017719564263506,0,.0750248544636017,0,.0035858240149497,0
Thailand,THA,2019,.4373676300048828,.410629997253418,.410629997253418,THA,.0340174292974724,.0139685768989894,-.0152951619754698,-.0013265850764803,-.0013265850764803,0,0,.1730400085449219,2021,.477107925415039,2020,0,0,1,1,.0762112368498309,0,.0355193833111319,0,.0382603638333248,0,.0018528373777023,0,.0762112368498309,0,.0036906870214679,0
Thailand,THA,2020,.4350719833374023,.4943399810791015,.4943399810791015,THA,.0498489884096348,.0246423479872312,-.0158651972483715,.0087771507388597,.0087771507388597,0,0,.1111400222778321,2022,.4798174667358399,2021,0,0,1,1,.0661075010344909,0,.0315404126729385,0,.0281566280179848,0,.0013351432919184,0,.0661075010344909,0,.0031347143733018,0
Thailand,THA,2021,.4343109130859375,.5836700057983398,.5836700057983398,THA,.066787495845147,.0389818580871935,-.0160541796796126,.0229276784075809,.0229276784075809,0,0,.0386899948120117,2023,.4842511749267578,2022,0,0,1,1,.0519569733657697,0,.0249298633396251,0,.0140061003492636,0,.0008816249218045,0,.0519569733657697,0,.0032704722541278,0
Thailand,THA,2022,.4344584274291992,.6054800033569336,.6054800033569336,THA,.0709317438773366,.0429477525209629,-.0160175501842686,.0269302023366944,.0269302023366944,0,0,,,.4888680267333985,2023,1,0,0,1,,,,,.0100035764201501,0,.0006586881442188,0,.0479544494366562,0,.0031575734497155,0
Thailand,THA,2023,.4348605346679688,.6223600006103516,.6223600006103516,THA,.0741467264010691,.0461459566882249,-.0159177023667299,.030228254321495,.030228254321495,0,0,,,,,1,1,0,0,,,,,,,,,,,,
Turkey,TUR,1995,.4152306747436523,,,TUR,,,-.0207920206655737,,,,,,,.3377627182006836,1996,2,2,0,0,,,,,,,,,,,,
Turkey,TUR,1996,.4142000579833984,,,TUR,,,-.0210479345718863,,,,,,,.3398028945922851,1997,2,2,0,0,,,,,,,,,,,,
Turkey,TUR,1997,.4118671417236328,,,TUR,,,-.0216272243099938,,,,,,,.3406545639038086,1998,2,2,0,0,,,,,,,,,,,,
Turkey,TUR,1998,.4100723266601563,,,TUR,,,-.0220728973785065,,,,,,,.3458487319946289,1999,2,2,0,0,,,,,,,,,,,,
Turkey,TUR,1999,.4080127334594726,,,TUR,,,-.0225843178809947,,,,,,,.3510353469848633,2000,2,2,0,0,,,,,,,,,,,,
Turkey,TUR,2000,.4072862243652344,.5123400115966796,.5123400115966796,TUR,.0525410747004203,.0269188948213154,-.0227647183823724,.0041541764389429,.0041541764389429,0,0,.199550018310547,2002,.347929458618164,2001,0,0,1,1,.0707304753344077,0,.0248288969514181,0,.0327796023179016,0,.0127491475520877,0,.0707304753344077,0,.0275095853123025,0
Turkey,TUR,2001,.4047909164428711,.7557099914550781,.7557099914550781,TUR,.0986771964395084,.0745713432781119,-.0233843318240434,.0511870114540685,.0511870114540685,0,0,-.1195899963378906,2003,.3458984756469727,2002,0,0,1,1,.0236976403192821,0,.0082451071668158,0,0,.014253232697224,0,.0071588316210314,.0236976403192821,0,.0119023817589497,0
Turkey,TUR,2002,.4031177520751953,.7118900299072266,.7118900299072266,TUR,.0903147783345626,.0642941902496563,-.0237997976361164,.0404943926135399,.0404943926135399,0,0,-.1414400482177735,2004,.3570013046264648,2003,0,0,1,1,.0343902591598107,0,.0118955382204829,0,0,.0035606138566954,0,.0016318527579023,.0343902591598107,0,.0157612820467412,0
Turkey,TUR,2003,.4010135269165039,.6361199951171875,.6361199951171875,TUR,.0758757266365743,.0482660668575707,-.0243223007632626,.023943766094308,.023943766094308,0,0,-.1345800018310547,2005,.3588621902465821,2004,0,0,1,1,.0509408856790426,0,.0181859626462458,0,.0129900126625365,0,.0049325582090118,0,.0509408856790426,0,.0193432362506589,0
Turkey,TUR,2004,.3981032943725586,.5704499816894532,.5704499816894532,TUR,.063333026230459,.036128323653503,-.0250449447249381,.0110833789285649,.0110833789285649,0,0,-.1284299850463868,2006,.3820089340209961,2005,0,0,1,1,.0638012728447857,0,.0228958645135996,0,.0258503998282796,0,.0074172297888632,0,.0638012728447857,0,.0183064364441294,0
Turkey,TUR,2005,.3950494003295899,.5015399932861329,.5015399932861329,TUR,.0501715019765049,.0251630147644515,-.0258032614767522,-.0006402467123007,-.0006402467123007,0,0,-.1302299880981446,2007,.383846206665039,2006,0,0,1,1,.0755248984856513,0,.0288511859625476,0,.0375740254691452,0,.0060883390312037,0,.0755248984856513,0,.0122377408738248,0
Turkey,TUR,2006,.393131332397461,.4420199966430664,.4420199966430664,TUR,.0388222067733651,.0171601917076393,-.0262795396395128,-.0091193479318735,-.0091193479318735,0,0,-.0717800140380859,2008,.3934523391723633,2007,0,0,1,1,.0840039997052241,0,.0322446166315413,0,.046053126688718,0,.0066329377926349,0,.0840039997052241,0,.0120989245343415,0
Turkey,TUR,2007,.3899667358398438,.3713100051879883,.3713100051879883,TUR,.0253160822281979,.0094001146234917,-.0270653450894102,-.0176652304659185,-.0176652304659185,0,0,.0524499893188476,2009,.4042265701293946,2008,0,0,1,1,.0925498822392691,0,.0364139676571672,0,.054599009222763,0,.0079011583723458,0,.0925498822392691,0,.013393123562571,0
Turkey,TUR,2008,.3879465103149414,.3702399826049805,.3702399826049805,TUR,.0250602347371862,.0092783008731726,-.0275669901486103,-.0182886892754377,-.0182886892754377,0,0,.0159600067138672,2010,.4060968399047852,2009,0,0,1,1,.0931733410487883,0,.037663140079648,0,.0552224680322822,0,.0071888380490108,0,.0931733410487883,0,.0121292670022178,0
Turkey,TUR,2009,.3865817260742188,.4237599945068359,.4237599945068359,TUR,.0351848344696241,.0149099252615718,-.0279058816549265,-.0129959563933547,-.0129959563933547,0,0,-.0760300064086914,2011,.4141064071655273,2010,0,0,1,1,.0878806081667053,0,.0356880372654097,0,.0499297351501992,0,.0067024832583316,0,.0878806081667053,0,.0117969443097876,0
Turkey,TUR,2010,.3834772872924805,.3861999893188476,.3861999893188476,TUR,.0279734562031032,.0108033484868497,-.0286767492423575,-.0178734007555078,-.0178734007555078,0,0,-.0780399894714355,2012,.4174502182006836,2011,0,0,1,1,.0927580525288585,0,.0384117038683968,0,.0548071795123523,0,.0058410428965962,0,.0927580525288585,0,.009885634850151,0
Turkey,TUR,2011,.3811531448364258,.3477299880981445,.3477299880981445,TUR,.0206096854888796,.0071666056897546,-.0292538603448486,-.022087254655094,-.022087254655094,0,0,-.052249984741211,2013,.4240926742553711,2012,0,0,1,1,.0969719064284446,0,.0404809434978905,0,.0590210334119385,0,.004522200691737,0,.0969719064284446,0,.0074300024411478,0
Turkey,TUR,2012,.3796377944946289,.3081599998474121,.3081599998474121,TUR,.0130581980901578,.0040240143214705,-.0296301391328103,-.0256061248113398,-.0256061248113398,0,0,-.0344899940490723,2014,.4384267044067383,2013,0,0,1,1,.1004907765846904,0,.0426174021798004,0,.0625399035681843,0,.0047955098441116,0,.1004907765846904,0,.0077055524690553,0
Turkey,TUR,2013,.3802392578125,.2954800033569336,.2954800033569336,TUR,.0106667283409528,.0031518049259922,-.0294807889251325,-.0263289839991403,-.0263289839991403,0,0,-.030930004119873,2015,.4557336044311524,2014,0,0,1,1,.1012136357724909,0,.0443747607727571,0,.0632627627559847,0,.0044244618534454,0,.1012136357724909,0,.007078664462556,0
Turkey,TUR,2014,.3806315231323242,.2736700057983398,.2736700057983398,TUR,.006536565100945,.0017888618090768,-.0293833849684159,-.0275945231593391,-.0275945231593391,0,0,-.0034900093078613,2016,.4544841384887695,2015,0,0,1,1,.1024791749326897,0,.0467032037712053,0,.0645283019161836,0,.0039918422123359,0,.1024791749326897,0,.0063395546486413,0
Turkey,TUR,2015,.3807826614379883,.2645499992370606,.2645499992370606,TUR,.0048091714319897,.0012722662986638,-.0293458556018389,-.0280735893031751,-.0280735893031751,0,0,.0047200012207031,2017,.4352152633666992,2016,0,0,1,1,.1029582410765258,0,.0467928874959838,0,.0650073680600196,0,.0037463117029433,0,.1029582410765258,0,.0059333837835632,0
Turkey,TUR,2016,.3793810272216797,.2701799964904785,.2701799964904785,TUR,.0058413935731254,.0015782276950865,-.0296938973777446,-.0281156696826581,-.0281156696826581,0,0,.018080005645752,2018,.4507453155517578,2017,0,0,1,1,.1030003214560087,0,.0448273120293315,0,.0650494484395026,0,.0028205667051396,0,.1030003214560087,0,.004466129756468,0
Turkey,TUR,2017,.3799147415161133,.2692700004577637,.2692700004577637,TUR,.0056825669136445,.0015301447954383,-.029561370025958,-.0280312252305196,-.0280312252305196,0,0,.0426799964904785,2019,.4529528427124023,2018,0,0,1,1,.1029158770038702,0,.0463888494553954,0,.0649650039873641,0,.0028040459997076,0,.1029158770038702,0,.0044420970600607,0
Turkey,TUR,2018,.3792866897583008,.2882600021362305,.2882600021362305,TUR,.0092712310529685,.0026725250831342,-.0297173224467867,-.0270447973636525,-.0270447973636525,0,0,.0947100067138671,2020,.4685233306884766,2019,0,0,1,1,.1019294491370031,0,.0461692337427148,0,.063978576120497,0,.0029361698086949,0,.1019294491370031,0,.0046778498259996,0
Turkey,TUR,2019,.3784927368164063,.3119499969482422,.3119499969482422,TUR,.0137478105418191,.0042886294565655,-.0299144700254255,-.02562584056886,-.02562584056886,0,0,.0771500015258789,2021,.4784150695800781,2020,0,0,1,1,.1005104923422106,0,.0470915106413111,0,.0625596193257045,0,.0037043928137477,0,.1005104923422106,0,.0059516082347026,0
Turkey,TUR,2020,.3771310424804687,.3829700088500976,.3829700088500976,TUR,.0271946820074063,.010414747609052,-.0302525942731115,-.0198378466640595,-.0198378466640595,0,0,-.0886400032043457,2022,.4819499588012695,2021,0,0,1,1,.0947224984374102,0,.0453166706807324,0,.056771625420904,0,.0034321642356892,0,.0947224984374102,0,.0057265080758513,0
Turkey,TUR,2021,.3756297302246094,.3890999984741211,.3890999984741211,TUR,.0283192214876363,.0110190090376276,-.0306253872440868,-.0196063782064592,-.0196063782064592,0,0,-.1066900062561035,2023,.4809844970703125,2022,0,0,1,1,.0944910299798098,0,.0455399480058589,0,.0565401569633037,0,.0036353106504066,0,.0944910299798098,0,.0060754031488883,0
Turkey,TUR,2022,.3748694992065429,.294330005645752,.294330005645752,TUR,.0103082970509579,.0030340411292065,-.030814161284095,-.0277801201548885,-.0277801201548885,0,0,,,.4806129074096679,2023,1,0,0,1,,,,,.064713898911733,0,.0028783016977969,0,.1026647719282391,0,.0045662553533983,0
Turkey,TUR,2023,.3746493530273438,.2824099922180176,.2824099922180176,TUR,.0080396633542911,.0022704812653208,-.0308688260934125,-.0285983448280917,-.0285983448280917,0,0,,,,,1,1,0,0,,,,,,,,,,,,
Taiwan Province of China,TWN,1995,,,,TWN,,,,,,,,,,,,6,6,0,0,,,,,,,,,,,,
Taiwan Province of China,TWN,1996,,,,TWN,,,,,,,,,,,,6,6,0,0,,,,,,,,,,,,
Taiwan Province of China,TWN,1997,,.2498200035095215,.2498200035095215,TWN,,,,,,,0,-.0129199981689453,1999,,,5,6,0,0,,,,,,,,,,,,
Taiwan Province of China,TWN,1998,,.236870002746582,.236870002746582,TWN,,,,,,,0,.0253999900817871,2000,,,5,6,0,0,,,,,,,,,,,,
Taiwan Province of China,TWN,1999,,.2369000053405762,.2369000053405762,TWN,,,,,,,0,.0643599891662598,2001,,,5,6,0,0,,,,,,,,,,,,
Taiwan Province of China,TWN,2000,,.2622699928283692,.2622699928283692,TWN,,,,,,,0,.0355200004577637,2002,,,5,6,0,0,,,,,,,,,,,,
Taiwan Province of China,TWN,2001,,.3012599945068359,.3012599945068359,TWN,,,,,,,0,.0202400207519531,2003,,,5,6,0,0,,,,,,,,,,,,
Taiwan Province of China,TWN,2002,,.2977899932861328,.2977899932861328,TWN,,,,,,,0,.0366699981689453,2004,,,5,6,0,0,,,,,,,,,,,,
Taiwan Province of China,TWN,2003,,.3215000152587891,.3215000152587891,TWN,,,,,,,0,.0191799926757812,2005,,,5,6,0,0,,,,,,,,,,,,
Taiwan Province of China,TWN,2004,,.3344599914550781,.3344599914550781,TWN,,,,,,,0,-.0014899826049805,2006,,,5,6,0,0,,,,,,,,,,,,
Taiwan Province of China,TWN,2005,,.3406800079345703,.3406800079345703,TWN,,,,,,,0,-.0191099929809571,2007,,,5,6,0,0,,,,,,,,,,,,
Taiwan Province of China,TWN,2006,,.3329700088500976,.3329700088500976,TWN,,,,,,,0,.0005599975585938,2008,,,5,6,0,0,,,,,,,,,,,,
Taiwan Province of China,TWN,2007,,.3215700149536133,.3215700149536133,TWN,,,,,,,0,.0455399703979492,2009,,,5,6,0,0,,,,,,,,,,,,
Taiwan Province of China,TWN,2008,,.3335300064086914,.3335300064086914,TWN,,,,,,,0,.035369987487793,2010,,,5,6,0,0,,,,,,,,,,,,
Taiwan Province of China,TWN,2009,,.3671099853515625,.3671099853515625,TWN,,,,,,,0,.0163199996948242,2011,,,5,6,0,0,,,,,,,,,,,,
Taiwan Province of China,TWN,2010,,.3688999938964844,.3688999938964844,TWN,,,,,,,0,.0231500244140625,2012,,,5,6,0,0,,,,,,,,,,,,
Taiwan Province of China,TWN,2011,,.3834299850463867,.3834299850463867,TWN,,,,,,,0,.00552001953125,2013,,,5,6,0,0,,,,,,,,,,,,
Taiwan Province of China,TWN,2012,,.3920500183105469,.3920500183105469,TWN,,,,,,,0,-.0171700286865235,2014,,,5,6,0,0,,,,,,,,,,,,
Taiwan Province of China,TWN,2013,,.3889500045776367,.3889500045776367,TWN,,,,,,,0,-.0295399856567383,2015,,,5,6,0,0,,,,,,,,,,,,
Taiwan Province of China,TWN,2014,,.3748799896240234,.3748799896240234,TWN,,,,,,,0,-.021240005493164,2016,,,5,6,0,0,,,,,,,,,,,,
Taiwan Province of China,TWN,2015,,.3594100189208984,.3594100189208984,TWN,,,,,,,0,-.0148300170898437,2017,,,5,6,0,0,,,,,,,,,,,,
Taiwan Province of China,TWN,2016,,.3536399841308594,.3536399841308594,TWN,,,,,,,0,-.0153299713134766,2018,,,5,6,0,0,,,,,,,,,,,,
Taiwan Province of China,TWN,2017,,.3445800018310547,.3445800018310547,TWN,,,,,,,0,-.0184600067138672,2019,,,5,6,0,0,,,,,,,,,,,,
Taiwan Province of China,TWN,2018,,.3383100128173828,.3383100128173828,TWN,,,,,,,0,-.0187300109863281,2020,,,5,6,0,0,,,,,,,,,,,,
Taiwan Province of China,TWN,2019,,.3261199951171875,.3261199951171875,TWN,,,,,,,0,-.0252700042724609,2021,,,5,6,0,0,,,,,,,,,,,,
Taiwan Province of China,TWN,2020,,.3195800018310547,.3195800018310547,TWN,,,,,,,0,-.0247599983215332,2022,,,5,6,0,0,,,,,,,,,,,,
Taiwan Province of China,TWN,2021,,.3008499908447266,.3008499908447266,TWN,,,,,,,0,-.0106499862670899,2023,,,5,6,0,0,,,,,,,,,,,,
Taiwan Province of China,TWN,2022,,.2948200035095215,.2948200035095215,TWN,,,,,,,0,,,,,6,6,0,0,,,,,,,,,,,,
Taiwan Province of China,TWN,2023,,.2902000045776367,.2902000045776367,TWN,,,,,,,0,,,,,6,6,0,0,,,,,,,,,,,,
Uganda,UGA,1995,.5757974624633789,,,UGA,,,.0190785456342557,,,,,,,.3057988357543945,1996,2,2,0,0,,,,,,,,,,,,
Uganda,UGA,1996,.5777424621582031,,,UGA,,,.0195615112611262,,,,,,,.3041217803955078,1997,2,2,0,0,,,,,,,,,,,,
Uganda,UGA,1997,.5807998657226563,.4419499969482422,.4419499969482422,UGA,.0437058648614957,.0193158068421583,.0203206994671868,.0396365063093451,.0396365063093451,0,0,.0352299880981445,1999,.3024633598327637,1998,0,0,1,1,.0352481454640055,0,.0107197287541532,0,0,.0027027275525006,0,.0001733660915067,.0352481454640055,0,.0022609874999431,0
Uganda,UGA,1998,.5795250701904296,.4509299850463867,.4509299850463867,UGA,.0453773572394292,.0204620110214203,.0200041531844332,.0404661642058535,.0404661642058535,0,0,.0345199966430664,2000,.2939547920227051,1999,0,0,1,1,.0344184875674971,0,.0104103313900274,0,0,.0035323854490091,0,.0002152072389906,.0344184875674971,0,.0020969137673552,0
Uganda,UGA,1999,.5778247451782227,.4771799850463867,.4771799850463867,UGA,.0503162763059963,.0240099199752852,.0195819430742777,.0435918630495629,.0435918630495629,0,0,.0363400268554688,2001,.288259220123291,2000,0,0,1,1,.0312927887237877,0,.0091986652011115,0,0,.0066580842927184,0,.0004056613880169,.0312927887237877,0,.0019065958841187,0
Uganda,UGA,2000,.5780010986328125,.4854499816894531,.4854499816894531,UGA,.0518908499615749,.0251904121636967,.0196257336501701,.0448161458138668,.0448161458138668,0,0,.0616600036621094,2002,.2884276390075683,2001,0,0,1,1,.0300685059594838,0,.0086675240781533,0,0,.0078823670570223,0,.0004371596855444,.0300685059594838,0,.0016676131059297,0
Uganda,UGA,2001,.5762543869018555,.5135200119018555,.5135200119018555,UGA,.0571740722424421,.0293600302584164,.0191920051882333,.0485520354466497,.0485520354466497,0,0,.0378699874877929,2003,.2888197135925293,2002,0,0,1,1,.0263326163267009,0,.0075950543560025,0,0,.0116182566898052,0,.0006904354705489,.0263326163267009,0,.001564862339482,0
Uganda,UGA,2002,.5728701782226563,.5471099853515625,.5471099853515625,UGA,.063462469559238,.0347209507909287,.0183516675416211,.0530726183325498,.0530726183325498,0,0,-.0574499893188477,2004,.2915811157226563,2003,0,0,1,1,.0218120334408008,0,.0062997452512428,0,0,.0161388395757053,0,.001161012305545,.0218120334408008,0,.0015691363133599,0
Uganda,UGA,2003,.567932243347168,.5513899993896484,.5513899993896484,UGA,.0641461367739139,.0353695383166167,.0171255219443071,.0524950602609238,.0524950602609238,0,0,-.1257600021362304,2005,.2973443603515625,2004,0,0,1,1,.0223895915124268,0,.0065283820737679,0,0,.0155612815040793,0,.001297945503563,.0223895915124268,0,.0018674856323721,0
Uganda,UGA,2004,.5783844375610352,.4896599960327148,.4896599960327148,UGA,.0527000796358804,.0258051207854289,.0197209210819551,.045526041867384,.045526041867384,0,0,-.2120800018310547,2006,.2877821350097656,2005,0,0,1,1,.0293586099059666,0,.0087296170833007,0,0,.0085922631105395,0,.0006912633067019,.0293586099059666,0,.0023619539465541,0
Uganda,UGA,2005,.5793892288208008,.425629997253418,.425629997253418,UGA,.0405708758246261,.0172681817658044,.019970422221692,.0372386039874964,.0372386039874964,0,0,-.2558699989318848,2007,.2741240882873535,2006,0,0,1,1,.0376460477858542,0,.0108338600064928,0,0,.0003048252306519,0,.0000231480453213,.0376460477858542,0,.0028587936059382,0
Uganda,UGA,2006,.5779358291625977,.2775799942016601,.2775799942016601,UGA,.0124272140621714,.0034495460073203,.0196095264956488,.0230590725029691,.0230590725029691,0,0,-.1210399913787842,2008,.2778513145446777,2007,0,0,1,1,.0518255792703815,0,.0142066396674573,0,.0138747062538754,0,.0010030420251691,0,.0518255792703815,0,.0037466187057044,0
Uganda,UGA,2007,.570553207397461,.1697599983215332,.1697599983215332,UGA,-.0082339183071091,-.0013977899579945,.0177763372369383,.0163785472789439,.0163785472789439,0,0,-.0218299961090088,2009,.2798474884033203,2008,0,0,1,1,.0585061044944067,0,.0162559980426592,0,.0205552314779006,0,.0014964910734446,0,.0585061044944067,0,.0042594442787973,0
Uganda,UGA,2008,.5677884674072265,.156540002822876,.156540002822876,UGA,-.0108157375410527,-.0016930955852079,.0170898207371822,.0153967251519744,.0153967251519744,0,0,.0270099925994873,2010,.2749669456481934,2009,0,0,1,1,.0594879266213762,0,.0166475468553132,0,.0215370536048701,0,.001752306987584,0,.0594879266213762,0,.0048400821861701,0
Uganda,UGA,2009,.5683967590332031,.1479300022125244,.1479300022125244,UGA,-.0124343831656544,-.0018394183292066,.0172408664917094,.0154014481625028,.0154014481625028,0,0,.0316599941253662,2011,.2653672218322754,2010,0,0,1,1,.0594832036108478,0,.0163559148142444,0,.0215323305943417,0,.0016382141674206,0,.0594832036108478,0,.0045255773150938,0
Uganda,UGA,2010,.5648065567016601,.1835499954223633,.1835499954223633,UGA,-.0057659830442975,-.0010583461613862,.0163493782697525,.0152910321083663,.0152910321083663,0,0,.0113599967956543,2012,.2715005493164063,2011,0,0,1,1,.0595936196649843,0,.0158141932894261,0,.0216427466484782,0,.0014095192320276,0,.0595936196649843,0,.0038811318354475,0
Uganda,UGA,2011,.5615562438964844,.1795899963378906,.1795899963378906,UGA,-.0066025596055563,-.0011857536553826,.0155422884971144,.0143565348417319,.0143565348417319,0,0,.0412100028991699,2013,.2601753616333008,2012,0,0,1,1,.0605281169316187,0,.0164334169960222,0,.0225772439151126,0,.0014562038757531,0,.0605281169316187,0,.0039039875194358,0
Uganda,UGA,2012,.5543810653686524,.1949099922180176,.1949099922180176,UGA,-.003881445579429,-.0007565325276812,.0137606097622418,.0130040772345607,.0130040772345607,0,0,.0527700042724609,2014,.2577579116821289,2013,0,0,1,1,.0618805745387899,0,.0160998008587061,0,.0239297015222838,0,.0022609687888039,0,.0618805745387899,0,.0058467109393392,0
Uganda,UGA,2013,.5538970947265625,.2207999992370605,.2207999992370605,UGA,.0010208716614885,.0002254084620778,.013640434327168,.0138658427892458,.0138658427892458,0,0,.0594199943542481,2015,.2631644248962403,2014,0,0,1,1,.0610188089841048,0,.0157280807770736,0,.0230679359675987,0,.0024295246007617,0,.0610188089841048,0,.0064265263153274,0
Uganda,UGA,2014,.5483552551269532,.2476799964904785,.2476799964904785,UGA,.005979150158768,.0014809158903397,.0122643322931352,.0137452481834749,.0137452481834749,0,0,.0656500053405762,2016,.2656173896789551,2015,0,0,1,1,.0611394035898757,0,.0160897159842288,0,.0231885305733696,0,.0025919742461199,0,.0611394035898757,0,.0068340578557437,0
Uganda,UGA,2015,.5475015640258789,.2802199935913086,.2802199935913086,UGA,.0121342508011573,.0034002596817356,.0120523510476464,.015452610729382,.015452610729382,0,0,.0553900146484375,2017,.2925852394104004,2016,0,0,1,1,.0594320410439686,0,.0157861836053914,0,.0214811680274625,0,.0024683166532525,0,.0594320410439686,0,.0068291024239496,0
Uganda,UGA,2016,.5440023803710937,.3133300018310547,.3133300018310547,UGA,.0183285316559103,.0057428788573069,.0111834638021289,.0169263426594358,.0169263426594358,0,0,.0368500137329101,2018,.2977206993103028,2017,0,0,1,1,.0579583091139148,0,.0169577457479168,0,.0200074360974087,0,.0032835415499884,0,.0579583091139148,0,.0095118892403839,0
Uganda,UGA,2017,.5410932159423828,.3356100082397461,.3356100082397461,UGA,.0224822461899259,.007545266829049,.0104610850656589,.0180063518947079,.0180063518947079,0,0,.0441299819946289,2019,.2928629302978515,2018,0,0,1,1,.0568782998786427,0,.0169338472154506,0,.0189274268621366,0,.0031231774183119,0,.0568782998786427,0,.0093853762091831,0
Uganda,UGA,2018,.5341349029541016,.3501800155639648,.3501800155639648,UGA,.0250666415714116,.0087778369356132,.0087332565198297,.017511093455443,.017511093455443,0,0,.1178599929809571,2020,.2855282402038574,2019,0,0,1,1,.0573735583179076,0,.0168025884105971,0,.0194226853014015,0,.0026488162748272,0,.0573735583179076,0,.007824459525494,0
Uganda,UGA,2019,.5310791015625,.379739990234375,.379739990234375,UGA,.0305985552949269,.0116194950888815,.0079744661515773,.0195939612404589,.0195939612404589,0,0,.1237200164794922,2021,.282342529296875,2020,0,0,1,1,.0552906905328917,0,.0157870535675127,0,.0173398175163856,0,.0027144618997909,0,.0552906905328917,0,.008655481680983,0
Uganda,UGA,2020,.53552978515625,.4680400085449219,.4680400085449219,UGA,.0474775202338927,.0222213789759629,.0090796216935436,.0313010006695064,.0313010006695064,0,0,.0305299758911133,2022,.2812626838684082,2021,0,0,1,1,.0435836511038442,0,.0123055182886519,0,.0056327780873381,0,.0009265168326407,0,.0435836511038442,0,.0071689290345778,0
Uganda,UGA,2021,.5375298690795899,.5034600067138671,.5034600067138671,UGA,.0542538240665279,.0273146306287871,.0095762653631544,.0368908959919415,.0368908959919415,0,0,.000369987487793,2023,.2840467453002929,2022,0,0,1,1,.0379937557814091,0,.01068622572132,0,.000042882764903,0,9.26011728105e-06,0,.0379937557814091,0,.0082043831660351,0
Uganda,UGA,2022,.5389613723754882,.4985699844360352,.4985699844360352,UGA,.0533628577903794,.0266051191780118,.009931723972485,.0365368431504968,.0365368431504968,0,0,,,.2834068870544433,2023,1,0,0,1,,,,,.0003969356063477,0,.0000848960291738,0,.0383478086228538,0,.0082017753699473,0
Uganda,UGA,2023,.5356031036376954,.5038299942016602,.5038299942016602,UGA,.0542737860651381,.0273447613185007,.0090978275094348,.0364425888279354,.0364425888279354,0,0,,,,,1,1,0,0,,,,,,,,,,,,
United States,USA,1995,.3169261741638184,,,USA,,,-.0452021503293831,,,,,,,.6157697677612305,1996,2,2,0,0,,,,,,,,,,,,
United States,USA,1996,.3143683242797852,,,USA,,,-.0458372936540684,,,,,,,.6154510879516601,1997,2,2,0,0,,,,,,,,,,,,
United States,USA,1997,.3154704666137695,,,USA,,,-.0455636191313167,,,,,,,.6162489700317383,1998,2,2,0,0,,,,,,,,,,,,
United States,USA,1998,.315899600982666,,,USA,,,-.0454570601688463,,,,,,,.6219432067871093,1999,2,2,0,0,,,,,,,,,,,,
United States,USA,1999,.3166665649414063,,,USA,,,-.0452666142628105,,,,,,,.6286397552490235,2000,2,2,0,0,,,,,,,,,,,,
United States,USA,2000,.3166700172424317,,,USA,,,-.0452657570170571,,,,,,,.6266481018066407,2001,2,2,0,0,,,,,,,,,,,,
United States,USA,2001,.3172258949279785,.5348500061035156,.5348500061035156,USA,.0544643628119693,.0291302647824058,-.0451277262422565,-.0159974614598507,-.0159974614598507,0,0,.0547100067138672,2003,.6253226089477539,2002,0,0,1,1,.0908821132332013,0,.0569511037457617,0,.0529312402166952,0,.0037938130839832,0,.0908821132332013,0,.0065139178464858,0
United States,USA,2002,.3167191505432129,.5585900115966796,.5585900115966796,USA,.0589579306070249,.0329333111414943,-.0452535566576045,-.0123202455161102,-.0123202455161102,0,0,.1057900238037109,2004,.6221070098876953,2003,0,0,1,1,.0872048972894608,0,.0545311938860666,0,.0492540242729547,0,.0034685699941397,0,.0872048972894608,0,.0061411487598252,0
United States,USA,2003,.3170317840576172,.5895600128173828,.5895600128173828,USA,.0648454176321349,.03823026525035,-.0451759261871901,-.0069456609368401,-.0069456609368401,0,0,.0682099914550781,2005,.6195049285888672,2004,0,0,1,1,.0818303127101907,0,.0509072111583118,0,.0438794396936846,0,.0029371906235565,0,.0818303127101907,0,.0054775363790631,0
United States,USA,2004,.3172475242614746,.6643800354003906,.6643800354003906,USA,.0790548421330421,.0525224588149228,-.0451223554318453,.0074001033830775,.0074001033830775,0,0,-.0190700531005858,2006,.6414628601074219,2005,0,0,1,1,.0674845483902731,0,.0418070103313681,0,.029533675373767,0,.0018967040142757,0,.0674845483902731,0,.0043339751051474,0
United States,USA,2005,.3172020721435547,.6577700042724609,.6577700042724609,USA,.0777988111737834,.0511737243581719,-.0451336417115719,.0060400826466,.0060400826466,0,0,-.0082900238037109,2007,.7166419219970703,2006,0,0,1,1,.0688445691267506,0,.0441612342149085,0,.0308936961102445,0,.0019936262100037,0,.0688445691267506,0,.0044426648380861,0
United States,USA,2006,.3170695495605469,.6453099822998047,.6453099822998047,USA,.0754299489440576,.048675699017965,-.0451665485817103,.0035091504362547,.0035091504362547,0,0,.0931300354003906,2008,.7175582885742188,2007,0,0,1,1,.0713755013370959,0,.0511506764617209,0,.0334246283205898,0,.0020716174870803,0,.0713755013370959,0,.0044237660715576,0
United States,USA,2007,.3165574645996094,.64947998046875,.64947998046875,USA,.0762082171394122,.0494957113792637,-.0452937051230857,.004202006256178,.004202006256178,0,0,.2212300109863281,2009,.7255846405029297,2008,0,0,1,1,.0706826455171726,0,.0507189181492006,0,.0327317725006665,0,.0021366818410163,0,.0706826455171726,0,.004614058867373,0
United States,USA,2008,.3148808860778808,.7384400177001953,.7384400177001953,USA,.0930525974357998,.0687137616975411,-.0457100187085834,.0230037429889577,.0230037429889577,0,0,.2180699920654297,2010,.7184468841552735,2009,0,0,1,1,.0518809087843929,0,.037643990549289,0,.0139300357678868,0,.0009229812437464,0,.0518809087843929,0,.0034375436297804,0
United States,USA,2009,.3148122978210449,.8707099914550781,.8707099914550781,USA,.118160872319021,.1028838521272193,-.0457270499557074,.0571568021715119,.0571568021715119,0,0,.1295600128173829,2011,.7434294891357421,2010,0,0,1,1,.0177278496018387,0,.0127365183092143,0,0,.0202230234146674,0,.001353599730065,.0177278496018387,0,.0011865887678435,0
United States,USA,2010,.3132118797302246,.9565100097656249,.9565100097656249,USA,.134407343528877,.1285619694713779,-.0461244520368207,.0824375174345571,.0824375174345571,0,0,.0801599884033204,2012,.7451580810546875,2011,0,0,1,1,0,.0075528656612065,0,.0056150230600217,0,.0455037386777126,0,.0032059812237652,0,.0075528656612065,0,.0005321396922339
United States,USA,2011,.3122873306274414,1.000270004272461,1.000270004272461,USA,.1426905938367372,.1427291209067131,-.0463540281329952,.0963750927737179,.0963750927737179,0,0,.0498799896240234,2013,.7495632171630859,2012,0,0,1,1,0,.0214904410003673,0,.0160137757768527,0,.0594413140168734,0,.0046952096884876,0,.0214904410003673,0,.0016975083485899
United States,USA,2012,.3112267684936523,1.036669998168945,1.036669998168945,USA,.1495730763001002,.1550579207341485,-.0466173778173903,.1084405429167582,.1084405429167582,0,0,.0127500152587889,2014,.7492845153808594,2013,0,0,1,1,0,.0335558911434076,0,.0251522617202269,0,.0715067641599137,0,.0054264469792782,0,.0335558911434076,0,.0025464620902845
United States,USA,2013,.3108883857727051,1.050149993896484,1.050149993896484,USA,.1521232822165828,.1597522638912577,-.0467014021097227,.1130508617815349,.1130508617815349,0,0,.0042700195312499,2015,.6839614868164062,2014,0,0,1,1,0,.0381662100081843,0,.0285973501699065,0,.0761170830246904,0,.0048197897866655,0,.0381662100081843,0,.0024167125418286
United States,USA,2014,.3103151893615723,1.049420013427734,1.049420013427734,USA,.1519697463400866,.1594800932448231,-.0468437333217838,.1126363599230393,.1126363599230393,0,0,.0246299743652345,2016,.6823079681396484,2015,0,0,1,1,0,.0377517081496887,0,.0258207144359201,0,.0757025811661948,0,.004764971811939,0,.0377517081496887,0,.0023762178569698
United States,USA,2015,.3105484008789062,1.054420013427734,1.054420013427734,USA,.1529250291260616,.1612472112645386,-.0467858242398634,.1144613870246751,.1144613870246751,0,0,.0096099853515625,2017,.6699642181396485,2016,0,0,1,1,0,.0395767352513245,0,.027003521814932,0,.0775276082678306,0,.0045235307993559,0,.0395767352513245,0,.0023091977793104
United States,USA,2016,.3105181503295898,1.074049987792969,1.074049987792969,USA,.1566507841379221,.1682507727910942,-.0467933357965761,.1214574369945181,.1214574369945181,0,0,.0024800109863281,2018,.6695261383056641,2017,0,0,1,1,0,.0465727852211675,0,.0312020996372853,0,.0845236582376736,0,.0054080733390686,0,.0465727852211675,0,.0029798643756347
United States,USA,2017,.3073056030273438,1.064029998779297,1.064029998779297,USA,.1546647676059742,.164567952486985,-.0475910479637343,.1169769045232507,.1169769045232507,0,0,.0238200378417968,2019,.6658792877197266,2018,0,0,1,1,0,.0420922527499001,0,.0281818634362266,0,.0800431257664062,0,.0053002239036727,0,.0420922527499001,0,.0027872270360297
United States,USA,2018,.3097026634216309,1.076529998779297,1.076529998779297,USA,.1571003091777113,.1691231956473087,-.0469958305048041,.1221273651425046,.1221273651425046,0,0,.2489900207519531,2020,.6516925811767578,2019,0,0,1,1,0,.0472427133691539,0,.0314579443281994,0,.08519358638566,0,.0063411230232337,0,.0472427133691539,0,.003516366315054
United States,USA,2019,.310248851776123,1.087850036621094,1.087850036621094,USA,.1592635514266885,.1732548602519285,-.0468602057015105,.126394654550418,.126394654550418,0,0,.1626299285888673,2021,.6456562805175782,2020,0,0,1,1,0,.0515100027770674,0,.033568686666209,0,.0894608757935735,0,.0067869132327072,0,.0515100027770674,0,.0039077855695392
United States,USA,2020,.3117410278320312,1.32552001953125,1.32552001953125,USA,.2044216364358338,.2709649715210365,-.0464896813532751,.2244752901677614,.2244752901677614,0,0,-.1340700531005858,2022,.6488287353515625,2021,0,0,1,1,0,.1495906383944108,0,.0965841351859853,0,.1875415114109169,0,.0125603615406827,0,.1495906383944108,0,.0100186486031805
United States,USA,2021,.3105261421203613,1.250479965209961,1.250479965209961,USA,.1901443699228368,.2377717250859789,-.0467913513436993,.1909803737422797,.1909803737422797,0,0,-.0508499908447266,2023,.647666015625,2022,0,0,1,1,0,.1160957219689291,0,.0753262404648268,0,.1540465949854352,0,.0109998639638795,0,.1160957219689291,0,.0082899407712799
United States,USA,2022,.3117941284179688,1.191449966430664,1.191449966430664,USA,.178971231275413,.2132352674951455,-.0464764958716307,.1667587716235148,.1667587716235148,0,0,,,.6473125457763672,2023,1,0,0,1,,,,,0,.1298249928666703,0,.0107274893187886,0,.0918741198501642,0,.0075915940190185
United States,USA,2023,.3120192527770996,1.199629974365234,1.199629974365234,USA,.1805299941285581,.216569192228598,-.0464205949234091,.1701485973051889,.1701485973051889,0,0,,,,,1,1,0,0,,,,,,,,,,,,
Vietnam,VNM,1995,.517533073425293,,,VNM,,,.0046108327338957,,,,,,,.3464585494995117,1996,3,3,0,0,,,,,,,,,,,,
Vietnam,VNM,1996,.5162381362915039,,,VNM,,,.0042892850615528,,,,,,,.3469168472290039,1997,3,3,0,0,,,,,,,,,,,,
Vietnam,VNM,1997,.5161201477050781,,,VNM,,,.0042599871486748,,,,,,,.3473882675170898,1998,3,3,0,0,,,,,,,,,,,,
Vietnam,VNM,1998,.5148905563354492,,,VNM,,,.0039546655755107,,,,,,,.3471305847167969,1999,3,2,0,0,,,,,,,,,,,,
Vietnam,VNM,1999,.5128756332397461,,,VNM,,,.0034543371700094,,,,,,,.3458416748046875,2000,3,2,0,0,,,,,,,,,,,,
Vietnam,VNM,2000,.5052600860595703,.247549991607666,.247549991607666,VNM,.0048299621887049,.0011956570992792,.0015633098718443,.0027589669711235,.0027589669711235,0,0,.0295600128173828,2002,.3416051483154297,2001,0,0,1,1,.0721256848022271,0,.0249440676284372,0,.034174811785721,0,.0013219694832924,0,.0721256848022271,0,.0027900067121936,0
Vietnam,VNM,2001,.5040104675292969,.2542000007629395,.2542000007629395,VNM,.0060597895067337,.001540398497235,.0012530153260773,.0027934138233123,.0027934138233123,0,0,.0441499900817871,2003,.3374733734130859,2002,0,0,1,1,.0720912379500383,0,.0246267380321658,0,.0341403649335322,0,.0014740604356112,0,.0720912379500383,0,.0031126451584004,0
Vietnam,VNM,2002,.503106575012207,.2771100044250489,.2771100044250489,VNM,.0103854271532784,.002877905764401,.0010285684959305,.0039064742603315,.0039064742603315,0,0,.0165200042724609,2004,.3382897567749024,2003,0,0,1,1,.0709781775130191,0,.0239532450040314,0,.033027304496513,0,.0014472057623179,0,.0709781775130191,0,.0031101547359552,0
Vietnam,VNM,2003,.5024323654174805,.2983499908447266,.2983499908447266,VNM,.0144000228284968,.0042962466790459,.000861154557293,.0051574012363389,.0051574012363389,0,0,-.0116599845886231,2005,.3380128860473633,2004,0,0,1,1,.0697272505370117,0,.0235880146247484,0,.0317763775205056,0,.0013284655651446,0,.0697272505370117,0,.0029150664272809,0
Vietnam,VNM,2004,.5003673171997071,.2936300086975098,.2936300086975098,VNM,.0134500992835245,.0039493527696037,.0003483795117911,.0042977322813948,.0042977322813948,0,0,.008849983215332,2006,.3559634780883789,2005,0,0,1,1,.0705869194919558,0,.0238592883746689,0,.0326360464754497,0,.0012349962927441,0,.0705869194919558,0,.0026711134865666,0
Vietnam,VNM,2005,.4944868850708008,.2866900062561035,.2866900062561035,VNM,.0119791711297146,.0034343086461208,-.0011117989123825,.0023225097337383,.0023225097337383,0,0,.035409984588623,2007,.362095947265625,2006,0,0,1,1,.0725621420396123,0,.0258294724579634,0,.0346112690231062,0,.0010046276196775,0,.0725621420396123,0,.0021061906741208,0
Vietnam,VNM,2006,.490828857421875,.3024799919128418,.3024799919128418,VNM,.0148812828884913,.0045012903277636,-.0020201289348881,.0024811613928755,.0024811613928755,0,0,.0079700088500976,2008,.3679705810546875,2007,0,0,1,1,.0724034903804751,0,.0262170104346557,0,.034452617363969,0,.000982034191838,0,.0724034903804751,0,.0020637823365025,0
Vietnam,VNM,2007,.4894194030761719,.3220999908447266,.3220999908447266,VNM,.0185691557831943,.0059811249077612,-.0023701125381911,.0036110123695701,.0036110123695701,0,0,.0395999908447265,2009,.3660093307495117,2008,0,0,1,1,.0712736394037805,0,.0262266025052914,0,.0333227663872744,0,.0012967318567328,0,.0712736394037805,0,.0027735632055885,0
Vietnam,VNM,2008,.4855496978759766,.3104500007629394,.3104500007629394,VNM,.0162565530644875,.0050468469112729,-.0033310045130277,.0017158423982452,.0017158423982452,0,0,.0624199867248535,2010,.3664747238159179,2009,0,0,1,1,.0731688093751054,0,.0267804669511209,0,.0352179363585993,0,.0013711660495907,0,.0731688093751054,0,.0028487355500494,0
Vietnam,VNM,2009,.4820911026000976,.3616999816894531,.3616999816894531,VNM,.0258955762120241,.0093664294417269,-.0041898132007366,.0051766162409904,.0051766162409904,0,0,.000150032043457,2011,.3471450424194336,2010,0,0,1,1,.0697080355323602,0,.0255462330694719,0,.0317571625158541,0,.0014058256956747,0,.0697080355323602,0,.0030858344947372,0
Vietnam,VNM,2010,.4763706588745117,.372869987487793,.372869987487793,VNM,.0278668174915417,.0103906998893958,-.0056102646780591,.0047804352113367,.0047804352113367,0,0,.0104300308227539,2012,.354344367980957,2011,0,0,1,1,.0701042165620139,0,.0243363312322015,0,.0321533435455078,0,.0013882697064826,0,.0701042165620139,0,.0030268566008382,0
Vietnam,VNM,2011,.4744949722290039,.3618500137329101,.3618500137329101,VNM,.0257258478657212,.009308898403502,-.0060760190835589,.003232879319943,.003232879319943,0,0,.0522799682617188,2013,.354758186340332,2012,0,0,1,1,.0716517724534076,0,.0253894020247181,0,.0337008994369015,0,.0013946001097933,0,.0716517724534076,0,.0029650713007675,0
Vietnam,VNM,2012,.4721000671386719,.3833000183105469,.3833000183105469,VNM,.0297354141490921,.0113975847878187,-.0066707013559138,.0047268834319049,.0047268834319049,0,0,.0531299972534179,2014,.3639472579956055,2013,0,0,1,1,.0701577683414457,0,.0248890426544964,0,.0322068953249396,0,.001751308138008,0,.0701577683414457,0,.0038149554435852,0
Vietnam,VNM,2013,.4687621688842774,.4141299819946289,.4141299819946289,VNM,.0355010610201224,.0147020537610535,-.0074995395954021,.0072025141656514,.0072025141656514,0,0,.0470400238037109,2015,.3728954315185547,2014,0,0,1,1,.0676821376076992,0,.0246327283976034,0,.0297312645911931,0,.0019437137177908,0,.0676821376076992,0,.0044247932648132,0
Vietnam,VNM,2014,.46431396484375,.4364300155639648,.4364300155639648,VNM,.0396184184230645,.0172906669689977,-.0086040794359985,.0086865875329992,.0086865875329992,0,0,.0423699951171875,2016,.3776188278198242,2015,0,0,1,1,.0661980642403514,0,.0246849557305988,0,.0282471912238453,0,.0021530163315154,0,.0661980642403514,0,.0050456525852335,0
Vietnam,VNM,2015,.4672666168212891,.4611700057983398,.4611700057983398,VNM,.0443920909025095,.0204723008189107,-.0078709022447335,.0126013985741773,.0126013985741773,0,0,.0050399780273437,2017,.3980486297607422,2016,0,0,1,1,.0622832531991734,0,.0235193290658772,0,.0243323801826672,0,.0020033955008142,0,.0622832531991734,0,.0051280634405089,0
Vietnam,VNM,2016,.4703087997436524,.4788000106811524,.4788000106811524,VNM,.0478183435603974,.0228954234074733,-.0071154934978511,.0157799299096222,.0157799299096222,0,0,-.0408200073242188,2018,.3999555587768555,2017,0,0,1,1,.0591047218637284,0,.0235265535502469,0,.0211538488472223,0,.0017074407403977,0,.0591047218637284,0,.0047706595045117,0
Vietnam,VNM,2017,.4706723785400391,.4662099838256836,.4662099838256836,VNM,.045437746338503,.021183530985549,-.0070252127323677,.0141583182531813,.0141583182531813,0,0,-.0562799835205078,2019,.4046942520141601,2018,0,0,1,1,.0607263335201693,0,.024287834655529,0,.0227754605036632,0,.0018078348666377,0,.0607263335201693,0,.0048202398824461,0
Vietnam,VNM,2018,.4669317626953125,.4379800033569336,.4379800033569336,VNM,.0399809750761821,.0175108675980797,-.0079540503466549,.0095568172514248,.0095568172514248,0,0,-.0247900009155274,2020,.4127228164672851,2019,0,0,1,1,.0653278345219258,0,.0264377991275556,0,.0273769615054197,0,.0021399022322377,0,.0653278345219258,0,.0051063073194975,0
Vietnam,VNM,2019,.4704928588867188,.4099300003051758,.4099300003051758,VNM,.0347488985554864,.0142446159954551,-.0070697895115477,.0071748264839074,.0071748264839074,0,0,-.0175600051879883,2021,.4229422760009766,2020,0,0,1,1,.0677098252894432,0,.0279453897959668,0,.0297589522729371,0,.0021290334336683,0,.0677098252894432,0,.0048441383455613,0
Vietnam,VNM,2020,.4769112396240234,.4131900024414062,.4131900024414062,VNM,.0355352543349354,.014682811825408,-.0054760323070943,.0092067795183137,.0092067795183137,0,0,-.0639599990844726,2022,.4249790573120117,2021,0,0,1,1,.0656778722550369,0,.0277779487744467,0,.0277269992385308,0,.0019947155614737,0,.0656778722550369,0,.0047249495953226,0
Vietnam,VNM,2021,.4676346969604492,.3923699951171875,.3923699951171875,VNM,.0313407363735233,.0122971645778484,-.0077795037444555,.0045176608333929,.0045176608333929,0,0,-.0497999954223633,2023,.4293387985229492,2022,0,0,1,1,.0703669909399577,0,.0299044974755461,0,.0324161179234516,0,.0020792234512565,0,.0703669909399577,0,.0045134552540256,0
Vietnam,VNM,2022,.4676993179321289,.3492300033569336,.3492300033569336,VNM,.0231527484551835,.008085634420726,-.0077634576195233,.0003221768012027,.0003221768012027,0,0,,,.4293171310424805,2023,1,0,0,1,,,,,.0366116019556418,0,.0019384666860988,0,.0745624749721479,0,.0039478434716324,0
Vietnam,VNM,2023,.4678103637695312,.3425699996948242,.3425699996948242,VNM,.0218913143297734,.0074993075432698,-.007735883670481,-.0002365761272112,-.0002365761272112,0,0,,,,,1,1,0,0,,,,,,,,,,,,
South Africa,ZAF,1995,.4200950622558594,,,ZAF,,,-.0195841377181235,,,,,,,.3703169250488281,1996,2,2,0,0,,,,,,,,,,,,
South Africa,ZAF,1996,.4200566864013672,,,ZAF,,,-.0195936668808636,,,,,,,.3649473190307617,1997,2,2,0,0,,,,,,,,,,,,
South Africa,ZAF,1997,.4144659805297852,,,ZAF,,,-.0209819029680477,,,,,,,.3620222473144531,1998,2,2,0,0,,,,,,,,,,,,
South Africa,ZAF,1998,.4144749069213867,,,ZAF,,,-.0209796864431161,,,,,,,.3631940460205078,1999,2,2,0,0,,,,,,,,,,,,
South Africa,ZAF,1999,.4114846420288086,,,ZAF,,,-.0217222033505459,,,,,,,.3713317108154297,2000,2,2,0,0,,,,,,,,,,,,
South Africa,ZAF,2000,.4099090576171875,.3792900085449219,.3792900085449219,ZAF,.0273513688875773,.0103741009390845,-.0221134389456316,-.0117393380065471,-.0117393380065471,0,0,-.0612800025939942,2002,.3702332305908203,2001,0,0,1,1,.0866239897798977,0,.0321662343226277,0,.0486731167633916,0,.0099662692437687,0,.0866239897798977,0,.0177370602608555,0
South Africa,ZAF,2001,.4098736953735351,.3804499816894531,.3804499816894531,ZAF,.0275706548717503,.0104892551411236,-.0221222197943991,-.0116329646532755,-.0116329646532755,0,0,-.0653099822998047,2003,.3686080932617187,2002,0,0,1,1,.0865176164266261,0,.0320316966326472,0,.04856674341012,0,.009077182035627,0,.0865176164266261,0,.0161702452841299,0
South Africa,ZAF,2002,.4068614196777344,.3180100059509277,.3180100059509277,ZAF,.0156384805063083,.0049731932788746,-.0228702022355278,-.0178970089566532,-.0178970089566532,0,0,-.0106800079345703,2004,.3677130889892578,2003,0,0,1,1,.0927816607300038,0,.0342000710513424,0,.0548307877134977,0,.008992713317391,0,.0927816607300038,0,.0152169777391501,0
South Africa,ZAF,2003,.4094662857055664,.3151399993896484,.3151399993896484,ZAF,.0151616102396984,.0047780298416846,-.0222233842656364,-.0174453544239518,-.0174453544239518,0,0,-.0187700080871582,2005,.3706426239013672,2004,0,0,1,1,.0923300061973024,0,.0339509517852074,0,.0543791331807962,0,.0080284916272369,0,.0923300061973024,0,.0136315280943013,0
South Africa,ZAF,2004,.4075130844116211,.3073299980163574,.3073299980163574,ZAF,.0136279975035965,.0041882924457472,-.0227083864431919,-.0185200939974446,-.0185200939974446,0,0,-.0270299911499023,2006,.3669783782958984,2005,0,0,1,1,.0934047457707952,0,.0346197800573277,0,.0554538727542891,0,.0075025529199704,0,.0934047457707952,0,.0126370623604024,0
South Africa,ZAF,2005,.4118708038330078,.2963699913024903,.2963699913024903,ZAF,.0116610639667958,.0034559894264171,-.0216263149664321,-.0181703255400151,-.0181703255400151,0,0,-.0531099891662598,2007,.3674346542358398,2006,0,0,1,1,.0930549773133657,0,.0341491646668206,0,.0551041042968596,0,.0058913568800826,0,.0930549773133657,0,.009948806678131,0
South Africa,ZAF,2006,.4066522979736328,.2803000068664551,.2803000068664551,ZAF,.0084741767073429,.0023753117892558,-.0229221295418314,-.0205468177525756,-.0205468177525756,0,0,-.0398500061035156,2008,.3630474853515625,2007,0,0,1,1,.0954314695259262,0,.0350648290084768,0,.0574805965094201,0,.0055157008343619,0,.0954314695259262,0,.009157376019963,0
South Africa,ZAF,2007,.4072103118896485,.2432600021362305,.2432600021362305,ZAF,.0014570816226505,.0003544496786386,-.0227835683166198,-.0224291186379812,-.0224291186379812,0,0,.0266900062561035,2009,.3614057922363281,2008,0,0,1,1,.0973137704113318,0,.0353295196379133,0,.0593628973948257,0,.0050881162783884,0,.0973137704113318,0,.008340963818663,0
South Africa,ZAF,2008,.4076983261108398,.2404500007629395,.2404500007629395,ZAF,.0009363664356806,.0002251493101738,-.0226623888146967,-.0224372395045229,-.0224372395045229,0,0,.0713999938964844,2010,.361562614440918,2009,0,0,1,1,.0973218912778736,0,.0351726952192177,0,.0593710182613674,0,.0047411204238829,0,.0973218912778736,0,.0077717179179438,0
South Africa,ZAF,2009,.4074338912963867,.269950008392334,.269950008392334,ZAF,.0065297328369309,.0017627014341292,-.0227280509977133,-.0209653495635841,-.0209653495635841,0,0,.0774699974060059,2011,.3511784362792969,2010,0,0,1,1,.0958500013369347,0,.0346557770775476,0,.0578991283204286,0,.0049794710290712,0,.0958500013369347,0,.0082433418021822,0
South Africa,ZAF,2010,.406422004699707,.3118499946594238,.3118499946594238,ZAF,.0144576011765852,.0045086028497062,-.022979313990601,-.0184707111408949,-.0184707111408949,0,0,.0622300148010254,2012,.3503244781494141,2011,0,0,1,1,.0933553629142455,0,.032784390366511,0,.0554044898977393,0,.005185595875017,0,.0933553629142455,0,.0087376164952036,0
South Africa,ZAF,2011,.4038228988647461,.3474200057983399,.3474200057983399,ZAF,.0211423739980717,.0073452836970007,-.0236247016388485,-.0162794179418478,-.0162794179418478,0,0,.0561399841308594,2013,.3508747100830078,2012,0,0,1,1,.0911640697151984,0,.0319370051489537,0,.0532131966986923,0,.0050255087265626,0,.0911640697151984,0,.008609627993162,0
South Africa,ZAF,2012,.4011592864990234,.3740800094604492,.3740800094604492,ZAF,.0261339923209456,.0097762040946586,-.0242861069950419,-.0145099029003832,-.0145099029003832,0,0,.0584499740600586,2014,.3640643310546875,2013,0,0,1,1,.0893945546737338,0,.0313662884541459,0,.0514436816572277,0,.0051152757691908,0,.0893945546737338,0,.0088889011184507,0
South Africa,ZAF,2013,.401917610168457,.4035599899291992,.4035599899291992,ZAF,.0317502442223587,.0128131282386247,-.024097806571472,-.0112846783328473,-.0112846783328473,0,0,.0483900070190429,2015,.371119270324707,2014,0,0,1,1,.0861693301061979,0,.0313711795225435,0,.0482184570896918,0,.005121499515093,0,.0861693301061979,0,.0091524326780902,0
South Africa,ZAF,2014,.3993523025512695,.4325299835205078,.4325299835205078,ZAF,.0371829549837878,.0160827429063815,-.0247348017364314,-.0086520588300499,-.0086520588300499,0,0,.0388100051879883,2016,.3626677322387695,2015,0,0,1,1,.0835367106034005,0,.0310020830844602,0,.0455858375868944,0,.0049669623937841,0,.0835367106034005,0,.0091020308506255,0
South Africa,ZAF,2015,.3980145263671875,.4519499969482422,.4519499969482422,ZAF,.0408347330729711,.0184552574877116,-.0250669868339802,-.0066117293462686,-.0066117293462686,0,0,.0339300155639649,2017,.3815787506103516,2016,0,0,1,1,.0814963811196192,0,.0295561077263188,0,.0435455081031131,0,.004953956031676,0,.0814963811196192,0,.0092714382354042,0
South Africa,ZAF,2016,.3963981628417969,.4713399887084961,.4713399887084961,ZAF,.0444735425186646,.0209621590285742,-.0254683483485183,-.0045061893199441,-.0045061893199441,0,0,.0440200042724609,2018,.3641996765136719,2017,0,0,1,1,.0793908410932947,0,.0302938579542844,0,.0414399680767886,0,.0049188597453104,0,.0793908410932947,0,.0094235693347185,0
South Africa,ZAF,2017,.3957162857055664,.485880012512207,.485880012512207,ZAF,.0472160206220916,.0229413206906385,-.0256376662252381,-.0026963455345996,-.0026963455345996,0,0,.0751300048828125,2019,.3582564163208008,2018,0,0,1,1,.0775809973079502,0,.0282549741231635,0,.0396301242914441,0,.0049898012025226,0,.0775809973079502,0,.0097681690527447,0
South Africa,ZAF,2018,.3975391769409179,.515359992980957,.515359992980957,ZAF,.0528600509189406,.0272419554705583,-.0251850215227525,.0020569339478058,.0020569339478058,0,0,.173910026550293,2020,.3583296203613281,2019,0,0,1,1,.0728277178255448,0,.0260909971970022,0,.0348768448090387,0,.0044605927755843,0,.0728277178255448,0,.0093143400377412,0
South Africa,ZAF,2019,.3971746063232422,.5610100173950195,.5610100173950195,ZAF,.0615167153959402,.0345114935743609,-.0252755485687838,.009235945005577,.009235945005577,0,0,.1271799850463867,2021,.35551025390625,2020,0,0,1,1,.0656487067677736,0,.0235238761733085,0,.0276978337512675,0,.0037523924602497,0,.0656487067677736,0,.0088938259400616,0
South Africa,ZAF,2020,.3964806365966797,.68927001953125,.68927001953125,ZAF,.0858474208538641,.0591720534486503,-.0254478691737229,.0337241842749274,.0337241842749274,0,0,.0178799438476562,2022,.3610040664672852,2021,0,0,1,1,.0411604674984232,0,.0146329682512644,0,.0032095944819171,0,.0005245736077724,0,.0411604674984232,0,.0067272345633988,0
South Africa,ZAF,2021,.3961592102050781,.6881900024414063,.6881900024414063,ZAF,.0856340037881555,.0589324652760382,-.0255276830159182,.03340478226012,.03340478226012,0,0,.044010009765625,2023,.3554815673828125,2022,0,0,1,1,.0414798695132306,0,.0149744015708086,0,.0035289964967245,0,.000548208801509,0,.0414798695132306,0,.0064436531953784,0
South Africa,ZAF,2022,.3950667190551758,.7071499633789062,.7071499633789062,ZAF,.0892048461148549,.0630812036633406,-.0257989610394917,.0372822426238489,.0372822426238489,0,0,,,.3568257904052735,2023,1,0,0,1,,,,,0,.0003484638670044,0,.0000567472006351,.0376024091495017,0,.0061235372112299,0
South Africa,ZAF,2023,.3946477508544922,.7322000122070312,.7322000122070312,ZAF,.0939494022670908,.0687897534868072,-.0259029956263456,.0428867578604616,.0428867578604616,0,0,,,,,1,1,0,0,,,,,,,,,,,,
Zambia,ZMB,1995,.4960438919067383,,,ZMB,,,-.0007251763414067,,,,,,,.3099197769165039,1996,2,2,0,0,,,,,,,,,,,,
Zambia,ZMB,1996,.4965056610107422,,,ZMB,,,-.0006105138016756,,,,,,,.3120836639404297,1997,2,2,0,0,,,,,,,,,,,,
Zambia,ZMB,1997,.4957125473022461,,,ZMB,,,-.0008074529890815,,,,,,,.3142546272277832,1998,2,2,0,0,,,,,,,,,,,,
Zambia,ZMB,1998,.4984552383422852,,,ZMB,,,-.000126411495353,,,,,,,.3149808120727539,1999,2,2,0,0,,,,,,,,,,,,
Zambia,ZMB,1999,.4981036758422852,,,ZMB,,,-.0002137084772747,,,,,,,.3158420753479004,2000,2,2,0,0,,,,,,,,,,,,
Zambia,ZMB,2000,.4987039947509765,2.609639892578125,2.609639892578125,ZMB,.4530768365699686,1.182367387116089,-.0000646424394599,1.182302744676629,1.182302744676629,0,0,-.8071998596191403,2002,.3166969871520996,2001,0,0,1,1,0,1.107418092903279,0,.3497692287403855,0,1.145368965919785,0,.1390540553253471,0,1.107418092903279,0,.1344466118262607
Zambia,ZMB,2001,.4992551040649414,2.102429962158203,2.102429962158203,ZMB,.3568027415688546,.7501527744545501,.0000722042942447,.7502249787487948,.7502249787487948,0,0,-.5078500366210938,2003,.3174555778503418,2002,0,0,1,1,0,.6753403269754442,0,.213878246855437,0,.7132911999919503,0,.0722663854087456,0,.6753403269754442,0,.0684214306188363
Zambia,ZMB,2002,.5191326141357422,1.802440032958984,1.802440032958984,ZMB,.3003714815729812,.5414015831463432,.0050080169514473,.5464096000977905,.5464096000977905,0,0,-.5033000183105469,2004,.3319343948364258,2003,0,0,1,1,0,.4715249483244399,0,.1496882249411876,0,.509475821340946,0,.0789873029773821,0,.4715249483244399,0,.073103535819755
Zambia,ZMB,2003,.5170325088500977,1.594579925537109,1.594579925537109,ZMB,.2608566251176159,.4159567378559096,.004486536835808,.4204432746917176,.4204432746917176,0,0,-.8370999145507813,2005,.3148714447021485,2004,0,0,1,1,0,.345558622918367,0,.1147027923789168,0,.3835094959348731,0,.0595338386208572,0,.345558622918367,0,.0536425603770742
Zambia,ZMB,2004,.5110336303710937,1.299140014648438,1.299140014648438,ZMB,.20461393026994,.2658221443681642,.0029969468308112,.2688190911989755,.2688190911989755,0,0,-1.049080009460449,2006,.3043312835693359,2005,0,0,1,1,0,.1939344394256249,0,.0610644171194478,0,.231885312442131,0,.0337151690025799,0,.1939344394256249,0,.0281972684332359
Zambia,ZMB,2005,.5068035888671875,.7574800109863281,.7574800109863281,ZMB,.1016750934567923,.077016850908687,.0019465792384364,.0789634301471234,.0789634301471234,0,0,-.5382700157165528,2007,.3007218933105469,2006,0,0,1,1,0,.0040787783737728,0,.0012412998578851,0,.0420296513902789,0,.0048667233596115,0,.0040787783737728,0,.0004722924253164
Zambia,ZMB,2006,.5065764236450195,.2500600051879883,.2500600051879883,ZMB,.0053408098716752,.0013355229442192,.0018901715206258,.0032256944648449,.0032256944648449,0,0,-.0581400108337402,2008,.3065659523010254,2007,0,0,1,1,.0716589573085057,0,.0215494173144735,0,.0337080842919996,0,.0015010430370442,0,.0716589573085057,0,.0031910202305774,0
Zambia,ZMB,2007,.5066712951660156,.2192099952697754,.2192099952697754,ZMB,-.0005132647939966,-.0001125127730641,.0019137292022706,.0018012164292065,.0018012164292065,0,0,-.0139900016784668,2009,.3133738899230957,2008,0,0,1,1,.0730834353441441,0,.022404892953708,0,.035132562327638,0,.0025652760192023,0,.0730834353441441,0,.0053363367676081,0
Zambia,ZMB,2008,.5052599716186523,.1919199943542481,.1919199943542481,ZMB,-.0057308112046522,-.0010998572540421,.001563281454858,.0004634242008159,.0004634242008159,0,0,-.0029399871826172,2010,.311440544128418,2009,0,0,1,1,.0744212275725347,0,.0233216695772571,0,.0364703545560286,0,.0027483780125872,0,.0744212275725347,0,.0056083267634778,0
Zambia,ZMB,2009,.5056945037841797,.2052199935913086,.2052199935913086,ZMB,-.0031946076020518,-.0006555973516198,.001671180751849,.0010155834002292,.0010155834002292,0,0,.0028600120544434,2011,.3042050170898438,2010,0,0,1,1,.0738690683731214,0,.0230058228483842,0,.0359181953566153,0,.00304449468666,0,.0738690683731214,0,.0062612830053856,0
Zambia,ZMB,2010,.505610466003418,.1889800071716309,.1889800071716309,ZMB,-.0062797912185887,-.0011867549895252,.0016503132115742,.0004635582220489,.0004635582220489,0,0,.0602199935913086,2012,.311530818939209,2011,0,0,1,1,.0744210935513017,0,.0226392700356186,0,.0364702205347956,0,.00328684551446,0,.0744210935513017,0,.0067071334895529,0
Zambia,ZMB,2011,.5028678894042968,.208080005645752,.208080005645752,ZMB,-.0027254208993393,-.0005671055961216,.000969300134832,.0004021945387104,.0004021945387104,0,0,.0510099983215332,2013,.3178257369995117,2012,0,0,1,1,.0744824572346402,0,.0232035808989121,0,.0365315842181341,0,.0019538138339992,0,.0744824572346402,0,.0039835353010247,0
Zambia,ZMB,2012,.5015525436401367,.2492000007629395,.2492000007629395,ZMB,.0050464559760488,.0012575768330815,.0006426847665985,.00190026159968,.00190026159968,0,0,.0893699836730957,2014,.3181837272644043,2013,0,0,1,1,.0729843901736706,0,.0231963175964068,0,.0350335171571645,0,.0024792373628766,0,.0729843901736706,0,.0051649289511407,0
Zambia,ZMB,2013,.4994434356689453,.2590900039672852,.2590900039672852,ZMB,.0068689349479759,.0017796723829221,.0001189691813701,.0018986415642922,.0018986415642922,0,0,.3595999908447265,2015,.3300201797485351,2014,0,0,1,1,.0729860102090584,0,.0232229607664761,0,.0350351371925523,0,.0029293660263916,0,.0729860102090584,0,.0061025232335536,0
Zambia,ZMB,2014,.4977223968505859,.3385699844360351,.3385699844360351,ZMB,.021912465957344,.0074189032581331,-.0003083844033062,.0071105188548269,.0071105188548269,0,0,.2729700088500977,2016,.3182495880126953,2015,0,0,1,1,.0677741329185237,0,.0223668315280723,0,.0298232599020176,0,.0035071332362908,0,.0677741329185237,0,.0079700513927809,0
Zambia,ZMB,2015,.4972091293334961,.6186899948120117,.6186899948120117,ZMB,.0750769133739418,.0464493351458259,-.0004358345868734,.0460135005589525,.0460135005589525,0,0,.0473700332641602,2017,.3333133316040039,2016,0,0,1,1,.0288711512143981,0,.0091882319794344,0,0,.009079721802108,0,.0013781634248913,.0288711512143981,0,.0043822008543205,0
Zambia,ZMB,2016,.4969881057739258,.6115399932861328,.6115399932861328,ZMB,.0737137934185739,.0450789327322901,-.0004907172597525,.0445882154725375,.0445882154725375,0,0,.2001100158691406,2018,.3319717025756836,2017,0,0,1,1,.0302964363008131,0,.0100982061191525,0,0,.007654436715693,0,.0014467753781591,.0302964363008131,0,.0057263701711868,0
Zambia,ZMB,2017,.4953871154785156,.6660600280761719,.6660600280761719,ZMB,.0840220735226454,.0559637446495114,-.0008882614257974,.055075483223714,.055075483223714,0,0,.3672599792480469,2019,.3325689315795898,2018,0,0,1,1,.0198091685496366,0,.0065760834100315,0,0,.0181417044668695,0,.0041422262090283,.0198091685496366,0,.0045229519252291,0
Zambia,ZMB,2018,.494953498840332,.8116500091552734,.8116500091552734,ZMB,.1116494869240857,.0906203070841157,-.000995933386898,.0896243736972177,.0896243736972177,0,0,.5883600616455078,2020,.3249271774291992,2019,0,0,1,1,0,.0147397219238671,0,.0049019735720007,0,.0526905949403732,0,.0129176588093262,0,.0147397219238671,0,.0036135993334736
Zambia,ZMB,2019,.489835319519043,1.033320007324219,1.033320007324219,ZMB,.1535976550219696,.1587155300122845,-.0022668357376386,.1564486942746459,.1564486942746459,0,0,.0771499633789061,2021,.3189572906494141,2020,0,0,1,1,0,.0815640425012953,0,.0265023741096611,0,.1195149155178014,0,.0404569687761019,0,.0815640425012953,0,.0276102267773938
Zambia,ZMB,2020,.4884543991088867,1.400010070800781,1.400010070800781,ZMB,.2231738771402881,.3124456755360596,-.0026097340390235,.3098359414970361,.3098359414970361,0,0,-.4052500915527344,2022,.3252793502807617,2021,0,0,1,1,0,.2349512897236855,0,.0749394268048523,0,.2729021627401916,0,.0799667444018633,0,.2349512897236855,0,.0688462471076454
Zambia,ZMB,2021,.4881558609008789,1.110469970703125,1.110469970703125,ZMB,.1681999417480508,.1867809843852253,-.0026838644839582,.184097119901267,.184097119901267,0,0,.1801100158691407,2023,.3337459564208984,2022,0,0,1,1,0,.1092124681279164,0,.0355245606752071,0,.1471633411444225,0,.0400260075438374,0,.1092124681279164,0,.0297039944810655
Zambia,ZMB,2022,.4864089965820312,.9947599792480468,.9947599792480468,ZMB,.1461880338036299,.1454220054728116,-.0031176308352101,.1423043746376015,.1423043746376015,0,0,,,.3353751754760742,2023,1,0,0,1,,,,,0,.105370595880757,0,.0322320394192275,0,.0674197228642509,0,.020623164810163
Zambia,ZMB,2023,.4845816421508789,1.290579986572266,1.290579986572266,ZMB,.2022986714097021,.2610826166315205,-.0035713838001615,.257511232831359,.257511232831359,0,0,,,,,1,1,0,0,,,,,,,,,,,,
